,,Glenn Allen Youngkin,Terence Richard McAuliffe,Princess Latece Teira Blanding,Write-Ins,Total Votes Cast,Undervotes
,,Republican,Democratic,Liberation,,,
State,Virginia,1663158,1599470,23107,2592,3288327,0
Locality,Accomack County,7878,4948,67,4,12897,0
Precinct,##ev - Central Absentee Precinct,1708,2230,12,0,3950,0
Precinct,##pe - Central Absentee Precinct,14,16,0,0,30,0
Precinct,101 - Chincoteague,983,326,8,1,1318,0
Precinct,201 - Atlantic,418,62,2,0,482,0
Precinct,202 - Greenbackville,687,151,3,0,841,0
Precinct,301 - New Church,424,218,6,0,648,0
Precinct,401 - Bloxom,282,65,1,0,348,0
Precinct,402 - Parksley,370,100,0,0,470,0
Precinct,403 - Saxis,129,21,1,0,151,0
Precinct,501 - Mappsville,158,112,5,1,276,0
Precinct,502 - Rue,88,115,3,0,206,0
Precinct,601 - Accomac,399,146,4,1,550,0
Precinct,602 - Tangier,154,11,1,1,167,0
Precinct,701 - Nandua,530,222,3,0,755,0
Precinct,801 - Bobtown,273,101,0,0,374,0
Precinct,802 - Melfa,305,152,5,0,462,0
Precinct,803 - Wachapreague,277,67,1,0,345,0
Precinct,901 - Painter,483,397,4,0,884,0
Precinct,Ab - Central Absentee Precinct,195,436,8,0,639,0
Precinct,Provisional,1,0,0,0,1,0
Locality,Albemarle County,19141,31919,347,36,51443,0
Precinct,##ev - Central Absentee Precinct,4154,9319,49,7,13529,0
Precinct,##pe - Central Absentee Precinct,89,343,5,0,437,0
Precinct,101 - Woodbrook,493,775,15,1,1284,0
Precinct,103 - Branchlands,122,249,5,1,377,0
Precinct,104 - Agnor-hurt,270,591,9,3,873,0
Precinct,105 - Dunlora,408,922,6,0,1336,0
Precinct,106 - Northside,772,815,10,1,1598,0
Precinct,201 - Jack Jouett,579,671,10,1,1261,0
Precinct,202 - University,149,491,11,1,652,0
Precinct,203 - Georgetown,281,688,11,2,982,0
Precinct,301 - Ivy,730,1079,6,1,1816,0
Precinct,302 - Red Hill,658,674,9,2,1343,0
Precinct,304 - East Ivy,179,251,1,0,431,0
Precinct,305 - Country Green,380,559,10,0,949,0
Precinct,306 - Porters,395,392,11,0,798,0
Precinct,307 - Yellow Mountain,188,183,9,0,380,0
Precinct,401 - Scottsville,545,274,3,0,822,0
Precinct,402 - Monticello,447,240,5,1,693,0
Precinct,405 - Mountain View,338,815,10,1,1164,0
Precinct,406 - Stone Robinson,776,490,6,0,1272,0
Precinct,407 - Biscuit Run,177,369,12,0,558,0
Precinct,501 - Keswick,347,346,2,1,696,0
Precinct,502 - Stony Point,451,351,5,0,807,0
Precinct,503 - Hollymead,521,745,10,3,1279,0
Precinct,504 - Free Bridge,289,508,5,0,802,0
Precinct,506 - Baker-butler,752,764,12,0,1528,0
Precinct,507 - Pantops,396,503,4,1,904,0
Precinct,601 - Crozet,758,789,12,0,1559,0
Precinct,602 - Free Union,458,350,1,0,809,0
Precinct,603 - Earlysville,893,755,8,0,1656,0
Precinct,604 - Brownsville,575,718,12,2,1307,0
Precinct,606 - Mechums River,682,906,5,2,1595,0
Precinct,Ab - Central Absentee Precinct,857,4880,56,5,5798,0
Precinct,Provisional,32,114,2,0,148,0
Locality,Alexandria City,14013,43866,385,66,58330,0
Precinct,##ev - Central Absentee Precinct,3630,12940,65,12,16647,0
Precinct,##pe - Central Absentee Precinct,110,678,14,2,804,0
Precinct,101 - Ladrey Senior Building,277,416,3,0,696,0
Precinct,102 - City Hall,331,413,2,1,747,0
Precinct,103 - Lyles Crouch School,446,784,8,0,1238,0
Precinct,104 - Durant Center,269,708,8,3,988,0
Precinct,105 - Lee Center,237,547,5,1,790,0
Precinct,106 - Cora Kelly,339,1091,13,2,1445,0
Precinct,107 - Mt Vernon Recreation Center,372,1507,7,3,1889,0
Precinct,108 - George Washington Middle Sch,344,1344,17,0,1705,0
Precinct,109 - Fire Department Headquarters,305,695,5,1,1006,0
Precinct,110 - Charles Houston Center,276,946,11,2,1235,0
Precinct,111 - Potomac Yard,173,458,4,2,637,0
Precinct,112 - Alex Renew,207,502,4,1,714,0
Precinct,201 - Naomi L. Brooks School,340,959,5,2,1306,0
Precinct,202 - George Mason School,441,855,7,3,1306,0
Precinct,203 - Charles Barrett Center,308,904,7,2,1221,0
Precinct,204 - Blessed Sacrament Church,408,884,3,1,1296,0
Precinct,205 - Douglas Macarthur School,394,804,9,2,1209,0
Precinct,206 - Chinquapin Park Recreation Ctr,285,671,2,1,959,0
Precinct,207 - Temple Beth El Synagogue,481,922,10,1,1414,0
Precinct,208 - Nova Arts Center,346,923,8,0,1277,0
Precinct,209 - James K Polk School,298,993,6,2,1299,0
Precinct,210 - The Hermitage,184,352,3,0,539,0
Precinct,302 - Patrick Henry Rec Center,202,635,6,4,847,0
Precinct,303 - Charles E Beatley Library,200,575,8,2,785,0
Precinct,304 - Samuel Tucker School,215,660,15,2,892,0
Precinct,305 - John Adams School,255,713,5,2,975,0
Precinct,306 - William Ramsay School,266,826,15,1,1108,0
Precinct,307 - South Port,287,758,15,3,1063,0
Precinct,308 - Cameron Station Community Ctr,448,887,10,1,1346,0
Precinct,309 - Olympus Condo,165,554,8,1,728,0
Precinct,Ab - Central Absentee Precinct,1118,6769,74,6,7967,0
Precinct,Provisional,56,193,3,0,252,0
Locality,Alleghany County,4530,1518,26,5,6079,0
Precinct,##ev - Central Absentee Precinct,396,253,3,0,652,0
Precinct,##pe - Central Absentee Precinct,1,1,0,0,2,0
Precinct,101 - Arritt,461,77,3,0,541,0
Precinct,103 - Dameron,181,23,1,0,205,0
Precinct,201 - Humpback Bridge,260,45,1,0,306,0
Precinct,202 - Dolly Ann,321,65,1,3,390,0
Precinct,301 - Callaghan,294,29,1,0,324,0
Precinct,302 - Griffith,442,105,1,0,548,0
Precinct,401 - Low Moor,295,67,0,0,362,0
Precinct,402 - Jackson Heights,359,82,0,0,441,0
Precinct,501 - Iron Gate,147,59,2,0,208,0
Precinct,502 - Peters Switch,530,106,2,2,640,0
Precinct,601 - District 1,462,228,1,0,691,0
Precinct,701 - District 2,274,175,5,0,454,0
Precinct,Ab - Central Absentee Precinct,107,203,5,0,315,0
Precinct,Provisional,0,0,0,0,0,0
Locality,Amelia County,4720,1617,23,2,6362,0
Precinct,##ev - Central Absentee Precinct,1372,590,4,1,1967,0
Precinct,##pe - Central Absentee Precinct,5,6,2,0,13,0
Precinct,101 - Number One,601,139,1,0,741,0
Precinct,201 - Number Two,673,185,1,0,859,0
Precinct,301 - Number Three,644,146,5,0,795,0
Precinct,401 - Number Four,586,123,2,0,711,0
Precinct,501 - Number Five,737,269,7,1,1014,0
Precinct,Ab - Central Absentee Precinct,101,156,1,0,258,0
Precinct,Provisional,1,3,0,0,4,0
Locality,Amherst County,9731,3897,72,6,13706,0
Precinct,##ev - Central Absentee Precinct,1996,1036,7,1,3040,0
Precinct,##pe - Central Absentee Precinct,4,8,0,0,12,0
Precinct,101 - Wright Shop,391,276,3,0,670,0
Precinct,102 - New Glasgow,668,162,3,0,833,0
Precinct,103 - Coolwell,395,70,3,1,469,0
Precinct,201 - Court House,857,344,8,0,1209,0
Precinct,202 - Temperance,510,107,1,0,618,0
Precinct,301 - Monroe,481,123,7,0,611,0
Precinct,302 - Elon,1231,275,8,0,1514,0
Precinct,303 - Pleasant View,305,63,2,0,370,0
Precinct,401 - Amelon,1102,327,8,1,1438,0
Precinct,402 - Lonco,326,81,1,0,408,0
Precinct,501 - Madison,1092,430,8,0,1530,0
Precinct,AB - Central Absentee Precinct,370,594,11,3,978,0
Precinct,Provisional,3,1,2,0,6,0
Locality,Appomattox County,5971,1438,26,5,7440,0
Precinct,##ev - Central Absentee Precinct,1490,443,6,1,1940,0
Precinct,##pe - Central Absentee Precinct,2,5,0,0,7,0
Precinct,101 - Vera,347,45,2,1,395,0
Precinct,102 - Pamplin,544,129,0,0,673,0
Precinct,201 - Chap,204,57,0,0,261,0
Precinct,202 - Spout Spring,789,68,4,0,861,0
Precinct,301 - Us 460,498,68,3,1,570,0
Precinct,302 - Stonewall,558,117,1,0,676,0
Precinct,401 - Courthouse,644,137,2,0,783,0
Precinct,501 - Oakville,562,166,2,1,731,0
Precinct,502 - Agee,223,58,0,0,281,0
Precinct,Ab - Central Absentee Precinct,109,145,5,1,260,0
Precinct,Provisional,1,0,1,0,2,0
Locality,Arlington County,21548,73013,554,116,95231,0
Precinct,##ev - Central Absentee Precinct,4901,22713,105,24,27743,0
Precinct,##pe - Central Absentee Precinct,160,800,14,0,974,0
Precinct,1 - Arlington,224,682,8,3,917,0
Precinct,2 - Ashton Heights,305,790,7,0,1102,0
Precinct,3 - Aurora Hills,268,491,0,1,760,0
Precinct,4 - Ballston,318,870,5,1,1194,0
Precinct,5 - Barcroft,292,810,6,1,1109,0
Precinct,6 - Crystal City,245,578,8,1,832,0
Precinct,7 - Cherrydale,329,786,6,3,1124,0
Precinct,8 - Hume,348,951,11,5,1315,0
Precinct,9 - Columbia,313,870,10,3,1196,0
Precinct,10 - Wilson,299,732,9,1,1041,0
Precinct,11 - East Falls Church,267,644,3,0,914,0
Precinct,12 - Fairlington,348,944,11,0,1303,0
Precinct,13 - Glen Carlyn,230,559,6,2,797,0
Precinct,14 - Clarendon,199,547,4,0,750,0
Precinct,15 - Lyon Park,179,456,4,1,640,0
Precinct,16 - Lyon Village,304,728,4,5,1041,0
Precinct,17 - Overlee Knolls,389,911,2,5,1307,0
Precinct,18 - Park Lane,376,879,11,2,1268,0
Precinct,19 - Rosslyn,284,696,8,1,989,0
Precinct,20 - Thrifton,334,562,3,1,900,0
Precinct,21 - Virginia Highlands,178,450,2,0,630,0
Precinct,22 - Abingdon,295,873,9,4,1181,0
Precinct,23 - Westover,300,890,3,4,1197,0
Precinct,24 - Woodlawn,359,1033,8,1,1401,0
Precinct,25 - Arlington Forest,276,750,6,1,1033,0
Precinct,26 - Fillmore,301,893,13,0,1207,0
Precinct,27 - Jefferson,291,845,9,0,1145,0
Precinct,28 - Wakefield,281,888,5,2,1176,0
Precinct,29 - Dominion Hills,307,823,5,0,1135,0
Precinct,30 - Glebe,222,747,2,0,971,0
Precinct,31 - Lexington,329,911,3,3,1246,0
Precinct,32 - Oakridge,179,293,4,0,476,0
Precinct,33 - Rock Spring,430,670,3,0,1103,0
Precinct,34 - Yorktown,347,725,2,1,1075,0
Precinct,35 - Madison,434,552,1,2,989,0
Precinct,36 - Marshall,351,738,14,2,1105,0
Precinct,37 - Nottingham,356,749,3,1,1109,0
Precinct,38 - Arlington View,189,631,17,2,839,0
Precinct,39 - Ashlawn,174,502,2,1,679,0
Precinct,40 - Virginia Square,373,859,8,1,1241,0
Precinct,41 - Navy League,207,529,4,2,742,0
Precinct,42 - Shirlington,189,604,5,0,798,0
Precinct,43 - Campbell,164,578,10,3,755,0
Precinct,44 - Dawson Terrace,170,539,3,3,715,0
Precinct,45 - Buckingham,206,536,5,1,748,0
Precinct,46 - Central,374,852,9,1,1236,0
Precinct,47 - Four Mile Run,169,601,5,0,775,0
Precinct,48 - Ausa,223,446,2,0,671,0
Precinct,49 - Monroe,219,550,0,2,771,0
Precinct,50 - Crystal Plaza,290,643,6,1,940,0
Precinct,51 - Taylor,83,283,1,0,367,0
Precinct,52 - Gunston,184,592,4,0,780,0
Precinct,53 - Met Park,311,870,8,1,1190,0
Precinct,54 - Garfield Park,132,351,2,2,487,0
Precinct,Ab - Central Absentee Precinct,1688,11900,123,15,13726,0
Precinct,Provisional,55,318,3,0,376,0
Locality,Augusta County,26196,7231,170,16,33613,0
Precinct,##ev - Central Absentee Precinct,5941,2297,26,5,8269,0
Precinct,##pe - Central Absentee Precinct,29,33,2,0,64,0
Precinct,101 - Jolivue,454,123,3,0,580,0
Precinct,102 - Stuarts Draft Elementary,563,167,6,1,737,0
Precinct,103 - Verona,794,172,13,0,979,0
Precinct,201 - Crimora,1093,161,7,0,1261,0
Precinct,202 - New Hope,735,116,5,0,856,0
Precinct,203 - Weyers Cave,1009,232,6,2,1249,0
Precinct,301 - Fort Defiance,1187,280,11,0,1478,0
Precinct,302 - North River,463,64,0,0,527,0
Precinct,303 - Mount Solon,726,62,7,0,795,0
Precinct,304 - Churchville Fire Station,537,91,3,0,631,0
Precinct,401 - Buffalo Gap,644,89,7,0,740,0
Precinct,402 - Churchville Elementary,628,87,4,0,719,0
Precinct,403 - Craigsville,535,59,2,0,596,0
Precinct,404 - Deerfield,253,44,2,0,299,0
Precinct,405 - Cedar Green,643,177,2,0,822,0
Precinct,501 - Greenville,1004,157,3,1,1165,0
Precinct,502 - Middlebrook,567,94,3,0,664,0
Precinct,503 - Spottswood,614,93,4,0,711,0
Precinct,504 - White Hill,945,144,5,0,1094,0
Precinct,601 - Sherando,782,137,3,0,922,0
Precinct,602 - Ridgeview,1462,248,7,2,1719,0
Precinct,603 - Lyndhurst,945,238,7,0,1190,0
Precinct,801 - Dooms,777,152,6,0,935,0
Precinct,802 - Fishersville,1130,345,8,2,1485,0
Precinct,803 - Wilson,834,323,7,0,1164,0
Precinct,Ab - Central Absentee Precinct,881,1024,10,3,1918,0
Precinct,Provisional,21,22,1,0,44,0
Locality,Bath County,1539,396,11,1,1947,0
Precinct,##ev - Central Absentee Precinct,175,86,1,0,262,0
Precinct,##pe - Central Absentee Precinct,5,1,1,0,7,0
Precinct,101 - Warm Springs,210,64,1,1,276,0
Precinct,102 - Mountain Grove,52,9,0,0,61,0
Precinct,201 - Hot Springs,169,54,2,0,225,0
Precinct,301 - Fairview,241,24,1,0,266,0
Precinct,302 - Burnsville,59,7,0,0,66,0
Precinct,401 - Millboro,324,42,3,0,369,0
Precinct,501 - Healing Springs,276,72,1,0,349,0
Precinct,Ab - Central Absentee Precinct,28,37,1,0,66,0
Precinct,Provisional,0,0,0,0,0,0
Locality,Bedford County,30912,8001,145,21,39079,0
Precinct,##ev - Central Absentee Precinct (CD 5),3816,1315,16,0,5147,0
Precinct,##ev - Central Absentee Precinct (CD 6),2598,880,5,1,3484,0
Precinct,##pe - Central Absentee Precinct (CD 5),44,32,0,0,76,0
Precinct,##pe - Central Absentee Precinct (CD 6),35,50,0,0,85,0
Precinct,101 - Goodview Elem School (CD 5),1123,178,5,1,1307,0
Precinct,102 - Hardy Vol Fire Co (CD 5),509,106,2,2,619,0
Precinct,103 - Chamblissburg Baptist Church (CD 5),760,140,9,1,910,0
Precinct,104 - Stewartsville Rescue Squad (CD 5),736,126,2,1,865,0
Precinct,201 - Bedford Christian Church (CD 5),338,57,4,0,399,0
Precinct,202 - Staunton River High School (CD 5),602,91,2,0,695,0
Precinct,203 - Moneta Elem School (CD 5),1008,190,3,1,1202,0
Precinct,204 - Quaker Baptist Church (CD 5),365,59,4,0,428,0
Precinct,205 - Saunders Vol Fire Co (CD 5),850,193,4,1,1048,0
Precinct,301 - New London Academy (CD 6),1105,151,4,2,1262,0
Precinct,302 - Bedford Regional Water Auth (CD 5),559,99,2,2,662,0
Precinct,303 - Bethesda United Methodist Church (CD 5),477,68,2,0,547,0
Precinct,304 - Riverside Church (CD 6),463,95,1,0,559,0
Precinct,305 - Huddleston Elem School (CD 5),401,61,1,1,464,0
Precinct,306 - Forest Fire Station #2 (CD 6),658,68,2,0,728,0
Precinct,401 - Forest Elementary School (CD 6),1211,234,5,1,1451,0
Precinct,402 - Thomas Jefferson Elem School (CD 6),601,158,8,0,767,0
Precinct,403 - Knights Of Columbus Bldg (CD 6),1367,302,6,1,1676,0
Precinct,404 - Forest Recreation Center (CD 6),1003,148,2,2,1155,0
Precinct,502 - Big Island Elem School (CD 6),312,58,2,0,372,0
Precinct,503 - Sedalia Center (CD 6),422,65,4,1,492,0
Precinct,504 - Suck Springs Baptist Church (CD 6),567,88,0,0,655,0
Precinct,505 - Boonsboro Elementary School (CD 6),948,333,6,0,1287,0
Precinct,506 - Boonsboro Ruritan Club (CD 6),1550,322,1,0,1873,0
Precinct,601 - Montvale Elem School (CD 6),775,116,2,1,894,0
Precinct,602 - Shady Grove Fire Department (CD 5),851,132,3,0,986,0
Precinct,603 - Thaxton Baptist Church #1 (CD 5),207,34,0,0,241,0
Precinct,604 - Bedford Welcome Center (CD 5),813,193,5,0,1011,0
Precinct,701 - Goode Vol Rescue Squad (CD 5),1197,157,2,2,1358,0
Precinct,702 - Liberty High School (CD 5),474,70,0,0,544,0
Precinct,703 - Thaxton Baptist Church #2 (CD 5),438,61,2,0,501,0
Precinct,704 - Bedford Central Library (CD 5),736,243,5,0,984,0
Precinct,Ab - Central Absentee Precinct (CD 5),376,629,9,0,1014,0
Precinct,Ab - Central Absentee Precinct (CD 6),581,688,15,0,1284,0
Precinct,Provisional (CD 5),11,4,0,0,15,0
Precinct,Provisional (CD 6),25,7,0,0,32,0
Locality,Bland County,2274,364,12,1,2651,0
Precinct,##ev - Central Absentee Precinct,386,78,2,0,466,0
Precinct,##pe - Central Absentee Precinct,0,0,0,0,0,0
Precinct,101 - Bastian,213,30,0,1,244,0
Precinct,102 - Ceres,257,36,1,0,294,0
Precinct,201 - Davis,73,16,0,0,89,0
Precinct,202 - Seddon,428,49,1,0,478,0
Precinct,301 - Hollybrook,265,20,2,0,287,0
Precinct,302 - Mechanicsburg,136,13,0,0,149,0
Precinct,401 - Rocky Gap,466,59,3,0,528,0
Precinct,Ab - Central Absentee Precinct,50,63,3,0,116,0
Precinct,Provisional,0,0,0,0,0,0
Locality,Botetourt County,13066,3990,61,8,17125,0
Precinct,##ev - Central Absentee Precinct,3182,1414,5,2,4603,0
Precinct,##pe - Central Absentee Precinct,23,17,0,0,40,0
Precinct,101 - Daleville,969,281,4,1,1255,0
Precinct,102 - Greenfield,1082,203,5,1,1291,0
Precinct,201 - Blue Ridge,1059,217,5,0,1281,0
Precinct,202 - Rainbow Forest,1031,230,4,0,1265,0
Precinct,301 - Buchanan,936,157,3,0,1096,0
Precinct,302 - Mill Creek,848,169,7,1,1025,0
Precinct,403 - Eagle Rock,642,104,7,0,753,0
Precinct,406 - Fincastle,1083,197,2,0,1282,0
Precinct,501 - Troutville,671,144,1,1,817,0
Precinct,502 - Cloverdale,1102,306,6,0,1414,0
Precinct,Ab - Central Absentee Precinct,435,551,12,2,1000,0
Precinct,Provisional,3,0,0,0,3,0
Locality,Bristol City,3773,1342,30,2,5147,0
Precinct,##ev - Central Absentee Precinct,807,394,6,1,1208,0
Precinct,##pe - Central Absentee Precinct,6,3,0,0,9,0
Precinct,1 - First Ward,497,111,4,0,612,0
Precinct,2 - Second Ward,674,204,2,0,880,0
Precinct,3 - Third Ward,311,130,4,0,445,0
Precinct,4 - Fourth Ward,1279,200,9,0,1488,0
Precinct,Ab - Central Absentee Precinct,196,298,5,1,500,0
Precinct,Provisional,3,2,0,0,5,0
Locality,Brunswick County,2880,3165,34,5,6084,0
Precinct,##ev - Central Absentee Precinct,679,989,9,1,1678,0
Precinct,##pe - Central Absentee Precinct,1,2,0,0,3,0
Precinct,101 - Brodnax,131,108,3,1,243,0
Precinct,102 - Rock Store,263,101,0,0,364,0
Precinct,103 - Tillman,331,150,0,0,481,0
Precinct,201 - Dromgoole,88,57,0,0,145,0
Precinct,202 - Edgerton,96,200,1,0,297,0
Precinct,203 - Fitzhugh,132,163,2,0,297,0
Precinct,301 - Alberta,58,59,0,0,117,0
Precinct,302 - Danieltown,291,152,4,0,447,0
Precinct,303 - Elmore,118,81,2,0,201,0
Precinct,304 - Seymour,117,89,3,0,209,0
Precinct,401 - Sturgeon,285,263,1,0,549,0
Precinct,402 - King's Store,75,144,0,0,219,0
Precinct,501 - Totaro,120,296,4,2,422,0
Precinct,Ab - Central Absentee Precinct,93,309,5,1,408,0
Precinct,Provisional,2,2,0,0,4,0
Locality,Buchanan County,5083,903,8,6,6000,0
Precinct,##ev - Central Absentee Precinct,626,170,0,1,797,0
Precinct,##pe - Central Absentee Precinct,4,0,0,0,4,0
Precinct,102 - Blackey,235,11,1,0,247,0
Precinct,103 - Hurley,429,39,0,0,468,0
Precinct,201 - Grassy,55,17,0,0,72,0
Precinct,202 - Bull,299,32,0,0,331,0
Precinct,203 - Rocklick,281,29,1,3,314,0
Precinct,301 - Slate,317,51,0,0,368,0
Precinct,302 - North Grundy,266,38,0,0,304,0
Precinct,403 - South Grundy,425,53,1,0,479,0
Precinct,404 - Oakwood,46,11,0,0,57,0
Precinct,501 - Prater,287,57,0,0,344,0
Precinct,502 - Fox,71,21,0,0,92,0
Precinct,503 - Vansant,300,45,0,1,346,0
Precinct,601 - Council,207,27,0,0,234,0
Precinct,602 - Garden,295,46,2,0,343,0
Precinct,603 - Hurricane,170,49,1,0,220,0
Precinct,701 - Whitewood,343,57,0,0,400,0
Precinct,702 - Contrary,288,32,0,1,321,0
Precinct,Ab - Central Absentee Precinct,138,118,2,0,258,0
Precinct,Provisional,1,0,0,0,1,0
Locality,Buckingham County,3894,2222,35,2,6153,0
Precinct,##ev - Central Absentee Precinct,903,722,9,1,1635,0
Precinct,##pe - Central Absentee Precinct,4,4,0,0,8,0
Precinct,101 - New Canton,403,206,4,0,613,0
Precinct,102 - Georgia Creek,137,53,0,0,190,0
Precinct,201 - White Hall,213,126,2,1,342,0
Precinct,301 - Curdsville,315,133,2,0,450,0
Precinct,302 - New Store,293,56,1,0,350,0
Precinct,401 - Maysville,464,156,2,0,622,0
Precinct,501 - Wrights,212,45,1,0,258,0
Precinct,502 - Glenmore,267,130,1,0,398,0
Precinct,601 - Slate River,308,212,2,0,522,0
Precinct,701 - Gold Hill,255,107,4,0,366,0
Precinct,Ab - Central Absentee Precinct,118,269,7,0,394,0
Precinct,Provisional,2,3,0,0,5,0
Locality,Buena Vista City,1459,481,22,1,1963,0
Precinct,##ev - Central Absentee Precinct,388,182,1,0,571,0
Precinct,##pe - Central Absentee Precinct,1,5,0,0,6,0
Precinct,1 - First Ward,590,112,9,1,712,0
Precinct,2 - Second Ward,425,93,7,0,525,0
Precinct,AB - Central Absentee Precinct,54,89,5,0,148,0
Precinct,Provisional,1,0,0,0,1,0
Locality,Campbell County,18213,4930,77,15,23235,0
Precinct,##ev - Central Absentee Precinct,3699,1474,10,5,5188,0
Precinct,##pe - Central Absentee Precinct,7,4,0,0,11,0
Precinct,101 - Brookville,1185,234,6,1,1426,0
Precinct,102 - New London,1248,198,5,0,1451,0
Precinct,201 - Walker,853,203,4,0,1060,0
Precinct,202 - Bedford Springs,1371,215,6,1,1593,0
Precinct,301 - Evington,519,106,6,0,631,0
Precinct,302 - Otter River,440,72,0,0,512,0
Precinct,303 - Altavista,986,329,10,3,1328,0
Precinct,401 - Three Forks,870,101,0,1,972,0
Precinct,402 - Court House,1254,204,4,1,1463,0
Precinct,501 - Spring Hill,1140,219,3,1,1363,0
Precinct,502 - Yellow Branch,702,179,2,0,883,0
Precinct,601 - Kings,723,177,0,0,900,0
Precinct,602 - Concord,1096,212,2,2,1312,0
Precinct,701 - Brookneal,581,140,2,0,723,0
Precinct,702 - Gladys,743,191,1,0,935,0
Precinct,703 - Morris Church,442,84,2,0,528,0
Precinct,AB - Central Absentee Precinct,354,588,14,0,956,0
Precinct,Provisional,0,0,0,0,0,0
Locality,Caroline County,6917,5045,91,8,12061,0
Precinct,##ev - Central Absentee Precinct,1112,1278,15,2,2407,0
Precinct,##pe - Central Absentee Precinct,8,16,0,0,24,0
Precinct,101 - Bowling Green,612,196,2,0,810,0
Precinct,102 - Sparta,520,173,2,1,696,0
Precinct,201 - North Madison,395,297,2,1,695,0
Precinct,202 - South Madison,603,312,12,0,927,0
Precinct,301 - Port Royal,273,152,3,0,428,0
Precinct,302 - Woodford,722,319,5,0,1046,0
Precinct,401 - Dawn,537,481,10,1,1029,0
Precinct,402 - Carmel Church,200,202,2,0,404,0
Precinct,501 - West Mattaponi,347,316,12,0,675,0
Precinct,502 - Milford,397,173,3,0,573,0
Precinct,601 - Chilesburg,568,321,7,1,897,0
Precinct,602 - Lake,411,215,6,0,632,0
Precinct,Ab - Central Absentee Precinct,205,580,10,2,797,0
Precinct,Provisional,7,14,0,0,21,0
Locality,Carroll County,9868,1910,43,4,11825,0
Precinct,##ev - Central Absentee Precinct,1325,425,5,2,1757,0
Precinct,##pe - Central Absentee Precinct,8,8,0,0,16,0
Precinct,101 - Mt Bethel,338,52,2,0,392,0
Precinct,102 - St Paul,510,57,1,0,568,0
Precinct,103 - Lambsburg,300,35,0,0,335,0
Precinct,105 - Fancy Gap,406,76,0,0,482,0
Precinct,201 - Hillsville B,761,143,1,0,905,0
Precinct,202 - Laurel Fork,369,64,3,0,436,0
Precinct,203 - Gladesboro,477,73,2,0,552,0
Precinct,301 - Hillsville C,949,124,7,0,1080,0
Precinct,302 - Sylvatus,423,52,0,0,475,0
Precinct,303 - Dugspur,220,33,1,0,254,0
Precinct,401 - Oakland,808,109,3,1,921,0
Precinct,402 - Woodlawn D,707,72,5,1,785,0
Precinct,406 - Woodlawn F,124,26,1,0,151,0
Precinct,501 - Vaughan,299,32,0,0,331,0
Precinct,502 - Gladeville,733,77,3,0,813,0
Precinct,503 - Woodlawn E,342,46,2,0,390,0
Precinct,504 - Laurel,399,55,0,0,454,0
Precinct,Ab - Central Absentee Precinct,362,348,7,0,717,0
Precinct,Provisional,8,3,0,0,11,0
Locality,Charles City County,1550,1822,15,0,3387,0
Precinct,##ev - Central Absentee Precinct,428,705,2,0,1135,0
Precinct,##pe - Central Absentee Precinct,4,11,0,0,15,0
Precinct,101 - Precinct 1-1,489,295,6,0,790,0
Precinct,201 - Precinct 2-1,269,283,3,0,555,0
Precinct,301 - Precinct 3-1,312,278,2,0,592,0
Precinct,Ab - Central Absentee Precinct,47,244,2,0,293,0
Precinct,Provisional,1,6,0,0,7,0
Locality,Charlotte County,3354,1396,21,3,4774,0
Precinct,##ev - Central Absentee Precinct,665,419,3,0,1087,0
Precinct,##pe - Central Absentee Precinct,3,0,0,0,3,0
Precinct,101 - County Seat,365,117,6,0,488,0
Precinct,201 - Red Oak Wylliesburg,437,147,1,1,586,0
Precinct,302 - Drakes Branch,324,87,2,1,414,0
Precinct,401 - Keysville,444,126,3,0,573,0
Precinct,501 - Cullen/Red House,310,111,1,0,422,0
Precinct,602 - Phenix,497,102,0,0,599,0
Precinct,702 - Bacon/Saxe,245,113,3,1,362,0
Precinct,Ab - Central Absentee Precinct,64,171,2,0,237,0
Precinct,Provisional,0,3,0,0,3,0
Locality,Charlottesville City,2774,14378,173,22,17347,0
Precinct,##ev - Central Absentee Precinct,492,4010,27,2,4531,0
Precinct,##pe - Central Absentee Precinct,20,138,5,1,164,0
Precinct,101 - Key Recreation,255,1042,16,3,1316,0
Precinct,102 - Clark,260,1210,17,4,1491,0
Precinct,201 - Carver,152,950,13,0,1115,0
Precinct,202 - Walker,437,1289,11,2,1739,0
Precinct,301 - Benjamin Tonsler,153,924,17,1,1095,0
Precinct,302 - Johnson,371,1188,23,3,1585,0
Precinct,303 - Buford,98,496,8,2,604,0
Precinct,401 - Venable,90,545,1,0,636,0
Precinct,402 - Alumni Hall,258,678,6,1,943,0
Precinct,Ab - Central Absentee Precinct,180,1859,28,3,2070,0
Precinct,Provisional,8,49,1,0,58,0
Locality,Chesapeake City,48079,42907,654,59,91699,0
Precinct,##ev - Central Absentee Precinct (CD 3),4791,7742,70,5,12608,0
Precinct,##ev - Central Absentee Precinct (CD 4),10563,8270,64,5,18902,0
Precinct,##pe - Central Absentee Precinct (CD 3),66,229,18,0,313,0
Precinct,##pe - Central Absentee Precinct (CD 4),155,247,10,4,416,0
Precinct,1 - Great Bridge (CD 4),623,240,6,2,871,0
Precinct,2 - Bethel (CD 4),989,137,3,0,1129,0
Precinct,3 - Camelot (CD 3),84,560,15,0,659,0
Precinct,4 - Churchland (CD 3),583,225,4,0,812,0
Precinct,5 - Crestwood (CD 3),139,677,9,0,825,0
Precinct,6 - Deep Creek (CD 4),523,358,3,0,884,0
Precinct,7 - Greenbrier (CD 4),501,250,5,0,756,0
Precinct,8 - South Norfolk Recreation (CD 3),567,499,11,0,1077,0
Precinct,9 - Bells Mill (CD 4),1037,303,3,0,1343,0
Precinct,10 - Oscar Smith (CD 3),285,212,4,0,501,0
Precinct,11 - Geneva Park (CD 3),483,252,10,0,745,0
Precinct,12 - Georgetown (CD 3),122,439,7,0,568,0
Precinct,13 - Gilmerton (CD 3),536,378,8,0,922,0
Precinct,14 - Grassfield (CD 4),591,255,6,1,853,0
Precinct,15 - Greenbrier Middle School (CD 3),395,443,11,0,849,0
Precinct,16 - Hickory Grove (CD 4),953,258,11,0,1222,0
Precinct,17 - Indian Creek (CD 4),787,164,11,0,962,0
Precinct,18 - Indian River (CD 3),261,355,15,0,631,0
Precinct,19 - Jolliff (CD 4),490,188,5,0,683,0
Precinct,20 - E W Chittum (CD 4),667,382,7,2,1058,0
Precinct,21 - Fellowship (CD 3),621,376,6,0,1003,0
Precinct,22 - Norfolk Highlands (CD 3),385,204,4,1,594,0
Precinct,23 - Oak Grove (CD 4),470,452,7,0,929,0
Precinct,24 - Oaklette (CD 3),363,332,14,0,709,0
Precinct,25 - St Julians (CD 3),317,404,13,0,734,0
Precinct,26 - Johnson Park (CD 3),190,263,9,1,463,0
Precinct,27 - Silverwood (CD 3),564,321,10,0,895,0
Precinct,28 - Sunray I (CD 4),158,65,0,0,223,0
Precinct,29 - Tanglewood (CD 3),535,199,5,1,740,0
Precinct,30 - South Norfolk (CD 3),23,348,6,2,379,0
Precinct,31 - Carver School (CD 3),166,556,7,5,734,0
Precinct,32 - Providence (CD 3),66,696,9,3,774,0
Precinct,33 - Westover (CD 3),406,190,2,1,599,0
Precinct,34 - Hickory Middle School (CD 4),974,232,2,0,1208,0
Precinct,35 - Taylor Road (CD 3),188,310,4,1,503,0
Precinct,36 - Great Bridge Baptist Church (CD 4),711,234,3,1,949,0
Precinct,37 - Bridgetown (CD 4),701,275,1,1,978,0
Precinct,38 - Bailey Creek (CD 3),650,218,3,0,871,0
Precinct,39 - Lake Drummond (CD 4),456,266,2,0,724,0
Precinct,41 - John T West (CD 4),827,644,24,4,1499,0
Precinct,42 - Parkways (CD 3),285,371,4,0,660,0
Precinct,43 - Pleasant Crossing (CD 4),746,182,7,0,935,0
Precinct,44 - Nansemond (CD 3),358,401,6,1,766,0
Precinct,45 - Sunray II (CD 4),150,175,3,0,328,0
Precinct,46 - Bells Mill II (CD 4),599,336,7,0,942,0
Precinct,48 - Jolliff Middle School (CD 4),121,669,12,1,803,0
Precinct,49 - Waterway (CD 4),457,305,2,0,764,0
Precinct,50 - River Walk (CD 4),467,509,9,2,987,0
Precinct,51 - Coopers Way (CD 4),1176,360,6,2,1544,0
Precinct,52 - Shipyard Road (CD 4),384,354,9,0,747,0
Precinct,53 - Fairways (CD 3),578,512,4,1,1095,0
Precinct,54 - Pughsville (CD 3),224,432,7,2,665,0
Precinct,55 - Georgetown East (CD 3),142,297,9,1,449,0
Precinct,56 - Green Tree (CD 3),344,360,3,2,709,0
Precinct,57 - Cypress (CD 3),332,335,8,1,676,0
Precinct,58 - Expressway (CD 4),123,216,3,0,342,0
Precinct,59 - Clearfield (CD 4),535,426,1,1,963,0
Precinct,60 - Parker Road (CD 4),682,224,2,1,909,0
Precinct,61 - Centerville (CD 4),1011,346,7,1,1365,0
Precinct,62 - Fentress (CD 4),901,304,0,0,1205,0
Precinct,63 - Poplar Branch (CD 4),519,99,4,1,623,0
Precinct,64 - Deep Creek Ii (CD 4),435,340,9,0,784,0
Precinct,65 - Waterway Ii (CD 4),474,292,2,0,768,0
Precinct,AB - Central Absentee Precinct (CD 3),673,2585,50,1,3309,0
Precinct,Ab - Central Absentee Precinct (CD 4),1332,2696,30,1,4059,0
Precinct,Provisional (CD 3),25,68,2,0,95,0
Precinct,Provisional (CD 4),44,65,1,0,110,0
Locality,Chesterfield County,80889,74085,1194,109,156277,0
Precinct,##ev - Central Absentee Precinct (CD 4),8890,6807,57,7,15761,0
Precinct,##ev - Central Absentee Precinct (CD 7),19109,18131,170,18,37428,0
Precinct,##pe - Central Absentee Precinct (CD 4),64,171,6,0,241,0
Precinct,##pe - Central Absentee Precinct (CD 7),218,553,20,0,791,0
Precinct,101 - Bellwood (CD 4),435,365,12,0,812,0
Precinct,102 - South Chester (CD 4),688,482,18,1,1189,0
Precinct,103 - Enon (CD 4),1123,642,11,0,1776,0
Precinct,104 - North Chester (CD 4),876,447,10,3,1336,0
Precinct,105 - Drewrys Bluff (CD 7),317,407,10,0,734,0
Precinct,106 - Harrowgate (CD 4),820,749,18,1,1588,0
Precinct,107 - Wells (CD 4),621,537,11,1,1170,0
Precinct,108 - Ecoff (CD 4),883,484,11,1,1379,0
Precinct,109 - Elizabeth Scott (CD 4),1076,752,8,2,1838,0
Precinct,110 - Dutch Gap (CD 4),580,390,11,0,981,0
Precinct,111 - Iron Bridge (CD 4),480,258,10,0,748,0
Precinct,112 - Carver (CD 4),480,437,2,0,919,0
Precinct,113 - Iron Bridge North (CD 4),423,400,11,1,835,0
Precinct,201 - Gates (CD 4),480,303,8,0,791,0
Precinct,202 - Beulah (CD 7),425,777,23,1,1226,0
Precinct,203 - Bird (CD 4),328,227,9,0,564,0
Precinct,204 - Jacobs (CD 7),395,388,6,0,789,0
Precinct,205 - Falling Creek (CD 7),304,633,7,0,944,0
Precinct,206 - Belmont (CD 7),115,438,11,0,564,0
Precinct,207 - Chippenham (CD 7),114,223,6,0,343,0
Precinct,208 - Meadowbrook (CD 7),255,594,9,0,858,0
Precinct,209 - Salem Church (CD 4),580,374,7,2,963,0
Precinct,210 - Five Forks (CD 7),583,858,16,5,1462,0
Precinct,211 - Nash (CD 4),1004,457,7,1,1469,0
Precinct,212 - St. Luke's (CD 7),401,295,6,2,704,0
Precinct,213 - Southside (CD 7),169,382,9,2,562,0
Precinct,214 - Hopkins (CD 7),27,110,4,0,141,0
Precinct,215 - North Bird (CD 7),170,277,5,0,452,0
Precinct,216 - Ridgedale (CD 7),194,647,8,0,849,0
Precinct,301 - Ettrick (CD 4),251,603,10,3,867,0
Precinct,302 - Deer Run (CD 7),292,158,2,0,452,0
Precinct,303 - Matoaca (CD 4),805,484,8,2,1299,0
Precinct,304 - Winfrees Store (CD 4),779,202,4,0,985,0
Precinct,305 - Beach (CD 4),411,94,3,0,508,0
Precinct,306 - Winterpock (CD 7),1285,331,6,0,1622,0
Precinct,307 - Cosby (CD 7),1368,934,19,4,2325,0
Precinct,308 - South Manchester (CD 7),194,207,4,0,405,0
Precinct,309 - Skinquarter (CD 7),869,432,6,0,1307,0
Precinct,310 - Tomahawk (CD 7),851,575,7,0,1433,0
Precinct,313 - Woolridge (CD 7),1133,722,11,0,1866,0
Precinct,314 - Longhouse (CD 4),531,106,4,1,642,0
Precinct,315 - Bailey Bridge (CD 7),972,324,12,1,1309,0
Precinct,316 - Spring Run (CD 7),820,496,18,1,1335,0
Precinct,317 - Birkdale (CD 7),1009,610,6,1,1626,0
Precinct,318 - West Beach (CD 7),309,155,1,0,465,0
Precinct,319 - Magnolia (CD 7),1340,729,6,1,2076,0
Precinct,401 - Harbour Pointe (CD 7),485,331,4,2,822,0
Precinct,402 - Genito (CD 7),267,243,3,0,513,0
Precinct,403 - Brandermill (CD 7),798,594,17,0,1409,0
Precinct,404 - Providence (CD 7),503,530,13,0,1046,0
Precinct,405 - La Prade (CD 7),560,421,9,1,991,0
Precinct,406 - Smoketree (CD 7),608,434,8,3,1053,0
Precinct,407 - Monacan (CD 7),389,249,7,1,646,0
Precinct,408 - Reams (CD 7),614,713,25,0,1352,0
Precinct,409 - Manchester (CD 7),376,402,6,0,784,0
Precinct,410 - Wagstaff (CD 7),411,346,17,0,774,0
Precinct,411 - Swift Creek (CD 7),723,551,9,1,1284,0
Precinct,412 - Clover Hill (CD 7),682,523,10,1,1216,0
Precinct,413 - Shenandoah (CD 7),571,543,14,0,1128,0
Precinct,414 - Crenshaw (CD 7),1049,721,18,1,1789,0
Precinct,415 - Evergreen (CD 7),656,471,19,0,1146,0
Precinct,416 - Evergreen West (CD 7),466,385,6,0,857,0
Precinct,417 - Edgewater (CD 7),479,357,2,1,839,0
Precinct,501 - Huguenot (CD 7),513,558,17,0,1088,0
Precinct,502 - Crestwood (CD 7),341,358,7,1,707,0
Precinct,503 - Midlothian (CD 7),865,565,7,0,1437,0
Precinct,504 - Robious (CD 7),1143,772,5,3,1923,0
Precinct,505 - Bon Air (CD 7),657,779,19,1,1456,0
Precinct,506 - Greenfield (CD 7),623,756,16,2,1397,0
Precinct,507 - Salisbury (CD 7),1257,758,5,3,2023,0
Precinct,508 - Belgrade (CD 7),602,495,9,2,1108,0
Precinct,509 - Cranbeck (CD 7),389,514,5,0,908,0
Precinct,510 - Sycamore (CD 7),788,530,7,0,1325,0
Precinct,511 - Black Heath (CD 7),670,414,8,2,1094,0
Precinct,513 - Beaufont (CD 7),191,355,10,0,556,0
Precinct,514 - Watkins (CD 7),885,593,15,0,1493,0
Precinct,515 - Davis (CD 7),223,615,18,3,859,0
Precinct,516 - Pocoshock (CD 7),191,414,7,1,613,0
Precinct,517 - Roseland (CD 7),742,433,3,0,1178,0
Precinct,518 - Midlothian North (CD 7),941,524,3,1,1469,0
Precinct,Ab - Central Absentee Precinct (CD 4),1084,2431,42,2,3559,0
Precinct,Ab - Central Absentee Precinct (CD 7),3247,8122,136,15,11520,0
Precinct,Provisional (CD 4),9,23,0,0,32,0
Precinct,Provisional (CD 7),45,105,4,0,154,0
Locality,Clarke County,4642,2739,34,7,7422,0
Precinct,##ev - Central Absentee Precinct,1221,1044,8,0,2273,0
Precinct,##pe - Central Absentee Precinct,12,11,1,0,24,0
Precinct,101 - Russell,726,223,3,1,953,0
Precinct,201 - Berryville,478,271,1,0,750,0
Precinct,301 - Millwood,447,172,4,2,625,0
Precinct,302 - Pine Grove,245,110,5,1,361,0
Precinct,401 - White Post,707,289,6,2,1004,0
Precinct,501 - Buckmarsh,440,194,0,0,634,0
Precinct,502 - Blue Ridge,221,95,5,1,322,0
Precinct,Ab - Central Absentee Precinct,142,326,1,0,469,0
Precinct,Provisional,3,4,0,0,7,0
Locality,Colonial Heights City,4913,1729,53,10,6705,0
Precinct,##EV - Central Absentee Precinct,1965,570,12,2,2549,0
Precinct,##pe - Central Absentee Precinct,3,10,1,0,14,0
Precinct,1 - First,438,151,4,2,595,0
Precinct,2 - Second,479,175,7,1,662,0
Precinct,3 - Third,539,198,8,3,748,0
Precinct,4 - Fourth,550,224,11,1,786,0
Precinct,5 - Fifth,725,201,2,1,929,0
Precinct,Ab - Central Absentee Precinct,213,200,8,0,421,0
Precinct,Provisional,1,0,0,0,1,0
Locality,Covington City,1198,579,16,0,1793,0
Precinct,##pe - Central Absentee Precinct,0,2,0,0,2,0
Precinct,101 - Precinct 1-1,163,66,1,0,230,0
Precinct,201 - Precinct 2-1,193,83,0,0,276,0
Precinct,301 - Precinct 3-1,91,88,3,0,182,0
Precinct,401 - Precinct 4-1,277,75,4,0,356,0
Precinct,501 - Precinct 5-1,300,81,2,0,383,0
Precinct,Ab - Central Absentee Precinct,174,184,6,0,364,0
Precinct,Provisional,0,0,0,0,0,0
Precinct,ev - Central Absentee Precinct,0,0,0,0,0,0
Locality,Craig County,2079,400,17,4,2500,0
Precinct,##ev - Central Absentee Precinct,377,85,4,1,467,0
Precinct,##pe - Central Absentee Precinct,1,0,0,0,1,0
Precinct,101 - Court House,286,41,2,0,329,0
Precinct,201 - Ammendale Precinct,381,42,2,2,427,0
Precinct,301 - Givens & Reynolds Store,224,53,3,0,280,0
Precinct,303 - Marshalls Store,164,34,3,0,201,0
Precinct,401 - Barbours Creek,148,28,2,1,179,0
Precinct,402 - Paint Bank,25,8,0,0,33,0
Precinct,403 - Craig Springs,150,27,0,0,177,0
Precinct,501 - Craig City,278,36,0,0,314,0
Precinct,AB - Central Absentee Precinct,45,46,1,0,92,0
Precinct,Provisional,0,0,0,0,0,0
Locality,Culpeper County,13436,6661,107,10,20214,0
Precinct,##ev - Central Absentee Precinct,2529,2042,15,2,4588,0
Precinct,##pe - Central Absentee Precinct,17,23,0,0,40,0
Precinct,101 - West Fairfax,887,572,14,3,1476,0
Precinct,201 - East Fairfax,670,523,15,0,1208,0
Precinct,302 - Eggbornsville,776,166,4,0,946,0
Precinct,303 - Cardova,612,135,3,0,750,0
Precinct,304 - Willow Shade,188,102,4,0,294,0
Precinct,401 - Eldorado,778,212,1,0,991,0
Precinct,402 - Browns Store,1143,334,6,0,1483,0
Precinct,501 - Jeffersonton,1093,339,6,1,1439,0
Precinct,502 - Rixeyville,996,225,5,0,1226,0
Precinct,601 - Mitchells,166,53,1,0,220,0
Precinct,602 - Pearl Sample,840,296,4,0,1140,0
Precinct,603 - South Ridge,233,132,3,0,368,0
Precinct,702 - Brandy Station,1083,268,2,3,1356,0
Precinct,703 - Lignum,534,135,2,0,671,0
Precinct,704 - Richardsville,371,62,2,0,435,0
Precinct,Ab - Central Absentee Precinct,509,1031,18,1,1559,0
Precinct,Provisional,11,11,2,0,24,0
Locality,Cumberland County,2678,1515,27,5,4225,0
Precinct,##ev - Central Absentee Precinct,491,444,3,2,940,0
Precinct,##pe - Central Absentee Precinct,1,2,0,0,3,0
Precinct,101 - Precinct 1,551,205,4,0,760,0
Precinct,201 - Precinct 2,450,141,3,3,597,0
Precinct,301 - Precinct 3,279,210,2,0,491,0
Precinct,401 - Precinct 4,469,154,4,0,627,0
Precinct,501 - Precinct 5,361,217,4,0,582,0
Precinct,Ab - Central Absentee Precinct,76,141,7,0,224,0
Precinct,Provisional,0,1,0,0,1,0
Locality,Danville City,5907,6872,80,5,12864,0
Precinct,##ev - Central Absentee Precinct,1493,1598,11,1,3103,0
Precinct,##pe - Central Absentee Precinct,12,14,0,0,26,0
Precinct,1 - Ward One,60,153,6,0,219,0
Precinct,2 - Ward Two,110,148,2,1,261,0
Precinct,3 - Ward Three,172,295,5,0,472,0
Precinct,4 - Ward Four,505,454,6,0,965,0
Precinct,6 - Ward Six,55,195,1,0,251,0
Precinct,7 - Ward Seven,85,290,2,0,377,0
Precinct,8 - Ward Eight,151,254,0,0,405,0
Precinct,9 - Ward Nine,222,192,6,0,420,0
Precinct,10 - Ward Ten,283,299,2,2,586,0
Precinct,11 - Ward Eleven,257,416,1,0,674,0
Precinct,12 - Ward Twelve,348,428,5,0,781,0
Precinct,13 - Ward Thirteen,313,386,4,0,703,0
Precinct,14 - Ward Fourteen,9,81,1,0,91,0
Precinct,15 - Ward Fifteen,385,311,5,0,701,0
Precinct,16 - Ward Sixteen,561,316,5,1,883,0
Precinct,17 - Ward Seventeen,537,176,3,0,716,0
Precinct,Ab - Central Absentee Precinct,345,847,15,0,1207,0
Precinct,Provisional,4,19,0,0,23,0
Locality,Dickenson County,3867,934,11,3,4815,0
Precinct,##ev - Central Absentee Precinct,863,353,2,0,1218,0
Precinct,##pe - Central Absentee Precinct,2,4,0,0,6,0
Precinct,101 - South Clintwood,496,73,2,0,571,0
Precinct,201 - Nora,219,32,0,0,251,0
Precinct,202 - Frying Pan,91,13,1,1,106,0
Precinct,203 - Clinchco,274,51,0,0,325,0
Precinct,301 - West Dante,152,6,1,1,160,0
Precinct,302 - Herald,266,21,0,0,287,0
Precinct,303 - Ridge,190,26,1,0,217,0
Precinct,304 - Longs Fork,165,12,0,0,177,0
Precinct,401 - Haysi-colley,493,132,0,0,625,0
Precinct,501 - Tarpon,131,26,1,0,158,0
Precinct,502 - North Clintwood,412,70,0,1,483,0
Precinct,Ab - Central Absentee Precinct,111,112,3,0,226,0
Precinct,Provisional,2,3,0,0,5,0
Locality,Dinwiddie County,7335,4181,59,7,11582,0
Precinct,##ev - Central Absentee Precinct,1860,1345,14,0,3219,0
Precinct,##pe - Central Absentee Precinct,10,18,0,0,28,0
Precinct,101 - White Oak,356,63,1,0,420,0
Precinct,102 - Rocky Run,453,85,1,0,539,0
Precinct,103 - Church Road,768,98,1,0,867,0
Precinct,201 - Rohoic,203,221,5,0,429,0
Precinct,202 - Sutherland,738,309,7,1,1055,0
Precinct,301 - Reams,331,79,0,2,412,0
Precinct,302 - New Hope,416,157,3,0,576,0
Precinct,303 - Little Zion,430,267,4,0,701,0
Precinct,401 - Dinwiddie,539,206,3,1,749,0
Precinct,402 - Mckenney,350,150,1,0,501,0
Precinct,403 - Cherry Hill,219,113,0,1,333,0
Precinct,501 - Edgehill,45,82,2,1,130,0
Precinct,502 - Chesdin,426,553,6,0,985,0
Precinct,Ab - Central Absentee Precinct,190,432,11,1,634,0
Precinct,Provisional,1,3,0,0,4,0
Locality,Emporia City,723,1087,20,2,1832,0
Precinct,##ev - Central Absentee Precinct,141,273,11,0,425,0
Precinct,##pe - Central Absentee Precinct,1,0,0,0,1,0
Precinct,101 - Precinct 1-1,73,143,2,0,218,0
Precinct,201 - Precinct 2-1,8,100,1,0,109,0
Precinct,301 - Precinct 3-1,114,84,3,0,201,0
Precinct,401 - Precinct 4-1,128,114,0,0,242,0
Precinct,501 - Precinct 5-1,7,89,0,2,98,0
Precinct,601 - District 6,157,67,1,0,225,0
Precinct,701 - District 7,53,109,1,0,163,0
Precinct,AB - Central Absentee Precinct,41,107,1,0,149,0
Precinct,Provisional,0,1,0,0,1,0
Locality,Essex County,2684,1980,39,6,4709,0
Precinct,##ev - Central Absentee Precinct,902,786,9,3,1700,0
Precinct,##pe - Central Absentee Precinct,1,3,0,0,4,0
Precinct,101 - Greater Tappahannock,318,251,6,1,576,0
Precinct,201 - North,282,334,7,0,623,0
Precinct,301 - South,632,224,2,0,858,0
Precinct,401 - Central,470,208,11,0,689,0
Precinct,Ab - Central Absentee Precinct,77,172,4,2,255,0
Precinct,Provisional,2,2,0,0,4,0
Locality,Fairfax City,3606,6465,59,12,10142,0
Precinct,##ev - Central Absentee Precinct,1056,2116,11,3,3186,0
Precinct,##pe - Central Absentee Precinct,10,31,2,0,43,0
Precinct,1 - One,338,542,4,1,885,0
Precinct,2 - Two,422,488,5,1,916,0
Precinct,3 - Three,513,643,9,1,1166,0
Precinct,4 - Four,346,439,6,4,795,0
Precinct,5 - Five,323,516,3,0,842,0
Precinct,6 - Six,378,536,3,0,917,0
Precinct,Ab - Central Absentee Precinct,212,1135,15,2,1364,0
Precinct,Provisional,8,19,1,0,28,0
Locality,Fairfax County,152110,286316,2348,492,441266,0
Precinct,##ev - Central Absentee Precinct (CD 10),10471,15308,49,9,25837,0
Precinct,##ev - Central Absentee Precinct (CD 11),15841,36461,148,33,52483,0
Precinct,##ev - Central Absentee Precinct (CD 8),8895,22291,88,26,31300,0
Precinct,##pe - Central Absentee Precinct (CD 10),490,1153,11,2,1656,0
Precinct,##pe - Central Absentee Precinct (CD 11),851,3409,61,5,4326,0
Precinct,##pe - Central Absentee Precinct (CD 8),527,2166,31,5,2729,0
Precinct,104 - Chapel (CD 11),452,662,5,0,1119,0
Precinct,105 - Fairview (CD 11),672,993,10,3,1678,0
Precinct,106 - Heritage (CD 11),468,762,12,0,1242,0
Precinct,108 - Kings Park (CD 11),460,635,9,2,1106,0
Precinct,109 - Little Run (CD 11),221,377,5,0,603,0
Precinct,110 - North Springfield (CD 11),761,964,9,3,1737,0
Precinct,113 - Canterbury (CD 11),654,1046,13,6,1719,0
Precinct,114 - Olde Creek (CD 11),383,547,4,2,936,0
Precinct,115 - Ravensworth (CD 11),396,506,7,2,911,0
Precinct,116 - Wakefield (CD 11),395,680,3,2,1080,0
Precinct,117 - Woodson (CD 11),487,623,7,3,1120,0
Precinct,118 - Lake Braddock (CD 11),588,1009,8,4,1609,0
Precinct,119 - Laurel (CD 11),731,991,7,1,1730,0
Precinct,120 - Sideburn (CD 11),632,705,2,2,1341,0
Precinct,121 - Villa (CD 11),381,462,12,1,856,0
Precinct,123 - Robinson (CD 11),689,950,5,0,1644,0
Precinct,125 - Signal Hill (CD 11),537,716,6,1,1260,0
Precinct,126 - Bonnie Brae (CD 11),385,637,8,2,1032,0
Precinct,127 - Burke Centre (CD 11),631,1129,10,2,1772,0
Precinct,128 - Cardinal (CD 11),347,596,8,4,955,0
Precinct,129 - Keene Mill (CD 11),323,461,7,2,793,0
Precinct,130 - Terra Centre (CD 11),424,679,6,3,1112,0
Precinct,131 - Eagle View (CD 11),559,726,8,4,1297,0
Precinct,132 - Monument (CD 11),414,742,7,0,1163,0
Precinct,133 - Danbury (CD 11),127,229,3,0,359,0
Precinct,134 - University (CD 11),60,314,7,0,381,0
Precinct,201 - Armstrong (CD 11),455,888,11,1,1355,0
Precinct,202 - Flint Hill (CD 11),577,736,2,2,1317,0
Precinct,203 - Floris (CD 11),674,933,5,4,1616,0
Precinct,204 - Madison (CD 11),127,216,5,0,348,0
Precinct,208 - Reston #1 (CD 11),454,929,14,0,1397,0
Precinct,209 - Reston #2 (CD 11),357,926,11,3,1297,0
Precinct,213 - Vienna #1 (CD 11),679,1038,7,1,1725,0
Precinct,214 - Vienna #2 (CD 11),567,844,8,2,1421,0
Precinct,216 - Vienna #4 (CD 11),285,390,6,1,682,0
Precinct,218 - Vienna #6 (CD 11),386,550,4,2,942,0
Precinct,219 - Westbriar (CD 11),554,815,7,0,1376,0
Precinct,220 - Dogwood (CD 11),494,934,10,2,1440,0
Precinct,221 - Hunters Woods (CD 11),413,745,7,1,1166,0
Precinct,222 - Reston #3 (CD 11),182,633,8,0,823,0
Precinct,223 - Glade (CD 11),415,1030,9,1,1455,0
Precinct,224 - South Lakes (CD 11),546,1330,12,4,1892,0
Precinct,225 - Hughes (CD 11),381,955,11,2,1349,0
Precinct,226 - Wolftrap (CD 11),695,962,6,2,1665,0
Precinct,227 - Sunrise Valley (CD 11),314,487,5,1,807,0
Precinct,229 - Fox Mill (CD 10),787,1083,11,1,1882,0
Precinct,233 - North Point (CD 11),595,732,6,3,1336,0
Precinct,234 - Aldrin (CD 11),394,653,6,3,1056,0
Precinct,235 - Frying Pan (CD 11),388,774,8,1,1171,0
Precinct,236 - Stuart (CD 11),232,379,5,0,616,0
Precinct,237 - Mcnair (CD 11),344,789,9,4,1146,0
Precinct,238 - Cameron Glen (CD 11),397,577,3,2,979,0
Precinct,240 - Colvin (CD 10),490,507,3,0,1000,0
Precinct,301 - Chain Bridge (CD 10),574,569,4,1,1148,0
Precinct,302 - Chesterbrook (CD 8),377,541,0,1,919,0
Precinct,303 - Churchill (CD 10),273,362,1,1,637,0
Precinct,304 - Cooper (CD 10),380,349,2,2,733,0
Precinct,305 - El Nido (CD 8),383,562,4,1,950,0
Precinct,306 - Great Falls (CD 10),435,329,3,3,770,0
Precinct,307 - Haycock (CD 8),431,663,4,1,1099,0
Precinct,309 - Kenmore (CD 10),605,598,7,5,1215,0
Precinct,310 - Kirby (CD 8),337,483,1,1,822,0
Precinct,311 - Langley (CD 10),405,388,5,0,798,0
Precinct,312 - Longfellow (CD 8),361,554,0,1,916,0
Precinct,314 - Mclean (CD 10),337,455,0,0,792,0
Precinct,315 - Pimmit (CD 8),503,677,5,4,1189,0
Precinct,316 - Salona #1 (CD 8),167,179,0,2,348,0
Precinct,317 - Westhampton (CD 8),296,495,7,0,798,0
Precinct,318 - Westmoreland (CD 8),236,365,0,0,601,0
Precinct,319 - Herndon #1 (CD 11),571,837,12,4,1424,0
Precinct,320 - Herndon #2 (CD 11),498,761,15,2,1276,0
Precinct,321 - Clearview (CD 10),741,979,18,2,1740,0
Precinct,322 - Forestville (CD 10),649,476,2,0,1127,0
Precinct,323 - Shouse (CD 10),408,560,1,1,970,0
Precinct,324 - Herndon #3 (CD 11),431,715,9,1,1156,0
Precinct,325 - Hutchison (CD 11),190,546,7,0,743,0
Precinct,327 - Sugarland (CD 10),641,834,4,1,1480,0
Precinct,328 - Hickory (CD 10),526,494,1,0,1021,0
Precinct,329 - Seneca (CD 10),668,599,3,3,1273,0
Precinct,331 - Spring Hill (CD 10),370,404,0,2,776,0
Precinct,332 - Coates (CD 11),448,893,15,3,1359,0
Precinct,333 - Salona #2 (CD 8),281,389,3,1,674,0
Precinct,401 - Bush Hill (CD 8),575,910,4,4,1493,0
Precinct,402 - Cameron (CD 8),160,365,1,1,527,0
Precinct,403 - Forestdale (CD 8),185,331,5,1,522,0
Precinct,404 - Franconia (CD 8),477,895,7,0,1379,0
Precinct,405 - Groveton (CD 8),190,463,5,0,658,0
Precinct,406 - Hayfield (CD 8),497,657,6,1,1161,0
Precinct,408 - Mount Eagle (CD 8),232,731,12,2,977,0
Precinct,409 - Pioneer (CD 8),500,827,4,2,1333,0
Precinct,410 - Rose Hill (CD 8),713,1064,6,3,1786,0
Precinct,411 - Virginia Hills (CD 8),338,633,9,2,982,0
Precinct,413 - Fairfield (CD 8),156,569,3,1,729,0
Precinct,415 - Crestwood (CD 8),486,644,12,4,1146,0
Precinct,417 - Garfield (CD 8),515,811,8,0,1334,0
Precinct,418 - Lynbrook (CD 8),303,457,2,1,763,0
Precinct,419 - Lane #1 (CD 8),139,310,2,0,451,0
Precinct,420 - Villages (CD 8),595,1091,9,2,1697,0
Precinct,421 - Kingstowne (CD 8),437,823,10,1,1271,0
Precinct,422 - Van Dorn (CD 8),421,899,12,1,1333,0
Precinct,423 - Clermont (CD 8),449,716,7,1,1173,0
Precinct,424 - Huntley (CD 8),412,739,4,0,1155,0
Precinct,426 - Greenspring (CD 11),292,674,2,2,970,0
Precinct,427 - Island Creek (CD 8),394,784,1,3,1182,0
Precinct,428 - Pinewood (CD 8),197,690,11,2,900,0
Precinct,429 - Hybla Valley (CD 8),217,720,11,2,950,0
Precinct,430 - Lane #2 (CD 8),275,581,8,0,864,0
Precinct,501 - Baileys #1 (CD 8),227,488,5,0,720,0
Precinct,502 - Barcroft (CD 11),197,366,2,0,565,0
Precinct,503 - Belvedere (CD 11),210,385,3,2,600,0
Precinct,504 - Bristow (CD 11),348,564,7,2,921,0
Precinct,505 - Glen Forest (CD 8),338,676,12,0,1026,0
Precinct,506 - Holmes #1 (CD 8),64,121,1,0,186,0
Precinct,507 - Lincolnia (CD 8),351,752,5,1,1109,0
Precinct,508 - Masonville (CD 11),430,697,6,1,1134,0
Precinct,509 - Plaza (CD 8),102,395,4,0,501,0
Precinct,510 - Parklawn (CD 8),309,497,2,2,810,0
Precinct,511 - Ravenwood (CD 11),348,636,12,3,999,0
Precinct,512 - Sleepy Hollow (CD 11),249,395,1,0,645,0
Precinct,513 - Saint Albans (CD 8),21,52,1,0,74,0
Precinct,513 - Saint Albans (CD 11),329,544,4,2,879,0
Precinct,514 - Crossroads (CD 8),82,323,1,0,406,0
Precinct,515 - Westlawn (CD 8),244,394,3,0,641,0
Precinct,516 - Weyanoke #1 (CD 8),246,321,6,0,573,0
Precinct,517 - Willston (CD 8),222,370,2,2,596,0
Precinct,518 - Columbia (CD 11),398,566,7,1,972,0
Precinct,519 - Hummer (CD 11),319,446,4,0,769,0
Precinct,520 - Skyline (CD 8),183,531,2,0,716,0
Precinct,521 - Brook Hill (CD 8),379,452,4,1,836,0
Precinct,522 - Camelot #1 (CD 11),77,110,1,0,188,0
Precinct,523 - Poe (CD 8),406,546,6,2,960,0
Precinct,525 - Walnut Hill (CD 8),491,714,9,3,1217,0
Precinct,526 - Bren Mar (CD 8),400,931,9,2,1342,0
Precinct,527 - Edsall (CD 8),382,522,8,2,914,0
Precinct,528 - Ridgelea (CD 11),261,369,8,0,638,0
Precinct,530 - Holmes #2 (CD 11),160,441,4,0,605,0
Precinct,531 - Baileys #2 (CD 8),130,280,3,0,413,0
Precinct,532 - Weyanoke #2 (CD 8),199,393,4,1,597,0
Precinct,534 - Camelot #2 (CD 11),237,336,3,0,576,0
Precinct,601 - Belle Haven (CD 8),381,445,6,0,832,0
Precinct,602 - Belleview (CD 8),379,512,5,3,899,0
Precinct,604 - Bucknell (CD 8),325,763,9,1,1098,0
Precinct,605 - Fort Hunt (CD 8),467,513,4,2,986,0
Precinct,606 - Hollin Hall (CD 8),470,584,4,1,1059,0
Precinct,607 - Huntington (CD 8),336,782,15,3,1136,0
Precinct,608 - Kirkside (CD 8),216,487,0,0,703,0
Precinct,609 - Marlan (CD 8),385,431,2,2,820,0
Precinct,610 - Sherwood (CD 8),218,434,1,0,653,0
Precinct,611 - Stratford (CD 8),505,631,6,2,1144,0
Precinct,612 - Waynewood (CD 8),264,333,3,0,600,0
Precinct,613 - Westgate (CD 8),808,645,7,0,1460,0
Precinct,614 - Riverside (CD 8),396,464,3,2,865,0
Precinct,615 - Woodley (CD 8),445,614,6,3,1068,0
Precinct,616 - Gunston (CD 8),665,556,6,1,1228,0
Precinct,617 - Lorton (CD 8),268,543,1,0,812,0
Precinct,618 - Newington (CD 11),876,1325,14,5,2220,0
Precinct,619 - Belvoir (CD 8),455,713,4,0,1172,0
Precinct,621 - Grosvenor (CD 8),223,563,4,4,794,0
Precinct,622 - Lorton Station (CD 8),338,903,15,0,1256,0
Precinct,623 - Alban (CD 8),431,810,15,5,1261,0
Precinct,626 - Saratoga (CD 8),608,821,5,4,1438,0
Precinct,627 - Woodlawn (CD 8),393,832,12,0,1237,0
Precinct,628 - Laurel Hill (CD 11),523,1145,16,5,1689,0
Precinct,629 - South County (CD 11),614,812,11,2,1439,0
Precinct,630 - Army (CD 8),133,199,1,0,333,0
Precinct,701 - Blake (CD 11),533,981,10,1,1525,0
Precinct,703 - Fort Buffalo (CD 8),241,514,4,1,760,0
Precinct,704 - Freedom Hill (CD 11),362,603,1,0,966,0
Precinct,705 - Graham - Greenway (CD 8),436,933,7,2,1378,0
Precinct,707 - Mantua (CD 11),357,634,3,0,994,0
Precinct,708 - Marshall (CD 8),481,941,8,8,1438,0
Precinct,709 - Mosby (CD 11),379,717,11,3,1110,0
Precinct,710 - Pine Spring (CD 8),263,591,7,2,863,0
Precinct,711 - Price (CD 11),342,506,5,3,856,0
Precinct,712 - Shreve (CD 8),238,408,4,1,651,0
Precinct,713 - Timber Lane (CD 8),364,874,13,2,1253,0
Precinct,714 - Walker (CD 11),458,764,6,0,1228,0
Precinct,717 - Woodburn (CD 11),232,520,5,1,758,0
Precinct,718 - Pine Ridge (CD 11),344,497,11,1,853,0
Precinct,720 - Thoreau (CD 11),490,754,12,1,1257,0
Precinct,721 - Merrifield (CD 11),379,953,11,1,1344,0
Precinct,723 - Gallows East (CD 11),170,415,7,1,593,0
Precinct,726 - Magarity (CD 8),432,827,7,1,1267,0
Precinct,727 - Oakton (CD 11),473,575,1,5,1054,0
Precinct,729 - Nottoway (CD 11),363,600,3,2,968,0
Precinct,730 - Penderbrook (CD 11),580,938,3,0,1521,0
Precinct,731 - Tysons (CD 11),390,672,7,1,1070,0
Precinct,732 - Oak Marr (CD 11),711,722,9,1,1443,0
Precinct,733 - Kilmer (CD 11),523,942,10,1,1476,0
Precinct,734 - Hunters Branch (CD 11),211,382,4,0,597,0
Precinct,735 - Rotonda (CD 11),193,334,4,2,533,0
Precinct,801 - Burke (CD 11),708,1019,12,2,1741,0
Precinct,802 - Cedar Lake (CD 11),173,276,6,0,455,0
Precinct,803 - Clifton (CD 10),1055,694,5,1,1755,0
Precinct,804 - Colchester (CD 10),443,379,5,1,828,0
Precinct,805 - Fairfax Station (CD 10),399,394,1,1,795,0
Precinct,806 - Sydenstricker (CD 11),604,868,4,1,1477,0
Precinct,807 - Hunt Valley (CD 11),427,555,7,1,990,0
Precinct,811 - Pohick (CD 11),305,519,0,1,825,0
Precinct,812 - Valley (CD 11),512,679,17,2,1210,0
Precinct,815 - Woodyard (CD 10),633,535,3,3,1174,0
Precinct,824 - Orange (CD 11),744,929,16,4,1693,0
Precinct,825 - Cherry Run (CD 11),571,690,5,1,1267,0
Precinct,827 - Irving (CD 11),409,650,3,1,1063,0
Precinct,833 - White Oaks (CD 11),540,758,2,3,1303,0
Precinct,838 - Sangster (CD 10),486,514,9,1,1010,0
Precinct,839 - Silverbrook (CD 10),769,874,6,1,1650,0
Precinct,840 - West Springfield (CD 11),527,775,4,0,1306,0
Precinct,841 - Popes Head (CD 10),404,348,2,1,755,0
Precinct,842 - Parkway (CD 11),533,451,3,0,987,0
Precinct,843 - Fair Lakes (CD 11),529,796,8,1,1334,0
Precinct,844 - Centerpointe (CD 11),298,477,6,2,783,0
Precinct,845 - Fountainhead (CD 10),983,775,9,3,1770,0
Precinct,846 - Greenbriar East (CD 11),491,781,10,0,1282,0
Precinct,847 - Greenbriar West (CD 10),433,571,2,3,1009,0
Precinct,848 - Fair Oaks (CD 11),446,639,9,2,1096,0
Precinct,849 - Newgate (CD 10),1065,996,12,2,2075,0
Precinct,850 - South Run (CD 10),616,557,1,2,1176,0
Precinct,851 - Willow Springs (CD 11),533,589,3,2,1127,0
Precinct,901 - Centre Ridge (CD 11),419,664,8,0,1091,0
Precinct,902 - Brookfield (CD 10),637,887,6,1,1531,0
Precinct,903 - Cub Run (CD 10),716,823,7,0,1546,0
Precinct,904 - Stonecroft (CD 10),319,258,3,1,581,0
Precinct,905 - Franklin (CD 10),171,271,3,0,445,0
Precinct,908 - Hidden Meadow (CD 10),481,587,1,2,1071,0
Precinct,909 - Oak Hill (CD 10),408,562,1,1,972,0
Precinct,910 - London Towne (CD 11),481,854,13,2,1350,0
Precinct,911 - Navy (CD 10),631,799,10,3,1443,0
Precinct,913 - Rocky Run (CD 10),818,847,6,2,1673,0
Precinct,914 - Vale (CD 10),475,507,5,1,988,0
Precinct,915 - Virginia Run (CD 10),701,512,3,0,1216,0
Precinct,916 - Waples Mill (CD 10),885,927,4,0,1816,0
Precinct,917 - Stone North (CD 10),325,454,2,1,782,0
Precinct,918 - Centreville (CD 11),592,928,7,1,1528,0
Precinct,919 - Green Trails (CD 11),615,967,8,2,1592,0
Precinct,920 - Chantilly (CD 10),472,640,4,0,1116,0
Precinct,921 - Deer Park (CD 10),659,660,5,0,1324,0
Precinct,923 - Bull Run (CD 10),593,476,4,1,1074,0
Precinct,924 - Spindle (CD 11),212,354,9,0,575,0
Precinct,925 - Old Mill (CD 10),328,404,6,0,738,0
Precinct,926 - Powell (CD 11),694,924,9,2,1629,0
Precinct,927 - Armfield (CD 10),346,462,2,1,811,0
Precinct,928 - Poplar Tree (CD 10),590,627,9,1,1227,0
Precinct,929 - Difficult Run (CD 10),201,182,0,0,383,0
Precinct,930 - Lees Corner (CD 10),389,539,8,0,936,0
Precinct,931 - Carson (CD 10),380,647,4,2,1033,0
Precinct,932 - Stone South (CD 10),206,380,5,1,592,0
Precinct,933 - Compton (CD 11),132,171,5,0,308,0
Precinct,Ab - Central Absentee Precinct (CD 10),2437,8938,48,16,11439,0
Precinct,Ab - Central Absentee Precinct (CD 11),4571,24362,256,24,29213,0
Precinct,Ab - Central Absentee Precinct (CD 8),2642,14109,133,17,16901,0
Precinct,Provisional (CD 10),81,185,3,2,271,0
Precinct,Provisional (CD 11),234,641,11,0,886,0
Precinct,Provisional (CD 8),116,406,4,2,528,0
Locality,Falls Church City,1590,5388,42,6,7026,0
Precinct,##ev - Central Absentee Precinct,508,2368,9,0,2885,0
Precinct,##pe - Central Absentee Precinct,7,21,0,0,28,0
Precinct,1 - First Ward,332,811,10,0,1153,0
Precinct,2 - Second Ward,286,597,6,3,892,0
Precinct,3 - Third Ward,343,743,11,3,1100,0
Precinct,Ab - Central Absentee Precinct,112,833,6,0,951,0
Precinct,Provisional,2,15,0,0,17,0
Locality,Fauquier County,22252,11570,156,14,33992,0
Precinct,##ev - Central Absentee Precinct (CD 1),1170,571,2,0,1743,0
Precinct,##ev - Central Absentee Precinct (CD 5),5174,3459,16,2,8651,0
Precinct,##pe - Central Absentee Precinct (CD 1),6,10,0,0,16,0
Precinct,##pe - Central Absentee Precinct (CD 5),13,27,5,0,45,0
Precinct,101 - Kettle Run (CD 5),458,110,6,1,575,0
Precinct,102 - Catlett (CD 1),1110,212,4,0,1326,0
Precinct,103 - Casanova (CD 5),474,156,3,0,633,0
Precinct,104 - Lois (CD 1),487,121,0,0,608,0
Precinct,105 - Opal (CD 5),515,119,2,2,638,0
Precinct,106 - Baldwin Ridge (CD 5),561,224,3,1,789,0
Precinct,201 - Courthouse (CD 5),807,524,10,1,1342,0
Precinct,202 - Airlie (CD 5),728,314,11,0,1053,0
Precinct,203 - Warrenton (CD 5),741,493,3,0,1237,0
Precinct,301 - Morrisville (CD 1),786,158,4,0,948,0
Precinct,302 - Remington (CD 5),969,333,9,0,1311,0
Precinct,303 - Bealeton (CD 1),1083,441,7,0,1531,0
Precinct,401 - Marshall (CD 5),849,387,3,1,1240,0
Precinct,402 - Leeds (CD 5),798,408,5,0,1211,0
Precinct,403 - Waterloo (CD 5),896,263,7,1,1167,0
Precinct,404 - Springs Valley (CD 5),416,170,4,0,590,0
Precinct,501 - The Plains (CD 5),702,440,2,2,1146,0
Precinct,502 - New Baltimore (CD 5),873,302,10,0,1185,0
Precinct,503 - Broad Run (CD 5),692,234,3,2,931,0
Precinct,504 - Vint Hill (CD 5),1101,405,3,1,1510,0
Precinct,Ab - Central Absentee Precinct (CD 1),115,218,5,0,338,0
Precinct,Ab - Central Absentee Precinct (CD 5),700,1437,28,0,2165,0
Precinct,Provisional (CD 1),2,5,0,0,7,0
Precinct,Provisional (CD 5),26,29,1,0,56,0
Locality,Floyd County,5230,2203,59,6,7498,0
Precinct,##ev - Central Absentee Precinct,1074,798,11,0,1883,0
Precinct,##pe - Central Absentee Precinct,2,11,0,0,13,0
Precinct,101 - Locust Grove,819,243,11,0,1073,0
Precinct,201 - Little River,825,259,16,2,1102,0
Precinct,301 - Courthouse,553,231,5,2,791,0
Precinct,401 - Burks Fork,826,191,3,1,1021,0
Precinct,501 - Indian Valley,963,155,6,1,1125,0
Precinct,Ab - Central Absentee Precinct,165,310,7,0,482,0
Precinct,Provisional,3,5,0,0,8,0
Locality,Fluvanna County,7068,5312,65,9,12454,0
Precinct,##ev - Central Absentee Precinct,2419,2226,11,2,4658,0
Precinct,##pe - Central Absentee Precinct,11,29,1,0,41,0
Precinct,101 - Palmyra,902,536,10,3,1451,0
Precinct,201 - Columbia,842,386,5,2,1235,0
Precinct,301 - Fork Union,803,427,9,0,1239,0
Precinct,401 - Cunningham,1123,295,8,0,1426,0
Precinct,501 - Rivanna,719,480,10,1,1210,0
Precinct,Ab - Central Absentee Precinct,240,925,11,1,1177,0
Precinct,Provisional,9,8,0,0,17,0
Locality,Franklin City,1270,1680,14,1,2965,0
Precinct,##ev - Central Absentee Precinct,358,494,3,0,855,0
Precinct,##pe - Central Absentee Precinct,0,2,0,0,2,0
Precinct,101 - Precinct 1-1,340,113,1,0,454,0
Precinct,201 - Precinct 2-1,264,162,3,0,429,0
Precinct,301 - Precinct 3-1,33,233,1,0,267,0
Precinct,401 - Precinct 4-1,31,159,1,0,191,0
Precinct,501 - Precinct 5-1,15,199,2,0,216,0
Precinct,601 - Precinct 6-1,190,148,1,1,340,0
Precinct,Ab - Central Absentee Precinct,38,168,2,0,208,0
Precinct,Provisional,1,2,0,0,3,0
Locality,Franklin County,17842,5894,102,10,23848,0
Precinct,##ev - Central Absentee Precinct,2851,1628,12,5,4496,0
Precinct,##pe - Central Absentee Precinct,30,22,2,0,54,0
Precinct,102 - Burnt Chimney,1056,238,9,1,1304,0
Precinct,103 - Scruggs,1650,428,6,1,2085,0
Precinct,201 - Glade Hill,977,154,1,0,1132,0
Precinct,202 - Penhook,624,184,1,0,809,0
Precinct,203 - Hodgesville,153,34,2,0,189,0
Precinct,204 - Dudley,554,121,3,0,678,0
Precinct,301 - Snow Creek,450,78,1,0,529,0
Precinct,302 - Fork Mountain,416,70,5,0,491,0
Precinct,303 - Sontag,579,215,3,1,798,0
Precinct,304 - Dickinson,279,95,1,0,375,0
Precinct,401 - Henry,791,100,4,0,895,0
Precinct,402 - Ferrum,393,102,6,0,501,0
Precinct,403 - Endicott,452,71,1,0,524,0
Precinct,501 - Waidsboro,477,110,3,0,590,0
Precinct,502 - Callaway,730,130,4,0,864,0
Precinct,503 - Bowmans,391,109,0,0,500,0
Precinct,504 - Gogginsville,601,141,4,0,746,0
Precinct,601 - Boones Mill,882,189,5,0,1076,0
Precinct,602 - Bonbrook,867,158,5,0,1030,0
Precinct,603 - Coopers Cove,663,117,5,0,785,0
Precinct,701 - Rocky Mount East,651,234,2,0,887,0
Precinct,702 - Rocky Mount West,431,193,3,0,627,0
Precinct,703 - Rocky Mount South,378,155,2,1,536,0
Precinct,Ab - Central Absentee Precinct,512,811,11,1,1335,0
Precinct,Provisional,4,7,1,0,12,0
Locality,Frederick County,25063,11164,130,19,36376,0
Precinct,##ev - Central Absentee Precinct,4604,2884,10,2,7500,0
Precinct,##pe - Central Absentee Precinct,62,76,1,0,139,0
Precinct,101 - Russells,966,198,3,0,1167,0
Precinct,102 - Gore,1263,266,4,1,1534,0
Precinct,103 - Kernstown,1014,314,2,1,1331,0
Precinct,104 - Cedar Creek,689,190,3,2,884,0
Precinct,201 - Gainesborough,726,95,5,0,826,0
Precinct,202 - Albin,896,220,2,1,1119,0
Precinct,203 - Redland,1261,315,3,0,1579,0
Precinct,204 - Nain,800,199,2,1,1002,0
Precinct,301 - Clear Brook,670,126,6,1,803,0
Precinct,302 - Neff's Town,1119,603,12,1,1735,0
Precinct,303 - White Hall,1209,376,4,1,1590,0
Precinct,401 - Carpers Valley,753,321,6,0,1080,0
Precinct,402 - Shenandoah,608,192,3,0,803,0
Precinct,403 - Parkin's Mill,928,334,7,1,1270,0
Precinct,404 - Armel,787,368,4,1,1160,0
Precinct,501 - Stephens City,951,440,5,1,1397,0
Precinct,502 - Newtown,1239,434,5,1,1679,0
Precinct,503 - Canterburg,1166,490,7,0,1663,0
Precinct,601 - Millbrook,597,230,3,1,831,0
Precinct,602 - Ash Hollow,658,327,6,0,991,0
Precinct,603 - Greenwood,1326,566,9,0,1901,0
Precinct,Ab - Central Absentee Precinct,749,1577,18,3,2347,0
Precinct,Provisional,22,23,0,0,45,0
Locality,Fredericksburg City,3503,5402,113,17,9035,0
Precinct,##ev - Central Absentee Precinct,993,1535,22,3,2553,0
Precinct,##pe - Central Absentee Precinct,3,9,0,0,12,0
Precinct,101 - Precinct 1 - District One,743,828,18,4,1593,0
Precinct,201 - Precinct 1 - District Two,560,750,28,6,1344,0
Precinct,301 - Precinct 1 - District Three,582,589,11,1,1183,0
Precinct,401 - Precinct 1 - District Four,192,507,12,0,711,0
Precinct,402 - Precinct 2 - District Four,237,332,10,3,582,0
Precinct,Ab - Central Absentee Precinct,187,839,12,0,1038,0
Precinct,Provisional,6,13,0,0,19,0
Locality,Galax City,1424,492,9,1,1926,0
Precinct,##ev - Central Absentee Precinct,363,175,2,0,540,0
Precinct,##pe - Central Absentee Precinct,1,2,0,0,3,0
Precinct,1 - East,434,123,5,0,562,0
Precinct,5 - West,570,128,1,1,700,0
Precinct,Ab - Central Absentee Precinct,55,63,1,0,119,0
Precinct,Provisional,1,1,0,0,2,0
Locality,Giles County,5788,1535,61,5,7389,0
Precinct,##ev - Central Absentee Precinct,1882,608,13,1,2504,0
Precinct,##pe - Central Absentee Precinct,2,4,0,0,6,0
Precinct,101 - Glen Lyn,74,11,0,0,85,0
Precinct,102 - Rich Creek,299,49,1,0,349,0
Precinct,103 - Narrows,758,105,8,1,872,0
Precinct,201 - Pearisburg,742,123,8,0,873,0
Precinct,202 - Staffordsville,217,33,1,0,251,0
Precinct,203 - White Gate,150,14,4,0,168,0
Precinct,301 - Eggleston,335,103,1,0,439,0
Precinct,302 - Pembroke,775,152,15,1,943,0
Precinct,303 - Newport,421,160,8,1,590,0
Precinct,Ab - Central Absentee Precinct,133,172,2,1,308,0
Precinct,Provisional,0,1,0,0,1,0
Locality,Gloucester County,12585,4712,88,6,17391,0
Precinct,##ev - Central Absentee Precinct,2447,1451,19,0,3917,0
Precinct,##pe - Central Absentee Precinct,11,11,0,0,22,0
Precinct,101 - Harcum,800,200,2,0,1002,0
Precinct,102 - Salem,689,169,4,0,862,0
Precinct,103 - Peasley,557,129,6,0,692,0
Precinct,201 - Courthouse,626,222,2,1,851,0
Precinct,202 - Botetourt,1003,293,10,2,1308,0
Precinct,301 - White Marsh,889,218,5,0,1112,0
Precinct,302 - Roanes,1048,283,4,0,1335,0
Precinct,401 - Hayes,978,323,8,1,1310,0
Precinct,402 - Sarahs Creek,853,309,9,0,1171,0
Precinct,501 - Achilles,1466,297,2,0,1765,0
Precinct,502 - Walker,888,218,10,0,1116,0
Precinct,Ab - Central Absentee Precinct,319,584,7,2,912,0
Precinct,Provisional,11,5,0,0,16,0
Locality,Goochland County,9585,4910,52,5,14552,0
Precinct,##ev - Central Absentee Precinct,3503,1974,13,0,5490,0
Precinct,##pe - Central Absentee Precinct,12,27,1,0,40,0
Precinct,101 - Fife,449,145,5,2,601,0
Precinct,102 - Hadensville,697,268,3,0,968,0
Precinct,201 - Three Square,178,94,1,0,273,0
Precinct,202 - Sandy Hook,641,314,7,0,962,0
Precinct,301 - Goochland Court House 1,459,172,1,0,632,0
Precinct,302 - Goochland Court House 2,221,63,0,0,284,0
Precinct,401 - Shallow Well,768,310,3,0,1081,0
Precinct,402 - Centerville,777,299,3,1,1080,0
Precinct,501 - Manakin,947,347,8,1,1303,0
Precinct,502 - Blair,598,289,1,1,889,0
Precinct,Ab - Central Absentee Precinct,330,604,6,0,940,0
Precinct,Provisional,5,4,0,0,9,0
Locality,Grayson County,5144,1062,27,4,6237,0
Precinct,##ev - Central Absentee Precinct,678,238,1,0,917,0
Precinct,##pe - Central Absentee Precinct,2,1,0,0,3,0
Precinct,101 - Bridle Creek,185,44,2,0,231,0
Precinct,102 - Flatridge,105,17,0,0,122,0
Precinct,103 - Grant,196,43,0,0,239,0
Precinct,104 - Mouth Of Wilson,110,22,1,0,133,0
Precinct,105 - Mount Rogers,144,24,0,0,168,0
Precinct,106 - Rugby,154,28,2,2,186,0
Precinct,107 - Troutdale,97,9,0,0,106,0
Precinct,108 - Comers Rock,131,28,0,1,160,0
Precinct,202 - Elk Creek,308,42,4,0,354,0
Precinct,203 - Independence,713,116,5,0,834,0
Precinct,301 - Baywood,493,40,0,0,533,0
Precinct,302 - Fairview,598,71,3,0,672,0
Precinct,401 - Fries,242,62,1,0,305,0
Precinct,402 - Providence,591,56,1,1,649,0
Precinct,403 - Oldtown,232,32,0,0,264,0
Precinct,Ab - Central Absentee Precinct,164,188,7,0,359,0
Precinct,Provisional,1,1,0,0,2,0
Locality,Greene County,5961,2806,68,7,8842,0
Precinct,##ev - Central Absentee Precinct,1826,1027,9,3,2865,0
Precinct,##pe - Central Absentee Precinct,8,20,1,0,29,0
Precinct,101 - Dyke,515,121,6,0,642,0
Precinct,102 - Swift Run,605,161,6,0,772,0
Precinct,201 - Ruckersville,999,414,6,2,1421,0
Precinct,301 - Stanardsville,866,221,12,1,1100,0
Precinct,401 - Midway,986,402,14,1,1403,0
Precinct,Ab - Central Absentee Precinct,154,439,14,0,607,0
Precinct,Provisional,2,1,0,0,3,0
Locality,Greensville County,1709,1915,12,2,3638,0
Precinct,##ev - Central Absentee Precinct,372,413,0,0,785,0
Precinct,##pe - Central Absentee Precinct,0,1,0,0,1,0
Precinct,101 - Precinct 1-a,140,160,2,1,303,0
Precinct,102 - Precinct 1-b,95,34,0,0,129,0
Precinct,103 - Precinct 1-c,40,137,2,0,179,0
Precinct,201 - Precinct 2-a,90,206,0,0,296,0
Precinct,202 - Precinct 2-b,282,113,0,0,395,0
Precinct,302 - Precinct 3-a,227,331,4,0,562,0
Precinct,401 - Precinct 4-a,154,55,0,0,209,0
Precinct,402 - Precinct 4-b,144,184,1,0,329,0
Precinct,403 - Precinct 4-c,103,51,1,0,155,0
Precinct,AB - Central Absentee Precinct,62,230,2,1,295,0
Precinct,Provisional,0,0,0,0,0,0
Locality,Halifax County,8641,4804,75,2,13522,0
Precinct,##ev - Central Absentee Precinct,1898,1430,15,1,3344,0
Precinct,##pe - Central Absentee Precinct,6,13,1,0,20,0
Precinct,101 - Childrey,375,152,1,0,528,0
Precinct,102 - Liberty,194,62,3,0,259,0
Precinct,103 - Republican Grove,344,162,2,1,509,0
Precinct,201 - Clays Mill,285,84,1,0,370,0
Precinct,202 - Crossroads,277,82,1,0,360,0
Precinct,203 - Clover,297,187,2,0,486,0
Precinct,302 - Meadville,82,118,2,0,202,0
Precinct,304 - Vernon Hill,308,99,1,0,408,0
Precinct,305 - Sinai,215,236,2,0,453,0
Precinct,401 - Courthouse,294,187,5,0,486,0
Precinct,403 - Center,358,150,2,0,510,0
Precinct,502 - Dan River,432,177,7,0,616,0
Precinct,503 - Scottsburg,417,74,1,0,492,0
Precinct,601 - Black Walnut,357,108,0,0,465,0
Precinct,603 - Mt Carmel,475,232,6,0,713,0
Precinct,605 - Union,185,55,0,0,240,0
Precinct,701 - Hyco,583,150,1,0,734,0
Precinct,702 - Midway,476,64,2,0,542,0
Precinct,703 - Virgilina,325,35,1,0,361,0
Precinct,801 - South Boston,225,400,9,0,634,0
Precinct,Ab - Central Absentee Precinct,233,541,10,0,784,0
Precinct,Provisional,0,6,0,0,6,0
Locality,Hampton City,14651,29971,449,33,45104,0
Precinct,##ev - Central Absentee Precinct (CD 2),1090,1671,9,0,2770,0
Precinct,##ev - Central Absentee Precinct (CD 3),1791,7283,38,1,9113,0
Precinct,##pe - Central Absentee Precinct (CD 2),18,20,0,0,38,0
Precinct,##pe - Central Absentee Precinct (CD 3),27,129,7,0,163,0
Precinct,101 - Aberdeen (CD 3),154,660,10,0,824,0
Precinct,102 - Bassette (CD 3),76,759,11,0,846,0
Precinct,103 - City Hall (CD 3),102,341,9,0,452,0
Precinct,104 - Cooper (CD 3),207,872,18,3,1100,0
Precinct,105 - East Hampton (CD 3),151,301,7,0,459,0
Precinct,106 - Armstrong (CD 3),371,573,23,2,969,0
Precinct,107 - Lindsay (CD 3),188,664,10,0,862,0
Precinct,108 - Thomas (CD 3),151,732,7,1,891,0
Precinct,109 - Phenix (CD 3),129,867,9,0,1005,0
Precinct,110 - Phoebus (CD 2),137,177,5,0,319,0
Precinct,111 - Hampton Library (CD 3),189,215,5,0,409,0
Precinct,112 - Smith (CD 3),431,721,19,1,1172,0
Precinct,115 - Wythe (CD 3),344,336,9,0,689,0
Precinct,116 - Jones (CD 3),126,335,10,1,472,0
Precinct,117 - Kecoughtan (CD 3),255,540,9,1,805,0
Precinct,118 - Mallory (CD 3),146,882,12,5,1045,0
Precinct,201 - Booker (CD 2),751,516,14,0,1281,0
Precinct,202 - Bryan (CD 2),591,594,18,0,1203,0
Precinct,203 - Burbank (CD 2),396,429,8,1,834,0
Precinct,204 - Forrest (CD 3),352,540,10,1,903,0
Precinct,205 - Asbury (CD 2),1320,609,12,2,1943,0
Precinct,208 - Kraft (CD 3),767,809,9,2,1587,0
Precinct,209 - Langley (CD 2),550,463,17,0,1030,0
Precinct,210 - Machen (CD 3),435,943,22,3,1403,0
Precinct,212 - Bethel (CD 3),503,988,17,1,1509,0
Precinct,213 - Phillips (CD 2),968,707,15,3,1693,0
Precinct,214 - Tucker Capps (CD 3),557,703,14,0,1274,0
Precinct,215 - Tyler (CD 3),55,179,3,0,237,0
Precinct,215 - Tyler (CD 2),9,18,0,0,27,0
Precinct,216 - Sandy Bottom (CD 3),320,445,8,2,775,0
Precinct,217 - Syms (CD 3),335,234,3,0,572,0
Precinct,Ab - Central Absentee Precinct (CD 2),191,696,9,0,896,0
Precinct,Ab - Central Absentee Precinct (CD 3),448,2917,40,3,3408,0
Precinct,Provisional (CD 2),8,21,2,0,31,0
Precinct,Provisional (CD 3),12,82,1,0,95,0
Locality,Hanover County,39515,18107,304,34,57960,0
Precinct,##ev - Central Absentee Precinct,11212,5075,52,7,16346,0
Precinct,##pe - Central Absentee Precinct,65,75,6,0,146,0
Precinct,101 - Ashland,429,388,5,2,824,0
Precinct,104 - Sliding Hill,577,362,9,1,949,0
Precinct,105 - Berkley,386,346,6,0,738,0
Precinct,106 - Kersey Creek,398,167,4,1,570,0
Precinct,107 - Chickahominy,474,291,3,1,769,0
Precinct,201 - Beaverdam,1230,237,7,0,1474,0
Precinct,202 - Blunts,523,219,3,0,745,0
Precinct,203 - Wilmington Parish,809,241,5,0,1055,0
Precinct,206 - Courthouse,487,277,2,1,767,0
Precinct,208 - Oak Knoll,609,192,7,0,808,0
Precinct,209 - West Hanover,253,83,0,0,336,0
Precinct,210 - Oak Hill,247,81,1,0,329,0
Precinct,301 - Clay,727,253,6,0,986,0
Precinct,303 - Shady Grove,809,335,11,2,1157,0
Precinct,304 - Atlee,1591,963,20,2,2576,0
Precinct,305 - Cool Spring,821,349,8,0,1178,0
Precinct,401 - Battlefield,1019,224,1,1,1245,0
Precinct,403 - Cold Harbor,1181,419,9,0,1609,0
Precinct,404 - Black Creek,1330,219,3,1,1553,0
Precinct,405 - Pebble Creek,585,267,4,0,856,0
Precinct,406 - Beaverdam Creek,228,97,3,1,329,0
Precinct,502 - Rural Point,862,334,6,0,1202,0
Precinct,503 - Newman,642,297,9,2,950,0
Precinct,504 - Studley,787,148,3,1,939,0
Precinct,505 - Totopotomoy,568,108,3,1,680,0
Precinct,506 - Georgetown,621,230,3,0,854,0
Precinct,507 - Laurel Meadow,798,276,6,0,1080,0
Precinct,601 - Village,1229,515,10,1,1755,0
Precinct,602 - Lee Davis,1006,356,9,0,1371,0
Precinct,603 - Mechanicsville,601,290,5,1,897,0
Precinct,604 - Hanover Grove,592,223,3,0,818,0
Precinct,701 - Farrington,866,235,6,0,1107,0
Precinct,702 - Montpelier,807,332,4,0,1143,0
Precinct,703 - Rockville,1001,311,4,3,1319,0
Precinct,704 - Elmont,909,410,10,1,1330,0
Precinct,705 - South Anna,578,168,5,0,751,0
Precinct,Ab Central Absentee Precinct,1624,2677,43,4,4348,0
Precinct,Provisional,34,37,0,0,71,0
Locality,Harrisonburg City,4382,6812,131,12,11337,0
Precinct,##ev - Central Absentee Precinct,1490,2620,19,3,4132,0
Precinct,##pe - Central Absentee Precinct,9,51,4,0,64,0
Precinct,101 - Northeast,393,592,16,2,1003,0
Precinct,102 - East Central,178,307,6,0,491,0
Precinct,103 - Southeast,398,572,15,2,987,0
Precinct,104 - East,408,435,14,0,857,0
Precinct,105 - South East Central,64,203,9,0,276,0
Precinct,201 - Northwest,455,494,12,1,962,0
Precinct,202 - Southwest,432,554,17,2,1005,0
Precinct,203 - West,438,488,11,2,939,0
Precinct,Ab - Central Absentee Precinct,113,484,8,0,605,0
Precinct,Provisional,4,12,0,0,16,0
Locality,Henrico County,55796,81409,1342,120,138667,0
Precinct,##ev - Central Absentee Precinct (CD 4),1877,7616,77,7,9577,0
Precinct,##ev - Central Absentee Precinct (CD 7),9696,13071,83,7,22857,0
Precinct,##pe - Central Absentee Precinct (CD 4),46,352,15,1,414,0
Precinct,##pe - Central Absentee Precinct (CD 7),567,1369,24,2,1962,0
Precinct,101 - Coalpit (CD 7),968,726,14,2,1710,0
Precinct,102 - Dumbarton (CD 7),328,656,16,2,1002,0
Precinct,103 - Glen Allen (CD 7),1120,674,10,4,1808,0
Precinct,105 - Greendale (CD 7),574,690,25,2,1291,0
Precinct,106 - Hermitage (CD 7),624,644,12,0,1280,0
Precinct,108 - Hungary Creek (CD 7),776,678,13,2,1469,0
Precinct,109 - Hunton (CD 7),360,181,4,0,545,0
Precinct,110 - Johnson (CD 7),523,858,31,3,1415,0
Precinct,111 - Lakeside (CD 7),782,869,31,3,1685,0
Precinct,112 - Longan (CD 7),618,524,10,1,1153,0
Precinct,113 - Maude Trevvett (CD 7),306,258,4,2,570,0
Precinct,114 - Monument Hills (CD 7),304,314,2,1,621,0
Precinct,115 - Staples Mill (CD 7),830,635,11,1,1477,0
Precinct,117 - Westwood (CD 7),396,499,12,0,907,0
Precinct,201 - Adams (CD 4),75,634,14,0,723,0
Precinct,202 - Azalea (CD 7),120,918,22,3,1063,0
Precinct,203 - Belmont (CD 7),406,759,22,0,1187,0
Precinct,204 - Brookland (CD 7),171,178,10,0,359,0
Precinct,205 - Canterbury (CD 7),202,243,0,0,445,0
Precinct,206 - Central Gardens (CD 4),47,782,24,0,853,0
Precinct,207 - Chamberlayne (CD 7),313,786,16,2,1117,0
Precinct,208 - Fairfield (CD 4),53,610,12,1,676,0
Precinct,209 - Glen Lea (CD 4),123,548,11,3,685,0
Precinct,210 - Greenwood (CD 7),167,437,5,0,609,0
Precinct,211 - Highland Gardens (CD 4),20,317,8,0,345,0
Precinct,212 - Hollybrook (CD 7),124,266,8,0,398,0
Precinct,213 - Hungary (CD 7),183,451,11,1,646,0
Precinct,214 - Longdale (CD 7),291,500,12,0,803,0
Precinct,215 - Maplewood (CD 4),63,997,28,0,1088,0
Precinct,216 - Moody (CD 7),236,244,11,0,491,0
Precinct,217 - Mountain (CD 7),167,204,3,1,375,0
Precinct,218 - Oakview (CD 7),32,27,0,0,59,0
Precinct,219 - Randolph (CD 7),33,132,3,1,169,0
Precinct,220 - Ratcliffe (CD 4),98,1070,19,0,1187,0
Precinct,221 - Stratford Hall (CD 7),77,91,11,0,179,0
Precinct,222 - Wilder (CD 7),181,651,9,1,842,0
Precinct,223 - Yellow Tavern (CD 7),576,744,9,0,1329,0
Precinct,224 - Essex Village (CD 4),10,200,5,0,215,0
Precinct,301 - Causeway (CD 7),577,561,5,0,1143,0
Precinct,302 - Cedarfield (CD 7),734,453,12,1,1200,0
Precinct,303 - Innsbrook (CD 7),683,672,5,2,1362,0
Precinct,304 - Jackson Davis (CD 7),447,346,6,0,799,0
Precinct,305 - Nuckols Farm (CD 7),974,763,6,3,1746,0
Precinct,306 - Pocahontas (CD 7),590,655,5,1,1251,0
Precinct,307 - Ridge (CD 7),389,373,9,1,772,0
Precinct,308 - Rivers Edge (CD 7),887,737,7,1,1632,0
Precinct,309 - Sadler (CD 7),776,761,5,1,1543,0
Precinct,310 - Shady Grove (CD 7),1033,759,4,0,1796,0
Precinct,311 - Short Pump (CD 7),487,437,5,1,930,0
Precinct,312 - Springfield (CD 7),402,454,4,0,860,0
Precinct,313 - Stoney Run (CD 7),970,811,10,2,1793,0
Precinct,314 - Three Chopt (CD 7),685,611,14,0,1310,0
Precinct,315 - Tucker (CD 7),388,746,22,1,1157,0
Precinct,316 - Colonial Trail (CD 7),454,541,8,0,1003,0
Precinct,401 - Quioccasin (CD 7),609,710,8,4,1331,0
Precinct,402 - Crestview (CD 7),502,659,17,2,1180,0
Precinct,403 - Derbyshire (CD 7),650,488,8,1,1147,0
Precinct,404 - Freeman (CD 7),480,445,12,0,937,0
Precinct,405 - Gayton (CD 7),838,601,5,1,1445,0
Precinct,406 - Godwin (CD 7),581,569,6,0,1156,0
Precinct,407 - Lakewood (CD 7),530,364,10,0,904,0
Precinct,408 - Lauderdale (CD 7),567,541,10,2,1120,0
Precinct,409 - Maybeury (CD 7),685,536,12,0,1233,0
Precinct,410 - Mooreland (CD 7),594,320,0,1,915,0
Precinct,411 - Pemberton (CD 7),485,492,17,1,995,0
Precinct,412 - Pinchbeck (CD 7),660,652,15,0,1327,0
Precinct,413 - Ridgefield (CD 7),882,707,11,2,1602,0
Precinct,414 - Rollingwood (CD 7),571,567,1,3,1142,0
Precinct,415 - Skipwith (CD 7),317,350,8,0,675,0
Precinct,416 - Spottswood (CD 7),325,342,3,1,671,0
Precinct,417 - Tuckahoe (CD 7),1011,540,6,2,1559,0
Precinct,418 - Welborne (CD 7),452,477,12,0,941,0
Precinct,419 - West End (CD 7),733,584,5,2,1324,0
Precinct,501 - Antioch (CD 4),862,257,5,1,1125,0
Precinct,502 - Cedar Fork (CD 4),89,399,14,1,503,0
Precinct,503 - Chickahominy (CD 4),580,425,10,0,1015,0
Precinct,504 - Donahoe (CD 4),269,421,9,2,701,0
Precinct,505 - Dorey (CD 4),583,671,12,0,1266,0
Precinct,506 - Eanes (CD 4),309,709,18,1,1037,0
Precinct,507 - Elko (CD 4),350,65,3,0,418,0
Precinct,508 - Highland Springs (CD 4),153,506,16,2,677,0
Precinct,509 - Laburnum (CD 4),163,422,11,1,597,0
Precinct,510 - Mehfoud (CD 4),294,592,7,0,893,0
Precinct,511 - Montrose (CD 4),170,988,29,1,1188,0
Precinct,512 - Nine Mile (CD 4),198,299,13,1,511,0
Precinct,513 - Pleasants (CD 4),139,899,18,2,1058,0
Precinct,514 - Rolfe (CD 4),142,1084,14,0,1240,0
Precinct,515 - Sandston (CD 4),690,302,13,0,1005,0
Precinct,516 - Sullivans (CD 4),311,824,10,0,1145,0
Precinct,517 - Town Hall (CD 4),312,171,10,1,494,0
Precinct,518 - Whitlocks (CD 4),752,390,7,2,1151,0
Precinct,AB - Central Absentee Precinct (CD 4),380,2384,47,6,2817,0
Precinct,Ab - Central Absentee Precinct (CD 7),2539,7326,108,10,9983,0
Precinct,Provisional (CD 4),15,73,2,0,90,0
Precinct,Provisional (CD 7),85,175,6,0,266,0
Locality,Henry County,12902,5547,74,13,18536,0
Precinct,##ev - Central Absentee Precinct (CD 5),718,610,5,1,1334,0
Precinct,##ev - Central Absentee Precinct (CD 9),1886,981,6,0,2873,0
Precinct,##pe - Central Absentee Precinct (CD 5),4,11,0,0,15,0
Precinct,##pe - Central Absentee Precinct (CD 9),18,25,0,0,43,0
Precinct,101 - Bassett Number Two (CD 9),177,113,0,0,290,0
Precinct,102 - Gunville (CD 9),578,72,2,0,652,0
Precinct,103 - Scott's Tanyard (CD 9),924,144,4,1,1073,0
Precinct,201 - Fieldale (CD 9),239,81,2,0,322,0
Precinct,202 - Horsepasture #1 (CD 9),560,187,1,1,749,0
Precinct,203 - Horsepasture #2 (CD 9),134,246,4,1,385,0
Precinct,204 - Spencer (CD 9),637,150,2,1,790,0
Precinct,302 - Axton (CD 5),281,163,0,0,444,0
Precinct,303 - Irisburg (CD 5),476,202,4,0,682,0
Precinct,304 - Mount Olivet (CD 5),389,302,3,0,694,0
Precinct,304 - Mount Olivet (CD 9),0,0,0,0,0,0
Precinct,305 - Mountain Valley (CD 5),305,121,4,0,430,0
Precinct,401 - Collinsville Number 1 (CD 9),313,74,2,0,389,0
Precinct,402 - Daniels Creek (CD 9),293,115,2,0,410,0
Precinct,404 - Collinsville Number 2 (CD 9),526,174,1,2,703,0
Precinct,405 - Mountain View (CD 5),277,147,1,0,425,0
Precinct,501 - Bassett Number One (CD 9),253,116,1,1,371,0
Precinct,502 - Figsboro (CD 9),430,84,2,0,516,0
Precinct,503 - Stanleytown (CD 9),719,92,3,0,814,0
Precinct,504 - Oak Level (CD 9),248,63,1,0,312,0
Precinct,505 - Dyers Store (CD 5),43,5,0,0,48,0
Precinct,505 - Dyers Store (CD 9),217,65,1,1,284,0
Precinct,601 - Fontaine (CD 9),482,159,7,1,649,0
Precinct,602 - Hillcrest (CD 9),198,80,2,1,281,0
Precinct,603 - Ridgeway #1 (CD 5),669,151,3,1,824,0
Precinct,604 - Ridgeway #2 (CD 9),506,122,1,1,630,0
Precinct,Ab - Central Absentee Precinct (CD 5),69,222,2,0,293,0
Precinct,Ab - Central Absentee Precinct (CD 9),324,452,8,0,784,0
Precinct,Provisional (CD 5),3,4,0,0,7,0
Precinct,Provisional (CD 9),6,14,0,0,20,0
Locality,Highland County,969,325,8,1,1303,0
Precinct,##ev - Central Absentee Precinct,146,87,1,0,234,0
Precinct,##pe - Central Absentee Precinct,1,1,0,0,2,0
Precinct,1 - Monterey,239,61,1,0,301,0
Precinct,3 - Wilsons Mill,72,14,0,0,86,0
Precinct,5 - Blue Grass,126,44,1,1,172,0
Precinct,7 - Mill Gap,90,28,1,0,119,0
Precinct,8 - Mcdowell,208,43,2,0,253,0
Precinct,10 - Headwaters,68,12,0,0,80,0
Precinct,AB - Central Absentee Precinct,19,35,2,0,56,0
Precinct,Provisional,0,0,0,0,0,0
Locality,Hopewell City,3095,3085,87,9,6276,0
Precinct,##ev - Central Absentee Precinct,939,1022,17,1,1979,0
Precinct,##pe - Central Absentee Precinct,0,0,0,0,0,0
Precinct,101 - Ward One,262,169,10,4,445,0
Precinct,201 - Ward Two,77,262,8,0,347,0
Precinct,301 - Ward Three,534,201,4,2,741,0
Precinct,401 - Ward Four,445,372,10,1,828,0
Precinct,501 - Ward Five,390,204,4,0,598,0
Precinct,601 - Ward Six,100,307,9,1,417,0
Precinct,701 - Ward Seven,230,223,9,0,462,0
Precinct,Ab - Central Absentee Precinct,110,313,15,0,438,0
Precinct,Provisional,8,12,1,0,21,0
Locality,Isle of Wight County,12000,6565,91,17,18673,0
Precinct,##ev - Central Absentee Precinct,2669,1775,13,1,4458,0
Precinct,##pe - Central Absentee Precinct,26,28,0,0,54,0
Precinct,101 - Smithfield,1108,430,4,1,1543,0
Precinct,102 - Cypress Creek,864,377,4,1,1246,0
Precinct,201 - Bartlett,1222,524,11,2,1759,0
Precinct,202 - Carrollton,978,512,7,2,1499,0
Precinct,301 - Rushmere,599,411,4,1,1015,0
Precinct,302 - Pons,432,456,6,0,894,0
Precinct,401 - Courthouse,392,76,2,1,471,0
Precinct,402 - Windsor,687,196,3,0,886,0
Precinct,403 - Longview,659,368,8,1,1036,0
Precinct,501 - Walters,546,108,2,0,656,0
Precinct,502 - Camps Mill,154,110,5,0,269,0
Precinct,503 - Carrsville,333,122,4,1,460,0
Precinct,504 - Zuni,572,126,4,0,702,0
Precinct,505 - Raynor,335,51,2,1,389,0
Precinct,Ab - Central Absentee Precinct,419,876,12,4,1311,0
Precinct,Provisional,5,19,0,1,25,0
Locality,James City County,21048,18836,186,21,40091,0
Precinct,##ev - Central Absentee Precinct (CD 1),7504,7247,35,5,14791,0
Precinct,##ev - Central Absentee Precinct (CD 2),1433,1755,5,2,3195,0
Precinct,##pe - Central Absentee Precinct (CD 1),14,59,3,0,76,0
Precinct,##pe - Central Absentee Precinct (CD 2),10,12,1,0,23,0
Precinct,101 - Berkeley A (CD 1),736,466,3,2,1207,0
Precinct,102 - Berkeley B (CD 1),544,367,3,1,915,0
Precinct,103 - Berkeley C (CD 1),867,459,3,1,1330,0
Precinct,104- Berkeley D (CD 2),260,217,2,0,479,0
Precinct,201 - Jamestown A (CD 2),211,166,6,3,386,0
Precinct,202 - Jamestown B (CD 1),435,459,16,1,911,0
Precinct,202 - Jamestown B (CD 2),0,0,0,0,0,0
Precinct,203 - Jamestown C (CD 1),490,332,3,0,825,0
Precinct,204 - Jamestown D (CD 1),527,282,4,0,813,0
Precinct,301 - Powhatan A (CD 1),622,301,3,0,926,0
Precinct,302 - Powhatan B (CD 1),225,217,5,0,447,0
Precinct,303 - Powhatan C (CD 1),531,152,2,1,686,0
Precinct,304 - Powhatan D (CD 1),500,485,8,1,994,0
Precinct,401 - Stonehouse A (CD 1),1121,614,11,1,1747,0
Precinct,402 - Stonehouse B (CD 1),1011,613,14,0,1638,0
Precinct,403 - Stonehouse C (CD 1),1030,434,8,0,1472,0
Precinct,501 - Roberts A (CD 2),233,403,4,0,640,0
Precinct,502 - Roberts B (CD 2),920,350,3,0,1273,0
Precinct,503 - Roberts C (CD 2),94,155,5,0,254,0
Precinct,504 - Roberts D (CD 1),0,0,0,0,0,0
Precinct,504 - Roberts D (CD 2),694,529,13,0,1236,0
Precinct,AB - Central Absentee Precinct (CD 2),216,595,8,0,819,0
Precinct,Ab - Central Absentee Precinct (CD 1),792,2124,18,3,2937,0
Precinct,Provisional (CD 1),16,30,0,0,46,0
Precinct,Provisional (CD 2),12,13,0,0,25,0
Locality,King and Queen County,2112,1130,18,1,3261,0
Precinct,##ev - Central Absentee Precinct,351,227,1,0,579,0
Precinct,##pe - Central Absentee Precinct,6,7,0,0,13,0
Precinct,101 - Owenton,270,236,3,0,509,0
Precinct,201 - Clarks,395,129,1,0,525,0
Precinct,301 - Shacklefords,338,163,4,1,506,0
Precinct,401 - Courthouse,307,159,6,0,472,0
Precinct,501 - Oldmill,370,81,1,0,452,0
Precinct,Ab - Central Absentee Precinct,74,126,2,0,202,0
Precinct,Provisional,1,2,0,0,3,0
Locality,King George County,7286,3317,91,7,10701,0
Precinct,##ev - Central Absentee Precinct,2566,1375,18,4,3963,0
Precinct,##pe - Central Absentee Precinct,9,3,0,0,12,0
Precinct,101 - Courthouse,930,272,8,0,1210,0
Precinct,102 - Passapatanzy,544,194,2,0,740,0
Precinct,201 - Monroe,1088,275,16,1,1380,0
Precinct,301 - Dahlgren,884,413,13,1,1311,0
Precinct,401 - Shiloh,1060,325,18,0,1403,0
Precinct,Ab - Central Absentee Precinct,199,453,16,1,669,0
Precinct,Provisional,6,7,0,0,13,0
Locality,King William County,6286,2247,33,6,8572,0
Precinct,##ev - Central Absentee Precinct,1146,613,2,1,1762,0
Precinct,##pe - Central Absentee Precinct,4,3,0,0,7,0
Precinct,101 - West Point,865,358,14,0,1237,0
Precinct,201 - Sweet Hall,411,93,1,0,505,0
Precinct,202 - Courthouse,520,182,4,1,707,0
Precinct,301 - Aylett,1073,200,6,1,1280,0
Precinct,401 - Manquin,1120,269,5,3,1397,0
Precinct,501 - Mangohick,1007,309,1,0,1317,0
Precinct,Ab - Central Absentee Precinct,139,220,0,0,359,0
Precinct,Provisional,1,0,0,0,1,0
Locality,Lancaster County,3448,2406,16,3,5873,0
Precinct,##ev - Central Absentee Precinct,1000,878,3,2,1883,0
Precinct,##pe - Central Absentee Precinct,0,1,0,0,1,0
Precinct,101 - Precinct 1-1,480,172,1,1,654,0
Precinct,201 - Precinct 2-1,280,250,1,0,531,0
Precinct,301 - Precinct 3-1,434,183,3,0,620,0
Precinct,302 - Precinct 3-2,226,77,0,0,303,0
Precinct,401 - Precinct 4-1,267,330,2,0,599,0
Precinct,501 - Precinct 5-1,628,271,2,0,901,0
Precinct,Ab - Central Absentee Precinct,131,242,4,0,377,0
Precinct,Provisional,2,2,0,0,4,0
Locality,Lee County,6372,882,18,2,7274,0
Precinct,##ev - Central Absentee Precinct,777,172,4,0,953,0
Precinct,##pe - Central Absentee Precinct,3,1,0,0,4,0
Precinct,101 - Elydale,272,38,1,0,311,0
Precinct,102 - Ewing,263,34,1,0,298,0
Precinct,103 - Rose Hill,524,50,2,0,576,0
Precinct,201 - Blackwater,110,12,0,0,122,0
Precinct,202 - Flatwoods,416,47,0,0,463,0
Precinct,203 - Jonesville,603,64,2,0,669,0
Precinct,301 - Ben Hur,639,68,2,0,709,0
Precinct,302 - Woodway,472,33,1,1,507,0
Precinct,401 - Stickleyville,278,39,2,0,319,0
Precinct,402 - Jasper,214,26,0,0,240,0
Precinct,403 - Seminary,303,24,0,0,327,0
Precinct,404 - Dryden,488,52,1,0,541,0
Precinct,501 - Saint Charles,177,38,0,0,215,0
Precinct,502 - Pennington,503,52,0,0,555,0
Precinct,503 - Robbins Chapel,78,7,0,0,85,0
Precinct,504 - Keokee,102,16,1,0,119,0
Precinct,Ab - Central Absentee Precinct,150,109,1,1,261,0
Precinct,Provisional,0,0,0,0,0,0
Locality,Lexington City,775,1289,10,4,2078,0
Precinct,##ev - Central Absentee Precinct,270,609,0,0,879,0
Precinct,##pe - Central Absentee Precinct,1,5,0,0,6,0
Precinct,1 - Lexington,474,495,5,4,978,0
Precinct,Ab - Central Absentee Precinct,29,172,5,0,206,0
Precinct,Provisional,1,8,0,0,9,0
Locality,Loudoun County,71467,89390,803,134,161794,0
Precinct,##ev - Central Absentee Precinct,17083,23233,105,21,40442,0
Precinct,##pe - Central Absentee Precinct,602,1637,41,3,2283,0
Precinct,107 - Little River,532,570,3,1,1106,0
Precinct,108 - Mercer,459,565,3,1,1028,0
Precinct,112 - Freedom,331,447,5,0,783,0
Precinct,114 - Dulles South,393,468,1,0,862,0
Precinct,117 - Carter,178,292,3,0,473,0
Precinct,118 - Moorefield,477,685,7,0,1169,0
Precinct,119 - Arcola,351,587,3,0,941,0
Precinct,120 - Lunsford,527,616,8,0,1151,0
Precinct,121 - Town Hall,345,399,7,1,752,0
Precinct,122 - Hutchison Farm,532,564,7,0,1103,0
Precinct,123 - Cardinal Ridge,331,383,1,1,716,0
Precinct,124 - Liberty,329,452,5,0,786,0
Precinct,125 - Rock Ridge,396,535,8,0,939,0
Precinct,126-Goshen Post,484,576,5,2,1067,0
Precinct,207 - River Bend,388,401,6,1,796,0
Precinct,208 - Algonkian,406,482,3,1,892,0
Precinct,209 - Potomac Falls,477,615,8,0,1100,0
Precinct,210 - Cascades,544,698,9,1,1252,0
Precinct,213 - Countryside,181,252,1,1,435,0
Precinct,214 - Sugarland North,577,686,5,0,1268,0
Precinct,215 - Sugarland South,526,659,6,0,1191,0
Precinct,216 - Lowes Island,574,587,3,3,1167,0
Precinct,217 - South Bank,567,617,5,0,1189,0
Precinct,218 - University Center,351,513,6,0,870,0
Precinct,219 - Galilee Church,436,531,8,0,975,0
Precinct,301 - Purcellville,773,528,1,0,1302,0
Precinct,302 - Round Hill,948,471,6,0,1425,0
Precinct,303 - Hillsboro,801,395,2,0,1198,0
Precinct,305 - Philomont,408,269,0,1,678,0
Precinct,307 - Middleburg,331,351,0,1,683,0
Precinct,308 - St Louis,342,324,3,0,669,0
Precinct,309 - Aldie,276,223,5,0,504,0
Precinct,310 - Mountain View,944,569,6,3,1522,0
Precinct,311 - Round Hill Elementary,981,538,12,2,1533,0
Precinct,312 - Briar Woods,498,735,11,0,1244,0
Precinct,313 - Pinebrook,688,695,6,1,1390,0
Precinct,314 - Legacy,518,689,3,1,1211,0
Precinct,315 - Firehouse,321,165,3,0,489,0
Precinct,316 - Creighton's Corner,608,823,6,0,1437,0
Precinct,318 - Madison's Trust,861,565,8,2,1436,0
Precinct,319 - John Champe,913,967,4,0,1884,0
Precinct,320 - Stone Hill,618,1109,8,1,1736,0
Precinct,321 - Brambleton Middle,335,447,1,3,786,0
Precinct,322-Buffalo Trail,383,510,1,2,896,0
Precinct,401 - West Lovettsville,1200,631,5,3,1839,0
Precinct,402 - Waterford,903,541,5,1,1450,0
Precinct,403 - Lucketts,899,592,2,1,1494,0
Precinct,407 - Harper Park,359,405,2,2,768,0
Precinct,408 - Evergreen,733,593,6,1,1333,0
Precinct,409 - Clarkes Gap,818,436,5,2,1261,0
Precinct,411 - East Lovettsville,773,370,4,2,1149,0
Precinct,413 - Tuscarora,29,39,0,0,68,0
Precinct,414 - Red Rock,327,428,5,1,761,0
Precinct,416 - Hamilton,1035,623,13,3,1674,0
Precinct,420 - River Creek,563,332,2,1,898,0
Precinct,421 - Between The Hills,139,70,1,0,210,0
Precinct,422 - Sycolin Creek,564,331,1,0,896,0
Precinct,501 - West Leesburg,502,490,4,3,999,0
Precinct,502 - East Leesburg,415,606,8,3,1032,0
Precinct,503 - Dry Mill,323,298,2,0,623,0
Precinct,504 - Smarts Mill,533,611,13,2,1159,0
Precinct,505 - Cool Spring,643,568,6,0,1217,0
Precinct,506 - Brandon Park,270,335,13,2,620,0
Precinct,507 - Greenway,283,223,7,2,515,0
Precinct,508 - Balls Bluff,610,677,4,1,1292,0
Precinct,509 - Tolbert,588,840,6,1,1435,0
Precinct,510 - Heritage,365,293,9,0,667,0
Precinct,615 - Hillside,518,646,9,0,1173,0
Precinct,616 - Eagle Ridge,541,669,5,2,1217,0
Precinct,617 - Oak Grove,150,322,3,0,475,0
Precinct,619 - Ridgetop,164,328,5,1,498,0
Precinct,620 - Russell Branch,608,735,6,3,1352,0
Precinct,621 - Dominion Trail,658,782,7,0,1447,0
Precinct,622 - Farmwell Station,596,830,8,2,1436,0
Precinct,623 - Weller,704,878,3,1,1586,0
Precinct,625 - Mill Run,269,278,1,0,548,0
Precinct,626 - Ashby Ponds,456,647,1,0,1104,0
Precinct,627 - Ashbrook,151,250,2,0,403,0
Precinct,628 - Moorefield Station,577,803,3,0,1383,0
Precinct,629 - Discovery,138,179,0,0,317,0
Precinct,701 - Sully,414,478,9,4,905,0
Precinct,702 - Park View,384,444,8,2,838,0
Precinct,703 - Rolling Ridge,339,678,3,4,1024,0
Precinct,705 - Forest Grove,513,656,8,1,1178,0
Precinct,707 - Claude Moore Park,303,491,8,1,803,0
Precinct,708 - Seneca,464,490,3,0,957,0
Precinct,709 - Mirror Ridge,413,560,14,1,988,0
Precinct,710 - Sterling,326,375,5,1,707,0
Precinct,808 - Stone Bridge,691,776,2,3,1472,0
Precinct,810 - Cedar Lane,517,621,7,2,1147,0
Precinct,813 - Seldens Landing,385,518,8,2,913,0
Precinct,814 - Newton - Lee,742,585,6,1,1334,0
Precinct,815 - Belmont Ridge,510,618,5,1,1134,0
Precinct,817 - Sanders Corner,717,729,10,2,1458,0
Precinct,818 - Broad Run,471,494,5,0,970,0
Precinct,819 - Heritage Church,438,456,3,1,898,0
Precinct,820 - Belmont Station,480,551,6,0,1037,0
Precinct,822 - Riverside,383,448,3,0,834,0
Precinct,Ab - Central Absentee Precinct,4547,13089,154,13,17803,0
Precinct,Provisional,102,231,2,1,336,0
Locality,Louisa County,11649,5896,87,7,17639,0
Precinct,##ev - Central Absentee Precinct,2307,1728,13,0,4048,0
Precinct,##pe - Central Absentee Precinct,22,31,1,0,54,0
Precinct,101 - Zion,951,501,5,0,1457,0
Precinct,102 - Mechanicsville,515,209,4,1,729,0
Precinct,201 - Louisa #1,530,224,2,1,757,0
Precinct,202 - Louisa #2,558,166,5,0,729,0
Precinct,301 - Patrick Henry No 1,745,487,11,0,1243,0
Precinct,302 - Patrick Henry #2,259,109,4,0,372,0
Precinct,401 - Mineral,1005,299,3,1,1308,0
Precinct,402 - Yanceyville,264,108,4,0,376,0
Precinct,501 - Fredericks Hall,242,149,3,0,394,0
Precinct,502 - Cuckoo,517,149,4,0,670,0
Precinct,503 - Elk Creek,489,132,2,0,623,0
Precinct,601 - Bumpass,707,145,1,0,853,0
Precinct,602 - Locust Creek,803,212,6,0,1021,0
Precinct,701 - Sheltons Mill,875,204,6,1,1086,0
Precinct,702 - South Anna,518,175,2,0,695,0
Precinct,Ab - Central Absentee Precinct,335,862,11,3,1211,0
Precinct,Provisional,7,6,0,0,13,0
Locality,Lunenburg County,3019,1567,11,0,4597,0
Precinct,##ev - Central Absentee Precinct,662,481,2,0,1145,0
Precinct,##pe - Central Absentee Precinct,3,1,0,0,4,0
Precinct,101 - Plymouth,277,44,0,0,321,0
Precinct,201 - Browns Store,277,87,2,0,366,0
Precinct,301 - Rosebud,253,52,0,0,305,0
Precinct,302 - Flat Rock,245,87,0,0,332,0
Precinct,401 - Arrowhead Gun Club,177,26,0,0,203,0
Precinct,402 - Pleasant Grove,288,69,0,0,357,0
Precinct,501 - Reedy Creek,111,62,1,0,174,0
Precinct,502 - Peoples Community Center,110,100,0,0,210,0
Precinct,601 - Hounds Creek,206,200,1,0,407,0
Precinct,701 - Meherrin Fire Department,142,74,3,0,219,0
Precinct,702 - Victoria Public Library,193,61,0,0,254,0
Precinct,Ab - Central Absentee Precinct,75,222,2,0,299,0
Precinct,Provisional,0,1,0,0,1,0
Locality,Lynchburg City,13668,11000,198,35,24901,0
Precinct,##ev - Central Absentee Precinct,2117,2978,22,2,5119,0
Precinct,##pe - Central Absentee Precinct,30,71,0,0,101,0
Precinct,101 - First Ward First Precinct,958,508,18,3,1487,0
Precinct,102 - First Ward Second Precinct,1176,507,4,3,1690,0
Precinct,103 - First Ward Third Precinct,739,377,4,0,1120,0
Precinct,104 - First Ward Fourth Precinct,216,210,3,0,429,0
Precinct,105 - First Ward Fifth Precinct,425,317,3,1,746,0
Precinct,201 - Second Ward First Precinct,374,642,9,2,1027,0
Precinct,202 - Second Ward Second Precinct,306,517,8,1,832,0
Precinct,203 - Second Ward Third Precinct,121,203,2,2,328,0
Precinct,204 - Second Ward Fourth Precinct,208,148,1,0,357,0
Precinct,301 - Third Ward First Precinct,297,247,7,2,553,0
Precinct,302 - Third Ward Second Precinct,516,12,4,1,533,0
Precinct,303 - Third Ward Third Precinct,437,196,3,2,638,0
Precinct,304 - Third Ward Fourth Precinct,459,202,4,0,665,0
Precinct,305 - Third Ward Fifth Precinct,1058,315,11,6,1390,0
Precinct,401 - Fourth Ward First Precinct,1394,366,11,0,1771,0
Precinct,402 - Fourth Ward Second Precinct,456,231,2,3,692,0
Precinct,403 - Fourth Ward Third Precinct,820,406,23,1,1250,0
Precinct,404 - Fourth Ward Fourth Precinct,820,465,12,2,1299,0
Precinct,Ab - Central Absentee Precinct,726,2053,45,4,2828,0
Precinct,Provisional,15,29,2,0,46,0
Locality,Madison County,4721,1973,29,5,6728,0
Precinct,##ev - Central Absentee Precinct,1070,645,5,1,1721,0
Precinct,##pe - Central Absentee Precinct,6,9,0,0,15,0
Precinct,1 - Oak Park,370,178,2,1,551,0
Precinct,2 - Radiant,590,229,0,0,819,0
Precinct,3 - Rochelle,340,96,4,0,440,0
Precinct,4 - Graves Mill,42,15,0,0,57,0
Precinct,5 - Madison,583,192,3,1,779,0
Precinct,6 - Wolftown,386,131,2,0,519,0
Precinct,7 - Brightwood,741,143,6,1,891,0
Precinct,8 - Criglersville,316,86,1,0,403,0
Precinct,9 - Etlan,198,73,1,1,273,0
Precinct,Ab - Central Absentee Precinct,78,174,5,0,257,0
Precinct,Provisional,1,2,0,0,3,0
Locality,Manassas City,5050,6155,87,14,11306,0
Precinct,##ev - Central Absentee Precinct,1592,2134,20,4,3750,0
Precinct,##pe - Central Absentee Precinct,15,28,1,0,44,0
Precinct,1 - Dean,375,535,8,0,918,0
Precinct,2 - Weems,564,553,16,0,1133,0
Precinct,3 - Metz,635,568,8,2,1213,0
Precinct,4 - Haydon,582,527,8,2,1119,0
Precinct,5 - Baldwin,482,461,8,3,954,0
Precinct,6 - Round,552,423,2,2,979,0
Precinct,Ab - Central Absentee Precinct,251,913,15,1,1180,0
Precinct,Provisional,2,13,1,0,16,0
Locality,Manassas Park City,1379,2158,46,14,3597,0
Precinct,##ev - Central Absentee Precinct,358,591,12,2,963,0
Precinct,##pe - Central Absentee Precinct,4,4,1,0,9,0
Precinct,1 - Precinct One,326,528,10,1,865,0
Precinct,2 - Precinct Two,305,287,6,2,600,0
Precinct,3 - Precinct Three,290,412,7,8,717,0
Precinct,Ab - Central Absentee Precinct,92,334,10,1,437,0
Precinct,Provisional,4,2,0,0,6,0
Locality,Martinsville City,1676,2224,40,5,3945,0
Precinct,##ev - Central Absentee Precinct,365,425,4,2,796,0
Precinct,##pe - Central Absentee Precinct,1,9,0,0,10,0
Precinct,1 - Precinct #1,13,241,2,0,256,0
Precinct,2 - Precinct #2,297,268,8,1,574,0
Precinct,3 - Precinct #3,124,170,4,0,298,0
Precinct,4 - Precinct #4,217,356,6,0,579,0
Precinct,5 - Precinct #5,583,300,8,2,893,0
Precinct,6 - Precinct #6,6,138,1,0,145,0
Precinct,Ab - Central Absentee Precinct,70,308,7,0,385,0
Precinct,Provisional,0,9,0,0,9,0
Locality,Mathews County,3493,1363,18,7,4881,0
Precinct,##ev - Central Absentee Precinct,1526,738,2,3,2269,0
Precinct,##pe - Central Absentee Precinct,1,4,0,0,5,0
Precinct,1 - Chesapeake,450,112,7,0,569,0
Precinct,2 - Westville,670,200,7,0,877,0
Precinct,3 - Piankatank,745,188,2,1,936,0
Precinct,Ab - Central Absentee Precinct,98,121,0,3,222,0
Precinct,Provisional,3,0,0,0,3,0
Locality,Mecklenburg County,7922,4075,37,3,12037,0
Precinct,##ev - Central Absentee Precinct,1766,885,3,0,2654,0
Precinct,##pe - Central Absentee Precinct,4,17,0,0,21,0
Precinct,101 - Wrights Store,215,158,1,0,374,0
Precinct,102 - Pearsons Store,123,27,0,0,150,0
Precinct,103 - South Clarksville,306,204,1,0,511,0
Precinct,201 - Boydton,161,105,0,0,266,0
Precinct,202 - Bluestone Senior High School,50,65,0,0,115,0
Precinct,203 - Chase City Vfw Post,46,145,0,0,191,0
Precinct,301 - Bracey,584,138,2,0,724,0
Precinct,302 - Lacrosse,302,130,2,0,434,0
Precinct,401 - American Legion Hall,307,416,4,0,727,0
Precinct,402 - Park View Middle School,69,77,0,0,146,0
Precinct,501 - South Hill,580,286,3,0,869,0
Precinct,601 - Baskerville,280,86,1,2,369,0
Precinct,602 - Union Level,224,27,0,0,251,0
Precinct,603 - Smith Crossroads,145,52,2,0,199,0
Precinct,604 - Lake Gaston,192,61,0,0,253,0
Precinct,701 - Chase City,288,132,2,1,423,0
Precinct,702 - Sunshine,281,110,0,0,391,0
Precinct,801 - Finchley,108,41,1,0,150,0
Precinct,802 - Bluestone,337,70,1,0,408,0
Precinct,803 - Chase City Elementary School,246,90,0,0,336,0
Precinct,901 - Averett,147,9,0,0,156,0
Precinct,902 - Buffalo Springs,226,53,2,0,281,0
Precinct,903 - Clarksville,660,197,2,0,859,0
Precinct,Ab - Central Absentee Precinct,272,487,9,0,768,0
Precinct,Provisional,3,7,1,0,11,0
Locality,Middlesex County,3703,1860,47,3,5613,0
Precinct,##ev - Central Absentee Precinct,880,610,10,0,1500,0
Precinct,##pe - Central Absentee Precinct,1,5,0,0,6,0
Precinct,101 - Saluda,153,64,2,0,219,0
Precinct,102 - Urbanna,334,150,2,0,486,0
Precinct,201 - New Market,744,212,2,0,958,0
Precinct,302 - Church View,444,224,18,0,686,0
Precinct,401- Harmony Village,418,192,8,1,619,0
Precinct,501 - Wilton,641,195,2,2,840,0
Precinct,Ab - Central Absentee Precinct,86,206,3,0,295,0
Precinct,Provisional,2,2,0,0,4,0
Locality,Montgomery County,17041,15355,377,22,32795,0
Precinct,##ev - Central Absentee Precinct,3775,4811,73,3,8662,0
Precinct,##pe - Central Absentee Precinct,18,85,6,0,109,0
Precinct,101 - Precinct A-1,630,536,16,1,1183,0
Precinct,102 - Precinct A-2,197,488,16,1,702,0
Precinct,103 - Precinct A-3,459,722,15,0,1196,0
Precinct,201 - Precinct B-1,106,63,2,0,171,0
Precinct,202 - Precinct B-2,753,432,18,1,1204,0
Precinct,203 - Precinct B-3,613,360,7,1,981,0
Precinct,204 - Precinct B-4,922,643,17,1,1583,0
Precinct,301 - Precinct C-1,968,212,6,1,1187,0
Precinct,302 - Precinct C-2,744,281,13,1,1039,0
Precinct,303 - Precinct C-3,404,109,5,0,518,0
Precinct,304 - Precinct C-4,763,290,15,0,1068,0
Precinct,401 - Precinct D-1,493,174,10,0,677,0
Precinct,402 - Precinct D-2,975,208,5,0,1188,0
Precinct,403 - Precinct D-3,799,159,5,2,965,0
Precinct,404 - Precinct D-4,491,104,5,2,602,0
Precinct,405 - Precinct D-5,753,335,11,1,1100,0
Precinct,501 - Precinct E-1,611,381,12,2,1006,0
Precinct,502 - Precinct E-2,617,262,6,0,885,0
Precinct,503 - Precinct E-3,56,189,10,1,256,0
Precinct,601 - Precinct F-1,347,565,10,1,923,0
Precinct,602 - Precinct F-2,302,603,10,1,916,0
Precinct,603 - Precinct F-3,52,40,6,0,98,0
Precinct,701 - Precinct G-1,447,728,16,0,1191,0
Precinct,702 - Precinct G-2,159,372,10,0,541,0
Precinct,Ab - Central Absentee Precinct,577,2167,51,1,2796,0
Precinct,Provisional,10,36,1,1,48,0
Locality,Nelson County,4259,3346,64,11,7680,0
Precinct,##ev - Central Absentee Precinct,738,1099,14,1,1852,0
Precinct,##pe - Central Absentee Precinct,7,13,2,0,22,0
Precinct,101 - Rockfish,683,512,13,3,1211,0
Precinct,201 - Lovingston,380,158,3,1,542,0
Precinct,202 - Schuyler,263,126,5,1,395,0
Precinct,301 - Shipman,494,172,3,1,670,0
Precinct,302 - Gladstone,124,33,0,2,159,0
Precinct,401 - Roseland,644,185,5,0,834,0
Precinct,402 - Montebello,81,33,1,1,116,0
Precinct,501 - Faber,224,143,2,0,369,0
Precinct,502 - Nellysford,490,466,7,1,964,0
Precinct,Ab - Central Absentee Precinct,131,402,9,0,542,0
Precinct,Provisional,0,4,0,0,4,0
Locality,New Kent County,8569,3439,52,6,12066,0
Precinct,##ev - Central Absentee Precinct,1492,797,2,2,2293,0
Precinct,##pe - Central Absentee Precinct,8,6,1,0,15,0
Precinct,102 - Tunstall,403,58,3,0,464,0
Precinct,103 - Southern Branch,1117,225,6,0,1348,0
Precinct,201 - Quinton,862,364,3,1,1230,0
Precinct,202 - Kentwood,693,168,3,1,865,0
Precinct,301 - Watkins,565,315,3,0,883,0
Precinct,302 - Cumberland,715,229,10,0,954,0
Precinct,401 - Providence Forge,831,343,5,0,1179,0
Precinct,403 - Mountcastle,366,120,4,1,491,0
Precinct,501 - Eltham,482,159,2,0,643,0
Precinct,502 - Chickahominy River,782,166,3,0,951,0
Precinct,Ab - Central Absentee Precinct,236,480,6,1,723,0
Precinct,Provisional,17,9,1,0,27,0
Locality,Newport News City,21241,32399,588,48,54276,0
Precinct,##ev - Central Absentee Precinct (CD 2),24,55,0,0,79,0
Precinct,##ev - Central Absentee Precinct (CD 3),3426,7461,61,7,10955,0
Precinct,##pe - Central Absentee Precinct (CD 2),0,0,0,0,0,0
Precinct,##pe - Central Absentee Precinct (CD 3),26,118,5,0,149,0
Precinct,101 - Denbigh (CD 3),439,801,20,2,1262,0
Precinct,102 - Stoney Run (CD 3),329,918,18,0,1265,0
Precinct,103 - Jenkins (CD 3),590,637,13,3,1243,0
Precinct,104 - Mcintosh (CD 3),303,588,16,0,907,0
Precinct,105 - Oyster Point (CD 3),141,153,4,0,298,0
Precinct,106 - Reservoir (CD 3),553,806,14,2,1375,0
Precinct,107 - Richneck (CD 3),647,739,10,1,1397,0
Precinct,108 - Katherine Johnson (CD 3),311,695,13,0,1019,0
Precinct,109 - Windsor (CD 3),356,408,13,0,777,0
Precinct,110 - Greenwood (CD 3),381,763,17,0,1161,0
Precinct,201 - Bland (CD 3),77,126,3,0,206,0
Precinct,202 - Boulevard (CD 3),666,440,10,3,1119,0
Precinct,203 - Charles (CD 3),997,740,20,2,1759,0
Precinct,204 - Mariners' Museum (CD 3),301,261,6,0,568,0
Precinct,205 - Deep Creek (CD 3),1004,503,5,1,1513,0
Precinct,208 - Hidenwood (CD 3),541,316,2,1,860,0
Precinct,209 - Hilton (CD 3),593,532,7,0,1132,0
Precinct,210 - Knollwood Meadows (CD 3),981,819,21,3,1824,0
Precinct,211 - Palmer (CD 2),29,55,3,1,88,0
Precinct,211 - Palmer (CD 3),443,519,12,1,975,0
Precinct,212 - Riverside (CD 3),499,311,3,0,813,0
Precinct,213 - Sanford (CD 3),423,232,0,0,655,0
Precinct,215 - Warwick (CD 3),319,291,6,1,617,0
Precinct,216 - Yates (CD 3),458,303,7,2,770,0
Precinct,217 - Riverview (CD 3),666,403,6,2,1077,0
Precinct,218 - Kiln Creek (CD 2),24,21,0,0,45,0
Precinct,218 - Kiln Creek (CD 3),779,782,20,0,1581,0
Precinct,219 - Deer Park (CD 3),361,624,14,0,999,0
Precinct,302 - Briarfield (CD 3),189,449,8,0,646,0
Precinct,303 - Carver (CD 3),145,323,5,1,474,0
Precinct,304 - Chestnut (CD 3),24,316,6,0,346,0
Precinct,305 - Downtown (CD 3),54,180,4,0,238,0
Precinct,306 - Dunbar (CD 3),4,65,3,0,72,0
Precinct,307 - Huntington (CD 3),13,239,3,0,255,0
Precinct,308 - Jefferson (CD 3),9,213,1,0,223,0
Precinct,309 - Magruder (CD 3),18,313,7,2,340,0
Precinct,310 - Marshall (CD 3),26,350,7,3,386,0
Precinct,311 - Newmarket (CD 3),313,665,16,1,995,0
Precinct,312 - Newsome Park (CD 3),8,117,3,1,129,0
Precinct,313 - Reed (CD 3),44,507,4,0,555,0
Precinct,314 - River (CD 3),257,278,5,1,541,0
Precinct,315 - Sedgefield (CD 3),447,395,19,0,861,0
Precinct,316 - South Morrison (CD 3),366,492,16,0,874,0
Precinct,317 - Washington (CD 3),10,169,3,0,182,0
Precinct,318 - Wilson (CD 3),53,339,7,0,399,0
Precinct,319 - Saunders (CD 3),659,599,7,0,1265,0
Precinct,320 - Watkins (CD 3),994,702,22,2,1720,0
Precinct,Ab - Central Absentee Precinct (CD 2),15,19,1,0,35,0
Precinct,Ab - Central Absentee Precinct (CD 3),865,4177,92,5,5139,0
Precinct,Provisional (CD 2),0,0,0,0,0,0
Precinct,Provisional (CD 3),41,72,0,0,113,0
Locality,Norfolk City,18888,40324,789,60,60061,0
Precinct,##ev - Central Absentee Precinct (CD 2),1685,2552,24,1,4262,0
Precinct,##ev - Central Absentee Precinct (CD 3),1564,6545,66,7,8182,0
Precinct,##pe - Central Absentee Precinct (CD 2),23,86,7,0,116,0
Precinct,##pe - Central Absentee Precinct (CD 3),27,162,12,0,201,0
Precinct,101 - Granby (CD 3),424,706,10,1,1141,0
Precinct,102 - Ocean View School (CD 2),297,229,5,0,531,0
Precinct,103 - Northside (CD 2),500,389,10,1,900,0
Precinct,104 - Titustown (CD 3),1,22,0,0,23,0
Precinct,104 - Titustown (CD 2),61,323,5,0,389,0
Precinct,106 - Second Presbyterian (CD 2),453,573,13,1,1040,0
Precinct,201 - Larchmont School (CD 3),379,558,10,1,948,0
Precinct,203 - Ghent Square (CD 3),176,347,3,0,526,0
Precinct,207 - Lambert's Point (CD 3),120,604,14,4,742,0
Precinct,208 - Larchmont Library (CD 3),374,403,5,0,782,0
Precinct,210 - Maury (CD 3),273,668,9,2,952,0
Precinct,211 - Chrysler Museum (CD 3),459,729,10,2,1200,0
Precinct,212 - Park Place (CD 3),66,500,19,2,587,0
Precinct,213 - Taylor Elementary School (CD 3),306,886,15,2,1209,0
Precinct,214 - Stuart (CD 3),320,795,18,2,1135,0
Precinct,215 - Suburban Park (CD 2),419,473,11,1,904,0
Precinct,217 - Wesley (CD 2),300,400,13,0,713,0
Precinct,218 - Willard (CD 3),652,703,10,4,1369,0
Precinct,301 - Ballentine (CD 3),131,565,12,1,709,0
Precinct,302 - Tanners Creek (CD 3),123,360,6,1,490,0
Precinct,303 - Broad Creek (CD 3),57,714,16,1,788,0
Precinct,304 - Coleman Place School (CD 3),107,347,8,1,463,0
Precinct,305 - Lafayette-winona (CD 3),153,486,9,0,648,0
Precinct,306 - Lindenwood (CD 3),77,443,8,1,529,0
Precinct,309 - Norview (CD 3),341,819,21,0,1181,0
Precinct,310 - Rosemont (CD 3),95,979,19,1,1094,0
Precinct,311 - Sherwood (CD 3),542,800,16,3,1361,0
Precinct,313 - Union Chapel (CD 3),15,333,11,0,359,0
Precinct,402 - Berkley (CD 3),22,557,14,0,593,0
Precinct,404 - Campostella (CD 3),35,538,20,0,593,0
Precinct,405 - Chesterfield (CD 3),49,563,10,0,622,0
Precinct,406 - Barron Black (CD 2),336,342,7,0,685,0
Precinct,408 - Easton (CD 3),482,420,5,2,909,0
Precinct,409 - Fairlawn (CD 3),334,340,7,0,681,0
Precinct,411 - Ruffner Academy (CD 3),18,274,6,0,298,0
Precinct,412 - Ingleside (CD 3),136,591,16,1,744,0
Precinct,413 - Poplar Halls (CD 3),214,720,13,2,949,0
Precinct,414 - Young Park (CD 3),37,465,12,0,514,0
Precinct,415 - Lake Taylor High School (CD 3),302,367,15,0,684,0
Precinct,501 - Bayview (CD 2),607,454,14,0,1075,0
Precinct,503 - East Ocean View (CD 2),630,510,12,1,1153,0
Precinct,504 - Larrymore (CD 2),420,489,10,0,919,0
Precinct,505 - Little Creek (CD 2),434,313,9,2,758,0
Precinct,506 - Ocean View Center (CD 2),445,558,16,2,1021,0
Precinct,507 - Pretlow (CD 2),429,427,20,2,878,0
Precinct,509 - Tarrallton (CD 2),730,384,14,0,1128,0
Precinct,510 - Third Presbyterian (CD 2),770,468,11,1,1250,0
Precinct,511 - Crossroads (CD 2),543,489,15,0,1047,0
Precinct,512 - Azalea Gardens (CD 2),348,306,8,0,662,0
Precinct,Ab - Central Absentee Precinct (CD 2),441,1681,31,3,2156,0
Precinct,Ab - Central Absentee Precinct (CD 3),577,4419,85,4,5085,0
Precinct,Provisional (CD 2),11,30,2,0,43,0
Precinct,Provisional (CD 3),18,120,2,0,140,0
Locality,Northampton County,2650,2584,27,3,5264,0
Precinct,##ev - Central Absentee Precinct,778,940,7,0,1725,0
Precinct,##pe - Central Absentee Precinct,5,7,0,0,12,0
Precinct,101 - Precinct 1-1,527,292,1,0,820,0
Precinct,201 - Precinct 2-1,226,264,5,1,496,0
Precinct,301 - Precinct 3-1,193,286,5,0,484,0
Precinct,401 - Precinct 4-1,366,192,4,1,563,0
Precinct,501 - Precinct 5-1,418,231,1,1,651,0
Precinct,Ab - Central Absentee Precinct,136,369,4,0,509,0
Precinct,Provisional,1,3,0,0,4,0
Locality,Northumberland County,4167,2312,37,0,6516,0
Precinct,##ev - Central Absentee Precinct,1309,985,7,0,2301,0
Precinct,##pe - Central Absentee Precinct,3,0,0,0,3,0
Precinct,101 - 1a,452,157,4,0,613,0
Precinct,201 - 2a,554,172,8,0,734,0
Precinct,301 - 3a,192,267,6,0,465,0
Precinct,401 - 4a,769,259,6,0,1034,0
Precinct,501 - 5a,768,207,5,0,980,0
Precinct,Ab - Central Absentee Precinct,118,257,1,0,376,0
Precinct,Provisional,2,8,0,0,10,0
Locality,Norton City,866,320,13,4,1203,0
Precinct,##ev - Central Absentee Precinct,334,125,7,1,467,0
Precinct,##pe - Central Absentee Precinct,0,0,0,0,0,0
Precinct,1 - East Ward,515,142,4,3,664,0
Precinct,AB - Central Absentee Precinct,16,53,2,0,71,0
Precinct,Provisional,1,0,0,0,1,0
Locality,Nottoway County,3497,1892,24,3,5416,0
Precinct,##ev - Central Absentee Precinct,998,667,7,0,1672,0
Precinct,##pe - Central Absentee Precinct,1,6,0,0,7,0
Precinct,101 - Precinct 1-1,325,101,2,0,428,0
Precinct,102 - Precinct 1-2,245,82,0,0,327,0
Precinct,201 - Precinct 2-1,373,142,4,1,520,0
Precinct,202 - Precinct 2-2,205,45,0,0,250,0
Precinct,301 - Precinct 3-1,167,154,2,0,323,0
Precinct,302 - Precinct 3-2,191,60,0,0,251,0
Precinct,401 - Precinct 4-1,90,183,1,0,274,0
Precinct,402 - Precinct 4-2,376,84,1,0,461,0
Precinct,501 - Precinct 5-1,427,207,4,1,639,0
Precinct,Ab - Central Absentee Precinct,99,161,3,1,264,0
Precinct,Provisional,0,0,0,0,0,0
Locality,Orange County,10670,5351,80,9,16110,0
Precinct,##ev - Central Absentee Precinct,1726,1337,12,2,3077,0
Precinct,##pe - Central Absentee Precinct,11,38,2,0,51,0
Precinct,101 - One West,883,346,2,1,1232,0
Precinct,102 - One East,760,361,3,0,1124,0
Precinct,201 - Two West,948,191,5,1,1145,0
Precinct,202 - Two East,915,200,5,0,1120,0
Precinct,301 - Three West,702,368,6,0,1076,0
Precinct,302 - Three East,345,96,2,0,443,0
Precinct,401 - Four West,1113,206,2,1,1322,0
Precinct,402 - Four East,898,438,13,1,1350,0
Precinct,501 - Five South,958,473,9,1,1441,0
Precinct,502 - Five North,1053,544,9,2,1608,0
Precinct,Ab - Central Absentee Precinct,349,742,9,0,1100,0
Precinct,Provisional,9,11,1,0,21,0
Locality,Page County,7594,1995,28,5,9622,0
Precinct,##ev - Central Absentee Precinct,1250,794,5,1,2050,0
Precinct,##pe - Central Absentee Precinct,2,3,0,0,5,0
Precinct,101 - West Luray,959,199,3,1,1162,0
Precinct,201 - East Luray,1097,231,5,0,1333,0
Precinct,301 - Marksville,1473,170,1,1,1645,0
Precinct,401 - Newport,1124,113,4,0,1241,0
Precinct,501 - Shenandoah,1457,159,3,2,1621,0
Precinct,Ab - Central Absentee Precinct,225,324,7,0,556,0
Precinct,Provisional,7,2,0,0,9,0
Locality,Patrick County,5946,1255,32,6,7239,0
Precinct,##ev - Central Absentee Precinct,1050,266,2,2,1320,0
Precinct,##pe - Central Absentee Precinct,4,6,0,0,10,0
Precinct,101 - Ararat,321,59,2,0,382,0
Precinct,102 - Claudville,316,47,0,0,363,0
Precinct,103 - Willis Gap,366,50,0,0,416,0
Precinct,201 - Dry Pond,201,24,0,0,225,0
Precinct,202 - Patrick Springs,461,66,3,1,531,0
Precinct,203 - Russell Creek,362,69,4,0,435,0
Precinct,301 - Critz/stella,518,105,3,0,626,0
Precinct,302 - Liberty,387,39,2,1,429,0
Precinct,401 - Meadows Of Dan,422,101,3,0,526,0
Precinct,402 - Stuart Fairgrounds,365,60,2,0,427,0
Precinct,501 - Stuart Community,189,30,2,0,221,0
Precinct,502 - Elamsville,346,62,2,1,411,0
Precinct,503 - Woolwine,467,54,2,0,523,0
Precinct,Ab - Central Absentee Precinct,171,215,5,1,392,0
Precinct,Provisional,0,2,0,0,2,0
Locality,Petersburg City,1207,7591,141,5,8944,0
Precinct,##ev - Central Absentee Precinct,371,2297,24,0,2692,0
Precinct,##pe - Central Absentee Precinct,2,41,3,0,46,0
Precinct,101 - First Ward First Precinct,90,413,10,0,513,0
Precinct,201 - Second Ward First Precinct,91,839,18,1,949,0
Precinct,301 - Third Ward First Precinct,238,738,18,1,995,0
Precinct,401 - Fourth Ward First Precinct,150,460,12,0,622,0
Precinct,501 - Fifth Ward First Precinct,56,477,13,1,547,0
Precinct,601 - Sixth Ward First Precinct,33,425,7,0,465,0
Precinct,701 - Seventh Ward First Precinct,79,643,7,1,730,0
Precinct,Ab - Central Absentee Precinct,93,1243,27,1,1364,0
Precinct,Provisional,4,15,2,0,21,0
Locality,Pittsylvania County,19543,6319,76,12,25950,0
Precinct,##ev - Central Absentee Precinct,2789,994,7,1,3791,0
Precinct,##pe - Central Absentee Precinct,27,27,3,0,57,0
Precinct,103 - Twin Springs,1484,222,5,1,1712,0
Precinct,105 - Chatham,337,88,2,0,427,0
Precinct,106 - Tunstall,594,109,3,1,707,0
Precinct,108 - West Blairs,333,90,2,0,425,0
Precinct,201 - Callands,582,101,2,0,685,0
Precinct,202- Bearskin,135,49,0,0,184,0
Precinct,204 - Sandy Level,391,80,0,0,471,0
Precinct,206 - Climax,396,67,0,0,463,0
Precinct,207 - Gretna,918,198,4,1,1121,0
Precinct,301 - Central,193,207,4,0,404,0
Precinct,305 - Riceville,253,217,2,0,472,0
Precinct,307 - East Blairs,182,372,0,0,554,0
Precinct,308 - Mt Airy,151,141,3,0,295,0
Precinct,309 - East Gretna,203,126,2,1,332,0
Precinct,402 - Keeling,609,76,3,0,688,0
Precinct,404 - Kentuck,1057,202,3,1,1263,0
Precinct,405 - Ringgold,1087,252,1,0,1340,0
Precinct,501 - Hurt,781,240,4,1,1026,0
Precinct,502 - Motley Sycamore,920,232,3,2,1157,0
Precinct,503 - Renan,511,110,4,0,625,0
Precinct,603 - Stony Mill,692,150,2,0,844,0
Precinct,604 - Swansonville,512,153,1,1,667,0
Precinct,605 - Whitmell,549,117,1,1,668,0
Precinct,606 - Brosville,413,264,4,0,681,0
Precinct,607 - Dry Fork,271,52,0,0,323,0
Precinct,702 - Bachelors Hall,878,111,1,0,990,0
Precinct,703 - Ferry Road,165,45,0,0,210,0
Precinct,704 - Mt Hermon,963,278,1,0,1242,0
Precinct,705 - Mt Cross,610,100,0,0,710,0
Precinct,Ab - Central Absentee Precinct,545,842,9,1,1397,0
Precinct,Provisional,12,7,0,0,19,0
Locality,Poquoson City,4897,1364,32,5,6298,0
Precinct,##ev - Central Absentee Precinct,1599,619,9,2,2229,0
Precinct,##pe - Central Absentee Precinct,0,7,0,0,7,0
Precinct,1 - Central,972,178,7,1,1158,0
Precinct,2 - Eastern,1134,208,8,1,1351,0
Precinct,3 - Western,1107,217,6,1,1331,0
Precinct,Ab - Central Absentee Precinct,85,133,2,0,220,0
Precinct,Provisional,0,2,0,0,2,0
Locality,Portsmouth City,9946,19513,355,19,29833,0
Precinct,##ev - Central Absentee Precinct,1019,3753,42,0,4814,0
Precinct,##pe - Central Absentee Precinct,29,88,2,0,119,0
Precinct,1 - Emanuel A. M. E. Church,229,520,9,0,758,0
Precinct,5 - Hampton Roads Community Health Center,27,361,5,0,393,0
Precinct,7- Park View Elementary School,142,374,6,0,522,0
Precinct,9 - Third Baptist Church,119,507,8,1,635,0
Precinct,10 - Port Norfolk Recreation Center,186,238,5,0,429,0
Precinct,11 - Joseph E. Parker Recreation Center,16,388,4,0,408,0
Precinct,13 - St. Mark Missionary Baptist Church,19,195,2,0,216,0
Precinct,14 - Brighton Elementary School,31,453,7,1,492,0
Precinct,16 - Cradock Middle School,186,352,8,0,546,0
Precinct,17 - Victory Life Fellowship,266,396,12,0,674,0
Precinct,19 - Victory Elementary School,215,191,7,0,413,0
Precinct,20 - Noble Street Baptist Church,177,460,13,1,651,0
Precinct,21 - John F. Kennedy Community Center,13,336,3,0,352,0
Precinct,22 - St. Mark Deliverance Center,333,295,8,1,637,0
Precinct,23 - Westhaven Baptist Church,492,221,4,1,718,0
Precinct,24 - The Senior Station,236,287,6,0,529,0
Precinct,25 - Waterview Elementary School,432,404,10,1,847,0
Precinct,26 - William E. Waters Middle School,25,599,7,0,631,0
Precinct,27 - Cavalier Manor Recreation Center,33,536,8,0,577,0
Precinct,28 - Lakeview Elementary School,41,803,14,2,860,0
Precinct,29 - Manor High School,424,145,4,0,573,0
Precinct,30 - The Rescue Church,535,186,3,0,724,0
Precinct,31 - West Park Church Of Christ,468,482,14,0,964,0
Precinct,32 - Hodges Manor Elementary School,439,245,4,0,688,0
Precinct,33- Pinecrest Baptist Church,507,170,2,1,680,0
Precinct,34- Churchland Branch Library,512,296,7,2,817,0
Precinct,35 - Churchland Elementary School,566,375,15,1,957,0
Precinct,36 - Churchland High School,763,689,10,4,1466,0
Precinct,37 - Churchland Middle School,443,653,14,0,1110,0
Precinct,38 - Grove Baptist Church,183,748,15,0,946,0
Precinct,39 - Churchland Primary And Intermediate School,379,810,21,1,1211,0
Precinct,Ab - Central Absentee Precinct,447,2889,53,2,3391,0
Precinct,Provisional,14,68,3,0,85,0
Locality,Powhatan County,12582,3721,58,10,16371,0
Precinct,##ev - Central Absentee Precinct,3658,1273,10,1,4942,0
Precinct,##pe - Central Absentee Precinct,6,7,0,0,13,0
Precinct,101 - Subletts,875,218,3,1,1097,0
Precinct,102 - Manakin,677,210,1,2,890,0
Precinct,103 - Flat Rock,570,122,4,0,696,0
Precinct,201 - Powhatan Station,840,133,3,0,976,0
Precinct,202 - Graceland,1090,214,8,0,1312,0
Precinct,301 - Bethesda,694,178,2,2,876,0
Precinct,302 - Lee's Landing,780,196,3,0,979,0
Precinct,401 - Powhatan Courthouse,1115,163,8,1,1287,0
Precinct,402 - Mt Zion,508,97,1,0,606,0
Precinct,501 - Smith Cross Roads,611,218,6,1,836,0
Precinct,502 - Pineville,428,175,4,0,607,0
Precinct,503 - Tobaccoville,448,64,3,0,515,0
Precinct,AB - Central Absentee Precinct,280,448,2,2,732,0
Precinct,Provisional,2,5,0,0,7,0
Locality,Prince Edward County,3876,3210,36,3,7125,0
Precinct,##ev - Central Absentee Precinct,730,709,7,0,1446,0
Precinct,##pe - Central Absentee Precinct,5,7,0,0,12,0
Precinct,101 - Farmville,312,267,4,0,583,0
Precinct,201 - Lockett,526,278,2,1,807,0
Precinct,301 - Leigh,317,195,1,0,513,0
Precinct,302 - Mt Pleasant,163,144,0,2,309,0
Precinct,401 - Hampden,371,221,4,0,596,0
Precinct,501 - Darlington Hts,345,134,0,0,479,0
Precinct,502 - Buffalo Hts,154,75,0,0,229,0
Precinct,601 - Prospect,450,337,4,0,791,0
Precinct,701 - West End,255,242,4,0,501,0
Precinct,801 - Center,76,152,4,0,232,0
Precinct,Ab - Central Absentee Precinct,171,440,6,0,617,0
Precinct,Provisional,1,9,0,0,10,0
Locality,Prince George County,8548,4577,84,13,13222,0
Precinct,##ev - Central Absentee Precinct (CD 4),2504,1499,16,4,4023,0
Precinct,##pe - Central Absentee Precinct (CD 4),22,15,5,0,42,0
Precinct,101 - Richard Bland (CD 4),442,167,1,2,612,0
Precinct,102 - Templeton (CD 4),1382,283,7,0,1672,0
Precinct,103 - Union Branch (CD 4),661,331,5,2,999,0
Precinct,104 - Rives (CD 4),321,263,5,0,589,0
Precinct,105 - Harrison (CD 4),358,51,1,0,410,0
Precinct,201 - Bland (CD 4),771,301,5,1,1078,0
Precinct,202 - Black Water (CD 4),700,263,10,1,974,0
Precinct,203 - Brandon (CD 4),353,102,3,0,458,0
Precinct,204 - Courts Bldg (CD 4),544,445,8,1,998,0
Precinct,205 - Jefferson Park (CD 4),260,398,7,1,666,0
Precinct,Ab - Central Absentee Precinct (CD 4),230,459,11,1,701,0
Precinct,Provisional (CD 4),0,0,0,0,0,0
Locality,Prince William County,64658,87352,1111,97,153218,0
Precinct,##ev - Central Absentee Precinct (CD 1),7638,9746,64,3,17451,0
Precinct,##ev - Central Absentee Precinct (CD 10),6045,5809,28,6,11888,0
Precinct,##ev - Central Absentee Precinct (CD 11),3578,9780,60,4,13422,0
Precinct,##pe - Central Absentee Precinct (CD 1),96,251,13,0,360,0
Precinct,##pe - Central Absentee Precinct (CD 10),43,79,5,0,127,0
Precinct,##pe - Central Absentee Precinct (CD 11),63,237,10,0,310,0
Precinct,101 - Brentsville (CD 1),1016,294,5,0,1315,0
Precinct,102 - Cedar Point (CD 1),900,777,11,1,1689,0
Precinct,103 - Glenkirk (CD 1),665,549,7,1,1222,0
Precinct,104 - Nokesville (CD 1),983,455,5,0,1443,0
Precinct,105 - Limestone (CD 1),894,734,7,0,1635,0
Precinct,106 - Westgate (CD 1),247,351,4,0,602,0
Precinct,107 - Marsteller (CD 1),840,789,11,0,1640,0
Precinct,108 - Victory (CD 1),845,954,17,0,1816,0
Precinct,109 - Chris Yung (CD 1),695,693,8,4,1400,0
Precinct,110 - Buckland Mills (CD 10),321,306,4,1,632,0
Precinct,110 - Buckland Mills (CD 1),186,133,0,0,319,0
Precinct,111 - Bristow Run (CD 1),379,325,4,1,709,0
Precinct,112 - Burke-nickens (CD 10),700,624,7,2,1333,0
Precinct,112 - Burke-nickens (CD 1),57,61,2,0,120,0
Precinct,114 - Piney Branch (CD 1),616,497,6,0,1119,0
Precinct,201 - Saunders (CD 11),376,559,10,3,948,0
Precinct,202 - Marshall (CD 1),751,520,7,0,1278,0
Precinct,203 - Bennett (CD 1),689,509,11,1,1210,0
Precinct,204 - Ellis (CD 1),450,399,2,1,852,0
Precinct,205 - Buckhall (CD 10),721,596,6,1,1324,0
Precinct,206 - Coles (CD 1),655,371,5,0,1031,0
Precinct,207 - Spriggs (CD 1),617,735,14,1,1367,0
Precinct,208 - Hylton (CD 1),630,358,3,2,993,0
Precinct,209 - Independent Hill (CD 1),656,263,7,1,927,0
Precinct,210 - Penn (CD 11),38,66,0,0,104,0
Precinct,210 - Penn (CD 1),635,385,7,0,1027,0
Precinct,211 - Signal Hill (CD 10),635,528,12,1,1176,0
Precinct,212 - Yorkshire (CD 10),563,663,12,2,1240,0
Precinct,213 - Saratoga (CD 1),248,410,8,2,668,0
Precinct,214 - Lucasville (CD 1),531,276,7,1,815,0
Precinct,215 - Rosa Parks (CD 11),366,585,10,1,962,0
Precinct,301 - Dumfries (CD 11),206,395,8,0,609,0
Precinct,302 - Potomac (CD 11),174,618,13,1,806,0
Precinct,303 - Graham Park (CD 11),170,353,4,0,527,0
Precinct,304 - Quantico (CD 1),85,49,2,0,136,0
Precinct,305 - Pattie (CD 1),520,553,3,1,1077,0
Precinct,306 - Washington-reid (CD 1),465,517,15,0,997,0
Precinct,307 - Henderson (CD 1),504,508,4,1,1017,0
Precinct,308 - Montclair (CD 1),365,376,12,2,755,0
Precinct,309 - Ashland (CD 1),468,476,8,2,954,0
Precinct,310 - Forest Park (CD 1),318,521,5,0,844,0
Precinct,311 - Swans Creek (CD 11),574,1335,22,0,1931,0
Precinct,312 - Triangle (CD 1),56,146,2,0,204,0
Precinct,312 - Triangle (CD 11),312,476,7,0,795,0
Precinct,313 - Cardinal (CD 1),324,532,5,1,862,0
Precinct,314 - Cabin Branch (CD 1),377,472,4,0,853,0
Precinct,315 - Williams (CD 11),97,371,7,0,475,0
Precinct,401 - Evergreen (CD 10),813,352,11,0,1176,0
Precinct,402 - Battlefield (CD 10),790,345,4,0,1139,0
Precinct,403 - Bull Run (CD 10),494,419,4,0,917,0
Precinct,404 - Ben Lomond (CD 1),316,468,7,1,792,0
Precinct,405 - Unity Braxton (CD 1),432,587,10,0,1029,0
Precinct,406 - Alvey (CD 10),223,110,2,0,335,0
Precinct,407 - Heritage Hunt (CD 10),704,384,5,1,1094,0
Precinct,408 - Sudley (CD 1),371,378,7,0,756,0
Precinct,409 - Tyler (CD 10),610,577,5,1,1193,0
Precinct,410 - Mountain View (CD 10),634,388,5,0,1027,0
Precinct,411 - Mullen (CD 1),328,615,16,0,959,0
Precinct,412 - Catharpin (CD 10),573,233,3,0,809,0
Precinct,413 - Reagan (CD 10),853,530,7,1,1391,0
Precinct,501 - Lake Ridge (CD 1),452,583,8,0,1043,0
Precinct,502 - Occoquan (CD 11),285,403,8,0,696,0
Precinct,503 - Old Bridge (CD 11),289,499,13,1,802,0
Precinct,504 - Rockledge (CD 11),322,426,5,2,755,0
Precinct,505 - Mohican (CD 1),504,640,13,2,1159,0
Precinct,506 - Bethel (CD 11),480,578,11,0,1069,0
Precinct,507 - Chinn (CD 11),383,543,4,0,930,0
Precinct,508 - Springwoods (CD 1),270,475,7,0,752,0
Precinct,509 - Mc Coart (CD 1),701,510,7,3,1221,0
Precinct,510 - Yates Ford (CD 10),574,357,6,1,938,0
Precinct,511 - Westridge (CD 1),562,686,12,0,1260,0
Precinct,512 - York (CD 11),236,646,7,2,891,0
Precinct,513 - Lynnwood (CD 11),471,508,9,1,989,0
Precinct,514 - Antietam (CD 11),511,712,13,0,1236,0
Precinct,601 - Dale (CD 11),216,532,4,1,753,0
Precinct,602 - Beville (CD 11),405,867,16,2,1290,0
Precinct,603 - Hampton (CD 11),166,493,3,1,663,0
Precinct,604 - Gideon (CD 11),241,486,3,0,730,0
Precinct,605 - Minnieville (CD 11),338,392,7,1,738,0
Precinct,606 - Bel Air (CD 11),351,409,5,1,766,0
Precinct,607 - Kerrydale (CD 11),355,668,14,0,1037,0
Precinct,608 - Enterprise (CD 11),329,516,16,0,861,0
Precinct,609 - King (CD 1),9,37,0,0,46,0
Precinct,609 - King (CD 11),445,717,12,0,1174,0
Precinct,610 - Fitzgerald (CD 11),352,704,10,1,1067,0
Precinct,611 - Neabsco (CD 11),254,467,7,0,728,0
Precinct,701 - Belmont (CD 11),459,515,7,0,981,0
Precinct,702 - Library (CD 11),260,644,12,0,916,0
Precinct,703 - Lynn (CD 11),129,310,5,0,444,0
Precinct,704 - Porter (CD 11),198,587,6,0,791,0
Precinct,705 - Potomac View (CD 11),278,305,2,0,585,0
Precinct,706 - Rippon (CD 11),388,584,5,1,978,0
Precinct,707 - Kilby (CD 11),303,433,5,0,741,0
Precinct,708 - River Oaks (CD 11),238,731,1,1,971,0
Precinct,709 - Freedom (CD 11),220,700,11,1,932,0
Precinct,710 - Powells Creek (CD 11),167,656,6,2,831,0
Precinct,711 - Grayson (CD 11),268,554,8,0,830,0
Precinct,712 - Leesylvania (CD 11),417,602,4,0,1023,0
Precinct,Ab - Central Absentee Precinct (CD 1),1884,5155,90,8,7137,0
Precinct,Ab - Central Absentee Precinct (CD 10),1009,2320,28,7,3364,0
Precinct,Ab - Central Absentee Precinct (CD 11),1314,5375,93,6,6788,0
Precinct,Provisional (CD 1),51,118,2,0,171,0
Precinct,Provisional (CD 10),19,27,0,0,46,0
Precinct,Provisional (CD 11),31,131,0,0,162,0
Locality,Pulaski County,9631,3277,88,9,13005,0
Precinct,##ev - Central Absentee Precinct,2164,991,21,4,3180,0
Precinct,##pe - Central Absentee Precinct,5,11,1,1,18,0
Precinct,101 - Belspring,373,99,2,0,474,0
Precinct,102 - New River,826,337,4,1,1168,0
Precinct,103 - West Cloyd,506,102,3,0,611,0
Precinct,201 - Draper,635,116,2,0,753,0
Precinct,202 - South Pulaski,90,27,3,1,121,0
Precinct,203 - Newbern,846,216,4,0,1066,0
Precinct,301 - Dublin,804,142,4,0,950,0
Precinct,302 - Hiwassee,218,39,1,0,258,0
Precinct,304 - Snowville,555,92,5,1,653,0
Precinct,401 - Massie,913,165,8,1,1087,0
Precinct,402 - Walker,420,59,2,0,481,0
Precinct,501 - Robinson,916,224,11,0,1151,0
Precinct,Ab - Central Absentee Precinct,356,649,17,0,1022,0
Precinct,Provisional,4,8,0,0,12,0
Locality,Radford City,2266,1879,44,5,4194,0
Precinct,##ev - Central Absentee Precinct,623,667,8,2,1300,0
Precinct,##pe - Central Absentee Precinct,1,0,0,0,1,0
Precinct,1 - East Precinct,272,215,8,0,495,0
Precinct,2 - Central Precinct,478,308,13,0,799,0
Precinct,3 - West Precinct,609,290,8,3,910,0
Precinct,4 - New River Precinct,206,161,6,0,373,0
Precinct,Ab - Central Absentee Precinct,77,233,1,0,311,0
Precinct,Provisional,0,5,0,0,5,0
Locality,Rappahannock County,2507,1686,19,5,4217,0
Precinct,##ev - Central Absentee Precinct,356,435,3,1,795,0
Precinct,##pe - Central Absentee Precinct,1,8,0,0,9,0
Precinct,101 - Washington,373,203,0,0,576,0
Precinct,201 - Amissville,503,147,3,1,654,0
Precinct,301 - Sperryville,343,215,2,0,560,0
Precinct,401 - Scrabble,385,164,4,2,555,0
Precinct,501 - Chester Gap,257,42,1,0,300,0
Precinct,502 - Flint Hill,201,132,1,0,334,0
Precinct,Ab - Central Absentee Precinct,88,334,5,1,428,0
Precinct,Provisional,0,6,0,0,6,0
Locality,Richmond City,15713,61929,2409,91,80142,0
Precinct,##ev - Central Absentee Precinct (CD 4),3354,16806,306,17,20483,0
Precinct,##pe - Central Absentee Precinct (CD 4),67,490,36,0,593,0
Precinct,101 - One Hundred One (CD 4),171,224,8,0,403,0
Precinct,102 - One Hundred Two (CD 4),332,303,13,0,648,0
Precinct,104 - One Hundred Four (CD 4),583,488,1,1,1073,0
Precinct,105 - One Hundred Five (CD 4),402,587,7,2,998,0
Precinct,106 - One Hundred Six (CD 4),697,322,2,0,1021,0
Precinct,111 - One Hundred Eleven (CD 4),387,502,13,1,903,0
Precinct,112 - One Hundred Twelve (CD 4),261,466,7,1,735,0
Precinct,113 - One Hundred Thirteen (CD 4),239,873,59,4,1175,0
Precinct,114 - One Hundred Fourteen (CD 4),292,966,58,5,1321,0
Precinct,115 - One Hundred Fifteen (CD 4),381,417,3,0,801,0
Precinct,203 - Two Hundred Three (CD 4),170,377,11,3,561,0
Precinct,204 - Two Hundred Four (CD 4),232,803,61,4,1100,0
Precinct,206 - Two Hundred Six (CD 4),46,339,31,1,417,0
Precinct,207 - Two Hundred Seven (CD 4),260,885,47,0,1192,0
Precinct,208 - Two Hundred Eight (CD 4),234,778,40,1,1053,0
Precinct,213 - Two Hundred Thirteen (CD 4),67,862,123,2,1054,0
Precinct,214 - Two Hundred Fourteen (CD 4),58,373,35,0,466,0
Precinct,215 - Two Hundred Fifteen (CD 4),238,556,23,0,817,0
Precinct,301 - Three Hundred One (CD 4),22,320,14,0,356,0
Precinct,302 - Three Hundred Two (CD 4),106,346,13,1,466,0
Precinct,303 - Three Hundred Three (CD 4),44,406,21,2,473,0
Precinct,304 - Three Hundred Four (CD 4),40,607,30,1,678,0
Precinct,305 - Three Hundred Five (CD 4),80,571,40,1,692,0
Precinct,306 - Three Hundred Six (CD 4),43,363,22,2,430,0
Precinct,307 - Three Hundred Seven (CD 4),176,425,13,3,617,0
Precinct,308 - Three Hundred Eight (CD 4),190,508,11,1,710,0
Precinct,309 - Three Hundred Nine (CD 4),158,302,8,0,468,0
Precinct,310 - Three Hundred Ten (CD 4),5,129,4,0,138,0
Precinct,402 - Four Hundred Two (CD 4),401,1145,22,4,1572,0
Precinct,404 - Four Hundred Four (CD 4),252,811,35,0,1098,0
Precinct,409 - Four Hundred Nine (CD 4),446,545,11,1,1003,0
Precinct,410 - Four Hundred Ten (CD 4),284,608,14,1,907,0
Precinct,412 - Four Hundred Twelve (CD 4),181,656,20,1,858,0
Precinct,413 - Four Hundred Thirteen (CD 4),300,584,13,2,899,0
Precinct,414 - Four Hundred Fourteen (CD 4),437,639,11,1,1088,0
Precinct,415 - Four Hundred Fifteen (CD 4),348,479,4,0,831,0
Precinct,501 - Five Hundred One (CD 4),202,931,67,1,1201,0
Precinct,503 - Five Hundred Three (CD 4),130,918,52,0,1100,0
Precinct,504 - Five Hundred Four (CD 4),169,1038,84,1,1292,0
Precinct,505 - Five Hundred Five (CD 4),80,470,46,1,597,0
Precinct,508 - Five Hundred Eight (CD 4),110,529,18,0,657,0
Precinct,509 - Five Hundred Nine (CD 4),51,506,24,0,581,0
Precinct,510 - Five Hundred Ten (CD 4),88,732,31,1,852,0
Precinct,602 - Six Hundred Two (CD 4),10,299,25,1,335,0
Precinct,603 - Six Hundred Three (CD 4),53,600,39,1,693,0
Precinct,604 - Six Hundred Four (CD 4),39,433,38,1,511,0
Precinct,606 - Six Hundred Six (CD 4),44,639,33,1,717,0
Precinct,607 - Six Hundred Seven (CD 4),153,618,34,1,806,0
Precinct,609 - Six Hundred Nine (CD 4),191,1020,54,2,1267,0
Precinct,610 - Six Hundred Ten (CD 4),25,350,13,0,388,0
Precinct,701 - Seven Hundred One (CD 4),23,373,17,0,413,0
Precinct,702 - Seven Hundred Two (CD 4),53,512,33,0,598,0
Precinct,703 - Seven Hundred Three (CD 4),73,696,49,1,819,0
Precinct,705 - Seven Hundred Five (CD 4),105,655,36,1,797,0
Precinct,706 - Seven Hundred Six (CD 4),107,921,52,0,1080,0
Precinct,707 - Seven Hundred Seven (CD 4),230,1184,65,1,1480,0
Precinct,708 - Seven Hundred Eight (CD 4),193,914,54,2,1163,0
Precinct,802 - Eight Hundred Two (CD 4),34,411,16,0,461,0
Precinct,806 - Eight Hundred Six (CD 4),73,373,22,1,469,0
Precinct,810 - Eight Hundred Ten (CD 4),66,354,13,0,433,0
Precinct,811 - Eight Hundred Eleven (CD 4),78,444,17,0,539,0
Precinct,812 - Eight Hundred Twelve (CD 4),135,715,19,1,870,0
Precinct,814 - Eight Hundred Fourteen (CD 4),30,320,9,0,359,0
Precinct,902 - Nine Hundred Two (CD 4),15,179,8,0,202,0
Precinct,903 - Nine Hundred Three (CD 4),95,451,17,0,563,0
Precinct,908 - Nine Hundred Eight (CD 4),75,478,15,1,569,0
Precinct,909 - Nine Hundred Nine (CD 4),101,565,26,0,692,0
Precinct,910 - Nine Hundred Ten (CD 4),88,478,7,0,573,0
Precinct,911 - Nine Hundred Eleven (CD 4),35,523,14,0,572,0
Precinct,AB - Central Absentee Precinct (CD 4),749,5277,167,8,6201,0
Precinct,Provisional (CD 4),26,162,5,1,194,0
Locality,Richmond County,2225,936,20,2,3183,0
Precinct,##ev - Central Absentee Precinct,0,0,0,0,0,0
Precinct,##pe - Central Absentee Precinct,0,0,0,0,0,0
Precinct,101 - Precinct 1-1,174,126,4,2,306,0
Precinct,201 - Precinct 2-1,308,67,3,0,378,0
Precinct,301 - Precinct 3-1,237,77,0,0,314,0
Precinct,401 - Precinct 4-1,396,92,3,0,491,0
Precinct,501 - Precinct 5-1,388,71,4,0,463,0
Precinct,Ab - Central Absentee Precinct,722,503,6,0,1231,0
Precinct,Provisional,0,0,0,0,0,0
Locality,Roanoke City,12024,16817,272,34,29147,0
Precinct,##ev - Central Absentee Precinct,2658,5372,45,4,8079,0
Precinct,##pe - Central Absentee Precinct,14,90,2,0,106,0
Precinct,1 -Peters Creek,191,451,8,0,650,0
Precinct,2 - Grandview,382,425,2,1,810,0
Precinct,3 -Preston Park,550,336,10,1,897,0
Precinct,4 - Williamson Road,401,361,10,3,775,0
Precinct,5 - East Gate,626,277,8,1,912,0
Precinct,6 - Hollins Road,433,237,7,0,677,0
Precinct,7 - Southeast,396,221,9,0,626,0
Precinct,8 - Lincoln Terrace,48,339,7,2,396,0
Precinct,9 - Highland,234,468,13,0,715,0
Precinct,10 - Old Southwest-Wasena,441,665,15,0,1121,0
Precinct,11 - Raleigh Court,591,805,13,3,1412,0
Precinct,12 - South Roanoke,657,425,6,0,1088,0
Precinct,13 - Garden City,669,295,9,1,974,0
Precinct,14 - Crystal Spring,587,504,7,3,1101,0
Precinct,15 - Grandin Court,563,570,10,2,1145,0
Precinct,16 - Deyerle,730,470,4,1,1205,0
Precinct,17 - Lee-Hi,603,677,16,3,1299,0
Precinct,18 - Summit Hills,443,456,7,2,908,0
Precinct,19 - Forest Park,113,420,2,0,535,0
Precinct,20 - Eureka Park,89,563,10,1,663,0
Precinct,AB - Central Absentee Precinct,597,2353,51,6,3007,0
Precinct,Provisional,8,37,1,0,46,0
Locality,Roanoke County,28157,14445,220,37,42859,0
Precinct,##ev - Central Absentee Precinct (CD 6),6073,3782,29,3,9887,0
Precinct,##ev - Central Absentee Precinct (CD 9),1222,758,3,0,1983,0
Precinct,##pe - Central Absentee Precinct (CD 6),32,77,1,0,110,0
Precinct,##pe - Central Absentee Precinct (CD 9),16,16,1,0,33,0
Precinct,101 - Catawba (CD 9),379,81,4,1,465,0
Precinct,102 - Mason Valley (CD 9),345,78,4,0,427,0
Precinct,103 - Glenvar (CD 9),978,286,3,0,1267,0
Precinct,104 - Northside (CD 9),431,226,4,0,661,0
Precinct,105 - Peters Creek (CD 9),929,419,2,4,1354,0
Precinct,106 - Green Hill (CD 9),890,241,4,2,1137,0
Precinct,107 - Bennett Springs (CD 9),435,112,3,0,550,0
Precinct,108 - Wildwood (CD 9),574,177,7,0,758,0
Precinct,201 - Plantation (CD 6),611,247,4,1,863,0
Precinct,202 - Burlington (CD 6),391,230,8,0,629,0
Precinct,203 - Mountain View (CD 6),1022,368,9,3,1402,0
Precinct,204 - Botetourt Springs (CD 9),765,330,9,2,1106,0
Precinct,205 - Orchards (CD 6),1024,295,7,2,1328,0
Precinct,206 - Hollins (CD 6),326,135,1,0,462,0
Precinct,301 - Bent Mountain (CD 9),279,116,5,2,402,0
Precinct,302 - Poages Mill (CD 6),934,354,2,1,1291,0
Precinct,303 - Windsor Hills (CD 6),384,252,2,0,638,0
Precinct,304 - Oak Grove (CD 6),817,396,4,2,1219,0
Precinct,305 - Castle Rock (CD 6),833,451,10,1,1295,0
Precinct,306 - Garst Mill (CD 6),349,195,2,1,547,0
Precinct,401 - South Lindenwood (CD 6),489,127,3,0,619,0
Precinct,402 - Bonsack (CD 6),235,73,1,1,310,0
Precinct,403 - North Vinton (CD 6),595,189,8,0,792,0
Precinct,404 - South Vinton (CD 6),614,230,8,0,852,0
Precinct,405 - North Lindenwood (CD 6),615,134,2,1,752,0
Precinct,406 - Mount Pleasant (CD 6),960,239,5,0,1204,0
Precinct,501 - Cotton Hill (CD 6),546,244,0,1,791,0
Precinct,502 - Penn Forest (CD 6),424,203,7,0,634,0
Precinct,503 - Cave Spring (CD 6),525,282,7,0,814,0
Precinct,504 - Ogden (CD 6),392,268,9,1,670,0
Precinct,505 - Clearbrook (CD 6),531,151,3,0,685,0
Precinct,506 - Mount Vernon (CD 6),357,208,5,0,570,0
Precinct,507 - Hunting Hills (CD 6),741,355,4,1,1101,0
Precinct,Ab - Central Absentee Precinct (CD 6),712,1548,21,1,2282,0
Precinct,Ab - Central Absentee Precinct (CD 9),360,549,8,6,923,0
Precinct,Provisional (CD 6),12,15,1,0,28,0
Precinct,Provisional (CD 9),10,8,0,0,18,0
Locality,Rockbridge County,6906,3071,40,7,10024,0
Precinct,##ev - Central Absentee Precinct,1159,1078,6,1,2244,0
Precinct,##pe - Central Absentee Precinct,5,11,2,2,20,0
Precinct,101 - Airport,391,169,1,0,561,0
Precinct,102 - Ben Salem,349,85,2,0,436,0
Precinct,103 - Plank Road,244,44,2,1,291,0
Precinct,104 - Effinger,223,51,0,0,274,0
Precinct,201 - Collierstown,280,89,0,0,369,0
Precinct,202 - Highland Belle,605,218,3,1,827,0
Precinct,203 - Vo-tech,134,65,2,0,201,0
Precinct,301 - Maury River,300,95,5,0,400,0
Precinct,302 - Natural Bridge,393,80,1,0,474,0
Precinct,303 - Falling Spring,189,33,0,0,222,0
Precinct,401 - Fairfield,414,124,3,0,541,0
Precinct,402 - Mountain View,594,108,2,0,704,0
Precinct,403 - Vesuvius,231,32,0,0,263,0
Precinct,501 - Goshen,253,27,2,2,284,0
Precinct,502 - Meadowview,281,137,2,0,420,0
Precinct,503 - Rockbridge Baths,255,90,1,0,346,0
Precinct,504 - Rockbridge,422,132,2,0,556,0
Precinct,Ab - Central Absentee Precinct,181,396,4,0,581,0
Precinct,Provisional,3,7,0,0,10,0
Locality,Rockingham County,26765,8569,182,23,35539,0
Precinct,##ev - Central Absentee Precinct,4734,2370,22,4,7130,0
Precinct,##pe - Central Absentee Precinct,54,58,2,0,114,0
Precinct,101 - Broadway,1060,296,11,0,1367,0
Precinct,102 - Timberville,625,120,6,2,753,0
Precinct,103 - Fulks Run,723,65,3,0,791,0
Precinct,104 - Bergton,276,27,0,1,304,0
Precinct,105 - Lacey Spring,516,69,1,0,586,0
Precinct,106 - Tenth Legion,498,83,3,1,585,0
Precinct,107 - Plains,552,77,3,1,633,0
Precinct,108 - Little North Mountain,389,74,1,0,464,0
Precinct,201 - Singers Glen,769,120,5,0,894,0
Precinct,202 - Edom,992,282,3,1,1278,0
Precinct,203 - Dayton,485,155,4,2,646,0
Precinct,204 - Mt Clinton,774,187,3,1,965,0
Precinct,205 - Silver Lake,736,239,3,0,978,0
Precinct,301 - Keezletown,495,145,5,0,645,0
Precinct,302 - Port Republic,785,166,6,0,957,0
Precinct,303 - Melrose,422,79,5,0,506,0
Precinct,304 - Grottoes,806,161,6,0,973,0
Precinct,305 - Massanetta Springs,715,427,6,1,1149,0
Precinct,306 - Cross Keys,292,77,2,0,371,0
Precinct,307 - Crossroads,788,380,7,0,1175,0
Precinct,401 - West Bridgewater,545,191,6,2,744,0
Precinct,402 - Montezuma,799,113,3,0,915,0
Precinct,403 - Mt Crawford,125,48,1,0,174,0
Precinct,404 - North River,721,171,12,0,904,0
Precinct,405 - Ottobine,1052,112,6,1,1171,0
Precinct,406 - East Bridgewater,614,266,8,2,890,0
Precinct,501 - Elkton,831,174,3,0,1008,0
Precinct,502 - Swift Run,1393,130,5,0,1528,0
Precinct,503 - Mcgaheysville,1079,230,9,0,1318,0
Precinct,504 - South Fork,628,64,1,0,693,0
Precinct,505 - Stony Run,674,269,8,2,953,0
Precinct,Ab - Central Absentee Precinct,809,1138,13,2,1962,0
Precinct,Provisional,9,6,0,0,15,0
Locality,Russell County,8229,1452,17,3,9701,0
Precinct,##ev - Central Absentee Precinct,1446,388,3,1,1838,0
Precinct,##pe - Central Absentee Precinct,6,6,2,0,14,0
Precinct,101 - Moccasin,534,44,1,0,579,0
Precinct,102 - Copper Creek,420,55,0,1,476,0
Precinct,103 - South Castlewood,303,44,1,0,348,0
Precinct,201 - North Castlewood,793,103,0,0,896,0
Precinct,202 - Dante,161,24,0,0,185,0
Precinct,301 - Cooks Mill,165,20,0,0,185,0
Precinct,302 - Daugherty,216,35,0,0,251,0
Precinct,303 - New Garden,457,53,1,0,511,0
Precinct,304 - Cleveland,246,53,2,0,301,0
Precinct,401 - Drill,61,12,0,0,73,0
Precinct,402 - Swords Creek,780,46,3,0,829,0
Precinct,403 - Honaker,285,41,1,0,327,0
Precinct,501 - West Lebanon,888,152,0,0,1040,0
Precinct,601 - East Lebanon,510,70,0,0,580,0
Precinct,602 - Elk Garden,815,78,0,0,893,0
Precinct,Ab - Central Absentee Precinct,140,226,3,1,370,0
Precinct,Provisional,3,2,0,0,5,0
Locality,Salem City,6144,3344,60,8,9556,0
Precinct,##ev - Central Absentee Precinct,2119,1396,13,1,3529,0
Precinct,##pe - Central Absentee Precinct,5,10,0,0,15,0
Precinct,1 - North Salem No 2,379,169,1,2,551,0
Precinct,2 - Conehurst,267,96,1,0,364,0
Precinct,3 - Beverly Heights,283,71,3,0,357,0
Precinct,4 - West Salem,377,145,3,0,525,0
Precinct,5 - North Salem No 1,507,255,8,3,773,0
Precinct,6 - South Salem No 1,285,129,5,0,419,0
Precinct,7 - South Salem No 2,409,134,2,0,545,0
Precinct,8 - East Salem,170,77,4,0,251,0
Precinct,9 - South Side Hills,533,169,3,2,707,0
Precinct,10 - Hidden Valley,592,212,9,0,813,0
Precinct,Ab - Central Absentee Precinct,218,481,8,0,707,0
Precinct,Provisional,0,0,0,0,0,0
Locality,Scott County,7065,1034,28,4,8131,0
Precinct,##ev - Central Absentee Precinct,1429,255,5,0,1689,0
Precinct,##pe - Central Absentee Precinct,5,3,0,0,8,0
Precinct,101 - Weber City,377,56,4,2,439,0
Precinct,102 - Yuma,517,76,0,1,594,0
Precinct,202 - Weber City East,258,34,2,0,294,0
Precinct,203 - Hiltons,506,58,2,0,566,0
Precinct,204 - Clark's,162,7,0,0,169,0
Precinct,301 - Nickelsville,402,32,0,0,434,0
Precinct,302 - Snowflake,318,37,0,0,355,0
Precinct,303 - Twin Springs,234,40,0,0,274,0
Precinct,304 - Copper Creek,90,8,1,0,99,0
Precinct,401 - Gate City,755,120,4,1,880,0
Precinct,501 - Dungannon,199,29,1,0,229,0
Precinct,502 - Fort Blackmore,233,30,1,0,264,0
Precinct,503 - Manville,144,7,2,0,153,0
Precinct,504 - Rye Cove,359,28,1,0,388,0
Precinct,601 - Clinchport,208,20,0,0,228,0
Precinct,602 - Duffield-pattonsville,555,53,1,0,609,0
Precinct,603 - Fairview,135,21,0,0,156,0
Precinct,Ab - Central Absentee Precinct,178,119,4,0,301,0
Precinct,Provisional,1,1,0,0,2,0
Locality,Shenandoah County,13693,4535,107,11,18346,0
Precinct,##ev - Central Absentee Precinct,2904,1534,24,3,4465,0
Precinct,##pe - Central Absentee Precinct,14,16,0,0,30,0
Precinct,101 - Orkney Springs,501,178,2,0,681,0
Precinct,103 - New Market,1296,309,16,0,1621,0
Precinct,201 - Conicville,1037,160,8,0,1205,0
Precinct,202 - Mt Jackson,787,157,7,1,952,0
Precinct,302 - Edinburg,785,175,3,0,963,0
Precinct,303 - St Luke,893,133,0,0,1026,0
Precinct,304 - Fort Valley,487,104,5,1,597,0
Precinct,401 - Woodstock,1106,339,7,1,1453,0
Precinct,501 - Cedar Creek,87,28,0,1,116,0
Precinct,503 - Toms Brook,1062,190,5,1,1258,0
Precinct,504 - Lebanon Church,911,178,5,0,1094,0
Precinct,601 - Strasburg,1456,429,14,1,1900,0
Precinct,Ab - Central Absentee Precinct,358,598,11,2,969,0
Precinct,Provisional,9,7,0,0,16,0
Locality,Smyth County,8477,1751,35,6,10269,0
Precinct,##ev - Central Absentee Precinct,681,262,1,0,944,0
Precinct,##pe - Central Absentee Precinct,15,16,2,1,34,0
Precinct,101 - Saltville,970,151,3,1,1125,0
Precinct,201 - Seven Mile Ford,739,75,0,0,814,0
Precinct,202 - Rich Valley,303,56,3,0,362,0
Precinct,301 - Chilhowie,914,141,3,0,1058,0
Precinct,302 - St Clair,320,40,0,0,360,0
Precinct,401 - East Park,548,127,2,1,678,0
Precinct,402 - West Park,297,70,1,0,368,0
Precinct,501 - Atkins,758,82,3,0,843,0
Precinct,502 - Wassona,387,134,3,1,525,0
Precinct,601 - Royal Oak East,582,113,1,0,696,0
Precinct,602 - Royal Oak West,358,71,5,0,434,0
Precinct,701 - Adwolfe,812,60,1,1,874,0
Precinct,702 - Sugar Grove,431,89,2,0,522,0
Precinct,703 - Konnarock,79,14,1,0,94,0
Precinct,Ab - Central Absentee Precinct,281,250,4,1,536,0
Precinct,Provisional,2,0,0,0,2,0
Locality,Southampton County,5084,2717,29,4,7834,0
Precinct,##ev - Central Absentee Precinct,965,713,6,2,1686,0
Precinct,##pe - Central Absentee Precinct,3,3,0,0,6,0
Precinct,101 - Berlin,467,67,1,1,536,0
Precinct,102 - Ivor,438,187,3,0,628,0
Precinct,201 - Boykins,310,243,5,0,558,0
Precinct,202 - Branchville,146,71,1,0,218,0
Precinct,301 - Capron,256,144,0,0,400,0
Precinct,302 - Sebrell,312,118,0,0,430,0
Precinct,401 - Drewryville,225,142,2,0,369,0
Precinct,501 - Hunterdale,517,138,2,0,657,0
Precinct,502 - Forks-of-the-river,204,102,3,0,309,0
Precinct,601 - Courtland,358,194,1,0,553,0
Precinct,602 - Sedley,282,36,0,0,318,0
Precinct,701 - Blackwater River,127,156,0,0,283,0
Precinct,702 - Newsoms,358,141,2,0,501,0
Precinct,Ab - Central Absentee Precinct,115,256,3,1,375,0
Precinct,Provisional,1,6,0,0,7,0
Locality,Spotsylvania County,32478,21426,346,29,54279,0
Precinct,##ev - Central Absentee Precinct (CD 1),2295,2039,16,2,4352,0
Precinct,##ev - Central Absentee Precinct (CD 7),6366,4392,37,1,10796,0
Precinct,##pe - Central Absentee Precinct (CD 1),21,44,0,0,65,0
Precinct,##pe - Central Absentee Precinct (CD 7),62,142,3,0,207,0
Precinct,101 - Partlow (CD 7),1057,214,5,0,1276,0
Precinct,102 - Blaydes Corner (CD 7),1010,240,6,1,1257,0
Precinct,103 - Travelers Rest (CD 7),1107,512,11,1,1631,0
Precinct,103 - Travelers Rest (CD 1),2,2,0,0,4,0
Precinct,104 - Massaponax (CD 1),825,431,12,1,1269,0
Precinct,201 - Wilderness School (CD 7),825,412,11,2,1250,0
Precinct,202 - Wilderness Fire (CD 7),997,352,9,0,1358,0
Precinct,203 - Ni River Elys Ford (CD 7),875,346,4,1,1226,0
Precinct,204 - Chancellor (CD 7),873,556,9,0,1438,0
Precinct,301 - Plank Road (CD 7),826,492,4,1,1323,0
Precinct,302 - Hazel Run (CD 7),719,501,17,2,1239,0
Precinct,303 - Riverbend (CD 7),1258,613,12,1,1884,0
Precinct,401 - Summit (CD 1),918,677,13,2,1610,0
Precinct,402 - Parkside (CD 1),589,534,6,2,1131,0
Precinct,402 - Parkside (CD 7),202,197,2,0,401,0
Precinct,403 - Lee Hill (CD 1),808,654,14,2,1478,0
Precinct,501 - Belmont (CD 7),922,192,6,1,1121,0
Precinct,502 - Brokenburg (CD 7),829,225,2,0,1056,0
Precinct,503 - Post Oak (CD 7),912,183,5,0,1100,0
Precinct,504 - Courthouse (CD 7),863,381,5,1,1250,0
Precinct,505 - Brock (CD 7),1195,409,2,0,1606,0
Precinct,601 - Salem (CD 7),871,520,19,1,1411,0
Precinct,602 - Smith Station (CD 7),965,811,12,2,1790,0
Precinct,603 - Piedmont (CD 7),533,312,9,0,854,0
Precinct,701 - Battlefield (CD 1),572,446,14,1,1033,0
Precinct,702 - Brents Mill (CD 1),359,285,5,1,650,0
Precinct,702 - Brents Mill (CD 7),394,326,5,0,725,0
Precinct,703 - Fairview (CD 7),272,216,3,0,491,0
Precinct,703 - Fairview (CD 1),95,84,3,1,183,0
Precinct,704 - Gayle (CD 7),708,515,5,0,1228,0
Precinct,704 - Gayle (CD 1),233,126,1,0,360,0
Precinct,Ab - Central Absentee Precinct (CD 1),245,880,18,1,1144,0
Precinct,Ab - Central Absentee Precinct (CD 7),840,2099,40,1,2980,0
Precinct,Provisional (CD 1),5,19,0,0,24,0
Precinct,Provisional (CD 7),30,47,1,0,78,0
Locality,Stafford County,31680,25463,425,35,57603,0
Precinct,##ev - Central Absentee Precinct,6296,6419,51,6,12772,0
Precinct,##pe - Central Absentee Precinct,87,157,9,2,255,0
Precinct,101 - Hartwood,1993,679,14,1,2687,0
Precinct,102 - Rocky Run,818,628,12,1,1459,0
Precinct,103 - Simpson,920,517,11,0,1448,0
Precinct,104 - College,1294,770,12,1,2077,0
Precinct,201 - Rock Hill,794,458,9,1,1262,0
Precinct,202 - Roseville,935,666,10,1,1612,0
Precinct,203 - Ruby,1030,282,9,2,1323,0
Precinct,204 - Stefaniga,1143,594,9,2,1748,0
Precinct,301 - Griffis,392,573,6,0,971,0
Precinct,302 - Widewater,812,702,11,0,1525,0
Precinct,303 - Harbour,605,393,13,1,1012,0
Precinct,304 - Barrett,355,290,7,0,652,0
Precinct,401 - Aquia,156,331,7,0,494,0
Precinct,402 - Courthouse,709,882,19,0,1610,0
Precinct,403 - Brooke,1249,619,16,1,1885,0
Precinct,404 - Government Island,715,465,9,1,1190,0
Precinct,501 - Grafton,1338,661,16,2,2017,0
Precinct,502 - Falmouth,862,628,5,0,1495,0
Precinct,503 - Drew,863,607,17,2,1489,0
Precinct,504 - Gayle,512,583,6,0,1101,0
Precinct,601 - Ferry Farm,914,466,8,2,1390,0
Precinct,602 - Chatham,994,614,9,1,1618,0
Precinct,603 - White Oak,1533,536,8,0,2077,0
Precinct,604 - England Run,343,497,16,1,857,0
Precinct,701 - Woodlands,1108,954,22,1,2085,0
Precinct,702 - Whitson,557,635,5,1,1198,0
Precinct,703 - Hampton,1040,797,16,2,1855,0
Precinct,Ab - Central Absentee Precinct,1290,3001,63,3,4357,0
Precinct,Provisional,23,59,0,0,82,0
Locality,Staunton City,4640,5004,119,8,9771,0
Precinct,##ev - Central Absentee Precinct,1242,1962,28,3,3235,0
Precinct,##pe - Central Absentee Precinct,14,22,5,0,41,0
Precinct,101 - Ward No 1,664,451,21,1,1137,0
Precinct,201 - Ward No 2,827,422,12,0,1261,0
Precinct,301 - Ward No 3,668,480,20,2,1170,0
Precinct,401 - Ward No 4,517,444,9,0,970,0
Precinct,501 - Ward No 5,416,507,10,0,933,0
Precinct,Ab - Central Absentee Precinct,286,707,14,2,1009,0
Precinct,Provisional,6,9,0,0,15,0
Locality,Suffolk City,17351,19079,252,34,36716,0
Precinct,##ev - Central Absentee Precinct (CD 3),2019,3612,23,3,5657,0
Precinct,##ev - Central Absentee Precinct (CD 4),1620,1962,11,2,3595,0
Precinct,##pe - Central Absentee Precinct (CD 3),48,99,4,0,151,0
Precinct,##pe - Central Absentee Precinct (CD 4),15,45,0,0,60,0
Precinct,101 - Belleharbour (CD 3),288,499,7,5,799,0
Precinct,102 - Driver (CD 3),1513,555,11,2,2081,0
Precinct,104 - Bennetts Creek (CD 3),750,608,8,0,1366,0
Precinct,201 - Ebenezer (CD 3),856,300,3,0,1159,0
Precinct,202 - Chuckatuck (CD 3),706,295,3,0,1004,0
Precinct,203 - Kings Fork (CD 3),473,619,8,1,1101,0
Precinct,204 - Hillpoint (CD 3),420,513,9,3,945,0
Precinct,301 - White Marsh (CD 4),106,159,1,0,266,0
Precinct,302 - John F Kennedy (CD 4),20,365,5,0,390,0
Precinct,302 - John F Kennedy (CD 3),142,313,8,2,465,0
Precinct,304 - Nansemond River (CD 3),498,571,9,4,1082,0
Precinct,305 - Shoulders Hill (CD 3),243,264,5,1,513,0
Precinct,401 - Airport (CD 4),395,184,3,1,583,0
Precinct,402 - Whaleyville (CD 4),724,156,2,1,883,0
Precinct,403 - Southside (CD 4),39,315,7,0,361,0
Precinct,404 - Booker T Washington (CD 4),37,400,11,0,448,0
Precinct,404 - Booker T Washington (CD 3),9,129,0,0,138,0
Precinct,405 - Pittmantown (CD 4),211,111,1,0,323,0
Precinct,501 - Kilbys Mill (CD 4),833,362,14,0,1209,0
Precinct,502 - Holland (CD 4),1022,320,8,0,1350,0
Precinct,504 - Lake Cohoon (CD 4),784,324,6,1,1115,0
Precinct,504 - Lake Cohoon (CD 3),224,54,1,0,279,0
Precinct,601 - Lakeside (CD 4),430,379,6,2,817,0
Precinct,602 - Olde Towne (CD 4),1,1,0,0,2,0
Precinct,602 - Olde Towne (CD 3),116,123,3,0,242,0
Precinct,603 - Elephants Fork/westhaven (CD 4),174,149,2,0,325,0
Precinct,604 - Wilroy (CD 3),434,385,7,0,826,0
Precinct,605 - Hollywood (CD 3),31,318,3,0,352,0
Precinct,702 - Harbourview (CD 3),777,736,6,2,1521,0
Precinct,704 - Burbage Grant (CD 3),497,781,14,2,1294,0
Precinct,706 - Huntersville (CD 3),244,910,14,1,1169,0
Precinct,AB - Central Absentee Precinct (CD 3),434,1490,21,1,1946,0
Precinct,Ab - Central Absentee Precinct (CD 4),195,637,6,0,838,0
Precinct,Provisional (CD 3),12,29,1,0,42,0
Precinct,Provisional (CD 4),11,7,1,0,19,0
Locality,Surry County,1768,1756,9,3,3536,0
Precinct,##ev - Central Absentee Precinct,418,553,0,0,971,0
Precinct,##pe - Central Absentee Precinct,2,5,1,0,8,0
Precinct,101 - Surry,297,127,1,0,425,0
Precinct,201 - Bacons Castle,238,214,2,0,454,0
Precinct,301 - Dendron,264,186,4,1,455,0
Precinct,401 - Carsley,271,220,1,0,492,0
Precinct,501 - Claremont,193,129,0,2,324,0
Precinct,502 - Spring Grove,25,92,0,0,117,0
Precinct,AB - Central Absentee Precinct,60,230,0,0,290,0
Precinct,Provisional,0,0,0,0,0,0
Locality,Sussex County,1973,2028,24,0,4025,0
Precinct,##ev - Central Absentee Precinct,396,448,5,0,849,0
Precinct,##pe - Central Absentee Precinct,2,1,0,0,3,0
Precinct,101 - Waverly,101,306,3,0,410,0
Precinct,201 - Stony Creek,149,200,2,0,351,0
Precinct,202 - Little Mill,49,52,0,0,101,0
Precinct,301 - Courthouse,266,65,1,0,332,0
Precinct,302 - Wakefield,122,17,0,0,139,0
Precinct,401 - Mars Hill,197,235,3,0,435,0
Precinct,402 - West Wakefield,4,37,0,0,41,0
Precinct,501 - Henry,176,195,2,0,373,0
Precinct,502 - Yale,82,71,1,0,154,0
Precinct,601 - Blackwater,237,111,0,0,348,0
Precinct,602 - Newville,111,49,4,0,164,0
Precinct,AB - Central Absentee Precinct,80,234,3,0,317,0
Precinct,Provisional,1,7,0,0,8,0
Locality,Tazewell County,12045,1821,40,4,13910,0
Precinct,##ev - Central Absentee Precinct,3050,563,10,0,3623,0
Precinct,##pe - Central Absentee Precinct,12,12,0,0,24,0
Precinct,101 - Indian Valley,360,23,0,0,383,0
Precinct,102 - Tip Top,208,23,0,0,231,0
Precinct,103 - Mundy Town,407,30,0,0,437,0
Precinct,104 - Falls Mills,284,33,1,0,318,0
Precinct,106 - Pocahontas,109,18,1,0,128,0
Precinct,107 - Amonate,35,4,0,0,39,0
Precinct,109 - Bishop,99,6,0,0,105,0
Precinct,112 - Bandy,129,10,0,0,139,0
Precinct,203 - Burkes Garden,85,6,0,0,91,0
Precinct,204 - Clear Fork,259,21,1,0,281,0
Precinct,207 - Freestone,100,15,0,0,115,0
Precinct,209 - Jeffersonville,879,134,5,2,1020,0
Precinct,214 - Thompson Valley,299,25,1,0,325,0
Precinct,301 - Cedar Bluff,937,66,3,1,1007,0
Precinct,302 - Baptist Valley,217,20,0,0,237,0
Precinct,303 - Paint Lick,767,68,1,0,836,0
Precinct,401 - Richlands,1497,179,2,0,1678,0
Precinct,402 - Jewell Ridge,154,10,0,0,164,0
Precinct,501 - Springville,689,51,3,0,743,0
Precinct,502 - Graham,1106,166,2,0,1274,0
Precinct,Ab - Central Absentee Precinct,355,333,10,1,699,0
Precinct,Provisional,8,5,0,0,13,0
Locality,Virginia Beach City,86973,73965,1160,99,162197,0
Precinct,##ev - Central Absentee Precinct,19785,17450,119,11,37365,0
Precinct,##pe - Central Absentee Precinct,273,525,11,1,810,0
Precinct,1 - North Beach,1121,478,10,0,1609,0
Precinct,2 - South Beach,716,488,17,2,1223,0
Precinct,3 - Ocean Lakes,567,310,10,0,887,0
Precinct,4 - Linkhorn,759,360,3,0,1122,0
Precinct,5 - Seatack,524,442,11,0,977,0
Precinct,6 - Alanton,827,421,10,1,1259,0
Precinct,7 - Kingston,638,320,3,0,961,0
Precinct,8 - London Bridge,772,523,10,1,1306,0
Precinct,9 - Trantwood,736,370,2,0,1108,0
Precinct,10 - Great Neck,840,280,2,0,1122,0
Precinct,11 - Cape Henry,830,658,5,1,1494,0
Precinct,12 - Plaza,575,518,11,0,1104,0
Precinct,13 - Mt Trashmore,821,539,12,0,1372,0
Precinct,14 - Malibu,789,500,13,2,1304,0
Precinct,15 - Old Donation,522,340,9,2,873,0
Precinct,16 - Aragona,875,551,24,1,1451,0
Precinct,17 - Ocean Park,490,278,7,0,775,0
Precinct,18 - Thoroughgood,796,446,5,1,1248,0
Precinct,19 - Lake Smith,489,257,5,0,751,0
Precinct,20 - Bayside,610,430,10,1,1051,0
Precinct,21 - Davis Corner,299,635,16,0,950,0
Precinct,22 - Point O View,664,397,6,0,1067,0
Precinct,23 - Arrowhead,792,483,14,0,1289,0
Precinct,24 - Larkspur,511,396,8,2,917,0
Precinct,25 - Avalon,1045,685,13,2,1745,0
Precinct,26 - Fairfield,754,492,12,3,1261,0
Precinct,27 - Edwin,807,473,8,2,1290,0
Precinct,28 - Thalia,597,335,6,0,938,0
Precinct,29 - Holland,474,477,10,0,961,0
Precinct,30 - Red Wing,589,311,4,0,904,0
Precinct,31 - Sigma,1093,390,4,0,1487,0
Precinct,32 - Creeds,724,143,2,0,869,0
Precinct,33 - Capps Shop,763,147,1,0,911,0
Precinct,34 - Blackwater,466,99,0,0,565,0
Precinct,35 - Courthouse,640,269,4,1,914,0
Precinct,36 - Windsor Oaks,600,633,22,0,1255,0
Precinct,37 - Chesapeake Beach,544,377,4,2,927,0
Precinct,38 - Witchduck,935,440,2,0,1377,0
Precinct,39 - Pembroke,718,568,16,2,1304,0
Precinct,40 - Bonney,456,347,11,0,814,0
Precinct,41 - College Park,398,914,16,3,1331,0
Precinct,42 - Brandon,641,554,13,0,1208,0
Precinct,43 - Bellamy,423,548,18,0,989,0
Precinct,44 - Centerville,832,495,6,1,1334,0
Precinct,45 - Timberlake,413,589,16,0,1018,0
Precinct,46 - Green Run,390,528,7,1,926,0
Precinct,47 - Kings Grant,1084,495,4,0,1583,0
Precinct,48 - Wolfsnare,799,477,5,2,1283,0
Precinct,49 - Lynnhaven,691,333,2,2,1028,0
Precinct,50 - Oceana,288,371,8,0,667,0
Precinct,51 - Stratford Chase,655,379,4,0,1038,0
Precinct,52 - Homestead,864,604,15,0,1483,0
Precinct,53 - Shannon,604,359,12,1,976,0
Precinct,54 - Cromwell,433,304,8,2,747,0
Precinct,55 - Magic Hollow,413,609,11,1,1034,0
Precinct,56 - Edinburgh,418,268,4,0,690,0
Precinct,57 - Sherry Park,530,263,5,0,798,0
Precinct,58 - Glenwood,685,529,11,0,1225,0
Precinct,59 - Shelton Park,496,326,7,0,829,0
Precinct,60 - Foxfire,1035,400,5,0,1440,0
Precinct,61 - Baker,167,721,18,2,908,0
Precinct,62 - Landstown,810,493,7,0,1310,0
Precinct,63 - Culver,909,577,12,1,1499,0
Precinct,64 - Rosemont Forest,585,405,7,1,998,0
Precinct,65 - Colonial,671,522,11,1,1205,0
Precinct,66 - Hunt,741,360,4,1,1106,0
Precinct,67 - Eastern Shore,282,284,8,0,574,0
Precinct,68 - Manor,719,460,3,1,1183,0
Precinct,69 - Shell,308,485,12,2,807,0
Precinct,70 - Corporate Landing,696,450,7,0,1153,0
Precinct,71 - Round Hill,356,299,3,2,660,0
Precinct,72 - Rudee,818,389,7,1,1215,0
Precinct,73 - Dahlia,323,533,8,1,865,0
Precinct,74 - Buckner,365,460,9,4,838,0
Precinct,75 - Colony,925,403,6,3,1337,0
Precinct,76 - Village,331,459,9,1,800,0
Precinct,77 - Brookwood,569,436,12,0,1017,0
Precinct,78 - Indian Lakes,492,497,9,0,998,0
Precinct,79 - Pleasant Hall,327,473,3,0,803,0
Precinct,80 - Chimney Hill,348,494,8,1,851,0
Precinct,81 - Rock Lake,574,558,12,0,1144,0
Precinct,82 - Shelburne,663,327,4,0,994,0
Precinct,83 - Strawbridge,918,469,13,1,1401,0
Precinct,84 - Tallwood,506,561,3,1,1071,0
Precinct,85 - Upton,944,427,7,0,1378,0
Precinct,86 - Haygood,701,508,5,1,1215,0
Precinct,87 - Hillcrest,680,437,6,0,1123,0
Precinct,88 - North Landing,632,381,5,1,1019,0
Precinct,89 - Lake Christopher,733,454,8,3,1198,0
Precinct,90 - Lake Joyce,529,273,8,0,810,0
Precinct,91 - Lexington,453,547,9,0,1009,0
Precinct,92 - Little Neck,684,357,5,2,1048,0
Precinct,93 - Newtown,168,653,11,0,832,0
Precinct,94 - Pinewood,399,248,8,0,655,0
Precinct,95 - Dam Neck,512,297,11,0,820,0
Precinct,96 - Hilltop,335,365,12,2,714,0
Precinct,97 - Indian River,432,509,12,1,954,0
Precinct,98 - Independence,233,337,6,2,578,0
Precinct,99 - Salem Woods,345,392,6,0,743,0
Precinct,100 - Sandbridge,514,166,2,0,682,0
Precinct,Ab - Central Absentee Precinct,5200,12350,191,12,17753,0
Precinct,Provisional,158,223,4,0,385,0
Locality,Warren County,11294,4328,89,8,15719,0
Precinct,##ev - Central Absentee Precinct,2493,1512,14,1,4020,0
Precinct,##pe - Central Absentee Precinct,17,20,0,0,37,0
Precinct,101 - Fork Town,460,146,2,0,608,0
Precinct,102 - Otterburn,1188,224,7,1,1420,0
Precinct,201 - Happy Creek,818,248,5,0,1071,0
Precinct,202 - Linden,866,292,8,1,1167,0
Precinct,301 - North River,582,201,10,0,793,0
Precinct,302 - Riverton,976,195,6,0,1177,0
Precinct,401 - East Shenandoah,1344,284,12,2,1642,0
Precinct,402 - Town - West Shenandoah,476,128,5,0,609,0
Precinct,501 - South River,896,242,5,0,1143,0
Precinct,502 - Bentonville,469,103,1,0,573,0
Precinct,504 - Browntown,363,89,0,1,453,0
Precinct,Ab - Central Absentee Precinct,335,638,14,1,988,0
Precinct,Provisional,11,6,0,1,18,0
Locality,Washington County,17395,4505,78,18,21996,0
Precinct,##ev - Central Absentee Precinct,3726,1441,19,5,5191,0
Precinct,##pe - Central Absentee Precinct,17,28,0,0,45,0
Precinct,101 - East Abingdon,893,275,6,1,1175,0
Precinct,102 - West Abingdon,444,140,1,0,585,0
Precinct,201 - Clinchburg,500,63,3,0,566,0
Precinct,202 - Greendale,707,79,3,1,790,0
Precinct,203 - Hayters Gap,310,30,0,1,341,0
Precinct,204 Woodland Hills,503,91,1,0,595,0
Precinct,301 - Watauga,1012,178,4,1,1195,0
Precinct,302 - South Abingdon,718,221,7,3,949,0
Precinct,401 - Glade Spring,852,152,2,0,1006,0
Precinct,402 - Meadowview,973,155,4,0,1132,0
Precinct,501 - Rhea Valley,1292,141,5,2,1440,0
Precinct,502 - Damascus,553,149,2,1,705,0
Precinct,504 - Green Cove,122,12,0,0,134,0
Precinct,601 - Burson Place,1072,84,4,0,1160,0
Precinct,602 - Mendota,246,20,0,0,266,0
Precinct,603 - Valley Institute,808,120,1,0,929,0
Precinct,701 - High Point,867,110,2,1,980,0
Precinct,702 - Wallace,396,55,0,0,451,0
Precinct,703 - John Battle,797,136,4,0,937,0
Precinct,Ab - Central Absentee Precinct,579,822,10,2,1413,0
Precinct,Provisional,8,3,0,0,11,0
Locality,Waynesboro City,4473,3275,99,9,7856,0
Precinct,##ev - Central Absentee Precinct,1223,980,12,2,2217,0
Precinct,##pe - Central Absentee Precinct,4,15,0,0,19,0
Precinct,1 - Ward A,475,279,19,2,775,0
Precinct,2 - Ward B,739,471,11,2,1223,0
Precinct,3 - Ward C,718,393,30,3,1144,0
Precinct,4 - Ward D,1031,504,9,0,1544,0
Precinct,Ab - Central Absentee Precinct,276,621,18,0,915,0
Precinct,Provisional,7,12,0,0,19,0
Locality,Westmoreland County,4614,2971,30,5,7620,0
Precinct,##ev - Central Absentee Precinct,1122,863,3,1,1989,0
Precinct,##pe - Central Absentee Precinct,4,6,0,0,10,0
Precinct,101 - Precinct 1-1,213,324,2,0,539,0
Precinct,102 - Precinct 1-2,149,122,1,0,272,0
Precinct,201 - Precinct 2-1,336,268,2,0,606,0
Precinct,202 - Precinct 2-2,301,111,1,0,413,0
Precinct,301 - Precinct 3-1,291,140,2,2,435,0
Precinct,302 - Precinct 3-2,348,147,3,0,498,0
Precinct,401 - Precinct 4-1,955,230,5,0,1190,0
Precinct,501 - Precinct 5-1,754,366,9,2,1131,0
Precinct,Ab - Central Absentee Precinct,136,385,2,0,523,0
Precinct,Provisional,5,9,0,0,14,0
Locality,Williamsburg City,1703,3185,40,3,4931,0
Precinct,##ev - Central Absentee Precinct,790,1403,8,2,2203,0
Precinct,##pe - Central Absentee Precinct,4,12,1,0,17,0
Precinct,1 - Stryker,489,712,10,1,1212,0
Precinct,2 - Matoaka,321,577,11,0,909,0
Precinct,Ab - Central Absentee Precinct,95,468,10,0,573,0
Precinct,Provisional,4,13,0,0,17,0
Locality,Winchester City,4137,4294,60,5,8496,0
Precinct,##ev - Central Absentee Precinct,1310,1705,11,2,3028,0
Precinct,##pe - Central Absentee Precinct,13,35,5,0,53,0
Precinct,101 - Merrimans,560,449,6,0,1015,0
Precinct,102 - Old Town,431,305,0,0,736,0
Precinct,201 - Virginia Avenue,366,388,16,2,772,0
Precinct,301 - War Memorial,492,366,5,0,863,0
Precinct,401 - Frederick Douglass,277,201,2,0,480,0
Precinct,402 - Rolling Hills,555,363,5,0,923,0
Precinct,AB - Central Absentee Precinct,128,472,10,1,611,0
Precinct,Provisional,5,10,0,0,15,0
Locality,Wise County,9691,1796,53,11,11551,0
Precinct,##ev - Central Absentee Precinct,2375,522,11,3,2911,0
Precinct,##pe - Central Absentee Precinct,16,6,3,0,25,0
Precinct,101 - Appalachia,477,70,2,0,549,0
Precinct,102 - Dorchester,327,45,2,0,374,0
Precinct,103 - Guest River Voting Place,315,38,0,0,353,0
Precinct,104 - West Pound,802,100,3,1,906,0
Precinct,201 - North Coeburn,431,40,1,0,472,0
Precinct,202 - Wise,952,187,9,2,1150,0
Precinct,203 - East Pound,217,20,1,1,239,0
Precinct,301 - Big Stone Gap,708,133,6,0,847,0
Precinct,302 - East Stone Gap,922,109,3,1,1035,0
Precinct,401 - Clinch Valley,689,94,1,0,784,0
Precinct,402 - South Coeburn,889,72,3,0,964,0
Precinct,403 - St Paul,311,68,1,0,380,0
Precinct,Ab - Central Absentee Precinct,256,292,7,3,558,0
Precinct,Provisional,4,0,0,0,4,0
Locality,Wythe County,9458,2043,59,5,11565,0
Precinct,##ev - Central Absentee Precinct,1588,662,7,1,2258,0
Precinct,##pe - Central Absentee Precinct,7,2,0,0,9,0
Precinct,101 - Royal Oak,284,40,1,0,325,0
Precinct,102 - Rural Retreat,1165,136,7,0,1308,0
Precinct,203 - West Wytheville,880,187,7,1,1075,0
Precinct,303 - East Wytheville,941,248,6,1,1196,0
Precinct,401 - Fort Chiswell,726,96,3,0,825,0
Precinct,402 - Max Meadows,756,77,9,1,843,0
Precinct,501 - Jackson Memorial,553,76,3,0,632,0
Precinct,502 - Sheffey,797,72,4,0,873,0
Precinct,601 - Huddle,409,38,0,1,448,0
Precinct,602 - Zion,629,66,3,0,698,0
Precinct,603 Evergreen,432,54,3,0,489,0
Precinct,Ab - Central Absentee Precinct,282,285,6,0,573,0
Precinct,Provisional,9,4,0,0,13,0
Locality,York County,17485,12190,150,16,29841,0
Precinct,##ev - Central Absentee Precinct,6664,5464,34,5,12167,0
Precinct,##pe - Central Absentee Precinct,18,38,2,0,58,0
Precinct,101 - Queens Lake,532,406,6,1,945,0
Precinct,102 - Waller Mill,701,397,10,1,1109,0
Precinct,103 - Magruder,713,752,7,1,1473,0
Precinct,201 - Coventry,931,629,9,2,1571,0
Precinct,202 - Kiln Creek,499,303,0,0,802,0
Precinct,301 - Seaford,1430,296,6,1,1733,0
Precinct,302 - Yorktown,642,286,4,0,932,0
Precinct,303 - Edgehill,673,503,18,1,1195,0
Precinct,401 - Harwoods Mill,947,282,7,1,1237,0
Precinct,402 - Dare,892,282,5,0,1179,0
Precinct,403 - Grafton,433,181,1,0,615,0
Precinct,501 - Tabb,1002,400,5,1,1408,0
Precinct,502 - Bethel,849,535,9,1,1394,0
Precinct,Ab - Central Absentee Precinct,541,1414,27,1,1983,0
Precinct,Provisional,18,22,0,0,40,0
