,,Jay C. Jones,Jason S. Miyares,Write-Ins,Total Votes Cast,Total Ballots Cast
,,Democratic,Republican,,,
State,Virginia,1804940,1577843,13716,3396499,3396499
Locality,Accomack County,5479,7462,21,12962,12962
Precinct,101 - Chincoteague,574,1075,4,1653,1653
Precinct,201 - Atlantic,161,439,1,601,601
Precinct,202 - Greenbackville,293,755,2,1050,1050
Precinct,301 - New Church,572,539,0,1111,1111
Precinct,401 - Bloxom,153,343,0,496,496
Precinct,402 - Parksley,198,408,2,608,608
Precinct,403 - Saxis,37,125,2,164,164
Precinct,501 - Mappsville,274,224,1,499,499
Precinct,502 - Rue,325,129,0,454,454
Precinct,601 - Accomac,465,654,0,1119,1119
Precinct,602 - Tangier,9,129,0,138,138
Precinct,701 - Nandua,788,970,4,1762,1762
Precinct,801 - Bobtown,180,393,2,575,575
Precinct,802 - Melfa,352,314,1,667,667
Precinct,803 - Wachapreague,155,324,1,480,480
Precinct,901 - Painter,943,641,1,1585,1585
Locality,Albemarle County,35798,18727,296,54821,54821
Precinct,101 - Woodbrook,1289,656,10,1955,1955
Precinct,103 - Branchlands,468,190,6,664,664
Precinct,104 - Agnor-hurt,1052,365,6,1423,1423
Precinct,105 - Dunlora,1964,596,17,2577,2577
Precinct,106 - Northside,1120,768,3,1891,1891
Precinct,201 - Jack Jouett,1524,873,15,2412,2412
Precinct,202 - University,1511,334,13,1858,1858
Precinct,203 - Georgetown,1358,360,12,1730,1730
Precinct,301 - Ivy,1904,908,20,2832,2832
Precinct,302 - Red Hill,1312,797,11,2120,2120
Precinct,304 - East Ivy,470,284,7,761,761
Precinct,305 - Country Green,1529,583,9,2121,2121
Precinct,306 - Porters,622,405,3,1030,1030
Precinct,307 - Yellow Mountain,496,373,5,874,874
Precinct,401 - Scottsville,561,644,8,1213,1213
Precinct,402 - Monticello,468,521,4,993,993
Precinct,405 - Mountain View,2215,669,15,2899,2899
Precinct,406 - Stone Robinson,1298,1151,20,2469,2469
Precinct,407 - Biscuit Run,927,269,2,1198,1198
Precinct,501 - Keswick,580,422,4,1006,1006
Precinct,502 - Stony Point,625,521,5,1151,1151
Precinct,503 - Hollymead,1429,690,11,2130,2130
Precinct,504 - Free Bridge,1118,407,6,1531,1531
Precinct,506 - Baker-butler,2057,1172,18,3247,3247
Precinct,507 - Pantops,1062,469,13,1544,1544
Precinct,601 - Crozet,1652,981,15,2648,2648
Precinct,602 - Free Union,526,467,3,996,996
Precinct,603 - Earlysville,1314,1059,7,2380,2380
Precinct,604 - Brownsville,1449,850,11,2310,2310
Precinct,606 - Mechums River,1898,943,17,2858,2858
Locality,Alexandria City,47317,13412,630,61359,61359
Precinct,101 - Old Town North,1678,612,27,2317,2317
Precinct,102 - City Hall,1265,733,27,2025,2025
Precinct,103 - Lyles Crouch School,1657,689,18,2364,2364
Precinct,104 - Durant Center,1557,480,22,2059,2059
Precinct,105 - Lee Center,1378,401,15,1794,1794
Precinct,106 - Cora Kelly,2022,376,28,2426,2426
Precinct,107 - Mt Vernon Recreation Center,2593,526,52,3171,3171
Precinct,108 - George Washington Middle Sch,2401,578,34,3013,3013
Precinct,109 - Fire Department Headquarters,1309,477,16,1802,1802
Precinct,110 - Charles Houston Center,2143,481,21,2645,2645
Precinct,111 - Potomac Yard,928,254,13,1195,1195
Precinct,201 - Naomi L. Brooks School,1483,417,35,1935,1935
Precinct,202 - Trinity,1412,648,29,2089,2089
Precinct,203 - Charles Barrett Center,1437,415,18,1870,1870
Precinct,204 - Blessed Sacrament Church,1529,572,33,2134,2134
Precinct,205 - Douglas Macarthur School,1800,615,30,2445,2445
Precinct,206 - Alexandria City High School,1397,502,26,1925,1925
Precinct,207 - BETH EL HEBREW CONGREGATION,1844,612,25,2481,2481
Precinct,208 - Nova Arts Center,1263,276,12,1551,1551
Precinct,209 - James K Polk School,1746,436,16,2198,2198
Precinct,210 - F.t. Day School,895,249,15,1159,1159
Precinct,211 - Alex Renew,1703,385,20,2108,2108
Precinct,212 - The View Alexandria,829,214,2,1045,1045
Precinct,302 - Patrick Henry Rec Center,1323,232,11,1566,1566
Precinct,303 - Charles E Beatley Library,1276,241,9,1526,1526
Precinct,304 - Tucker School,1380,286,7,1673,1673
Precinct,305 - John Adams School,1034,169,9,1212,1212
Precinct,306 - William Ramsay School,1096,245,10,1351,1351
Precinct,307 - Tucker West,1406,348,11,1765,1765
Precinct,308 - Cameron Station Community Ctr,1848,634,30,2512,2512
Precinct,309 - Olympus Condo,942,153,4,1099,1099
Precinct,310 - Del Pepper Center,743,156,5,904,904
Locality,Alleghany County,1559,4179,15,5753,5753
Precinct,101 - Arritt,114,450,2,566,566
Precinct,103 - Dameron,41,176,0,217,217
Precinct,201 - Humpback Bridge,81,274,1,356,356
Precinct,202 - Dolly Ann,123,375,0,498,498
Precinct,301 - Callaghan,52,333,2,387,387
Precinct,302 - Griffith,111,366,0,477,477
Precinct,401 - Low Moor,103,313,3,419,419
Precinct,402 - Jackson Heights,124,419,0,543,543
Precinct,501 - Iron Gate,55,139,1,195,195
Precinct,502 - Peters Switch,135,559,0,694,694
Precinct,601 - District 1,289,430,4,723,723
Precinct,701 - District 2,331,345,2,678,678
Locality,Amelia County,1637,4686,7,6330,6330
Precinct,101 - Number 1,276,807,0,1083,1083
Precinct,201 - Number 2,374,936,3,1313,1313
Precinct,301 - Number 3,283,1000,0,1283,1283
Precinct,401 - Number 4,315,1020,2,1337,1337
Precinct,501 - Number 5,389,923,2,1314,1314
Locality,Amherst County,3941,9121,24,13086,13086
Precinct,101 - Wright Shop,420,417,1,838,838
Precinct,102 - New Glasgow,342,855,4,1201,1201
Precinct,103 - Coolwell,105,414,0,519,519
Precinct,201 - Court House,653,1260,7,1920,1920
Precinct,202 - Temperance,151,623,1,775,775
Precinct,301 - Monroe,206,521,1,728,728
Precinct,302 - Elon,423,1550,5,1978,1978
Precinct,303 - Pleasant View,105,389,0,494,494
Precinct,401 - Amelon,567,1298,2,1867,1867
Precinct,402 - Lonco,174,410,1,585,585
Precinct,501 - Madison,795,1384,2,2181,2181
Locality,Appomattox County,1594,5751,12,7357,7357
Precinct,101 - Vera,101,451,2,554,554
Precinct,102 - Pamplin,232,727,3,962,962
Precinct,201 - Chap,95,217,1,313,313
Precinct,202 - Spout Spring,184,997,2,1183,1183
Precinct,301 - Us 460,118,640,1,759,759
Precinct,302 - Stonewall,183,707,1,891,891
Precinct,401 - Courthouse,317,940,0,1257,1257
Precinct,501 - Oakville,364,1072,2,1438,1438
Locality,Arlington County,75633,21021,719,97373,97373
Precinct,101 - Precinct 101,1097,241,8,1346,1346
Precinct,102 - Precinct 102,1632,379,17,2028,2028
Precinct,103 - Precinct 103,897,386,15,1298,1298
Precinct,104 - Precinct 104,1814,435,19,2268,2268
Precinct,105 - Precinct 105,1482,345,8,1835,1835
Precinct,106 - Precinct 106,1267,391,8,1666,1666
Precinct,107 - Precinct 107,1585,459,18,2062,2062
Precinct,108 - Precinct 108,1588,528,21,2137,2137
Precinct,109 - Precinct 109,1819,435,15,2269,2269
Precinct,110 - Precinct 110,1951,533,17,2501,2501
Precinct,111 - Precinct 111,1100,413,11,1524,1524
Precinct,112 - Precinct 112,1452,421,24,1897,1897
Precinct,113 - Precinct 113,980,308,11,1299,1299
Precinct,114 - Precinct 114,1247,305,7,1559,1559
Precinct,115 - Precinct 115,833,230,11,1074,1074
Precinct,116 - Precinct 116,1789,484,15,2288,2288
Precinct,117 - Precinct 117,1807,478,18,2303,2303
Precinct,118 - Precinct 118,2667,664,17,3348,3348
Precinct,119 - Precinct 119,2011,582,13,2606,2606
Precinct,120 - Precinct 120,1474,598,5,2077,2077
Precinct,121 - Precinct 121,750,257,7,1014,1014
Precinct,122 - Precinct 122,1610,392,19,2021,2021
Precinct,123 - Precinct 123,1517,410,16,1943,1943
Precinct,124 - Precinct 124,2063,532,20,2615,2615
Precinct,125 - Precinct 125,1464,368,14,1846,1846
Precinct,126 - Precinct 126,1558,329,17,1904,1904
Precinct,127 - Precinct 127,1629,431,20,2080,2080
Precinct,128 - Precinct 128,1759,374,17,2150,2150
Precinct,129 - Precinct 129,1659,435,19,2113,2113
Precinct,130 - Precinct 130,1442,271,6,1719,1719
Precinct,131 - Precinct 131,1614,455,23,2092,2092
Precinct,132 - Precinct 132,541,219,9,769,769
Precinct,133 - Precinct 133,1478,650,19,2147,2147
Precinct,134 - Precinct 134,1360,474,20,1854,1854
Precinct,135 - Precinct 135,1474,761,21,2256,2256
Precinct,136 - Precinct 136,1559,543,22,2124,2124
Precinct,137 - Precinct 137,1422,475,28,1925,1925
Precinct,138 - Precinct 138,1151,256,13,1420,1420
Precinct,139 - Precinct 139,940,221,9,1170,1170
Precinct,140 - Precinct 140,2040,539,15,2594,2594
Precinct,141 - Precinct 141,1638,428,12,2078,2078
Precinct,142 - Precinct 142,1201,241,10,1452,1452
Precinct,143 - Precinct 143,1011,179,5,1195,1195
Precinct,144 - Precinct 144,1023,277,8,1308,1308
Precinct,145 - Precinct 145,1204,270,9,1483,1483
Precinct,146 - Precinct 146,1786,470,16,2272,2272
Precinct,147 - Precinct 147,1136,217,8,1361,1361
Precinct,148 - Precinct 148,1172,379,9,1560,1560
Precinct,149 - Precinct 149,1106,283,6,1395,1395
Precinct,150 - Precinct 150,1400,371,8,1779,1779
Precinct,151 - Precinct 151,429,98,1,528,528
Precinct,152 - Precinct 152,968,239,2,1209,1209
Precinct,153 - Precinct 153,1346,386,10,1742,1742
Precinct,154 - Precinct 154,691,176,3,870,870
Locality,Augusta County,8352,25478,99,33929,33929
Precinct,101 - Jolivue,313,659,5,977,977
Precinct,102 - Stuarts Draft Elementary,160,322,2,484,484
Precinct,103 - Verona,330,913,3,1246,1246
Precinct,104 - Wilson,464,800,6,1270,1270
Precinct,201 - Crimora,388,1456,1,1845,1845
Precinct,202 - New Hope,208,821,4,1033,1033
Precinct,203 - Weyers Cave,465,1244,9,1718,1718
Precinct,301 - Fort Defiance,345,969,8,1322,1322
Precinct,302 - North River,192,855,3,1050,1050
Precinct,303 - Mount Solon,125,805,4,934,934
Precinct,304 - Rolla,467,1186,5,1658,1658
Precinct,401 - Buffalo Gap,220,879,5,1104,1104
Precinct,402 - Churchville Elementary,271,1148,0,1419,1419
Precinct,403 - Craigsville,87,590,0,677,677
Precinct,404 - Deerfield,58,261,1,320,320
Precinct,405 - Cedar Green,387,959,1,1347,1347
Precinct,501 - Greenville,309,1221,5,1535,1535
Precinct,502 - Middlebrook,139,479,1,619,619
Precinct,503 - Spottswood,140,711,1,852,852
Precinct,504 - White Hill,427,1546,4,1977,1977
Precinct,601 - Sherando,248,899,4,1151,1151
Precinct,602 - Ridgeview,334,1319,6,1659,1659
Precinct,603 - Lyndhurst,267,693,0,960,960
Precinct,604 - Mount Vernon,352,1005,1,1358,1358
Precinct,801 - Dooms,293,949,1,1243,1243
Precinct,802 - Fishersville,816,1585,10,2411,2411
Precinct,803 - Ladd,216,496,4,716,716
Precinct,804 - Goose Creek,331,708,5,1044,1044
Locality,Bath County,431,1461,5,1897,1897
Precinct,101 - Warm Springs,100,224,0,324,324
Precinct,102 - Mountain Grove,7,48,0,55,55
Precinct,201 - Hot Springs,91,236,2,329,329
Precinct,301 - Fairview,51,264,1,316,316
Precinct,302 - Burnsville,8,57,1,66,66
Precinct,401 - Millboro,75,344,1,420,420
Precinct,501 - Healing Springs,99,288,0,387,387
Locality,Bedford County,8761,30203,80,39044,39044
Precinct,101 - Goodview Elem School,327,1233,1,1561,1561
Precinct,102 - Hardy Vol Fire Co,138,541,1,680,680
Precinct,103 - Chamblissburg Baptist Church,247,877,1,1125,1125
Precinct,104 - Barnhardt Baptist Church,174,691,2,867,867
Precinct,105 - Diamond Hill Baptist Church,151,664,2,817,817
Precinct,201 - Bedford Christian Church,114,420,0,534,534
Precinct,202 - Staunton River High School,168,807,2,977,977
Precinct,203 - Eastlake Community Church,397,1247,3,1647,1647
Precinct,204 - Huddleston Elementary School,137,820,2,959,959
Precinct,205 - Saunders Vol Fire Co,366,1141,3,1510,1510
Precinct,301 - New London Academy,349,1579,5,1933,1933
Precinct,302 - Bedford County Gym,312,1092,3,1407,1407
Precinct,303 - Forest Alliance Church,174,692,1,867,867
Precinct,304 - 1 In Christ Church,150,547,1,698,698
Precinct,305 - Forest Fire Station #2,214,863,1,1078,1078
Precinct,401 - Forest Elementary School,503,1615,6,2124,2124
Precinct,402 - Thomas Jefferson Elem School,391,1283,2,1676,1676
Precinct,403 - Pleasant View Baptist Church,440,1135,1,1576,1576
Precinct,404 - Forest Recreation Center,157,434,0,591,591
Precinct,501 - Big Island Elementary School,177,800,1,978,978
Precinct,502 - Suck Spring Baptist Church,171,649,3,823,823
Precinct,503 - Boonsboro Elementary School,544,1117,6,1667,1667
Precinct,504 - Boonsboro Ruritan Club,582,2096,9,2687,2687
Precinct,601 - Montvale Elem School,218,890,1,1109,1109
Precinct,602 - Shady Grove Fire Department,239,1041,6,1286,1286
Precinct,603 - Bedford Moose Lodge,155,607,0,762,762
Precinct,604 - Bedford Elementary School,438,1038,3,1479,1479
Precinct,701 - Goode Vol Rescue Squad,348,1561,7,1916,1916
Precinct,702 - Liberty High School,214,778,1,993,993
Precinct,703 - Thaxton Baptist Church,164,689,2,855,855
Precinct,704 - Church Of God,512,964,4,1480,1480
Precinct,705 - Mountain View Church,90,292,0,382,382
Locality,Bland County,370,2024,3,2397,2397
Precinct,101 - Bastian,27,236,0,263,263
Precinct,102 - Ceres,64,266,0,330,330
Precinct,201 - Davis,22,69,1,92,92
Precinct,202 - Seddon,94,458,0,552,552
Precinct,301 - Hollybrook,36,297,0,333,333
Precinct,302 - Mechanicsburg,27,189,0,216,216
Precinct,401 - Rocky Gap,100,509,2,611,611
Locality,Botetourt County,4254,12400,27,16681,16681
Precinct,101 - Daleville,692,1572,2,2266,2266
Precinct,102 - Greenfield,443,1274,6,1723,1723
Precinct,201 - Blue Ridge,389,1262,1,1652,1652
Precinct,202 - Rainbow Forest,438,1231,1,1670,1670
Precinct,301 - Buchanan,280,1112,3,1395,1395
Precinct,302 - Mill Creek,342,1221,2,1565,1565
Precinct,403 - Eagle Rock,215,794,0,1009,1009
Precinct,406 - Fincastle,565,1697,6,2268,2268
Precinct,501 - Troutville,251,686,1,938,938
Precinct,502 - Cloverdale,639,1551,5,2195,2195
Locality,Bristol City,1460,3242,11,4713,4713
Precinct,001 - 1st,279,598,3,880,880
Precinct,002 - 2nd,452,754,2,1208,1208
Precinct,003 - 3rd,286,393,0,679,679
Precinct,004 - 4th,312,937,5,1254,1254
Precinct,005 - 5th,131,560,1,692,692
Locality,Brunswick County,3186,2720,12,5918,5918
Precinct,101 - Brodnax,138,113,1,252,252
Precinct,102 - Rock Store,166,287,0,453,453
Precinct,103 - Tillman,203,401,0,604,604
Precinct,201 - Dromgoole,92,106,0,198,198
Precinct,202 - Edgerton,379,153,1,533,533
Precinct,203 - Fitzhugh,276,206,0,482,482
Precinct,301 - Alberta,60,42,0,102,102
Precinct,302 - Danieltown,230,357,2,589,589
Precinct,303 - Elmore,136,158,2,296,296
Precinct,304 - Seymour,112,147,0,259,259
Precinct,401 - Sturgeon,482,375,1,858,858
Precinct,402 - King's Store,200,95,0,295,295
Precinct,501 - Totaro,712,280,5,997,997
Locality,Buchanan County,851,4519,11,5381,5381
Precinct,102 - Blackey,20,183,0,203,203
Precinct,103 - Hurley,59,406,0,465,465
Precinct,201 - Grassy,13,69,0,82,82
Precinct,202 - Bull,52,284,1,337,337
Precinct,203 - Rocklick,50,302,0,352,352
Precinct,301 - Slate,59,358,3,420,420
Precinct,302 - North Grundy,62,301,1,364,364
Precinct,403 - South Grundy,70,345,3,418,418
Precinct,404 - Oakwood,7,45,0,52,52
Precinct,405 - Grundy,38,209,1,248,248
Precinct,501 - Prater,55,275,1,331,331
Precinct,502 - Fox,40,69,0,109,109
Precinct,503 - Vansant,77,309,0,386,386
Precinct,601 - Council,39,215,0,254,254
Precinct,602 - Garden,49,308,0,357,357
Precinct,603 - Hurricane,46,163,0,209,209
Precinct,701 - Whitewood,65,355,0,420,420
Precinct,702 - Contrary,50,323,1,374,374
Locality,Buckingham County,2289,3730,13,6032,6032
Precinct,101 - New Canton,372,505,2,879,879
Precinct,201 - White Hall,298,530,3,831,831
Precinct,301 - Curdsville,187,404,1,592,592
Precinct,302 - New Store,93,261,0,354,354
Precinct,401 - Maysville,327,577,1,905,905
Precinct,501 - Wrights,69,211,1,281,281
Precinct,502 - Glenmore,275,306,2,583,583
Precinct,601 - Slate River,186,328,1,515,515
Precinct,602 - Georgia Creek,232,221,1,454,454
Precinct,701 - Gold Hill,250,387,1,638,638
Locality,Buena Vista City,590,1491,7,2088,2088
Precinct,001 - 1st Ward,305,895,3,1203,1203
Precinct,002 - 2nd Ward,285,596,4,885,885
Locality,Campbell County,5410,17470,52,22932,22932
Precinct,101 - Brookville,416,1355,5,1776,1776
Precinct,102 - New London,353,1339,6,1698,1698
Precinct,201 - Walker,414,1070,6,1490,1490
Precinct,202 - Bedford Springs,383,1363,4,1750,1750
Precinct,301 - Evington,167,649,1,817,817
Precinct,302 - Otter River,239,906,4,1149,1149
Precinct,303 - Altavista,425,724,1,1150,1150
Precinct,401 - 3 Forks,240,1133,2,1375,1375
Precinct,402 - Court House,492,1899,6,2397,2397
Precinct,501 - Spring Hill,392,1416,4,1812,1812
Precinct,502 - Yellow Branch,317,907,4,1228,1228
Precinct,601 - Kings,348,944,4,1296,1296
Precinct,602 - Concord,429,1452,3,1884,1884
Precinct,701 - Brookneal,114,171,0,285,285
Precinct,702 - Gladys,506,1514,2,2022,2022
Precinct,703 - Morris Church,175,628,0,803,803
Locality,Caroline County,6255,7057,35,13347,13347
Precinct,101 - Bowling Green,523,970,5,1498,1498
Precinct,102 - Sparta,287,622,1,910,910
Precinct,201 - North Madison,545,362,4,911,911
Precinct,202 - South Madison,868,891,6,1765,1765
Precinct,301 - Port Royal,227,345,1,573,573
Precinct,302 - Woodford,442,648,0,1090,1090
Precinct,303 - Wrights Chapel,74,142,3,219,219
Precinct,401 - Dawn,944,772,5,1721,1721
Precinct,402 - Carmel Church,286,261,1,548,548
Precinct,501 - West Mattaponi,603,442,3,1048,1048
Precinct,502 - Milford,430,535,1,966,966
Precinct,601 - Chilesburg,610,589,3,1202,1202
Precinct,602 - Lake,416,478,2,896,896
Locality,Carroll County,2157,9112,15,11284,11284
Precinct,101 - Mt Bethel,82,317,0,399,399
Precinct,102 - St Paul,104,524,0,628,628
Precinct,103 - Lambsburg,54,293,1,348,348
Precinct,105 - Fancy Gap,148,539,0,687,687
Precinct,201 - Hillsville B,305,982,2,1289,1289
Precinct,202 - Laurel Fork,116,402,0,518,518
Precinct,203 - Gladesboro,156,519,1,676,676
Precinct,301 - Hillsville C,263,1127,4,1394,1394
Precinct,302 - Sylvatus,92,438,0,530,530
Precinct,303 - Dugspur,56,244,1,301,301
Precinct,401 - Oakland,191,819,1,1011,1011
Precinct,402 - Woodlawn D,209,949,2,1160,1160
Precinct,501 - Vaughan,44,298,1,343,343
Precinct,502 - Gladeville,159,812,0,971,971
Precinct,503 - Woodlawn E,82,417,1,500,500
Precinct,504 - Laurel,96,432,1,529,529
Locality,Charles City County,1867,1587,14,3468,3468
Precinct,101 - Precinct 1-1,568,602,3,1173,1173
Precinct,201 - Precinct 2-1,620,464,5,1089,1089
Precinct,301 - Precinct 3-1,679,521,6,1206,1206
Locality,Charlotte County,1422,3262,7,4691,4691
Precinct,101 - County Seat,253,506,1,760,760
Precinct,201 - Red Oak Wylliesburg,225,479,0,704,704
Precinct,302 - Drakes Branch,179,399,1,579,579
Precinct,401 - Keysville,191,442,1,634,634
Precinct,501 - Cullen/Red House,187,439,3,629,629
Precinct,602 - Phenix,171,586,0,757,757
Precinct,702 - Bacon/Saxe,216,411,1,628,628
Locality,Charlottesville City,15625,2667,102,18394,18394
Precinct,101 - Key Recreation,2379,366,11,2756,2756
Precinct,102 - Summit,1995,292,18,2305,2305
Precinct,201 - Carver,1454,158,11,1623,1623
Precinct,202 - Trailblazer,1274,274,12,1560,1560
Precinct,301 - Jackson-Via,1848,324,6,2178,2178
Precinct,302 - Johnson,1682,290,16,1988,1988
Precinct,303 - Buford,1400,171,8,1579,1579
Precinct,401 - Charlottesville High School,2199,470,7,2676,2676
Precinct,402 - Walker,1394,322,13,1729,1729
Locality,Chesapeake City,50267,45173,253,95693,95693
Precinct,001 - Great Bridge,640,977,3,1620,1620
Precinct,002 - Bethel,385,1284,0,1669,1669
Precinct,003 - Camelot,1130,127,0,1257,1257
Precinct,004 - Churchland,650,1019,8,1677,1677
Precinct,005 - Crestwood,1144,187,8,1339,1339
Precinct,006 - Deep Creek,849,634,5,1488,1488
Precinct,007 - Greenbrier,713,885,1,1599,1599
Precinct,008 - South Norfolk Recreation,949,678,7,1634,1634
Precinct,009 - Bells Mill,811,1535,6,2352,2352
Precinct,010 - Oscar Smith,409,318,5,732,732
Precinct,011 - Geneva Park,464,501,1,966,966
Precinct,012 - Georgetown,1157,189,3,1349,1349
Precinct,013 - Gilmerton,678,671,2,1351,1351
Precinct,014 - Grassfield,1180,1450,7,2637,2637
Precinct,015 - Greenbrier Middle School,1157,615,3,1775,1775
Precinct,016 - Hickory Grove,503,1326,4,1833,1833
Precinct,017 - Indian Creek,351,1002,2,1355,1355
Precinct,018 - Indian River,795,392,2,1189,1189
Precinct,019 - Jolliff,438,733,5,1176,1176
Precinct,020 - E W Chittum,925,1027,7,1959,1959
Precinct,021 - Fellowship,999,850,3,1852,1852
Precinct,022 - Norfolk Highlands,397,499,1,897,897
Precinct,023 - Oak Grove,1002,742,2,1746,1746
Precinct,024 - Oaklette,726,489,4,1219,1219
Precinct,025 - St Julians,848,342,4,1194,1194
Precinct,026 - Johnson Park,404,188,3,595,595
Precinct,027 - Silverwood,831,735,6,1572,1572
Precinct,028 - Sunray I,129,190,0,319,319
Precinct,029 - Tanglewood,499,734,3,1236,1236
Precinct,030 - South Norfolk,568,40,0,608,608
Precinct,031 - Carver School,1141,223,2,1366,1366
Precinct,032 - Providence,1505,124,4,1633,1633
Precinct,033 - Westover,338,458,1,797,797
Precinct,034 - Hickory Middle School,721,1570,2,2293,2293
Precinct,035 - Taylor Road,716,281,1,998,998
Precinct,036 - Great Bridge Baptist Church,600,1001,3,1604,1604
Precinct,037 - Bridgetown,833,1166,9,2008,2008
Precinct,038 - Bailey Creek,530,992,2,1524,1524
Precinct,039 - Lake Drummond,632,650,4,1286,1286
Precinct,041 - John T West,1509,1200,9,2718,2718
Precinct,042 - Parkways,972,503,4,1479,1479
Precinct,043 - Pleasant Crossing,518,1079,5,1602,1602
Precinct,044 - Nansemond,981,542,2,1525,1525
Precinct,045 - Sunray Ii,214,184,5,403,403
Precinct,046 - Bells Mill Ii,757,811,1,1569,1569
Precinct,048 - Jolliff Middle School,1724,214,7,1945,1945
Precinct,049 - Waterway,1021,820,9,1850,1850
Precinct,050 - River Walk,992,656,4,1652,1652
Precinct,051 - Coopers Way,1029,1716,4,2749,2749
Precinct,052 - Shipyard Road,982,620,4,1606,1606
Precinct,053 - Fairways,907,742,2,1651,1651
Precinct,054 - Pughsville,1062,422,6,1490,1490
Precinct,055 - Georgetown East,890,238,3,1131,1131
Precinct,056 - Green Tree,826,535,2,1363,1363
Precinct,057 - Cypress,899,499,4,1402,1402
Precinct,058 - Expressway,409,169,2,580,580
Precinct,059 - Clearfield,863,730,11,1604,1604
Precinct,060 - Parker Road,678,1117,3,1798,1798
Precinct,061 - Centerville,715,1491,3,2209,2209
Precinct,062 - Fentress,616,1084,4,1704,1704
Precinct,063 - Poplar Branch,372,849,3,1224,1224
Precinct,064 - Deep Creek Ii,1115,834,7,1956,1956
Precinct,065 - Waterway Ii,944,994,11,1949,1949
Precinct,066 - Fairways Ii,525,300,5,830,830
Locality,Chesterfield County,91374,77198,644,169216,169216
Precinct,101 - Bellwood,711,490,5,1206,1206
Precinct,102 - South Chester,998,934,7,1939,1939
Precinct,103 - Enon,1638,1610,8,3256,3256
Precinct,104 - North Chester,1240,1287,7,2534,2534
Precinct,105 - Drewrys Bluff,808,374,0,1182,1182
Precinct,106 - Harrowgate,1742,1162,5,2909,2909
Precinct,108 - Ecoff,1741,1944,8,3693,3693
Precinct,109 - Elizabeth Scott,1850,1492,9,3351,3351
Precinct,110 - Dutch Gap,747,705,6,1458,1458
Precinct,111 - Iron Bridge,864,1111,3,1978,1978
Precinct,112 - Carver,1037,763,3,1803,1803
Precinct,113 - Iron Bridge North,1257,832,8,2097,2097
Precinct,115 - Cresthill,1269,922,13,2204,2204
Precinct,201 - Gates,241,374,0,615,615
Precinct,202 - Beulah,1786,712,6,2504,2504
Precinct,203 - Bird,1286,655,1,1942,1942
Precinct,205 - Falling Creek,1434,482,5,1921,1921
Precinct,207 - Chippenham,2007,519,6,2532,2532
Precinct,208 - Meadowbrook,1611,472,13,2096,2096
Precinct,209 - Salem Church,1187,892,8,2087,2087
Precinct,210 - Five Forks,2267,942,13,3222,3222
Precinct,211 - Nash,1564,2092,6,3662,3662
Precinct,213 - Southside,992,259,3,1254,1254
Precinct,218 - New Manchester,648,449,10,1107,1107
Precinct,219 - Gates East,537,392,6,935,935
Precinct,220 - Falling Creek East,148,71,1,220,220
Precinct,221 - Oxbridge,1548,1139,12,2699,2699
Precinct,222 - Turner,1246,318,2,1566,1566
Precinct,301 - Ettrick,1888,513,4,2405,2405
Precinct,303 - Matoaca,1323,1392,5,2720,2720
Precinct,304 - Winfrees Store,629,1255,5,1889,1889
Precinct,305 - Beach,207,695,0,902,902
Precinct,306 - Winterpock,734,2053,7,2794,2794
Precinct,307 - Cosby,1247,1130,16,2393,2393
Precinct,309 - Skinquarter,1122,1340,6,2468,2468
Precinct,313 - Woolridge South,1148,1220,6,2374,2374
Precinct,314 - Longhouse,482,1002,2,1486,1486
Precinct,315 - Bailey Bridge,1011,1638,8,2657,2657
Precinct,316 - Spring Run,1126,1044,6,2176,2176
Precinct,319 - Magnolia,2170,2602,10,4782,4782
Precinct,320 - Dry Creek,1974,1985,11,3970,3970
Precinct,321 - Claypoint,882,763,4,1649,1649
Precinct,322 - Hensley,1622,1611,9,3242,3242
Precinct,401 - Harbour Pointe,789,752,10,1551,1551
Precinct,402 - Genito,1164,890,12,2066,2066
Precinct,403 - Brandermill,1377,1148,14,2539,2539
Precinct,404 - Providence,1270,795,12,2077,2077
Precinct,405 - La Prade,1216,1060,11,2287,2287
Precinct,408 - Reams,804,412,6,1222,1222
Precinct,410 - Wagstaff,269,175,4,448,448
Precinct,411 - Swift Creek,1121,1085,9,2215,2215
Precinct,412 - Clover Hill,1417,1268,11,2696,2696
Precinct,413 - Shenandoah,1103,735,12,1850,1850
Precinct,414 - Crenshaw,1733,1527,8,3268,3268
Precinct,415 - Evergreen,1275,1157,8,2440,2440
Precinct,418 - Woolridge North,793,822,7,1622,1622
Precinct,419 - North Courthouse,882,544,3,1429,1429
Precinct,420 - New Tomahawk,1149,1148,16,2313,2313
Precinct,421 - Lucks Lane,1655,1709,16,3380,3380
Precinct,422 - Otterdale,1877,1497,24,3398,3398
Precinct,503 - Midlothian,1441,1474,16,2931,2931
Precinct,504 - Robious,1773,1909,28,3710,3710
Precinct,505 - Bon Air,1433,942,21,2396,2396
Precinct,506 - Greenfield,1346,823,12,2181,2181
Precinct,507 - Salisbury,1322,1774,20,3116,3116
Precinct,508 - Belgrade,1332,1085,10,2427,2427
Precinct,509 - Cranbeck,872,520,7,1399,1399
Precinct,510 - Sycamore,493,606,5,1104,1104
Precinct,511 - Black Heath,707,858,8,1573,1573
Precinct,513 - Beaufont,766,236,6,1008,1008
Precinct,514 - Watkins,1345,1483,12,2840,2840
Precinct,515 - Davis,1366,321,1,1688,1688
Precinct,516 - Pocoshock North,494,202,0,696,696
Precinct,517 - Roseland,915,1176,10,2101,2101
Precinct,518 - Midlothian North,1296,1569,12,2877,2877
Precinct,519 - Buford,163,70,0,233,233
Precinct,520 - Walton Park,757,711,3,1471,1471
Precinct,521 - Rockaway,1690,1078,17,2785,2785
Locality,Clarke County,3081,4461,28,7570,7570
Precinct,101 - Russell,523,1077,3,1603,1603
Precinct,201 - Berryville,702,723,3,1428,1428
Precinct,301 - Millwood,506,699,10,1215,1215
Precinct,302 - Pine Grove,209,304,3,516,516
Precinct,401 - White Post,575,849,7,1431,1431
Precinct,501 - Buckmarsh,391,575,0,966,966
Precinct,502 - Blue Ridge,175,234,2,411,411
Locality,Colonial Heights City,2198,4318,15,6531,6531
Precinct,001 - 1st,333,538,3,874,874
Precinct,002 - 2nd,408,619,2,1029,1029
Precinct,003 - 3rd,480,817,1,1298,1298
Precinct,004 - 4th,541,1076,6,1623,1623
Precinct,005 - 5th,436,1268,3,1707,1707
Locality,Covington City,596,1062,3,1661,1661
Precinct,101 - Precinct 1-1,104,178,0,282,282
Precinct,201 - Precinct 2-1,137,176,2,315,315
Precinct,301 - Precinct 3-1,136,104,1,241,241
Precinct,401 - Precinct 4-1,124,304,0,428,428
Precinct,501 - Precinct 5-1,95,300,0,395,395
Locality,Craig County,387,1863,4,2254,2254
Precinct,101 - Court House,62,338,0,400,400
Precinct,201 - Ammendale,70,407,0,477,477
Precinct,301 - Givens & Reynolds Store,80,219,0,299,299
Precinct,303 - Marshalls Store,45,172,0,217,217
Precinct,401 - Barbours Creek,42,158,1,201,201
Precinct,402 - Paint Bank,10,25,0,35,35
Precinct,403 - Craig Springs,36,193,1,230,230
Precinct,501 - Craig City,42,351,2,395,395
Locality,Culpeper County,8111,13444,65,21620,21620
Precinct,101 - West Fairfax,1300,1181,8,2489,2489
Precinct,201 - East Fairfax,1201,797,8,2006,2006
Precinct,302 - Eggbornsville,336,838,2,1176,1176
Precinct,303 - Cardova,342,756,4,1102,1102
Precinct,304 - Willow Shade,327,353,2,682,682
Precinct,401 - Eldorado,426,954,2,1382,1382
Precinct,402 - Browns Store,846,1514,4,2364,2364
Precinct,501 - Jeffersonton,698,1414,8,2120,2120
Precinct,502 - Rixeyville,493,1384,8,1885,1885
Precinct,601 - Mitchells,72,196,0,268,268
Precinct,602 - Pearl Sample,727,1249,3,1979,1979
Precinct,603 - South Ridge,243,280,2,525,525
Precinct,702 - Brandy Station,768,1492,13,2273,2273
Precinct,703 - Lignum,211,615,1,827,827
Precinct,704 - Richardsville,121,421,0,542,542
Locality,Cumberland County,1660,2724,16,4400,4400
Precinct,101 - Precinct 1,302,665,2,969,969
Precinct,201 - Precinct 2,293,621,1,915,915
Precinct,301 - Precinct 3,422,429,8,859,859
Precinct,401 - Precinct 4,294,586,2,882,882
Precinct,501 - Precinct 5,349,423,3,775,775
Locality,Danville City,7276,4861,34,12171,12171
Precinct,001 - Ward 1,283,66,2,351,351
Precinct,002 - Ward 2,257,140,3,400,400
Precinct,003 - Ward 3,507,228,7,742,742
Precinct,004 - Ward 4,734,637,2,1373,1373
Precinct,006 - Ward 6,299,74,1,374,374
Precinct,007 - Ward 7,461,86,2,549,549
Precinct,008 - Ward 8,410,161,0,571,571
Precinct,009 - Ward 9,308,260,3,571,571
Precinct,010 - Ward 10,465,317,1,783,783
Precinct,011 - Ward 11,728,353,3,1084,1084
Precinct,012 - Ward 12,764,396,2,1162,1162
Precinct,013 - Ward 13,652,330,2,984,984
Precinct,014 - Ward 14,121,8,1,130,130
Precinct,015 - Ward 15,465,430,2,897,897
Precinct,016 - Ward 16,460,656,0,1116,1116
Precinct,017 - Ward 17,362,719,3,1084,1084
Locality,Dickenson County,912,3513,10,4435,4435
Precinct,101 - South Clintwood,215,721,5,941,941
Precinct,201 - Nora,44,247,1,292,292
Precinct,202 - Frying Pan,19,101,0,120,120
Precinct,203 - Clinchco,82,299,1,382,382
Precinct,301 - West Dante,21,135,0,156,156
Precinct,302 - Herald,27,261,0,288,288
Precinct,303 - Ridge,44,243,0,287,287
Precinct,304 - Longs Fork,28,209,0,237,237
Precinct,401 - Haysi-colley,197,540,0,737,737
Precinct,501 - Tarpon,55,124,2,181,181
Precinct,502 - North Clintwood,180,633,1,814,814
Locality,Dinwiddie County,4715,7305,25,12045,12045
Precinct,101 - White Oak,100,386,0,486,486
Precinct,102 - Rocky Run,203,637,0,840,840
Precinct,103 - Church Road,206,1044,1,1251,1251
Precinct,201 - Rohoic,378,239,3,620,620
Precinct,202 - Sutherland,646,1066,3,1715,1715
Precinct,301 - Reams,143,374,0,517,517
Precinct,302 - New Hope,291,587,3,881,881
Precinct,303 - Little Zion,555,740,7,1302,1302
Precinct,401 - Dinwiddie,471,840,2,1313,1313
Precinct,402 - Mckenney,246,470,2,718,718
Precinct,403 - Cherry Hill,199,270,0,469,469
Precinct,501 - Edgehill,366,120,1,487,487
Precinct,502 - Chesdin,911,532,3,1446,1446
Locality,Emporia City,1069,593,2,1664,1664
Precinct,101 - Precinct 1-1,208,96,0,304,304
Precinct,201 - Precinct 2-1,156,25,0,181,181
Precinct,301 - Precinct 3-1,146,143,0,289,289
Precinct,401 - Precinct 4-1,156,106,0,262,262
Precinct,501 - Precinct 5-1,163,7,1,171,171
Precinct,601 - District 6,133,181,1,315,315
Precinct,701 - District 7,107,35,0,142,142
Locality,Essex County,2130,2691,14,4835,4835
Precinct,101 - Greater Tappahannock,522,528,3,1053,1053
Precinct,201 - North,645,556,2,1203,1203
Precinct,301 - South,447,865,4,1316,1316
Precinct,401 - Central,516,742,5,1263,1263
Locality,Fairfax City,6832,3331,74,10237,10237
Precinct,1 - One,979,467,7,1453,1453
Precinct,2 - Two,1277,654,17,1948,1948
Precinct,3 - Three,1469,732,8,2209,2209
Precinct,4 - Four,1139,557,21,1717,1717
Precinct,5 - Five,964,485,11,1460,1460
Precinct,6 - Six,1004,436,10,1450,1450
Locality,Fairfax County,301294,136325,3003,440622,440622
Precinct,104 - Chapel,1088,579,12,1679,1679
Precinct,105 - Fairview,2059,1020,23,3102,3102
Precinct,106 - Heritage,1258,476,6,1740,1740
Precinct,108 - Kings Park,1351,695,14,2060,2060
Precinct,109 - Little Run,665,341,11,1017,1017
Precinct,110 - North Springfield,1671,803,16,2490,2490
Precinct,113 - Canterbury,1729,773,33,2535,2535
Precinct,114 - Olde Creek,970,520,16,1506,1506
Precinct,115 - Ravensworth,727,399,6,1132,1132
Precinct,116 - Wakefield,1108,503,6,1617,1617
Precinct,117 - Woodson #1,767,409,7,1183,1183
Precinct,118 - Lake Braddock,1779,719,14,2512,2512
Precinct,119 - Laurel,1788,839,21,2648,2648
Precinct,120 - Sideburn #1,440,269,3,712,712
Precinct,121 - Villa,889,479,14,1382,1382
Precinct,123 - Robinson,2116,962,17,3095,3095
Precinct,125 - Signal Hill,1414,718,23,2155,2155
Precinct,126 - Bonnie Brae,1087,436,15,1538,1538
Precinct,127 - Burke Centre,1889,852,20,2761,2761
Precinct,128 - Cardinal,972,461,12,1445,1445
Precinct,129 - Keene Mill,810,383,11,1204,1204
Precinct,130 - Terra Centre,1035,504,18,1557,1557
Precinct,131 - Eagle View #1,679,247,3,929,929
Precinct,132 - Monument,1786,627,14,2427,2427
Precinct,134 - University,852,119,5,976,976
Precinct,135 - Irving,1245,584,9,1838,1838
Precinct,136 - Woodson #2,450,244,6,700,700
Precinct,137 - Sideburn #2,894,556,11,1461,1461
Precinct,138 - Eagle View #2,764,486,8,1258,1258
Precinct,201 - Armstrong,1902,586,12,2500,2500
Precinct,202 - Flint Hill #1,632,384,3,1019,1019
Precinct,203 - Floris,1688,854,12,2554,2554
Precinct,204 - Madison,418,147,2,567,567
Precinct,208 - Reston #1,2013,516,8,2537,2537
Precinct,209 - Reston #2,2000,563,10,2573,2573
Precinct,213 - Vienna #1,1844,880,18,2742,2742
Precinct,214 - Vienna #2,1532,708,14,2254,2254
Precinct,216 - Vienna #4,730,275,7,1012,1012
Precinct,218 - Vienna #6,1144,457,13,1614,1614
Precinct,219 - Westbriar #1,729,366,9,1104,1104
Precinct,220 - Dogwood,1932,648,13,2593,2593
Precinct,221 - Hunters Woods,1465,546,21,2032,2032
Precinct,222 - Reston #3,1204,276,7,1487,1487
Precinct,223 - Glade,1938,533,11,2482,2482
Precinct,224 - South Lakes,2354,605,20,2979,2979
Precinct,225 - Hughes,1873,465,14,2352,2352
Precinct,226 - Wolftrap,1524,829,18,2371,2371
Precinct,227 - Sunrise Valley #1,1042,407,18,1467,1467
Precinct,229 - Fox Mill #1,1836,921,25,2782,2782
Precinct,233 - North Point,1075,611,9,1695,1695
Precinct,234 - Aldrin,1491,487,7,1985,1985
Precinct,235 - Frying Pan,1308,474,7,1789,1789
Precinct,236 - Stuart,676,260,6,942,942
Precinct,237 - Mcnair,1775,463,13,2251,2251
Precinct,238 - Cameron Glen,1916,810,14,2740,2740
Precinct,240 - Colvin,980,578,9,1567,1567
Precinct,241 - Flint Hill #2,660,352,12,1024,1024
Precinct,242 - Westbriar #2,743,406,15,1164,1164
Precinct,243 - Sunrise Valley #2,438,236,5,679,679
Precinct,244 - Fox Mill #2,218,142,0,360,360
Precinct,245 - Piney Run,407,237,3,647,647
Precinct,301 - Chain Bridge,1369,849,26,2244,2244
Precinct,302 - Chesterbrook,1184,624,21,1829,1829
Precinct,303 - Churchill,646,406,9,1061,1061
Precinct,304 - Cooper,805,572,10,1387,1387
Precinct,305 - El Nido,1067,523,17,1607,1607
Precinct,306 - Great Falls,718,587,8,1313,1313
Precinct,307 - Haycock,1907,835,29,2771,2771
Precinct,309 - Kenmore,1331,918,19,2268,2268
Precinct,310 - Kirby,964,448,14,1426,1426
Precinct,311 - Langley,770,592,12,1374,1374
Precinct,312 - Longfellow,1153,548,22,1723,1723
Precinct,314 - Mclean,1037,594,16,1647,1647
Precinct,315 - Pimmit,1465,599,12,2076,2076
Precinct,316 - Salona,1162,618,32,1812,1812
Precinct,317 - Westhampton,445,237,5,687,687
Precinct,318 - Westmoreland,704,329,8,1041,1041
Precinct,319 - Herndon #1,1758,776,13,2547,2547
Precinct,320 - Herndon #2,1783,650,21,2454,2454
Precinct,321 - Clearview,1760,912,18,2690,2690
Precinct,322 - Forestville,1017,938,8,1963,1963
Precinct,323 - Shouse,936,486,10,1432,1432
Precinct,324 - Herndon #3,1556,586,10,2152,2152
Precinct,325 - Hutchison,899,211,4,1114,1114
Precinct,327 - Sugarland,1473,837,14,2324,2324
Precinct,328 - Hickory,1225,882,17,2124,2124
Precinct,329 - Seneca,1197,970,7,2174,2174
Precinct,331 - Spring Hill,874,540,11,1425,1425
Precinct,332 - Coates,2330,661,22,3013,3013
Precinct,401 - Bush Hill,1604,684,18,2306,2306
Precinct,402 - Cameron,537,197,4,738,738
Precinct,403 - Forestdale,578,197,5,780,780
Precinct,404 - Edison #1,900,318,5,1223,1223
Precinct,405 - Groveton,808,227,4,1039,1039
Precinct,406 - Hayfield,1105,603,18,1726,1726
Precinct,408 - Mount Eagle,1358,303,23,1684,1684
Precinct,409 - Pioneer,1458,514,7,1979,1979
Precinct,410 - Rose Hill,2074,828,23,2925,2925
Precinct,411 - Virginia Hills,1137,384,10,1531,1531
Precinct,413 - Fairfield,1015,193,4,1212,1212
Precinct,415 - Crestwood,957,505,13,1475,1475
Precinct,417 - Garfield,1435,599,13,2047,2047
Precinct,418 - Lynbrook #1,681,296,2,979,979
Precinct,419 - Lane,1076,340,4,1420,1420
Precinct,420 - Villages,2207,757,17,2981,2981
Precinct,421 - Kingstowne,1565,546,14,2125,2125
Precinct,422 - Van Dorn,1716,563,11,2290,2290
Precinct,423 - Clermont,1291,546,21,1858,1858
Precinct,424 - Huntley,1353,490,11,1854,1854
Precinct,426 - Greenspring,1038,371,2,1411,1411
Precinct,427 - Island Creek,1343,471,11,1825,1825
Precinct,428 - Pinewood,1374,297,4,1675,1675
Precinct,429 - Hybla Valley,1268,259,6,1533,1533
Precinct,431 - West Springfield,1351,652,22,2025,2025
Precinct,432 - Edison #2,1524,435,6,1965,1965
Precinct,433 - Lynbrook #2,53,22,0,75,75
Precinct,501 - Baileys,1566,409,11,1986,1986
Precinct,502 - Barcroft,731,306,12,1049,1049
Precinct,503 - Belvedere,840,291,5,1136,1136
Precinct,504 - Bristow,892,377,2,1271,1271
Precinct,505 - Glen Forest,1149,375,14,1538,1538
Precinct,506 - Holmes,235,86,0,321,321
Precinct,507 - Lincolnia,1393,438,10,1841,1841
Precinct,508 - Masonville,918,408,12,1338,1338
Precinct,509 - Plaza,435,87,2,524,524
Precinct,510 - Parklawn,897,415,11,1323,1323
Precinct,511 - Ravenwood,820,311,18,1149,1149
Precinct,512 - Sleepy Hollow,1472,594,22,2088,2088
Precinct,513 - Saint Albans,1160,468,16,1644,1644
Precinct,514 - Crossroads,588,98,2,688,688
Precinct,515 - Westlawn,766,236,3,1005,1005
Precinct,516 - Weyanoke,1238,436,8,1682,1682
Precinct,517 - Willston,567,236,4,807,807
Precinct,518 - Columbia,944,463,11,1418,1418
Precinct,520 - Skyline,1058,207,5,1270,1270
Precinct,521 - Brook Hill,761,429,6,1196,1196
Precinct,522 - Camelot,977,499,22,1498,1498
Precinct,523 - Poe,1170,474,13,1657,1657
Precinct,525 - Walnut Hill,1446,656,15,2117,2117
Precinct,526 - Bren Mar,1616,475,15,2106,2106
Precinct,527 - Edsall,805,387,2,1194,1194
Precinct,528 - Ridgelea,271,126,2,399,399
Precinct,530 - Tripps,711,179,12,902,902
Precinct,535 - Fort Buffalo,899,267,7,1173,1173
Precinct,536 - Woodburn,1424,584,16,2024,2024
Precinct,601 - Belle Haven,976,618,21,1615,1615
Precinct,602 - Belleview,974,454,13,1441,1441
Precinct,604 - Bucknell,1695,486,15,2196,2196
Precinct,605 - Fort Hunt,1065,681,14,1760,1760
Precinct,606 - Hollin Hall,1325,755,17,2097,2097
Precinct,607 - Huntington,1160,266,6,1432,1432
Precinct,608 - Kirkside,1094,357,8,1459,1459
Precinct,609 - Marlan,1013,601,24,1638,1638
Precinct,610 - Sherwood,951,359,14,1324,1324
Precinct,611 - Stratford,1417,845,25,2287,2287
Precinct,612 - Waynewood,635,381,7,1023,1023
Precinct,613 - Westgate,1244,1148,25,2417,2417
Precinct,614 - Riverside,931,569,7,1507,1507
Precinct,615 - Woodley,1266,614,19,1899,1899
Precinct,616 - Gunston,631,664,9,1304,1304
Precinct,617 - Lorton,1553,424,9,1986,1986
Precinct,618 - Newington #1,883,492,11,1386,1386
Precinct,621 - Grosvenor,1051,303,13,1367,1367
Precinct,622 - Lorton Station,1627,416,11,2054,2054
Precinct,623 - Alban,1195,458,8,1661,1661
Precinct,627 - Woodlawn #1,754,282,4,1040,1040
Precinct,628 - Laurel Hill #1,1318,458,12,1788,1788
Precinct,629 - South County,1070,442,8,1520,1520
Precinct,630 - Army,1023,450,5,1478,1478
Precinct,631 - Pohick Creek,943,402,3,1348,1348
Precinct,632 - Halley #1,371,323,4,698,698
Precinct,633 - Halley #2,111,95,0,206,206
Precinct,634 - Newington #2,1267,469,10,1746,1746
Precinct,635 - Woodlawn #2,862,219,2,1083,1083
Precinct,636 - Laurel Hill #2,591,156,6,753,753
Precinct,637 - MONTEBELLO,646,259,3,908,908
Precinct,701 - Blake,2007,686,14,2707,2707
Precinct,704 - Freedom Hill,1033,450,15,1498,1498
Precinct,705 - Graham-Greenway,1678,567,18,2263,2263
Precinct,707 - Mantua,1113,521,15,1649,1649
Precinct,708 - Marshall,1634,581,24,2239,2239
Precinct,709 - Mosby #1,977,336,11,1324,1324
Precinct,710 - Pine Spring,988,364,10,1362,1362
Precinct,711 - Price,899,405,5,1309,1309
Precinct,712 - Shreve,1405,493,13,1911,1911
Precinct,713 - Timber Lane,1467,460,15,1942,1942
Precinct,714 - Walker,1504,606,20,2130,2130
Precinct,718 - Pine Ridge,999,433,8,1440,1440
Precinct,720 - Thoreau,1419,598,16,2033,2033
Precinct,721 - Merrifield,1832,400,18,2250,2250
Precinct,723 - Gallows East,983,263,12,1258,1258
Precinct,726 - Magarity,1808,673,23,2504,2504
Precinct,727 - Oakton,1087,646,18,1751,1751
Precinct,729 - Nottoway,1716,600,29,2345,2345
Precinct,731 - Tysons,1035,331,8,1374,1374
Precinct,732 - Oaktree Crossing,1545,997,13,2555,2555
Precinct,733 - Kilmer,2051,654,24,2729,2729
Precinct,734 - Hunters Branch,1330,402,16,1748,1748
Precinct,735 - Rotonda,495,236,4,735,735
Precinct,736 - Bedford,193,34,1,228,228
Precinct,737 - Mosby #2,420,135,4,559,559
Precinct,738 - Jones Branch,750,278,3,1031,1031
Precinct,801 - Burke #1,1106,463,9,1578,1578
Precinct,802 - Cedar Lake,669,243,4,916,916
Precinct,803 - Clifton South,813,910,5,1728,1728
Precinct,804 - Colchester,678,604,4,1286,1286
Precinct,805 - Fairfax Station,626,507,8,1141,1141
Precinct,806 - Sydenstricker,1371,738,16,2125,2125
Precinct,807 - Hunt Valley,1038,584,10,1632,1632
Precinct,811 - Pohick,857,337,7,1201,1201
Precinct,812 - Valley,1320,648,9,1977,1977
Precinct,815 - Woodyard,576,477,9,1062,1062
Precinct,824 - Orange,1705,962,23,2690,2690
Precinct,825 - Cherry Run,1296,686,26,2008,2008
Precinct,833 - White Oaks,1351,631,6,1988,1988
Precinct,838 - Sangster,974,663,15,1652,1652
Precinct,839 - Silverbrook,1406,949,15,2370,2370
Precinct,841 - Popes Head,577,497,8,1082,1082
Precinct,842 - Parkway,870,649,19,1538,1538
Precinct,843 - Fair Lakes,1379,567,13,1959,1959
Precinct,844 - Centerpointe,1166,389,4,1559,1559
Precinct,845 - Fountainhead,1285,1148,19,2452,2452
Precinct,846 - Greenbriar East,1402,595,16,2013,2013
Precinct,847 - Greenbriar West,945,514,12,1471,1471
Precinct,848 - Fair Oaks,1494,666,8,2168,2168
Precinct,849 - Newgate North,1139,728,14,1881,1881
Precinct,850 - South Run,1211,837,9,2057,2057
Precinct,851 - Willow Springs #1,478,300,7,785,785
Precinct,854 - Newgate South,1083,793,8,1884,1884
Precinct,855 - Saratoga,1487,740,21,2248,2248
Precinct,856 - Penderbrook,1506,669,10,2185,2185
Precinct,857 - Island Pond,71,41,0,112,112
Precinct,858 - Clifton Town,65,71,1,137,137
Precinct,859 - Liberty,687,726,4,1417,1417
Precinct,860 - Sandy Run,375,406,4,785,785
Precinct,861 - Burke #2,893,430,7,1330,1330
Precinct,862 - Willow Springs #2,659,380,5,1044,1044
Precinct,901 - Centre Ridge,1246,568,9,1823,1823
Precinct,902 - Brookfield,1525,725,13,2263,2263
Precinct,903 - Cub Run,1802,1025,17,2844,2844
Precinct,904 - Stonecroft,632,461,8,1101,1101
Precinct,905 - Franklin,1258,645,10,1913,1913
Precinct,908 - Hidden Meadow,1043,558,12,1613,1613
Precinct,909 - Oak Hill,972,468,13,1453,1453
Precinct,910 - London Towne,1457,673,7,2137,2137
Precinct,911 - Navy,1646,864,9,2519,2519
Precinct,913 - Rocky Run,1992,1059,16,3067,3067
Precinct,914 - Vale,1096,677,19,1792,1792
Precinct,915 - Virginia Run,942,891,5,1838,1838
Precinct,916 - Waples Mill,1797,1170,19,2986,2986
Precinct,917 - Stone,1537,664,9,2210,2210
Precinct,918 - Centreville,1764,745,13,2522,2522
Precinct,919 - Green Trails,1720,751,6,2477,2477
Precinct,920 - Chantilly,795,441,2,1238,1238
Precinct,921 - Deer Park,1244,875,2,2121,2121
Precinct,923 - Bull Run,907,779,12,1698,1698
Precinct,924 - Spindle,748,308,5,1061,1061
Precinct,925 - Old Mill,751,356,3,1110,1110
Precinct,926 - Powell,1565,691,11,2267,2267
Precinct,927 - Armfield,1187,481,5,1673,1673
Precinct,928 - Poplar Tree,1173,682,9,1864,1864
Precinct,929 - Difficult Run,209,169,6,384,384
Precinct,931 - Carson,1044,450,7,1501,1501
Precinct,934 - Fox Valley,558,240,7,805,805
Precinct,935 - Robinson Mill,257,99,4,360,360
Locality,Falls Church City,5696,1591,63,7350,7350
Precinct,001 - 1st Ward,1770,504,22,2296,2296
Precinct,002 - 2nd Ward,1819,542,20,2381,2381
Precinct,003 - 3rd Ward,2107,545,21,2673,2673
Locality,Fauquier County,13012,21127,113,34252,34252
Precinct,101 - Kettle Run,317,801,6,1124,1124
Precinct,102 - Catlett,482,1471,6,1959,1959
Precinct,103 - Casanova,863,1391,6,2260,2260
Precinct,104 - Lois,235,626,6,867,867
Precinct,105 - Opal,243,709,3,955,955
Precinct,201 - Ward 1,459,481,3,943,943
Precinct,202 - Ward 2,444,335,4,783,783
Precinct,203 - Ward 3,411,420,2,833,833
Precinct,204 - Ward 4,399,548,4,951,951
Precinct,205 - Ward 5,405,445,6,856,856
Precinct,206 - Airlie,797,1063,5,1865,1865
Precinct,301 - Morrisville,585,1267,4,1856,1856
Precinct,302 - Botha,629,1218,5,1852,1852
Precinct,303 - Bealeton,744,927,3,1674,1674
Precinct,304 - Remington,85,114,0,199,199
Precinct,401 - Salem,836,1258,7,2101,2101
Precinct,402 - Leeds,984,1307,5,2296,2296
Precinct,403 - Waterloo,787,1529,8,2324,2324
Precinct,404 - Springs Valley,358,563,4,925,925
Precinct,501 - Hopewell,412,523,1,936,936
Precinct,502 - New Baltimore,932,1561,11,2504,2504
Precinct,503 - Broad Run,633,1061,4,1698,1698
Precinct,504 - Vint Hill,891,1468,10,2369,2369
Precinct,505 - The Plains,81,41,0,122,122
Locality,Floyd County,2406,4949,20,7375,7375
Precinct,101 - Locust Grove,445,982,3,1430,1430
Precinct,201 - Little River,593,938,7,1538,1538
Precinct,301 - Courthouse,560,839,3,1402,1402
Precinct,401 - Burks Fork,451,1011,5,1467,1467
Precinct,501 - Indian Valley,357,1179,2,1538,1538
Locality,Fluvanna County,6096,7151,47,13294,13294
Precinct,101 - Palmyra,1303,1199,12,2514,2514
Precinct,201 - Columbia,1039,1467,10,2516,2516
Precinct,301 - Fork Union,1099,1449,10,2558,2558
Precinct,401 - Cunningham,989,1655,6,2650,2650
Precinct,501 - Rivanna,1666,1381,9,3056,3056
Locality,Franklin City,1766,1153,2,2921,2921
Precinct,101 - Precinct 1-1,226,444,0,670,670
Precinct,201 - Precinct 2-1,274,337,1,612,612
Precinct,301 - Precinct 3-1,341,39,0,380,380
Precinct,401 - Precinct 4-1,286,77,0,363,363
Precinct,501 - Precinct 5-1,323,25,0,348,348
Precinct,601 - Precinct 6-1,316,231,1,548,548
Locality,Franklin County,5936,17062,59,23057,23057
Precinct,102 - Burnt Chimney,572,1727,3,2302,2302
Precinct,103 - Scruggs,626,1663,4,2293,2293
Precinct,201 - Glade Hill,131,581,0,712,712
Precinct,202 - Penhook,315,812,5,1132,1132
Precinct,203 - Hodgesville,172,647,1,820,820
Precinct,204 - Dudley,326,797,3,1126,1126
Precinct,301 - Snow Creek,126,448,1,575,575
Precinct,302 - Fork Mountain,121,450,1,572,572
Precinct,303 - Sontag,282,707,2,991,991
Precinct,304 - Dickinson,194,422,1,617,617
Precinct,401 - Henry,116,633,2,751,751
Precinct,402 - Ferrum,188,507,2,697,697
Precinct,403 - Endicott,100,360,2,462,462
Precinct,404 - Waidsboro,136,455,2,593,593
Precinct,502 - Callaway,235,889,3,1127,1127
Precinct,503 - Bowmans,307,780,5,1092,1092
Precinct,504 - Gogginsville,267,915,1,1183,1183
Precinct,601 - Boones Mill,334,1074,6,1414,1414
Precinct,602 - Bonbrook,217,889,4,1110,1110
Precinct,603 - Coopers Cove,174,608,3,785,785
Precinct,701 - Rocky Mount East,332,554,2,888,888
Precinct,702 - Rocky Mount West,356,696,4,1056,1056
Precinct,703 - Rocky Mount South,309,448,2,759,759
Locality,Frederick County,14177,24411,68,38656,38656
Precinct,101 - Russells,496,1438,2,1936,1936
Precinct,102 - Gore,469,1345,0,1814,1814
Precinct,103 - Kernstown,665,1317,4,1986,1986
Precinct,104 - Cedar Creek,160,523,1,684,684
Precinct,105 - Middletown,292,414,1,707,707
Precinct,201 - Gainesborough,272,922,0,1194,1194
Precinct,202 - Albin,471,1075,4,1550,1550
Precinct,203 - Redland,655,1447,4,2106,2106
Precinct,204 - Nain,375,887,3,1265,1265
Precinct,205 - White Hall,289,664,0,953,953
Precinct,301 - Clear Brook,323,1102,1,1426,1426
Precinct,302 - Neff's Town,164,211,1,376,376
Precinct,303 - Jordan Springs,989,1090,4,2083,2083
Precinct,304 - Gibson School,225,187,3,415,415
Precinct,305 - Sunnyside,434,455,1,890,890
Precinct,401 - Armel,498,826,3,1327,1327
Precinct,402 - Shenandoah,840,1201,3,2044,2044
Precinct,403 - Parkin's Mill,646,935,6,1587,1587
Precinct,404 - White Oak School,613,920,5,1538,1538
Precinct,501 - Stephens City,398,547,4,949,949
Precinct,502 - Bass-Hoover,486,755,2,1243,1243
Precinct,503 - Canterburg,1025,1324,2,2351,2351
Precinct,504 - Vaucluse Spring,609,987,3,1599,1599
Precinct,505 - Aylor,378,619,3,1000,1000
Precinct,601 - Millbrook,570,824,2,1396,1396
Precinct,602 - Ash Hollow,706,794,3,1503,1503
Precinct,603 - Greenwood,899,1195,2,2096,2096
Precinct,604 - Carpers Valley,180,305,1,486,486
Precinct,605 - Sulphur Spring,50,102,0,152,152
Locality,Fredericksburg City,6906,3408,49,10363,10363
Precinct,101 - HUGH MERCER,1421,879,11,2311,2311
Precinct,201 - DOROTHY HART,1894,838,16,2748,2748
Precinct,301 - GLADYS WEST,1824,1000,12,2836,2836
Precinct,401 - FCPS ADMINISTRATION,1031,359,6,1396,1396
Precinct,402 - V.F.W 3103,736,332,4,1072,1072
Locality,Galax City,539,1334,2,1875,1875
Precinct,001 - East,238,581,1,820,820
Precinct,005 - West,301,753,1,1055,1055
Locality,Giles County,1543,5186,16,6745,6745
Precinct,102 - Rich Creek,89,374,1,464,464
Precinct,103 - Narrows,237,1031,2,1270,1270
Precinct,201 - Pearisburg,384,1436,7,1827,1827
Precinct,202 - Staffordsville,51,276,1,328,328
Precinct,203 - White Gate,31,148,0,179,179
Precinct,301 - Eggleston,167,395,1,563,563
Precinct,302 - Pembroke,324,1037,1,1362,1362
Precinct,303 - Newport,260,489,3,752,752
Locality,Gloucester County,5221,11982,32,17235,17235
Precinct,101 - Harcum,337,1016,0,1353,1353
Precinct,102 - Salem,270,753,3,1026,1026
Precinct,103 - Peasley,241,734,2,977,977
Precinct,201 - Courthouse,533,972,1,1506,1506
Precinct,202 - Botetourt,671,1376,1,2048,2048
Precinct,301 - White Marsh,659,1490,3,2152,2152
Precinct,302 - Roanes,437,1003,6,1446,1446
Precinct,401 - Hayes,570,1088,1,1659,1659
Precinct,402 - Sarahs Creek,544,958,9,1511,1511
Precinct,501 - Achilles,575,1608,5,2188,2188
Precinct,502 - Walker,384,984,1,1369,1369
Locality,Goochland County,6216,10604,55,16875,16875
Precinct,101 - Fife,393,786,3,1182,1182
Precinct,102 - Hadensville,535,970,6,1511,1511
Precinct,201 - 3 Square,551,784,4,1339,1339
Precinct,202 - Sandy Hook,592,856,3,1451,1451
Precinct,301 - Beaverdam,643,1096,4,1743,1743
Precinct,302 - Randolph,475,732,4,1211,1211
Precinct,401 - Shallow Well,234,622,3,859,859
Precinct,402 - Centerville,809,1502,10,2321,2321
Precinct,403 - West Creek,594,546,8,1148,1148
Precinct,501 - Manakin,531,1230,4,1765,1765
Precinct,502 - Blair,859,1480,6,2345,2345
Locality,Grayson County,1098,4752,6,5856,5856
Precinct,101 - Bridle Creek,99,302,1,402,402
Precinct,102 - Flatridge,21,127,0,148,148
Precinct,103 - Grant,66,219,0,285,285
Precinct,104 - Mouth Of Wilson,36,121,0,157,157
Precinct,105 - Mount Rogers,29,142,0,171,171
Precinct,106 - Rugby,29,141,0,170,170
Precinct,107 - Troutdale,18,83,0,101,101
Precinct,108 - Comers Rock,38,119,0,157,157
Precinct,202 - Elk Creek,74,383,1,458,458
Precinct,203 - Independence,175,778,1,954,954
Precinct,301 - Baywood,112,512,0,624,624
Precinct,302 - Fairview,135,686,2,823,823
Precinct,401 - Fries,92,256,0,348,348
Precinct,402 - Providence,113,640,0,753,753
Precinct,403 - Oldtown,61,243,1,305,305
Locality,Greene County,3615,5762,30,9407,9407
Precinct,101 - Dyke,215,606,2,823,823
Precinct,102 - Swift Run,477,844,2,1323,1323
Precinct,201 - Ruckersville,1013,1205,11,2229,2229
Precinct,301 - Stanardsville,722,1546,5,2273,2273
Precinct,302 - Stanardsville Town,46,56,0,102,102
Precinct,401 - Midway,1142,1505,10,2657,2657
Locality,Greensville County,1828,1503,2,3333,3333
Precinct,101 - Precinct 1-a,164,115,0,279,279
Precinct,102 - Precinct 1-b,61,100,0,161,161
Precinct,103 - Precinct 1-c,246,99,1,346,346
Precinct,201 - Precinct 2-a,269,123,0,392,392
Precinct,202 - Precinct 2-b,222,349,0,571,571
Precinct,302 - Precinct 3-a,485,166,0,651,651
Precinct,401 - Precinct 4-a,66,183,0,249,249
Precinct,402 - Precinct 4-b,209,171,1,381,381
Precinct,403 - Precinct 4-c,106,197,0,303,303
Locality,Halifax County,5024,8237,15,13276,13276
Precinct,101 - Childrey,231,394,0,625,625
Precinct,102 - Liberty,121,214,0,335,335
Precinct,103 - Republican Grove,264,435,0,699,699
Precinct,201 - Clays Mill,131,327,0,458,458
Precinct,202 - Crossroads,148,277,1,426,426
Precinct,203 - Clover,307,396,0,703,703
Precinct,302 - Meadville,160,113,0,273,273
Precinct,304 - Vernon Hill,164,356,0,520,520
Precinct,305 - Sinai,488,398,1,887,887
Precinct,401 - Courthouse,390,464,2,856,856
Precinct,403 - Center,297,599,0,896,896
Precinct,502 - Dan River,378,675,2,1055,1055
Precinct,503 - Scottsburg,99,430,0,529,529
Precinct,601 - Black Walnut,218,445,1,664,664
Precinct,603 - Mt Carmel,368,553,1,922,922
Precinct,605 - Union,94,206,1,301,301
Precinct,701 - Hyco,211,686,1,898,898
Precinct,702 - Midway,88,524,0,612,612
Precinct,703 - Virgilina,68,366,1,435,435
Precinct,801 - South Boston,799,379,4,1182,1182
Locality,Hampton City,33819,13063,96,46978,46978
Precinct,101 - Aberdeen,1279,203,5,1487,1487
Precinct,102 - Bassette,1289,119,4,1412,1412
Precinct,103 - City Hall,852,160,2,1014,1014
Precinct,104 - Cooper,1796,287,4,2087,2087
Precinct,105 - East Hampton,1081,241,2,1324,1324
Precinct,106 - Armstrong,1171,519,7,1697,1697
Precinct,107 - Lindsay,1206,234,4,1444,1444
Precinct,108 - Thomas,1479,227,6,1712,1712
Precinct,109 - Phenix,1543,180,1,1724,1724
Precinct,110 - Phoebus,272,152,0,424,424
Precinct,111 - Hampton Library,416,255,1,672,672
Precinct,112 - Smith,1543,518,5,2066,2066
Precinct,115 - Wythe,663,381,4,1048,1048
Precinct,116 - Jones,604,149,1,754,754
Precinct,117 - Kecoughtan,968,312,3,1283,1283
Precinct,118 - Mallory,1487,197,5,1689,1689
Precinct,201 - Patrick,1045,815,3,1863,1863
Precinct,202 - Bryan,1171,708,1,1880,1880
Precinct,203 - Burbank,858,459,1,1318,1318
Precinct,204 - Forrest,993,430,4,1427,1427
Precinct,205 - Asbury,1165,1445,3,2613,2613
Precinct,208 - Kraft,1609,855,10,2474,2474
Precinct,209 - Langley,948,574,1,1523,1523
Precinct,210 - Machen,2076,565,5,2646,2646
Precinct,212 - Bethel,2138,567,3,2708,2708
Precinct,213 - Phillips,1345,1071,3,2419,2419
Precinct,214 - Jackson,1207,639,2,1848,1848
Precinct,215 - Peake,377,65,1,443,443
Precinct,216 - Sandy Bottom,789,345,1,1135,1135
Precinct,217 - Syms,449,391,4,844,844
Locality,Hanover County,20535,39076,241,59852,59852
Precinct,101 - Ashland,707,600,7,1314,1314
Precinct,104 - Sliding Hill,688,812,8,1508,1508
Precinct,105 - Berkley,811,587,3,1401,1401
Precinct,106 - Kersey Creek,357,520,5,882,882
Precinct,108 - Honey Meadows,1018,1202,15,2235,2235
Precinct,201 - Beaverdam,501,1571,14,2086,2086
Precinct,202 - Blunts,324,602,2,928,928
Precinct,203 - Wilmington Parish,642,1382,11,2035,2035
Precinct,206 - Courthouse,706,1057,7,1770,1770
Precinct,208 - Oak Knoll,448,1032,15,1495,1495
Precinct,210 - Oak Hill,282,470,2,754,754
Precinct,301 - Clay,526,1247,5,1778,1778
Precinct,303 - Shady Grove,642,1228,3,1873,1873
Precinct,304 - Atlee,859,1319,11,2189,2189
Precinct,305 - Cool Spring,688,1166,11,1865,1865
Precinct,306 - Rutland,668,920,6,1594,1594
Precinct,401 - Battlefield,462,1558,6,2026,2026
Precinct,403 - Cold Harbor,779,1759,9,2547,2547
Precinct,404 - Black Creek,228,1073,1,1302,1302
Precinct,405 - Pebble Creek,447,738,3,1188,1188
Precinct,407 - Old Church,307,1129,5,1441,1441
Precinct,502 - Rural Point,709,1367,7,2083,2083
Precinct,503 - Newman,586,863,5,1454,1454
Precinct,504 - Studley,237,1067,2,1306,1306
Precinct,505 - Totopotomoy,83,363,0,446,446
Precinct,506 - Georgetown,485,1220,5,1710,1710
Precinct,507 - Laurel Meadow,536,1185,5,1726,1726
Precinct,601 - Village,751,1458,7,2216,2216
Precinct,602 - Lee Davis,594,1178,7,1779,1779
Precinct,603 - Mechanicsville,704,1049,8,1761,1761
Precinct,604 - Hanover Grove,634,1235,4,1873,1873
Precinct,701 - Farrington,562,1296,9,1867,1867
Precinct,702 - Montpelier,640,1319,11,1970,1970
Precinct,703 - Rockville,559,1275,4,1838,1838
Precinct,704 - Elmont,1067,1486,14,2567,2567
Precinct,705 - South Anna,298,743,4,1045,1045
Locality,Harrisonburg City,8722,4122,60,12904,12904
Precinct,101 - Northeast,1108,515,5,1628,1628
Precinct,102 - East Central,929,356,10,1295,1295
Precinct,103 - Southeast,1048,442,9,1499,1499
Precinct,104 - East,1025,541,4,1570,1570
Precinct,105 - South East Central,726,181,4,911,911
Precinct,201 - Northwest,1345,814,9,2168,2168
Precinct,202 - Southwest,1154,617,8,1779,1779
Precinct,203 - West,1387,656,11,2054,2054
Locality,Henrico County,94039,53005,653,147697,147697
Precinct,101 - Coalpit,1520,1219,14,2753,2753
Precinct,102 - Dumbarton,1384,483,6,1873,1873
Precinct,103 - Glen Allen,1560,1588,12,3160,3160
Precinct,104 - Greendale,585,351,7,943,943
Precinct,105 - Hermitage,1411,801,9,2221,2221
Precinct,106 - Holladay,563,457,7,1027,1027
Precinct,107 - Hungary Creek,1401,1295,13,2709,2709
Precinct,108 - Hunton,330,382,1,713,713
Precinct,109 - Johnson,1047,486,7,1540,1540
Precinct,110 - Longan,1330,950,9,2289,2289
Precinct,111 - Maude Trevvett,1570,629,8,2207,2207
Precinct,112 - Monument Hills,400,319,8,727,727
Precinct,113 - Springfield,1348,991,16,2355,2355
Precinct,114 - Staples Mill,1169,1078,8,2255,2255
Precinct,115 - Westwood,926,579,17,1522,1522
Precinct,201 - Azalea,1555,170,7,1732,1732
Precinct,202 - Belmont,1795,633,7,2435,2435
Precinct,203 - Brookland,507,361,4,872,872
Precinct,204 - Canterbury,372,271,2,645,645
Precinct,205 - Central Gardens,1476,78,0,1554,1554
Precinct,206 - Chamberlayne,1408,410,4,1822,1822
Precinct,207 - Eastbourne,699,42,2,743,743
Precinct,209 - Fairfield,964,65,4,1033,1033
Precinct,210 - Glen Lea,1256,173,2,1431,1431
Precinct,211 - Greenwood,493,76,1,570,570
Precinct,212 - Highland Gardens,892,73,3,968,968
Precinct,214 - Hungary,884,223,8,1115,1115
Precinct,215 - Lakeside,1764,810,15,2589,2589
Precinct,216 - Longdale,1438,565,9,2012,2012
Precinct,217 - Maplewood,1826,88,3,1917,1917
Precinct,218 - Moody,379,229,3,611,611
Precinct,219 - Mountain,355,201,3,559,559
Precinct,220 - North Park,346,304,1,651,651
Precinct,222 - Randolph,173,32,2,207,207
Precinct,223 - Ratcliffe,1963,161,1,2125,2125
Precinct,225 - Wilder,1141,237,4,1382,1382
Precinct,226 - Yellow Tavern,1680,710,12,2402,2402
Precinct,301 - Causeway,964,739,11,1714,1714
Precinct,302 - Cedarfield,1007,870,9,1886,1886
Precinct,303 - Colonial Trail,1101,633,4,1738,1738
Precinct,304 - Innsbrook,1006,505,6,1517,1517
Precinct,305 - Jackson Davis,652,516,3,1171,1171
Precinct,306 - Nuckols Farm,1346,1390,17,2753,2753
Precinct,307 - Pocahontas,1165,840,9,2014,2014
Precinct,308 - Ridge,515,419,7,941,941
Precinct,309 - Rivers Edge,1325,1085,14,2424,2424
Precinct,310 - Sadler,1443,1030,9,2482,2482
Precinct,311 - Shady Grove,1295,1201,10,2506,2506
Precinct,312 - Short Pump,968,731,8,1707,1707
Precinct,313 - Stoney Run,1546,1224,19,2789,2789
Precinct,314 - 3 Chopt,851,714,10,1575,1575
Precinct,315 - Tucker,1521,475,9,2005,2005
Precinct,401 - Crestview,989,592,13,1594,1594
Precinct,402 - Derbyshire,681,834,5,1520,1520
Precinct,403 - Freeman,883,653,12,1548,1548
Precinct,404 - Gayton,1198,1226,12,2436,2436
Precinct,405 - Godwin,993,735,12,1740,1740
Precinct,406 - Lakewood,744,756,5,1505,1505
Precinct,407 - Lauderdale,926,727,13,1666,1666
Precinct,408 - Maybeury,897,929,9,1835,1835
Precinct,409 - Mooreland,450,782,10,1242,1242
Precinct,410 - Pemberton,985,637,8,1630,1630
Precinct,411 - Pinchbeck,1165,813,6,1984,1984
Precinct,412 - Quioccasin,1241,780,9,2030,2030
Precinct,413 - Ridgefield,1178,1042,13,2233,2233
Precinct,414 - Rollingwood,795,710,15,1520,1520
Precinct,415 - Skipwith,687,386,5,1078,1078
Precinct,416 - Spottswood,464,363,8,835,835
Precinct,417 - Tuckahoe,1136,1678,22,2836,2836
Precinct,418 - Welborne,758,543,6,1307,1307
Precinct,419 - West End,978,902,13,1893,1893
Precinct,501 - Adams,1395,178,0,1573,1573
Precinct,502 - Antioch,432,899,3,1334,1334
Precinct,503 - Cedar Fork,1040,135,4,1179,1179
Precinct,504 - Chickahominy,897,704,7,1608,1608
Precinct,505 - Donahoe,878,329,3,1210,1210
Precinct,506 - Dorey,1491,797,6,2294,2294
Precinct,507 - Eanes,1605,393,5,2003,2003
Precinct,508 - Elko,120,406,2,528,528
Precinct,509 - Highland Springs,1025,190,5,1220,1220
Precinct,510 - Laburnum,990,265,2,1257,1257
Precinct,511 - Mehfoud,1084,387,5,1476,1476
Precinct,512 - Montrose,1432,189,6,1627,1627
Precinct,513 - 9 MILE,532,214,3,749,749
Precinct,514 - Pleasants,1685,191,2,1878,1878
Precinct,515 - Rolfe,2131,229,7,2367,2367
Precinct,516 - Sandston,602,727,1,1330,1330
Precinct,517 - Sullivans,1888,536,5,2429,2429
Precinct,518 - Town Hall,296,418,3,717,717
Precinct,519 - Whitlocks,753,838,4,1595,1595
Locality,Henry County,5796,11604,40,17440,17440
Precinct,101 - Bassett #2,174,227,0,401,401
Precinct,102 - Gunville,153,630,1,784,784
Precinct,103 - Scott's Tanyard,282,1078,1,1361,1361
Precinct,201 - Fieldale,158,307,2,467,467
Precinct,202 - Horsepasture #1,265,621,1,887,887
Precinct,203-Horsepasture #2,493,209,3,705,705
Precinct,204 - Spencer,205,616,2,823,823
Precinct,302 - Axton,271,302,2,575,575
Precinct,303 - Irisburg,411,579,1,991,991
Precinct,304 - Mount Olivet,578,555,0,1133,1133
Precinct,305 - Mountain Valley,201,327,0,528,528
Precinct,401 - Collinsville #1,164,410,1,575,575
Precinct,402 - Daniels Creek,214,391,1,606,606
Precinct,404 - Collinsville #2,337,735,5,1077,1077
Precinct,405 - Mountain View,208,216,2,426,426
Precinct,501 - Bassett #1,184,252,0,436,436
Precinct,502 - Figsboro,177,502,0,679,679
Precinct,503 - Stanleytown,197,848,7,1052,1052
Precinct,504 - Oak Level,90,243,0,333,333
Precinct,505 - Dyers Store,171,445,1,617,617
Precinct,601 - Fontaine,291,677,3,971,971
Precinct,602 - Hillcrest,109,177,1,287,287
Precinct,603 - Ridgeway #1,262,689,2,953,953
Precinct,604 - Ridgeway #2,201,568,4,773,773
Locality,Highland County,308,859,6,1173,1173
Precinct,001 - Monterey,97,262,1,360,360
Precinct,003 - Wilsons Mill,16,74,0,90,90
Precinct,005 - Blue Grass,77,170,2,249,249
Precinct,007 - Mill Gap,51,90,1,142,142
Precinct,008 - Mcdowell,67,263,2,332,332
Locality,Hopewell City,3794,2827,7,6628,6628
Precinct,101 - WARD 1,397,334,2,733,733
Precinct,201 - WARD 2,555,96,0,651,651
Precinct,301 - WARD 3,529,743,0,1272,1272
Precinct,401 - WARD 4,788,627,1,1416,1416
Precinct,501 - WARD 5,427,535,3,965,965
Precinct,601 - WARD 6,571,200,0,771,771
Precinct,701 - WARD 7,527,292,1,820,820
Locality,Isle of Wight County,7556,11495,37,19088,19088
Precinct,101 - Pagan River,719,1247,5,1971,1971
Precinct,102 - Cypress Creek A,830,1299,3,2132,2132
Precinct,103 - Cypress Creek B,47,73,1,121,121
Precinct,201 - Bartlett,996,1079,5,2080,2080
Precinct,202 - Nike Park A,641,1145,4,1790,1790
Precinct,203 - Nike Park B,67,108,0,175,175
Precinct,301 - Rushmere,569,411,1,981,981
Precinct,302 - Pons,804,588,2,1394,1394
Precinct,303 - Benns Church,589,349,1,939,939
Precinct,304 - New Towne,170,73,1,244,244
Precinct,401 - Bowling Green,257,809,3,1069,1069
Precinct,402 - Windsor,517,1000,2,1519,1519
Precinct,403 - Cedar Grove,399,723,4,1126,1126
Precinct,501 - Walters,176,581,1,758,758
Precinct,502 - Beaver Dam,302,509,2,813,813
Precinct,503 - Fire Tower,268,834,1,1103,1103
Precinct,504 - Bethany Church,205,667,1,873,873
Locality,James City County,21230,20848,156,42234,42234
Precinct,101 - Berkeley A,1641,1564,15,3220,3220
Precinct,102 - Berkeley B,1088,1035,12,2135,2135
Precinct,103 - Berkeley C,937,1375,11,2323,2323
Precinct,104- Berkeley D,525,414,3,942,942
Precinct,201 - Jamestown A,849,651,4,1504,1504
Precinct,202 - Jamestown B,1219,672,5,1896,1896
Precinct,203 - Jamestown C,1031,965,14,2010,2010
Precinct,204 - Jamestown D,1409,1563,14,2986,2986
Precinct,301 - Powhatan A,1454,1556,8,3018,3018
Precinct,302 - Powhatan B,496,342,4,842,842
Precinct,303 - Powhatan C,657,1344,2,2003,2003
Precinct,304 - Powhatan D,1282,912,5,2199,2199
Precinct,401 - Stonehouse A,1383,1328,6,2717,2717
Precinct,402 - Stonehouse B,1988,1926,13,3927,3927
Precinct,403 - Stonehouse C,1348,1666,13,3027,3027
Precinct,501 - Roberts A,657,246,3,906,906
Precinct,502 - Roberts B,1458,1810,10,3278,3278
Precinct,503 - Roberts C,1808,1479,14,3301,3301
Locality,King and Queen County,1180,2073,8,3261,3261
Precinct,101 - Owenton,338,328,1,667,667
Precinct,201 - Clarks,171,452,2,625,625
Precinct,301 - Shacklefords,224,407,1,632,632
Precinct,401 - Courthouse,278,414,2,694,694
Precinct,501 - Oldmill,169,472,2,643,643
Locality,King George County,4266,7279,33,11578,11578
Precinct,101 - Courthouse,839,1132,3,1974,1974
Precinct,102 - Passapatanzy,420,761,4,1185,1185
Precinct,201 - Monroe,1031,2097,11,3139,3139
Precinct,301 - Dahlgren,982,1383,8,2373,2373
Precinct,401 - Shiloh,994,1906,7,2907,2907
Locality,King William County,2657,6325,18,9000,9000
Precinct,101 - West Point,525,950,2,1477,1477
Precinct,201 - Sweet Hall,183,484,3,670,670
Precinct,202 - Courthouse,394,903,1,1298,1298
Precinct,301 - Aylett,442,1320,4,1766,1766
Precinct,401 - Manquin,524,1342,4,1870,1870
Precinct,501 - Mangohick,589,1326,4,1919,1919
Locality,Lancaster County,2469,3477,22,5968,5968
Precinct,101 - Precinct 1-1,433,756,1,1190,1190
Precinct,201 - Precinct 2-1,504,452,4,960,960
Precinct,301 - Precinct 3-1,344,604,3,951,951
Precinct,302 - Precinct 3-2,126,332,0,458,458
Precinct,401 - Precinct 4-1,572,471,5,1048,1048
Precinct,501 - Precinct 5-1,490,862,9,1361,1361
Locality,Lee County,867,5568,6,6441,6441
Precinct,101 - Elydale,53,244,0,297,297
Precinct,102 - Ewing,37,262,2,301,301
Precinct,103 - Rose Hill,74,503,0,577,577
Precinct,201 - Blackwater,18,116,0,134,134
Precinct,202 - Flatwoods,70,467,0,537,537
Precinct,203 - Jonesville,137,817,1,955,955
Precinct,301 - Ben Hur,95,580,0,675,675
Precinct,302 - Woodway,39,295,0,334,334
Precinct,401 - Stickleyville,71,403,1,475,475
Precinct,402 - Jasper,31,209,0,240,240
Precinct,403 - Seminary,27,306,0,333,333
Precinct,404 - Dryden,69,472,1,542,542
Precinct,501 - Saint Charles,33,168,0,201,201
Precinct,502 - Pennington,85,581,1,667,667
Precinct,503 - Robbins Chapel,14,58,0,72,72
Precinct,504 - Keokee,14,87,0,101,101
Locality,Lexington City,1329,787,10,2126,2126
Precinct,001 - Lexington,1329,787,10,2126,2126
Locality,Loudoun County,98696,66849,841,166386,166386
Precinct,107 - Little River,1149,757,7,1913,1913
Precinct,108 - Mercer,1046,576,13,1635,1635
Precinct,112 - Freedom,933,479,7,1419,1419
Precinct,114 - Dulles South,949,530,12,1491,1491
Precinct,119 - Arcola,1503,775,13,2291,2291
Precinct,120 - Lunsford,1381,693,11,2085,2085
Precinct,121 - Town Hall,665,396,4,1065,1065
Precinct,122 - Hutchison Farm,1204,714,14,1932,1932
Precinct,123 - Cardinal Ridge,681,404,9,1094,1094
Precinct,124 - Liberty,847,464,2,1313,1313
Precinct,126-Goshen Post,1071,582,8,1661,1661
Precinct,207 - River Bend,734,464,9,1207,1207
Precinct,208 - Algonkian,708,470,3,1181,1181
Precinct,209 - Potomac Falls,1378,789,9,2176,2176
Precinct,210 - Cascades,1234,697,11,1942,1942
Precinct,213 - Countryside,462,240,5,707,707
Precinct,214 - Sugarland North,981,703,10,1694,1694
Precinct,215 - Sugarland South,1133,611,7,1751,1751
Precinct,216 - Lowes Island,959,713,9,1681,1681
Precinct,217 - South Bank,1166,771,8,1945,1945
Precinct,218 - University Center,860,394,4,1258,1258
Precinct,219 - Galilee Church,828,536,8,1372,1372
Precinct,220 - Mirror Ridge,993,502,12,1507,1507
Precinct,221 - Seneca,952,641,3,1596,1596
Precinct,307 - Middleburg,458,399,6,863,863
Precinct,308 - St Louis,492,407,16,915,915
Precinct,309 - Aldie,316,344,3,663,663
Precinct,312 - Briar Woods,856,390,7,1253,1253
Precinct,313 - Pinebrook,783,459,2,1244,1244
Precinct,314 - Legacy,1179,582,12,1773,1773
Precinct,319 - John Champe,681,361,5,1047,1047
Precinct,321 - Brambleton Middle,1337,594,12,1943,1943
Precinct,322 - Buffalo Trail,981,497,4,1482,1482
Precinct,323 - Sycolin Creek,744,885,7,1636,1636
Precinct,324 - Madison,753,354,7,1114,1114
Precinct,325 - Creighton,1624,722,7,2353,2353
Precinct,326 - Independence,1141,927,7,2075,2075
Precinct,327 - Willard,494,529,6,1029,1029
Precinct,328 - Hovatter,797,585,6,1388,1388
Precinct,329 - Lightridge,1092,890,12,1994,1994
Precinct,401 - West Lovettsville,1145,1443,17,2605,2605
Precinct,402 - Waterford,878,1098,5,1981,1981
Precinct,403 - Lucketts,818,825,8,1651,1651
Precinct,409 - Clarkes Gap,950,1202,10,2162,2162
Precinct,411 - East Lovettsville,699,976,7,1682,1682
Precinct,413 - Tuscarora,490,540,3,1033,1033
Precinct,416 - Hamilton,868,952,11,1831,1831
Precinct,421 - Between The Hills,100,148,1,249,249
Precinct,423 - Simpson,150,290,0,440,440
Precinct,424 - Purcellville,1157,1169,12,2338,2338
Precinct,425 - Round Hill,840,1176,9,2025,2025
Precinct,426 - Hillsboro,762,1053,9,1824,1824
Precinct,427 - Philomont,673,990,11,1674,1674
Precinct,428 - Mountain View,1193,1283,7,2483,2483
Precinct,429 - Round Hill Elementary,1012,1352,12,2376,2376
Precinct,430 - Harmony,412,548,5,965,965
Precinct,501 - West Leesburg,1117,695,11,1823,1823
Precinct,502 - East Leesburg,1188,558,5,1751,1751
Precinct,503 - Dry Mill,767,437,6,1210,1210
Precinct,504 - Smarts Mill,1204,790,14,2008,2008
Precinct,505 - Cool Spring,1182,867,9,2058,2058
Precinct,506 - Douglass,671,333,4,1008,1008
Precinct,507 - Greenway,577,407,4,988,988
Precinct,508 - Balls Bluff,1145,772,7,1924,1924
Precinct,509 - Tolbert,1495,806,13,2314,2314
Precinct,510 - Heritage,647,592,7,1246,1246
Precinct,511 - Evergreen,1290,953,7,2250,2250
Precinct,512 - River Creek,733,827,3,1563,1563
Precinct,513 - Red Rock,652,457,8,1117,1117
Precinct,615 - Hillside,1531,940,13,2484,2484
Precinct,616 - Eagle Ridge,1375,754,5,2134,2134
Precinct,620 - Russell Branch,942,558,9,1509,1509
Precinct,621 - Dominion Trail,1368,753,9,2130,2130
Precinct,622 - Farmwell Station,1294,739,9,2042,2042
Precinct,623 - Weller,1561,904,13,2478,2478
Precinct,625 - Mill Run,1047,711,13,1771,1771
Precinct,626 - Ashby Ponds,1075,596,5,1676,1676
Precinct,627 - Ashbrook,708,362,9,1079,1079
Precinct,628 - Moorefield Station,924,388,8,1320,1320
Precinct,629 - Discovery,503,234,2,739,739
Precinct,630 - Croson,1139,598,10,1747,1747
Precinct,631 - Marblehead,742,338,3,1083,1083
Precinct,701 - Sully,856,487,8,1351,1351
Precinct,702 - Park View,1205,632,13,1850,1850
Precinct,703 - Rolling Ridge,1006,398,11,1415,1415
Precinct,705 - Forest Grove,999,552,6,1557,1557
Precinct,707 - Claude Moore Park,412,180,4,596,596
Precinct,710 - Sterling,649,362,5,1016,1016
Precinct,711 - Guilford,672,245,4,921,921
Precinct,712 - Stone Hill,917,328,6,1251,1251
Precinct,713 - Carter,359,127,0,486,486
Precinct,714 - Rock Ridge,1152,483,7,1642,1642
Precinct,715 - Oak Grove,479,188,4,671,671
Precinct,716 - Ridgetop,585,210,3,798,798
Precinct,808 - Stone Bridge,1387,887,18,2292,2292
Precinct,810 - Cedar Lane,1144,643,18,1805,1805
Precinct,813 - Seldens Landing,898,508,6,1412,1412
Precinct,814 - Newton - Lee,1153,1062,8,2223,2223
Precinct,815 - Belmont Ridge,1442,964,14,2420,2420
Precinct,817 - Sanders Corner,1032,699,10,1741,1741
Precinct,818 - East Broad Run,888,423,5,1316,1316
Precinct,819 - West Broad Run,768,588,6,1362,1362
Precinct,820 - Belmont Station,940,588,7,1535,1535
Precinct,822 - Riverside,849,616,10,1475,1475
Precinct,823 - Harper Park,899,618,9,1526,1526
Precinct,824 - Goose Creek,392,233,1,626,626
Precinct,825 - Waxpool,1044,588,8,1640,1640
Locality,Louisa County,6804,11938,51,18793,18793
Precinct,101 - Green Springs #1,1093,1339,8,2440,2440
Precinct,102 - Green Springs #2,357,504,3,864,864
Precinct,201 - Louisa #1,489,686,2,1177,1177
Precinct,202 - Louisa #2,375,645,3,1023,1023
Precinct,203 - Louisa #3,70,117,1,188,188
Precinct,301 - Patrick Henry #1,829,646,6,1481,1481
Precinct,302 - Patrick Henry #2,377,614,1,992,992
Precinct,401 - Mineral,856,1936,6,2798,2798
Precinct,501 - Cuckoo #1,278,406,1,685,685
Precinct,502 - Cuckoo #2,234,552,3,789,789
Precinct,503 - Cuckoo #3,426,1089,3,1518,1518
Precinct,601 - Jackson,588,1647,4,2239,2239
Precinct,701 - Mountain Road #1,343,883,3,1229,1229
Precinct,702 - Mountain Road #2,489,874,7,1370,1370
Locality,Lunenburg County,1676,2789,10,4475,4475
Precinct,101 - Plymouth,156,363,1,520,520
Precinct,201 - Browns Store,244,351,3,598,598
Precinct,301 - Rosebud,67,218,2,287,287
Precinct,302 - Flat Rock,122,254,1,377,377
Precinct,401 - Arrowhead Gun Club,42,186,0,228,228
Precinct,402 - Pleasant Grove,136,302,1,439,439
Precinct,501 - Reedy Creek,159,184,0,343,343
Precinct,502 - Peoples Community Center,230,154,0,384,384
Precinct,601 - Hounds Creek,281,361,1,643,643
Precinct,701 - Meherrin Fire Department,125,191,0,316,316
Precinct,702 - Victoria Public Library,114,225,1,340,340
Locality,Lynchburg City,12082,14340,95,26517,26517
Precinct,101 - First Ward First Precinct,1098,1230,6,2334,2334
Precinct,102 - First Ward Second Precinct,1040,1464,16,2520,2520
Precinct,103 - First Ward Third Precinct,811,977,7,1795,1795
Precinct,104 - First Ward Fourth Precinct,453,281,7,741,741
Precinct,105 - First Ward Fifth Precinct,666,469,6,1141,1141
Precinct,201 - Second Ward First Precinct,1393,572,6,1971,1971
Precinct,202 - Second Ward Second Precinct,1180,439,6,1625,1625
Precinct,203 - Second Ward Third Precinct,328,150,3,481,481
Precinct,204 - Second Ward Fourth Precinct,226,229,2,457,457
Precinct,301 - Third Ward First Precinct,311,335,3,649,649
Precinct,302 - Third Ward Second Precinct,48,1458,2,1508,1508
Precinct,303 - Third Ward Third Precinct,356,484,3,843,843
Precinct,304 - Third Ward Fourth Precinct,355,600,1,956,956
Precinct,305 - Third Ward Fifth Precinct,638,1322,5,1965,1965
Precinct,401 - Fourth Ward First Precinct,955,1784,6,2745,2745
Precinct,402 - Fourth Ward Second Precinct,438,543,2,983,983
Precinct,403 - Fourth Ward Third Precinct,799,904,10,1713,1713
Precinct,404 - Fourth Ward Fourth Precinct,987,1099,4,2090,2090
Locality,Madison County,2063,4483,23,6569,6569
Precinct,001 - Oak Park,289,469,2,760,760
Precinct,002 - Radiant,371,726,4,1101,1101
Precinct,003 - Rochelle,166,422,1,589,589
Precinct,004 - Graves Mill/Wolftown,225,485,3,713,713
Precinct,005 - Madison,400,807,5,1212,1212
Precinct,006 - ETLAN,116,265,2,383,383
Precinct,007 - Brightwood,320,934,3,1257,1257
Precinct,008 - Criglersville,176,375,3,554,554
Locality,Manassas City,7120,4446,48,11614,11614
Precinct,001 - Dean,1271,557,7,1835,1835
Precinct,002 - Weems,1245,721,8,1974,1974
Precinct,003 - Metz,1276,885,4,2165,2165
Precinct,004 - Haydon,1172,763,13,1948,1948
Precinct,005 - Baldwin,1111,721,8,1840,1840
Precinct,006 - Round,1045,799,8,1852,1852
Locality,Manassas Park City,2674,1282,17,3973,3973
Precinct,001 - Precinct 1,1093,417,11,1521,1521
Precinct,002 - Precinct 2,668,370,3,1041,1041
Precinct,003 - Precinct 3,913,495,3,1411,1411
Locality,Martinsville City,2386,1556,5,3947,3947
Precinct,001 - Precinct #1,362,17,1,380,380
Precinct,002 - Precinct #2,478,389,3,870,870
Precinct,003 - Precinct #3,315,135,0,450,450
Precinct,004 - Precinct #4,533,238,1,772,772
Precinct,005 - Precinct #5,510,768,0,1278,1278
Precinct,006 - Precinct #6,188,9,0,197,197
Locality,Mathews County,1335,3427,7,4769,4769
Precinct,001 - Chesapeake,284,768,0,1052,1052
Precinct,002 - Westville,502,1212,1,1715,1715
Precinct,003 - Piankatank,549,1447,6,2002,2002
Locality,Mecklenburg County,4409,7334,20,11763,11763
Precinct,101 - Palmer Springs,232,194,0,426,426
Precinct,102 - Antioch Church,43,148,0,191,191
Precinct,103 - Clarksville South,317,317,0,634,634
Precinct,201 - Chase City,448,362,0,810,810
Precinct,202 - Bluestone,83,109,0,192,192
Precinct,301 - Bracey,195,680,2,877,877
Precinct,302 - Lacrosse,208,278,0,486,486
Precinct,401 - South Hill West,625,473,5,1103,1103
Precinct,501 - South Hill East,445,705,0,1150,1150
Precinct,601 - Baskerville,97,228,1,326,326
Precinct,602 - Union Level,48,185,1,234,234
Precinct,603 - Smith Crossroads,130,231,0,361,361
Precinct,604 - Lake Gaston,170,378,0,548,548
Precinct,701 - Midway,85,211,0,296,296
Precinct,702 - Williams Grove,184,362,3,549,549
Precinct,703 - Chase City East,170,270,2,442,442
Precinct,801 - Boydton,121,223,0,344,344
Precinct,802 - Clarksville Vfw,251,504,1,756,756
Precinct,803 - Chase City West,96,352,0,448,448
Precinct,901 - Nelson,25,156,1,182,182
Precinct,902 - Buffalo Junction,98,302,0,400,400
Precinct,903 - Clarksville North,338,666,4,1008,1008
Locality,Middlesex County,1926,3657,11,5594,5594
Precinct,101 - Saluda,153,254,1,408,408
Precinct,102 - Urbanna,244,441,2,687,687
Precinct,201 - New Market,341,942,1,1284,1284
Precinct,302 - Church View,413,564,3,980,980
Precinct,401- Harmony Village,392,598,3,993,993
Precinct,501 - Wilton,383,858,1,1242,1242
Locality,Montgomery County,19335,16712,173,36220,36220
Precinct,101 - Precinct A-1,939,696,13,1648,1648
Precinct,102 - Precinct A-2,1068,362,9,1439,1439
Precinct,103 - Precinct A-3,134,29,1,164,164
Precinct,104 - Precinct A-4,1127,370,15,1512,1512
Precinct,105 - Precinct A-5,682,586,6,1274,1274
Precinct,201 - Precinct B-1,198,304,2,504,504
Precinct,202 - Precinct B-2,803,851,8,1662,1662
Precinct,203 - Precinct B-3,205,359,0,564,564
Precinct,204 - Precinct B-4,1052,888,12,1952,1952
Precinct,205 - Precinct B-5,584,655,8,1247,1247
Precinct,301 - Precinct C-1,432,1221,3,1656,1656
Precinct,302 - Precinct C-2,325,519,1,845,845
Precinct,303 - Precinct C-3,186,536,3,725,725
Precinct,304 - Precinct C-4,635,664,3,1302,1302
Precinct,305 - Precinct C-5,427,595,6,1028,1028
Precinct,401 - Precinct D-1,434,1291,4,1729,1729
Precinct,402 - Precinct D-2,547,1597,4,2148,2148
Precinct,403 - Precinct D-3,759,1064,5,1828,1828
Precinct,404 - Precinct D-4,194,665,3,862,862
Precinct,501 - Precinct E-1,917,584,11,1512,1512
Precinct,502 - Precinct E-2,475,700,5,1180,1180
Precinct,503 - Precinct E-3,1033,161,1,1195,1195
Precinct,504 - Precinct E-4,250,105,3,358,358
Precinct,601 - Precinct F-1,1242,450,7,1699,1699
Precinct,602 - Precinct F-2,1301,383,12,1696,1696
Precinct,603 - Precinct F-3,363,132,0,495,495
Precinct,701 - Precinct G-1,1090,260,6,1356,1356
Precinct,702 - Precinct G-2,973,338,10,1321,1321
Precinct,703 - Precinct G-3,960,347,12,1319,1319
Locality,Nelson County,3543,4043,23,7609,7609
Precinct,101 - Rockfish,744,802,5,1551,1551
Precinct,201 - Lovingston,351,479,1,831,831
Precinct,202 - Schuyler,240,307,3,550,550
Precinct,301 - Shipman,465,625,1,1091,1091
Precinct,302 - Gladstone,56,114,0,170,170
Precinct,401 - Roseland,453,720,3,1176,1176
Precinct,402 - Montebello,47,73,1,121,121
Precinct,501 - Faber,306,263,3,572,572
Precinct,502 - Nellysford,881,660,6,1547,1547
Locality,New Kent County,4478,9299,41,13818,13818
Precinct,102 - Tunstall,183,792,2,977,977
Precinct,103 - Southern Branch,344,1053,5,1402,1402
Precinct,201 - Quinton,640,993,6,1639,1639
Precinct,202 - Kentwood,217,723,3,943,943
Precinct,301 - Watkins,1021,1407,13,2441,2441
Precinct,302 - Cumberland,350,742,2,1094,1094
Precinct,401 - Providence Forge,927,1307,9,2243,2243
Precinct,403 - Mountcastle,222,428,1,651,651
Precinct,501 - Eltham,268,741,0,1009,1009
Precinct,502 - Chickahominy River,306,1113,0,1419,1419
Locality,Newport News City,36885,19061,139,56085,56085
Precinct,101 - Denbigh,1417,441,5,1863,1863
Precinct,102 - Stoney Run,1506,376,4,1886,1886
Precinct,104 - Mcintosh,957,312,1,1270,1270
Precinct,106 - Reservoir,941,226,2,1169,1169
Precinct,107 - Richneck,1728,802,11,2541,2541
Precinct,108 - Katherine Johnson,465,183,1,649,649
Precinct,109 - Windsor,702,343,1,1046,1046
Precinct,110 - Greenwood,1366,502,4,1872,1872
Precinct,111 - Stoneybrook,1364,608,5,1977,1977
Precinct,112 - Knollwood Meadows,1336,1023,3,2362,2362
Precinct,113 - Sanford,415,455,3,873,873
Precinct,201 - Bland,256,94,0,350,350
Precinct,202 - Boulevard,654,666,5,1325,1325
Precinct,203 - Charles,1292,1117,7,2416,2416
Precinct,204 - Mariners' Museum,727,397,3,1127,1127
Precinct,205 - Deep Creek,876,1077,1,1954,1954
Precinct,208 - Hidenwood,534,677,8,1219,1219
Precinct,211 - Palmer,1128,498,1,1627,1627
Precinct,212 - Riverside,460,557,4,1021,1021
Precinct,216 - Yates,975,729,13,1717,1717
Precinct,217 - Riverview,781,800,5,1586,1586
Precinct,218 - Kiln Creek,1804,1012,11,2827,2827
Precinct,219 - Deer Park,1509,519,3,2031,2031
Precinct,220 -Jenkins,1128,640,6,1774,1774
Precinct,302 - Briarfield,791,188,0,979,979
Precinct,303 - Carver,523,158,0,681,681
Precinct,304 - Chestnut,417,42,0,459,459
Precinct,305 - Downtown,239,66,1,306,306
Precinct,308 - Jefferson,346,24,1,371,371
Precinct,309 - Magruder,464,23,2,489,489
Precinct,310 - Marshall,533,35,1,569,569
Precinct,311 - Newmarket,1163,296,1,1460,1460
Precinct,312 - Newsome Park,293,15,1,309,309
Precinct,313 - Reed,842,51,1,894,894
Precinct,314 - River,522,243,1,766,766
Precinct,315 - Sedgefield,651,452,3,1106,1106
Precinct,316 - South Morrison,864,458,1,1323,1323
Precinct,317 - Washington,442,36,1,479,479
Precinct,318 - Wilson,500,66,0,566,566
Precinct,319 - Saunders,1175,763,5,1943,1943
Precinct,320 - Watkins,1374,1125,5,2504,2504
Precinct,321 - Hilton,880,627,8,1515,1515
Precinct,322 - Warwick,545,339,0,884,884
Locality,Norfolk City,46057,17459,260,63776,63776
Precinct,101 - Granby,1249,572,8,1829,1829
Precinct,102 - Ocean View School,456,352,10,818,818
Precinct,103 - Northside,717,550,6,1273,1273
Precinct,104 - Titustown,550,66,1,617,617
Precinct,106 - 2nd Presbyterian,1130,618,7,1755,1755
Precinct,107 - Wesley,724,352,5,1081,1081
Precinct,201 - Larchmont School,1339,532,15,1886,1886
Precinct,203 - Ghent Square,705,230,6,941,941
Precinct,207 - Lambert's Point,1304,174,8,1486,1486
Precinct,208 - LARCHMONT UMC,720,484,11,1215,1215
Precinct,210 - Maury,1148,352,8,1508,1508
Precinct,211 - Chrysler Museum,1690,657,21,2368,2368
Precinct,212 - Park Place,910,91,3,1004,1004
Precinct,213 - Taylor Elementary School,1483,369,22,1874,1874
Precinct,214 - Virginia Zoo,1445,347,10,1802,1802
Precinct,215 - Suburban Park,783,439,4,1226,1226
Precinct,218 - Willard,1414,880,16,2310,2310
Precinct,301 - Ballentine,1005,174,3,1182,1182
Precinct,302 - Tanners Creek,597,142,0,739,739
Precinct,303 - Broad Creek,1365,91,4,1460,1460
Precinct,304 - Coleman Place School,550,125,1,676,676
Precinct,305 - Lafayette-winona,847,202,3,1052,1052
Precinct,306 - Lindenwood,712,80,4,796,796
Precinct,309 - Norview,1589,426,8,2023,2023
Precinct,310 - Rosemont,1602,101,4,1707,1707
Precinct,311 - Sherwood,1458,570,5,2033,2033
Precinct,313 - Union Chapel,535,28,1,564,564
Precinct,402 - Berkley,895,49,2,946,946
Precinct,404 - Campostella,963,65,3,1031,1031
Precinct,405 - Chesterfield,1172,79,0,1251,1251
Precinct,406 - Barron Black,563,342,2,907,907
Precinct,408 - Eastside,928,534,1,1463,1463
Precinct,409 - Fairlawn,731,350,1,1082,1082
Precinct,411 - Ruffner Academy,506,40,1,547,547
Precinct,412 - Ingleside,983,175,0,1158,1158
Precinct,413 - Poplar Halls,1401,286,3,1690,1690
Precinct,414 - Young Park,837,68,1,906,906
Precinct,415 - Lake Taylor High School,774,336,1,1111,1111
Precinct,501 - Bayview,943,671,3,1617,1617
Precinct,503 - East Ocean View,1179,913,9,2101,2101
Precinct,504 - Larrymore,808,469,6,1283,1283
Precinct,505 - Little Creek,523,448,3,974,974
Precinct,506 - Ocean View Golf Course,1138,587,6,1731,1731
Precinct,507 - Pretlow,851,543,6,1400,1400
Precinct,509 - Tarrallton,660,741,6,1407,1407
Precinct,510 - 3rd Presbyterian,819,775,6,1600,1600
Precinct,511 - Crossroads,804,590,5,1399,1399
Precinct,512 - Azalea Gardens,552,394,1,947,947
Locality,Northampton County,2798,2648,21,5467,5467
Precinct,101 - Precinct 1-1,698,821,4,1523,1523
Precinct,201 - Precinct 2-1,567,400,9,976,976
Precinct,301 - Precinct 3-1,576,335,4,915,915
Precinct,401 - Precinct 4-1,558,613,3,1174,1174
Precinct,501 - Precinct 5-1,399,479,1,879,879
Locality,Northumberland County,2413,4354,19,6786,6786
Precinct,101 - 1a,390,768,1,1159,1159
Precinct,201 - 2a,414,866,7,1287,1287
Precinct,301 - 3a,600,392,0,992,992
Precinct,401 - 4a,509,1148,5,1662,1662
Precinct,501 - 5a,500,1180,6,1686,1686
Locality,Norton City,289,750,1,1040,1040
Precinct,001 - East Ward,289,750,1,1040,1040
Locality,Nottoway County,2312,3713,13,6038,6038
Precinct,101 - Precinct 1-1,310,627,1,938,938
Precinct,201 - Precinct 2-1,294,901,2,1197,1197
Precinct,202 - Precinct 2-2,252,414,1,667,667
Precinct,301 - Precinct 3-1,408,389,2,799,799
Precinct,302 - Precinct 3-2,100,149,2,251,251
Precinct,401 - Precinct 4-1,412,156,1,569,569
Precinct,402 - Precinct 4-2,150,325,2,477,477
Precinct,501 - Precinct 5-1,386,752,2,1140,1140
Locality,Orange County,6526,10559,74,17159,17159
Precinct,101 - 1 WEST,646,1003,7,1656,1656
Precinct,102 - 1 EAST,384,810,3,1197,1197
Precinct,103 - 1 TOWN,309,267,4,580,580
Precinct,201 - 2 WEST,450,1052,2,1504,1504
Precinct,202 - 2 EAST,409,1355,10,1774,1774
Precinct,301 - 3 WEST,147,246,1,394,394
Precinct,302 - 3 EAST,273,651,1,925,925
Precinct,303 - 3 TOWN,794,859,8,1661,1661
Precinct,401 - 4 WEST,517,1248,5,1770,1770
Precinct,402 - 4 EAST,754,840,11,1605,1605
Precinct,501 - 5 SOUTH,853,979,7,1839,1839
Precinct,502 - 5 NORTH,990,1249,15,2254,2254
Locality,Page County,2032,7196,17,9245,9245
Precinct,101 - West Luray,565,1345,3,1913,1913
Precinct,201 - East Luray,518,1380,3,1901,1901
Precinct,301 - Marksville,352,1692,6,2050,2050
Precinct,401 - Newport,310,1281,2,1593,1593
Precinct,501 - Shenandoah,287,1498,3,1788,1788
Locality,Patrick County,1332,5238,10,6580,6580
Precinct,101 - Ararat,92,305,0,397,397
Precinct,102 - Claudville,65,300,1,366,366
Precinct,103 - Willis Gap,60,355,0,415,415
Precinct,201 - Dry Pond,59,261,0,320,320
Precinct,202 - Patrick Springs,119,434,0,553,553
Precinct,203 - Russell Creek,119,410,2,531,531
Precinct,301 - Critz/stella,184,640,2,826,826
Precinct,302 - Liberty,60,423,1,484,484
Precinct,401 - Meadows Of Dan,168,455,0,623,623
Precinct,402 - Stuart Fairgrounds,75,269,2,346,346
Precinct,403 - Stuart Community,63,245,1,309,309
Precinct,502 - Elamsville,123,536,0,659,659
Precinct,503 - Woolwine,145,605,1,751,751
Locality,Petersburg City,8575,1281,22,9878,9878
Precinct,101 - 1st WARD 1st,986,138,3,1127,1127
Precinct,201 - 2nd WARD 1st,1426,180,3,1609,1609
Precinct,301 - 3rd WARD 1st,1564,374,3,1941,1941
Precinct,401 - 4th WARD 1st,1090,234,1,1325,1325
Precinct,501 - 5th WARD 1st,1055,120,8,1183,1183
Precinct,601 - 6th WARD 1st,1139,84,3,1226,1226
Precinct,701 - 7th WARD 1st,1315,151,1,1467,1467
Locality,Pittsylvania County,6712,17897,44,24653,24653
Precinct,103 - Twin Springs,375,1654,5,2034,2034
Precinct,105 - Chatham,162,466,2,630,630
Precinct,106 - Tunstall,202,732,3,937,937
Precinct,108 - West Blairs,172,360,1,533,533
Precinct,201 - Callands,158,610,3,771,771
Precinct,202- Bearskin,158,272,0,430,430
Precinct,204 - Sandy Level,118,423,0,541,541
Precinct,206 - Climax,104,481,4,589,589
Precinct,207 - Gretna,242,852,3,1097,1097
Precinct,301 - Central,366,386,1,753,753
Precinct,305 - Riceville,303,319,0,622,622
Precinct,307 - East Blairs,567,309,2,878,878
Precinct,308 - Mt Airy,231,261,0,492,492
Precinct,309 - East Gretna,141,252,0,393,393
Precinct,402 - Keeling,151,626,0,777,777
Precinct,404 - Kentuck,319,1089,5,1413,1413
Precinct,405 - Ringgold,388,1081,0,1469,1469
Precinct,501 - Hurt,343,898,1,1242,1242
Precinct,502 - Motley Sycamore,415,1130,3,1548,1548
Precinct,503 - Renan,101,484,0,585,585
Precinct,603 - Stony Mill,215,757,2,974,974
Precinct,604 - Swansonville,135,429,0,564,564
Precinct,605 - Whitmell,178,552,0,730,730
Precinct,606 - Brosville,299,439,2,740,740
Precinct,607 - Dry Fork,61,300,0,361,361
Precinct,702 - Bachelors Hall,155,904,1,1060,1060
Precinct,703 - Ferry Road,64,150,1,215,215
Precinct,704 - Mt Hermon,431,1088,3,1522,1522
Precinct,705 - Mt Cross,158,593,2,753,753
Locality,Poquoson City,1598,4624,13,6235,6235
Precinct,001 - Central,541,1484,6,2031,2031
Precinct,002 - Eastern,475,1493,3,1971,1971
Precinct,003 - Western,582,1647,4,2233,2233
Locality,Portsmouth City,21988,9147,62,31197,31197
Precinct,001 - Emanuel A. M. E. Church,909,317,2,1228,1228
Precinct,005 - Charles A. Fisher Memorial Academy,524,37,0,561,561
Precinct,007- Park View Elementary School,602,165,3,770,770
Precinct,009 - 3rd Baptist Church,860,176,3,1039,1039
Precinct,010 - Mount Hermon Preschool Center,384,202,3,589,589
Precinct,011 - Joseph E. Parker Recreation Center,663,37,0,700,700
Precinct,013 - St. Mark Missionary Baptist Church,364,32,0,396,396
Precinct,014 - Brighton Elementary School,737,46,5,788,788
Precinct,016 - Cradock Middle School,560,193,4,757,757
Precinct,017 - Victory Life Fellowship,733,290,1,1024,1024
Precinct,019 - Victory Elementary School,323,175,1,499,499
Precinct,020 - Noble Street Baptist Church,816,196,2,1014,1014
Precinct,021 - Hendricks/Kendall Recreation Center,480,39,0,519,519
Precinct,022 - St. Mark Deliverance Center,524,360,2,886,886
Precinct,023 - Westhaven Baptist Church,393,479,4,876,876
Precinct,024 - The Senior Station,508,249,1,758,758
Precinct,025 - Waterview Elementary School,688,413,3,1104,1104
Precinct,026 - William E. Waters Middle School,944,53,3,1000,1000
Precinct,027 - Cavalier Manor Recreation Center,843,45,1,889,889
Precinct,028 - Lakeview Elementary School,1435,96,2,1533,1533
Precinct,029 - Manor High School,233,410,1,644,644
Precinct,030 - The Rescue Church,342,486,4,832,832
Precinct,031 - West Park Church Of Christ,823,425,1,1249,1249
Precinct,032 - Hodges Manor Elementary School,431,464,1,896,896
Precinct,033- Pinecrest Baptist Church,271,484,1,756,756
Precinct,034- Churchland Branch Library,575,532,1,1108,1108
Precinct,035 - Churchland Elementary School,658,606,0,1264,1264
Precinct,036 - Churchland High School,1353,928,5,2286,2286
Precinct,037 - Churchland Middle School,1153,498,2,1653,1653
Precinct,038 - Grove Baptist Church,1273,213,3,1489,1489
Precinct,039 - Churchland Primary And Intermediate School,1586,501,3,2090,2090
Locality,Powhatan County,4376,12507,51,16934,16934
Precinct,101 - Subletts,449,1278,10,1737,1737
Precinct,102 - Manakin,455,999,8,1462,1462
Precinct,103 - Flat Rock,151,482,0,633,633
Precinct,201 - Powhatan Station,270,1036,1,1307,1307
Precinct,202 - Graceland,427,1367,2,1796,1796
Precinct,301 - Bethesda,471,1338,2,1811,1811
Precinct,302 - Lee's Landing,486,1274,7,1767,1767
Precinct,401 - Powhatan Courthouse,561,1917,9,2487,2487
Precinct,402 - Mt Zion,218,741,3,962,962
Precinct,501 - Smith Cross Roads,480,934,7,1421,1421
Precinct,502 - Pineville,282,538,1,821,821
Precinct,503 - Tobaccoville,126,603,1,730,730
Locality,Prince Edward County,3520,3853,29,7402,7402
Precinct,101 - Farmville,511,520,7,1038,1038
Precinct,201 - Lockett,480,681,4,1165,1165
Precinct,301 - Leigh,351,435,0,786,786
Precinct,302 - Mt Pleasant,180,181,0,361,361
Precinct,401 - Hampden,368,455,4,827,827
Precinct,501 - Darlington Hts,196,360,2,558,558
Precinct,502 - Buffalo Hts,135,167,1,303,303
Precinct,601 - Prospect,609,559,2,1170,1170
Precinct,701 - West End,425,405,8,838,838
Precinct,801 - Center,265,90,1,356,356
Locality,Prince George County,5294,8327,16,13637,13637
Precinct,101 - Richard Bland,314,556,2,872,872
Precinct,102 - Templeton,559,1943,3,2505,2505
Precinct,103 - Union Branch,607,821,1,1429,1429
Precinct,104 - Rives,438,396,1,835,835
Precinct,105 - Harrison,102,520,0,622,622
Precinct,201 - Bland,950,1495,4,2449,2449
Precinct,202 - Blackwater,488,1013,2,1503,1503
Precinct,203 - Brandon,164,458,0,622,622
Precinct,204 - Courts,1004,786,1,1791,1791
Precinct,205 - Jefferson Park,668,339,2,1009,1009
Locality,Prince William County,103553,60386,572,164511,164511
Precinct,101 - Brentsville,618,1385,7,2010,2010
Precinct,102 - Cedar Point,967,748,6,1721,1721
Precinct,103 - Glenkirk,1163,995,5,2163,2163
Precinct,104 - Nokesville,1020,1395,5,2420,2420
Precinct,105 - Piney Branch,989,801,4,1794,1794
Precinct,106 - Unity Reed,331,163,3,497,497
Precinct,107 - Marsteller,1327,935,6,2268,2268
Precinct,108 - Victory,1282,806,6,2094,2094
Precinct,109 - Chris Yung,1197,685,9,1891,1891
Precinct,110 - Buckland Mills,1098,855,10,1963,1963
Precinct,111 - Limestone,1318,1042,10,2370,2370
Precinct,112 - Burke-nickens,1452,1177,8,2637,2637
Precinct,113 - Lakes,1088,775,8,1871,1871
Precinct,114 - Bristow Run,1381,1104,19,2504,2504
Precinct,201 - Hylton,1114,493,6,1613,1613
Precinct,202 - West Gate,582,230,1,813,813
Precinct,203 - Bennett,1485,954,6,2445,2445
Precinct,204 - Ellis,733,396,2,1131,1131
Precinct,205 - Buckhall,779,747,6,1532,1532
Precinct,206 - Coles,1072,1046,13,2131,2131
Precinct,207 - Spriggs,1139,664,1,1804,1804
Precinct,208 - Colgan,576,590,1,1167,1167
Precinct,209 - Independent Hill,614,990,6,1610,1610
Precinct,210 - Yates Ford,1064,1089,6,2159,2159
Precinct,211 - Signal Hill,736,381,6,1123,1123
Precinct,212 - Yorkshire,761,452,3,1216,1216
Precinct,213 - Parkside,657,435,3,1095,1095
Precinct,214 - Lucasville,950,1033,3,1986,1986
Precinct,215 - Saunders,1188,423,5,1616,1616
Precinct,301 - Dumfries,1025,333,5,1363,1363
Precinct,302 - Potomac,1303,251,2,1556,1556
Precinct,303 - Graham Park,723,251,2,976,976
Precinct,304 - Quantico,101,92,2,195,195
Precinct,305 - Forest Park,1116,694,3,1813,1813
Precinct,306 - 4 Seasons,1174,688,11,1873,1873
Precinct,307 - Henderson,953,654,6,1613,1613
Precinct,308 - Montclair,674,446,2,1122,1122
Precinct,309 - Ashland,885,592,3,1480,1480
Precinct,310 - Forest Park,1066,399,2,1467,1467
Precinct,311 - Swans Creek,1190,409,2,1601,1601
Precinct,312 - Triangle,1300,498,3,1801,1801
Precinct,313 - Cardinal,1341,569,6,1916,1916
Precinct,314 - Cabin Branch,978,525,6,1509,1509
Precinct,315 - Williams,1318,260,5,1583,1583
Precinct,316 - Potomac Shores,1657,494,9,2160,2160
Precinct,401 - Evergreen,848,1195,5,2048,2048
Precinct,402 - Gravely,1107,1581,7,2695,2695
Precinct,403 - Bull Run,1047,840,4,1891,1891
Precinct,404 - Unity Braxton,597,276,2,875,875
Precinct,405 - Ben Lomond,931,339,4,1274,1274
Precinct,406 - Alvey,1147,1123,9,2279,2279
Precinct,407 - Heritage Hunt,1468,1430,5,2903,2903
Precinct,408 - Sudley,615,417,1,1033,1033
Precinct,409 - Tyler,1670,1126,11,2807,2807
Precinct,410 - Mountain View,1226,1183,12,2421,2421
Precinct,411 - Mullen,1045,342,5,1392,1392
Precinct,412 - Catharpin,541,995,7,1543,1543
Precinct,413 - Reagan,1024,1043,11,2078,2078
Precinct,414 - Seymour,762,339,6,1107,1107
Precinct,501 - Springwoods,1374,646,5,2025,2025
Precinct,502 - Occoquan,1117,502,8,1627,1627
Precinct,503 - Mohican,728,292,5,1025,1025
Precinct,504 - Rockledge,892,498,5,1395,1395
Precinct,505 - Lake Ridge,1353,703,10,2066,2066
Precinct,506 - Old Bridge,926,470,4,1400,1400
Precinct,507 - Chinn,1403,506,13,1922,1922
Precinct,508 - Purcell,975,956,10,1941,1941
Precinct,509 - Mc Coart,1249,1045,5,2299,2299
Precinct,510 - County Center,333,69,2,404,404
Precinct,511 - Westridge,1467,722,9,2198,2198
Precinct,512 - York,911,253,3,1167,1167
Precinct,513 - Woodbridge,1329,821,16,2166,2166
Precinct,514 - Antietam,1319,682,5,2006,2006
Precinct,515 - Marshall,860,875,12,1747,1747
Precinct,516 - Kerrydale,498,191,2,691,691
Precinct,601 - Dale,1014,269,6,1289,1289
Precinct,602 - Beville,1399,453,9,1861,1861
Precinct,603 - Hampton,1078,378,1,1457,1457
Precinct,604 - Gar-Field,957,245,2,1204,1204
Precinct,605 - Minnieville,653,314,5,972,972
Precinct,606 - Bel Air,951,414,4,1369,1369
Precinct,607 - Hillendale,736,277,5,1018,1018
Precinct,608 - Enterprise,1326,548,5,1879,1879
Precinct,609 - King,856,309,2,1167,1167
Precinct,610 - Fitzgerald,1276,349,4,1629,1629
Precinct,611 - Neabsco,1181,412,10,1603,1603
Precinct,612 - Elm Farm,685,343,6,1034,1034
Precinct,613 - Hoadly,338,104,1,443,443
Precinct,614 - Rosa Parks,1151,424,5,1580,1580
Precinct,615 - Commons,136,22,2,160,160
Precinct,616 - Markham,374,47,0,421,421
Precinct,701 - Belmont,1233,633,12,1878,1878
Precinct,702 - Library,1321,359,9,1689,1689
Precinct,703 - Lynn,702,167,4,873,873
Precinct,704 - Porter,1110,204,3,1317,1317
Precinct,705 - Potomac View,643,304,3,950,950
Precinct,706 - Rippon,1238,469,5,1712,1712
Precinct,707 - Kilby,993,317,3,1313,1313
Precinct,708 - River Oaks,1358,323,2,1683,1683
Precinct,709 - Freedom,1107,232,4,1343,1343
Precinct,710 - Powells Creek,1239,206,7,1452,1452
Precinct,711 - Grayson,1008,306,3,1317,1317
Precinct,712 - Leesylvania,1243,554,4,1801,1801
Locality,Pulaski County,3440,9004,36,12480,12480
Precinct,101 - Belspring,128,381,0,509,509
Precinct,102 - New River,656,1079,6,1741,1741
Precinct,103 - West Cloyd,149,387,1,537,537
Precinct,201 - Draper,197,816,1,1014,1014
Precinct,202 - South Pulaski,58,104,1,163,163
Precinct,203 - Newbern,424,1010,7,1441,1441
Precinct,301 - Dublin,398,1254,3,1655,1655
Precinct,302 - Hiwassee,64,239,2,305,305
Precinct,304 - Snowville,189,657,2,848,848
Precinct,402 - Walker,86,481,1,568,568
Precinct,403 - West Massie,350,874,5,1229,1229
Precinct,404 - East Massie,114,322,1,437,437
Precinct,501 - Robinson,627,1400,6,2033,2033
Locality,Radford City,2426,2197,24,4647,4647
Precinct,001 - East,587,310,4,901,901
Precinct,002 - Central,679,732,6,1417,1417
Precinct,003 - West,635,873,10,1518,1518
Precinct,004 - New River,525,282,4,811,811
Locality,Rappahannock County,1606,2368,26,4000,4000
Precinct,101 - Washington,359,434,7,800,800
Precinct,201 - Amissville,253,614,1,868,868
Precinct,301 - Sperryville,380,399,5,784,784
Precinct,401 - Scrabble,324,442,10,776,776
Precinct,501 - Chester Gap,79,248,0,327,327
Precinct,502 - Flint Hill,211,231,3,445,445
Locality,Richmond City,73702,15390,560,89652,89652
Precinct,101 - One Hundred One,362,235,3,600,600
Precinct,102 - One Hundred Two,488,446,8,942,942
Precinct,104 - One Hundred Four,692,777,11,1480,1480
Precinct,105 - One Hundred Five,844,451,13,1308,1308
Precinct,106 - One Hundred Six,568,969,12,1549,1549
Precinct,111 - One Hundred Eleven,863,453,11,1327,1327
Precinct,112 - One Hundred Twelve,809,327,11,1147,1147
Precinct,113 - One Hundred Thirteen,1767,290,20,2077,2077
Precinct,114 - One Hundred Fourteen,1770,341,24,2135,2135
Precinct,115 - One Hundred Fifteen,545,528,12,1085,1085
Precinct,204 - Two Hundred Four,1120,248,8,1376,1376
Precinct,206 - Two Hundred Six,752,100,4,856,856
Precinct,207 - Two Hundred Seven,1534,287,27,1848,1848
Precinct,208 - Two Hundred Eight,1662,323,16,2001,2001
Precinct,213 - Two Hundred Thirteen,1564,86,12,1662,1662
Precinct,214 - Two Hundred Fourteen,1228,86,4,1318,1318
Precinct,215 - Two Hundred Fifteen,1529,359,13,1901,1901
Precinct,216 - Two Hundred Sixteen,375,22,0,397,397
Precinct,301 - Three Hundred One,627,52,3,682,682
Precinct,302 - Three Hundred Two,717,143,14,874,874
Precinct,303 - Three Hundred Three,754,73,7,834,834
Precinct,304 - Three Hundred Four,1215,95,7,1317,1317
Precinct,305 - Three Hundred Five,1213,141,10,1364,1364
Precinct,306 - Three Hundred Six,576,38,5,619,619
Precinct,307 - Three Hundred Seven,1937,535,29,2501,2501
Precinct,308 - Three Hundred Eight,1047,278,17,1342,1342
Precinct,309 - Three Hundred Nine,477,159,3,639,639
Precinct,310 - Three Hundred Ten,187,18,0,205,205
Precinct,311 - Three Hundred Eleven,451,58,3,512,512
Precinct,402 - Four Hundred Two,2051,578,16,2645,2645
Precinct,404 - Four Hundred Four,1175,253,4,1432,1432
Precinct,409 - Four Hundred Nine,977,559,7,1543,1543
Precinct,410 - Four Hundred Ten,1021,349,3,1373,1373
Precinct,412 - Four Hundred Twelve,1298,268,7,1573,1573
Precinct,413 - Four Hundred Thirteen,1027,398,8,1433,1433
Precinct,414 - Four Hundred Fourteen,1103,515,11,1629,1629
Precinct,415 - Four Hundred Fifteen,954,455,9,1418,1418
Precinct,501 - Five Hundred One,1621,252,17,1890,1890
Precinct,503 - Five Hundred Three,1569,211,15,1795,1795
Precinct,504 - Five Hundred Four,1754,190,10,1954,1954
Precinct,505 - Five Hundred Five,1324,114,9,1447,1447
Precinct,508 - Five Hundred Eight,809,123,8,940,940
Precinct,509 - Five Hundred Nine,864,96,2,962,962
Precinct,510 - Five Hundred Ten,1349,161,13,1523,1523
Precinct,602 - Six Hundred Two,561,29,2,592,592
Precinct,603 - Six Hundred Three,699,61,1,761,761
Precinct,604 - Six Hundred Four,795,70,2,867,867
Precinct,606 - Six Hundred Six,1253,85,8,1346,1346
Precinct,607 - Six Hundred Seven,1053,195,7,1255,1255
Precinct,609 - Six Hundred Nine,1209,144,4,1357,1357
Precinct,610 - Six Hundred Ten,600,49,1,650,650
Precinct,611 - Six Hundred Eleven,1046,94,6,1146,1146
Precinct,701 - Seven Hundred One,537,36,2,575,575
Precinct,702 - Seven Hundred Two,1013,77,4,1094,1094
Precinct,703 - Seven Hundred Three,1311,132,5,1448,1448
Precinct,705 - Seven Hundred Five,1213,147,10,1370,1370
Precinct,706 - Seven Hundred Six,1685,168,5,1858,1858
Precinct,707 - Seven Hundred Seven,2175,272,19,2466,2466
Precinct,708 - Seven Hundred Eight,889,89,5,983,983
Precinct,709 - Seven Hundred Nine,750,112,4,866,866
Precinct,802 - Eight Hundred Two,865,60,2,927,927
Precinct,806 - Eight Hundred Six,899,103,1,1003,1003
Precinct,810 - Eight Hundred Ten,667,96,2,765,765
Precinct,811 - Eight Hundred Eleven,840,99,2,941,941
Precinct,812 - Eight Hundred Twelve,1421,190,2,1613,1613
Precinct,814 - Eight Hundred Fourteen,654,69,2,725,725
Precinct,902 - Nine Hundred Two,325,26,0,351,351
Precinct,903 - Nine Hundred Three,891,132,5,1028,1028
Precinct,908 - Nine Hundred Eight,899,113,3,1015,1015
Precinct,909 - Nine Hundred Nine,1056,126,1,1183,1183
Precinct,910 - Nine Hundred Ten,922,110,5,1037,1037
Precinct,911 - Nine Hundred Eleven,905,66,4,975,975
Locality,Richmond County,1012,2098,0,3110,3110
Precinct,101 - Precinct 1-1,297,319,0,616,616
Precinct,201 - Precinct 2-1,137,371,0,508,508
Precinct,301 - Precinct 3-1,207,449,0,656,656
Precinct,401 - Precinct 4-1,201,476,0,677,677
Precinct,501 - Precinct 5-1,170,483,0,653,653
Locality,Roanoke City,19104,11204,178,30486,30486
Precinct,1 -Peters Creek,1036,318,3,1357,1357
Precinct,2 - Grandview,872,393,1,1266,1266
Precinct,3 -Preston Park,646,635,6,1287,1287
Precinct,4 - Williamson Road,819,524,3,1346,1346
Precinct,5 - East Gate,760,938,4,1702,1702
Precinct,6 - Hollins Road,617,550,5,1172,1172
Precinct,7 - Southeast,643,516,1,1160,1160
Precinct,8 - Lincoln Terrace,864,116,6,986,986
Precinct,9 - Highland,1137,336,8,1481,1481
Precinct,10 - Old Southwest-Wasena,1407,505,15,1927,1927
Precinct,11 - Raleigh Court,1416,676,23,2115,2115
Precinct,12 - South Roanoke,823,923,9,1755,1755
Precinct,13 - Garden City,622,797,7,1426,1426
Precinct,14 - Crystal Spring,970,759,15,1744,1744
Precinct,15 - Grandin Court,1101,727,15,1843,1843
Precinct,16 - Deyerle,1022,993,19,2034,2034
Precinct,17 - Lee-Hi,1351,689,21,2061,2061
Precinct,18 - Summit Hills,842,538,11,1391,1391
Precinct,19 - Forest Park,973,158,2,1133,1133
Precinct,20 - Eureka Park,1183,113,4,1300,1300
Locality,Roanoke County,15822,26480,176,42478,42478
Precinct,101 - Catawba,410,1201,4,1615,1615
Precinct,102 - Richfield,417,934,5,1356,1356
Precinct,103 - North Glenvar,389,1016,5,1410,1410
Precinct,104 - Northside,582,811,6,1399,1399
Precinct,105 - Hanging Rock,603,877,4,1484,1484
Precinct,106 - South Glenvar,190,586,5,781,781
Precinct,107 - Fort Lewis,342,607,5,954,954
Precinct,201 - Plantation,478,747,5,1230,1230
Precinct,202 - Burlington,419,439,4,862,862
Precinct,203 - Mountain View,717,1239,11,1967,1967
Precinct,204 - Green Ridge,552,863,7,1422,1422
Precinct,205 - Orchards,663,1267,6,1936,1936
Precinct,206 - Hollins,303,400,3,706,706
Precinct,301 - Bent Mountain,147,308,5,460,460
Precinct,302 - Back Creek,751,1357,7,2115,2115
Precinct,303 - Windsor Hills,616,669,7,1292,1292
Precinct,304 - Oak Grove,638,956,4,1598,1598
Precinct,305 - East Hidden Valley,585,806,3,1394,1394
Precinct,306 - Garst Mill,600,676,2,1278,1278
Precinct,307 - West Hidden Valley,482,732,7,1221,1221
Precinct,401 - Bonsack,259,664,4,927,927
Precinct,403 - North Vinton,484,825,6,1315,1315
Precinct,404 - South Vinton,455,753,5,1213,1213
Precinct,405 - North Lindenwood,410,966,3,1379,1379
Precinct,405 - South Lindenwood,362,809,3,1174,1174
Precinct,406 - Mount Pleasant,453,1216,3,1672,1672
Precinct,501 - Starkey,493,722,2,1217,1217
Precinct,502 - West Cave Spring,506,729,13,1248,1248
Precinct,503 - East Cave Spring,542,734,7,1283,1283
Precinct,504 - Green Valley,870,778,14,1662,1662
Precinct,505 - Clearbrook,257,630,2,889,889
Precinct,506 - Buck Mountain,137,208,1,346,346
Precinct,507 - Hunting Hills,710,955,8,1673,1673
Locality,Rockbridge County,3126,6883,34,10043,10043
Precinct,101 - Airport,546,606,3,1155,1155
Precinct,102 - Ben Salem,117,303,1,421,421
Precinct,103 - Plank Road,83,275,1,359,359
Precinct,104 - Effinger,119,282,2,403,403
Precinct,201 - Collierstown,114,310,1,425,425
Precinct,202 - Highland Belle,442,851,8,1301,1301
Precinct,203 - Vo-tech,109,109,1,219,219
Precinct,301 - Maury River,207,508,1,716,716
Precinct,302 - Natural Bridge,144,461,2,607,607
Precinct,303 - Falling Spring,73,233,2,308,308
Precinct,401 - Fairfield,181,496,2,679,679
Precinct,402 - Mountain View,260,711,3,974,974
Precinct,403 - Vesuvius,59,250,0,309,309
Precinct,501 - Goshen,52,279,0,331,331
Precinct,502 - Meadowview,271,407,2,680,680
Precinct,503 - Rockbridge Baths,126,279,1,406,406
Precinct,504 - Rockbridge,223,523,4,750,750
Locality,Rockingham County,9994,25672,131,35797,35797
Precinct,101 - Broadway,520,1207,4,1731,1731
Precinct,102 - Timberville,229,643,3,875,875
Precinct,103 - Fulks Run,97,816,0,913,913
Precinct,104 - Bergton,23,282,0,305,305
Precinct,105 - Lacey Spring,261,1158,7,1426,1426
Precinct,106 - Lone Pine,250,1084,6,1340,1340
Precinct,201 - Singers Glen,244,890,2,1136,1136
Precinct,202 - Edom,578,1197,8,1783,1783
Precinct,203 - Dayton,226,523,7,756,756
Precinct,204 - Mt Clinton,284,943,4,1231,1231
Precinct,205 - Silver Lake,644,1104,11,1759,1759
Precinct,301 - Keezletown,232,578,0,810,810
Precinct,302 - Port Republic,224,760,7,991,991
Precinct,303 - Melrose,153,535,1,689,689
Precinct,304 - Grottoes,332,977,6,1315,1315
Precinct,305 - Massanetta Springs,999,1190,5,2194,2194
Precinct,306 - Crossroads,908,1317,7,2232,2232
Precinct,401 - West Bridgewater,344,663,7,1014,1014
Precinct,402 - Montezuma,228,960,4,1192,1192
Precinct,403 - Mt Crawford,66,121,3,190,190
Precinct,404 - North River,593,993,2,1588,1588
Precinct,405 - Ottobine,180,1062,4,1246,1246
Precinct,406 - East Bridgewater,604,881,13,1498,1498
Precinct,501 - Elkton,355,940,3,1298,1298
Precinct,502 - Swift Run,221,1535,3,1759,1759
Precinct,503 - Mcgaheysville,460,1292,7,1759,1759
Precinct,504 - South Fork,107,714,0,821,821
Precinct,505 - Stony Run,473,750,6,1229,1229
Precinct,506 - Deep Run,159,557,1,717,717
Locality,Russell County,1418,7451,26,8895,8895
Precinct,101 - Moccasin,97,651,0,748,748
Precinct,102 - Copper Creek,84,425,5,514,514
Precinct,103 - South Castlewood,77,291,0,368,368
Precinct,201 - North Castlewood,170,906,4,1080,1080
Precinct,202 - Dante,34,159,0,193,193
Precinct,301 - Cooks Mill,30,166,0,196,196
Precinct,302 - Daugherty,36,226,0,262,262
Precinct,303 - New Garden,74,507,1,582,582
Precinct,304 - Cleveland,77,268,3,348,348
Precinct,401 - Drill,18,40,0,58,58
Precinct,402 - Swords Creek,89,761,3,853,853
Precinct,403 - Honaker,65,306,1,372,372
Precinct,501 - West Lebanon,313,1211,7,1531,1531
Precinct,601 - East Lebanon,121,652,2,775,775
Precinct,602 - Elk Garden,133,882,0,1015,1015
Locality,Salem City,3663,5664,41,9368,9368
Precinct,001 - North Salem No 2,546,679,7,1232,1232
Precinct,002 - Conehurst,218,325,2,545,545
Precinct,003 - Beverly Heights,200,444,4,648,648
Precinct,004 - West Salem,362,600,5,967,967
Precinct,005 - North Salem No 1,592,711,8,1311,1311
Precinct,006 - South Salem No 1,283,441,1,725,725
Precinct,007 - South Salem No 2,281,508,3,792,792
Precinct,008 - East Salem,147,205,0,352,352
Precinct,009 - South Side Hills,448,880,6,1334,1334
Precinct,010 - Hidden Valley,586,871,5,1462,1462
Locality,Scott County,1026,6276,15,7317,7317
Precinct,101 - Weber City,76,376,2,454,454
Precinct,102 - Yuma,112,587,3,702,702
Precinct,202 - Weber City East,68,412,0,480,480
Precinct,203 - Hiltons,105,597,1,703,703
Precinct,204 - Clark's,20,168,0,188,188
Precinct,301 - Nickelsville,55,396,2,453,453
Precinct,302 - Snowflake,51,323,0,374,374
Precinct,303 - Twin Springs,58,322,0,380,380
Precinct,304 - Copper Creek,8,113,0,121,121
Precinct,401 - Gate City,210,1072,1,1283,1283
Precinct,501 - Dungannon,46,181,1,228,228
Precinct,502 - Fort Blackmore,28,250,0,278,278
Precinct,503 - Manville,21,180,0,201,201
Precinct,504 - Rye Cove,30,390,1,421,421
Precinct,601 - Clinchport,35,240,2,277,277
Precinct,602 - Duffield-pattonsville,78,540,2,620,620
Precinct,603 - Fairview,25,129,0,154,154
Locality,Shenandoah County,4937,13020,63,18020,18020
Precinct,101 - Orkney Springs,336,664,5,1005,1005
Precinct,103 - New Market,513,1514,9,2036,2036
Precinct,201 - Conicville,357,1423,3,1783,1783
Precinct,202 - Mt Jackson,313,889,3,1205,1205
Precinct,302 - Edinburg,291,846,5,1142,1142
Precinct,303 - St Luke,335,1295,4,1634,1634
Precinct,304 - Fort Valley,199,570,1,770,770
Precinct,401 - Woodstock North,480,973,8,1461,1461
Precinct,402 - Woodstock South,366,708,2,1076,1076
Precinct,501 - Cedar Creek,36,98,0,134,134
Precinct,503 - Toms Brook,478,1366,2,1846,1846
Precinct,504 - Lebanon Church,303,1053,3,1359,1359
Precinct,601 - Strasburg West,441,764,9,1214,1214
Precinct,602 - Strasburg East,489,857,9,1355,1355
Locality,Smyth County,1843,8070,28,9941,9941
Precinct,101 - Saltville,226,994,1,1221,1221
Precinct,201 - 7 MILE FORD,121,887,1,1009,1009
Precinct,202 - Rich Valley,76,311,0,387,387
Precinct,301 - Chilhowie,218,1272,6,1496,1496
Precinct,401 - East Park,344,963,8,1315,1315
Precinct,501 - Atkins,140,729,1,870,870
Precinct,502 - Wassona,195,478,4,677,677
Precinct,601 - Royal Oak East,188,637,1,826,826
Precinct,602 - Royal Oak West,77,440,1,518,518
Precinct,701 - Adwolfe,111,844,1,956,956
Precinct,702 - Sugar Grove,134,445,4,583,583
Precinct,703 - Konnarock,13,70,0,83,83
Locality,Southampton County,2698,4698,9,7405,7405
Precinct,101 - Berlin,103,522,1,626,626
Precinct,102 - Ivor,259,513,1,773,773
Precinct,201 - Boykins-Branchville,388,356,0,744,744
Precinct,301 - Capron-Drewryville,303,529,0,832,832
Precinct,302 - Sebrell,199,387,0,586,586
Precinct,501 - Darden Mill,208,440,1,649,649
Precinct,502 - Fairgrounds,209,544,1,754,754
Precinct,601 - Courtland,352,473,3,828,828
Precinct,602 - Sedley,31,173,0,204,204
Precinct,701 - Blackwater River,343,373,2,718,718
Precinct,702 - Newsoms,303,388,0,691,691
Locality,Spotsylvania County,28020,31187,165,59372,59372
Precinct,101 - Partlow Ruritan,420,1385,5,1810,1810
Precinct,102 - Berkeley,503,1377,5,1885,1885
Precinct,103 - John J Wright,1508,1688,9,3205,3205
Precinct,104 - Massaponax High,1273,1003,5,2281,2281
Precinct,201 - Wilderness Elementary,661,795,3,1459,1459
Precinct,202 - Fire Rescue 7,1034,1626,7,2667,2667
Precinct,203 - Ni River Middle,1040,1410,6,2456,2456
Precinct,204 - Chancellor Elementary,1104,1066,7,2177,2177
Precinct,301 - Salem Elementary,709,713,2,1424,1424
Precinct,302 - Salem Library,1341,1082,10,2433,2433
Precinct,303 - Riverbend High,1363,1588,10,2961,2961
Precinct,304 - Knights Of Pythias,856,845,7,1708,1708
Precinct,401 - Cosner Park,1076,832,7,1915,1915
Precinct,402 - Germanna Campus,1272,926,3,2201,2201
Precinct,403 - Lee Hill Elementary,1242,1054,9,2305,2305
Precinct,404 - New Post Church,764,572,6,1342,1342
Precinct,501 - Belmont Ruritan,475,1118,1,1594,1594
Precinct,502 - Fire Rescue 2,378,1093,1,1472,1472
Precinct,503 - Spotsylvania High,368,1130,5,1503,1503
Precinct,504 - Public Safety,861,1266,4,2131,2131
Precinct,505 - Brock Road Elementary,1213,1898,6,3117,3117
Precinct,601 - Battlefield Elementary,980,850,11,1841,1841
Precinct,602 - Smith Station Elementary,1311,942,2,2255,2255
Precinct,603 - Chancellor High,702,645,5,1352,1352
Precinct,604 - Courthouse Road Elementary,859,732,4,1595,1595
Precinct,701 - Spotswood Elementary,945,733,9,1687,1687
Precinct,702 - Eastland Church,1004,746,4,1754,1754
Precinct,703 - Lees Parke,1393,695,5,2093,2093
Precinct,704 - Courtland Elementary,1365,1377,7,2749,2749
Locality,Stafford County,32279,30186,201,62666,62666
Precinct,101 - Hartwood,1013,1941,5,2959,2959
Precinct,102 - Simpson,884,1247,3,2134,2134
Precinct,103 - College,1006,756,2,1764,1764
Precinct,104 - Westlake,476,915,1,1392,1392
Precinct,105 - Rocky Run,566,454,3,1023,1023
Precinct,106 - Forge,558,428,5,991,991
Precinct,201 - Rock Hill,1311,1164,8,2483,2483
Precinct,202 - Roseville,800,1294,8,2102,2102
Precinct,203 - Ruby,557,1148,7,1712,1712
Precinct,204 - Stefaniga,1024,1113,6,2143,2143
Precinct,205 - Mount Ararat,466,374,2,842,842
Precinct,301 - Staffordboro,608,245,2,855,855
Precinct,302 - Widewater,659,718,7,1384,1384
Precinct,303 - Barrett Heights,515,339,5,859,859
Precinct,304 - Aquia Episcopal,407,128,1,536,536
Precinct,305 - Griffis,338,165,0,503,503
Precinct,306 - Midway,890,319,5,1214,1214
Precinct,401 - Courthouse,1291,474,7,1772,1772
Precinct,402 - Brooke,618,815,2,1435,1435
Precinct,403 - Harbour,622,676,6,1304,1304
Precinct,404 - Government Island,771,882,4,1657,1657
Precinct,405 - Hope,1279,1209,8,2496,2496
Precinct,406 - Aquia,206,51,0,257,257
Precinct,501 - Grafton,1364,1524,6,2894,2894
Precinct,502 - Falmouth,1042,938,5,1985,1985
Precinct,503 - Drew,1280,1101,7,2388,2388
Precinct,504 - Gayle,1085,719,4,1808,1808
Precinct,505 - Eskimo Hill,376,292,2,670,670
Precinct,601 - Ferry Farm,810,1091,9,1910,1910
Precinct,602 - Chatham,1030,1087,12,2129,2129
Precinct,603 - White Oak,729,1584,10,2323,2323
Precinct,604 - England Run,464,236,4,704,704
Precinct,605 - Melchers,1596,1077,10,2683,2683
Precinct,701 - Park Ridge,1280,900,9,2189,2189
Precinct,702 - Whitson,977,461,3,1441,1441
Precinct,703 - Hampton,1347,1109,11,2467,2467
Precinct,704 - Poole,2034,1212,12,3258,3258
Locality,Staunton City,6043,4586,40,10669,10669
Precinct,101 - Ward No 1,1260,927,9,2196,2196
Precinct,201 - Ward No 2,1093,1203,10,2306,2306
Precinct,301 - Ward No 3,1144,993,4,2141,2141
Precinct,401 - Ward No 4,1075,807,7,1889,1889
Precinct,501 - Ward No 5,1471,656,10,2137,2137
Locality,Suffolk City,24265,17131,83,41479,41479
Precinct,101 - Belleharbour,620,268,1,889,889
Precinct,102 - Driver,1213,1770,9,2992,2992
Precinct,104 - Bennetts Creek,632,476,1,1109,1109
Precinct,105 - Harbourview,1579,1024,10,2613,2613
Precinct,201 - Ebenezer,521,940,4,1465,1465
Precinct,202 - Chuckatuck,599,833,2,1434,1434
Precinct,203 - Kings Fork,1466,568,3,2037,2037
Precinct,204 - Hillpoint,1403,589,5,1997,1997
Precinct,301 - White Marsh,285,135,1,421,421
Precinct,302 - John F Kennedy,1309,166,4,1479,1479
Precinct,304 - Nansemond River,1213,655,5,1873,1873
Precinct,305 - Shoulders Hill,558,333,2,893,893
Precinct,306 - Deerfield,807,507,5,1319,1319
Precinct,316 - Potomac Shores,1657,494,9,2160,2160
Precinct,401 - Airport,524,634,4,1162,1162
Precinct,402 - Whaleyville,410,1053,2,1465,1465
Precinct,403 - Southside,621,74,1,696,696
Precinct,404 - Booker T Washington,993,65,1,1059,1059
Precinct,405 - Hollywood,569,44,2,615,615
Precinct,501 - Kilbys Mill,809,1117,1,1927,1927
Precinct,502 - Holland,377,799,3,1179,1179
Precinct,504 - Lake Cohoon,1156,1729,5,2890,2890
Precinct,505 - Pittmantown,371,613,0,984,984
Precinct,601 - Lakeside,884,633,1,1518,1518
Precinct,602 - Olde Towne,284,140,0,424,424
Precinct,603 - Elephants Fork/westhaven,344,243,0,587,587
Precinct,604 - Wilroy,958,623,3,1584,1584
Precinct,605 - Mack Benn Jr,287,86,0,373,373
Precinct,703 - Pughsville,956,206,1,1163,1163
Precinct,704 - Burbage Grant,1280,536,2,1818,1818
Precinct,706 - Huntersville,1237,272,5,1514,1514
Locality,Surry County,1789,1778,7,3574,3574
Precinct,101 - Surry,295,478,2,775,775
Precinct,201 - Bacons Castle,407,279,3,689,689
Precinct,301 - Dendron,347,366,0,713,713
Precinct,401 - Carsley,362,372,1,735,735
Precinct,501 - Claremont,213,247,1,461,461
Precinct,502 - Spring Grove,165,36,0,201,201
Locality,Sussex County,1965,1854,7,3826,3826
Precinct,101 - Waverly,396,93,0,489,489
Precinct,201 - Stony Creek,330,233,2,565,565
Precinct,301 - Courthouse,80,140,0,220,220
Precinct,302 - NEWVILLE 1,49,119,0,168,168
Precinct,401 - Wakefield Firehouse,302,336,0,638,638
Precinct,501 - Henry,285,253,1,539,539
Precinct,601 - Blackwater,207,247,2,456,456
Precinct,602 - Wakefield,70,94,0,164,164
Precinct,701 - Yale,149,232,0,381,381
Precinct,702 - NEWVILLE 2,97,107,2,206,206
Locality,Tazewell County,2044,10533,23,12600,12600
Precinct,101 - Indian Valley,42,330,0,372,372
Precinct,102 - Tip Top,49,262,2,313,313
Precinct,103 - Mundy Town,97,552,0,649,649
Precinct,104 - Falls Mills,44,258,0,302,302
Precinct,106 - Pocahontas,26,130,1,157,157
Precinct,109 - Bishop,18,141,0,159,159
Precinct,112 - Bandy,18,182,0,200,200
Precinct,203 - Burkes Garden,11,83,0,94,94
Precinct,204 - Clear Fork,57,380,0,437,437
Precinct,207 - Freestone,16,97,0,113,113
Precinct,209 - Jeffersonville,452,1368,5,1825,1825
Precinct,214 - Thompson Valley,65,363,2,430,430
Precinct,301 - Cedar Bluff,144,1260,4,1408,1408
Precinct,302 - Baptist Valley,44,182,2,228,228
Precinct,303 - Paint Lick,157,978,0,1135,1135
Precinct,401 - Richlands,344,1786,5,2135,2135
Precinct,402 - Jewell Ridge,19,137,0,156,156
Precinct,501 - Springville,128,795,1,924,924
Precinct,502 - Graham,313,1249,1,1563,1563
Locality,Virginia Beach City,85191,82620,387,168198,168198
Precinct,001 - Precinct 1,934,1654,11,2599,2599
Precinct,002 - Precinct 2,1022,988,5,2015,2015
Precinct,003 - Precinct 3,610,651,1,1262,1262
Precinct,004 - Precinct 4,821,1204,1,2026,2026
Precinct,005 - Precinct 5,872,611,4,1487,1487
Precinct,006 - Precinct 6,880,1324,4,2208,2208
Precinct,007 - Precinct 7,581,753,2,1336,1336
Precinct,008 - Precinct 8,858,836,1,1695,1695
Precinct,009 - Precinct 9,756,1245,3,2004,2004
Precinct,010 - Precinct 10,784,1615,2,2401,2401
Precinct,011 - Precinct 11,1182,1352,10,2544,2544
Precinct,012 - Precinct 12,998,776,2,1776,1776
Precinct,013 - Precinct 13,1017,1060,5,2082,2082
Precinct,014 - Precinct 14,937,934,10,1881,1881
Precinct,015 - Precinct 15,657,593,4,1254,1254
Precinct,016 - Precinct 16,836,782,1,1619,1619
Precinct,017 - Precinct 17,698,845,1,1544,1544
Precinct,018 - Precinct 18,1039,1215,2,2256,2256
Precinct,019 - Precinct 19,482,635,3,1120,1120
Precinct,020 - Precinct 20,505,592,2,1099,1099
Precinct,021 - Precinct 21,1243,423,3,1669,1669
Precinct,022 - Precinct 22,626,745,1,1372,1372
Precinct,023 - Precinct 23,836,880,1,1717,1717
Precinct,024 - Precinct 24,360,507,4,871,871
Precinct,025 - Precinct 25,981,1092,5,2078,2078
Precinct,026 - Precinct 26,565,702,6,1273,1273
Precinct,027 - Precinct 27,470,559,0,1029,1029
Precinct,028 - Precinct 28,598,753,2,1353,1353
Precinct,029 - Precinct 29,957,589,2,1548,1548
Precinct,030 - Precinct 30,740,1103,10,1853,1853
Precinct,031 - Precinct 31,896,1647,8,2551,2551
Precinct,032 - Precinct 32,222,743,1,966,966
Precinct,033 - Precinct 33,225,842,5,1072,1072
Precinct,034 - Precinct 34,161,480,0,641,641
Precinct,035 - Precinct 35,887,1391,3,2281,2281
Precinct,036 - Precinct 36,1324,796,6,2126,2126
Precinct,037 - Precinct 37,693,701,9,1403,1403
Precinct,038 - Precinct 38,874,1100,5,1979,1979
Precinct,039 - Precinct 39,694,603,3,1300,1300
Precinct,040 - Precinct 40,831,563,4,1398,1398
Precinct,041 - Precinct 41,680,249,0,929,929
Precinct,042 - Precinct 42,954,767,4,1725,1725
Precinct,043 - Precinct 43,987,539,6,1532,1532
Precinct,044 - Precinct 44,925,1014,5,1944,1944
Precinct,045 - Precinct 45,1007,482,2,1491,1491
Precinct,046 - Precinct 46,989,562,8,1559,1559
Precinct,047 - Precinct 47,921,1451,7,2379,2379
Precinct,048 - Precinct 48,550,634,2,1186,1186
Precinct,049 - Precinct 49,724,960,3,1687,1687
Precinct,050 - Precinct 50,672,356,1,1029,1029
Precinct,051 - Precinct 51,770,824,1,1595,1595
Precinct,52 - Precinct 52,1170,1175,8,2353,2353
Precinct,053 - Precinct 53,920,956,5,1881,1881
Precinct,054 - Precinct 54,674,605,1,1280,1280
Precinct,055 - Precinct 55,1091,531,2,1624,1624
Precinct,056 - Precinct 56,460,506,2,968,968
Precinct,057 - Precinct 57,592,629,2,1223,1223
Precinct,058 - Precinct 58,703,593,4,1300,1300
Precinct,059 - Precinct 59,652,604,2,1258,1258
Precinct,060 - Precinct 60,874,1518,4,2396,2396
Precinct,061 - Precinct 61,1194,202,2,1398,1398
Precinct,062 - Precinct 62,994,1046,7,2047,2047
Precinct,063 - Precinct 63,1165,1296,8,2469,2469
Precinct,064 - Precinct 64,1204,977,3,2184,2184
Precinct,065 - Precinct 65,1077,873,3,1953,1953
Precinct,066 - Precinct 66,698,986,2,1686,1686
Precinct,067 - Precinct 67,483,323,1,807,807
Precinct,068 - Precinct 68,808,947,4,1759,1759
Precinct,069 - Precinct 69,1128,396,1,1525,1525
Precinct,070 - Precinct 70,903,899,7,1809,1809
Precinct,071 - Precinct 71,885,660,7,1552,1552
Precinct,072 - Precinct 72,725,1193,8,1926,1926
Precinct,073 - Precinct 73,975,421,3,1399,1399
Precinct,074 - Precinct 74,865,473,2,1340,1340
Precinct,075 - Precinct 75,832,1466,7,2305,2305
Precinct,076 - Precinct 76,989,366,4,1359,1359
Precinct,077 - Precinct 77,836,670,8,1514,1514
Precinct,078 - Precinct 78,883,673,3,1559,1559
Precinct,079 - Precinct 79,1084,462,3,1549,1549
Precinct,080 - Precinct 80,925,397,2,1324,1324
Precinct,081 - Precinct 81,1073,703,6,1782,1782
Precinct,082 - Precinct 82,720,850,3,1573,1573
Precinct,083 - Precinct 83,841,1146,2,1989,1989
Precinct,084 - Precinct 84,1038,612,3,1653,1653
Precinct,085 - Precinct 85,947,1311,2,2260,2260
Precinct,086 - Precinct 86,1043,1034,6,2083,2083
Precinct,087 - Precinct 87,828,879,7,1714,1714
Precinct,088 - Precinct 88,750,912,2,1664,1664
Precinct,089 - Precinct 89,858,920,5,1783,1783
Precinct,090 - Precinct 90,539,688,0,1227,1227
Precinct,091 - Precinct 91,1377,918,4,2299,2299
Precinct,092 - Precinct 92,546,813,2,1361,1361
Precinct,093 - Precinct 93,1211,272,2,1485,1485
Precinct,094 - Precinct 94,569,620,2,1191,1191
Precinct,095 - Precinct 95,568,654,3,1225,1225
Precinct,096 - Precinct 96,615,427,4,1046,1046
Precinct,097 - Precinct 97,1005,546,3,1554,1554
Precinct,098 - Precinct 98,679,323,2,1004,1004
Precinct,099 - Precinct 99,593,312,0,905,905
Precinct,100 - Precinct 100,339,671,3,1013,1013
Precinct,101 - Precinct 101,214,221,1,436,436
Precinct,102 - Precinct 102,175,112,1,288,288
Precinct,103 - Precinct 103,450,201,3,654,654
Precinct,104 - Precinct 104,1078,301,4,1383,1383
Precinct,105 - Precinct 105,242,391,2,635,635
Precinct,106 - Precinct 106,654,356,3,1013,1013
Precinct,107 - Precinct 107,371,521,2,894,894
Precinct,108 - Precinct 108,248,341,4,593,593
Locality,Warren County,5145,10888,55,16088,16088
Precinct,101 - Fork Town,371,623,2,996,996
Precinct,102 - Otterburn,571,1589,4,2164,2164
Precinct,201 - Happy Creek,598,1205,6,1809,1809
Precinct,202 - Linden,691,1192,9,1892,1892
Precinct,301 - North River,488,725,7,1220,1220
Precinct,302 - Riverton,493,1324,1,1818,1818
Precinct,401 - East Shenandoah,620,1478,9,2107,2107
Precinct,402 - West Shenandoah,322,702,9,1033,1033
Precinct,501 - South River,641,1143,3,1787,1787
Precinct,502 - Bentonville,175,510,1,686,686
Precinct,504 - Browntown,175,397,4,576,576
Locality,Washington County,4515,16326,68,20909,20909
Precinct,101 - East Abingdon,546,1125,10,1681,1681
Precinct,102 - West Abingdon,384,651,4,1039,1039
Precinct,201 - Clinchburg,105,512,3,620,620
Precinct,202 - Greendale,167,930,3,1100,1100
Precinct,203 - Hayters Gap,59,316,0,375,375
Precinct,204 Woodland Hills,209,798,7,1014,1014
Precinct,301 - Watauga,389,1425,5,1819,1819
Precinct,302 - South Abingdon,567,1147,8,1722,1722
Precinct,401 - Glade Spring,239,950,3,1192,1192
Precinct,402 - Meadowview,307,1161,7,1475,1475
Precinct,501 - Rhea Valley,302,1643,3,1948,1948
Precinct,502 - Damascus,223,620,5,848,848
Precinct,504 - Green Cove,24,132,0,156,156
Precinct,601 - Burson Place,216,1317,3,1536,1536
Precinct,602 - Mendota,35,257,3,295,295
Precinct,603 - Valley Institute,187,870,1,1058,1058
Precinct,701 - High Point,199,1063,2,1264,1264
Precinct,702 - Wallace,88,377,0,465,465
Precinct,703 - John Battle,269,1032,1,1302,1302
Locality,Waynesboro City,4111,4280,23,8414,8414
Precinct,001 - Ward A,653,621,0,1274,1274
Precinct,002 - Ward B,1316,1265,11,2592,2592
Precinct,003 - Ward C,985,1020,4,2009,2009
Precinct,004 - Ward D,1157,1374,8,2539,2539
Locality,Westmoreland County,3205,4200,11,7416,7416
Precinct,101 - Precinct 1-1,533,356,0,889,889
Precinct,102 - Precinct 1-2,304,274,0,578,578
Precinct,201 - Precinct 2-1,548,645,2,1195,1195
Precinct,301 - Precinct 3-1,340,428,1,769,769
Precinct,302 - Precinct 3-2,311,501,1,813,813
Precinct,401 - Precinct 4-1,479,1102,3,1584,1584
Precinct,501 - Precinct 5-1,690,894,4,1588,1588
Locality,Williamsburg City,4668,1931,29,6628,6628
Precinct,001 - Stryker,2005,853,13,2871,2871
Precinct,002 - Matoaka,2663,1078,16,3757,3757
Locality,Winchester City,4831,3803,34,8668,8668
Precinct,101 - Merrimans,1198,956,8,2162,2162
Precinct,102 - Old Town,803,660,5,1468,1468
Precinct,201 - Virginia Avenue,886,465,3,1354,1354
Precinct,301 - War Memorial,776,616,5,1397,1397
Precinct,401 - Frederick Douglass,397,357,3,757,757
Precinct,402 - Rolling Hills,771,749,10,1530,1530
Locality,Wise County,1956,8993,23,10972,10972
Precinct,101 - Appalachia,116,444,3,563,563
Precinct,102 - Dorchester,64,335,1,400,400
Precinct,103 - Guest River Voting Place,79,350,0,429,429
Precinct,104 - West Pound,180,949,2,1131,1131
Precinct,201 - North Coeburn,82,507,1,590,590
Precinct,202 - Wise,371,1412,4,1787,1787
Precinct,203 - East Pound,53,286,0,339,339
Precinct,301 - Big Stone Gap,333,1002,4,1339,1339
Precinct,302 - East Stone Gap,214,1167,2,1383,1383
Precinct,401 - Clinch Valley,206,1120,2,1328,1328
Precinct,402 - South Coeburn,155,1058,1,1214,1214
Precinct,403 - St Paul,103,363,3,469,469
Locality,Wythe County,2229,8747,23,10999,10999
Precinct,101 - Royal Oak,56,389,0,445,445
Precinct,102 - Rural Retreat,244,1222,2,1468,1468
Precinct,203 - West Wytheville,532,1211,5,1748,1748
Precinct,303 - East Wytheville,596,1270,5,1871,1871
Precinct,401 - Fort Chiswell,142,826,4,972,972
Precinct,402 - Max Meadows,141,779,1,921,921
Precinct,501 - Jackson Memorial,102,615,1,718,718
Precinct,502 - Sheffey,139,875,1,1015,1015
Precinct,601 - Huddle,60,420,1,481,481
Precinct,602 - Zion,113,656,1,770,770
Precinct,603 Evergreen,104,484,2,590,590
Locality,York County,14294,16906,83,31283,31283
Precinct,101 - Queens Lake,978,807,3,1788,1788
Precinct,102 - Waller Mill,1581,1474,7,3062,3062
Precinct,103 - Magruder,1813,1055,6,2874,2874
Precinct,201 - Coventry,1373,1343,8,2724,2724
Precinct,202 - Kiln Creek,985,1030,4,2019,2019
Precinct,301 - Seaford,743,2060,5,2808,2808
Precinct,302 - Yorktown,657,846,2,1505,1505
Precinct,303 - Edgehill,1070,941,5,2016,2016
Precinct,401 - Harwoods Mill,936,1686,8,2630,2630
Precinct,402 - Dare,943,1696,9,2648,2648
Precinct,403 - Grafton,766,1029,7,1802,1802
Precinct,501 - Tabb,1204,1613,10,2827,2827
Precinct,502 - Bethel,1245,1326,9,2580,2580
