,,Ralph Shearer Northam,Edward Walter Gillespie,Clifford Daniel Hyra,Write-Ins,Total Votes Cast,Undervotes
,,Democratic,Republican,Libertarian,,,
State,Virginia,1408818,1175732,27987,1528,2614065,0
Locality,Accomack County,4876,5736,54,0,10666,0
Precinct,101 - Chincoteague,411,746,10,0,1167,0
Precinct,201 - Atlantic,130,394,1,0,525,0
Precinct,202 - Greenbackville,203,445,7,0,655,0
Precinct,301 - New Church,357,365,4,0,726,0
Precinct,401 - Bloxom,93,221,1,0,315,0
Precinct,402 - Parksley,192,327,2,0,521,0
Precinct,403 - Saxis,29,107,0,0,136,0
Precinct,501 - Mappsville,235,169,2,0,406,0
Precinct,502 - Rue,240,92,2,0,334,0
Precinct,601 - Accomac,365,460,4,0,829,0
Precinct,602 - Tangier,18,156,0,0,174,0
Precinct,701 - Nandua,729,714,7,0,1450,0
Precinct,801 - Bobtown,186,291,3,0,480,0
Precinct,802 - Melfa,323,249,1,0,573,0
Precinct,803 - Wachapreague,142,266,0,0,408,0
Precinct,901 - Painter,754,457,5,0,1216,0
Precinct,Ab - Central Absentee Precinct,469,277,5,0,751,0
Precinct,Provisional,0,0,0,0,0,0
Locality,Albemarle County,26969,14857,458,24,42308,0
Precinct,101 - Woodbrook,1020,574,20,0,1614,0
Precinct,103 - Branchlands,415,156,4,0,575,0
Precinct,104 - Agnor-hurt,835,285,22,1,1143,0
Precinct,105 - Dunlora,1265,487,21,0,1773,0
Precinct,106 - Northside,968,704,21,0,1693,0
Precinct,201 - Jack Jouett,772,467,15,1,1255,0
Precinct,202 - University Hall,1368,318,14,2,1702,0
Precinct,203 - Georgetown,989,262,14,0,1265,0
Precinct,204 - Belfield,438,290,3,0,731,0
Precinct,301 - Ivy,1563,788,22,3,2376,0
Precinct,302 - Red Hill,1008,571,10,0,1589,0
Precinct,304 - East Ivy,385,237,6,0,628,0
Precinct,305 - Country Green,939,403,15,2,1359,0
Precinct,306 - Porters,485,253,6,0,744,0
Precinct,307 - Yellow Mountain,218,160,5,1,384,0
Precinct,401 - Scottsville,371,420,9,1,801,0
Precinct,402 - Monticello,351,384,7,0,742,0
Precinct,405 - Cale,1882,560,32,2,2476,0
Precinct,406 - Stone Robinson,821,897,10,1,1729,0
Precinct,501 - Keswick,442,316,9,1,768,0
Precinct,502 - Stony Point,484,413,10,1,908,0
Precinct,503 - Hollymead,859,505,21,0,1385,0
Precinct,504 - Free Bridge,1586,719,23,1,2329,0
Precinct,506 - Baker-butler,973,787,31,2,1793,0
Precinct,601 - Crozet,1467,805,30,2,2304,0
Precinct,602 - Free Union,436,343,5,0,784,0
Precinct,603 - Earlysville,980,854,10,1,1845,0
Precinct,604 - Brownsville,1646,1008,34,0,2688,0
Precinct,Ab - Central Absentee Precinct,1977,877,27,2,2883,0
Precinct,Provisional,26,14,2,0,42,0
Locality,Alexandria City,40896,10822,434,37,52189,0
Precinct,101 - Ladrey Senior Building,924,356,7,3,1290,0
Precinct,102 - City Hall,851,479,10,1,1341,0
Precinct,103 - Lyles Crouch School,1401,549,14,0,1964,0
Precinct,104 - Durant Center,1209,274,16,2,1501,0
Precinct,105 - Lee Center,1620,441,16,0,2077,0
Precinct,106 - Cora Kelly,1711,281,25,0,2017,0
Precinct,107 - Mt Vernon Recreation Center,2039,387,17,3,2446,0
Precinct,108 - George Washington Middle Sch,1990,398,24,3,2415,0
Precinct,109 - Fire Department Headquarters,1011,390,11,3,1415,0
Precinct,110 - Charles Houston Center,1231,254,13,1,1499,0
Precinct,111 - Potomac Yard,533,167,15,0,715,0
Precinct,201 - Maury School,1340,372,16,1,1729,0
Precinct,202 - George Mason School,1227,517,12,0,1756,0
Precinct,203 - Agudas Achim Synagogue,1363,309,12,2,1686,0
Precinct,204 - Blessed Sacrament Church,1163,441,10,2,1616,0
Precinct,205 - Douglas Macarthur School,1432,493,20,1,1946,0
Precinct,206 - Chinquapin Park Recreation Ctr,1083,328,9,0,1420,0
Precinct,207 - Temple Beth El Synagogue,1359,509,18,1,1887,0
Precinct,208 - Nova Arts Center,1285,267,18,1,1571,0
Precinct,209 - James K Polk School,1470,336,8,2,1816,0
Precinct,210 - The Hermitage,669,218,6,0,893,0
Precinct,302 - Patrick Henry Rec Center,997,175,12,0,1184,0
Precinct,303 - Charles E Beatley Library,1263,211,16,1,1491,0
Precinct,304 - Samuel Tucker School,1715,258,14,1,1988,0
Precinct,305 - John Adams School,1169,207,14,0,1390,0
Precinct,306 - William Ramsay School,1276,219,12,2,1509,0
Precinct,307 - South Port,1134,279,10,0,1423,0
Precinct,308 - Cameron Station Community Ctr,1354,509,13,0,1876,0
Precinct,Ab - Central Absentee Precinct,5007,1183,46,6,6242,0
Precinct,Provisional,70,15,0,1,86,0
Locality,Alleghany County,1478,2888,36,1,4403,0
Precinct,101 - Arritt,93,295,3,1,392,0
Precinct,103 - Dameron,32,130,2,0,164,0
Precinct,201 - Humpback Bridge,78,178,0,0,256,0
Precinct,202 - Dolly Ann,87,221,2,0,310,0
Precinct,301 - Callaghan,43,191,4,0,238,0
Precinct,302 - Griffith,145,305,4,0,454,0
Precinct,401 - Low Moor,95,216,2,0,313,0
Precinct,402 - Jackson Heights,114,270,4,0,388,0
Precinct,501 - Iron Gate,73,92,2,0,167,0
Precinct,502 - Peters Switch,145,325,2,0,472,0
Precinct,601 - District 1,295,353,6,0,654,0
Precinct,701 - District 2,206,202,4,0,412,0
Precinct,Ab - Central Absentee Precinct,72,110,1,0,183,0
Precinct,Provisional,0,0,0,0,0,0
Locality,Amelia County,1403,3170,40,1,4614,0
Precinct,101 - Number One,208,488,6,0,702,0
Precinct,201 - Number Two,314,613,5,0,932,0
Precinct,301 - Number Three,214,642,12,0,868,0
Precinct,401 - Number Four,213,606,7,0,826,0
Precinct,501 - Number Five,349,602,8,1,960,0
Precinct,Ab - Central Absentee Precinct,105,217,2,0,324,0
Precinct,Provisional,0,2,0,0,2,0
Locality,Amherst County,3258,6431,83,14,9786,0
Precinct,101 - Wright Shop,357,265,2,0,624,0
Precinct,102 - New Glasgow,266,550,7,0,823,0
Precinct,103 - Coolwell,79,323,8,0,410,0
Precinct,201 - Court House,535,864,11,1,1411,0
Precinct,202 - Temperance,148,362,8,0,518,0
Precinct,301 - Monroe,150,416,5,0,571,0
Precinct,302 - Elon,315,1084,13,2,1414,0
Precinct,303 - Pleasant View,88,252,1,0,341,0
Precinct,401 - Amelon,484,983,11,3,1481,0
Precinct,402 - Lonco,111,226,4,0,341,0
Precinct,501 - Madison,517,877,12,1,1407,0
Precinct,Ab - Central Absentee Precinct,208,229,1,7,445,0
Precinct,Provisional,0,0,0,0,0,0
Locality,Appomattox County,1227,3894,50,1,5172,0
Precinct,101 - Vera,69,317,5,0,391,0
Precinct,102 - Pamplin,181,492,7,0,680,0
Precinct,201 - Chap,76,152,2,0,230,0
Precinct,202 - Spout Spring,152,672,9,0,833,0
Precinct,301 - Us 460,98,403,6,0,507,0
Precinct,302 - Stonewall,137,456,5,0,598,0
Precinct,401 - Courthouse,192,589,8,0,789,0
Precinct,501 - Oakville,185,474,5,1,665,0
Precinct,502 - Agee,84,196,2,0,282,0
Precinct,Ab - Central Absentee Precinct,53,142,1,0,196,0
Precinct,Provisional,0,1,0,0,1,0
Locality,Arlington County,68093,16268,801,52,85214,0
Precinct,1 - Arlington,1004,183,10,2,1199,0
Precinct,2 - Ashton Heights,1276,266,14,2,1558,0
Precinct,3 - Aurora Hills,778,295,8,0,1081,0
Precinct,4 - Ballston,1139,274,21,1,1435,0
Precinct,5 - Barcroft,1034,256,20,2,1312,0
Precinct,6 - Crystal City,812,238,11,0,1061,0
Precinct,7 - Cherrydale,1210,322,10,0,1542,0
Precinct,8 - Hume,1293,382,21,1,1697,0
Precinct,9 - Columbia,1522,309,24,1,1856,0
Precinct,10 - Wilson,1351,364,11,2,1728,0
Precinct,11 - East Falls Church,859,265,8,0,1132,0
Precinct,12 - Fairlington,1259,364,12,2,1637,0
Precinct,13 - Glen Carlyn,840,196,8,0,1044,0
Precinct,14 - Clarendon,897,193,16,1,1107,0
Precinct,15 - Lyon Park,681,159,9,0,849,0
Precinct,16 - Lyon Village,1243,321,24,0,1588,0
Precinct,17 - Overlee Knolls,1333,368,11,1,1713,0
Precinct,18 - Park Lane,1528,365,15,1,1909,0
Precinct,19 - Rosslyn,1282,286,16,1,1585,0
Precinct,20 - Thrifton,1135,456,11,0,1602,0
Precinct,21 - Virginia Highlands,708,230,10,0,948,0
Precinct,22 - Abingdon,1383,318,30,3,1734,0
Precinct,23 - Westover,1235,277,16,2,1530,0
Precinct,24 - Woodlawn,1592,333,18,0,1943,0
Precinct,25 - Arlington Forest,1091,282,11,2,1386,0
Precinct,26 - Fillmore,1506,258,32,2,1798,0
Precinct,27 - Jefferson,1234,283,20,0,1537,0
Precinct,28 - Wakefield,1372,272,12,1,1657,0
Precinct,29 - Dominion Hills,1318,302,13,1,1634,0
Precinct,30 - Glebe,1132,185,9,0,1326,0
Precinct,31 - Lexington,1261,348,14,1,1624,0
Precinct,32 - Oakridge,448,176,8,3,635,0
Precinct,33 - Rock Spring,1227,456,10,1,1694,0
Precinct,34 - Yorktown,1142,339,8,1,1490,0
Precinct,35 - Madison,1182,575,7,2,1766,0
Precinct,36 - Marshall,1276,388,14,1,1679,0
Precinct,37 - Nottingham,1122,365,6,2,1495,0
Precinct,38 - Arlington View,1077,170,19,1,1267,0
Precinct,39 - Ashlawn,729,198,11,0,938,0
Precinct,40 - Virginia Square,1300,328,28,2,1658,0
Precinct,41 - Navy League,985,207,16,1,1209,0
Precinct,42 - Shirlington,1020,207,12,1,1240,0
Precinct,43 - Campbell,845,105,5,1,956,0
Precinct,44 - Dawson Terrace,927,155,7,0,1089,0
Precinct,45 - Buckingham,870,173,5,2,1050,0
Precinct,46 - Central,1255,294,26,0,1575,0
Precinct,47 - Four Mile Run,1024,141,13,1,1179,0
Precinct,48 - Ausa,785,223,18,1,1027,0
Precinct,49 - Monroe,684,146,10,0,840,0
Precinct,50 - Crystal Plaza,792,269,18,1,1080,0
Precinct,51 - Taylor,327,103,4,0,434,0
Precinct,52 - Gunston,803,188,9,0,1000,0
Precinct,53 - Met Park,933,246,13,1,1193,0
Precinct,54 - Garfield Park,506,125,9,0,640,0
Precinct,Ab - Central Absentee Precinct,10448,1719,60,1,12228,0
Precinct,Provisional,78,22,0,0,100,0
Locality,Augusta County,6030,17217,311,16,23574,0
Precinct,101 - Jolivue,208,390,4,0,602,0
Precinct,102 - Stuarts Draft Elementary,208,453,4,0,665,0
Precinct,103 - Verona,276,847,19,1,1143,0
Precinct,201 - Crimora,240,852,15,0,1107,0
Precinct,202 - New Hope,168,622,13,0,803,0
Precinct,203 - Weyers Cave,323,832,15,0,1170,0
Precinct,301 - Fort Defiance,521,1297,27,0,1845,0
Precinct,302 - North River,112,392,5,0,509,0
Precinct,303 - Mount Solon,108,534,6,0,648,0
Precinct,304 - Churchville Fire Station,142,452,6,1,601,0
Precinct,401 - Buffalo Gap,143,521,9,0,673,0
Precinct,402 - Churchville Elementary,142,569,15,2,728,0
Precinct,403 - Craigsville,72,338,6,0,416,0
Precinct,404 - Deerfield,40,195,5,0,240,0
Precinct,405 - Cedar Green,281,632,12,1,926,0
Precinct,501 - Greenville,213,856,13,1,1083,0
Precinct,502 - Middlebrook,141,406,8,1,556,0
Precinct,503 - Spottswood,114,456,4,0,574,0
Precinct,504 - White Hill,244,895,15,0,1154,0
Precinct,601 - Sherando,181,536,9,1,727,0
Precinct,602 - Ridgeview,379,1230,16,3,1628,0
Precinct,603 - Lyndhurst,345,835,18,3,1201,0
Precinct,801 - Dooms,202,647,6,0,855,0
Precinct,802 - Fishersville,507,1069,35,0,1611,0
Precinct,803 - Wilson,417,725,14,1,1157,0
Precinct,Ab - Central Absentee Precinct,300,628,12,1,941,0
Precinct,Provisional,3,8,0,0,11,0
Locality,Bath County,450,1013,16,3,1482,0
Precinct,101 - Warm Springs,97,154,2,0,253,0
Precinct,102 - Mountain Grove,12,46,0,0,58,0
Precinct,201 - Hot Springs,78,140,2,0,220,0
Precinct,301 - Fairview,40,181,4,0,225,0
Precinct,302 - Burnsville,11,37,3,0,51,0
Precinct,401 - Millboro,82,211,2,2,297,0
Precinct,501 - Healing Springs,96,204,3,0,303,0
Precinct,Ab - Central Absentee Precinct,34,40,0,1,75,0
Precinct,Provisional,0,0,0,0,0,0
Locality,Bedford County,6985,20573,243,6,27807,0
Precinct,101 - Goodview Elem School (CD 5),211,833,11,0,1055,0
Precinct,102 - Hardy Vol Fire Co (CD 5),142,368,2,0,512,0
Precinct,103 - Chamblissburg Baptist Church (CD 5),204,580,4,0,788,0
Precinct,104 - Stewartsville Rescue Squad (CD 5),155,546,6,1,708,0
Precinct,201 - Bedford Christian Church (CD 5),98,309,2,0,409,0
Precinct,202 - Staunton River High School (CD 5),126,435,4,1,566,0
Precinct,203 - Moneta Elem School (CD 5),340,859,9,0,1208,0
Precinct,204 - Quaker Baptist Church (CD 5),93,293,6,0,392,0
Precinct,205 - Saunders Vol Fire Co (CD 5),267,692,5,0,964,0
Precinct,301 - New London Academy (CD 6),375,1547,16,0,1938,0
Precinct,302 - Bedford Regional Water Auth (CD 5),183,615,7,0,805,0
Precinct,303 - Bethesda United Methodist Church (CD 5),129,379,2,0,510,0
Precinct,304 - Forest Youth Athletic Assoc (CD 6),137,404,0,1,542,0
Precinct,305 - Huddleston Elem School (CD 5),75,351,2,0,428,0
Precinct,401 - Forest Elementary School (CD 6),352,1003,9,0,1364,0
Precinct,402 - Thomas Jefferson Elem School (CD 6),191,543,6,1,741,0
Precinct,403 - Knights Of Columbus Bldg (CD 6),435,1163,13,0,1611,0
Precinct,404 - St. Paul Baptist Church (CD 6),246,929,10,0,1185,0
Precinct,502 - Big Island Elem School (CD 6),83,227,6,0,316,0
Precinct,503 - Sedalia Center (CD 6),98,305,11,0,414,0
Precinct,504 - Suck Springs Baptist Church (CD 6),131,489,8,1,629,0
Precinct,505 - Boonsboro Elementary School (CD 6),381,888,12,1,1282,0
Precinct,506 - Boonsboro Ruritan Club (CD 6),387,1265,16,0,1668,0
Precinct,601 - Montvale Elem School (CD 6),185,587,14,0,786,0
Precinct,602 - Shady Grove Fire Department (CD 5),180,577,6,0,763,0
Precinct,603 - Thaxton Baptist Church #1 (CD 5),48,150,0,0,198,0
Precinct,604 - Bedford Welcome Center (CD 5),339,755,15,0,1109,0
Precinct,701 - Goode Vol Rescue Squad (CD 5),221,998,5,0,1224,0
Precinct,702 - Liberty High School (CD 5),187,482,5,0,674,0
Precinct,703 - Thaxton Baptist Church #2 (CD 5),98,396,4,0,498,0
Precinct,704 - Bedford Central Library (CD 5),441,735,10,0,1186,0
Precinct,Ab - Central Absentee Precinct (CD 5),251,518,8,0,777,0
Precinct,Ab - Central Absentee Precinct (CD 6),193,343,9,0,545,0
Precinct,Provisional (CD 5),2,6,0,0,8,0
Precinct,Provisional (CD 6),1,3,0,0,4,0
Locality,Bland County,388,1676,20,1,2085,0
Precinct,101 - Bastian,44,192,0,0,236,0
Precinct,102 - Ceres,42,228,4,0,274,0
Precinct,201 - Davis,17,61,1,0,79,0
Precinct,202 - Seddon,107,400,5,0,512,0
Precinct,301 - Hollybrook,29,196,1,0,226,0
Precinct,302 - Mechanicsburg,15,111,1,1,128,0
Precinct,401 - Rocky Gap,108,419,6,0,533,0
Precinct,Ab - Central Absentee Precinct,26,67,2,0,95,0
Precinct,Provisional,0,2,0,0,2,0
Locality,Botetourt County,3409,8965,122,6,12502,0
Precinct,101 - Daleville,433,880,10,0,1323,0
Precinct,102 - Greenfield,340,1075,14,0,1429,0
Precinct,201 - Blue Ridge,316,892,12,0,1220,0
Precinct,202 - Rainbow Forest,326,959,15,1,1301,0
Precinct,301 - Buchanan,250,754,10,1,1015,0
Precinct,302 - Mill Creek,271,746,16,1,1034,0
Precinct,403 - Eagle Rock,145,542,7,0,694,0
Precinct,406 - Fincastle,401,1024,18,2,1445,0
Precinct,501 - Troutville,177,508,2,0,687,0
Precinct,502 - Cloverdale,512,1155,14,1,1682,0
Precinct,Ab - Central Absentee Precinct,235,428,4,0,667,0
Precinct,Provisional,3,2,0,0,5,0
Locality,Bristol City,1242,3006,43,3,4294,0
Precinct,1 - First Ward,192,459,4,1,656,0
Precinct,2 - Second Ward,362,702,10,1,1075,0
Precinct,3 - Third Ward,228,330,8,0,566,0
Precinct,4 - Fourth Ward,371,1325,20,1,1717,0
Precinct,Ab - Central Absentee Precinct,87,188,1,0,276,0
Precinct,Provisional,2,2,0,0,4,0
Locality,Brunswick County,2728,2010,19,0,4757,0
Precinct,101 - Brodnax,120,111,0,0,231,0
Precinct,102 - Rock Store,151,211,1,0,363,0
Precinct,103 - Tillman,143,255,2,0,400,0
Precinct,201 - Dromgoole,81,71,1,0,153,0
Precinct,202 - Edgerton,268,123,3,0,394,0
Precinct,203 - Fitzhugh,247,114,1,0,362,0
Precinct,301 - Alberta,43,60,0,0,103,0
Precinct,302 - Danieltown,234,208,1,0,443,0
Precinct,303 - Elmore,99,102,0,0,201,0
Precinct,304 - Seymour,109,71,0,0,180,0
Precinct,401 - Sturgeon,399,266,6,0,671,0
Precinct,402 - King's Store,177,76,1,0,254,0
Precinct,501 - Totaro,534,188,1,0,723,0
Precinct,Ab - Central Absentee Precinct,120,153,2,0,275,0
Precinct,Provisional,3,1,0,0,4,0
Locality,Buchanan County,1062,3449,28,3,4542,0
Precinct,102 - Blackey,24,139,1,0,164,0
Precinct,103 - Hurley,49,299,1,1,350,0
Precinct,201 - Grassy,19,39,0,0,58,0
Precinct,202 - Bull,37,178,3,1,219,0
Precinct,203 - Rocklick,62,185,0,0,247,0
Precinct,301 - Slate,79,222,3,0,304,0
Precinct,302 - North Grundy,53,230,2,0,285,0
Precinct,403 - South Grundy,86,374,3,0,463,0
Precinct,404 - Oakwood,7,38,0,0,45,0
Precinct,501 - Prater,85,175,0,0,260,0
Precinct,502 - Fox,47,53,1,0,101,0
Precinct,503 - Vansant,65,214,2,0,281,0
Precinct,601 - Council,38,142,1,0,181,0
Precinct,602 - Garden,64,218,1,0,283,0
Precinct,603 - Hurricane,69,124,0,0,193,0
Precinct,701 - Whitewood,108,305,3,0,416,0
Precinct,702 - Contrary,51,250,4,0,305,0
Precinct,Ab - Central Absentee Precinct,119,264,3,1,387,0
Precinct,Provisional,0,0,0,0,0,0
Locality,Buckingham County,1924,2638,36,4,4602,0
Precinct,101 - New Canton,262,321,7,0,590,0
Precinct,102 - Georgia Creek,64,113,2,0,179,0
Precinct,201 - White Hall,175,218,4,0,397,0
Precinct,301 - Curdsville,167,278,3,0,448,0
Precinct,302 - New Store,81,241,1,2,325,0
Precinct,401 - Maysville,253,444,1,1,699,0
Precinct,501 - Wrights,75,228,3,0,306,0
Precinct,502 - Glenmore,228,190,7,1,426,0
Precinct,601 - Slate River,337,246,5,0,588,0
Precinct,701 - Gold Hill,196,232,3,0,431,0
Precinct,Ab - Central Absentee Precinct,85,127,0,0,212,0
Precinct,Provisional,1,0,0,0,1,0
Locality,Buena Vista City,529,1090,33,3,1655,0
Precinct,1 - First Ward,289,630,15,1,935,0
Precinct,2 - Second Ward,240,460,18,2,720,0
Precinct,Provisional,0,0,0,0,0,0
Locality,Campbell County,4415,12791,156,11,17373,0
Precinct,101 - Brookville,376,1104,10,1,1491,0
Precinct,102 - New London,309,1077,18,1,1405,0
Precinct,201 - Walker,266,759,14,2,1041,0
Precinct,202 - Bedford Springs,336,1132,12,0,1480,0
Precinct,301 - Evington,124,374,3,0,501,0
Precinct,302 - Otter River,107,358,1,0,466,0
Precinct,303 - Altavista,415,761,15,0,1191,0
Precinct,401 - Three Forks,175,757,10,0,942,0
Precinct,402 - Court House,357,1270,16,2,1645,0
Precinct,501 - Spring Hill,299,1052,13,1,1365,0
Precinct,502 - Yellow Branch,249,587,5,0,841,0
Precinct,601 - Kings,254,625,5,1,885,0
Precinct,602 - Concord,324,996,13,0,1333,0
Precinct,701 - Brookneal,211,471,7,0,689,0
Precinct,702 - Gladys,281,637,5,1,924,0
Precinct,703 - Morris Church,119,322,4,1,446,0
Precinct,AB - Central Absentee Precinct,213,509,5,1,728,0
Precinct,Provisional,0,0,0,0,0,0
Locality,Caroline County,4126,4135,96,3,8360,0
Precinct,101 - Bowling Green,286,508,4,0,798,0
Precinct,102 - Sparta,218,349,5,0,572,0
Precinct,201 - North Madison,334,281,10,1,626,0
Precinct,202 - South Madison,366,371,19,0,756,0
Precinct,301 - Port Royal,134,190,4,0,328,0
Precinct,302 - Woodford,384,483,12,1,880,0
Precinct,401 - Dawn,714,402,4,0,1120,0
Precinct,402 - Carmel Church,243,147,2,1,393,0
Precinct,501 - West Mattaponi,448,279,4,0,731,0
Precinct,502 - Milford,245,303,4,0,552,0
Precinct,601 - Chilesburg,346,342,13,0,701,0
Precinct,602 - Lake,237,257,8,0,502,0
Precinct,Ab - Central Absentee Precinct,170,223,7,0,400,0
Precinct,Provisional,1,0,0,0,1,0
Locality,Carroll County,1838,6363,74,2,8277,0
Precinct,101 - Mt Bethel,62,227,2,0,291,0
Precinct,102 - St Paul,76,358,8,0,442,0
Precinct,103 - Lambsburg,45,208,1,0,254,0
Precinct,105 - Fancy Gap,116,300,5,0,421,0
Precinct,201 - Hillsville B,254,695,2,2,953,0
Precinct,202 - Laurel Fork,80,258,2,0,340,0
Precinct,203 - Gladesboro,121,364,5,0,490,0
Precinct,301 - Hillsville C,235,720,11,0,966,0
Precinct,302 - Sylvatus,76,294,0,0,370,0
Precinct,303 - Dugspur,36,159,4,0,199,0
Precinct,402 - Woodlawn D,199,513,4,0,716,0
Precinct,403 - Oakland D,81,344,7,0,432,0
Precinct,405 - Oakland A,77,241,5,0,323,0
Precinct,406 - Woodlawn F,20,94,2,0,116,0
Precinct,501 - Vaughan,43,203,4,0,250,0
Precinct,502 - Gladeville,114,537,2,0,653,0
Precinct,503 - Woodlawn E,51,270,4,0,325,0
Precinct,504 - Laurel,51,295,4,0,350,0
Precinct,Ab - Central Absentee Precinct,99,279,2,0,380,0
Precinct,Provisional,2,4,0,0,6,0
Locality,Charles City County,1699,1000,17,0,2716,0
Precinct,101 - Precinct 1-1,495,360,9,0,864,0
Precinct,201 - Precinct 2-1,528,242,2,0,772,0
Precinct,301 - Precinct 3-1,526,326,6,0,858,0
Precinct,Ab - Central Absentee Precinct,149,72,0,0,221,0
Precinct,Provisional,1,0,0,0,1,0
Locality,Charlotte County,1419,2559,31,5,4014,0
Precinct,101 - County Seat,213,346,7,0,566,0
Precinct,201 - Red Oak Wylliesburg,188,401,7,0,596,0
Precinct,302 - Drakes Branch,150,291,3,0,444,0
Precinct,401 - Keysville,207,384,5,0,596,0
Precinct,501 - Cullen/Red House,191,296,2,4,493,0
Precinct,602 - Phenix,193,455,3,0,651,0
Precinct,702 - Bacon/Saxe,183,280,3,0,466,0
Precinct,Ab - Central Absentee Precinct,93,106,1,1,201,0
Precinct,Provisional,1,0,0,0,1,0
Locality,Charlottesville City,13943,2315,172,18,16448,0
Precinct,101 - Recreation,1803,308,27,2,2140,0
Precinct,102 - Clark,1736,265,27,3,2031,0
Precinct,201 - Carver,1444,142,20,4,1610,0
Precinct,202 - Walker,1969,474,17,0,2460,0
Precinct,301 - Benjamin Tonsler,1419,146,15,3,1583,0
Precinct,302 - Johnson,1763,351,27,1,2142,0
Precinct,303 - Buford,828,115,15,1,959,0
Precinct,401 - Venable,706,91,3,0,800,0
Precinct,402 - Alumni Hall,1007,240,10,1,1258,0
Precinct,Ab - Central Absentee Precinct,1234,180,11,3,1428,0
Precinct,Provisional,34,3,0,0,37,0
Locality,Chesapeake City,38459,33108,849,31,72447,0
Precinct,1 - Great Bridge (CD 4),454,744,13,1,1212,0
Precinct,2 - Bethel (CD 4),262,845,13,0,1120,0
Precinct,3 - Camelot (CD 3),1476,89,15,0,1580,0
Precinct,4 - Churchland (CD 3),366,621,4,0,991,0
Precinct,5 - Crestwood (CD 3),1079,97,16,1,1193,0
Precinct,6 - Deep Creek (CD 4),1238,853,24,1,2116,0
Precinct,7 - Greenbrier (CD 4),621,814,14,1,1450,0
Precinct,8 - South Norfolk Recreation (CD 3),686,505,16,0,1207,0
Precinct,9 - Bells Mill (CD 4),814,1332,21,1,2168,0
Precinct,10 - Oscar Smith (CD 3),278,255,10,0,543,0
Precinct,11 - Geneva Park (CD 3),374,446,15,0,835,0
Precinct,12 - Georgetown (CD 3),1013,134,9,0,1156,0
Precinct,13 - Gilmerton (CD 3),533,474,15,0,1022,0
Precinct,14 - Grassfield (CD 4),160,211,5,0,376,0
Precinct,15 - B M Williams (CD 3),660,354,10,1,1025,0
Precinct,16 - Hickory Grove (CD 4),404,889,14,0,1307,0
Precinct,17 - Indian Creek (CD 4),261,609,12,0,882,0
Precinct,18 - Indian River (CD 3),551,239,16,1,807,0
Precinct,19 - Jolliff (CD 4),369,535,10,0,914,0
Precinct,20 - E W Chittum (CD 4),635,767,9,1,1412,0
Precinct,20 - E W Chittum (CD 3),4,9,0,0,13,0
Precinct,21 - Fellowship (CD 3),578,651,16,0,1245,0
Precinct,22 - Norfolk Highlands (CD 3),318,359,12,0,689,0
Precinct,23 - Oak Grove (CD 4),683,510,12,2,1207,0
Precinct,24 - Oaklette (CD 3),598,343,22,2,965,0
Precinct,25 - St Julians (CD 3),322,248,12,0,582,0
Precinct,26 - Johnson Park (CD 3),346,154,9,0,509,0
Precinct,27 - Silverwood (CD 3),700,761,25,1,1487,0
Precinct,28 - Sunray I (CD 4),50,125,1,0,176,0
Precinct,29 - Tanglewood (CD 3),315,618,19,1,953,0
Precinct,30 - South Norfolk (CD 3),512,20,17,0,549,0
Precinct,31 - Carver School (CD 3),1068,158,16,3,1245,0
Precinct,32 - Providence (CD 3),1327,58,12,0,1397,0
Precinct,33 - Westover (CD 3),250,378,9,2,639,0
Precinct,34 - Hickory Middle School (CD 4),487,1205,20,1,1713,0
Precinct,35 - Taylor Road (CD 3),558,220,18,1,797,0
Precinct,36 - Great Bridge Baptist Church (CD 4),696,1088,20,0,1804,0
Precinct,37 - Bridgetown (CD 4),421,588,16,0,1025,0
Precinct,38 - Bailey Creek (CD 3),377,724,8,0,1109,0
Precinct,39 - Lake Drummond (CD 4),194,310,8,0,512,0
Precinct,40 - River Birch (CD 3),851,570,11,0,1432,0
Precinct,41 - John T West (CD 4),1114,735,25,0,1874,0
Precinct,42 - Parkways (CD 3),630,393,10,0,1033,0
Precinct,43 - Pleasant Crossing (CD 4),304,725,8,1,1038,0
Precinct,44 - Nansemond (CD 3),526,355,6,2,889,0
Precinct,45 - Sunray II (CD 4),336,135,8,0,479,0
Precinct,46 - Bells Mill II (CD 4),527,540,17,0,1084,0
Precinct,47 - Green Sea (CD 4),210,448,13,0,671,0
Precinct,48 - Jolliff Middle School (CD 4),1298,103,17,1,1419,0
Precinct,49 - Waterway (CD 4),1111,1122,16,0,2249,0
Precinct,50 - River Walk (CD 4),782,490,16,0,1288,0
Precinct,51 - Coopers Way (CD 4),412,1003,9,0,1424,0
Precinct,52 - Shipyard Road (CD 4),794,429,13,0,1236,0
Precinct,53 - Fairways (CD 3),489,315,9,0,813,0
Precinct,54 - Pughsville (CD 3),826,293,15,1,1135,0
Precinct,55 - Georgetown East (CD 3),758,172,6,0,936,0
Precinct,56 - Green Tree (CD 3),643,335,4,0,982,0
Precinct,57 - Cypress (CD 3),680,418,14,1,1113,0
Precinct,58 - Expressway (CD 4),356,123,3,0,482,0
Precinct,59 - Clearfield (CD 4),470,419,10,1,900,0
Precinct,60 - Parker Road (CD 4),549,961,14,0,1524,0
Precinct,61 - Centerville (CD 4),343,694,11,0,1048,0
Precinct,62 - Fentress (CD 4),476,784,19,0,1279,0
Precinct,63 - Poplar Branch (CD 4),222,584,12,0,818,0
Precinct,AB - Central Absentee Precinct (CD 3),768,456,15,1,1240,0
Precinct,Ab - Central Absentee Precinct (CD 4),912,1131,15,2,2060,0
Precinct,Provisional (CD 3),13,8,0,0,21,0
Precinct,Provisional (CD 4),21,27,0,0,48,0
Locality,Chesterfield County,58991,58297,1323,58,118669,0
Precinct,101 - Bellwood (CD 4),434,385,11,0,830,0
Precinct,102 - South Chester (CD 4),658,713,17,2,1390,0
Precinct,103 - Enon (CD 4),760,1038,17,3,1818,0
Precinct,104 - North Chester (CD 4),640,987,17,0,1644,0
Precinct,105 - Drewrys Bluff (CD 7),497,383,17,0,897,0
Precinct,106 - Harrowgate (CD 4),1165,940,17,1,2123,0
Precinct,107 - Wells (CD 4),735,705,20,0,1460,0
Precinct,108 - Ecoff (CD 4),793,1352,25,2,2172,0
Precinct,109 - Elizabeth Scott (CD 4),1158,1100,22,1,2281,0
Precinct,110 - Dutch Gap (CD 4),509,539,8,1,1057,0
Precinct,111 - Iron Bridge (CD 4),1177,1248,26,3,2454,0
Precinct,112 - Carver (CD 4),711,617,12,0,1340,0
Precinct,201 - Gates (CD 4),533,644,10,1,1188,0
Precinct,202 - Beulah (CD 7),1095,561,17,1,1674,0
Precinct,203 - Bird (CD 4),198,214,5,0,417,0
Precinct,204 - Jacobs (CD 7),581,449,16,1,1047,0
Precinct,205 - Falling Creek (CD 7),818,440,6,0,1264,0
Precinct,206 - Belmont (CD 7),708,133,6,0,847,0
Precinct,207 - Chippenham (CD 7),380,127,1,0,508,0
Precinct,208 - Meadowbrook (CD 7),987,389,15,1,1392,0
Precinct,209 - Salem Church (CD 4),831,856,23,0,1710,0
Precinct,210 - Five Forks (CD 7),1350,661,30,1,2042,0
Precinct,211 - Nash (CD 4),841,1513,17,0,2371,0
Precinct,212 - St. Luke's (CD 7),399,484,13,0,896,0
Precinct,213 - Southside (CD 7),1810,465,19,1,2295,0
Precinct,214 - Hopkins (CD 7),142,21,0,0,163,0
Precinct,215 - North Bird (CD 7),390,148,4,0,542,0
Precinct,301 - Ettrick (CD 4),1250,296,8,1,1555,0
Precinct,302 - Deer Run (CD 7),265,379,15,0,659,0
Precinct,303 - Matoaca (CD 4),975,886,13,1,1875,0
Precinct,304 - Winfrees Store (CD 4),516,1370,13,0,1899,0
Precinct,305 - Beach (CD 4),158,534,3,0,695,0
Precinct,306 - Winterpock (CD 7),501,1406,21,1,1929,0
Precinct,307 - Cosby (CD 7),954,1054,21,1,2030,0
Precinct,308 - South Manchester (CD 7),301,217,8,1,527,0
Precinct,309 - Skinquarter (CD 7),1025,1664,33,1,2723,0
Precinct,310 - Tomahawk (CD 7),770,952,21,2,1745,0
Precinct,313 - Woolridge (CD 7),1015,1286,20,1,2322,0
Precinct,315 - Bailey Bridge (CD 7),574,1190,20,0,1784,0
Precinct,316 - Spring Run (CD 7),654,799,22,0,1475,0
Precinct,317 - Birkdale (CD 7),905,1226,16,1,2148,0
Precinct,318 - West Beach (CD 7),240,329,2,1,572,0
Precinct,401 - Harbour Pointe (CD 7),502,605,17,0,1124,0
Precinct,402 - Genito (CD 7),1277,1091,33,0,2401,0
Precinct,403 - Brandermill (CD 7),869,920,31,2,1822,0
Precinct,404 - Providence (CD 7),869,642,26,3,1540,0
Precinct,405 - La Prade (CD 7),852,904,21,1,1778,0
Precinct,406 - Smoketree (CD 7),688,920,18,0,1626,0
Precinct,407 - Monacan (CD 7),454,556,14,0,1024,0
Precinct,408 - Reams (CD 7),1289,732,26,0,2047,0
Precinct,409 - Manchester (CD 7),515,399,8,1,923,0
Precinct,410 - Wagstaff (CD 7),490,462,9,1,962,0
Precinct,411 - Swift Creek (CD 7),834,867,22,0,1723,0
Precinct,413 - Shenandoah (CD 7),777,642,19,1,1439,0
Precinct,414 - Crenshaw (CD 7),1014,985,34,0,2033,0
Precinct,415 - Evergreen (CD 7),842,839,31,3,1715,0
Precinct,416 - Evergreen West (CD 7),423,373,8,0,804,0
Precinct,417 - Edgewater (CD 7),405,393,16,1,815,0
Precinct,501 - Huguenot (CD 7),692,525,18,1,1236,0
Precinct,502 - Crestwood (CD 7),516,484,10,0,1010,0
Precinct,503 - Midlothian (CD 7),753,911,13,1,1678,0
Precinct,504 - Robious (CD 7),1205,1497,18,0,2720,0
Precinct,505 - Bon Air (CD 7),1054,896,27,1,1978,0
Precinct,506 - Greenfield (CD 7),964,722,25,0,1711,0
Precinct,507 - Salisbury (CD 7),972,1473,29,0,2474,0
Precinct,508 - Belgrade (CD 7),776,789,18,1,1584,0
Precinct,509 - Cranbeck (CD 7),619,425,18,1,1063,0
Precinct,510 - Sycamore (CD 7),827,1011,24,0,1862,0
Precinct,511 - Black Heath (CD 7),537,736,19,3,1295,0
Precinct,513 - Beaufont (CD 7),492,170,13,1,676,0
Precinct,514 - Watkins (CD 7),901,1136,34,0,2071,0
Precinct,515 - Davis (CD 7),993,236,12,0,1241,0
Precinct,516 - Pocoshock (CD 7),660,184,11,0,855,0
Precinct,517 - Roseland (CD 7),290,416,6,0,712,0
Precinct,518 - Midlothian North (CD 7),776,1235,13,1,2025,0
Precinct,Ab - Central Absentee Precinct (CD 4),906,1135,15,1,2057,0
Precinct,Ab - Central Absentee Precinct (CD 7),2211,2171,32,3,4417,0
Precinct,Provisional (CD 4),14,9,0,0,23,0
Precinct,Provisional (CD 7),330,106,8,1,445,0
Locality,Clarke County,2400,3102,65,5,5572,0
Precinct,101 - Russell,374,681,9,0,1064,0
Precinct,201 - Berryville,451,458,13,0,922,0
Precinct,301 - Millwood,336,435,6,1,778,0
Precinct,302 - Pine Grove,129,208,7,0,344,0
Precinct,401 - White Post,462,543,10,1,1016,0
Precinct,501 - Buckmarsh,310,416,7,2,735,0
Precinct,502 - Blue Ridge,124,148,9,0,281,0
Precinct,Ab - Central Absentee Precinct,213,210,4,1,428,0
Precinct,Provisional,1,3,0,0,4,0
Locality,Colonial Heights City,1389,3710,63,2,5164,0
Precinct,1 - First,225,392,10,1,628,0
Precinct,2 - Second,196,541,11,0,748,0
Precinct,3 - Third,273,648,12,0,933,0
Precinct,4 - Fourth,346,758,9,0,1113,0
Precinct,5 - Fifth,249,972,16,1,1238,0
Precinct,Ab - Central Absentee Precinct,100,398,5,0,503,0
Precinct,Provisional,0,1,0,0,1,0
Locality,Covington City,545,784,12,1,1342,0
Precinct,101 - Precinct 1-1,78,116,2,0,196,0
Precinct,201 - Precinct 2-1,114,127,1,1,243,0
Precinct,301 - Precinct 3-1,121,82,1,0,204,0
Precinct,401 - Precinct 4-1,113,236,3,0,352,0
Precinct,501 - Precinct 5-1,89,201,5,0,295,0
Precinct,Ab - Central Absentee Precinct,30,22,0,0,52,0
Precinct,Provisional,0,0,0,0,0,0
Locality,Craig County,413,1398,28,2,1841,0
Precinct,101 - Court House,54,267,3,0,324,0
Precinct,201 - Ammendale Precinct,71,317,7,1,396,0
Precinct,301 - Givens & Reynolds Store,73,158,4,0,235,0
Precinct,303 - Marshalls Store,75,117,4,0,196,0
Precinct,401 - Barbours Creek,31,121,7,0,159,0
Precinct,402 - Paint Bank,11,25,0,0,36,0
Precinct,403 - Craig Springs,40,137,0,1,178,0
Precinct,501 - Craig City,58,256,3,0,317,0
Precinct,Provisional,0,0,0,0,0,0
Locality,Culpeper County,4990,8423,162,12,13587,0
Precinct,101 - West Fairfax,773,753,17,1,1544,0
Precinct,201 - East Fairfax,655,542,16,1,1214,0
Precinct,302 - Eggbornsville,227,569,7,0,803,0
Precinct,303 - Cardova,171,417,5,1,594,0
Precinct,304 - Willow Shade,136,144,4,0,284,0
Precinct,401 - Eldorado,266,528,6,2,802,0
Precinct,402 - Browns Store,489,944,20,1,1454,0
Precinct,501 - Jeffersonton,381,811,15,0,1207,0
Precinct,502 - Rixeyville,359,778,17,0,1154,0
Precinct,601 - Mitchells,56,144,0,0,200,0
Precinct,602 - Pearl Sample,452,739,15,1,1207,0
Precinct,603 - South Ridge,156,189,8,2,355,0
Precinct,702 - Brandy Station,318,755,8,1,1082,0
Precinct,703 - Lignum,159,407,10,0,576,0
Precinct,704 - Richardsville,67,244,7,1,319,0
Precinct,Ab - Central Absentee Precinct,320,452,7,1,780,0
Precinct,Provisional,5,7,0,0,12,0
Locality,Cumberland County,1292,1810,33,0,3135,0
Precinct,101 - Precinct 1,266,409,5,0,680,0
Precinct,201 - Precinct 2,201,410,11,0,622,0
Precinct,301 - Precinct 3,329,233,2,0,564,0
Precinct,401 - Precinct 4,186,376,4,0,566,0
Precinct,501 - Precinct 5,260,302,11,0,573,0
Precinct,Ab - Central Absentee Precinct,48,79,0,0,127,0
Precinct,Provisional,2,1,0,0,3,0
Locality,Danville City,6304,4664,53,7,11028,0
Precinct,1 - Ward One,209,35,1,1,246,0
Precinct,2 - Ward Two,210,123,1,1,335,0
Precinct,3 - Ward Three,468,189,8,0,665,0
Precinct,4 - Ward Four,596,578,6,1,1181,0
Precinct,6 - Ward Six,244,37,1,0,282,0
Precinct,7 - Ward Seven,447,78,1,1,527,0
Precinct,8 - Ward Eight,339,167,3,0,509,0
Precinct,9 - Ward Nine,268,203,2,0,473,0
Precinct,10 - Ward Ten,356,301,9,0,666,0
Precinct,11 - Ward Eleven,653,309,3,0,965,0
Precinct,12 - Ward Twelve,644,452,4,0,1100,0
Precinct,13 - Ward Thirteen,539,324,3,0,866,0
Precinct,14 - Ward Fourteen,118,5,0,0,123,0
Precinct,15 - Ward Fifteen,369,399,2,0,770,0
Precinct,16 - Ward Sixteen,363,568,1,2,934,0
Precinct,17 - Ward Seventeen,241,614,3,0,858,0
Precinct,Ab - Central Absentee Precinct,239,281,5,1,526,0
Precinct,Provisional,1,1,0,0,2,0
Locality,Dickenson County,959,2458,25,3,3445,0
Precinct,101 - South Clintwood,192,482,4,1,679,0
Precinct,201 - Nora,52,165,4,1,222,0
Precinct,202 - Frying Pan,20,77,0,0,97,0
Precinct,203 - Clinchco,75,180,2,0,257,0
Precinct,301 - West Dante,13,115,0,0,128,0
Precinct,302 - Herald,29,182,2,0,213,0
Precinct,303 - Ridge,65,291,0,0,356,0
Precinct,401 - Haysi-colley,184,314,5,0,503,0
Precinct,501 - Tarpon,52,108,2,0,162,0
Precinct,502 - North Clintwood,131,372,3,1,507,0
Precinct,Ab - Central Absentee Precinct,145,172,3,0,320,0
Precinct,Provisional,1,0,0,0,1,0
Locality,Dinwiddie County,3712,4565,56,2,8335,0
Precinct,101 - White Oak,90,243,6,0,339,0
Precinct,102 - Rocky Run,143,370,2,0,515,0
Precinct,103 - Church Road,166,639,3,1,809,0
Precinct,201 - Rohoic,248,160,1,0,409,0
Precinct,202 - Sutherland,454,669,5,0,1128,0
Precinct,301 - Reams,114,203,4,0,321,0
Precinct,302 - New Hope,210,371,5,0,586,0
Precinct,303 - Little Zion,459,342,5,0,806,0
Precinct,401 - Dinwiddie,334,485,6,0,825,0
Precinct,402 - Mckenney,197,241,3,0,441,0
Precinct,403 - Cherry Hill,188,158,1,0,347,0
Precinct,501 - Edgehill,91,39,3,0,133,0
Precinct,502 - Chesdin,758,337,9,1,1105,0
Precinct,Ab - Central Absentee Precinct,260,308,3,0,571,0
Precinct,Provisional,0,0,0,0,0,0
Locality,Emporia City,909,702,22,0,1633,0
Precinct,101 - Precinct 1-1,162,85,2,0,249,0
Precinct,201 - Precinct 2-1,135,14,5,0,154,0
Precinct,301 - Precinct 3-1,98,136,3,0,237,0
Precinct,401 - Precinct 4-1,127,160,3,0,290,0
Precinct,501 - Precinct 5-1,129,7,0,0,136,0
Precinct,601 - District 6,111,191,4,0,306,0
Precinct,701 - District 7,109,61,4,0,174,0
Precinct,AB - Central Absentee Precinct,38,48,1,0,87,0
Precinct,Provisional,0,0,0,0,0,0
Locality,Essex County,1730,1963,26,4,3723,0
Precinct,101 - Greater Tappahannock,356,405,6,1,768,0
Precinct,201 - North,502,299,5,0,806,0
Precinct,301 - South,345,604,5,2,956,0
Precinct,401 - Central,381,503,9,0,893,0
Precinct,Ab - Central Absentee Precinct,146,150,1,1,298,0
Precinct,Provisional,0,2,0,0,2,0
Locality,Fairfax City,5380,2822,92,6,8300,0
Precinct,1 - One,708,361,18,2,1089,0
Precinct,2 - Two,704,461,12,1,1178,0
Precinct,3 - Three,1011,544,20,1,1576,0
Precinct,4 - Four,909,483,14,0,1406,0
Precinct,5 - Five,739,353,9,1,1102,0
Precinct,6 - Six,689,353,11,0,1053,0
Precinct,Ab - Central Absentee Precinct,614,266,7,1,888,0
Precinct,Provisional,6,1,1,0,8,0
Locality,Fairfax County,255200,117141,3423,240,376004,0
Precinct,104 - Chapel (CD 11),831,532,6,1,1370,0
Precinct,105 - Fairview (CD 11),1580,787,15,1,2383,0
Precinct,106 - Heritage (CD 11),1066,332,21,1,1420,0
Precinct,108 - Kings Park (CD 11),806,450,16,2,1274,0
Precinct,109 - Little Run (CD 11),504,280,10,0,794,0
Precinct,110 - North Springfield (CD 11),1271,618,11,0,1900,0
Precinct,113 - Canterbury (CD 11),1430,701,18,1,2150,0
Precinct,114 - Olde Creek (CD 11),646,383,4,1,1034,0
Precinct,115 - Ravensworth (CD 11),521,359,8,0,888,0
Precinct,116 - Wakefield (CD 11),913,404,10,0,1327,0
Precinct,117 - Woodson (CD 11),892,507,12,2,1413,0
Precinct,118 - Lake Braddock (CD 11),1340,548,19,0,1907,0
Precinct,119 - Laurel (CD 11),1369,730,16,1,2116,0
Precinct,120 - Sideburn (CD 11),985,731,13,6,1735,0
Precinct,121 - Villa (CD 11),614,342,16,1,973,0
Precinct,123 - Robinson (CD 11),1292,723,29,1,2045,0
Precinct,125 - Signal Hill (CD 11),1057,556,16,1,1630,0
Precinct,126 - Bonnie Brae (CD 11),852,356,14,2,1224,0
Precinct,127 - Burke Centre (CD 11),1460,647,29,0,2136,0
Precinct,128 - Cardinal (CD 11),768,347,9,1,1125,0
Precinct,129 - Keene Mill (CD 11),612,306,14,0,932,0
Precinct,130 - Terra Centre (CD 11),783,437,17,0,1237,0
Precinct,131 - Eagle View (CD 11),1001,484,18,0,1503,0
Precinct,132 - Monument (CD 11),1199,389,18,2,1608,0
Precinct,133 - Danbury (CD 11),248,115,2,0,365,0
Precinct,134 - University (CD 11),1108,158,22,0,1288,0
Precinct,201 - Armstrong (CD 11),1296,531,20,1,1848,0
Precinct,202 - Flint Hill (CD 11),1016,642,14,1,1673,0
Precinct,203 - Floris (CD 11),1278,676,19,0,1973,0
Precinct,204 - Madison (CD 11),293,94,4,0,391,0
Precinct,208 - Reston #1 (CD 11),1246,350,23,1,1620,0
Precinct,209 - Reston #2 (CD 11),1289,279,17,5,1590,0
Precinct,213 - Vienna #1 (CD 11),1437,687,12,1,2137,0
Precinct,214 - Vienna #2 (CD 11),1117,535,25,0,1677,0
Precinct,216 - Vienna #4 (CD 11),576,236,8,2,822,0
Precinct,218 - Vienna #6 (CD 11),813,327,6,1,1147,0
Precinct,219 - Westbriar (CD 11),1237,604,17,0,1858,0
Precinct,220 - Dogwood (CD 11),1442,436,19,3,1900,0
Precinct,221 - Hunters Woods (CD 11),1138,450,14,1,1603,0
Precinct,222 - Reston #3 (CD 11),1011,190,19,1,1221,0
Precinct,223 - Glade (CD 11),1567,439,27,0,2033,0
Precinct,224 - South Lakes (CD 11),1890,507,37,3,2437,0
Precinct,225 - Hughes (CD 11),1422,319,30,0,1771,0
Precinct,226 - Wolftrap (CD 11),1267,723,11,2,2003,0
Precinct,227 - Sunrise Valley (CD 11),666,313,8,0,987,0
Precinct,229 - Fox Mill (CD 10),1592,894,23,2,2511,0
Precinct,233 - North Point (CD 11),1152,614,6,0,1772,0
Precinct,234 - Aldrin (CD 11),1090,430,11,0,1531,0
Precinct,235 - Frying Pan (CD 11),1033,293,16,0,1342,0
Precinct,236 - Stuart (CD 11),515,220,7,0,742,0
Precinct,237 - Mcnair (CD 11),1042,283,27,2,1354,0
Precinct,238 - Cameron Glen (CD 11),1034,449,18,0,1501,0
Precinct,240 - Colvin (CD 10),742,506,8,0,1256,0
Precinct,301 - Chain Bridge (CD 10),952,632,8,2,1594,0
Precinct,302 - Chesterbrook (CD 8),925,502,10,2,1439,0
Precinct,303 - Churchill (CD 10),466,302,4,0,772,0
Precinct,304 - Cooper (CD 10),581,406,6,0,993,0
Precinct,305 - El Nido (CD 8),808,368,7,0,1183,0
Precinct,306 - Great Falls (CD 10),581,495,4,0,1080,0
Precinct,307 - Haycock (CD 8),933,404,10,0,1347,0
Precinct,309 - Kenmore (CD 10),1032,695,12,2,1741,0
Precinct,310 - Kirby (CD 8),753,301,11,1,1066,0
Precinct,311 - Langley (CD 10),606,437,6,3,1052,0
Precinct,312 - Longfellow (CD 8),889,384,7,0,1280,0
Precinct,314 - Mclean (CD 10),763,427,6,1,1197,0
Precinct,315 - Pimmit (CD 8),1078,465,24,0,1567,0
Precinct,316 - Salona #1 (CD 8),297,199,2,0,498,0
Precinct,317 - Westhampton (CD 8),849,365,6,1,1221,0
Precinct,318 - Westmoreland (CD 8),532,247,4,0,783,0
Precinct,319 - Herndon #1 (CD 11),1315,623,29,2,1969,0
Precinct,320 - Herndon #2 (CD 11),1376,484,20,3,1883,0
Precinct,321 - Clearview (CD 10),1315,682,28,0,2025,0
Precinct,322 - Forestville (CD 10),756,731,11,1,1499,0
Precinct,323 - Shouse (CD 10),739,456,9,0,1204,0
Precinct,324 - Herndon #3 (CD 11),1105,394,26,0,1525,0
Precinct,325 - Hutchison (CD 11),792,160,14,0,966,0
Precinct,327 - Sugarland (CD 10),1137,661,12,0,1810,0
Precinct,328 - Hickory (CD 10),901,667,9,1,1578,0
Precinct,329 - Seneca (CD 10),961,739,14,0,1714,0
Precinct,331 - Spring Hill (CD 10),686,451,3,0,1140,0
Precinct,332 - Coates (CD 11),1026,255,16,0,1297,0
Precinct,333 - Salona #2 (CD 8),577,327,5,1,910,0
Precinct,401 - Bush Hill (CD 8),1136,583,22,1,1742,0
Precinct,402 - Cameron (CD 8),421,159,4,0,584,0
Precinct,403 - Forestdale (CD 8),470,168,8,1,647,0
Precinct,404 - Franconia (CD 8),1214,397,15,0,1626,0
Precinct,405 - Groveton (CD 8),672,176,6,4,858,0
Precinct,406 - Hayfield (CD 8),789,526,11,0,1326,0
Precinct,408 - Mount Eagle (CD 8),957,236,16,0,1209,0
Precinct,409 - Pioneer (CD 8),1230,383,9,0,1622,0
Precinct,410 - Rose Hill (CD 8),1386,665,24,0,2075,0
Precinct,411 - Virginia Hills (CD 8),804,295,12,1,1112,0
Precinct,413 - Fairfield (CD 8),790,100,3,0,893,0
Precinct,415 - Crestwood (CD 8),807,371,15,3,1196,0
Precinct,417 - Garfield (CD 8),1097,450,8,1,1556,0
Precinct,418 - Lynbrook (CD 8),667,212,4,0,883,0
Precinct,419 - Lane (CD 8),1248,353,17,2,1620,0
Precinct,420 - Villages (CD 8),1408,501,23,2,1934,0
Precinct,421 - Kingstowne (CD 8),1202,399,10,1,1612,0
Precinct,422 - Van Dorn (CD 8),1239,438,14,1,1692,0
Precinct,423 - Clermont (CD 8),953,441,14,1,1409,0
Precinct,424 - Huntley (CD 8),985,419,17,0,1421,0
Precinct,426 - Greenspring (CD 11),773,410,1,1,1185,0
Precinct,427 - Island Creek (CD 8),931,343,13,1,1288,0
Precinct,428 - Pinewood (CD 8),1100,180,10,1,1291,0
Precinct,429 - Hybla Valley (CD 8),1067,179,9,1,1256,0
Precinct,501 - Baileys (CD 8),1235,324,10,1,1570,0
Precinct,502 - Barcroft (CD 11),568,232,1,0,801,0
Precinct,503 - Belvedere (CD 11),646,229,8,0,883,0
Precinct,504 - Bristow (CD 11),808,266,7,1,1082,0
Precinct,505 - Glen Forest (CD 8),987,272,11,2,1272,0
Precinct,506 - Holmes #1 (CD 8),183,35,3,0,221,0
Precinct,507 - Lincolnia (CD 8),1166,338,6,0,1510,0
Precinct,508 - Masonville (CD 11),1001,392,24,1,1418,0
Precinct,509 - Plaza (CD 8),413,73,3,1,490,0
Precinct,510 - Parklawn (CD 8),772,300,4,1,1077,0
Precinct,511 - Ravenwood (CD 11),955,368,14,0,1337,0
Precinct,512 - Sleepy Hollow (CD 11),560,235,8,0,803,0
Precinct,513 - Saint Albans (CD 8),319,144,2,0,465,0
Precinct,513 - Saint Albans (CD 11),593,247,5,0,845,0
Precinct,514 - Crossroads (CD 8),513,83,4,0,600,0
Precinct,515 - Westlawn (CD 8),618,181,10,0,809,0
Precinct,516 - Weyanoke (CD 8),1062,318,13,2,1395,0
Precinct,517 - Willston (CD 8),594,161,6,0,761,0
Precinct,518 - Columbia (CD 11),844,364,13,1,1222,0
Precinct,519 - Hummer (CD 11),572,272,7,0,851,0
Precinct,520 - Skyline (CD 8),831,174,10,1,1016,0
Precinct,521 - Brook Hill (CD 8),682,325,11,0,1018,0
Precinct,522 - Camelot (CD 11),524,305,5,0,834,0
Precinct,523 - Poe (CD 8),869,369,7,3,1248,0
Precinct,525 - Walnut Hill (CD 8),1085,445,15,0,1545,0
Precinct,526 - Bren Mar (CD 8),1242,316,10,1,1569,0
Precinct,527 - Edsall (CD 8),694,256,4,2,956,0
Precinct,528 - Ridgelea (CD 11),453,239,10,1,703,0
Precinct,530 - Holmes #2 (CD 11),678,146,9,0,833,0
Precinct,601 - Belle Haven (CD 8),671,467,4,0,1142,0
Precinct,602 - Belleview (CD 8),854,365,8,1,1228,0
Precinct,604 - Bucknell (CD 8),1205,313,23,0,1541,0
Precinct,605 - Fort Hunt (CD 8),807,536,10,2,1355,0
Precinct,606 - Hollin Hall (CD 8),963,534,15,3,1515,0
Precinct,607 - Huntington (CD 8),1373,421,27,2,1823,0
Precinct,608 - Kirkside (CD 8),816,305,7,0,1128,0
Precinct,609 - Marlan (CD 8),753,482,11,1,1247,0
Precinct,610 - Sherwood (CD 8),716,281,9,1,1007,0
Precinct,611 - Stratford (CD 8),992,604,8,1,1605,0
Precinct,612 - Waynewood (CD 8),478,309,3,1,791,0
Precinct,613 - Westgate (CD 8),930,971,15,2,1918,0
Precinct,614 - Riverside (CD 8),694,484,11,2,1191,0
Precinct,615 - Woodley (CD 8),896,515,17,0,1428,0
Precinct,616 - Gunston (CD 8),661,555,15,0,1231,0
Precinct,617 - Lorton (CD 8),773,161,2,0,936,0
Precinct,618 - Newington (CD 11),1637,763,28,0,2428,0
Precinct,619 - Belvoir (CD 8),1097,524,10,0,1631,0
Precinct,621 - Grosvenor (CD 8),774,202,11,2,989,0
Precinct,622 - Lorton Station (CD 8),1180,294,17,1,1492,0
Precinct,623 - Alban (CD 8),1010,356,24,1,1391,0
Precinct,626 - Saratoga (CD 8),1155,580,13,1,1749,0
Precinct,627 - Woodlawn (CD 8),1237,360,11,0,1608,0
Precinct,628 - Laurel Hill (CD 11),1337,409,12,3,1761,0
Precinct,629 - South County (CD 11),879,611,9,0,1499,0
Precinct,630- Army (CD 8),243,134,2,0,379,0
Precinct,701 - Blake (CD 11),1528,536,18,1,2083,0
Precinct,703 - Fort Buffalo (CD 8),711,180,13,0,904,0
Precinct,704 - Freedom Hill (CD 11),811,318,6,1,1136,0
Precinct,705 - Graham - Greenway (CD 8),1343,407,24,2,1776,0
Precinct,707 - Mantua (CD 11),826,404,7,0,1237,0
Precinct,708 - Marshall (CD 8),1799,467,26,2,2294,0
Precinct,709 - Mosby (CD 11),1088,340,17,3,1448,0
Precinct,710 - Pine Spring (CD 8),827,272,19,0,1118,0
Precinct,711 - Price (CD 11),760,344,11,1,1116,0
Precinct,712 - Shreve (CD 8),611,252,9,1,873,0
Precinct,713 - Timber Lane (CD 8),1172,313,10,1,1496,0
Precinct,714 - Walker (CD 11),1084,413,19,0,1516,0
Precinct,717 - Woodburn (CD 11),689,246,15,0,950,0
Precinct,718 - Pine Ridge (CD 11),773,317,14,2,1106,0
Precinct,720 - Thoreau (CD 11),1124,474,19,4,1621,0
Precinct,721 - Merrifield (CD 11),1282,312,30,1,1625,0
Precinct,723 - Gallows East (CD 11),604,175,11,0,790,0
Precinct,726 - Magarity (CD 8),1208,402,21,1,1632,0
Precinct,727 - Oakton (CD 11),787,529,12,0,1328,0
Precinct,729 - Nottoway (CD 11),1258,463,21,2,1744,0
Precinct,730 - Penderbrook (CD 11),1090,519,14,0,1623,0
Precinct,731 - Tysons (CD 11),749,238,16,1,1004,0
Precinct,732 - Oak Marr (CD 11),1107,687,21,0,1815,0
Precinct,733 - Kilmer (CD 11),1439,501,15,1,1956,0
Precinct,734 - Hunters Branch (CD 11),741,248,12,1,1002,0
Precinct,735 - Rotonda (CD 11),435,174,6,2,617,0
Precinct,801 - Burke (CD 11),1528,668,20,2,2218,0
Precinct,802 - Cedar Lake (CD 11),377,129,6,0,512,0
Precinct,803 - Clifton (CD 10),1006,1168,16,2,2192,0
Precinct,804 - Colchester (CD 10),507,486,4,1,998,0
Precinct,805 - Fairfax Station (CD 10),463,412,9,0,884,0
Precinct,806 - Sydenstricker (CD 11),1077,645,15,1,1738,0
Precinct,807 - Hunt Valley (CD 11),693,459,10,0,1162,0
Precinct,811 - Pohick (CD 11),737,253,5,4,999,0
Precinct,812 - Valley (CD 11),939,522,10,0,1471,0
Precinct,815 - Woodyard (CD 10),691,732,8,2,1433,0
Precinct,824 - Orange (CD 11),1321,777,28,2,2128,0
Precinct,825 - Cherry Run (CD 11),925,574,7,1,1507,0
Precinct,827 - Irving (CD 11),950,516,9,2,1477,0
Precinct,833 - White Oaks (CD 11),947,437,15,2,1401,0
Precinct,838 - Sangster (CD 10),685,528,7,0,1220,0
Precinct,839 - Silverbrook (CD 10),990,808,13,3,1814,0
Precinct,840 - West Springfield (CD 11),999,553,15,2,1569,0
Precinct,841 - Popes Head (CD 10),438,454,10,0,902,0
Precinct,842 - Parkway (CD 11),721,523,7,0,1251,0
Precinct,843 - Fair Lakes (CD 11),1066,478,19,1,1564,0
Precinct,844 - Centerpointe (CD 11),846,373,15,0,1234,0
Precinct,845 - Fountainhead (CD 10),1021,1021,10,0,2052,0
Precinct,846 - Greenbriar East (CD 11),1110,458,20,2,1590,0
Precinct,847 - Greenbriar West (CD 10),745,399,13,0,1157,0
Precinct,848 - Fair Oaks (CD 11),909,394,13,2,1318,0
Precinct,849 - Newgate (CD 10),1371,1164,19,0,2554,0
Precinct,850 - South Run (CD 10),851,671,6,1,1529,0
Precinct,851 - Willow Springs (CD 11),770,537,6,1,1314,0
Precinct,901 - Centre Ridge (CD 11),969,359,17,0,1345,0
Precinct,902 - Brookfield (CD 10),1240,545,20,2,1807,0
Precinct,903 - Cub Run (CD 10),1136,719,27,3,1885,0
Precinct,904 - Stonecroft (CD 10),400,312,9,0,721,0
Precinct,905 - Franklin (CD 10),331,183,10,1,525,0
Precinct,908 - Hidden Meadow (CD 10),757,488,8,1,1254,0
Precinct,909 - Oak Hill (CD 10),797,391,12,0,1200,0
Precinct,910 - London Towne (CD 11),1159,442,19,2,1622,0
Precinct,911 - Navy (CD 10),1118,607,17,1,1743,0
Precinct,913 - Rocky Run (CD 10),1203,840,20,1,2064,0
Precinct,914 - Vale (CD 10),780,494,13,0,1287,0
Precinct,915 - Virginia Run (CD 10),659,739,12,0,1410,0
Precinct,916 - Waples Mill (CD 10),1365,957,13,1,2336,0
Precinct,917 - Stone North (CD 10),648,312,16,3,979,0
Precinct,918 - Centreville (CD 11),1368,522,26,0,1916,0
Precinct,919 - Green Trails (CD 11),1273,537,24,2,1836,0
Precinct,920 - Chantilly (CD 10),898,441,11,1,1351,0
Precinct,921 - Deer Park (CD 10),916,731,25,2,1674,0
Precinct,923 - Bull Run (CD 10),540,610,7,0,1157,0
Precinct,924 - Spindle (CD 11),626,204,11,0,841,0
Precinct,925 - Old Mill (CD 10),533,305,13,1,852,0
Precinct,926 - Powell (CD 11),1255,507,28,0,1790,0
Precinct,927 - Armfield (CD 10),573,287,9,0,869,0
Precinct,928 - Poplar Tree (CD 10),898,576,10,3,1487,0
Precinct,929 - Difficult Run (CD 10),198,187,2,0,387,0
Precinct,930 - Lees Corner (CD 10),733,420,17,0,1170,0
Precinct,931 - Carson (CD 10),810,361,12,2,1185,0
Precinct,932 - Stone South (CD 10),495,171,11,1,678,0
Precinct,933 - Compton (CD 11),217,131,4,0,352,0
Precinct,Ab - Central Absentee Precinct (CD 10),6768,3984,45,4,10801,0
Precinct,Ab - Central Absentee Precinct (CD 11),15279,5752,134,13,21178,0
Precinct,Ab - Central Absentee Precinct (CD 8),9433,3439,74,4,12950,0
Precinct,Provisional (CD 10),55,18,1,0,74,0
Precinct,Provisional (CD 11),142,41,6,0,189,0
Precinct,Provisional (CD 8),75,22,0,0,97,0
Locality,Falls Church City,4781,1195,76,2,6054,0
Precinct,1 - First Ward,1302,355,17,0,1674,0
Precinct,2 - Second Ward,972,285,21,1,1279,0
Precinct,3 - Third Ward,1408,398,26,0,1832,0
Precinct,Ab - Central Absentee Precinct,1088,154,12,1,1255,0
Precinct,Provisional,11,3,0,0,14,0
Locality,Fauquier County,9430,14332,270,7,24039,0
Precinct,101 - Kettle Run (CD 5),173,447,8,0,628,0
Precinct,102 - Catlett (CD 1),343,943,14,1,1301,0
Precinct,103 - Casanova (CD 5),246,356,4,1,607,0
Precinct,104 - Lois (CD 1),198,398,5,0,601,0
Precinct,105 - Opal (CD 5),157,397,7,0,561,0
Precinct,106 - Baldwin Ridge (CD 5),297,456,16,1,770,0
Precinct,201 - Courthouse (CD 5),706,722,20,0,1448,0
Precinct,202 - Airlie (CD 5),540,711,11,0,1262,0
Precinct,203 - Warrenton (CD 5),669,695,20,0,1384,0
Precinct,301 - Morrisville (CD 1),220,588,14,0,822,0
Precinct,302 - Remington (CD 5),441,756,15,0,1212,0
Precinct,303 - Bealeton (CD 1),554,792,15,0,1361,0
Precinct,401 - Marshall (CD 5),527,743,17,0,1287,0
Precinct,402 - Leeds (CD 5),590,674,12,0,1276,0
Precinct,403 - Waterloo (CD 5),543,987,21,0,1551,0
Precinct,404 - Springs Valley (CD 5),264,431,6,1,702,0
Precinct,501 - The Plains (CD 5),578,578,8,0,1164,0
Precinct,502 - New Baltimore (CD 5),436,784,13,1,1234,0
Precinct,503 - Broad Run (CD 5),439,729,10,2,1180,0
Precinct,504 - Vint Hill (CD 5),720,1207,18,0,1945,0
Precinct,Ab - Central Absentee Precinct (CD 1),67,139,2,0,208,0
Precinct,Ab - Central Absentee Precinct (CD 5),709,793,14,0,1516,0
Precinct,Provisional (CD 1),2,0,0,0,2,0
Precinct,Provisional (CD 5),11,6,0,0,17,0
Locality,Floyd County,1946,3468,72,5,5491,0
Precinct,101 - Locust Grove,310,673,11,0,994,0
Precinct,201 - Little River,463,694,17,1,1175,0
Precinct,301 - Courthouse,411,537,18,2,968,0
Precinct,401 - Burks Fork,287,647,13,0,947,0
Precinct,501 - Indian Valley,258,690,11,1,960,0
Precinct,Ab - Central Absentee Precinct,217,226,2,1,446,0
Precinct,Provisional,0,1,0,0,1,0
Locality,Fluvanna County,4267,4864,89,5,9225,0
Precinct,101 - Palmyra,922,899,25,1,1847,0
Precinct,201 - Columbia,594,749,13,0,1356,0
Precinct,301 - Fork Union,621,693,13,1,1328,0
Precinct,401 - Cunningham,690,1081,21,1,1793,0
Precinct,501 - Rivanna,1032,1045,15,2,2094,0
Precinct,Ab - Central Absentee Precinct,406,395,2,0,803,0
Precinct,Provisional,2,2,0,0,4,0
Locality,Franklin City,1539,1002,15,0,2556,0
Precinct,101 - Precinct 1-1,210,393,4,0,607,0
Precinct,201 - Precinct 2-1,196,269,2,0,467,0
Precinct,301 - Precinct 3-1,334,24,3,0,361,0
Precinct,401 - Precinct 4-1,232,29,3,0,264,0
Precinct,501 - Precinct 5-1,260,8,0,0,268,0
Precinct,601 - Precinct 6-1,241,203,3,0,447,0
Precinct,Ab - Central Absentee Precinct,63,75,0,0,138,0
Precinct,Provisional,3,1,0,0,4,0
Locality,Franklin County,5315,12062,201,10,17588,0
Precinct,102 - Burnt Chimney,343,840,15,0,1198,0
Precinct,103 - Scruggs,581,1556,23,0,2160,0
Precinct,201 - Glade Hill,228,687,7,1,923,0
Precinct,202 - Penhook,263,586,5,0,854,0
Precinct,203 - Hodgesville,47,110,1,0,158,0
Precinct,204 - Dudley,191,408,4,0,603,0
Precinct,301 - Snow Creek,114,349,7,1,471,0
Precinct,302 - Fork Mountain,82,311,5,0,398,0
Precinct,303 - Sontag,311,392,12,1,716,0
Precinct,304 - Dickinson,171,186,6,0,363,0
Precinct,401 - Henry,137,581,8,1,727,0
Precinct,402 - Ferrum,128,311,2,0,441,0
Precinct,403 - Endicott,126,326,3,0,455,0
Precinct,501 - Waidsboro,154,368,4,0,526,0
Precinct,502 - Callaway,188,558,6,1,753,0
Precinct,503 - Bowmans,152,272,7,1,432,0
Precinct,504 - Gogginsville,177,495,11,0,683,0
Precinct,601 - Boones Mill,287,688,29,2,1006,0
Precinct,602 - Bonbrook,229,632,7,0,868,0
Precinct,603 - Coopers Cove,141,527,3,0,671,0
Precinct,701 - Rocky Mount East,349,590,13,0,952,0
Precinct,702 - Rocky Mount West,304,379,4,1,688,0
Precinct,703 - Rocky Mount South,272,358,9,0,639,0
Precinct,Ab - Central Absentee Precinct,340,548,10,1,899,0
Precinct,Provisional,0,4,0,0,4,0
Locality,Frederick County,8363,15656,278,18,24315,0
Precinct,101 - Russells,229,758,15,0,1002,0
Precinct,102 - Gore,252,730,10,2,994,0
Precinct,103 - Kernstown,488,862,11,3,1364,0
Precinct,104 - Cedar Creek,221,495,5,0,721,0
Precinct,201 - Gainesborough,137,543,5,0,685,0
Precinct,202 - Albin,320,739,14,0,1073,0
Precinct,203 - Redland,413,912,12,3,1340,0
Precinct,204 - Nain,384,805,10,2,1201,0
Precinct,301 - Clear Brook,165,470,12,0,647,0
Precinct,302 - Neff's Town,556,708,23,0,1287,0
Precinct,303 - White Hall,504,999,10,0,1513,0
Precinct,401 - Carpers Valley,455,759,12,0,1226,0
Precinct,402 - Shenandoah,187,380,4,0,571,0
Precinct,403 - Parkin's Mill,393,669,25,0,1087,0
Precinct,404 - Armel,407,692,10,2,1111,0
Precinct,501 - Stephens City,475,751,8,1,1235,0
Precinct,502 - Newtown,497,857,19,4,1377,0
Precinct,503 - Canterburg,509,875,12,0,1396,0
Precinct,601 - Millbrook,290,435,8,0,733,0
Precinct,602 - Ash Hollow,420,532,18,0,970,0
Precinct,603 - Greenwood,662,1036,27,1,1726,0
Precinct,Ab - Central Absentee Precinct,396,642,8,0,1046,0
Precinct,Provisional,3,7,0,0,10,0
Locality,Fredericksburg City,4649,2463,107,2,7221,0
Precinct,101 - Precinct 1 - District One,1016,711,30,1,1758,0
Precinct,201 - Precinct 1 - District Two,1299,609,26,1,1935,0
Precinct,301 - Precinct 1 - District Three,892,629,22,0,1543,0
Precinct,401 - Precinct 1 - District Four,736,179,14,0,929,0
Precinct,402 - Precinct 2 - District Four,371,148,10,0,529,0
Precinct,Ab - Central Absentee Precinct,330,186,4,0,520,0
Precinct,Provisional,5,1,1,0,7,0
Locality,Galax City,409,930,13,3,1355,0
Precinct,1 - East,165,370,8,0,543,0
Precinct,2 - North,125,272,2,0,399,0
Precinct,3 - South,97,244,3,3,347,0
Precinct,Ab - Central Absentee Precinct,22,44,0,0,66,0
Precinct,Provisional,0,0,0,0,0,0
Locality,Giles County,1604,4161,66,3,5834,0
Precinct,101 - Glen Lyn,12,52,0,0,64,0
Precinct,102 - Rich Creek,70,238,3,0,311,0
Precinct,103 - Narrows,278,780,10,0,1068,0
Precinct,201 - Pearisburg,359,1082,15,0,1456,0
Precinct,202 - Staffordsville,59,182,0,1,242,0
Precinct,203 - White Gate,26,134,3,0,163,0
Precinct,301 - Eggleston,138,301,7,0,446,0
Precinct,302 - Pembroke,293,768,15,0,1076,0
Precinct,303 - Newport,240,382,13,2,637,0
Precinct,Ab - Central Absentee Precinct,129,241,0,0,370,0
Precinct,Provisional,0,1,0,0,1,0
Locality,Gloucester County,4356,8159,140,4,12659,0
Precinct,101 - Harcum,285,597,14,0,896,0
Precinct,102 - Salem,230,500,15,0,745,0
Precinct,103 - Peasley,166,376,9,1,552,0
Precinct,201 - Courthouse,422,653,5,1,1081,0
Precinct,202 - Botetourt,492,891,15,0,1398,0
Precinct,301 - White Marsh,363,677,7,0,1047,0
Precinct,302 - Roanes,465,866,11,0,1342,0
Precinct,401 - Hayes,467,761,18,1,1247,0
Precinct,402 - Sarahs Creek,423,663,10,1,1097,0
Precinct,501 - Achilles,414,1133,13,0,1560,0
Precinct,502 - Walker,363,682,15,0,1060,0
Precinct,Ab - Central Absentee Precinct,261,360,8,0,629,0
Precinct,Provisional,5,0,0,0,5,0
Locality,Goochland County,3911,6520,104,6,10541,0
Precinct,101 - Fife,265,365,10,0,640,0
Precinct,102 - Hadensville,389,639,12,2,1042,0
Precinct,201 - Three Square,165,150,4,0,319,0
Precinct,202 - Sandy Hook,611,764,15,0,1390,0
Precinct,301 - Goochland Court House 1,379,572,9,3,963,0
Precinct,302 - Goochland Court House 2,142,271,3,0,416,0
Precinct,401 - Shallow Well,390,533,14,0,937,0
Precinct,402 - Centerville,450,1108,14,0,1572,0
Precinct,501 - Manakin,513,1062,14,0,1589,0
Precinct,502 - Blair Road,305,670,4,1,980,0
Precinct,Ab - Central Absentee Precinct,302,386,5,0,693,0
Precinct,Provisional,0,0,0,0,0,0
Locality,Grayson County,1029,3478,28,2,4537,0
Precinct,101 - Bridle Creek,54,151,1,0,206,0
Precinct,102 - Flatridge,23,100,3,0,126,0
Precinct,103 - Grant,60,142,1,0,203,0
Precinct,104 - Mouth Of Wilson,50,96,1,0,147,0
Precinct,105 - Mount Rogers,28,123,0,0,151,0
Precinct,106 - Rugby,26,122,1,0,149,0
Precinct,107 - Troutdale,10,84,2,0,96,0
Precinct,108 - Comers Rock,38,116,1,0,155,0
Precinct,202 - Elk Creek,73,228,2,1,304,0
Precinct,203 - Independence,193,606,4,1,804,0
Precinct,301 - Baywood,88,351,1,0,440,0
Precinct,302 - Fairview,96,448,6,0,550,0
Precinct,401 - Fries,70,154,0,0,224,0
Precinct,402 - Providence,88,411,2,0,501,0
Precinct,403 - Oldtown,60,153,1,0,214,0
Precinct,Ab - Central Absentee Precinct,72,191,2,0,265,0
Precinct,Provisional,0,2,0,0,2,0
Locality,Greene County,2219,4000,86,4,6309,0
Precinct,101 - Dyke,190,399,4,1,594,0
Precinct,102 - Swift Run,250,475,10,0,735,0
Precinct,201 - Ruckersville,489,898,20,0,1407,0
Precinct,301 - Stanardsville,462,892,20,1,1375,0
Precinct,401 - Midway,657,1035,25,2,1719,0
Precinct,Ab - Central Absentee Precinct,170,300,7,0,477,0
Precinct,Provisional,1,1,0,0,2,0
Locality,Greensville County,1643,1232,18,0,2893,0
Precinct,101 - Precinct 1-a,188,100,3,0,291,0
Precinct,102 - Precinct 1-b,46,79,1,0,126,0
Precinct,103 - Precinct 1-c,157,34,3,0,194,0
Precinct,201 - Precinct 2-a,256,111,0,0,367,0
Precinct,202 - Precinct 2-b,182,266,2,0,450,0
Precinct,302 - Precinct 3-a,488,267,3,0,758,0
Precinct,401 - Precinct 4-a,63,142,1,0,206,0
Precinct,402 - Precinct 4-b,206,138,1,0,345,0
Precinct,403 - Precinct 4-c,57,94,4,0,155,0
Precinct,Provisional,0,1,0,0,1,0
Locality,Halifax County,4037,6291,79,7,10414,0
Precinct,101 - Childrey,211,265,5,0,481,0
Precinct,102 - Liberty,91,160,0,0,251,0
Precinct,103 - Republican Grove,209,272,5,0,486,0
Precinct,201 - Clays Mill,97,263,4,0,364,0
Precinct,202 - Crossroads,119,230,2,0,351,0
Precinct,203 - Clover,232,288,5,0,525,0
Precinct,302 - Meadville,139,66,1,0,206,0
Precinct,304 - Vernon Hill,126,261,1,0,388,0
Precinct,305 - Sinai,372,267,7,2,648,0
Precinct,401 - Courthouse,300,333,3,0,636,0
Precinct,403 - Center,178,443,8,0,629,0
Precinct,502 - Dan River,255,569,6,0,830,0
Precinct,503 - Scottsburg,86,329,4,0,419,0
Precinct,601 - Black Walnut,154,334,4,1,493,0
Precinct,603 - Mt Carmel,330,415,10,1,756,0
Precinct,605 - Union,75,147,1,0,223,0
Precinct,701 - Hyco,171,470,2,0,643,0
Precinct,702 - Midway,72,373,3,1,449,0
Precinct,703 - Virgilina,70,239,0,1,310,0
Precinct,801 - South Boston,561,269,5,1,836,0
Precinct,Ab - Central Absentee Precinct,189,296,3,0,488,0
Precinct,Provisional,0,2,0,0,2,0
Locality,Hampton City,28906,11050,399,29,40384,0
Precinct,101 - Aberdeen (CD 3),1034,148,6,1,1189,0
Precinct,102 - Bassette (CD 3),1251,64,7,3,1325,0
Precinct,103 - City Hall (CD 3),619,98,8,0,725,0
Precinct,104 - Cooper (CD 3),1478,199,17,2,1696,0
Precinct,105 - East Hampton (CD 3),727,181,7,1,916,0
Precinct,106 - Armstrong (CD 3),939,436,15,1,1391,0
Precinct,107 - Lindsay (CD 3),1096,194,4,1,1295,0
Precinct,108 - Thomas (CD 3),1357,155,10,1,1523,0
Precinct,109 - Phenix (CD 3),1443,81,9,0,1533,0
Precinct,110 - Phoebus (CD 2),224,130,2,0,356,0
Precinct,111 - Hampton Library (CD 3),329,211,11,1,552,0
Precinct,112 - Smith (CD 3),1312,377,16,1,1706,0
Precinct,115 - Wythe (CD 3),465,345,11,0,821,0
Precinct,116 - Jones (CD 3),519,121,7,0,647,0
Precinct,117 - Kecoughtan (CD 3),758,202,12,1,973,0
Precinct,118 - Mallory (CD 3),1523,142,11,1,1677,0
Precinct,201 - Booker (CD 2),784,713,24,0,1521,0
Precinct,202 - Bryan (CD 2),844,575,22,0,1441,0
Precinct,203 - Burbank (CD 2),631,364,17,1,1013,0
Precinct,204 - Forrest (CD 3),831,353,12,3,1199,0
Precinct,205 - Asbury (CD 2),875,1197,26,2,2100,0
Precinct,208 - Kraft (CD 3),1326,741,25,1,2093,0
Precinct,209 - Langley (CD 2),714,487,16,0,1217,0
Precinct,210 - Machen (CD 3),1568,417,21,2,2008,0
Precinct,212 - Bethel (CD 3),1725,498,16,0,2239,0
Precinct,213 - Phillips (CD 2),1088,944,22,1,2055,0
Precinct,214 - Tucker Capps (CD 3),1016,547,13,1,1577,0
Precinct,215 - Tyler (CD 3),269,68,1,0,338,0
Precinct,215 - Tyler (CD 2),18,7,1,0,26,0
Precinct,216 - Sandy Bottom (CD 3),700,288,8,1,997,0
Precinct,217 - Syms (CD 3),385,340,8,2,735,0
Precinct,Ab - Central Absentee Precinct (CD 2),209,178,2,0,389,0
Precinct,Ab - Central Absentee Precinct (CD 3),815,240,12,1,1068,0
Precinct,Provisional (CD 2),5,1,0,0,6,0
Precinct,Provisional (CD 3),29,8,0,0,37,0
Locality,Hanover County,14755,27779,599,24,43157,0
Precinct,101 - Ashland,591,437,10,0,1038,0
Precinct,104 - Sliding Hill,509,628,28,0,1165,0
Precinct,105 - Berkley,574,330,12,0,916,0
Precinct,106 - Kersey Creek,273,442,10,0,725,0
Precinct,107 - Chickahominy,407,559,20,0,986,0
Precinct,201 - Beaverdam,366,1031,21,0,1418,0
Precinct,202 - Blunts,291,482,10,0,783,0
Precinct,203 - Wilmington Parish,357,805,15,0,1177,0
Precinct,206 - Courthouse,445,489,15,0,949,0
Precinct,208 - Oak Knoll,316,672,14,0,1002,0
Precinct,209 - West Hanover,82,198,5,0,285,0
Precinct,210 - Oak Hill,126,283,3,0,412,0
Precinct,301 - Clay,439,965,3,1,1408,0
Precinct,303 - Shady Grove,408,871,10,2,1291,0
Precinct,304 - Atlee,1111,1603,67,1,2782,0
Precinct,305 - Cool Spring,518,831,18,0,1367,0
Precinct,401 - Battlefield,301,1129,11,2,1443,0
Precinct,403 - Cold Harbor,481,1137,28,2,1648,0
Precinct,404 - Black Creek,300,1278,7,0,1585,0
Precinct,405 - Pebble Creek,315,527,11,0,853,0
Precinct,406 - Beaverdam Creek,84,174,8,2,268,0
Precinct,502 - Rural Point,471,907,12,1,1391,0
Precinct,503 - Newman,389,646,12,0,1047,0
Precinct,504 - Studley,207,700,12,1,920,0
Precinct,505 - Totopotomoy,164,543,7,0,714,0
Precinct,506 - Georgetown,342,745,14,0,1101,0
Precinct,507 - Laurel Meadow,342,832,22,0,1196,0
Precinct,601 - Village,597,1352,36,2,1987,0
Precinct,602 - Lee Davis,434,977,16,3,1430,0
Precinct,603 - Mechanicsville,372,471,10,0,853,0
Precinct,604 - Hanover Grove,277,685,11,0,973,0
Precinct,701 - Farrington,391,889,16,1,1297,0
Precinct,702 - Montpelier,450,705,19,0,1174,0
Precinct,703 - Rockville,434,859,23,2,1318,0
Precinct,704 - Elmont,523,848,19,2,1392,0
Precinct,705 - South Anna,249,487,14,1,751,0
Precinct,Ab - Central Absentee Precinct,803,1250,30,1,2084,0
Precinct,Provisional,16,12,0,0,28,0
Locality,Harrisonburg City,6555,3596,154,7,10312,0
Precinct,101 - Northeast,919,446,31,1,1397,0
Precinct,102 - East Central,564,202,7,1,774,0
Precinct,103 - Southeast,835,413,16,2,1266,0
Precinct,104 - East,730,501,17,1,1249,0
Precinct,105 - South East Central,529,223,13,0,765,0
Precinct,201 - Northwest,817,569,25,1,1412,0
Precinct,202 - Southwest,931,531,22,0,1484,0
Precinct,203 - West,895,469,19,1,1384,0
Precinct,Ab - Central Absentee Precinct,334,241,4,0,579,0
Precinct,Provisional,1,1,0,0,2,0
Locality,Henrico County,69969,43747,1268,53,115037,0
Precinct,101 - Coalpit (CD 7),1050,846,32,2,1930,0
Precinct,102 - Dumbarton (CD 7),1109,344,16,2,1471,0
Precinct,103 - Glen Allen (CD 7),1106,1088,15,2,2211,0
Precinct,104 - Glenside (CD 7),793,187,16,1,997,0
Precinct,105 - Greendale (CD 7),940,593,31,0,1564,0
Precinct,106 - Hermitage (CD 7),867,563,26,1,1457,0
Precinct,108 - Hungary Creek (CD 7),1135,1050,27,2,2214,0
Precinct,109 - Hunton (CD 7),222,363,9,0,594,0
Precinct,110 - Johnson (CD 7),301,186,15,1,503,0
Precinct,111 - Lakeside (CD 7),1175,770,41,1,1987,0
Precinct,112 - Longan (CD 7),688,655,22,0,1365,0
Precinct,113 - Maude Trevvett (CD 7),344,309,9,0,662,0
Precinct,114 - Monument Hills (CD 7),346,297,6,0,649,0
Precinct,115 - Staples Mill (CD 7),1040,1110,19,0,2169,0
Precinct,117 - Westwood (CD 7),686,478,20,0,1184,0
Precinct,201 - Adams (CD 4),1044,40,9,0,1093,0
Precinct,202 - Azalea (CD 7),1294,89,9,3,1395,0
Precinct,203 - Belmont (CD 7),858,343,16,0,1217,0
Precinct,204 - Brookland (CD 7),191,131,4,0,326,0
Precinct,205 - Canterbury (CD 7),215,303,2,0,520,0
Precinct,206 - Central Gardens (CD 4),1333,30,7,0,1370,0
Precinct,207 - Chamberlayne (CD 7),1190,348,18,0,1556,0
Precinct,208 - Fairfield (CD 4),1079,41,7,0,1127,0
Precinct,209 - Glen Lea (CD 4),792,111,7,0,910,0
Precinct,210 - Greenwood (CD 7),686,140,16,1,843,0
Precinct,211 - Highland Gardens (CD 4),483,25,3,2,513,0
Precinct,212 - Hollybrook (CD 7),333,120,5,1,459,0
Precinct,213 - Hungary (CD 7),710,128,11,0,849,0
Precinct,214 - Longdale (CD 7),563,233,13,1,810,0
Precinct,215 - Maplewood (CD 4),1475,51,7,0,1533,0
Precinct,216 - Moody (CD 7),300,255,14,0,569,0
Precinct,217 - Mountain (CD 7),257,147,11,0,415,0
Precinct,218 - Oakview (CD 7),37,44,1,0,82,0
Precinct,219 - Randolph (CD 7),174,29,1,0,204,0
Precinct,220 - Ratcliffe (CD 4),1590,88,8,0,1686,0
Precinct,221 - Stratford Hall (CD 7),116,66,8,0,190,0
Precinct,222 - Wilder (CD 7),998,187,15,0,1200,0
Precinct,223 - Yellow Tavern (CD 7),1004,629,9,0,1642,0
Precinct,224 - Essex Village (CD 4),308,5,0,1,314,0
Precinct,301 - Causeway (CD 7),560,523,9,1,1093,0
Precinct,302 - Cedarfield (CD 7),669,805,19,0,1493,0
Precinct,303 - Innsbrook (CD 7),883,655,16,1,1555,0
Precinct,304 - Jackson Davis (CD 7),402,469,15,1,887,0
Precinct,305 - Nuckols Farm (CD 7),842,959,21,0,1822,0
Precinct,306 - Pocahontas (CD 7),761,615,9,1,1386,0
Precinct,307 - Ridge (CD 7),395,424,14,0,833,0
Precinct,308 - Rivers Edge (CD 7),743,875,19,0,1637,0
Precinct,309 - Sadler (CD 7),823,738,10,0,1571,0
Precinct,310 - Shady Grove (CD 7),792,969,8,1,1770,0
Precinct,311 - Short Pump (CD 7),1091,889,25,1,2006,0
Precinct,312 - Springfield (CD 7),572,382,11,0,965,0
Precinct,313 - Stoney Run (CD 7),1110,1014,21,0,2145,0
Precinct,314 - Three Chopt (CD 7),774,702,25,1,1502,0
Precinct,315 - Tucker (CD 7),1014,344,17,1,1376,0
Precinct,401 - Quioccasin (CD 7),880,684,20,1,1585,0
Precinct,402 - Crestview (CD 7),727,416,21,1,1165,0
Precinct,403 - Derbyshire (CD 7),529,700,18,0,1247,0
Precinct,404 - Freeman (CD 7),553,471,14,0,1038,0
Precinct,405 - Gayton (CD 7),834,1083,25,0,1942,0
Precinct,406 - Godwin (CD 7),766,643,16,1,1426,0
Precinct,407 - Lakewood (CD 7),486,586,21,0,1093,0
Precinct,408 - Lauderdale (CD 7),703,558,14,1,1276,0
Precinct,409 - Maybeury (CD 7),730,759,16,0,1505,0
Precinct,410 - Mooreland (CD 7),364,642,6,0,1012,0
Precinct,411 - Pemberton (CD 7),648,510,12,0,1170,0
Precinct,412 - Pinchbeck (CD 7),853,722,26,1,1602,0
Precinct,413 - Ridgefield (CD 7),867,836,19,1,1723,0
Precinct,414 - Rollingwood (CD 7),638,581,15,1,1235,0
Precinct,415 - Skipwith (CD 7),447,326,8,1,782,0
Precinct,416 - Spottswood (CD 7),335,327,7,1,670,0
Precinct,417 - Tuckahoe (CD 7),891,1324,18,0,2233,0
Precinct,418 - Welborne (CD 7),560,392,14,2,968,0
Precinct,419 - West End (CD 7),707,685,13,0,1405,0
Precinct,501 - Antioch (CD 4),287,761,16,0,1064,0
Precinct,502 - Cedar Fork (CD 4),520,85,6,0,611,0
Precinct,503 - Chickahominy (CD 4),514,614,11,0,1139,0
Precinct,504 - Donahoe (CD 4),565,232,8,1,806,0
Precinct,505 - Dorey (CD 4),715,635,14,0,1364,0
Precinct,506 - Eanes (CD 4),816,240,7,2,1065,0
Precinct,507 - Elko (CD 4),74,323,7,0,404,0
Precinct,508 - Highland Springs (CD 4),769,154,6,1,930,0
Precinct,509 - Laburnum (CD 4),680,226,8,1,915,0
Precinct,510 - Mehfoud (CD 4),827,281,8,1,1117,0
Precinct,511 - Montrose (CD 4),1738,216,17,0,1971,0
Precinct,512 - Nine Mile (CD 4),319,188,8,1,516,0
Precinct,513 - Pleasants (CD 4),1232,137,5,0,1374,0
Precinct,514 - Rolfe (CD 4),2345,217,22,0,2584,0
Precinct,515 - Sandston (CD 4),340,590,13,2,945,0
Precinct,516 - Sullivans (CD 4),754,323,5,0,1082,0
Precinct,517 - Town Hall (CD 4),279,312,5,0,596,0
Precinct,518 - Whitlocks (CD 4),516,641,7,0,1164,0
Precinct,AB - Central Absentee Precinct (CD 4),1081,307,15,1,1404,0
Precinct,Ab - Central Absentee Precinct (CD 7),2745,2203,31,3,4982,0
Precinct,Provisional (CD 4),17,2,1,0,20,0
Precinct,Provisional (CD 7),55,30,1,0,86,0
Locality,Henry County,4895,9046,113,3,14057,0
Precinct,101 - Bassett Number Two (CD 9),149,140,2,0,291,0
Precinct,102 - Gunville (CD 9),96,429,3,2,530,0
Precinct,103 - Scott's Tanyard (CD 9),201,739,9,0,949,0
Precinct,201 - Fieldale (CD 9),121,217,3,0,341,0
Precinct,202 - Horsepasture #1 (CD 9),226,404,4,0,634,0
Precinct,203 - Horsepasture #2 (CD 9),462,161,2,0,625,0
Precinct,204 - Spencer (CD 9),210,515,3,0,728,0
Precinct,302 - Axton (CD 5),244,200,8,0,452,0
Precinct,303 - Irisburg (CD 5),339,418,8,0,765,0
Precinct,304 - Mount Olivet (CD 5),510,471,6,0,987,0
Precinct,304 - Mount Olivet (CD 9),1,0,0,0,1,0
Precinct,305 - Mountain Valley (CD 5),189,240,6,0,435,0
Precinct,401 - Collinsville Number 1 (CD 9),116,335,4,0,455,0
Precinct,402 - Daniels Creek (CD 9),127,298,3,0,428,0
Precinct,404 - Collinsville Number 2 (CD 9),253,554,9,1,817,0
Precinct,405 - Mountain View (CD 5),194,264,6,0,464,0
Precinct,501 - Bassett Number One (CD 9),162,183,2,0,347,0
Precinct,502 - Figsboro (CD 9),140,387,4,0,531,0
Precinct,503 - Stanleytown (CD 9),136,656,5,0,797,0
Precinct,504 - Oak Level (CD 9),78,215,2,0,295,0
Precinct,505 - Dyers Store (CD 5),6,39,0,0,45,0
Precinct,505 - Dyers Store (CD 9),109,190,3,0,302,0
Precinct,601 - Fontaine (CD 9),199,471,7,0,677,0
Precinct,602 - Hillcrest (CD 9),112,153,5,0,270,0
Precinct,603 - Ridgeway #1 (CD 5),180,518,4,0,702,0
Precinct,604 - Ridgeway #2 (CD 9),148,443,0,0,591,0
Precinct,Ab - Central Absentee Precinct (CD 5),55,117,4,0,176,0
Precinct,Ab - Central Absentee Precinct (CD 9),131,282,1,0,414,0
Precinct,Provisional (CD 5),0,2,0,0,2,0
Precinct,Provisional (CD 9),1,5,0,0,6,0
Locality,Highland County,317,699,18,0,1034,0
Precinct,1 - Monterey,125,225,7,0,357,0
Precinct,3 - Wilsons Mill,26,54,3,0,83,0
Precinct,5 - Blue Grass,62,119,3,0,184,0
Precinct,7 - Mill Gap,38,80,2,0,120,0
Precinct,8 - Mcdowell,51,164,3,0,218,0
Precinct,10 - Headwaters,15,57,0,0,72,0
Precinct,Provisional,0,0,0,0,0,0
Locality,Hopewell City,2728,2641,81,9,5459,0
Precinct,101 - Ward One,270,300,17,0,587,0
Precinct,201 - Ward Two,366,77,3,3,449,0
Precinct,301 - Ward Three,272,708,9,1,990,0
Precinct,401 - Ward Four,562,548,18,1,1129,0
Precinct,501 - Ward Five,279,486,14,1,780,0
Precinct,601 - Ward Six,493,88,11,2,594,0
Precinct,701 - Ward Seven,365,239,4,0,608,0
Precinct,Ab - Central Absentee Precinct,119,195,5,1,320,0
Precinct,Provisional,2,0,0,0,2,0
Locality,Isle of Wight County,5957,8039,124,3,14123,0
Precinct,101 - Smithfield,633,1051,16,1,1701,0
Precinct,102 - Cypress Creek,551,797,9,1,1358,0
Precinct,201 - Bartlett,670,1009,18,1,1698,0
Precinct,202 - Carrollton,714,866,19,0,1599,0
Precinct,301 - Rushmere,693,543,16,0,1252,0
Precinct,302 - Pons,783,414,8,0,1205,0
Precinct,401 - Courthouse,144,345,1,0,490,0
Precinct,402 - Windsor,323,632,6,0,961,0
Precinct,403 - Longview,405,501,4,0,910,0
Precinct,501 - Walters,149,394,7,0,550,0
Precinct,502 - Camps Mill,157,123,0,0,280,0
Precinct,503 - Carrsville,148,213,4,0,365,0
Precinct,504 - Zuni,207,473,8,0,688,0
Precinct,505 - Raynor,100,285,2,0,387,0
Precinct,Ab - Central Absentee Precinct,277,391,5,0,673,0
Precinct,Provisional,3,2,1,0,6,0
Locality,James City County,15561,15937,290,13,31801,0
Precinct,101 - Berkeley A (CD 1),936,1009,21,0,1966,0
Precinct,102 - Berkeley B (CD 1),647,570,24,1,1242,0
Precinct,103 - Berkeley C (CD 1),1067,1524,11,1,2603,0
Precinct,104- Berkeley D (CD 2),322,239,11,0,572,0
Precinct,201 - Jamestown A (CD 2),373,208,4,1,586,0
Precinct,202 - Jamestown B (CD 1),1031,608,28,1,1668,0
Precinct,202 - Jamestown B (CD 2),0,0,0,0,0,0
Precinct,203 - Jamestown C (CD 1),769,765,13,0,1547,0
Precinct,204 - Jamestown D (CD 1),991,1233,15,1,2240,0
Precinct,301 - Powhatan A (CD 1),1002,1235,8,1,2246,0
Precinct,302 - Powhatan B (CD 1),312,227,10,0,549,0
Precinct,303 - Powhatan C (CD 1),259,483,14,1,757,0
Precinct,304 - Powhatan D (CD 1),977,644,9,0,1630,0
Precinct,401 - Stonehouse A (CD 1),807,1003,25,0,1835,0
Precinct,402 - Stonehouse B (CD 1),1254,1354,29,3,2640,0
Precinct,403 - Stonehouse C (CD 1),763,1002,10,1,1776,0
Precinct,501 - Roberts A (CD 2),552,221,9,1,783,0
Precinct,502 - Roberts B (CD 2),860,1234,10,1,2105,0
Precinct,503 - Roberts C (CD 2),207,74,3,0,284,0
Precinct,504 - Roberts D (CD 1),0,0,0,0,0,0
Precinct,504 - Roberts D (CD 2),1009,886,16,0,1911,0
Precinct,AB - Central Absentee Precinct (CD 2),0,0,0,0,0,0
Precinct,Ab - Central Absentee Precinct (CD 1),1414,1404,20,0,2838,0
Precinct,Provisional (CD 1),7,8,0,0,15,0
Precinct,Provisional (CD 2),2,6,0,0,8,0
Locality,King and Queen County,1039,1404,28,1,2472,0
Precinct,101 - Owenton,251,170,4,0,425,0
Precinct,201 - Clarks,182,305,6,0,493,0
Precinct,301 - Shacklefords,195,273,8,0,476,0
Precinct,401 - Courthouse,241,261,5,1,508,0
Precinct,501 - Oldmill,116,313,5,0,434,0
Precinct,Ab - Central Absentee Precinct,54,82,0,0,136,0
Precinct,Provisional,0,0,0,0,0,0
Locality,King George County,2658,4396,90,5,7149,0
Precinct,101 - Courthouse,441,786,21,0,1248,0
Precinct,102 - Passapatanzy,225,362,3,1,591,0
Precinct,201 - Monroe,592,1119,24,2,1737,0
Precinct,301 - Dahlgren,654,811,15,0,1480,0
Precinct,401 - Shiloh,573,1006,20,1,1600,0
Precinct,Ab - Central Absentee Precinct,171,310,6,1,488,0
Precinct,Provisional,2,2,1,0,5,0
Locality,King William County,2017,3889,65,6,5977,0
Precinct,101 - West Point,397,724,17,2,1140,0
Precinct,201 - Sweet Hall,145,269,8,1,423,0
Precinct,202 - Courthouse,326,415,6,0,747,0
Precinct,301 - Aylett,275,782,13,3,1073,0
Precinct,401 - Manquin,343,793,6,0,1142,0
Precinct,501 - Mangohick,452,768,11,0,1231,0
Precinct,Ab - Central Absentee Precinct,76,133,3,0,212,0
Precinct,Provisional,3,5,1,0,9,0
Locality,Lancaster County,2098,2680,27,3,4808,0
Precinct,101 - Precinct 1-1,362,536,3,1,902,0
Precinct,201 - Precinct 2-1,384,311,5,0,700,0
Precinct,301 - Precinct 3-1,232,470,2,0,704,0
Precinct,302 - Precinct 3-2,124,223,2,0,349,0
Precinct,401 - Precinct 4-1,425,254,6,1,686,0
Precinct,501 - Precinct 5-1,374,657,7,1,1039,0
Precinct,Ab - Central Absentee Precinct,196,228,2,0,426,0
Precinct,Provisional,1,1,0,0,2,0
Locality,Lee County,1304,5289,82,3,6678,0
Precinct,101 - Elydale,73,246,2,1,322,0
Precinct,102 - Ewing,60,261,2,0,323,0
Precinct,103 - Rose Hill,117,497,14,0,628,0
Precinct,201 - Blackwater,34,91,0,0,125,0
Precinct,202 - Flatwoods,80,446,5,0,531,0
Precinct,203 - Jonesville,173,625,6,1,805,0
Precinct,301 - Ben Hur,163,663,8,0,834,0
Precinct,302 - Woodway,94,431,0,0,525,0
Precinct,401 - Stickleyville,71,225,4,0,300,0
Precinct,402 - Jasper,31,154,7,0,192,0
Precinct,403 - Seminary,39,236,1,0,276,0
Precinct,404 - Dryden,84,379,5,0,468,0
Precinct,501 - Saint Charles,76,158,11,0,245,0
Precinct,502 - Pennington,93,465,11,0,569,0
Precinct,503 - Robbins Chapel,8,77,2,0,87,0
Precinct,504 - Keokee,29,94,1,1,125,0
Precinct,Ab - Central Absentee Precinct,79,240,3,0,322,0
Precinct,Provisional,0,1,0,0,1,0
Locality,Lexington City,1161,572,13,1,1747,0
Precinct,1 - Lexington,1042,513,12,1,1568,0
Precinct,Ab - Central Absentee Precinct,119,59,1,0,179,0
Precinct,Provisional,0,0,0,0,0,0
Locality,Loudoun County,69778,46396,1258,54,117486,0
Precinct,107 - Little River,715,488,11,1,1215,0
Precinct,108 - Mercer,694,417,16,2,1129,0
Precinct,112 - Freedom,560,288,12,1,861,0
Precinct,114 - Dulles South,630,336,10,0,976,0
Precinct,117 - Carter,377,122,4,0,503,0
Precinct,118 - Moorefield,811,339,12,1,1163,0
Precinct,119 - Arcola,1315,682,21,0,2018,0
Precinct,120 - Lunsford,771,437,14,0,1222,0
Precinct,121 - Town Hall,518,321,12,1,852,0
Precinct,122 - Hutchison Farm,813,506,25,3,1347,0
Precinct,123 - Cardinal Ridge,484,331,6,0,821,0
Precinct,124 - Liberty,520,280,13,0,813,0
Precinct,125 - Rock Ridge,738,283,6,0,1027,0
Precinct,207 - River Bend,525,384,10,0,919,0
Precinct,208 - Algonkian,558,372,22,0,952,0
Precinct,209 - Potomac Falls,825,438,8,1,1272,0
Precinct,210 - Cascades,967,501,21,1,1490,0
Precinct,213 - Countryside,292,192,6,0,490,0
Precinct,214 - Sugarland North,992,686,16,0,1694,0
Precinct,215 - Sugarland South,912,458,22,0,1392,0
Precinct,216 - Lowes Island,773,511,8,0,1292,0
Precinct,217 - South Bank,956,533,13,0,1502,0
Precinct,218 - University Center,535,235,14,0,784,0
Precinct,219 - Galilee Church,684,348,25,0,1057,0
Precinct,301 - Purcellville,803,804,16,1,1624,0
Precinct,302 - Round Hill,616,742,21,1,1380,0
Precinct,303 - Hillsboro,565,695,6,1,1267,0
Precinct,305 - Philomont,280,350,2,1,633,0
Precinct,307 - Middleburg,380,263,10,0,653,0
Precinct,308 - St Louis,370,299,4,0,673,0
Precinct,309 - Aldie,257,253,5,0,515,0
Precinct,310 - Mountain View,665,798,12,2,1477,0
Precinct,311 - Round Hill Elementary,509,726,14,0,1249,0
Precinct,312 - Briar Woods,846,393,12,0,1251,0
Precinct,313 - Pinebrook,1113,587,10,0,1710,0
Precinct,314 - Legacy,777,406,7,0,1190,0
Precinct,315 - Firehouse,198,262,4,0,464,0
Precinct,316 - Creighton's Corner,804,398,9,0,1211,0
Precinct,318 - Madison's Trust,541,626,10,1,1178,0
Precinct,319 - John Champe,800,470,18,1,1289,0
Precinct,320 - Stone Hill,875,296,14,0,1185,0
Precinct,321 - Brambleton Middle,532,224,5,0,761,0
Precinct,401 - West Lovettsville,726,831,24,1,1582,0
Precinct,402 - Waterford,601,749,19,0,1369,0
Precinct,403 - Lucketts,760,783,10,0,1553,0
Precinct,407 - Harper Park,465,356,7,0,828,0
Precinct,408 - Evergreen,593,395,11,0,999,0
Precinct,409 - Clarkes Gap,605,842,13,0,1460,0
Precinct,411 - East Lovettsville,507,646,17,0,1170,0
Precinct,413 - Tuscarora,35,39,0,0,74,0
Precinct,414 - Red Rock,444,267,11,0,722,0
Precinct,416 - Hamilton,886,942,18,2,1848,0
Precinct,420 - River Creek,608,676,3,0,1287,0
Precinct,421 - Between The Hills,72,98,2,0,172,0
Precinct,422 - Sycolin Creek,585,729,4,0,1318,0
Precinct,501 - West Leesburg,837,542,25,1,1405,0
Precinct,502 - East Leesburg,850,384,23,0,1257,0
Precinct,503 - Dry Mill,430,303,9,2,744,0
Precinct,504 - Smarts Mill,891,553,25,0,1469,0
Precinct,505 - Cool Spring,797,678,17,1,1493,0
Precinct,506 - Brandon Park,465,243,18,0,726,0
Precinct,507 - Greenway,450,308,6,0,764,0
Precinct,508 - Balls Bluff,769,558,17,1,1345,0
Precinct,509 - Tolbert,923,420,19,0,1362,0
Precinct,510 - Heritage,438,405,13,0,856,0
Precinct,615 - Hillside,793,518,15,0,1326,0
Precinct,616 - Eagle Ridge,880,477,16,0,1373,0
Precinct,617 - Oak Grove,426,102,10,0,538,0
Precinct,619 - Ridgetop,380,130,6,0,516,0
Precinct,620 - Russell Branch,978,611,29,0,1618,0
Precinct,621 - Dominion Trail,1024,557,19,1,1601,0
Precinct,622 - Farmwell Station,1017,497,15,0,1529,0
Precinct,623 - Weller,789,509,3,0,1301,0
Precinct,625 - Mill Run,343,260,5,0,608,0
Precinct,626 - Ashby Ponds,435,383,2,0,820,0
Precinct,627 - Ashbrook,749,282,13,1,1045,0
Precinct,628 - Moorefield Station,799,327,14,0,1140,0
Precinct,629 - Discovery,201,117,2,0,320,0
Precinct,701 - Sully,747,374,13,1,1135,0
Precinct,702 - Park View,668,344,14,3,1029,0
Precinct,703 - Rolling Ridge,939,280,13,0,1232,0
Precinct,705 - Forest Grove,860,515,17,1,1393,0
Precinct,707 - Claude Moore Park,669,221,15,1,906,0
Precinct,708 - Seneca,708,422,9,1,1140,0
Precinct,709 - Mirror Ridge,823,339,20,0,1182,0
Precinct,710 - Sterling,565,301,22,1,889,0
Precinct,808 - Stone Bridge,988,639,20,2,1649,0
Precinct,810 - Cedar Lane,874,477,11,0,1362,0
Precinct,813 - Seldens Landing,605,297,8,0,910,0
Precinct,814 - Newton - Lee,730,703,4,1,1438,0
Precinct,815 - Belmont Ridge,886,588,10,0,1484,0
Precinct,817 - Sanders Corner,955,703,12,0,1670,0
Precinct,818 - Broad Run,687,425,10,0,1122,0
Precinct,819 - Heritage Church,628,435,11,1,1075,0
Precinct,820 - Belmont Station,725,454,11,0,1190,0
Precinct,822 - Riverside,540,353,5,0,898,0
Precinct,Ab - Central Absentee Precinct,5666,3881,66,13,9626,0
Precinct,Provisional,68,48,1,0,117,0
Locality,Louisa County,4481,7153,163,6,11803,0
Precinct,101 - Zion,585,752,16,2,1355,0
Precinct,102 - Mechanicsville,263,368,11,2,644,0
Precinct,201 - Louisa #1,246,437,12,0,695,0
Precinct,202 - Louisa #2,265,392,11,1,669,0
Precinct,301 - Patrick Henry No 1,698,569,15,1,1283,0
Precinct,302 - Patrick Henry #2,138,188,4,0,330,0
Precinct,401 - Mineral,370,773,20,0,1163,0
Precinct,402 - Yanceyville,172,203,3,0,378,0
Precinct,501 - Fredericks Hall,189,196,3,0,388,0
Precinct,502 - Cuckoo,180,367,4,0,551,0
Precinct,503 - Elk Creek,131,355,5,0,491,0
Precinct,601 - Bumpass,145,480,14,0,639,0
Precinct,602 - Locust Creek,231,572,5,0,808,0
Precinct,701 - Sheltons Mill,280,605,19,0,904,0
Precinct,702 - South Anna,228,436,9,0,673,0
Precinct,Ab - Central Absentee Precinct,358,458,12,0,828,0
Precinct,Provisional,2,2,0,0,4,0
Locality,Lunenburg County,1468,2158,23,1,3650,0
Precinct,101 - Plymouth,93,284,6,0,383,0
Precinct,201 - Browns Store,129,282,5,0,416,0
Precinct,301 - Rosebud,54,226,2,0,282,0
Precinct,302 - Flat Rock,97,167,0,1,265,0
Precinct,401 - Arrowhead Gun Club,38,161,0,0,199,0
Precinct,402 - Pleasant Grove,90,238,3,0,331,0
Precinct,501 - Reedy Creek,136,116,1,0,253,0
Precinct,502 - Peoples Community Center,200,105,2,0,307,0
Precinct,601 - Hounds Creek,296,193,2,0,491,0
Precinct,701 - Meherrin Fire Department,89,118,0,0,207,0
Precinct,702 - Victoria Public Library,91,169,1,0,261,0
Precinct,Ab - Central Absentee Precinct,155,99,1,0,255,0
Precinct,Provisional,0,0,0,0,0,0
Locality,Lynchburg City,10047,10959,284,17,21307,0
Precinct,101 - First Ward First Precinct,813,869,24,2,1708,0
Precinct,102 - First Ward Second Precinct,893,1078,26,3,2000,0
Precinct,103 - First Ward Third Precinct,701,754,14,1,1470,0
Precinct,104 - First Ward Fourth Precinct,350,225,6,0,581,0
Precinct,105 - First Ward Fifth Precinct,518,378,12,1,909,0
Precinct,201 - Second Ward First Precinct,1098,272,20,1,1391,0
Precinct,202 - Second Ward Second Precinct,913,182,19,4,1118,0
Precinct,203 - Second Ward Third Precinct,313,93,3,0,409,0
Precinct,204 - Second Ward Fourth Precinct,187,154,1,0,342,0
Precinct,301 - Third Ward First Precinct,337,259,9,0,605,0
Precinct,302 - Third Ward Second Precinct,51,1213,38,1,1303,0
Precinct,303 - Third Ward Third Precinct,300,409,7,0,716,0
Precinct,304 - Third Ward Fourth Precinct,265,451,5,0,721,0
Precinct,305 - Third Ward Fifth Precinct,479,950,15,1,1445,0
Precinct,401 - Fourth Ward First Precinct,653,1253,23,1,1930,0
Precinct,402 - Fourth Ward Second Precinct,335,423,10,0,768,0
Precinct,403 - Fourth Ward Third Precinct,585,784,25,1,1395,0
Precinct,404 - Fourth Ward Fourth Precinct,722,802,17,0,1541,0
Precinct,Ab - Central Absentee Precinct,533,410,10,1,954,0
Precinct,Provisional,1,0,0,0,1,0
Locality,Madison County,1789,3082,59,1,4931,0
Precinct,1 - Oak Park,248,283,2,0,533,0
Precinct,2 - Radiant,313,436,8,0,757,0
Precinct,3 - Rochelle,108,270,7,0,385,0
Precinct,4 - Graves Mill,15,37,1,0,53,0
Precinct,5 - Madison,318,509,12,0,839,0
Precinct,6 - Wolftown,183,292,10,1,486,0
Precinct,7 - Brightwood,225,623,7,0,855,0
Precinct,8 - Criglersville,164,282,5,0,451,0
Precinct,9 - Etlan,74,169,4,0,247,0
Precinct,Ab - Central Absentee Precinct,141,181,3,0,325,0
Precinct,Provisional,0,0,0,0,0,0
Locality,Manassas City,5295,3899,112,6,9312,0
Precinct,1 - Dean,744,346,21,1,1112,0
Precinct,2 - Weems,898,612,16,0,1526,0
Precinct,3 - Metz,911,651,13,1,1576,0
Precinct,4 - Haydon,762,643,19,0,1424,0
Precinct,5 - Baldwin,745,456,12,0,1213,0
Precinct,6 - Round,649,684,19,3,1355,0
Precinct,Ab - Central Absentee Precinct,582,505,12,1,1100,0
Precinct,Provisional,4,2,0,0,6,0
Locality,Manassas Park City,1958,1064,53,1,3076,0
Precinct,1 - Precinct One,669,295,16,1,981,0
Precinct,2 - Precinct Two,470,284,12,0,766,0
Precinct,3 - Precinct Three,561,328,18,0,907,0
Precinct,Ab - Central Absentee Precinct,254,157,7,0,418,0
Precinct,Provisional,4,0,0,0,4,0
Locality,Martinsville City,2187,1489,57,2,3735,0
Precinct,1 - Precinct #1,367,20,4,0,391,0
Precinct,2 - Precinct #2,433,287,12,0,732,0
Precinct,3 - Precinct #3,258,132,7,0,397,0
Precinct,4 - Precinct #4,413,235,15,0,663,0
Precinct,5 - Precinct #5,417,711,18,2,1148,0
Precinct,6 - Precinct #6,185,4,0,0,189,0
Precinct,Ab - Central Absentee Precinct,114,100,1,0,215,0
Precinct,Provisional,0,0,0,0,0,0
Locality,Mathews County,1386,2531,31,2,3950,0
Precinct,1 - Chesapeake,258,522,5,0,785,0
Precinct,2 - Westville,444,802,8,0,1254,0
Precinct,3 - Piankatank,482,890,15,2,1389,0
Precinct,Ab - Central Absentee Precinct,202,317,3,0,522,0
Precinct,Provisional,0,0,0,0,0,0
Locality,Mecklenburg County,3399,5125,37,0,8561,0
Precinct,101 - Wrights Store,136,158,2,0,296,0
Precinct,102 - Pearsons Store,32,92,1,0,125,0
Precinct,103 - South Clarksville,232,253,0,0,485,0
Precinct,201 - Boydton,136,155,2,0,293,0
Precinct,202 - Bluestone Senior High School,70,50,1,0,121,0
Precinct,203 - Chase City Vfw Post,157,51,1,0,209,0
Precinct,301 - Bracey,152,453,1,0,606,0
Precinct,302 - Lacrosse,156,202,0,0,358,0
Precinct,401 - American Legion Hall,461,246,2,0,709,0
Precinct,402 - Park View Middle School,78,49,0,0,127,0
Precinct,501 - South Hill,347,501,6,0,854,0
Precinct,601 - Baskerville,138,241,1,0,380,0
Precinct,602 - Union Level,33,164,1,0,198,0
Precinct,603 - Smith Crossroads,53,116,2,0,171,0
Precinct,604 - Lake Gaston,76,122,1,0,199,0
Precinct,701 - Chase City,140,246,2,0,388,0
Precinct,702 - Sunshine,134,219,1,0,354,0
Precinct,801 - Finchley,48,88,2,0,138,0
Precinct,802 - Bluestone,143,340,2,0,485,0
Precinct,803 - Chase City Elementary School,138,205,3,0,346,0
Precinct,901 - Averett,17,99,0,0,116,0
Precinct,902 - Buffalo Springs,45,183,1,0,229,0
Precinct,903 - Clarksville,248,592,1,0,841,0
Precinct,Ab - Central Absentee Precinct,227,298,4,0,529,0
Precinct,Provisional,2,2,0,0,4,0
Locality,Middlesex County,1606,2673,41,0,4320,0
Precinct,101 - Saluda,113,200,1,0,314,0
Precinct,102 - Urbanna,181,341,8,0,530,0
Precinct,201 - New Market,265,658,7,0,930,0
Precinct,302 - Church View,296,379,7,0,682,0
Precinct,401- Harmony Village,294,362,9,0,665,0
Precinct,501 - Wilton,333,559,6,0,898,0
Precinct,Ab - Central Absentee Precinct,120,173,3,0,296,0
Precinct,Provisional,4,1,0,0,5,0
Locality,Montgomery County,15115,12500,499,19,28133,0
Precinct,101 - Precinct A-1,868,605,28,0,1501,0
Precinct,102 - Precinct A-2,926,264,25,1,1216,0
Precinct,103 - Precinct A-3,1401,599,36,1,2037,0
Precinct,201 - Precinct B-1,78,88,1,1,168,0
Precinct,202 - Precinct B-2,720,751,28,0,1499,0
Precinct,203 - Precinct B-3,422,529,17,2,970,0
Precinct,204 - Precinct B-4,876,888,24,1,1789,0
Precinct,301 - Precinct C-1,287,705,13,1,1006,0
Precinct,302 - Precinct C-2,426,749,22,2,1199,0
Precinct,303 - Precinct C-3,123,290,6,0,419,0
Precinct,304 - Precinct C-4,397,666,22,1,1086,0
Precinct,401 - Precinct D-1,336,475,10,0,821,0
Precinct,402 - Precinct D-2,329,816,11,0,1156,0
Precinct,403 - Precinct D-3,253,566,8,0,827,0
Precinct,404 - Precinct D-4,146,372,8,0,526,0
Precinct,405 - Precinct D-5,499,726,17,0,1242,0
Precinct,501 - Precinct E-1,707,543,20,0,1270,0
Precinct,502 - Precinct E-2,390,510,14,0,914,0
Precinct,503 - Precinct E-3,594,225,20,1,840,0
Precinct,601 - Precinct F-1,1172,404,31,3,1610,0
Precinct,602 - Precinct F-2,1002,333,39,1,1375,0
Precinct,603 - Precinct F-3,182,108,10,0,300,0
Precinct,701 - Precinct G-1,1350,542,43,2,1937,0
Precinct,702 - Precinct G-2,704,182,28,1,915,0
Precinct,Ab - Central Absentee Precinct,909,556,17,1,1483,0
Precinct,Provisional,18,8,1,0,27,0
Locality,Nelson County,3015,3020,130,9,6174,0
Precinct,101 - Rockfish,649,607,32,0,1288,0
Precinct,201 - Lovingston,294,343,13,0,650,0
Precinct,202 - Schuyler,187,181,13,0,381,0
Precinct,301 - Shipman,369,395,7,3,774,0
Precinct,302 - Gladstone,51,73,6,0,130,0
Precinct,401 - Roseland,366,524,22,0,912,0
Precinct,402 - Montebello,35,50,3,0,88,0
Precinct,501 - Faber,257,210,7,2,476,0
Precinct,502 - Nellysford,615,490,24,4,1133,0
Precinct,Ab - Central Absentee Precinct,190,144,3,0,337,0
Precinct,Provisional,2,3,0,0,5,0
Locality,New Kent County,2729,5711,108,4,8552,0
Precinct,102 - Tunstall,114,317,4,0,435,0
Precinct,103 - Southern Branch,283,856,15,1,1155,0
Precinct,201 - Quinton,427,761,17,0,1205,0
Precinct,202 - Kentwood,154,498,16,2,670,0
Precinct,301 - Watkins,318,419,7,0,744,0
Precinct,302 - Cumberland,298,572,8,0,878,0
Precinct,401 - Providence Forge,423,785,11,0,1219,0
Precinct,403 - Mountcastle,158,285,5,1,449,0
Precinct,501 - Eltham,213,369,12,0,594,0
Precinct,502 - Chickahominy River,205,602,12,0,819,0
Precinct,Ab - Central Absentee Precinct,132,240,1,0,373,0
Precinct,Provisional,4,7,0,0,11,0
Locality,Newport News City,30367,15986,576,35,46964,0
Precinct,101 - Denbigh (CD 3),1212,291,17,1,1521,0
Precinct,102 - Epes (CD 3),1109,232,20,0,1361,0
Precinct,103 - Jenkins (CD 3),925,494,26,2,1447,0
Precinct,104 - Mcintosh (CD 3),831,214,14,3,1062,0
Precinct,105 - Oyster Point (CD 3),223,142,7,0,372,0
Precinct,106 - Reservoir (CD 3),1262,481,30,1,1774,0
Precinct,107 - Richneck (CD 3),1117,558,14,2,1691,0
Precinct,108 - Lee Hall (CD 3),963,255,13,0,1231,0
Precinct,109 - Windsor (CD 3),555,282,8,1,846,0
Precinct,110 - Greenwood (CD 3),1038,280,17,1,1336,0
Precinct,201 - Bland (CD 3),185,68,2,0,255,0
Precinct,202 - Boulevard (CD 3),558,580,16,1,1155,0
Precinct,203 - Charles (CD 3),1004,914,26,1,1945,0
Precinct,204 - Wellesley (CD 3),562,341,13,0,916,0
Precinct,205 - Deep Creek (CD 3),640,888,22,0,1550,0
Precinct,208 - Hidenwood (CD 3),438,532,6,2,978,0
Precinct,209 - Hilton (CD 3),698,554,18,0,1270,0
Precinct,210 - Nelson (CD 3),1050,945,20,0,2015,0
Precinct,211 - Palmer (CD 3),813,446,18,2,1279,0
Precinct,212 - Riverside (CD 3),384,494,9,1,888,0
Precinct,213 - Sanford (CD 3),256,348,6,0,610,0
Precinct,215 - Warwick (CD 3),412,307,5,0,724,0
Precinct,216 - Yates (CD 3),457,486,8,1,952,0
Precinct,217 - Riverview (CD 3),647,679,16,0,1342,0
Precinct,218 - Kiln Creek (CD 3),1279,841,27,2,2149,0
Precinct,219 - Deer Park (CD 3),1055,398,28,0,1481,0
Precinct,302 - Briarfield (CD 3),657,158,11,0,826,0
Precinct,303 - Carver (CD 3),455,133,6,1,595,0
Precinct,304 - Chestnut (CD 3),422,15,6,1,444,0
Precinct,305 - Downtown (CD 3),246,49,2,0,297,0
Precinct,306 - Dunbar (CD 3),115,7,1,0,123,0
Precinct,307 - Huntington (CD 3),345,4,2,1,352,0
Precinct,308 - Jefferson (CD 3),347,5,1,1,354,0
Precinct,309 - Magruder (CD 3),426,11,1,0,438,0
Precinct,310 - Marshall (CD 3),561,11,4,0,576,0
Precinct,311 - Newmarket (CD 3),950,246,16,0,1212,0
Precinct,312 - Newsome Park (CD 3),131,7,0,0,138,0
Precinct,313 - Reed (CD 3),789,22,3,0,814,0
Precinct,314 - River (CD 3),400,256,11,0,667,0
Precinct,315 - Sedgefield (CD 3),512,404,13,1,930,0
Precinct,316 - South Morrison (CD 3),729,325,14,1,1069,0
Precinct,317 - Washington (CD 3),239,7,0,1,247,0
Precinct,318 - Wilson (CD 3),512,57,8,1,578,0
Precinct,319 - Saunders (CD 3),844,649,18,1,1512,0
Precinct,320 - Watkins (CD 3),982,956,34,2,1974,0
Precinct,Ab - Central Absentee Precinct (CD 3),1021,606,19,3,1649,0
Precinct,Provisional (CD 3),11,8,0,0,19,0
Locality,Norfolk City,39453,13490,676,51,53670,0
Precinct,101 - Granby (CD 3),1055,448,21,2,1526,0
Precinct,101 - Granby (CD 2),6,4,0,0,10,0
Precinct,102 - Ocean View School (CD 2),377,269,14,0,660,0
Precinct,103 - Northside (CD 2),531,402,25,0,958,0
Precinct,104 - Titustown (CD 3),60,3,0,0,63,0
Precinct,104 - Titustown (CD 2),436,49,11,1,497,0
Precinct,106 - Second Presbyterian (CD 2),912,450,14,0,1376,0
Precinct,201 - Larchmont School (CD 3),993,442,16,0,1451,0
Precinct,203 - Ghent Square (CD 3),490,177,10,1,678,0
Precinct,207 - Lambert's Point (CD 3),902,75,20,1,998,0
Precinct,208 - Larchmont Library (CD 3),671,396,11,1,1079,0
Precinct,210 - Maury (CD 3),971,273,13,0,1257,0
Precinct,211 - Chrysler Museum (CD 3),1163,469,15,1,1648,0
Precinct,212 - Park Place (CD 3),704,22,10,1,737,0
Precinct,213 - Taylor Elementary School (CD 3),1253,306,27,0,1586,0
Precinct,214 - Stuart (CD 3),1168,269,15,1,1453,0
Precinct,215 - Suburban Park (CD 2),672,392,12,0,1076,0
Precinct,217 - Wesley (CD 2),567,225,14,1,807,0
Precinct,218 - Willard (CD 3),1156,667,45,4,1872,0
Precinct,301 - Ballentine (CD 3),905,92,9,1,1007,0
Precinct,302 - Tanners Creek (CD 3),504,89,5,0,598,0
Precinct,303 - Broad Creek (CD 3),1249,40,7,4,1300,0
Precinct,304 - Coleman Place School (CD 3),479,97,4,0,580,0
Precinct,305 - Lafayette-winona (CD 3),797,130,12,1,940,0
Precinct,306 - Lindenwood (CD 3),641,48,4,3,696,0
Precinct,309 - Norview (CD 3),1373,273,17,3,1666,0
Precinct,310 - Rosemont (CD 3),1397,55,8,1,1461,0
Precinct,311 - Sherwood (CD 3),1159,446,12,1,1618,0
Precinct,313 - Union Chapel (CD 3),475,17,4,0,496,0
Precinct,402 - Berkley (CD 3),843,12,6,1,862,0
Precinct,403 - Brambleton (CD 3),346,14,4,1,365,0
Precinct,404 - Campostella (CD 3),769,22,6,0,797,0
Precinct,405 - Chesterfield (CD 3),956,24,5,0,985,0
Precinct,406 - Barron Black (CD 2),494,284,7,1,786,0
Precinct,408 - Easton (CD 3),659,396,13,0,1068,0
Precinct,409 - Fairlawn (CD 3),525,289,12,0,826,0
Precinct,411 - Ruffner Academy (CD 3),203,8,1,1,213,0
Precinct,412 - Ingleside (CD 3),909,113,3,2,1027,0
Precinct,413 - Poplar Halls (CD 3),1275,193,14,1,1483,0
Precinct,414 - Young Park (CD 3),817,28,13,7,865,0
Precinct,415 - Lake Taylor High School (CD 3),594,242,5,0,841,0
Precinct,501 - Bayview (CD 2),729,537,24,0,1290,0
Precinct,503 - East Ocean View (CD 2),875,582,19,0,1476,0
Precinct,504 - Larrymore (CD 2),699,377,8,0,1084,0
Precinct,505 - Little Creek (CD 2),381,337,14,1,733,0
Precinct,506 - Ocean View Center (CD 2),886,385,27,1,1299,0
Precinct,507 - Pretlow (CD 2),640,439,28,2,1109,0
Precinct,509 - Tarrallton (CD 2),541,577,17,0,1135,0
Precinct,510 - Third Presbyterian (CD 2),637,617,22,1,1277,0
Precinct,511 - Crossroads (CD 2),618,489,21,1,1129,0
Precinct,512 - Azalea Gardens (CD 2),396,325,5,0,726,0
Precinct,Ab - Central Absentee Precinct (CD 2),407,269,11,3,690,0
Precinct,Ab - Central Absentee Precinct (CD 3),1157,294,15,0,1466,0
Precinct,Provisional (CD 2),6,6,1,0,13,0
Precinct,Provisional (CD 3),25,6,0,0,31,0
Locality,Northampton County,2492,1855,28,3,4378,0
Precinct,101 - Precinct 1-1,520,486,2,1,1009,0
Precinct,201 - Precinct 2-1,519,214,11,1,745,0
Precinct,301 - Precinct 3-1,471,179,4,0,654,0
Precinct,401 - Precinct 4-1,420,396,2,0,818,0
Precinct,501 - Precinct 5-1,348,402,7,1,758,0
Precinct,Ab - Central Absentee Precinct,211,178,2,0,391,0
Precinct,Provisional,3,0,0,0,3,0
Locality,Northumberland County,2022,3285,35,3,5345,0
Precinct,101 - 1a,282,495,5,0,782,0
Precinct,201 - 2a,314,647,8,0,969,0
Precinct,301 - 3a,317,173,3,1,494,0
Precinct,302 - 3b,177,58,2,0,237,0
Precinct,401 - 4a,396,871,11,2,1280,0
Precinct,501 - 5a,360,808,6,0,1174,0
Precinct,Ab - Central Absentee Precinct,174,231,0,0,405,0
Precinct,Provisional,2,2,0,0,4,0
Locality,Norton City,287,561,11,1,860,0
Precinct,1 - East Ward,287,560,11,1,859,0
Precinct,Provisional,0,1,0,0,1,0
Locality,Nottoway County,1812,2408,30,0,4250,0
Precinct,101 - Precinct 1-1,175,288,4,0,467,0
Precinct,102 - Precinct 1-2,127,235,4,0,366,0
Precinct,201 - Precinct 2-1,184,337,5,0,526,0
Precinct,202 - Precinct 2-2,70,221,4,0,295,0
Precinct,301 - Precinct 3-1,269,154,3,0,426,0
Precinct,302 - Precinct 3-2,116,194,0,0,310,0
Precinct,401 - Precinct 4-1,314,98,1,0,413,0
Precinct,402 - Precinct 4-2,116,271,0,0,387,0
Precinct,501 - Precinct 5-1,343,473,7,0,823,0
Precinct,Ab - Central Absentee Precinct,98,137,2,0,237,0
Precinct,Provisional,0,0,0,0,0,0
Locality,Orange County,4160,6653,97,5,10915,0
Precinct,101 - One West,444,730,10,1,1185,0
Precinct,102 - One East,458,580,7,0,1045,0
Precinct,201 - Two West,303,656,5,0,964,0
Precinct,202 - Two East,225,593,10,1,829,0
Precinct,301 - Three West,565,625,22,1,1213,0
Precinct,302 - Three East,131,265,1,1,398,0
Precinct,401 - Four West,241,756,6,0,1003,0
Precinct,402 - Four East,375,527,10,0,912,0
Precinct,501 - Five South,535,703,12,0,1250,0
Precinct,502 - Five North,588,895,11,1,1495,0
Precinct,Ab - Central Absentee Precinct,294,319,3,0,616,0
Precinct,Provisional,1,4,0,0,5,0
Locality,Page County,1809,4850,62,5,6726,0
Precinct,101 - West Luray,430,815,12,1,1258,0
Precinct,201 - East Luray,431,947,13,1,1392,0
Precinct,301 - Marksville,324,1060,12,1,1397,0
Precinct,401 - Newport,223,815,7,1,1046,0
Precinct,501 - Shenandoah,242,966,14,1,1223,0
Precinct,Ab - Central Absentee Precinct,155,246,4,0,405,0
Precinct,Provisional,4,1,0,0,5,0
Locality,Patrick County,1259,4320,54,0,5633,0
Precinct,101 - Ararat,79,246,1,0,326,0
Precinct,102 - Claudville,49,272,0,0,321,0
Precinct,103 - Willis Gap,61,230,3,0,294,0
Precinct,201 - Dry Pond,41,170,4,0,215,0
Precinct,202 - Patrick Springs,129,486,6,0,621,0
Precinct,203 - Russell Creek,99,311,5,0,415,0
Precinct,301 - Critz/stella,153,421,4,0,578,0
Precinct,302 - Liberty,51,343,4,0,398,0
Precinct,401 - Meadows Of Dan,133,303,2,0,438,0
Precinct,402 - Stuart Fairgrounds,146,439,8,0,593,0
Precinct,501 - Stuart Community,48,194,5,0,247,0
Precinct,502 - Elamsville,76,300,3,0,379,0
Precinct,503 - Woolwine,113,405,6,0,524,0
Precinct,Ab - Central Absentee Precinct,81,200,3,0,284,0
Precinct,Provisional,0,0,0,0,0,0
Locality,Petersburg City,7164,938,56,9,8167,0
Precinct,101 - First Ward First Precinct,610,71,1,0,682,0
Precinct,201 - Second Ward First Precinct,1220,110,14,2,1346,0
Precinct,301 - Third Ward First Precinct,1190,297,12,3,1502,0
Precinct,401 - Fourth Ward First Precinct,800,150,6,1,957,0
Precinct,501 - Fifth Ward First Precinct,728,58,9,2,797,0
Precinct,601 - Sixth Ward First Precinct,740,18,5,0,763,0
Precinct,701 - Seventh Ward First Precinct,1047,85,5,1,1138,0
Precinct,Ab - Central Absentee Precinct,823,149,4,0,976,0
Precinct,Provisional,6,0,0,0,6,0
Locality,Pittsylvania County,5759,13701,109,4,19573,0
Precinct,103 - Twin Springs,225,1251,6,0,1482,0
Precinct,105 - Chatham,181,421,1,0,603,0
Precinct,106 - Tunstall,144,473,3,0,620,0
Precinct,108 - West Blairs,113,242,1,0,356,0
Precinct,201 - Callands,136,464,4,0,604,0
Precinct,202- Bearskin,46,105,1,0,152,0
Precinct,204 - Sandy Level,99,297,6,0,402,0
Precinct,206 - Climax,81,377,2,0,460,0
Precinct,207 - Gretna,259,842,3,1,1105,0
Precinct,301 - Central,303,202,4,0,509,0
Precinct,305 - Riceville,265,219,1,0,485,0
Precinct,307 - East Blairs,451,126,0,0,577,0
Precinct,308 - Mt Airy,149,122,1,0,272,0
Precinct,309 - East Gretna,138,171,1,0,310,0
Precinct,402 - Keeling,92,503,6,0,601,0
Precinct,404 - Kentuck,247,838,6,0,1091,0
Precinct,405 - Ringgold,324,810,13,1,1148,0
Precinct,501 - Hurt,265,608,3,0,876,0
Precinct,502 - Motley Sycamore,288,675,3,0,966,0
Precinct,503 - Renan,131,366,4,0,501,0
Precinct,603 - Stony Mill,157,504,4,1,666,0
Precinct,604 - Swansonville,191,348,3,0,542,0
Precinct,605 - Whitmell,167,421,5,0,593,0
Precinct,606 - Brosville,261,290,4,0,555,0
Precinct,607 - Dry Fork,63,223,2,0,288,0
Precinct,702 - Bachelors Hall,127,740,3,0,870,0
Precinct,703 - Ferry Road,59,106,0,0,165,0
Precinct,704 - Mt Hermon,355,924,10,1,1290,0
Precinct,705 - Mt Cross,107,462,3,0,572,0
Precinct,Ab - Central Absentee Precinct,335,570,6,0,911,0
Precinct,Provisional,0,1,0,0,1,0
Locality,Poquoson City,1298,3473,56,3,4830,0
Precinct,1 - Central,365,1004,21,2,1392,0
Precinct,2 - Eastern,365,1108,17,0,1490,0
Precinct,3 - Western,458,1164,15,1,1638,0
Precinct,Ab - Central Absentee Precinct,110,194,3,0,307,0
Precinct,Provisional,0,3,0,0,3,0
Locality,Portsmouth City,20156,8167,369,18,28710,0
Precinct,1 - Emanuel A. M. E. Church,711,285,18,0,1014,0
Precinct,5 - Hampton Roads Community Health Center,539,19,5,0,563,0
Precinct,7- Park View Elementary School,516,108,11,0,635,0
Precinct,9 - Third Baptist Church,764,117,11,0,892,0
Precinct,10 - Port Norfolk Recreation Center,349,194,8,0,551,0
Precinct,11 - Mt. Hermon Village,647,18,9,0,674,0
Precinct,13 - St. Mark Missionary Baptist Church,414,14,2,0,430,0
Precinct,14 - Brighton Elementary School,741,22,5,0,768,0
Precinct,16 - Cradock Middle School,485,180,16,1,682,0
Precinct,17 - Victory Life Fellowship,566,258,11,0,835,0
Precinct,19 - Fairview Heights Baptist Church,277,197,5,2,481,0
Precinct,20 - Noble Street Baptist Church,495,171,12,1,679,0
Precinct,21 - John F. Kennedy Community Center,532,12,0,0,544,0
Precinct,22 - Forward Church,428,272,12,1,713,0
Precinct,23 - Westhaven Baptist Church,314,401,17,1,733,0
Precinct,24 - Willett Hall,437,217,16,0,670,0
Precinct,25 - John Tyler Elementary School,561,360,14,0,935,0
Precinct,26 - William E. Waters Middle School,972,20,6,0,998,0
Precinct,27 - Cavalier Manor Recreation Center,906,25,7,1,939,0
Precinct,28 - Lakeview Elementary School,1381,31,8,1,1421,0
Precinct,29 - Saint Andrew's United Methodist Church,207,388,19,0,614,0
Precinct,30 - The Rescue Church,229,430,10,0,669,0
Precinct,31 - West Park Church Of Christ,721,398,11,0,1130,0
Precinct,32 - Hodges Manor Elementary School,338,423,8,1,770,0
Precinct,33- Pinecrest Baptist Church,195,437,17,0,649,0
Precinct,34- Churchland Branch Library,449,501,13,1,964,0
Precinct,35 - Churchland Elementary School,503,557,15,1,1076,0
Precinct,36 - Scottish Rite Temple,1129,842,15,3,1989,0
Precinct,37 - Churchland Middle School,970,424,11,0,1405,0
Precinct,38 - Grove Baptist Church,1188,135,24,4,1351,0
Precinct,39 - Churchland Primary And Intermediate School,1335,406,24,0,1765,0
Precinct,Ab - Central Absentee Precinct,841,299,9,0,1149,0
Precinct,Provisional,16,6,0,0,22,0
Locality,Powhatan County,3109,8256,137,4,11506,0
Precinct,101 - Subletts,321,954,20,2,1297,0
Precinct,102 - Manakin,290,707,4,0,1001,0
Precinct,103 - Flat Rock,145,530,11,0,686,0
Precinct,201 - Powhatan Station,189,756,14,0,959,0
Precinct,202 - Graceland,291,882,19,0,1192,0
Precinct,301 - Bethesda,260,682,14,0,956,0
Precinct,302 - Lee's Landing,231,631,7,0,869,0
Precinct,401 - Powhatan Courthouse,356,1172,19,1,1548,0
Precinct,402 - Mt Zion,142,418,8,0,568,0
Precinct,501 - Smith Cross Roads,358,509,12,0,879,0
Precinct,502 - Pineville,225,301,2,0,528,0
Precinct,503 - Tobaccoville,94,294,2,0,390,0
Precinct,Ab - Central Absentee Precinct,207,420,5,1,633,0
Precinct,Provisional,0,0,0,0,0,0
Locality,Prince Edward County,2881,2708,63,2,5654,0
Precinct,101 - Farmville,345,310,8,1,664,0
Precinct,201 - Lockett,406,446,5,1,858,0
Precinct,301 - Leigh,252,236,9,0,497,0
Precinct,302 - Mt Pleasant,166,109,2,0,277,0
Precinct,401 - Hampden,276,285,7,0,568,0
Precinct,501 - Darlington Hts,153,252,1,0,406,0
Precinct,502 - Buffalo Hts,94,154,1,0,249,0
Precinct,601 - Prospect,430,357,11,0,798,0
Precinct,701 - West End,382,297,4,0,683,0
Precinct,801 - Center,223,78,10,0,311,0
Precinct,Ab - Central Absentee Precinct,154,183,5,0,342,0
Precinct,Provisional,0,1,0,0,1,0
Locality,Prince George County,4150,6044,108,4,10306,0
Precinct,101 - Richard Bland (CD 4),231,455,7,1,694,0
Precinct,102 - Templeton (CD 4),430,1246,8,0,1684,0
Precinct,103 - Union Branch (CD 4),464,607,12,0,1083,0
Precinct,104 - Rives (CD 4),400,287,4,0,691,0
Precinct,105 - Harrison (CD 4),86,301,6,0,393,0
Precinct,201 - Bland (CD 4),545,955,14,1,1515,0
Precinct,202 - Black Water (CD 4),345,684,17,0,1046,0
Precinct,203 - Brandon (CD 4),145,297,6,0,448,0
Precinct,204 - Courts Bldg (CD 4),698,612,25,0,1335,0
Precinct,205 - Jefferson Park (CD 4),518,226,3,1,748,0
Precinct,Ab - Central Absentee Precinct (CD 4),288,374,6,1,669,0
Precinct,Provisional (CD 4),0,0,0,0,0,0
Locality,Prince William County,74932,46454,1247,99,122732,0
Precinct,101 - Brentsville (CD 1),313,781,8,0,1102,0
Precinct,102 - Cedar Point (CD 1),987,849,24,1,1861,0
Precinct,103 - Glenkirk (CD 1),638,657,12,0,1307,0
Precinct,104 - Nokesville (CD 1),521,749,15,1,1286,0
Precinct,105 - Limestone (CD 1),957,809,23,1,1790,0
Precinct,106 - Westgate (CD 1),580,207,12,1,800,0
Precinct,107 - Marsteller (CD 1),1107,838,22,1,1968,0
Precinct,108 - Victory (CD 1),1095,728,20,1,1844,0
Precinct,109 - Piney Branch (CD 1),825,497,19,1,1342,0
Precinct,110 - Buckland Mills (CD 10),413,321,8,0,742,0
Precinct,110 - Buckland Mills (CD 1),172,205,2,0,379,0
Precinct,111 - Bristow Run (CD 1),1094,932,19,0,2045,0
Precinct,112 - Burke-nickens (CD 10),782,624,15,0,1421,0
Precinct,112 - Burke-nickens (CD 1),22,33,0,0,55,0
Precinct,201 - Saunders (CD 11),800,289,11,0,1100,0
Precinct,202 - Marshall (CD 1),706,840,22,0,1568,0
Precinct,203 - Bennett (CD 1),761,721,16,0,1498,0
Precinct,204 - Ellis (CD 1),605,408,21,1,1035,0
Precinct,205 - Buckhall (CD 10),681,692,14,1,1388,0
Precinct,206 - Coles (CD 1),532,598,27,0,1157,0
Precinct,207 - Spriggs (CD 1),1105,655,14,1,1775,0
Precinct,208 - Hylton (CD 1),446,612,11,0,1069,0
Precinct,209 - Independent Hill (CD 1),350,641,12,0,1003,0
Precinct,210 - Penn (CD 11),81,27,1,0,109,0
Precinct,210 - Penn (CD 1),558,694,14,1,1267,0
Precinct,211 - Signal Hill (CD 10),563,551,21,2,1137,0
Precinct,212 - Yorkshire (CD 10),922,522,20,1,1465,0
Precinct,213 - Saratoga (CD 1),572,246,7,2,827,0
Precinct,214 - Lucasville (CD 1),319,545,10,1,875,0
Precinct,215 - Rosa Parks (CD 11),776,299,11,2,1088,0
Precinct,301 - Dumfries (CD 11),601,210,10,0,821,0
Precinct,302 - Potomac (CD 11),1300,219,13,2,1534,0
Precinct,303 - Graham Park (CD 11),474,164,6,0,644,0
Precinct,304 - Quantico (CD 1),68,63,1,0,132,0
Precinct,305 - Pattie (CD 1),761,532,16,1,1310,0
Precinct,306 - Washington-reid (CD 1),847,624,13,0,1484,0
Precinct,307 - Henderson (CD 1),683,541,10,2,1236,0
Precinct,308 - Montclair (CD 1),469,376,7,2,854,0
Precinct,309 - Ashland (CD 1),564,449,9,0,1022,0
Precinct,310 - Forest Park (CD 1),757,321,12,2,1092,0
Precinct,311 - Swans Creek (CD 11),1259,375,13,1,1648,0
Precinct,312 - Triangle (CD 1),180,52,1,0,233,0
Precinct,312 - Triangle (CD 11),728,305,7,0,1040,0
Precinct,313 - Cardinal (CD 1),619,272,6,2,899,0
Precinct,314 - Cabin Branch (CD 1),645,361,11,1,1018,0
Precinct,401 - Evergreen (CD 10),579,802,21,0,1402,0
Precinct,402 - Battlefield (CD 10),575,843,13,1,1432,0
Precinct,403 - Bull Run (CD 10),561,456,9,1,1027,0
Precinct,404 - Ben Lomond (CD 1),724,268,16,2,1010,0
Precinct,405 - Stonewall (CD 1),916,410,20,1,1347,0
Precinct,406 - Alvey (CD 10),369,438,2,1,810,0
Precinct,407 - Heritage Hunt (CD 10),916,1081,16,1,2014,0
Precinct,408 - Sudley (CD 1),426,387,23,2,838,0
Precinct,409 - Tyler (CD 10),766,506,21,0,1293,0
Precinct,410 - Mountain View (CD 10),717,782,13,0,1512,0
Precinct,411 - Mullen (CD 1),737,199,19,0,955,0
Precinct,412 - Catharpin (CD 10),362,540,5,1,908,0
Precinct,413 - Reagan (CD 10),742,833,12,3,1590,0
Precinct,501 - Lake Ridge (CD 1),796,439,8,1,1244,0
Precinct,502 - Occoquan (CD 11),534,276,13,1,824,0
Precinct,503 - Old Bridge (CD 11),717,253,11,1,982,0
Precinct,504 - Rockledge (CD 11),617,405,14,1,1037,0
Precinct,505 - Mohican (CD 1),837,508,16,1,1362,0
Precinct,506 - Bethel (CD 11),1031,556,14,1,1602,0
Precinct,507 - Chinn (CD 11),719,380,11,0,1110,0
Precinct,508 - Springwoods (CD 1),607,248,6,0,861,0
Precinct,509 - Mc Coart (CD 1),770,770,9,0,1549,0
Precinct,510 - Yates Ford (CD 10),413,535,10,1,959,0
Precinct,511 - Westridge (CD 1),850,479,14,1,1344,0
Precinct,512 - York (CD 11),977,192,11,4,1184,0
Precinct,513 - Lynnwood (CD 11),751,564,10,3,1328,0
Precinct,514 - Antietam (CD 11),968,500,31,1,1500,0
Precinct,601 - Dale (CD 11),710,155,9,0,874,0
Precinct,602 - Beville (CD 11),1263,416,13,2,1694,0
Precinct,603 - Hampton (CD 11),640,141,3,1,785,0
Precinct,604 - Gideon (CD 11),673,207,9,0,889,0
Precinct,605 - Minnieville (CD 11),736,320,12,1,1069,0
Precinct,606 - Bel Air (CD 11),688,318,10,1,1017,0
Precinct,607 - Kerrydale (CD 11),897,300,11,1,1209,0
Precinct,608 - Enterprise (CD 11),820,276,5,0,1101,0
Precinct,609 - King (CD 1),6,0,0,0,6,0
Precinct,609 - King (CD 11),1056,395,16,1,1468,0
Precinct,610 - Fitzgerald (CD 11),898,288,10,3,1199,0
Precinct,611 - Neabsco (CD 11),652,193,4,3,852,0
Precinct,701 - Belmont (CD 11),795,404,6,1,1206,0
Precinct,702 - Library (CD 11),848,238,15,1,1102,0
Precinct,703 - Lynn (CD 11),467,101,7,0,575,0
Precinct,704 - Porter (CD 11),863,151,6,2,1022,0
Precinct,705 - Potomac View (CD 11),449,253,9,1,712,0
Precinct,706 - Rippon (CD 11),896,358,12,0,1266,0
Precinct,707 - Kilby (CD 11),595,206,3,2,806,0
Precinct,708 - River Oaks (CD 11),1032,189,7,3,1231,0
Precinct,709 - Freedom (CD 11),1035,182,14,2,1233,0
Precinct,710 - Powells Creek (CD 11),837,128,9,0,974,0
Precinct,711 - Grayson (CD 11),861,249,7,0,1117,0
Precinct,712 - Leesylvania (CD 11),890,397,10,1,1298,0
Precinct,Ab - Central Absentee Precinct (CD 1),3043,2433,45,1,5522,0
Precinct,Ab - Central Absentee Precinct (CD 10),1666,1587,23,5,3281,0
Precinct,Ab - Central Absentee Precinct (CD 11),3348,1440,34,6,4828,0
Precinct,Provisional (CD 1),21,21,3,0,45,0
Precinct,Provisional (CD 10),8,8,0,0,16,0
Precinct,Provisional (CD 11),24,16,1,0,41,0
Locality,Pulaski County,3533,8081,160,5,11779,0
Precinct,101 - Belspring,163,304,2,0,469,0
Precinct,102 - New River,585,759,21,0,1365,0
Precinct,103 - West Cloyd,203,551,13,0,767,0
Precinct,201 - Draper,212,644,11,0,867,0
Precinct,202 - South Pulaski,51,120,3,0,174,0
Precinct,203 - Newbern,421,877,12,0,1310,0
Precinct,301 - Dublin,322,922,12,0,1256,0
Precinct,302 - Hiwassee,46,205,6,0,257,0
Precinct,304 - Snowville,178,508,11,1,698,0
Precinct,401 - Massie,484,1165,16,2,1667,0
Precinct,402 - Walker,118,465,7,1,591,0
Precinct,501 - Robinson,554,1157,36,1,1748,0
Precinct,Ab - Central Absentee Precinct,196,396,10,0,602,0
Precinct,Provisional,0,8,0,0,8,0
Locality,Radford City,2163,1707,65,5,3940,0
Precinct,1 - East Precinct,843,460,29,1,1333,0
Precinct,2 - Central Precinct,624,540,17,3,1184,0
Precinct,3 - West Precinct,549,625,19,0,1193,0
Precinct,Ab - Central Absentee Precinct,145,82,0,1,228,0
Precinct,Provisional,2,0,0,0,2,0
Locality,Rappahannock County,1488,1772,25,2,3287,0
Precinct,101 - Washington,311,336,3,0,650,0
Precinct,201 - Amissville,209,376,9,0,594,0
Precinct,301 - Sperryville,321,289,5,1,616,0
Precinct,401 - Scrabble,243,302,6,1,552,0
Precinct,501 - Chester Gap,71,179,0,0,250,0
Precinct,502 - Flint Hill,179,172,1,0,352,0
Precinct,Ab - Central Absentee Precinct,152,115,1,0,268,0
Precinct,Provisional,2,3,0,0,5,0
Locality,Richmond City,58047,12262,905,47,71261,0
Precinct,101 - One Hundred One (CD 4),848,597,19,2,1466,0
Precinct,102 - One Hundred Two (CD 4),415,379,4,0,798,0
Precinct,104 - One Hundred Four (CD 4),662,602,9,0,1273,0
Precinct,105 - One Hundred Five (CD 4),718,402,14,1,1135,0
Precinct,106 - One Hundred Six (CD 4),485,822,13,0,1320,0
Precinct,111 - One Hundred Eleven (CD 4),688,361,12,1,1062,0
Precinct,112 - One Hundred Twelve (CD 4),621,302,7,1,931,0
Precinct,113 - One Hundred Thirteen (CD 4),1125,217,23,0,1365,0
Precinct,114 - One Hundred Fourteen (CD 4),1313,298,34,0,1645,0
Precinct,203 - Two Hundred Three (CD 4),1274,310,27,1,1612,0
Precinct,204 - Two Hundred Four (CD 4),1110,262,26,0,1398,0
Precinct,206 - Two Hundred Six (CD 4),669,99,8,1,777,0
Precinct,207 - Two Hundred Seven (CD 4),1187,299,25,0,1511,0
Precinct,208 - Two Hundred Eight (CD 4),1044,238,19,0,1301,0
Precinct,213 - Two Hundred Thirteen (CD 4),1452,58,13,1,1524,0
Precinct,214 - Two Hundred Fourteen (CD 4),1377,94,21,0,1492,0
Precinct,301 - Three Hundred One (CD 4),484,18,7,0,509,0
Precinct,302 - Three Hundred Two (CD 4),683,90,6,1,780,0
Precinct,303 - Three Hundred Three (CD 4),568,24,4,0,596,0
Precinct,304 - Three Hundred Four (CD 4),815,22,7,0,844,0
Precinct,305 - Three Hundred Five (CD 4),820,50,14,1,885,0
Precinct,306 - Three Hundred Six (CD 4),654,40,6,2,702,0
Precinct,307 - Three Hundred Seven (CD 4),869,183,17,0,1069,0
Precinct,308 - Three Hundred Eight (CD 4),911,212,14,1,1138,0
Precinct,309 - Three Hundred Nine (CD 4),516,259,12,0,787,0
Precinct,310 - Three Hundred Ten (CD 4),207,5,0,3,215,0
Precinct,402 - Four Hundred Two (CD 4),1412,446,29,1,1888,0
Precinct,404 - Four Hundred Four (CD 4),1144,287,27,1,1459,0
Precinct,409 - Four Hundred Nine (CD 4),1354,813,13,0,2180,0
Precinct,410 - Four Hundred Ten (CD 4),780,319,14,1,1114,0
Precinct,412 - Four Hundred Twelve (CD 4),726,216,20,1,963,0
Precinct,413 - Four Hundred Thirteen (CD 4),850,384,9,1,1244,0
Precinct,414 - Four Hundred Fourteen (CD 4),818,489,22,0,1329,0
Precinct,501 - Five Hundred One (CD 4),1293,172,33,1,1499,0
Precinct,503 - Five Hundred Three (CD 4),1255,114,11,1,1381,0
Precinct,504 - Five Hundred Four (CD 4),1487,153,25,0,1665,0
Precinct,505 - Five Hundred Five (CD 4),634,70,13,1,718,0
Precinct,508 - Five Hundred Eight (CD 4),656,108,7,1,772,0
Precinct,509 - Five Hundred Nine (CD 4),730,46,14,0,790,0
Precinct,510 - Five Hundred Ten (CD 4),955,71,20,1,1047,0
Precinct,602 - Six Hundred Two (CD 4),408,13,3,0,424,0
Precinct,603 - Six Hundred Three (CD 4),725,28,10,1,764,0
Precinct,604 - Six Hundred Four (CD 4),514,24,8,1,547,0
Precinct,606 - Six Hundred Six (CD 4),874,23,9,1,907,0
Precinct,607 - Six Hundred Seven (CD 4),914,139,16,0,1069,0
Precinct,609 - Six Hundred Nine (CD 4),975,79,14,1,1069,0
Precinct,610 - Six Hundred Ten (CD 4),491,13,6,1,511,0
Precinct,701 - Seven Hundred One (CD 4),477,20,5,1,503,0
Precinct,702 - Seven Hundred Two (CD 4),606,34,6,0,646,0
Precinct,703 - Seven Hundred Three (CD 4),753,52,9,1,815,0
Precinct,705 - Seven Hundred Five (CD 4),751,68,21,0,840,0
Precinct,706 - Seven Hundred Six (CD 4),1094,91,15,0,1200,0
Precinct,707 - Seven Hundred Seven (CD 4),1660,222,22,1,1905,0
Precinct,708 - Seven Hundred Eight (CD 4),1090,142,23,1,1256,0
Precinct,802 - Eight Hundred Two (CD 4),573,22,8,2,605,0
Precinct,806 - Eight Hundred Six (CD 4),749,67,10,1,827,0
Precinct,810 - Eight Hundred Ten (CD 4),622,48,5,0,675,0
Precinct,811 - Eight Hundred Eleven (CD 4),616,62,6,0,684,0
Precinct,812 - Eight Hundred Twelve (CD 4),1086,133,8,2,1229,0
Precinct,814 - Eight Hundred Fourteen (CD 4),621,36,3,1,661,0
Precinct,902 - Nine Hundred Two (CD 4),310,24,6,1,341,0
Precinct,903 - Nine Hundred Three (CD 4),739,91,4,0,834,0
Precinct,908 - Nine Hundred Eight (CD 4),738,59,15,0,812,0
Precinct,909 - Nine Hundred Nine (CD 4),930,88,10,0,1028,0
Precinct,910 - Nine Hundred Ten (CD 4),695,84,4,0,783,0
Precinct,911 - Nine Hundred Eleven (CD 4),799,33,6,1,839,0
Precinct,AB - Central Absentee Precinct (CD 4),2582,632,35,4,3253,0
Precinct,Provisional (CD 4),46,4,0,0,50,0
Locality,Richmond County,876,1479,14,2,2371,0
Precinct,101 - Precinct 1-1,285,170,6,0,461,0
Precinct,201 - Precinct 2-1,131,306,3,0,440,0
Precinct,301 - Precinct 3-1,152,278,1,0,431,0
Precinct,401 - Precinct 4-1,140,316,4,2,462,0
Precinct,501 - Precinct 5-1,128,341,0,0,469,0
Precinct,Ab - Central Absentee Precinct,40,68,0,0,108,0
Precinct,Provisional,0,0,0,0,0,0
Locality,Roanoke City,15099,8890,337,18,24344,0
Precinct,1 -Peters Creek,895,174,7,0,1076,0
Precinct,2 - Grandview,764,336,10,0,1110,0
Precinct,3 -Preston Park,466,594,17,2,1079,0
Precinct,4 - Williamson Road,554,414,12,1,981,0
Precinct,5 - East Gate,383,566,20,0,969,0
Precinct,6 - Hollins Road,447,367,14,1,829,0
Precinct,7 - Southeast,309,353,11,1,674,0
Precinct,8 - Lincoln Terrace,661,35,6,0,702,0
Precinct,9 - Highland,704,213,11,0,928,0
Precinct,10 - Old Southwest-Wasena,837,344,25,2,1208,0
Precinct,11 - Raleigh Court,968,535,28,2,1533,0
Precinct,12 - South Roanoke,687,655,10,1,1353,0
Precinct,13 - Garden City,384,643,20,0,1047,0
Precinct,14 - Crystal Spring,778,643,15,1,1437,0
Precinct,15 - Grandin Court,769,565,20,1,1355,0
Precinct,16 - Deyerle,788,783,19,1,1591,0
Precinct,17 - Lee-Hi,715,424,34,1,1174,0
Precinct,18 - Virginia Heights-Norwich,874,272,22,0,1168,0
Precinct,18 - Summit Hills,643,405,14,0,1062,0
Precinct,19 - Forest Park,460,56,8,0,524,0
Precinct,20 - Eureka Park,1199,77,3,2,1281,0
Precinct,AB - Central Absentee Precinct,796,424,11,2,1233,0
Precinct,Provisional,18,12,0,0,30,0
Locality,Roanoke County,12650,20648,408,24,33730,0
Precinct,101 - Catawba (CD 9),101,281,7,0,389,0
Precinct,102 - Mason Valley (CD 9),86,265,4,1,356,0
Precinct,103 - Glenvar (CD 9),292,617,9,0,918,0
Precinct,104 - Northside (CD 9),362,394,7,0,763,0
Precinct,105 - Peters Creek (CD 9),596,916,21,0,1533,0
Precinct,106 - Green Hill (CD 9),507,972,18,0,1497,0
Precinct,107 - Bennett Springs (CD 9),119,361,9,1,490,0
Precinct,108 - Wildwood (CD 9),235,458,24,0,717,0
Precinct,201 - Plantation (CD 6),305,526,17,4,852,0
Precinct,202 - Burlington (CD 6),259,302,18,0,579,0
Precinct,203 - Mountain View (CD 6),517,954,8,3,1482,0
Precinct,204 - Botetourt Springs (CD 9),512,696,18,0,1226,0
Precinct,205 - Orchards (CD 6),531,1128,19,1,1679,0
Precinct,206 - Hollins (CD 6),212,273,1,0,486,0
Precinct,301 - Bent Mountain (CD 9),132,234,14,0,380,0
Precinct,302 - Poages Mill (CD 6),575,1111,20,2,1708,0
Precinct,303 - Windsor Hills (CD 6),329,502,14,0,845,0
Precinct,304 - Oak Grove (CD 6),709,1044,16,1,1770,0
Precinct,305 - Castle Rock (CD 6),778,1050,22,1,1851,0
Precinct,306 - Garst Mill (CD 6),338,428,8,0,774,0
Precinct,402 - Bonsack (CD 6),109,233,4,0,346,0
Precinct,403 - North Vinton (CD 6),281,565,8,0,854,0
Precinct,404 - South Vinton (CD 6),393,610,8,1,1012,0
Precinct,405 - Lindenwood (CD 6),606,1192,22,1,1821,0
Precinct,406 - Mount Pleasant (CD 6),364,834,9,1,1208,0
Precinct,501 - Cotton Hill (CD 6),375,562,10,1,948,0
Precinct,502 - Penn Forest (CD 6),335,450,8,0,793,0
Precinct,503 - Cave Spring (CD 6),428,620,6,0,1054,0
Precinct,504 - Ogden (CD 6),353,347,14,1,715,0
Precinct,505 - Clearbrook (CD 6),219,467,8,0,694,0
Precinct,506 - Mount Vernon (CD 6),348,390,7,2,747,0
Precinct,507 - Hunting Hills (CD 6),605,812,17,1,1435,0
Precinct,Ab - Central Absentee Precinct,0,0,0,0,0,0
Precinct,Ab - Central Absentee Precinct (CD 6),553,808,9,1,1371,0
Precinct,Ab - Central Absentee Precinct (CD 9),177,239,4,1,421,0
Precinct,Provisional (CD 6),7,5,0,0,12,0
Precinct,Provisional (CD 9),2,2,0,0,4,0
Locality,Rockbridge County,2974,4873,77,9,7933,0
Precinct,101 - Airport,352,382,5,2,741,0
Precinct,102 - Ben Salem,179,328,8,0,515,0
Precinct,103 - Plank Road,80,189,2,0,271,0
Precinct,104 - Effinger,102,210,1,0,313,0
Precinct,201 - Collierstown,201,268,5,1,475,0
Precinct,202 - Highland Belle,374,538,8,1,921,0
Precinct,203 - Vo-tech,134,107,4,0,245,0
Precinct,301 - Maury River,154,263,4,0,421,0
Precinct,302 - Natural Bridge,126,254,5,0,385,0
Precinct,303 - Falling Spring,56,167,3,0,226,0
Precinct,401 - Fairfield,140,347,4,0,491,0
Precinct,402 - Mountain View,202,438,6,1,647,0
Precinct,403 - Vesuvius,47,158,1,0,206,0
Precinct,501 - Goshen,32,175,0,1,208,0
Precinct,502 - Meadowview,206,238,7,2,453,0
Precinct,503 - Rockbridge Baths,142,185,0,1,328,0
Precinct,504 - Rockbridge,207,371,8,0,586,0
Precinct,Ab - Central Absentee Precinct,236,250,6,0,492,0
Precinct,Provisional,4,5,0,0,9,0
Locality,Rockingham County,7061,17880,322,7,25270,0
Precinct,101 - Broadway,337,820,24,0,1181,0
Precinct,102 - Timberville,146,399,8,1,554,0
Precinct,103 - Fulks Run,97,538,5,0,640,0
Precinct,104 - Bergton,37,218,3,0,258,0
Precinct,105 - Lacey Spring,85,443,8,0,536,0
Precinct,106 - Tenth Legion,95,368,8,0,471,0
Precinct,107 - Plains,109,445,7,0,561,0
Precinct,108 - Little North Mountain,80,275,9,0,364,0
Precinct,201 - Singers Glen,177,598,12,0,787,0
Precinct,202 - Edom,393,827,22,0,1242,0
Precinct,203 - Dayton,191,407,6,0,604,0
Precinct,204 - Mt Clinton,208,673,11,1,893,0
Precinct,205 - Silver Lake,356,802,13,0,1171,0
Precinct,301 - Keezletown,142,410,13,0,565,0
Precinct,302 - Port Republic,227,653,7,0,887,0
Precinct,303 - Melrose,126,389,7,0,522,0
Precinct,304 - Grottoes,171,565,5,0,741,0
Precinct,305 - Massanetta Springs,499,613,11,1,1124,0
Precinct,306 - Cross Keys,86,249,3,0,338,0
Precinct,307 - Crossroads,600,886,11,0,1497,0
Precinct,401 - Bridgewater,681,1106,23,1,1811,0
Precinct,402 - Montezuma,197,692,5,0,894,0
Precinct,403 - Mt Crawford,47,89,0,0,136,0
Precinct,404 - North River,228,565,11,0,804,0
Precinct,405 - Ottobine,136,751,13,1,901,0
Precinct,501 - Elkton,209,606,8,1,824,0
Precinct,502 - Swift Run,185,991,10,1,1187,0
Precinct,503 - Mcgaheysville,273,783,28,0,1084,0
Precinct,504 - South Fork,76,430,6,0,512,0
Precinct,505 - Stony Run,403,592,16,0,1011,0
Precinct,Ab - Central Absentee Precinct,461,689,9,0,1159,0
Precinct,Provisional,3,8,0,0,11,0
Locality,Russell County,1506,5144,60,1,6711,0
Precinct,101 - Moccasin,71,400,2,0,473,0
Precinct,102 - Copper Creek,86,283,3,0,372,0
Precinct,103 - South Castlewood,70,208,4,0,282,0
Precinct,201 - North Castlewood,173,596,7,0,776,0
Precinct,202 - Dante,33,109,2,1,145,0
Precinct,301 - Cooks Mill,34,109,1,0,144,0
Precinct,302 - Daugherty,60,186,2,0,248,0
Precinct,303 - New Garden,91,313,0,0,404,0
Precinct,304 - Cleveland,63,185,4,0,252,0
Precinct,401 - Drill,23,41,0,0,64,0
Precinct,402 - Swords Creek,78,491,7,0,576,0
Precinct,403 - Honaker,63,175,3,0,241,0
Precinct,501 - West Lebanon,245,801,13,0,1059,0
Precinct,601 - East Lebanon,124,451,6,0,581,0
Precinct,602 - Elk Garden,128,536,2,0,666,0
Precinct,Ab - Central Absentee Precinct,164,260,4,0,428,0
Precinct,Provisional,0,0,0,0,0,0
Locality,Salem City,3134,4946,113,3,8196,0
Precinct,1 - North Salem No 2,483,572,12,0,1067,0
Precinct,2 - Conehurst,163,247,12,1,423,0
Precinct,3 - Beverly Heights,164,404,7,0,575,0
Precinct,4 - West Salem,289,535,13,1,838,0
Precinct,5 - North Salem No 1,454,553,11,0,1018,0
Precinct,6 - South Salem No 1,206,276,10,0,492,0
Precinct,7 - South Salem No 2,271,443,14,0,728,0
Precinct,8 - East Salem,97,177,4,0,278,0
Precinct,9 - South Side Hills,330,737,16,1,1084,0
Precinct,10 - Hidden Valley,472,692,9,0,1173,0
Precinct,Ab - Central Absentee Precinct,205,309,5,0,519,0
Precinct,Provisional,0,1,0,0,1,0
Locality,Scott County,1089,4997,51,2,6139,0
Precinct,101 - Weber City,82,328,1,1,412,0
Precinct,102 - Yuma,98,417,2,0,517,0
Precinct,202 - Weber City East,52,285,1,0,338,0
Precinct,203 - Hiltons,93,451,2,0,546,0
Precinct,204 - Clark's,24,121,1,0,146,0
Precinct,301 - Nickelsville,46,325,1,1,373,0
Precinct,302 - Snowflake,51,253,4,0,308,0
Precinct,303 - Twin Springs,57,226,4,0,287,0
Precinct,304 - Copper Creek,19,64,1,0,84,0
Precinct,401 - Gate City,201,825,15,0,1041,0
Precinct,501 - Dungannon,58,164,3,0,225,0
Precinct,502 - Fort Blackmore,46,191,0,0,237,0
Precinct,503 - Manville,19,122,3,0,144,0
Precinct,504 - Rye Cove,36,284,1,0,321,0
Precinct,601 - Clinchport,27,190,3,0,220,0
Precinct,602 - Duffield-pattonsville,80,406,5,0,491,0
Precinct,603 - Fairview,31,84,1,0,116,0
Precinct,Ab - Central Absentee Precinct,69,261,3,0,333,0
Precinct,Provisional,0,0,0,0,0,0
Locality,Shenandoah County,3932,9220,157,6,13315,0
Precinct,101 - Orkney Springs,225,413,12,0,650,0
Precinct,103 - New Market,401,1084,22,1,1508,0
Precinct,201 - Conicville,230,781,10,0,1021,0
Precinct,202 - Mt Jackson,250,607,18,0,875,0
Precinct,302 - Edinburg,245,722,8,0,975,0
Precinct,303 - St Luke,198,805,5,0,1008,0
Precinct,304 - Fort Valley,143,389,13,1,546,0
Precinct,401 - Woodstock,729,1297,26,3,2055,0
Precinct,501 - Cedar Creek,37,59,2,0,98,0
Precinct,503 - Toms Brook,388,997,13,0,1398,0
Precinct,504 - Lebanon Church,243,654,11,0,908,0
Precinct,601 - Strasburg,586,1026,11,0,1623,0
Precinct,Ab - Central Absentee Precinct,255,380,6,1,642,0
Precinct,Provisional,2,6,0,0,8,0
Locality,Smyth County,1747,6107,78,7,7939,0
Precinct,101 - Saltville,213,777,4,2,996,0
Precinct,201 - Seven Mile Ford,130,579,9,0,718,0
Precinct,202 - Rich Valley,85,200,1,0,286,0
Precinct,301 - Chilhowie,171,772,14,0,957,0
Precinct,302 - St Clair,35,238,4,4,281,0
Precinct,401 - East Park,201,456,5,0,662,0
Precinct,402 - West Park,105,212,1,0,318,0
Precinct,501 - Atkins,96,594,5,0,695,0
Precinct,502 - Wassona,192,336,5,0,533,0
Precinct,601 - Royal Oak East,161,471,6,0,638,0
Precinct,602 - Royal Oak West,81,284,4,0,369,0
Precinct,701 - Adwolfe,72,623,8,0,703,0
Precinct,702 - Sugar Grove,110,323,8,1,442,0
Precinct,703 - Konnarock,10,68,2,0,80,0
Precinct,Ab - Central Absentee Precinct,85,172,2,0,259,0
Precinct,Provisional,0,2,0,0,2,0
Locality,Southampton County,2529,3564,60,2,6155,0
Precinct,101 - Berlin,86,347,7,0,440,0
Precinct,102 - Ivor,236,361,3,0,600,0
Precinct,201 - Boykins,349,239,7,0,595,0
Precinct,202 - Branchville,84,114,1,0,199,0
Precinct,301 - Capron,247,247,4,0,498,0
Precinct,302 - Sebrell,174,273,5,0,452,0
Precinct,401 - Drewryville,180,158,2,0,340,0
Precinct,501 - Hunterdale,224,522,10,2,758,0
Precinct,502 - Forks-of-the-river,148,168,3,0,319,0
Precinct,601 - Courtland,297,379,8,0,684,0
Precinct,602 - Sedley,45,220,4,0,269,0
Precinct,701 - Blackwater River,185,117,1,0,303,0
Precinct,702 - Newsoms,176,297,1,0,474,0
Precinct,Ab - Central Absentee Precinct,97,121,4,0,222,0
Precinct,Provisional,1,1,0,0,2,0
Locality,Spotsylvania County,15869,20481,426,22,36798,0
Precinct,101 - Partlow (CD 7),259,699,19,0,977,0
Precinct,102 - Blaydes Corner (CD 7),301,695,15,1,1012,0
Precinct,103 - Travelers Rest (CD 7),565,728,9,1,1303,0
Precinct,103 - Travelers Rest (CD 1),14,3,0,0,17,0
Precinct,104 - Massaponax (CD 1),561,728,18,2,1309,0
Precinct,201 - Wilderness School (CD 7),475,655,12,0,1142,0
Precinct,202 - Wilderness Fire (CD 7),411,731,21,0,1163,0
Precinct,203 - Ni River / Elys Ford (CD 7),382,780,8,0,1170,0
Precinct,204 - Chancellor (CD 7),683,691,23,0,1397,0
Precinct,301 - Plank Road (CD 7),580,770,16,0,1366,0
Precinct,302 - Hazel Run (CD 7),754,729,25,0,1508,0
Precinct,303 - Riverbend (CD 7),792,1148,17,0,1957,0
Precinct,401 - Summit (CD 1),717,745,17,0,1479,0
Precinct,402 - Parkside (CD 1),660,556,16,2,1234,0
Precinct,402 - Parkside (CD 7),141,124,0,0,265,0
Precinct,403 - Lee Hill (CD 1),870,944,21,1,1836,0
Precinct,501 - Belmont (CD 7),262,588,8,2,860,0
Precinct,502 - Brokenburg (CD 7),210,567,6,1,784,0
Precinct,503 - Post Oak (CD 7),219,645,8,0,872,0
Precinct,504 - Courthouse (CD 7),526,750,15,0,1291,0
Precinct,505 - Brock (CD 7),482,975,6,2,1465,0
Precinct,601 - Salem (CD 7),717,754,16,0,1487,0
Precinct,602 - Smith Station (CD 7),975,880,23,1,1879,0
Precinct,603 - Piedmont (CD 7),395,491,20,0,906,0
Precinct,701 - Battlefield (CD 1),600,572,17,0,1189,0
Precinct,702 - Brents Mill (CD 1),370,334,17,1,722,0
Precinct,702 - Brents Mill (CD 7),322,337,3,1,663,0
Precinct,703 - Fairview (CD 7),265,199,4,0,468,0
Precinct,703 - Fairview (CD 1),99,96,4,0,199,0
Precinct,704 - Gayle (CD 7),612,605,10,0,1227,0
Precinct,704 - Gayle (CD 1),390,399,2,0,791,0
Precinct,Ab - Central Absentee Precinct (CD 1),369,375,8,1,753,0
Precinct,Ab - Central Absentee Precinct (CD 7),884,1185,22,6,2097,0
Precinct,Provisional (CD 1),3,1,0,0,4,0
Precinct,Provisional (CD 7),4,2,0,0,6,0
Locality,Stafford County,19011,21123,489,21,40644,0
Precinct,101 - Hartwood,746,1538,26,0,2310,0
Precinct,102 - Rocky Run,651,705,10,0,1366,0
Precinct,103 - Simpson,575,784,13,0,1372,0
Precinct,104 - College,765,937,18,0,1720,0
Precinct,201 - Rock Hill,568,712,17,1,1298,0
Precinct,202 - Roseville,853,820,25,0,1698,0
Precinct,203 - Ruby,358,786,18,0,1162,0
Precinct,204 - Stefaniga,766,1022,12,0,1800,0
Precinct,301 - Griffis,649,303,10,0,962,0
Precinct,302 - Widewater,928,637,17,0,1582,0
Precinct,303 - Harbour,401,571,13,1,986,0
Precinct,304 - Barrett,331,262,10,2,605,0
Precinct,401 - Aquia,345,171,6,0,522,0
Precinct,402 - Courthouse,1127,637,20,4,1788,0
Precinct,403 - Brooke,686,1054,17,0,1757,0
Precinct,404 - Government Island,511,707,21,1,1240,0
Precinct,501 - Grafton,799,1091,26,0,1916,0
Precinct,502 - Falmouth,638,701,26,2,1367,0
Precinct,503 - Drew,550,651,28,0,1229,0
Precinct,504 - Gayle,762,524,12,0,1298,0
Precinct,601 - Ferry Farm,521,842,32,2,1397,0
Precinct,602 - Chatham,746,809,16,0,1571,0
Precinct,603 - White Oak,550,1072,16,1,1639,0
Precinct,604 - England Run,459,216,5,1,681,0
Precinct,701 - Woodlands,870,878,16,1,1765,0
Precinct,702 - Whitson,748,514,15,1,1278,0
Precinct,703 - Hampton,1013,1008,21,2,2044,0
Precinct,Ab - Central Absentee Precinct,1071,1155,23,2,2251,0
Precinct,Provisional,24,16,0,0,40,0
Locality,Staunton City,4047,3406,132,4,7589,0
Precinct,101 - Ward No 1,625,626,25,1,1277,0
Precinct,201 - Ward Two,700,801,26,0,1527,0
Precinct,301 - Ward No 3,765,654,27,2,1448,0
Precinct,401 - Ward No 4,672,632,27,0,1331,0
Precinct,501 - Ward No 5,993,481,25,0,1499,0
Precinct,Ab - Central Absentee Precinct,288,206,2,1,497,0
Precinct,Provisional,4,6,0,0,10,0
Locality,Suffolk City,16621,11623,278,10,28532,0
Precinct,101 - Belleharbour (CD 3),640,218,11,0,869,0
Precinct,102 - Driver (CD 3),826,1255,28,1,2110,0
Precinct,104 - Bennetts Creek (CD 3),656,540,17,1,1214,0
Precinct,201 - Ebenezer (CD 3),363,708,8,0,1079,0
Precinct,202 - Chuckatuck (CD 3),408,595,10,0,1013,0
Precinct,203 - Kings Fork (CD 3),939,422,12,0,1373,0
Precinct,204 - Hillpoint (CD 3),692,316,8,0,1016,0
Precinct,301 - White Marsh (CD 4),273,109,9,0,391,0
Precinct,302 - John F Kennedy (CD 4),645,21,4,0,670,0
Precinct,302 - John F Kennedy (CD 3),467,100,7,1,575,0
Precinct,304 - Nansemond River (CD 3),877,416,17,1,1311,0
Precinct,305 - Shoulders Hill (CD 3),376,197,5,0,578,0
Precinct,401 - Airport (CD 4),321,379,9,1,710,0
Precinct,402 - Whaleyville (CD 4),216,581,6,0,803,0
Precinct,403 - Southside (CD 4),455,32,7,0,494,0
Precinct,404 - Booker T Washington (CD 4),658,42,4,0,704,0
Precinct,404 - Booker T Washington (CD 3),183,5,3,0,191,0
Precinct,405 - Pittmantown (CD 4),141,163,1,0,305,0
Precinct,501 - Kilbys Mill (CD 4),598,845,12,0,1455,0
Precinct,502 - Holland (CD 4),527,742,10,0,1279,0
Precinct,504 - Lake Cohoon (CD 4),338,644,8,1,991,0
Precinct,504 - Lake Cohoon (CD 3),125,317,2,0,444,0
Precinct,601 - Lakeside (CD 4),674,485,18,1,1178,0
Precinct,602 - Olde Towne (CD 4),4,2,0,0,6,0
Precinct,602 - Olde Towne (CD 3),169,105,5,0,279,0
Precinct,603 - Elephants Fork/westhaven (CD 4),200,194,2,0,396,0
Precinct,604 - Wilroy (CD 3),402,412,8,0,822,0
Precinct,605 - Hollywood (CD 3),448,18,3,1,470,0
Precinct,702 - Harbourview (CD 3),864,619,11,0,1494,0
Precinct,704 - Burbage Grant (CD 3),992,383,13,1,1389,0
Precinct,706 - Huntersville (CD 3),1134,158,8,1,1301,0
Precinct,AB - Central Absentee Precinct (CD 3),637,389,9,0,1035,0
Precinct,Ab - Central Absentee Precinct (CD 4),363,201,3,0,567,0
Precinct,Provisional (CD 3),5,5,0,0,10,0
Precinct,Provisional (CD 4),5,5,0,0,10,0
Locality,Surry County,1658,1268,32,1,2959,0
Precinct,101 - Surry,260,373,9,0,642,0
Precinct,201 - Bacons Castle,387,205,4,0,596,0
Precinct,301 - Dendron,170,160,1,0,331,0
Precinct,302 - Walls Bridge,158,116,0,0,274,0
Precinct,401 - Carsley,325,214,8,0,547,0
Precinct,501 - Claremont,199,173,9,1,382,0
Precinct,502 - Spring Grove,159,27,1,0,187,0
Precinct,Provisional,0,0,0,0,0,0
Locality,Sussex County,1829,1429,25,1,3284,0
Precinct,101 - Waverly,362,128,6,0,496,0
Precinct,201 - Stony Creek,282,126,1,0,409,0
Precinct,202 - Little Mill,62,39,0,0,101,0
Precinct,301 - Courthouse,142,268,3,0,413,0
Precinct,302 - Wakefield,24,96,4,1,125,0
Precinct,401 - Mars Hill,275,176,3,0,454,0
Precinct,402 - West Wakefield,51,15,0,0,66,0
Precinct,501 - Henry,239,146,2,0,387,0
Precinct,502 - Yale,104,60,0,0,164,0
Precinct,601 - Blackwater,144,215,3,0,362,0
Precinct,602 - Newville,85,106,1,0,192,0
Precinct,AB - Central Absentee Precinct,59,54,2,0,115,0
Precinct,Provisional,0,0,0,0,0,0
Locality,Tazewell County,1657,8373,57,9,10096,0
Precinct,101 - Abbs Valley,11,134,1,0,146,0
Precinct,102 - Tip Top,29,204,2,0,235,0
Precinct,103 - Boissevain,26,95,2,0,123,0
Precinct,104 - Falls Mills,30,193,0,0,223,0
Precinct,106 - Pocahontas,24,73,0,0,97,0
Precinct,107 - Amonate,8,41,0,0,49,0
Precinct,109 - Bishop,9,74,1,0,84,0
Precinct,110 - Adria,18,209,0,0,227,0
Precinct,111 - Gap Store,34,191,2,0,227,0
Precinct,112 - Bandy,15,89,0,0,104,0
Precinct,203 - Burkes Garden,10,81,0,0,91,0
Precinct,204 - Clear Fork,31,283,0,0,314,0
Precinct,207 - Freestone,19,93,0,0,112,0
Precinct,209 - Jeffersonville,313,1088,8,3,1412,0
Precinct,214 - Thompson Valley,46,285,0,0,331,0
Precinct,301 - Cedar Bluff,143,958,12,0,1113,0
Precinct,302 - Baptist Valley,40,180,0,0,220,0
Precinct,303 - Wardell,72,399,2,0,473,0
Precinct,305 - Pounding Mill,41,282,2,0,325,0
Precinct,401 - Richlands,211,992,8,3,1214,0
Precinct,402 - Jewell Ridge,19,116,0,0,135,0
Precinct,404 - Raven,53,330,1,0,384,0
Precinct,501 - Springville,73,561,4,2,640,0
Precinct,502 - Graham,250,1053,6,1,1310,0
Precinct,Ab - Central Absentee Precinct,131,366,6,0,503,0
Precinct,Provisional,1,3,0,0,4,0
Locality,Virginia Beach City,66442,60073,1541,82,128138,0
Precinct,1 - North Beach,772,1064,7,0,1843,0
Precinct,2 - South Beach,654,552,34,2,1242,0
Precinct,3 - Ocean Lakes,414,472,8,0,894,0
Precinct,4 - Linkhorn,608,815,14,1,1438,0
Precinct,5 - Seatack,762,355,22,1,1140,0
Precinct,6 - Alanton,731,887,9,1,1628,0
Precinct,7 - Kingston,460,611,6,1,1078,0
Precinct,8 - London Bridge,722,633,22,1,1378,0
Precinct,9 - Trantwood,591,886,12,1,1490,0
Precinct,10 - Great Neck,628,1099,13,5,1745,0
Precinct,11 - Cape Henry,1000,870,12,1,1883,0
Precinct,12 - Plaza,713,492,21,2,1228,0
Precinct,13 - Mt Trashmore,823,772,19,1,1615,0
Precinct,14 - Malibu,706,648,13,1,1368,0
Precinct,15 - Old Donation,397,380,18,1,796,0
Precinct,16 - Aragona,777,717,36,1,1531,0
Precinct,17 - Ocean Park,554,542,20,0,1116,0
Precinct,18 - Thoroughgood,814,892,25,0,1731,0
Precinct,19 - Lake Smith,347,451,9,0,807,0
Precinct,20 - Bayside,542,527,14,0,1083,0
Precinct,21 - Davis Corner,917,211,16,1,1145,0
Precinct,22 - Point O View,499,616,19,0,1134,0
Precinct,23 - Arrowhead,592,711,23,0,1326,0
Precinct,24 - Larkspur,518,471,10,0,999,0
Precinct,25 - Avalon,930,887,18,0,1835,0
Precinct,26 - Fairfield,664,674,10,1,1349,0
Precinct,27 - Edwin,704,822,24,1,1551,0
Precinct,28 - Thalia,534,568,17,0,1119,0
Precinct,29 - Holland,674,379,18,0,1071,0
Precinct,30 - Red Wing,494,771,9,0,1274,0
Precinct,31 - Sigma,810,1348,20,1,2179,0
Precinct,32 - Creeds,194,517,7,0,718,0
Precinct,33 - Capps Shop,206,594,3,0,803,0
Precinct,34 - Blackwater,118,322,5,0,445,0
Precinct,35 - Courthouse,628,1028,8,0,1664,0
Precinct,36 - Windsor Oaks,943,546,22,0,1511,0
Precinct,37 - Chesapeake Beach,506,384,21,0,911,0
Precinct,38 - Witchduck,774,1102,19,3,1898,0
Precinct,39 - Pembroke,817,675,20,0,1512,0
Precinct,40 - Bonney,500,437,17,1,955,0
Precinct,41 - College Park,1294,361,20,0,1675,0
Precinct,42 - Brandon,740,559,22,0,1321,0
Precinct,43 - Bellamy,727,366,24,0,1117,0
Precinct,44 - Centerville,805,763,16,1,1585,0
Precinct,45 - Timberlake,782,314,17,0,1113,0
Precinct,46 - Green Run,686,317,5,1,1009,0
Precinct,47 - Kings Grant,746,1067,19,1,1833,0
Precinct,48 - Wolfsnare,691,816,18,1,1526,0
Precinct,49 - Lynnhaven,661,884,13,1,1559,0
Precinct,50 - Oceana,472,179,8,1,660,0
Precinct,51 - Stratford Chase,571,637,15,1,1224,0
Precinct,52 - Homestead,900,870,22,2,1794,0
Precinct,53 - Shannon,570,611,13,3,1197,0
Precinct,54 - Cromwell,570,439,21,0,1030,0
Precinct,55 - Magic Hollow,741,296,24,1,1062,0
Precinct,56 - Edinburgh,328,375,8,0,711,0
Precinct,57 - Sherry Park,406,439,11,1,857,0
Precinct,58 - Glenwood,729,590,15,0,1334,0
Precinct,59 - Shelton Park,463,410,13,2,888,0
Precinct,60 - Foxfire,626,928,9,2,1565,0
Precinct,61 - Baker,907,115,10,1,1033,0
Precinct,62 - Landstown,737,742,21,2,1502,0
Precinct,63 - Culver,716,808,23,0,1547,0
Precinct,64 - Rosemont Forest,1059,798,18,0,1875,0
Precinct,65 - Colonial,700,543,14,1,1258,0
Precinct,66 - Hunt,498,705,16,1,1220,0
Precinct,67 - Eastern Shore,350,217,11,1,579,0
Precinct,68 - Manor,621,701,17,0,1339,0
Precinct,69 - Shell,809,276,11,1,1097,0
Precinct,70 - Corporate Landing,600,511,18,2,1131,0
Precinct,71 - Round Hill,437,281,6,0,724,0
Precinct,72 - Rudee,593,696,10,1,1300,0
Precinct,73 - Dahlia,737,296,15,0,1048,0
Precinct,74 - Buckner,660,287,20,0,967,0
Precinct,75 - Colony,702,976,17,0,1695,0
Precinct,76 - Village,638,235,11,0,884,0
Precinct,77 - Brookwood,595,488,15,1,1099,0
Precinct,78 - Indian Lakes,623,482,17,3,1125,0
Precinct,79 - Pleasant Hall,740,258,18,2,1018,0
Precinct,80 - Chimney Hill,696,311,16,1,1024,0
Precinct,81 - Rock Lake,829,479,13,1,1322,0
Precinct,82 - Shelburne,502,548,7,0,1057,0
Precinct,83 - Strawbridge,589,714,18,0,1321,0
Precinct,84 - Tallwood,750,420,10,1,1181,0
Precinct,85 - Upton,707,812,19,0,1538,0
Precinct,86 - Haygood,745,742,11,0,1498,0
Precinct,87 - Hillcrest,608,627,9,0,1244,0
Precinct,88 - North Landing,498,536,13,1,1048,0
Precinct,89 - Lake Christopher,673,646,9,0,1328,0
Precinct,90 - Lake Joyce,402,462,16,2,882,0
Precinct,91 - Lexington,771,390,20,2,1183,0
Precinct,92 - Little Neck,453,620,11,0,1084,0
Precinct,93 - Newtown,872,142,10,0,1024,0
Precinct,94 - Pinewood,316,351,11,1,679,0
Precinct,95 - Dam Neck,364,318,6,0,688,0
Precinct,96 - Hilltop,472,276,8,2,758,0
Precinct,97 - Indian River,774,330,19,1,1124,0
Precinct,98 - Independence,424,235,14,0,673,0
Precinct,Ab - Central Absentee Precinct,3659,3664,59,8,7390,0
Precinct,Provisional,71,86,1,0,158,0
Locality,Warren County,3531,6711,127,4,10373,0
Precinct,101 - Fork Town,234,372,4,1,611,0
Precinct,102 - Otterburn,372,910,7,0,1289,0
Precinct,201 - Happy Creek,378,718,12,1,1109,0
Precinct,202 - Linden,395,667,27,1,1090,0
Precinct,301 - North River,308,432,12,0,752,0
Precinct,302 - Riverton,282,680,7,0,969,0
Precinct,401 - East Shenandoah,392,948,19,1,1360,0
Precinct,402 - Town - West Shenandoah,234,451,15,0,700,0
Precinct,501 - South River,440,676,10,0,1126,0
Precinct,502 - Bentonville,126,331,4,0,461,0
Precinct,504 - Browntown,140,249,3,0,392,0
Precinct,Ab - Central Absentee Precinct,229,275,7,0,511,0
Precinct,Provisional,1,2,0,0,3,0
Locality,Washington County,4003,12247,148,6,16404,0
Precinct,101 - East Abingdon,479,888,13,0,1380,0
Precinct,102 - West Abingdon,264,482,4,2,752,0
Precinct,201 - Clinchburg,81,372,2,0,455,0
Precinct,202 - Greendale,140,591,10,2,743,0
Precinct,203 - Hayters Gap,48,246,5,0,299,0
Precinct,204 Woodland Hills,198,577,7,0,782,0
Precinct,301 - Watauga,316,973,8,0,1297,0
Precinct,302 - South Abingdon,439,775,9,0,1223,0
Precinct,401 - Glade Spring,200,636,10,0,846,0
Precinct,402 - Meadowview,271,796,8,1,1076,0
Precinct,501 - Rhea Valley,255,1114,9,0,1378,0
Precinct,502 - Damascus,219,479,9,0,707,0
Precinct,504 - Green Cove,22,91,0,0,113,0
Precinct,601 - Burson Place,140,890,7,0,1037,0
Precinct,602 - Mendota,34,174,3,0,211,0
Precinct,603 - Valley Institute,139,645,2,0,786,0
Precinct,701 - High Point,151,759,13,0,923,0
Precinct,702 - Wallace,93,369,4,0,466,0
Precinct,703 - John Battle,199,831,15,0,1045,0
Precinct,Ab - Central Absentee Precinct,314,557,10,1,882,0
Precinct,Provisional,1,2,0,0,3,0
Locality,Waynesboro City,2653,3144,97,1,5895,0
Precinct,1 - Ward A,376,376,19,1,772,0
Precinct,2 - Ward B,776,857,32,0,1665,0
Precinct,3 - Ward C,515,605,14,0,1134,0
Precinct,4 - Ward D,868,1181,30,0,2079,0
Precinct,Ab - Central Absentee Precinct,117,124,2,0,243,0
Precinct,Provisional,1,1,0,0,2,0
Locality,Westmoreland County,2442,2865,51,2,5360,0
Precinct,101 - Precinct 1-1,404,215,2,0,621,0
Precinct,102 - Precinct 1-2,203,171,4,0,378,0
Precinct,201 - Precinct 2-1,383,367,3,0,753,0
Precinct,202 - Precinct 2-2,156,225,2,0,383,0
Precinct,301 - Precinct 3-1,249,284,8,0,541,0
Precinct,302 - Precinct 3-2,192,202,4,0,398,0
Precinct,401 - Precinct 4-1,257,608,12,2,879,0
Precinct,501 - Precinct 5-1,401,551,16,0,968,0
Precinct,Ab - Central Absentee Precinct,197,241,0,0,438,0
Precinct,Provisional,0,1,0,0,1,0
Locality,Williamsburg City,3725,1492,54,2,5273,0
Precinct,1 - Stryker,1684,696,25,1,2406,0
Precinct,2 - Matoaka,1769,633,27,1,2430,0
Precinct,Ab - Central Absentee Precinct,270,160,2,0,432,0
Precinct,Provisional,2,3,0,0,5,0
Locality,Winchester City,3569,2969,107,3,6648,0
Precinct,101 - Merrimans,867,695,15,0,1577,0
Precinct,102 - Old Town,575,519,24,1,1119,0
Precinct,201 - Virginia Avenue,611,299,30,1,941,0
Precinct,301 - War Memorial,526,440,22,0,988,0
Precinct,401 - Frederick Douglass,251,212,2,0,465,0
Precinct,402 - Rolling Hills,488,581,12,1,1082,0
Precinct,AB - Central Absentee Precinct,249,222,2,0,473,0
Precinct,Provisional,2,1,0,0,3,0
Locality,Wise County,1910,6630,84,4,8628,0
Precinct,101 - Appalachia,117,340,4,1,462,0
Precinct,102 - Dorchester,78,243,5,0,326,0
Precinct,103 - Guest River Voting Place,50,259,5,0,314,0
Precinct,104 - West Pound,206,686,6,0,898,0
Precinct,201 - North Coeburn,93,352,3,0,448,0
Precinct,202 - Wise,353,947,10,0,1310,0
Precinct,203 - East Pound,27,179,2,0,208,0
Precinct,301 - Big Stone Gap,285,721,17,0,1023,0
Precinct,302 - East Stone Gap,201,907,10,1,1119,0
Precinct,401 - Clinch Valley,163,705,12,1,881,0
Precinct,402 - South Coeburn,125,761,7,1,894,0
Precinct,403 - St Paul,77,237,2,0,316,0
Precinct,Ab - Central Absentee Precinct,134,292,1,0,427,0
Precinct,Provisional,1,1,0,0,2,0
Locality,Wythe County,2114,6321,71,8,8514,0
Precinct,101 - Royal Oak,46,274,2,0,322,0
Precinct,102 - Rural Retreat,234,914,7,1,1156,0
Precinct,203 - West Wytheville,438,859,16,2,1315,0
Precinct,303 - East Wytheville,499,957,15,0,1471,0
Precinct,401 - Fort Chiswell,133,575,8,2,718,0
Precinct,402 - Max Meadows,159,532,5,0,696,0
Precinct,501 - Jackson Memorial,105,352,2,0,459,0
Precinct,502 - Sheffey,118,572,3,3,696,0
Precinct,601 - Huddle,51,279,2,0,332,0
Precinct,602 - Zion,113,461,6,0,580,0
Precinct,603 Evergreen,95,319,5,0,419,0
Precinct,Ab - Central Absentee Precinct,120,226,0,0,346,0
Precinct,Provisional,3,1,0,0,4,0
Locality,York County,10068,12708,269,15,23060,0
Precinct,101 - Queens Lake,677,629,13,3,1322,0
Precinct,102 - Waller Mill,763,775,21,2,1561,0
Precinct,103 - Magruder,1153,578,22,0,1753,0
Precinct,201 - Coventry,943,1085,25,1,2054,0
Precinct,202 - Kiln Creek,499,570,19,0,1088,0
Precinct,301 - Seaford,555,1479,18,3,2055,0
Precinct,302 - Yorktown,632,896,17,0,1545,0
Precinct,303 - Edgehill,783,703,20,0,1506,0
Precinct,401 - Harwoods Mill,688,1232,24,3,1947,0
Precinct,402 - Dare,625,1224,24,0,1873,0
Precinct,403 - Grafton,380,553,6,0,939,0
Precinct,501 - Tabb,827,1314,27,1,2169,0
Precinct,502 - Bethel,937,977,18,1,1933,0
Precinct,Ab - Central Absentee Precinct,603,683,15,0,1301,0
Precinct,Provisional,3,10,0,1,14,0
