,,Terence Richard McAuliffe,"Kenneth Thomas Cuccinelli, II",Robert Christopher Sarvis,Write-Ins,Total Votes Cast,Undervotes
,,Democratic,Republican,Libertarian,,,
State,Virginia,1069789,1013354,146084,11844,2241071,0
Precinct,Ab - Central Absentee Precinct (CD 3),1166,136,79,9,1390,0
Precinct,Ab - Central Absentee Precinct (CD 7),298,178,38,12,526,0
Locality,Accomack County,3806,4879,382,19,9086,0
Precinct,101 - Chincoteague,346,678,37,1,1062,0
Precinct,201 - Atlantic,125,329,22,0,476,0
Precinct,202 - Greenbackville,171,352,18,1,542,0
Precinct,301 - Oak Hall,334,300,16,0,650,0
Precinct,401 - Bloxom,82,215,13,0,310,0
Precinct,402 - Parksley,136,303,27,0,466,0
Precinct,403 - Saxis,26,63,5,1,95,0
Precinct,501 - Mappsville,177,138,11,0,326,0
Precinct,502 - Rue,213,75,10,0,298,0
Precinct,601 - Accomac,302,389,26,1,718,0
Precinct,602 - Tangier,14,146,2,1,163,0
Precinct,701 - Onancock,386,447,48,5,886,0
Precinct,702 - Onley,186,208,17,2,413,0
Precinct,801 - Bobtown,156,254,31,3,444,0
Precinct,802 - Melfa,263,221,13,2,499,0
Precinct,803 - Wachapreague,114,220,17,0,351,0
Precinct,901 - Painter,609,382,44,1,1036,0
Precinct,Ab - Central Absentee Precinct,166,159,25,1,351,0
Precinct,Provisional,0,0,0,0,0,0
Locality,Albemarle County,19039,12408,3279,362,35088,0
Precinct,101 - Woodbrook,767,561,137,17,1482,0
Precinct,103 - Branchlands,341,138,47,3,529,0
Precinct,104 - Agnor-hurt,680,290,87,8,1065,0
Precinct,105 - Dunlora,775,438,130,8,1351,0
Precinct,106 - Northside,688,631,133,11,1463,0
Precinct,201 - Jack Jouett,556,424,94,11,1085,0
Precinct,202 - University Hall,719,240,95,10,1064,0
Precinct,203 - Georgetown,684,211,95,8,998,0
Precinct,204 - Belfield,345,231,65,10,651,0
Precinct,301 - Ivy,1230,713,218,27,2188,0
Precinct,302 - Red Hill,801,477,125,12,1415,0
Precinct,304 - East Ivy,294,216,63,17,590,0
Precinct,305 - Country Green,610,347,111,9,1077,0
Precinct,306 - Porters,402,214,47,4,667,0
Precinct,307 - Yellow Mountain,167,134,35,3,339,0
Precinct,401 - Scottsville,309,345,81,5,740,0
Precinct,402 - Monticello,296,269,84,4,653,0
Precinct,405 - Cale,1263,471,177,12,1923,0
Precinct,406 - Stone Robinson,620,784,151,29,1584,0
Precinct,501 - Keswick,355,266,58,3,682,0
Precinct,502 - Stony Point,384,334,87,8,813,0
Precinct,503 - Hollymead,595,469,129,15,1208,0
Precinct,504 - Free Bridge,997,550,146,23,1716,0
Precinct,506 - Baker-butler,731,649,160,13,1553,0
Precinct,601 - Crozet,1057,677,192,17,1943,0
Precinct,602 - Free Union,349,287,63,6,705,0
Precinct,603 - Earlysville,752,717,167,18,1654,0
Precinct,604 - Brownsville,1009,712,206,17,1944,0
Precinct,Ab - Central Absentee Precinct,1243,601,96,34,1974,0
Precinct,Provisional,20,12,0,0,32,0
Locality,Alexandria City,29584,9405,2029,200,41218,0
Precinct,101 - Ladrey Senior Building,644,293,49,8,994,0
Precinct,102 - City Hall,761,402,93,7,1263,0
Precinct,103 - Lyles Crouch School,1159,499,102,10,1770,0
Precinct,104 - Durant Center,1216,355,92,8,1671,0
Precinct,105 - Lee Center,1038,340,106,4,1488,0
Precinct,106 - Cora Kelly Center,1213,256,64,5,1538,0
Precinct,107 - Mt Vernon Recreation Center,1608,360,112,16,2096,0
Precinct,108 - George Washington Middle Sch,1493,330,101,9,1933,0
Precinct,109 - Fire Department Headquarters,1108,415,117,8,1648,0
Precinct,201 - Maury School,1126,327,67,15,1535,0
Precinct,202 - George Mason School,960,461,86,11,1518,0
Precinct,203 - Agudas Achim Synagogue,1059,284,95,6,1444,0
Precinct,204 - Blessed Sacrament Church,982,398,83,7,1470,0
Precinct,205 - Douglas Macarthur School,1101,469,90,14,1674,0
Precinct,206 - Chinquapin Park Recreation Ctr,853,313,39,7,1212,0
Precinct,207 - Temple Beth El Synagogue,1174,488,83,14,1759,0
Precinct,208 - Nova Arts Center,859,274,61,5,1199,0
Precinct,209 - James K Polk School,1226,329,85,3,1643,0
Precinct,210 - St James Church,556,208,36,4,804,0
Precinct,302 - Patrick Henry Rec Center,759,174,31,3,967,0
Precinct,303 - Charles E Beatley Library,954,216,48,3,1221,0
Precinct,304 - Samuel Tucker School,1091,252,53,3,1399,0
Precinct,305 - John Adams School,1066,241,48,1,1356,0
Precinct,306 - William Ramsay School,1042,219,33,3,1297,0
Precinct,307 - South Port,891,269,31,4,1195,0
Precinct,308 - Cameron Station Community Ctr,974,428,66,8,1476,0
Precinct,Ab - Central Absentee Precinct,2620,783,153,14,3570,0
Precinct,Provisional,51,22,5,0,78,0
Locality,Alleghany County,1628,1993,487,28,4136,0
Precinct,101 - Arritt,130,205,40,2,377,0
Precinct,103 - Dameron,34,99,21,0,154,0
Precinct,201 - Humpback Bridge,93,137,21,1,252,0
Precinct,202 - Dolly Ann,128,172,38,2,340,0
Precinct,301 - Callaghan,73,125,27,1,226,0
Precinct,302 - Griffith,137,203,42,6,388,0
Precinct,401 - Low Moor,109,129,30,4,272,0
Precinct,402 - Jackson Heights,137,180,38,4,359,0
Precinct,501 - Iron Gate,75,80,25,1,181,0
Precinct,502 - Peters Switch,165,228,58,1,452,0
Precinct,601 - District 1,284,226,67,5,582,0
Precinct,701 - District 2,217,148,70,0,435,0
Precinct,Ab - Central Absentee Precinct,46,61,10,1,118,0
Precinct,Provisional,0,0,0,0,0,0
Locality,Amelia County,1338,2613,290,16,4257,0
Precinct,101 - Number One,218,408,41,1,668,0
Precinct,201 - Number Two,262,497,60,1,820,0
Precinct,301 - Number Three,204,538,52,5,799,0
Precinct,401 - Number Four,187,549,57,4,797,0
Precinct,501 - Number Five,388,486,75,4,953,0
Precinct,Ab - Central Absentee Precinct,78,135,5,1,219,0
Precinct,Provisional,1,0,0,0,1,0
Locality,Amherst County,2993,5466,550,30,9039,0
Precinct,101 - Wright Shop,341,225,24,1,591,0
Precinct,102 - New Glasgow,237,395,41,5,678,0
Precinct,103 - Coolwell,69,237,25,1,332,0
Precinct,201 - Court House,485,775,77,9,1346,0
Precinct,202 - Temperance,148,309,43,2,502,0
Precinct,301 - Monroe,168,337,33,0,538,0
Precinct,302 - Elon,299,954,68,3,1324,0
Precinct,303 - Pleasant View,80,188,27,0,295,0
Precinct,401 - Amelon,436,907,78,3,1424,0
Precinct,402 - Lonco,88,190,21,1,300,0
Precinct,501 - Madison,489,801,92,4,1386,0
Precinct,Ab - Central Absentee Precinct,153,147,21,1,322,0
Precinct,Provisional,0,1,0,0,1,0
Locality,Appomattox County,1241,3475,348,20,5084,0
Precinct,101 - Vera,78,251,30,0,359,0
Precinct,102 - Pamplin,171,438,38,2,649,0
Precinct,201 - Chap,76,121,21,0,218,0
Precinct,202 - Spout Spring,163,604,58,5,830,0
Precinct,301 - Us 460,95,352,29,3,479,0
Precinct,302 - Stonewall,124,385,28,1,538,0
Precinct,401 - Courthouse,177,579,74,2,832,0
Precinct,501 - Oakville,208,488,33,2,731,0
Precinct,502 - Agee,98,148,19,2,267,0
Precinct,Ab - Central Absentee Precinct,51,108,18,3,180,0
Precinct,Provisional,0,1,0,0,1,0
Locality,Arlington County,48346,14978,3934,281,67539,0
Precinct,1 - Arlington,698,151,38,2,889,0
Precinct,2 - Ashton Heights,1011,254,70,7,1342,0
Precinct,3 - Aurora Hills,644,279,64,2,989,0
Precinct,4 - Ballston,768,297,83,6,1154,0
Precinct,5 - Barcroft,829,253,65,5,1152,0
Precinct,6 - Crystal City,565,257,71,6,899,0
Precinct,7 - Cherrydale,999,308,90,9,1406,0
Precinct,8 - Hume,872,360,97,10,1339,0
Precinct,9 - Columbia,1077,219,79,5,1380,0
Precinct,10 - Wilson,842,276,89,4,1211,0
Precinct,11 - East Falls Church,689,282,77,2,1050,0
Precinct,12 - Fairlington,970,343,82,7,1402,0
Precinct,13 - Glen Carlyn,634,175,49,1,859,0
Precinct,14 - Clarendon,614,220,62,4,900,0
Precinct,15 - Lyon Park,813,234,81,4,1132,0
Precinct,16 - Lyon Village,899,264,90,3,1256,0
Precinct,17 - Overlee Knolls,1073,368,93,5,1539,0
Precinct,18 - Park Lane,1012,286,80,6,1384,0
Precinct,19 - Rosslyn,977,271,70,8,1326,0
Precinct,20 - Thrifton,962,441,113,7,1523,0
Precinct,21 - Virginia Highlands,928,410,84,6,1428,0
Precinct,22 - Abingdon,1023,333,97,5,1458,0
Precinct,23 - Westover,988,302,87,12,1389,0
Precinct,24 - Woodlawn,1266,312,87,5,1670,0
Precinct,25 - Arlington Forest,810,216,65,4,1095,0
Precinct,26 - Fillmore,1092,272,81,7,1452,0
Precinct,27 - Jefferson,968,304,70,7,1349,0
Precinct,28 - Claremont,1037,242,68,4,1351,0
Precinct,29 - Dominion Hills,1106,340,99,2,1547,0
Precinct,30 - Glebe,868,158,35,4,1065,0
Precinct,31 - Lexington,1098,341,81,7,1527,0
Precinct,32 - Oakridge,376,183,25,4,588,0
Precinct,33 - Rock Spring,1013,439,104,7,1563,0
Precinct,34 - Yorktown,926,338,92,4,1360,0
Precinct,35 - Madison,997,573,117,9,1696,0
Precinct,36 - Marshall,1030,370,86,9,1495,0
Precinct,37 - Nottingham,905,360,86,6,1357,0
Precinct,38 - Arlington View,735,130,41,6,912,0
Precinct,39 - Ashlawn,556,197,50,5,808,0
Precinct,40 - Virginia Square,744,280,88,8,1120,0
Precinct,41 - Woodbury,689,235,74,3,1001,0
Precinct,42 - Shirlington,684,183,51,9,927,0
Precinct,43 - Arlington Mill,593,95,16,2,706,0
Precinct,44 - Dawson Terrace,623,168,57,4,852,0
Precinct,45 - Buckingham,693,173,51,2,919,0
Precinct,46 - Central,784,269,76,5,1134,0
Precinct,47 - Four Mile Run,655,152,32,4,843,0
Precinct,48 - Courtlands,647,225,40,4,916,0
Precinct,49 - Monroe,480,126,43,1,650,0
Precinct,50 - Crystal Plaza,520,243,48,4,815,0
Precinct,51 - Taylor,259,94,18,0,371,0
Precinct,52 - Gunston,455,184,41,1,681,0
Precinct,Ab - Central Absentee Precinct,5792,1175,299,17,7283,0
Precinct,Provisional,58,18,2,1,79,0
Locality,Augusta County,5100,13817,1404,88,20409,0
Precinct,101 - Jolivue,145,322,42,6,515,0
Precinct,102 - Stuarts Draft Elementary,160,328,35,2,525,0
Precinct,103 - Verona,241,628,63,3,935,0
Precinct,201 - Crimora,234,709,72,3,1018,0
Precinct,202 - New Hope,161,499,51,5,716,0
Precinct,203 - Weyers Cave,229,780,57,4,1070,0
Precinct,301 - Fort Defiance,446,1124,129,8,1707,0
Precinct,302 - North River,91,329,22,2,444,0
Precinct,303 - Mount Solon,98,456,34,1,589,0
Precinct,304 - Churchville Fire Station,105,347,29,1,482,0
Precinct,401 - Buffalo Gap,156,422,45,0,623,0
Precinct,402 - Churchville Elementary,128,428,32,7,595,0
Precinct,403 - Craigsville,72,255,16,1,344,0
Precinct,404 - Deerfield,40,137,8,0,185,0
Precinct,405 - Cedar Green,227,475,63,4,769,0
Precinct,501 - Greenville,204,639,57,3,903,0
Precinct,502 - Middlebrook,122,375,42,0,539,0
Precinct,503 - Spottswood,125,358,33,1,517,0
Precinct,504 - White Hill,214,661,62,3,940,0
Precinct,601 - Sherando,161,443,56,1,661,0
Precinct,602 - Stuarts Draft Rescue,352,983,98,3,1436,0
Precinct,603 - Lyndhurst,289,693,68,3,1053,0
Precinct,801 - Dooms,165,518,41,6,730,0
Precinct,802 - Fishersville,411,906,129,15,1461,0
Precinct,803 - Wilson,311,583,78,5,977,0
Precinct,Ab - Central Absentee Precinct,213,415,42,1,671,0
Precinct,Provisional,0,4,0,0,4,0
Locality,Bath County,392,686,127,8,1213,0
Precinct,101 - Warm Springs,71,118,18,1,208,0
Precinct,102 - Mountain Grove,6,32,6,0,44,0
Precinct,201 - Hot Springs,75,85,21,1,182,0
Precinct,301 - Fairview,43,121,14,0,178,0
Precinct,302 - Burnsville,9,26,8,0,43,0
Precinct,401 - Millboro,79,159,19,3,260,0
Precinct,501 - Healing Springs,85,120,34,1,240,0
Precinct,Ab - Central Absentee Precinct,24,25,7,2,58,0
Locality,Bedford County,5802,17330,1769,119,25020,0
Precinct,101 - Goodview Elem School (CD 5),194,733,82,7,1016,0
Precinct,102 - Hardy Vol Fire Co (CD 5),116,320,36,0,472,0
Precinct,103 - Chamblissburg Baptist Church (CD 5),166,467,75,2,710,0
Precinct,104 - Stewartsville Rescue Squad (CD 5),167,406,58,3,634,0
Precinct,201 - Bedford Christian Church (CD 5),97,252,28,0,377,0
Precinct,202 - Staunton River High School (CD 5),123,322,40,0,485,0
Precinct,203 - Moneta Elem School (CD 5),264,722,67,3,1056,0
Precinct,204 - Body Camp Elem School (CD 5),67,206,29,4,306,0
Precinct,205 - Saunders Vol Fire Co (CD 5),225,611,63,4,903,0
Precinct,301 - New London Academy (CD 6),306,1290,96,4,1696,0
Precinct,302 - Bedford Regional Water Auth (CD 5),176,491,55,4,726,0
Precinct,303 - Bethesda United Methodist Church (CD 5),106,356,30,1,493,0
Precinct,304 - Forest Youth Athletic Assoc (CD 6),113,388,26,2,529,0
Precinct,305 - Huddleston Elem School (CD 5),77,265,31,0,373,0
Precinct,401 - Forest Elementary School (CD 6),210,818,57,6,1091,0
Precinct,402 - Thomas Jefferson Elem School (CD 6),149,555,47,5,756,0
Precinct,403 - Knights Of Columbus Bldg (CD 6),335,1016,83,4,1438,0
Precinct,404 - St. Paul Baptist Church (CD 6),236,860,65,5,1166,0
Precinct,502 - Big Island Elem School (CD 6),93,182,32,1,308,0
Precinct,503 - Sedalia Center (CD 6),86,243,29,0,358,0
Precinct,504 - Suck Springs Baptist Church (CD 6),131,406,47,7,591,0
Precinct,505 - Boonsboro Elementary School (CD 6),282,730,89,9,1110,0
Precinct,506 - Boonsboro Ruritan Club (CD 6),286,1072,86,0,1444,0
Precinct,601 - Montvale Elem School (CD 6),157,518,54,4,733,0
Precinct,602 - Shady Grove Fire Department (CD 5),172,518,58,1,749,0
Precinct,603 - Thaxton Community Center (CD 5),39,118,19,2,178,0
Precinct,604 - Bedford Welcome Center (CD 5),330,649,109,11,1099,0
Precinct,701 - Goode Vol Rescue Squad (CD 5),197,872,45,4,1118,0
Precinct,702 - Liberty High School (CD 5),154,435,40,2,631,0
Precinct,703 - Thaxton Elem School (CD 5),94,294,36,1,425,0
Precinct,704 - Bedford Central Library (CD 5),370,644,93,11,1118,0
Precinct,Ab - Central Absentee Precinct (CD 5),162,304,38,9,513,0
Precinct,Ab - Central Absentee Precinct (CD 6),122,264,26,0,412,0
Precinct,Provisional (CD 5),0,1,0,1,2,0
Precinct,Provisional (CD 6),0,2,0,2,4,0
Locality,Bland County,388,1300,150,11,1849,0
Precinct,101 - Bastian,45,157,16,1,219,0
Precinct,102 - Ceres,49,155,29,0,233,0
Precinct,201 - Davis,19,40,11,1,71,0
Precinct,202 - Seddon,92,299,42,5,438,0
Precinct,301 - Hollybrook,47,141,15,0,203,0
Precinct,302 - Mechanicsburg,17,82,4,0,103,0
Precinct,401 - Rocky Gap,98,373,33,3,507,0
Precinct,Ab - Central Absentee Precinct,21,53,0,1,75,0
Precinct,Provisional,0,0,0,0,0,0
Locality,Botetourt County,2924,7366,931,92,11313,0
Precinct,101 - Amsterdam,321,684,66,11,1082,0
Precinct,102 - Asbury,301,878,94,10,1283,0
Precinct,201 - Blue Ridge,240,788,75,8,1111,0
Precinct,202 - Rainbow Forest,303,771,74,14,1162,0
Precinct,301 - Buchanan,173,405,96,2,676,0
Precinct,302 - Mill Creek,152,384,49,5,590,0
Precinct,303 - Roaring Run,51,137,38,1,227,0
Precinct,304 - Springwood,82,295,49,2,428,0
Precinct,402 - Courthouse,186,323,53,5,567,0
Precinct,403 - Eagle Rock,105,253,30,4,392,0
Precinct,404 - Glen Wilton,84,153,22,0,259,0
Precinct,405 - Oriskany,7,27,6,0,40,0
Precinct,406 - Town Hall,187,526,66,7,786,0
Precinct,501 - Coyner Springs,147,325,40,2,514,0
Precinct,502 - Cloverdale,360,821,93,12,1286,0
Precinct,503 - Troutville,80,250,35,3,368,0
Precinct,Ab - Central Absentee Precinct,143,344,45,6,538,0
Precinct,Provisional,2,2,0,0,4,0
Locality,Bristol City,1305,2536,133,22,3996,0
Precinct,1 - First Ward,228,422,22,5,677,0
Precinct,2 - Second Ward,355,580,31,8,974,0
Precinct,3 - Third Ward,221,295,27,1,544,0
Precinct,4 - Fourth Ward,416,1142,48,7,1613,0
Precinct,Ab - Central Absentee Precinct,85,96,5,1,187,0
Precinct,Provisional,0,1,0,0,1,0
Locality,Brunswick County,2704,1618,188,13,4523,0
Precinct,101 - Brodnax,123,99,9,0,231,0
Precinct,102 - Rock Store,141,166,14,0,321,0
Precinct,103 - Tillman,129,221,26,2,378,0
Precinct,201 - Dromgoole,92,57,7,0,156,0
Precinct,202 - Edgerton,299,84,13,0,396,0
Precinct,203 - Fitzhugh,244,88,4,0,336,0
Precinct,301 - Alberta,39,43,7,2,91,0
Precinct,302 - Danieltown,219,177,20,2,418,0
Precinct,303 - Elmore,116,70,12,2,200,0
Precinct,304 - Seymour,107,61,7,2,177,0
Precinct,401 - Sturgeon,406,206,25,0,637,0
Precinct,402 - King's Store,192,59,6,0,257,0
Precinct,501 - Totaro,489,157,31,0,677,0
Precinct,Ab - Central Absentee Precinct,108,130,7,3,248,0
Locality,Buchanan County,1461,3275,105,8,4849,0
Precinct,102 - Blackey,48,144,5,0,197,0
Precinct,103 - Hurley,64,346,9,0,419,0
Precinct,201 - Grassy,28,31,0,0,59,0
Precinct,202 - Bull,55,197,5,1,258,0
Precinct,203 - Rocklick,59,220,6,0,285,0
Precinct,301 - Slate,103,264,6,1,374,0
Precinct,302 - North Grundy,76,218,13,0,307,0
Precinct,403 - South Grundy,131,388,7,0,526,0
Precinct,404 - Oakwood,11,28,1,0,40,0
Precinct,501 - Prater,128,140,9,0,277,0
Precinct,502 - Fox,59,38,0,0,97,0
Precinct,503 - Vansant,89,220,7,0,316,0
Precinct,601 - Council,66,118,4,0,188,0
Precinct,602 - Garden,113,200,2,0,315,0
Precinct,603 - Hurricane,104,104,2,0,210,0
Precinct,701 - Whitewood,130,241,10,4,385,0
Precinct,702 - Contrary,85,206,14,0,305,0
Precinct,Ab - Central Absentee Precinct,112,171,5,1,289,0
Precinct,Provisional,0,1,0,1,2,0
Locality,Buckingham County,1804,2053,292,14,4163,0
Precinct,101 - New Canton,265,242,43,1,551,0
Precinct,102 - Georgia Creek,45,78,16,0,139,0
Precinct,201 - White Hall,173,172,20,0,365,0
Precinct,301 - Curdsville,157,234,34,3,428,0
Precinct,302 - New Store,68,210,26,0,304,0
Precinct,401 - Maysville,260,356,42,3,661,0
Precinct,501 - Wrights,81,145,15,4,245,0
Precinct,502 - Glenmore,200,131,43,1,375,0
Precinct,601 - Slate River,316,187,22,1,526,0
Precinct,701 - Gold Hill,161,201,22,0,384,0
Precinct,Ab - Central Absentee Precinct,77,96,9,1,183,0
Precinct,Provisional,1,1,0,0,2,0
Locality,Buena Vista City,422,721,97,5,1245,0
Precinct,1 - First Ward,229,403,67,2,701,0
Precinct,2 - Second Ward,193,318,30,3,544,0
Locality,Campbell County,3712,11133,940,82,15867,0
Precinct,101 - Brookville,307,1056,104,7,1474,0
Precinct,102 - New London,224,907,78,6,1215,0
Precinct,201 - Walker,216,702,47,5,970,0
Precinct,202 - Bedford Springs,289,944,59,6,1298,0
Precinct,301 - Evington,121,286,32,4,443,0
Precinct,302 - Otter River,106,299,27,0,432,0
Precinct,303 - Altavista,373,644,75,9,1101,0
Precinct,401 - Three Forks,143,622,62,4,831,0
Precinct,402 - Court House,280,1077,101,12,1470,0
Precinct,501 - Spring Hill,222,1049,56,2,1329,0
Precinct,502 - Yellow Branch,217,455,44,2,718,0
Precinct,601 - Kings,231,582,31,0,844,0
Precinct,602 - Concord,289,898,79,2,1268,0
Precinct,701 - Brookneal,194,443,30,5,672,0
Precinct,702 - Gladys,249,597,49,1,896,0
Precinct,703 - Morris Church,106,278,37,0,421,0
Precinct,AB - Central Absentee Precinct,142,290,28,9,469,0
Precinct,Provisional,3,4,1,8,16,0
Locality,Caroline County,3794,3380,564,47,7785,0
Precinct,101 - Bowling Green,247,444,56,13,760,0
Precinct,102 - Sparta,229,296,52,3,580,0
Precinct,201 - North Madison,250,231,24,0,505,0
Precinct,202 - South Madison,311,320,66,4,701,0
Precinct,301 - Port Royal,124,167,17,1,309,0
Precinct,302 - Woodford,418,364,40,0,822,0
Precinct,401 - Dawn,717,315,56,1,1089,0
Precinct,402 - Carmel Church,243,118,14,1,376,0
Precinct,501 - West Mattaponi,401,249,42,3,695,0
Precinct,502 - Milford,257,232,67,6,562,0
Precinct,601 - Chilesburg,306,287,57,1,651,0
Precinct,602 - Lake,169,225,47,3,444,0
Precinct,Ab - Central Absentee Precinct,122,128,24,5,279,0
Precinct,Provisional,0,4,2,6,12,0
Locality,Carroll County,2182,5061,603,32,7878,0
Precinct,101 - Mt Bethel,83,170,14,0,267,0
Precinct,102 - St Paul,99,323,17,0,439,0
Precinct,103 - Lambsburg,73,173,4,0,250,0
Precinct,105 - Fancy Gap,106,262,24,2,394,0
Precinct,201 - Hillsville B,330,547,77,8,962,0
Precinct,202 - Laurel Fork,86,197,30,2,315,0
Precinct,203 - Gladesboro,129,290,35,0,454,0
Precinct,301 - Hillsville C,316,575,101,4,996,0
Precinct,302 - Sylvatus,83,223,38,1,345,0
Precinct,303 - Dugspur,36,143,28,1,208,0
Precinct,402 - Woodlawn D,202,411,52,1,666,0
Precinct,403 - Oakland D,102,239,26,2,369,0
Precinct,405 - Oakland A,92,231,34,0,357,0
Precinct,406 - Woodlawn F,19,90,11,0,120,0
Precinct,501 - Vaughan,35,162,14,2,213,0
Precinct,502 - Gladeville,128,388,29,1,546,0
Precinct,503 - Woodlawn E,86,205,24,0,315,0
Precinct,504 - Laurel,71,229,20,3,323,0
Precinct,Ab - Central Absentee Precinct,106,202,25,4,337,0
Precinct,Provisional,0,1,0,1,2,0
Locality,Charles City County,1558,828,145,11,2542,0
Precinct,101 - Precinct 1-1,422,293,43,7,765,0
Precinct,201 - Precinct 2-1,465,179,54,2,700,0
Precinct,301 - Precinct 3-1,533,305,43,0,881,0
Precinct,Ab - Central Absentee Precinct,137,50,5,0,192,0
Precinct,Provisional,1,1,0,2,4,0
Locality,Charlotte County,1358,2104,262,8,3732,0
Precinct,101 - County Seat,194,291,38,0,523,0
Precinct,201 - Red Oak Wylliesburg,215,353,32,1,601,0
Precinct,302 - Drakes Branch,155,225,39,1,420,0
Precinct,401 - Keysville,172,316,54,0,542,0
Precinct,501 - Cullen,85,179,22,1,287,0
Precinct,503 - Red House,98,95,11,1,205,0
Precinct,602 - Phenix,165,344,32,1,542,0
Precinct,701 - Bacon,124,104,10,1,239,0
Precinct,702 - Saxe,86,148,19,0,253,0
Precinct,Ab - Central Absentee Precinct,64,48,5,1,118,0
Precinct,Provisional,0,1,0,1,2,0
Locality,Charlottesville City,9440,1922,1026,120,12508,0
Precinct,101 - Recreation,1278,244,123,17,1662,0
Precinct,102 - Clark,1240,203,146,9,1598,0
Precinct,201 - Carver,1030,132,85,6,1253,0
Precinct,202 - Walker,1484,406,185,22,2097,0
Precinct,301 - Benjamin Tonsler,872,121,83,1,1077,0
Precinct,302 - Johnson,1119,315,133,10,1577,0
Precinct,303 - Buford,497,80,64,6,647,0
Precinct,401 - Venable,446,99,61,4,610,0
Precinct,402 - Alumni Hall,697,221,85,18,1021,0
Precinct,Ab - Central Absentee Precinct,770,97,59,14,940,0
Precinct,Provisional,7,4,2,13,26,0
Locality,Chesapeake City,30838,28855,3391,193,63277,0
Precinct,1 - Great Bridge,383,713,72,2,1170,0
Precinct,2 - Bethel,249,725,52,5,1031,0
Precinct,3 - Camelot,1378,71,18,1,1468,0
Precinct,4 - Churchland,318,559,57,11,945,0
Precinct,5 - Crestwood,996,82,21,1,1100,0
Precinct,6 - Deep Creek,834,719,105,1,1659,0
Precinct,7 - Greenbrier,553,763,79,3,1398,0
Precinct,8 - South Norfolk Recreation,490,420,76,1,987,0
Precinct,9 - Bells Mill,591,994,126,15,1726,0
Precinct,10 - Oscar Smith,214,238,50,4,506,0
Precinct,11 - Geneva Park,310,388,54,2,754,0
Precinct,12 - Georgetown,903,123,19,1,1046,0
Precinct,13 - Gilmerton,470,518,61,0,1049,0
Precinct,14 - Grassfield,97,155,18,6,276,0
Precinct,15 - B M Williams,500,360,42,2,904,0
Precinct,16 - Hickory Grove,320,759,84,6,1169,0
Precinct,17 - Indian Creek,231,478,68,0,777,0
Precinct,18 - Indian River,430,215,28,1,674,0
Precinct,19 - Jolliff,254,538,51,1,844,0
Precinct,20 - E W Chittum,568,690,67,3,1328,0
Precinct,21 - Fellowship,406,573,59,0,1038,0
Precinct,22 - Norfolk Highlands,243,341,36,3,623,0
Precinct,23 - Oak Grove,523,420,56,2,1001,0
Precinct,24 - Oaklette,498,274,64,3,839,0
Precinct,25 - St Julians,249,239,39,1,528,0
Precinct,26 - Johnson Park,240,110,25,2,377,0
Precinct,27 - Silverwood,570,741,87,9,1407,0
Precinct,28 - Sunray I,28,95,10,1,134,0
Precinct,29 - Tanglewood,266,567,69,3,905,0
Precinct,30 - South Norfolk,500,10,7,0,517,0
Precinct,31 - Carver School,968,114,28,0,1110,0
Precinct,32 - Providence,1169,53,21,1,1244,0
Precinct,33 - Westover,215,317,31,4,567,0
Precinct,34 - Hickory Middle School,396,1058,94,7,1555,0
Precinct,35 - Taylor Road,465,178,32,1,676,0
Precinct,36 - Great Bridge Baptist Church,460,813,86,4,1363,0
Precinct,37 - Bridgetown,348,563,59,6,976,0
Precinct,38 - Bailey Creek,298,693,65,3,1059,0
Precinct,39 - Lake Drummond,186,309,32,2,529,0
Precinct,40 - River Birch,583,467,59,1,1110,0
Precinct,41 - John T West,900,615,80,5,1600,0
Precinct,42 - Parkways,487,363,33,0,883,0
Precinct,43 - Pleasant Crossing,278,730,78,4,1090,0
Precinct,44 - Nansemond,413,331,28,1,773,0
Precinct,45 - Sunray II,288,106,13,0,407,0
Precinct,46 - Bells Mill II,455,488,57,2,1002,0
Precinct,47 - Green Sea,178,434,50,4,666,0
Precinct,48 - Jolliff Middle School,1053,61,21,0,1135,0
Precinct,49 - Waterway,756,957,67,9,1789,0
Precinct,50 - River Walk,629,482,51,4,1166,0
Precinct,51 - Coopers Way,337,945,105,4,1391,0
Precinct,52 - Shipyard Road,594,345,52,1,992,0
Precinct,53 - Fairways,396,300,28,0,724,0
Precinct,54 - Pughsville,746,242,51,3,1042,0
Precinct,55 - Georgetown East,674,145,17,3,839,0
Precinct,56 - Green Tree,500,340,40,1,881,0
Precinct,57 - Cypress,487,401,53,3,944,0
Precinct,58 - Expressway,282,87,14,0,383,0
Precinct,59 - Clearfield,296,304,35,0,635,0
Precinct,60 - Parker Road,446,874,83,7,1410,0
Precinct,61 - Centerville,251,707,64,4,1026,0
Precinct,62 - Fentress,369,703,111,4,1187,0
Precinct,63 - Poplar Branch,168,532,58,3,761,0
Precinct,Ab - Central Absentee Precinct,1125,897,90,11,2123,0
Precinct,Provisional,30,23,5,1,59,0
Locality,Chesterfield County,42865,51114,9949,1064,104992,0
Precinct,101 - Bellwood (CD 4),289,361,62,1,713,0
Precinct,102 - South Chester (CD 4),543,692,155,13,1403,0
Precinct,103 - Enon (CD 4),440,888,122,14,1464,0
Precinct,104 - North Chester (CD 4),453,915,168,15,1551,0
Precinct,105 - Drewrys Bluff (CD 4),485,342,81,3,911,0
Precinct,106 - Harrowgate (CD 4),915,833,149,9,1906,0
Precinct,107 - Wells (CD 4),581,662,113,9,1365,0
Precinct,108 - Ecoff (CD 4),577,1198,181,24,1980,0
Precinct,109 - Elizabeth Scott (CD 4),864,988,135,18,2005,0
Precinct,110 - Dutch Gap (CD 4),423,487,66,6,982,0
Precinct,111 - Iron Bridge (CD 4),987,1042,199,15,2243,0
Precinct,112 - Carver (CD 4),592,522,104,8,1226,0
Precinct,201 - Gates (CD 4),432,588,68,5,1093,0
Precinct,202 - Beulah (CD 4),874,538,102,9,1523,0
Precinct,203 - Bird (CD 4),497,323,59,1,880,0
Precinct,204 - Jacobs (CD 4),446,436,82,4,968,0
Precinct,205 - Falling Creek (CD 4),999,526,86,19,1630,0
Precinct,206 - Belmont (CD 7),592,143,46,4,785,0
Precinct,207 - Chippenham (CD 4),303,152,25,1,481,0
Precinct,208 - Meadowbrook (CD 4),892,352,93,10,1347,0
Precinct,209 - Salem Church (CD 4),596,785,155,9,1545,0
Precinct,210 - Five Forks (CD 4),939,619,146,7,1711,0
Precinct,211 - Nash (CD 4),571,1259,232,38,2100,0
Precinct,212 - St. Luke's (CD 4),332,473,66,5,876,0
Precinct,213 - Southside (CD 4),1562,450,75,5,2092,0
Precinct,214 - Hopkins (CD 4),136,29,8,0,173,0
Precinct,301 - Ettrick (CD 4),1175,247,55,5,1482,0
Precinct,302 - Deer Run (CD 4),206,356,72,5,639,0
Precinct,303 - Matoaca (CD 4),879,742,115,11,1747,0
Precinct,304 - Winfrees Store (CD 4),434,1169,151,15,1769,0
Precinct,305 - Beach (CD 4),376,698,101,10,1185,0
Precinct,306 - Winterpock (CD 4),395,1232,170,17,1814,0
Precinct,307 - Cosby (CD 4),537,870,199,15,1621,0
Precinct,308 - South Manchester (CD 4),201,188,44,2,435,0
Precinct,309 - Skinquarter (CD 7),457,1139,169,15,1780,0
Precinct,310 - Tomahawk (CD 7),566,946,194,16,1722,0
Precinct,313 - Woolridge (CD 7),713,1122,214,11,2060,0
Precinct,315 - Bailey Bridge (CD 4),390,1036,148,4,1578,0
Precinct,316 - Spring Run (CD 4),525,769,117,7,1418,0
Precinct,317 - Birkdale (CD 4),586,986,164,9,1745,0
Precinct,401 - Harbour Pointe (CD 7),372,507,131,11,1021,0
Precinct,402 - Genito (CD 7),845,961,206,15,2027,0
Precinct,403 - Brandermill (CD 7),605,880,187,14,1686,0
Precinct,404 - Providence (CD 7),652,609,158,14,1433,0
Precinct,405 - La Prade (CD 7),690,799,166,17,1672,0
Precinct,406 - Smoketree (CD 7),463,834,187,34,1518,0
Precinct,407 - Monacan (CD 7),309,481,123,7,920,0
Precinct,408 - Reams (CD 7),921,672,195,9,1797,0
Precinct,409 - Manchester (CD 7),350,355,98,5,808,0
Precinct,410 - Wagstaff (CD 7),325,437,92,9,863,0
Precinct,411 - Swift Creek (CD 7),587,798,191,15,1591,0
Precinct,413 - Shenandoah (CD 7),553,618,131,5,1307,0
Precinct,414 - Crenshaw (CD 4),688,949,177,13,1827,0
Precinct,415 - Evergreen (CD 7),582,814,198,13,1607,0
Precinct,416 - Evergreen West (CD 7),207,275,53,6,541,0
Precinct,417 - Edgewater (CD 7),208,288,52,5,553,0
Precinct,501 - Huguenot (CD 7),532,583,133,18,1266,0
Precinct,502 - Crestwood (CD 7),350,467,128,16,961,0
Precinct,503 - Midlothian (CD 7),434,773,161,6,1374,0
Precinct,504 - Robious (CD 7),708,1264,293,37,2302,0
Precinct,505 - Bon Air (CD 7),709,853,207,37,1806,0
Precinct,506 - Greenfield (CD 7),678,712,181,22,1593,0
Precinct,507 - Salisbury (CD 7),629,1344,256,47,2276,0
Precinct,508 - Belgrade (CD 7),614,747,148,23,1532,0
Precinct,509 - Cranbeck (CD 7),395,380,90,6,871,0
Precinct,510 - Sycamore (CD 7),528,989,245,38,1800,0
Precinct,511 - Black Heath (CD 7),341,671,153,44,1209,0
Precinct,513 - Beaufont (CD 7),382,156,60,1,599,0
Precinct,514 - Watkins (CD 7),617,1075,228,24,1944,0
Precinct,515 - Davis (CD 7),851,195,81,7,1134,0
Precinct,516 - Pocoshock (CD 7),572,175,41,6,794,0
Precinct,517 - Roseland (CD 7),61,140,26,2,229,0
Precinct,518 - Midlothian North (CD 7),439,979,166,11,1595,0
Precinct,Ab - Central Absentee Precinct (CD 4),1009,1149,158,31,2347,0
Precinct,Ab - Central Absentee Precinct (CD 7),870,1041,154,24,2089,0
Precinct,Provisional (CD 4),13,16,1,32,62,0
Precinct,Provisional (CD 7),16,25,3,46,90,0
Locality,Clarke County,2002,2596,301,8,4907,0
Precinct,101 - Russell,339,599,51,0,989,0
Precinct,201 - Berryville,388,395,48,3,834,0
Precinct,301 - Millwood,290,335,40,1,666,0
Precinct,302 - Pine Grove,124,168,16,0,308,0
Precinct,401 - White Post,352,482,70,1,905,0
Precinct,501 - Buckmarsh,279,379,37,1,696,0
Precinct,502 - Blue Ridge,93,108,22,1,224,0
Precinct,Ab - Central Absentee Precinct,137,130,17,1,285,0
Precinct,Provisional,0,0,0,0,0,0
Locality,Colonial Heights City,1131,3319,560,50,5060,0
Precinct,1 - First,169,368,89,3,629,0
Precinct,2 - Second,165,502,96,7,770,0
Precinct,3 - Third,232,595,103,17,947,0
Precinct,4 - Fourth,254,693,108,10,1065,0
Precinct,5 - Fifth,221,904,123,11,1259,0
Precinct,Ab - Central Absentee Precinct,90,257,41,2,390,0
Precinct,Provisional,0,0,0,0,0,0
Locality,Covington City,590,513,161,11,1275,0
Precinct,101 - Precinct 1-1,76,53,29,1,159,0
Precinct,201 - Precinct 2-1,118,91,25,4,238,0
Precinct,301 - Precinct 3-1,124,52,17,0,193,0
Precinct,401 - Precinct 4-1,138,153,45,2,338,0
Precinct,501 - Precinct 5-1,112,148,41,4,305,0
Precinct,Ab - Central Absentee Precinct,22,16,4,0,42,0
Precinct,Provisional,0,0,0,0,0,0
Locality,Craig County,396,1063,168,5,1632,0
Precinct,101 - Court House,63,202,26,1,292,0
Precinct,201 - Ammendale Precinct,66,235,23,1,325,0
Precinct,202 - North Mountain,13,31,12,2,58,0
Precinct,301 - Givens & Reynolds Store,73,115,15,0,203,0
Precinct,302 - Mcguires Store,38,47,8,1,94,0
Precinct,303 - Marshalls Store,11,61,12,0,84,0
Precinct,401 - Barbours Creek,20,60,17,0,97,0
Precinct,402 - Paint Bank,9,10,6,0,25,0
Precinct,403 - Craig Springs,25,97,5,0,127,0
Precinct,404 - Forks Of Johns Creek,15,25,5,0,45,0
Precinct,501 - Craig City,63,180,39,0,282,0
Precinct,Provisional,0,0,0,0,0,0
Locality,Culpeper County,3923,7272,678,67,11940,0
Precinct,101 - West Fairfax,566,737,73,10,1386,0
Precinct,201 - East Fairfax,434,457,53,4,948,0
Precinct,302 - Eggbornsville,181,465,39,3,688,0
Precinct,303 - Cardova,168,372,27,2,569,0
Precinct,304 - Willow Shade,115,129,19,2,265,0
Precinct,401 - Eldorado,229,481,47,2,759,0
Precinct,402 - Browns Store,390,786,71,8,1255,0
Precinct,501 - Jeffersonton,321,731,56,6,1114,0
Precinct,502 - Rixeyville,265,676,57,5,1003,0
Precinct,601 - Mitchells,68,118,8,0,194,0
Precinct,602 - Pearl Sample,337,621,65,5,1028,0
Precinct,603 - South Ridge,150,177,16,1,344,0
Precinct,702 - Brandy Station,264,663,76,6,1009,0
Precinct,703 - Lignum,142,327,29,2,500,0
Precinct,704 - Richardsville,66,174,18,0,258,0
Precinct,Ab - Central Absentee Precinct,223,353,24,2,602,0
Precinct,Provisional,4,5,0,9,18,0
Locality,Cumberland County,1190,1456,252,10,2908,0
Precinct,101 - Precinct 1,259,331,63,3,656,0
Precinct,201 - Precinct 2,177,346,53,2,578,0
Precinct,301 - Precinct 3,311,185,33,0,529,0
Precinct,401 - Precinct 4,187,281,52,4,524,0
Precinct,501 - Precinct 5,218,278,44,1,541,0
Precinct,Ab - Central Absentee Precinct,38,35,7,0,80,0
Precinct,Provisional,0,0,0,0,0,0
Locality,Danville City,5389,4824,595,28,10836,0
Precinct,1 - Ward One,175,18,8,0,201,0
Precinct,2 - Ward Two,201,115,26,1,343,0
Precinct,3 - Ward Three,275,27,11,0,313,0
Precinct,4 - Ward Four,498,598,67,7,1170,0
Precinct,5 - Ward Five,163,197,39,3,402,0
Precinct,6 - Ward Six,255,36,12,0,303,0
Precinct,7 - Ward Seven,357,77,9,1,444,0
Precinct,8 - Ward Eight,259,209,26,0,494,0
Precinct,9 - Ward Nine,218,194,23,0,435,0
Precinct,10 - Ward Ten,273,334,47,3,657,0
Precinct,11 - Ward Eleven,520,347,47,1,915,0
Precinct,12 - Ward Twelve,556,438,51,3,1048,0
Precinct,13 - Ward Thirteen,437,331,60,5,833,0
Precinct,14 - Ward Fourteen,117,7,2,0,126,0
Precinct,15 - Ward Fifteen,324,424,29,1,778,0
Precinct,16 - Ward Sixteen,296,570,66,1,933,0
Precinct,17 - Ward Seventeen,211,620,56,1,888,0
Precinct,Ab - Central Absentee Precinct,253,278,16,1,548,0
Precinct,Provisional,1,4,0,0,5,0
Locality,Dickenson County,1184,2125,105,19,3433,0
Precinct,101 - South Clintwood,250,481,21,6,758,0
Precinct,201 - Nora,82,125,7,1,215,0
Precinct,202 - Frying Pan,30,64,2,0,96,0
Precinct,203 - Clinchco,101,158,6,0,265,0
Precinct,301 - West Dante,16,104,3,0,123,0
Precinct,302 - Herald,49,153,3,2,207,0
Precinct,303 - Ridge,63,271,7,2,343,0
Precinct,401 - Haysi-colley,244,248,27,2,521,0
Precinct,501 - Tarpon,83,70,4,1,158,0
Precinct,502 - North Clintwood,149,315,15,2,481,0
Precinct,Ab - Central Absentee Precinct,117,136,10,3,266,0
Precinct,Provisional,0,0,0,0,0,0
Locality,Dinwiddie County,3380,3507,549,22,7458,0
Precinct,101 - White Oak,92,211,31,0,334,0
Precinct,102 - Rocky Run,129,273,45,4,451,0
Precinct,103 - Church Road,148,489,74,2,713,0
Precinct,201 - Rohoic,182,131,22,2,337,0
Precinct,202 - Sutherland,393,523,74,2,992,0
Precinct,301 - Reams,115,186,20,1,322,0
Precinct,302 - New Hope,202,291,38,4,535,0
Precinct,303 - Little Zion,469,267,41,1,778,0
Precinct,401 - Dinwiddie,330,382,59,4,775,0
Precinct,402 - Mckenney,210,213,42,0,465,0
Precinct,403 - Cherry Hill,201,108,24,0,333,0
Precinct,501 - Edgehill,94,25,13,0,132,0
Precinct,502 - Chesdin,682,282,59,2,1025,0
Precinct,Ab - Central Absentee Precinct,133,126,7,0,266,0
Precinct,Provisional,0,0,0,0,0,0
Locality,Emporia City,987,569,90,9,1655,0
Precinct,101 - Precinct 1-1,203,72,14,0,289,0
Precinct,201 - Precinct 2-1,125,19,3,0,147,0
Precinct,301 - Precinct 3-1,105,124,23,4,256,0
Precinct,401 - Precinct 4-1,169,137,17,2,325,0
Precinct,501 - Precinct 5-1,141,8,0,0,149,0
Precinct,601 - District 6,120,149,27,1,297,0
Precinct,701 - District 7,124,60,6,2,192,0
Precinct,Provisional,0,0,0,0,0,0
Locality,Essex County,1381,1487,225,22,3115,0
Precinct,101 - Greater Tappahannock,279,336,57,4,676,0
Precinct,201 - North,451,214,31,0,696,0
Precinct,301 - South,276,465,60,6,807,0
Precinct,401 - Central,289,398,66,10,763,0
Precinct,Ab - Central Absentee Precinct,86,73,11,2,172,0
Precinct,Provisional,0,1,0,0,1,0
Locality,Fairfax City,3987,2777,397,35,7196,0
Precinct,1 - One,539,349,56,4,948,0
Precinct,2 - Two,573,453,57,10,1093,0
Precinct,3 - Three,808,541,72,8,1429,0
Precinct,4 - Four,674,447,63,3,1187,0
Precinct,5 - Five,570,395,55,3,1023,0
Precinct,6 - Six,496,365,69,5,935,0
Precinct,Ab - Central Absentee Precinct,324,224,23,2,573,0
Precinct,Provisional,3,3,2,0,8,0
Locality,Fairfax County,178746,110681,15828,1175,306430,0
Precinct,104 - Chapel (CD 11),684,504,68,5,1261,0
Precinct,105 - Fairview (CD 11),1170,860,87,12,2129,0
Precinct,106 - Heritage (CD 11),810,302,66,0,1178,0
Precinct,108 - Kings Park (CD 11),639,495,54,7,1195,0
Precinct,109 - Little Run (CD 11),916,659,93,5,1673,0
Precinct,110 - North Springfield (CD 11),944,652,96,5,1697,0
Precinct,113 - Canterbury (CD 11),1173,814,115,7,2109,0
Precinct,115 - Ravensworth (CD 11),430,354,48,3,835,0
Precinct,116 - Wakefield (CD 11),733,427,70,1,1231,0
Precinct,117 - Woodson (CD 11),701,546,58,4,1309,0
Precinct,118 - Lake Braddock (CD 11),951,552,86,3,1592,0
Precinct,119 - Laurel (CD 11),1045,786,107,9,1947,0
Precinct,120 - Sideburn (CD 11),803,822,90,4,1719,0
Precinct,121 - Villa (CD 11),439,361,61,2,863,0
Precinct,123 - Robinson (CD 11),1002,735,87,10,1834,0
Precinct,125 - Signal Hill (CD 11),880,588,94,6,1568,0
Precinct,126 - Bonnie Brae (CD 11),593,366,59,5,1023,0
Precinct,127 - Burke Centre (CD 11),975,677,93,3,1748,0
Precinct,128 - Cardinal (CD 11),552,407,48,4,1011,0
Precinct,129 - Keene Mill (CD 11),430,300,37,5,772,0
Precinct,130 - Terra Centre (CD 11),649,442,53,4,1148,0
Precinct,131 - Eagle View (CD 11),731,515,75,5,1326,0
Precinct,132 - Monument (CD 11),679,411,45,0,1135,0
Precinct,133 - Danbury (CD 11),192,109,16,3,320,0
Precinct,134 - University (CD 11),576,152,100,2,830,0
Precinct,202 - Flint Hill (CD 11),829,650,76,9,1564,0
Precinct,203 - Floris (CD 11),1001,662,100,3,1766,0
Precinct,204 - Madison (CD 11),232,112,16,3,363,0
Precinct,208 - Reston #1 (CD 11),768,260,50,3,1081,0
Precinct,209 - Reston #2 (CD 11),1018,324,67,5,1414,0
Precinct,213 - Vienna #1 (CD 11),1089,670,122,7,1888,0
Precinct,214 - Vienna #2 (CD 11),901,556,88,5,1550,0
Precinct,216 - Vienna #4 (CD 11),435,218,45,3,701,0
Precinct,218 - Vienna #6 (CD 11),680,332,51,6,1069,0
Precinct,219 - Westbriar (CD 11),930,579,84,7,1600,0
Precinct,220 - Dogwood (CD 11),1053,402,87,2,1544,0
Precinct,221 - Hunters Woods (CD 11),891,440,73,4,1408,0
Precinct,222 - Reston #3 (CD 11),786,206,42,2,1036,0
Precinct,223 - Glade (CD 11),1261,420,104,0,1785,0
Precinct,224 - South Lakes (CD 11),1486,519,115,7,2127,0
Precinct,225 - Terraset (CD 11),1016,362,74,2,1454,0
Precinct,226 - Wolftrap (CD 11),1015,716,93,3,1827,0
Precinct,227 - Sunrise Valley (CD 11),530,325,59,3,917,0
Precinct,229 - Fox Mill (CD 10),1271,915,146,7,2339,0
Precinct,233 - North Point (CD 11),1204,728,126,5,2063,0
Precinct,234 - Aldrin (CD 11),1296,723,107,3,2129,0
Precinct,235 - Frying Pan (CD 11),719,294,68,3,1084,0
Precinct,236 - Stuart (CD 11),375,212,44,2,633,0
Precinct,237 - Mcnair (CD 11),655,302,54,3,1014,0
Precinct,238 - Cameron Glen (CD 11),640,421,61,5,1127,0
Precinct,240 - Colvin (CD 10),517,521,68,6,1112,0
Precinct,301 - Chain Bridge (CD 10),767,551,74,5,1397,0
Precinct,302 - Chesterbrook (CD 8),719,475,74,8,1276,0
Precinct,303 - Churchill (CD 10),415,261,56,3,735,0
Precinct,304 - Cooper (CD 10),470,441,60,5,976,0
Precinct,305 - El Nido (CD 8),678,350,60,4,1092,0
Precinct,306 - Great Falls (CD 10),516,471,44,3,1034,0
Precinct,307 - Haycock (CD 8),736,437,65,10,1248,0
Precinct,309 - Kenmore (CD 10),809,650,107,4,1570,0
Precinct,310 - Kirby (CD 8),574,319,50,5,948,0
Precinct,311 - Langley (CD 10),544,447,51,4,1046,0
Precinct,312 - Longfellow (CD 8),705,390,83,4,1182,0
Precinct,314 - Mclean (CD 10),650,402,51,6,1109,0
Precinct,315 - Pimmit (CD 8),749,384,78,1,1212,0
Precinct,316 - Salona #1 (CD 8),291,174,22,2,489,0
Precinct,317 - Westhampton (CD 8),648,349,73,5,1075,0
Precinct,318 - Westmoreland (CD 8),442,224,30,4,700,0
Precinct,319 - Herndon #1 (CD 11),943,617,100,10,1670,0
Precinct,320 - Herndon #2 (CD 11),1006,485,80,2,1573,0
Precinct,321 - Clearview (CD 10),1137,804,127,0,2068,0
Precinct,322 - Forestville (CD 10),644,723,80,2,1449,0
Precinct,323 - Shouse (CD 10),604,420,61,4,1089,0
Precinct,324 - Herndon #3 (CD 11),830,403,95,7,1335,0
Precinct,325 - Hutchison (CD 11),509,198,45,0,752,0
Precinct,327 - Sugarland (CD 10),792,588,99,4,1483,0
Precinct,328 - Hickory (CD 10),710,582,102,9,1403,0
Precinct,329 - Seneca (CD 10),761,684,77,4,1526,0
Precinct,331 - Spring Hill (CD 10),588,475,57,1,1121,0
Precinct,332 - Coates (CD 11),570,194,33,3,800,0
Precinct,333 - Salona #2 (CD 8),449,308,49,6,812,0
Precinct,401 - Bush Hill (CD 8),805,554,81,8,1448,0
Precinct,402 - Cameron (CD 8),284,166,19,0,469,0
Precinct,404 - Franconia (CD 8),776,405,66,0,1247,0
Precinct,405 - Groveton (CD 8),474,151,32,1,658,0
Precinct,406 - Hayfield (CD 8),572,544,74,2,1192,0
Precinct,408 - Mount Eagle (CD 8),698,220,39,5,962,0
Precinct,409 - Pioneer (CD 8),1110,508,84,7,1709,0
Precinct,410 - Rose Hill (CD 8),1002,663,97,9,1771,0
Precinct,411 - Virginia Hills (CD 8),596,317,47,4,964,0
Precinct,413 - Fairfield (CD 8),510,97,15,0,622,0
Precinct,415 - Crestwood (CD 8),545,371,55,1,972,0
Precinct,417 - Garfield (CD 8),691,415,43,1,1150,0
Precinct,418 - Lynbrook (CD 8),399,241,37,1,678,0
Precinct,419 - Lane (CD 8),883,351,47,3,1284,0
Precinct,420 - Villages (CD 8),1041,484,72,5,1602,0
Precinct,421 - Kingstowne (CD 8),832,388,58,3,1281,0
Precinct,422 - Van Dorn (CD 8),827,398,59,6,1290,0
Precinct,423 - Clermont (CD 8),685,427,67,3,1182,0
Precinct,424 - Huntley (CD 8),786,409,63,4,1262,0
Precinct,426 - Greenspring (CD 11),746,438,47,4,1235,0
Precinct,427 - Island Creek (CD 8),686,329,56,3,1074,0
Precinct,428 - Pinewood (CD 8),763,187,29,2,981,0
Precinct,429 - Hybla Valley (CD 8),800,165,19,2,986,0
Precinct,501 - Baileys (CD 8),848,266,41,2,1157,0
Precinct,502 - Barcroft (CD 11),451,196,48,5,700,0
Precinct,503 - Belvedere (CD 11),574,222,46,1,843,0
Precinct,504 - Bristow (CD 11),556,267,27,5,855,0
Precinct,505 - Glen Forest (CD 8),626,247,36,3,912,0
Precinct,506 - Holmes (CD 8),285,69,9,1,364,0
Precinct,506 - Holmes (CD 11),366,118,28,0,512,0
Precinct,507 - Lincolnia (CD 8),789,286,62,5,1142,0
Precinct,508 - Masonville (CD 11),770,399,62,0,1231,0
Precinct,509 - Plaza (CD 8),338,62,21,2,423,0
Precinct,510 - Parklawn (CD 8),555,309,43,3,910,0
Precinct,511 - Ravenwood (CD 11),767,340,75,4,1186,0
Precinct,512 - Sleepy Hollow (CD 11),427,214,52,2,695,0
Precinct,513 - Saint Albans (CD 8),256,136,26,1,419,0
Precinct,513 - Saint Albans (CD 11),490,231,32,2,755,0
Precinct,515 - Westlawn (CD 8),434,203,26,1,664,0
Precinct,516 - Weyanoke (CD 8),696,299,51,2,1048,0
Precinct,517 - Willston (CD 8),414,166,29,1,610,0
Precinct,518 - Columbia (CD 11),634,371,51,1,1057,0
Precinct,519 - Hummer (CD 11),459,260,26,1,746,0
Precinct,520 - Skyline (CD 8),818,222,43,3,1086,0
Precinct,521 - Brook Hill (CD 8),467,331,34,1,833,0
Precinct,522 - Camelot (CD 11),432,336,36,3,807,0
Precinct,523 - Poe (CD 8),651,381,52,1,1085,0
Precinct,525 - Walnut Hill (CD 8),842,407,73,1,1323,0
Precinct,526 - Bren Mar (CD 8),858,303,51,5,1217,0
Precinct,527 - Edsall (CD 8),519,289,51,2,861,0
Precinct,528 - Ridgelea (CD 11),345,225,44,4,618,0
Precinct,601 - Belle Haven (CD 8),540,408,53,2,1003,0
Precinct,602 - Belleview (CD 8),674,342,67,7,1090,0
Precinct,604 - Bucknell (CD 8),899,316,48,4,1267,0
Precinct,605 - Fort Hunt (CD 8),659,531,59,2,1251,0
Precinct,606 - Hollin Hall (CD 8),810,489,90,11,1400,0
Precinct,607 - Huntington (CD 8),924,393,67,4,1388,0
Precinct,608 - Kirkside (CD 8),739,267,45,3,1054,0
Precinct,609 - Marlan (CD 8),636,412,67,5,1120,0
Precinct,610 - Sherwood (CD 8),574,263,47,5,889,0
Precinct,611 - Stratford (CD 8),882,596,104,11,1593,0
Precinct,612 - Waynewood (CD 8),401,349,52,2,804,0
Precinct,613 - Westgate (CD 8),710,877,108,11,1706,0
Precinct,614 - Riverside (CD 8),532,486,65,6,1089,0
Precinct,615 - Woodley (CD 8),657,485,64,1,1207,0
Precinct,616 - Gunston (CD 8),507,514,47,0,1068,0
Precinct,617 - Lorton (CD 8),559,165,19,1,744,0
Precinct,618 - Newington (CD 11),1104,756,97,4,1961,0
Precinct,619 - Belvoir (CD 8),556,367,47,4,974,0
Precinct,621 - Grosvenor (CD 8),506,199,42,0,747,0
Precinct,622 - Lorton Station (CD 8),825,277,38,3,1143,0
Precinct,623 - Alban (CD 8),630,379,54,0,1063,0
Precinct,625 - Lorton Center (CD 8),464,299,23,2,788,0
Precinct,626 - Saratoga (CD 8),849,579,75,4,1507,0
Precinct,627 - Woodlawn (CD 8),821,294,32,2,1149,0
Precinct,628 - Laurel Hill (CD 11),841,360,45,3,1249,0
Precinct,629 - South County (CD 11),607,555,65,2,1229,0
Precinct,701 - Blake (CD 11),1059,580,103,3,1745,0
Precinct,703 - Fort Buffalo (CD 8),391,127,31,3,552,0
Precinct,704 - Freedom Hill (CD 11),558,349,50,3,960,0
Precinct,705 - Graham - Greenway (CD 8),982,397,82,5,1466,0
Precinct,707 - Mantua (CD 11),669,363,60,0,1092,0
Precinct,708 - Marshall (CD 8),1162,492,104,2,1760,0
Precinct,709 - Mosby (CD 11),800,349,51,6,1206,0
Precinct,710 - Pine Spring (CD 8),665,250,60,2,977,0
Precinct,711 - Price (CD 11),580,315,57,1,953,0
Precinct,712 - Shreve (CD 8),506,230,36,0,772,0
Precinct,713 - Timber Lane (CD 8),840,321,51,6,1218,0
Precinct,714 - Walker (CD 11),805,426,64,1,1296,0
Precinct,717 - Woodburn (CD 11),514,255,48,1,818,0
Precinct,718 - Pine Ridge (CD 11),527,344,53,1,925,0
Precinct,719 - Stenwood (CD 11),317,182,31,1,531,0
Precinct,720 - Thoreau (CD 11),522,331,65,6,924,0
Precinct,721 - Merrifield (CD 11),833,371,83,3,1290,0
Precinct,726 - Magarity (CD 8),770,382,69,5,1226,0
Precinct,727 - Oakton (CD 11),682,544,62,3,1291,0
Precinct,729 - Nottoway (CD 11),957,499,78,12,1546,0
Precinct,730 - Penderbrook (CD 11),706,494,48,1,1249,0
Precinct,731 - Tysons (CD 11),526,309,38,4,877,0
Precinct,732 - Oak Marr (CD 11),836,651,100,7,1594,0
Precinct,733 - Kilmer (CD 11),997,480,72,3,1552,0
Precinct,734 - Hunters Branch (CD 11),444,204,55,0,703,0
Precinct,801 - Burke (CD 11),1060,627,96,3,1786,0
Precinct,802 - Cedar Lake (CD 11),263,140,26,0,429,0
Precinct,803 - Clifton (CD 10),761,1069,102,5,1937,0
Precinct,804 - Colchester (CD 10),361,443,35,1,840,0
Precinct,805 - Fairfax Station (CD 10),361,401,49,3,814,0
Precinct,806 - Sydenstricker (CD 11),749,656,73,2,1480,0
Precinct,807 - Hunt Valley (CD 11),526,467,48,4,1045,0
Precinct,811 - Pohick (CD 11),500,295,49,0,844,0
Precinct,812 - Valley (CD 11),664,545,54,2,1265,0
Precinct,815 - Woodyard (CD 10),559,647,71,1,1278,0
Precinct,824 - Orange (CD 11),958,905,129,7,1999,0
Precinct,825 - Cherry Run (CD 11),725,554,71,3,1353,0
Precinct,827 - Irving (CD 11),686,490,80,6,1262,0
Precinct,833 - White Oaks (CD 11),717,451,76,4,1248,0
Precinct,838 - Sangster (CD 10),552,527,68,5,1152,0
Precinct,839 - Silverbrook (CD 10),790,782,90,5,1667,0
Precinct,840 - West Springfield (CD 11),760,576,96,7,1439,0
Precinct,841 - Popes Head (CD 10),309,440,49,3,801,0
Precinct,842 - Parkway (CD 11),560,493,54,6,1113,0
Precinct,843 - Fair Lakes (CD 11),650,507,54,3,1214,0
Precinct,844 - Centerpointe (CD 11),520,293,35,2,850,0
Precinct,845 - Fountainhead (CD 10),763,943,87,5,1798,0
Precinct,846 - Greenbriar East (CD 11),668,472,68,3,1211,0
Precinct,847 - Greenbriar West (CD 10),494,445,58,4,1001,0
Precinct,848 - Fair Oaks (CD 11),607,362,49,2,1020,0
Precinct,849 - Newgate North (CD 10),379,359,43,4,785,0
Precinct,850 - South Run (CD 10),704,724,72,4,1504,0
Precinct,851 - Willow Springs (CD 11),526,556,50,3,1135,0
Precinct,854 - Newgate South (CD 10),591,797,92,4,1484,0
Precinct,901 - Centre Ridge (CD 11),779,500,73,2,1354,0
Precinct,902 - Brookfield (CD 10),759,526,73,0,1358,0
Precinct,903 - Cub Run (CD 10),849,703,95,4,1651,0
Precinct,904 - Stonecroft (CD 10),296,340,42,0,678,0
Precinct,905 - Franklin (CD 10),244,196,31,4,475,0
Precinct,908 - Kinross East (CD 10),583,483,57,1,1124,0
Precinct,909 - Kinross West (CD 10),564,444,67,1,1076,0
Precinct,910 - London Towne #1 (CD 11),732,413,64,4,1213,0
Precinct,911 - Navy (CD 10),830,584,73,3,1490,0
Precinct,913 - Rocky Run (CD 10),909,830,84,4,1827,0
Precinct,914 - Vale (CD 10),563,476,88,5,1132,0
Precinct,915 - Virginia Run (CD 10),504,716,80,4,1304,0
Precinct,916 - Waples Mill (CD 10),1130,972,114,4,2220,0
Precinct,917 - Stone North (CD 10),407,319,55,4,785,0
Precinct,918 - Centreville (CD 11),802,558,75,1,1436,0
Precinct,919 - Green Trails (CD 11),793,508,60,4,1365,0
Precinct,920 - Chantilly (CD 10),603,428,48,5,1084,0
Precinct,921 - Deer Park (CD 10),655,733,77,5,1470,0
Precinct,923 - Bull Run (CD 10),366,582,60,2,1010,0
Precinct,924 - London Towne #2 (CD 11),150,47,6,0,203,0
Precinct,925 - Old Mill (CD 10),411,295,28,0,734,0
Precinct,926 - Powell (CD 11),729,476,53,2,1260,0
Precinct,927 - Lees Corner #1 (CD 10),409,274,47,3,733,0
Precinct,928 - Poplar Tree (CD 10),594,577,53,4,1228,0
Precinct,929 - Difficult Run (CD 10),156,170,17,1,344,0
Precinct,930 - Lees Corner #2 (CD 10),511,419,69,1,1000,0
Precinct,931 - Carson (CD 10),472,307,45,0,824,0
Precinct,932 - Stone South (CD 10),296,197,28,4,525,0
Precinct,933 - Compton (CD 11),139,119,16,0,274,0
Precinct,Ab - Central Absentee Precinct (CD 10),3740,2808,261,23,6832,0
Precinct,Ab - Central Absentee Precinct (CD 11),7519,3624,422,34,11599,0
Precinct,Ab - Central Absentee Precinct (CD 8),5044,1896,273,15,7228,0
Precinct,Provisional (CD 10),34,19,1,54,108,0
Precinct,Provisional (CD 11),63,45,3,111,222,0
Precinct,Provisional (CD 8),65,34,5,104,208,0
Locality,Falls Church City,3523,1142,253,24,4942,0
Precinct,1 - First Ward,1064,352,99,3,1518,0
Precinct,2 - Second Ward,776,253,48,13,1090,0
Precinct,3 - Third Ward,1107,386,76,4,1573,0
Precinct,Ab - Central Absentee Precinct,569,150,28,4,751,0
Precinct,Provisional,7,1,2,0,10,0
Locality,Fauquier County,7376,12565,992,59,20992,0
Precinct,101 - Kettle Run (CD 5),174,372,29,1,576,0
Precinct,102 - Catlett (CD 1),295,851,61,1,1208,0
Precinct,103 - Casanova (CD 5),222,332,18,1,573,0
Precinct,104 - Lois (CD 1),137,386,19,0,542,0
Precinct,105 - Opal (CD 5),122,365,25,1,513,0
Precinct,106 - Baldwin Ridge (CD 5),254,442,35,0,731,0
Precinct,201 - Courthouse (CD 5),515,733,75,5,1328,0
Precinct,202 - Airlie (CD 5),431,651,64,5,1151,0
Precinct,203 - Warrenton (CD 5),536,641,58,2,1237,0
Precinct,301 - Morrisville (CD 1),220,544,38,2,804,0
Precinct,302 - Remington (CD 5),349,665,34,2,1050,0
Precinct,303 - Bealeton (CD 1),399,735,55,1,1190,0
Precinct,401 - Marshall (CD 5),436,706,46,5,1193,0
Precinct,402 - Leeds (CD 5),519,559,39,3,1120,0
Precinct,403 - Waterloo (CD 5),506,889,75,5,1475,0
Precinct,404 - Springs Valley (CD 5),221,351,32,0,604,0
Precinct,501 - The Plains (CD 5),469,463,60,15,1007,0
Precinct,502 - New Baltimore (CD 5),334,743,59,3,1139,0
Precinct,503 - Broad Run (CD 5),373,693,53,1,1120,0
Precinct,504 - Vint Hill (CD 5),483,915,82,2,1482,0
Precinct,Ab - Central Absentee Precinct (CD 1),23,62,3,0,88,0
Precinct,Ab - Central Absentee Precinct (CD 5),357,464,31,4,856,0
Precinct,Provisional (CD 1),0,1,0,0,1,0
Precinct,Provisional (CD 5),1,2,1,0,4,0
Locality,Floyd County,1488,2636,427,29,4580,0
Precinct,101 - Locust Grove,270,525,73,4,872,0
Precinct,201 - Little River,336,513,91,7,947,0
Precinct,301 - Courthouse,337,438,101,4,880,0
Precinct,401 - Burks Fork,237,497,80,6,820,0
Precinct,501 - Indian Valley,186,543,56,5,790,0
Precinct,Ab - Central Absentee Precinct,121,118,26,3,268,0
Precinct,Provisional,1,2,0,0,3,0
Locality,Fluvanna County,3348,3774,736,52,7910,0
Precinct,101 - Palmyra,643,686,159,7,1495,0
Precinct,201 - Columbia,506,574,96,3,1179,0
Precinct,301 - Fork Union,558,496,90,6,1150,0
Precinct,401 - Cunningham,522,859,143,10,1534,0
Precinct,501 - Rivanna,833,842,208,13,1896,0
Precinct,Ab - Central Absentee Precinct,285,314,40,13,652,0
Precinct,Provisional,1,3,0,0,4,0
Locality,Franklin City,1362,833,92,16,2303,0
Precinct,101 - Precinct 1-1,182,331,36,6,555,0
Precinct,201 - Precinct 2-1,168,246,19,0,433,0
Precinct,301 - Precinct 3-1,321,16,1,1,339,0
Precinct,401 - Precinct 4-1,222,21,3,0,246,0
Precinct,501 - Precinct 5-1,241,6,1,0,248,0
Precinct,601 - Precinct 6-1,180,176,24,7,387,0
Precinct,Ab - Central Absentee Precinct,48,36,8,2,94,0
Precinct,Provisional,0,1,0,0,1,0
Locality,Franklin County,4756,10011,1453,104,16324,0
Precinct,102 - Burnt Chimney,272,712,87,4,1075,0
Precinct,103 - Scruggs,480,1349,158,11,1998,0
Precinct,201 - Glade Hill,240,565,105,5,915,0
Precinct,202 - Penhook,212,514,66,8,800,0
Precinct,203 - Hodgesville,39,96,10,0,145,0
Precinct,204 - Dudley,156,344,66,5,571,0
Precinct,301 - Snow Creek,114,280,64,1,459,0
Precinct,302 - Fork Mountain,93,247,34,2,376,0
Precinct,303 - Sontag,323,331,65,6,725,0
Precinct,304 - Dickinson,175,178,27,2,382,0
Precinct,401 - Henry,108,478,48,5,639,0
Precinct,402 - Ferrum,121,237,42,2,402,0
Precinct,403 - Endicott,103,271,39,0,413,0
Precinct,501 - Waidsboro,144,321,50,3,518,0
Precinct,502 - Callaway,178,438,75,8,699,0
Precinct,503 - Bowmans,108,241,36,5,390,0
Precinct,504 - Gogginsville,166,407,51,7,631,0
Precinct,601 - Boones Mill,260,616,99,2,977,0
Precinct,602 - Bonbrook,216,507,82,3,808,0
Precinct,603 - Coopers Cove,155,437,40,2,634,0
Precinct,701 - Rocky Mount East,319,473,68,11,871,0
Precinct,702 - Rocky Mount West,286,319,53,5,663,0
Precinct,703 - Rocky Mount South,245,291,44,1,581,0
Precinct,Ab - Central Absentee Precinct,241,359,44,6,650,0
Precinct,Provisional,2,0,0,0,2,0
Locality,Frederick County,6339,13148,1070,48,20605,0
Precinct,101 - Russells,219,622,59,2,902,0
Precinct,102 - Gore,239,597,38,3,877,0
Precinct,103 - Kernstown,394,799,64,3,1260,0
Precinct,104 - Cedar Creek,178,430,35,3,646,0
Precinct,201 - Gainesborough,130,429,25,3,587,0
Precinct,202 - Albin,303,618,46,2,969,0
Precinct,203 - Redland,296,730,72,3,1101,0
Precinct,204 - Nain,298,652,44,0,994,0
Precinct,301 - Clear Brook,149,383,27,2,561,0
Precinct,302 - Neff's Town,305,553,41,2,901,0
Precinct,303 - White Hall,422,877,69,4,1372,0
Precinct,401 - Carpers Valley,396,650,59,1,1106,0
Precinct,402 - Shenandoah,151,366,33,0,550,0
Precinct,403 - Parkin's Mill,251,570,57,1,879,0
Precinct,404 - Armel,299,613,37,1,950,0
Precinct,501 - Stephens City,360,611,51,1,1023,0
Precinct,502 - Newtown,336,718,57,2,1113,0
Precinct,503 - Canterburg,320,663,50,3,1036,0
Precinct,601 - Millbrook,223,458,43,0,724,0
Precinct,602 - Ash Hollow,329,514,60,1,904,0
Precinct,603 - Greenwood,492,853,66,2,1413,0
Precinct,Ab - Central Absentee Precinct,247,437,37,2,723,0
Precinct,Provisional,2,5,0,7,14,0
Locality,Fredericksburg City,3488,2154,400,30,6072,0
Precinct,101 - Precinct 1 - District One,701,621,87,2,1411,0
Precinct,201 - Precinct 1 - District Two,1028,525,132,9,1694,0
Precinct,301 - Precinct 1 - District Three,703,594,100,9,1406,0
Precinct,401 - Precinct 1 - District Four,609,156,45,6,816,0
Precinct,402 - Precinct 2 - District Four,248,131,23,4,406,0
Precinct,Ab - Central Absentee Precinct,195,119,12,0,326,0
Precinct,Provisional,4,8,1,0,13,0
Locality,Galax City,455,728,98,4,1285,0
Precinct,1 - East,188,322,40,1,551,0
Precinct,2 - North,122,195,28,1,346,0
Precinct,3 - South,117,179,22,1,319,0
Precinct,Ab - Central Absentee Precinct,28,32,8,1,69,0
Precinct,Provisional,0,0,0,0,0,0
Locality,Giles County,1541,2944,487,25,4997,0
Precinct,101 - Glen Lyn,16,45,4,0,65,0
Precinct,102 - Rich Creek,61,200,20,0,281,0
Precinct,103 - Narrows,239,505,89,2,835,0
Precinct,201 - Pearisburg,381,777,112,9,1279,0
Precinct,202 - Staffordsville,47,157,19,0,223,0
Precinct,203 - White Gate,31,116,4,0,151,0
Precinct,301 - Eggleston,148,210,42,2,402,0
Precinct,302 - Pembroke,304,529,111,2,946,0
Precinct,303 - Newport,231,267,72,2,572,0
Precinct,Ab - Central Absentee Precinct,83,137,14,7,241,0
Precinct,Provisional,0,1,0,1,2,0
Locality,Gloucester County,3633,6688,862,21,11204,0
Precinct,101 - Harcum,264,464,63,1,792,0
Precinct,102 - Salem,210,389,45,1,645,0
Precinct,103 - Peasley,134,342,40,0,516,0
Precinct,201 - Courthouse,335,502,66,2,905,0
Precinct,202 - Botetourt,462,709,103,2,1276,0
Precinct,301 - White Marsh,319,612,56,5,992,0
Precinct,302 - Roanes,361,739,88,2,1190,0
Precinct,401 - Hayes,315,600,70,2,987,0
Precinct,402 - Sarahs Creek,341,578,94,0,1013,0
Precinct,501 - Achilles,408,1007,138,2,1555,0
Precinct,502 - Walker,330,523,71,0,924,0
Precinct,Ab - Central Absentee Precinct,153,219,28,4,404,0
Precinct,Provisional,1,4,0,0,5,0
Locality,Goochland County,3077,5155,839,127,9198,0
Precinct,101 - Fife,244,313,49,1,607,0
Precinct,102 - Hadensville,335,524,100,10,969,0
Precinct,201 - Three Square,161,108,28,0,297,0
Precinct,202 - Sandy Hook,523,633,104,10,1270,0
Precinct,301 - Goochland Court House 1,323,471,73,7,874,0
Precinct,302 - Goochland Court House 2,111,213,40,6,370,0
Precinct,401 - Shallow Well,346,424,81,12,863,0
Precinct,402 - Centerville,292,753,104,20,1169,0
Precinct,501 - Manakin,390,906,137,32,1465,0
Precinct,502 - Blair Road,192,522,97,19,830,0
Precinct,Ab - Central Absentee Precinct,160,287,26,9,482,0
Precinct,Provisional,0,1,0,1,2,0
Locality,Grayson County,1400,3094,359,0,4853,0
Precinct,101 - Bridle Creek,78,118,12,0,208,0
Precinct,102 - Flatridge,49,87,5,0,141,0
Precinct,103 - Grant,78,137,18,0,233,0
Precinct,104 - Mouth Of Wilson,50,84,8,0,142,0
Precinct,105 - Mount Rogers,43,108,5,0,156,0
Precinct,106 - Rugby,50,106,7,0,163,0
Precinct,107 - Troutdale,15,81,10,0,106,0
Precinct,108 - Comers Rock,45,98,12,0,155,0
Precinct,202 - Elk Creek,84,193,32,0,309,0
Precinct,203 - Independence,271,556,57,0,884,0
Precinct,301 - Baywood,120,320,44,0,484,0
Precinct,302 - Fairview,144,405,42,0,591,0
Precinct,401 - Fries,88,147,17,0,252,0
Precinct,402 - Providence,107,360,51,0,518,0
Precinct,403 - Oldtown,73,136,21,0,230,0
Precinct,Ab - Central Absentee Precinct,105,158,18,0,281,0
Locality,Greene County,1719,3069,534,30,5352,0
Precinct,101 - Dyke,142,327,44,0,513,0
Precinct,102 - Swift Run,181,368,78,6,633,0
Precinct,201 - Ruckersville,394,586,127,7,1114,0
Precinct,301 - Stanardsville,367,751,106,8,1232,0
Precinct,401 - Midway,504,849,154,3,1510,0
Precinct,Ab - Central Absentee Precinct,131,186,25,4,346,0
Precinct,Provisional,0,2,0,2,4,0
Locality,Greensville County,1724,1012,130,4,2870,0
Precinct,101 - Precinct 1-a,198,86,9,1,294,0
Precinct,102 - Precinct 1-b,56,58,6,0,120,0
Precinct,103 - Precinct 1-c,142,26,5,0,173,0
Precinct,201 - Precinct 2-a,267,99,8,0,374,0
Precinct,202 - Precinct 2-b,193,208,20,1,422,0
Precinct,302 - Precinct 3-a,522,256,26,2,806,0
Precinct,401 - Precinct 4-a,82,105,22,0,209,0
Precinct,402 - Precinct 4-b,199,98,25,0,322,0
Precinct,403 - Precinct 4-c,64,75,9,0,148,0
Precinct,Provisional,1,1,0,0,2,0
Locality,Halifax County,3909,5432,622,59,10022,0
Precinct,101 - Childrey,185,252,16,0,453,0
Precinct,102 - Liberty,90,118,14,0,222,0
Precinct,103 - Republican Grove,200,212,29,1,442,0
Precinct,201 - Clays Mill,110,205,28,3,346,0
Precinct,202 - Crossroads,134,176,15,4,329,0
Precinct,203 - Clover,230,229,31,4,494,0
Precinct,302 - Meadville,145,62,11,0,218,0
Precinct,304 - Vernon Hill,131,203,24,0,358,0
Precinct,305 - Sinai,385,222,37,3,647,0
Precinct,401 - Courthouse,316,318,44,1,679,0
Precinct,403 - Center,164,435,53,14,666,0
Precinct,502 - Dan River,197,532,67,8,804,0
Precinct,503 - Scottsburg,89,276,21,1,387,0
Precinct,601 - Black Walnut,148,284,36,2,470,0
Precinct,603 - Mt Carmel,298,339,45,6,688,0
Precinct,605 - Union,76,124,16,1,217,0
Precinct,701 - Hyco,149,422,31,1,603,0
Precinct,702 - Midway,75,333,23,2,433,0
Precinct,703 - Virgilina,69,236,12,0,317,0
Precinct,801 - South Boston East,346,164,34,3,547,0
Precinct,802 - South Boston West,249,107,22,2,380,0
Precinct,Ab - Central Absentee Precinct,121,180,13,3,317,0
Precinct,Provisional,2,3,0,0,5,0
Locality,Hampton City,24631,10384,1902,54,36971,0
Precinct,101 - Aberdeen (CD 3),914,142,14,0,1070,0
Precinct,102 - Bassette (CD 3),1184,48,23,1,1256,0
Precinct,103 - City Hall (CD 3),607,106,17,1,731,0
Precinct,104 - Cooper (CD 3),1200,164,43,1,1408,0
Precinct,105 - East Hampton (CD 3),423,166,31,1,621,0
Precinct,106 - Armstrong (CD 3),778,448,100,11,1337,0
Precinct,107 - Lindsay (CD 3),956,175,27,0,1158,0
Precinct,108 - Thomas (CD 3),1184,129,36,3,1352,0
Precinct,109 - Phenix (CD 3),1356,75,23,2,1456,0
Precinct,110 - Phoebus (CD 3),194,122,25,1,342,0
Precinct,111 - Hampton Library (CD 3),318,192,50,1,561,0
Precinct,112 - Smith (CD 3),1176,327,72,1,1576,0
Precinct,115 - Wythe (CD 3),422,311,66,2,801,0
Precinct,116 - Jones (CD 3),492,99,28,1,620,0
Precinct,117 - Kecoughtan (CD 3),721,230,56,0,1007,0
Precinct,118 - Mallory (CD 3),1408,158,29,1,1596,0
Precinct,201 - Booker (CD 2),702,686,101,6,1495,0
Precinct,202 - Bryan (CD 2),628,534,119,2,1283,0
Precinct,203 - Burbank (CD 2),473,352,61,1,887,0
Precinct,204 - Forrest (CD 3),694,335,53,0,1082,0
Precinct,205 - Asbury (CD 2),751,1097,180,2,2030,0
Precinct,208 - Kraft (CD 3),1112,679,127,1,1919,0
Precinct,209 - Langley (CD 2),587,462,95,4,1148,0
Precinct,210 - Machen (CD 3),4,4,1,0,9,0
Precinct,210 - Machen (CD 2),1236,366,49,2,1653,0
Precinct,212 - Bethel (CD 3),1428,518,80,2,2028,0
Precinct,213 - Phillips (CD 2),934,970,174,2,2080,0
Precinct,214 - Tucker Capps (CD 3),835,540,66,1,1442,0
Precinct,215 - Tyler (CD 3),261,60,11,1,333,0
Precinct,216 - Sandy Bottom (CD 2),591,282,47,2,922,0
Precinct,217 - Syms (CD 2),310,316,44,0,670,0
Precinct,Ab - Central Absentee Precinct (CD 2),211,142,28,1,382,0
Precinct,Ab - Central Absentee Precinct (CD 3),522,142,23,0,687,0
Precinct,Provisional (CD 2),7,4,2,0,13,0
Precinct,Provisional (CD 3),12,3,1,0,16,0
Locality,Hanover County,10862,23415,3860,683,38820,0
Precinct,101 - Ashland,460,334,103,14,911,0
Precinct,104 - Sliding Hill,393,554,125,14,1086,0
Precinct,105 - Berkley,445,267,85,13,810,0
Precinct,106 - Kersey Creek,197,396,87,13,693,0
Precinct,107 - Chickahominy,286,540,121,18,965,0
Precinct,201 - Beaverdam,351,933,140,14,1438,0
Precinct,202 - Blunts,244,367,74,11,696,0
Precinct,203 - Wilmington Parish,290,697,99,16,1102,0
Precinct,206 - Courthouse,211,336,72,14,633,0
Precinct,208 - Oak Knoll,231,564,84,11,890,0
Precinct,209 - West Hanover,94,155,29,1,279,0
Precinct,210 - Oak Hill,82,243,31,5,361,0
Precinct,301 - Clay,334,871,129,32,1366,0
Precinct,303 - Shady Grove,293,717,113,35,1158,0
Precinct,304 - Atlee,621,1226,234,51,2132,0
Precinct,305 - Cool Spring,412,717,121,21,1271,0
Precinct,401 - Battlefield,268,1022,115,23,1428,0
Precinct,403 - Cold Harbor,402,1014,174,31,1621,0
Precinct,404 - Black Creek,267,1056,125,18,1466,0
Precinct,405 - Pebble Creek,234,506,81,7,828,0
Precinct,406 - Beaverdam Creek,72,155,34,3,264,0
Precinct,502 - Rural Point,324,764,110,31,1229,0
Precinct,503 - Newman,303,541,118,12,974,0
Precinct,504 - Studley,128,598,82,24,832,0
Precinct,505 - Totopotomoy,146,472,67,6,691,0
Precinct,506 - Georgetown,233,604,78,23,938,0
Precinct,507 - Laurel Meadow,295,694,97,18,1104,0
Precinct,601 - Village,395,1166,183,39,1783,0
Precinct,602 - Lee Davis,290,819,120,14,1243,0
Precinct,603 - Mechanicsville,274,457,89,8,828,0
Precinct,604 - Hanover Grove,186,514,86,21,807,0
Precinct,701 - Farrington,329,771,112,12,1224,0
Precinct,702 - Montpelier,393,620,112,11,1136,0
Precinct,703 - Rockville,325,768,101,17,1211,0
Precinct,704 - Elmont,414,793,138,25,1370,0
Precinct,705 - South Anna,175,405,75,10,665,0
Precinct,Ab - Central Absentee Precinct,463,754,115,39,1371,0
Precinct,Provisional,2,5,1,8,16,0
Locality,Harrisonburg City,4190,3236,572,39,8037,0
Precinct,101 - Northeast,625,424,89,5,1143,0
Precinct,102 - East Central,653,358,81,10,1102,0
Precinct,103 - Southeast,484,406,82,1,973,0
Precinct,104 - East,436,399,74,6,915,0
Precinct,201 - Northwest,585,527,89,7,1208,0
Precinct,202 - Southwest,635,512,83,6,1236,0
Precinct,203 - West,569,450,52,3,1074,0
Precinct,Ab - Central Absentee Precinct,200,160,22,1,383,0
Precinct,Provisional,3,0,0,0,3,0
Locality,Henrico County,53132,39400,9709,1448,103689,0
Precinct,101 - Coalpit (CD 7),724,797,219,13,1753,0
Precinct,102 - Dumbarton (CD 7),887,337,134,9,1367,0
Precinct,103 - Glen Allen (CD 7),686,947,187,28,1848,0
Precinct,104 - Glenside (CD 7),587,176,67,2,832,0
Precinct,105 - Greendale (CD 7),323,298,111,7,739,0
Precinct,106 - Hermitage (CD 7),653,512,154,10,1329,0
Precinct,107 - Hilliard (CD 7),295,205,100,14,614,0
Precinct,108 - Hungary Creek (CD 7),832,947,233,35,2047,0
Precinct,109 - Hunton (CD 7),147,273,64,6,490,0
Precinct,110 - Johnson (CD 7),184,160,64,3,411,0
Precinct,111 - Lakeside (CD 7),482,488,171,6,1147,0
Precinct,112 - Longan (CD 7),520,651,142,13,1326,0
Precinct,113 - Maude Trevvett (CD 7),243,305,61,9,618,0
Precinct,114 - Monument Hills (CD 7),251,239,79,16,585,0
Precinct,115 - Staples Mill (CD 7),763,1033,249,48,2093,0
Precinct,116 - Summit Court (CD 7),272,267,101,1,641,0
Precinct,117 - Westwood (CD 7),431,382,118,22,953,0
Precinct,201 - Adams (CD 3),851,46,27,1,925,0
Precinct,202 - Azalea (CD 3),1172,87,49,2,1310,0
Precinct,203 - Belmont (CD 7),650,311,136,6,1103,0
Precinct,204 - Brookland (CD 7),155,115,33,6,309,0
Precinct,205 - Canterbury (CD 7),195,286,53,23,557,0
Precinct,206 - Central Gardens (CD 3),1320,25,25,0,1370,0
Precinct,207 - Chamberlayne (CD 7),1041,318,84,10,1453,0
Precinct,208 - Fairfield (CD 3),930,30,21,1,982,0
Precinct,209 - Glen Lea (CD 3),645,122,28,3,798,0
Precinct,210 - Greenwood (CD 7),627,102,42,2,773,0
Precinct,211 - Highland Gardens (CD 3),750,35,18,0,803,0
Precinct,212 - Hollybrook (CD 7),250,115,48,3,416,0
Precinct,213 - Hungary (CD 7),648,105,49,1,803,0
Precinct,214 - Longdale (CD 7),415,226,80,3,724,0
Precinct,215 - Maplewood (CD 3),1317,54,27,1,1399,0
Precinct,216 - Moody (CD 7),225,213,70,4,512,0
Precinct,217 - Mountain (CD 7),150,144,32,3,329,0
Precinct,218 - Oakview (CD 7),31,34,12,0,77,0
Precinct,219 - Randolph (CD 7),159,28,6,1,194,0
Precinct,220 - Ratcliffe (CD 3),1509,64,44,5,1622,0
Precinct,221 - Stratford Hall (CD 7),68,64,25,4,161,0
Precinct,222 - Wilder (CD 3),915,162,56,5,1138,0
Precinct,223 - Yellow Tavern (CD 7),838,582,118,11,1549,0
Precinct,301 - Causeway (CD 7),368,456,119,19,962,0
Precinct,302 - Cedarfield (CD 7),482,711,154,34,1381,0
Precinct,303 - Innsbrook (CD 7),503,608,140,16,1267,0
Precinct,304 - Jackson Davis (CD 7),295,426,78,15,814,0
Precinct,305 - Nuckols Farm (CD 7),592,928,215,30,1765,0
Precinct,306 - Pocahontas (CD 7),466,485,131,20,1102,0
Precinct,307 - Ridge (CD 7),278,421,82,9,790,0
Precinct,308 - Rivers Edge (CD 7),436,790,147,30,1403,0
Precinct,309 - Sadler (CD 7),419,575,117,16,1127,0
Precinct,310 - Shady Grove (CD 7),502,947,181,18,1648,0
Precinct,311 - Short Pump (CD 7),535,743,173,16,1467,0
Precinct,312 - Springfield (CD 7),378,346,94,9,827,0
Precinct,313 - Stoney Run (CD 7),738,950,238,34,1960,0
Precinct,314 - Three Chopt (CD 7),496,643,183,23,1345,0
Precinct,315 - Tucker (CD 7),751,365,101,5,1222,0
Precinct,401 - Byrd (CD 7),613,681,181,19,1494,0
Precinct,402 - Crestview (CD 7),451,396,123,11,981,0
Precinct,403 - Derbyshire (CD 7),356,636,131,19,1142,0
Precinct,404 - Freeman (CD 7),347,427,124,15,913,0
Precinct,405 - Gayton (CD 7),648,969,211,51,1879,0
Precinct,406 - Godwin (CD 7),565,613,151,26,1355,0
Precinct,407 - Lakewood (CD 7),373,610,105,22,1110,0
Precinct,408 - Lauderdale (CD 7),506,568,131,14,1219,0
Precinct,409 - Maybeury (CD 7),521,679,198,29,1427,0
Precinct,410 - Mooreland (CD 7),263,571,99,29,962,0
Precinct,411 - Pemberton (CD 7),442,426,110,27,1005,0
Precinct,412 - Pinchbeck (CD 7),575,696,155,16,1442,0
Precinct,413 - Ridgefield (CD 7),611,791,171,18,1591,0
Precinct,414 - Rollingwood (CD 7),457,480,146,27,1110,0
Precinct,415 - Skipwith (CD 7),332,325,77,10,744,0
Precinct,416 - Spottswood (CD 7),223,260,99,20,602,0
Precinct,417 - Tuckahoe (CD 7),634,1194,254,62,2144,0
Precinct,418 - Welborne (CD 7),347,361,86,24,818,0
Precinct,419 - West End (CD 7),545,626,150,32,1353,0
Precinct,501 - Antioch (CD 3),239,672,101,12,1024,0
Precinct,502 - Cedar Fork (CD 3),462,80,38,4,584,0
Precinct,503 - Chickahominy (CD 3),495,610,101,9,1215,0
Precinct,504 - Donahoe (CD 3),428,207,64,1,700,0
Precinct,505 - Dorey (CD 3),601,605,76,9,1291,0
Precinct,506 - Eanes (CD 3),657,197,57,2,913,0
Precinct,507 - Elko (CD 3),87,268,37,7,399,0
Precinct,508 - Highland Springs (CD 3),695,141,43,3,882,0
Precinct,509 - Laburnum (CD 3),609,230,58,5,902,0
Precinct,510 - Mehfoud (CD 3),684,252,56,4,996,0
Precinct,511 - Montrose (CD 3),1537,211,74,0,1822,0
Precinct,512 - Nine Mile (CD 3),265,177,58,2,502,0
Precinct,513 - Pleasants (CD 3),1176,126,45,1,1348,0
Precinct,514 - Rolfe (CD 3),2129,180,66,5,2380,0
Precinct,515 - Sandston (CD 3),271,564,124,5,964,0
Precinct,516 - Sullivans (CD 3),615,288,54,6,963,0
Precinct,517 - Town Hall (CD 3),221,278,49,6,554,0
Precinct,518 - Whitlocks (CD 3),435,620,78,4,1137,0
Precinct,Ab - Central Absentee Precinct (CD 3),796,209,53,6,1064,0
Precinct,Ab - Central Absentee Precinct (CD 7),1450,1434,262,68,3214,0
Precinct,Provisional (CD 3),33,7,2,42,84,0
Precinct,Provisional (CD 7),58,56,21,145,280,0
Locality,Henry County,4558,8024,917,34,13533,0
Precinct,101 - Bassett Number Two (CD 9),131,120,20,1,272,0
Precinct,102 - Gunville (CD 9),111,354,47,3,515,0
Precinct,103 - Scott's Tanyard (CD 9),210,657,87,0,954,0
Precinct,201 - Fieldale (CD 9),113,193,27,0,333,0
Precinct,202 - Horsepasture #1 (CD 9),212,348,41,0,601,0
Precinct,203 - Horsepasture #2 (CD 9),415,118,10,1,544,0
Precinct,204 - Spencer (CD 9),195,417,22,1,635,0
Precinct,302 - Axton (CD 5),236,199,20,2,457,0
Precinct,303 - Irisburg (CD 5),313,403,42,0,758,0
Precinct,304 - Mount Olivet (CD 5),501,438,54,1,994,0
Precinct,304 - Mount Olivet (CD 9),2,0,0,0,2,0
Precinct,305 - Mountain Valley (CD 5),178,218,19,2,417,0
Precinct,401 - Collinsville Number 1 (CD 9),99,288,39,1,427,0
Precinct,402 - Daniels Creek (CD 9),96,269,38,3,406,0
Precinct,404 - Collinsville Number 2 (CD 9),217,542,59,3,821,0
Precinct,405 - Mountain View (CD 5),185,244,32,0,461,0
Precinct,501 - Bassett Number One (CD 9),135,190,21,1,347,0
Precinct,502 - Figsboro (CD 9),144,345,32,4,525,0
Precinct,503 - Stanleytown (CD 9),149,538,73,3,763,0
Precinct,504 - Oak Level (CD 9),63,202,21,0,286,0
Precinct,505 - Dyers Store (CD 5),8,26,4,0,38,0
Precinct,505 - Dyers Store (CD 9),114,158,20,1,293,0
Precinct,601 - Fontaine (CD 9),162,444,50,1,657,0
Precinct,602 - Hillcrest (CD 9),102,140,13,1,256,0
Precinct,603 - Ridgeway #1 (CD 5),169,470,44,2,685,0
Precinct,604 - Ridgeway #2 (CD 9),139,383,43,1,566,0
Precinct,Ab - Central Absentee Precinct (CD 5),41,84,11,0,136,0
Precinct,Ab - Central Absentee Precinct (CD 9),117,236,28,1,382,0
Precinct,Provisional (CD 5),0,0,0,0,0,0
Precinct,Provisional (CD 9),1,0,0,1,2,0
Locality,Highland County,279,557,63,4,903,0
Precinct,1 - Monterey,112,164,27,2,305,0
Precinct,3 - Wilsons Mill,27,34,5,0,66,0
Precinct,5 - Blue Grass,46,109,5,0,160,0
Precinct,7 - Mill Gap,30,64,11,2,107,0
Precinct,8 - Mcdowell,49,143,15,0,207,0
Precinct,10 - Headwaters,15,43,0,0,58,0
Locality,Hopewell City,2499,2446,456,28,5429,0
Precinct,101 - Ward One,262,263,67,1,593,0
Precinct,201 - Ward Two,409,78,15,0,502,0
Precinct,301 - Ward Three,251,681,102,9,1043,0
Precinct,401 - Ward Four,433,500,96,5,1034,0
Precinct,501 - Ward Five,247,486,74,8,815,0
Precinct,601 - Ward Six,449,73,26,0,548,0
Precinct,701 - Ward Seven,343,218,52,2,615,0
Precinct,Ab - Central Absentee Precinct,105,147,24,3,279,0
Locality,Isle of Wight County,4843,6547,748,24,12162,0
Precinct,101 - Smithfield,526,881,114,5,1526,0
Precinct,102 - Cypress Creek,417,690,61,3,1171,0
Precinct,201 - Bartlett,502,846,112,2,1462,0
Precinct,202 - Carrollton,473,740,83,3,1299,0
Precinct,301 - Rushmere,606,428,59,3,1096,0
Precinct,302 - Pons,734,329,46,1,1110,0
Precinct,401 - Courthouse,126,279,32,1,438,0
Precinct,402 - Windsor,290,515,45,1,851,0
Precinct,403 - Longview,294,418,35,0,747,0
Precinct,501 - Walters,129,326,39,1,495,0
Precinct,502 - Camps Mill,145,90,8,0,243,0
Precinct,503 - Carrsville,145,160,23,0,328,0
Precinct,504 - Zuni,177,380,42,2,601,0
Precinct,505 - Raynor,104,208,23,0,335,0
Precinct,Ab - Central Absentee Precinct,170,257,25,2,454,0
Precinct,Provisional,5,0,1,0,6,0
Locality,James City County,11344,13756,1722,94,26916,0
Precinct,101 - Berkeley A,971,1115,171,7,2264,0
Precinct,102 - Berkeley B,475,561,89,4,1129,0
Precinct,103 - Berkeley C,719,1306,116,12,2153,0
Precinct,201 - Jamestown A,259,186,26,0,471,0
Precinct,202 - Jamestown B,669,565,97,3,1334,0
Precinct,203 - Jamestown C,496,622,70,5,1193,0
Precinct,204 - Jamestown D,771,1148,107,9,2035,0
Precinct,301 - Powhatan A,722,1069,107,5,1903,0
Precinct,302 - Powhatan B,252,227,37,1,517,0
Precinct,303 - Powhatan C,210,385,55,0,650,0
Precinct,304 - Powhatan D,744,594,83,6,1427,0
Precinct,401 - Stonehouse A,528,747,96,2,1373,0
Precinct,402 - Stonehouse B,857,1057,174,9,2097,0
Precinct,403 - Stonehouse C,567,898,99,4,1568,0
Precinct,501 - Roberts A,452,159,32,1,644,0
Precinct,502 - Roberts B,712,1129,98,8,1947,0
Precinct,503 - Roberts C,174,62,13,1,250,0
Precinct,504 - Roberts D,782,787,146,9,1724,0
Precinct,Ab - Central Absentee Precinct,970,1126,102,8,2206,0
Precinct,Provisional,14,13,4,0,31,0
Locality,King and Queen County,968,1051,156,22,2197,0
Precinct,101 - Owenton,246,111,19,1,377,0
Precinct,201 - Clarks,171,241,31,5,448,0
Precinct,301 - Shacklefords,172,219,26,2,419,0
Precinct,401 - Courthouse,240,195,34,8,477,0
Precinct,501 - Oldmill,87,237,37,2,363,0
Precinct,Ab - Central Absentee Precinct,52,48,9,4,113,0
Precinct,Provisional,0,0,0,0,0,0
Locality,King George County,2289,3985,382,12,6668,0
Precinct,101 - Courthouse,339,651,54,2,1046,0
Precinct,102 - Passapatanzy,207,326,16,0,549,0
Precinct,201 - Monroe,501,1124,133,6,1764,0
Precinct,301 - Dahlgren,575,815,77,0,1467,0
Precinct,401 - Shiloh,532,884,84,4,1504,0
Precinct,Ab - Central Absentee Precinct,135,183,18,0,336,0
Precinct,Provisional,0,2,0,0,2,0
Locality,King William County,1671,2976,543,48,5238,0
Precinct,101 - West Point,312,589,143,13,1057,0
Precinct,201 - Sweet Hall,108,209,39,5,361,0
Precinct,202 - Courthouse,318,285,45,7,655,0
Precinct,301 - Aylett,230,594,109,5,938,0
Precinct,401 - Manquin,283,627,82,9,1001,0
Precinct,501 - Mangohick,372,582,108,8,1070,0
Precinct,Ab - Central Absentee Precinct,47,90,17,0,154,0
Precinct,Provisional,1,0,0,1,2,0
Locality,Lancaster County,1786,2367,329,55,4537,0
Precinct,101 - Precinct 1-1,305,459,63,13,840,0
Precinct,201 - Precinct 2-1,364,297,41,4,706,0
Precinct,301 - Precinct 3-1,225,400,62,9,696,0
Precinct,302 - Precinct 3-2,92,186,28,3,309,0
Precinct,401 - Precinct 4-1,364,228,36,6,634,0
Precinct,501 - Precinct 5-1,315,613,78,13,1019,0
Precinct,Ab - Central Absentee Precinct,117,183,21,2,323,0
Precinct,Provisional,4,1,0,5,10,0
Locality,Lee County,1180,3507,101,8,4796,0
Precinct,101 - Elydale,66,177,6,0,249,0
Precinct,102 - Ewing,52,174,3,1,230,0
Precinct,103 - Rose Hill,83,300,8,0,391,0
Precinct,201 - Blackwater,22,57,2,0,81,0
Precinct,202 - Flatwoods,63,292,9,0,364,0
Precinct,203 - Jonesville,150,414,17,0,581,0
Precinct,301 - Ben Hur,145,448,8,1,602,0
Precinct,302 - Woodway,96,291,4,0,391,0
Precinct,401 - Stickleyville,62,159,4,0,225,0
Precinct,402 - Jasper,50,94,9,1,154,0
Precinct,403 - Seminary,43,183,4,0,230,0
Precinct,404 - Dryden,87,259,7,2,355,0
Precinct,501 - Saint Charles,71,83,2,0,156,0
Precinct,502 - Pennington,85,327,5,2,419,0
Precinct,503 - Robbins Chapel,6,51,2,0,59,0
Precinct,504 - Keokee,37,64,2,0,103,0
Precinct,Ab - Central Absentee Precinct,62,134,9,1,206,0
Precinct,Provisional,0,0,0,0,0,0
Locality,Lexington City,936,499,65,19,1519,0
Precinct,1 - Lexington,871,464,64,16,1415,0
Precinct,Ab - Central Absentee Precinct,65,34,1,3,103,0
Precinct,Provisional,0,1,0,0,1,0
Locality,Loudoun County,44369,40464,4502,205,89540,0
Precinct,107 - Little River,909,885,94,6,1894,0
Precinct,108 - Mercer,512,434,40,4,990,0
Precinct,112 - Freedom,689,611,50,5,1355,0
Precinct,114 - Dulles South,251,223,22,2,498,0
Precinct,117 - Carter,794,367,50,1,1212,0
Precinct,118 - Moorefield,368,242,29,1,640,0
Precinct,119 - Arcola,518,432,49,2,1001,0
Precinct,120 - Lunsford,514,448,35,1,998,0
Precinct,121 - Town Hall,351,343,47,1,742,0
Precinct,122 - Hutchison Farm,580,537,49,4,1170,0
Precinct,207 - River Bend,437,415,47,0,899,0
Precinct,208 - Algonkian,420,370,46,0,836,0
Precinct,209 - Potomac Falls,563,463,52,1,1079,0
Precinct,210 - Cascades,693,514,73,3,1283,0
Precinct,213 - Countryside,234,172,28,0,434,0
Precinct,214 - Sugarland North,741,631,69,7,1448,0
Precinct,215 - Sugarland South,626,485,72,3,1186,0
Precinct,216 - Lowes Island,532,495,59,2,1088,0
Precinct,217 - South Bank,633,498,71,0,1202,0
Precinct,218 - University Center,325,249,41,0,615,0
Precinct,219 - Galilee Church,406,320,45,2,773,0
Precinct,301 - Purcellville,602,711,59,2,1374,0
Precinct,302 - Round Hill,453,624,44,2,1123,0
Precinct,303 - Hillsboro,425,603,61,1,1090,0
Precinct,305 - Philomont,210,334,28,2,574,0
Precinct,307 - Middleburg,293,231,37,2,563,0
Precinct,308 - St Louis,321,254,28,0,603,0
Precinct,309 - Aldie,244,226,21,1,492,0
Precinct,310 - Mountain View,468,704,72,5,1249,0
Precinct,311 - Round Hill Elementary,368,550,46,1,965,0
Precinct,312 - Briar Woods,578,716,57,2,1353,0
Precinct,313 - Pinebrook,375,304,31,0,710,0
Precinct,314 - Legacy,668,492,57,2,1219,0
Precinct,315 - Firehouse,178,240,24,0,442,0
Precinct,316 - Creighton's Corner,551,412,57,6,1026,0
Precinct,401 - West Lovettsville,498,714,83,2,1297,0
Precinct,402 - Waterford,488,631,54,4,1177,0
Precinct,403 - Lucketts,500,598,42,0,1140,0
Precinct,407 - Harper Park,782,948,67,5,1802,0
Precinct,408 - Evergreen,404,385,48,0,837,0
Precinct,409 - Clarkes Gap,514,676,65,4,1259,0
Precinct,411 - East Lovettsville,457,578,56,2,1093,0
Precinct,413 - Tuscarora,24,30,4,1,59,0
Precinct,414 - Red Rock,296,277,24,1,598,0
Precinct,416 - Hamilton,672,804,82,4,1562,0
Precinct,417 - Between The Hills,68,112,9,0,189,0
Precinct,419 - J. L. Simpson,438,625,48,0,1111,0
Precinct,501 - West Leesburg,646,524,57,3,1230,0
Precinct,502 - East Leesburg,622,367,61,1,1051,0
Precinct,503 - Dry Mill,338,282,61,1,682,0
Precinct,504 - Smarts Mill,577,440,92,9,1118,0
Precinct,505 - Cool Spring,607,599,65,5,1276,0
Precinct,506 - Brandon Park,303,237,39,1,580,0
Precinct,507 - Greenway,362,308,42,6,718,0
Precinct,508 - Balls Bluff,539,543,64,1,1147,0
Precinct,509 - Tolbert,521,342,36,0,899,0
Precinct,510 - Heritage,394,408,48,3,853,0
Precinct,615 - Hillside,526,489,75,4,1094,0
Precinct,616 - Eagle Ridge,702,679,64,2,1447,0
Precinct,617 - Oak Grove,225,74,17,4,320,0
Precinct,618 - Mill Run,366,302,37,1,706,0
Precinct,619 - Ridgetop,209,82,13,2,306,0
Precinct,620 - Russell Branch,604,501,64,3,1172,0
Precinct,621 - Dominion Trail,690,533,58,4,1285,0
Precinct,622 - Farmwell Station,777,576,43,4,1400,0
Precinct,623 - Weller,850,659,61,4,1574,0
Precinct,624 - Moorefield Station,101,85,5,0,191,0
Precinct,701 - Sully,545,429,58,1,1033,0
Precinct,702 - Park View,537,353,41,3,934,0
Precinct,703 - Rolling Ridge,618,317,47,3,985,0
Precinct,705 - Forest Grove,664,559,100,2,1325,0
Precinct,707 - Claude Moore Park,432,246,33,2,713,0
Precinct,708 - Seneca,511,424,58,1,994,0
Precinct,709 - Mirror Ridge,588,323,57,3,971,0
Precinct,710 - Sterling,428,328,47,1,804,0
Precinct,808 - Stone Bridge,704,630,80,2,1416,0
Precinct,810 - Cedar Lane,573,446,63,1,1083,0
Precinct,813 - Seldens Landing,401,261,33,1,696,0
Precinct,814 - Newton - Lee,534,600,46,4,1184,0
Precinct,815 - Belmont Ridge,687,490,37,2,1216,0
Precinct,817 - Sanders Corner,554,612,70,4,1240,0
Precinct,818 - Broad Run,446,414,48,2,910,0
Precinct,819 - Heritage Church,348,425,45,1,819,0
Precinct,820 - Belmont Station,416,379,34,3,832,0
Precinct,821 - Lansdowne,352,312,39,0,703,0
Precinct,Ab - Central Absentee Precinct,3068,2915,288,17,6288,0
Precinct,Provisional,33,58,4,0,95,0
Locality,Louisa County,3546,5381,972,54,9953,0
Precinct,101 - Zion,385,510,84,7,986,0
Precinct,102 - Mechanicsville,193,305,62,3,563,0
Precinct,201 - Louisa #1,197,330,67,4,598,0
Precinct,202 - Louisa #2,224,291,89,4,608,0
Precinct,301 - Patrick Henry No 1,576,422,80,5,1083,0
Precinct,302 - Patrick Henry #2,116,139,30,2,287,0
Precinct,401 - Mineral,308,601,122,1,1032,0
Precinct,402 - Yanceyville,137,151,27,3,318,0
Precinct,501 - Fredericks Hall,156,134,33,1,324,0
Precinct,502 - Cuckoo,161,294,53,5,513,0
Precinct,503 - Elk Creek,126,267,46,2,441,0
Precinct,601 - Bumpass,126,402,44,2,574,0
Precinct,602 - Locust Creek,193,490,63,2,748,0
Precinct,701 - Sheltons Mill,226,439,82,3,750,0
Precinct,702 - South Anna,208,348,45,4,605,0
Precinct,Ab - Central Absentee Precinct,214,253,44,6,517,0
Precinct,Provisional,0,5,1,0,6,0
Locality,Lunenburg County,1397,1705,234,11,3347,0
Precinct,101 - Plymouth,91,273,29,2,395,0
Precinct,201 - Browns Store,141,209,47,4,401,0
Precinct,301 - Rosebud,69,173,21,1,264,0
Precinct,302 - Flat Rock,101,134,22,0,257,0
Precinct,401 - Arrowhead Gun Club,46,125,10,0,181,0
Precinct,402 - Pleasant Grove,88,195,15,1,299,0
Precinct,501 - Reedy Creek,131,92,13,1,237,0
Precinct,502 - Peoples Community Center,201,86,13,1,301,0
Precinct,601 - Hounds Creek,257,127,23,0,407,0
Precinct,701 - Meherrin Fire Department,109,100,12,0,221,0
Precinct,702 - Victoria Public Library,98,144,22,0,264,0
Precinct,Ab - Central Absentee Precinct,65,47,7,1,120,0
Precinct,Provisional,0,0,0,0,0,0
Locality,Lynchburg City,7923,10632,1188,109,19852,0
Precinct,101 - First Ward First Precinct,595,860,100,5,1560,0
Precinct,102 - First Ward Second Precinct,649,1057,147,25,1878,0
Precinct,103 - First Ward Third Precinct,550,710,123,22,1405,0
Precinct,104 - First Ward Fourth Precinct,257,207,44,2,510,0
Precinct,105 - First Ward Fifth Precinct,416,376,79,7,878,0
Precinct,201 - Second Ward First Precinct,1006,276,61,5,1348,0
Precinct,202 - Second Ward Second Precinct,780,157,28,5,970,0
Precinct,203 - Second Ward Third Precinct,319,82,5,1,407,0
Precinct,204 - Second Ward Fourth Precinct,158,134,27,0,319,0
Precinct,301 - Third Ward First Precinct,258,286,50,1,595,0
Precinct,302 - Third Ward Second Precinct,20,1160,15,0,1195,0
Precinct,303 - Third Ward Third Precinct,255,465,34,2,756,0
Precinct,304 - Third Ward Fourth Precinct,200,453,41,1,695,0
Precinct,305 - Third Ward Fifth Precinct,335,909,69,6,1319,0
Precinct,401 - Fourth Ward First Precinct,487,1183,75,5,1750,0
Precinct,402 - Fourth Ward Second Precinct,245,478,55,2,780,0
Precinct,403 - Fourth Ward Third Precinct,437,813,101,7,1358,0
Precinct,404 - Fourth Ward Fourth Precinct,579,716,99,8,1402,0
Precinct,Ab - Central Absentee Precinct,377,302,34,5,718,0
Precinct,Provisional,0,8,1,0,9,0
Locality,Madison County,1575,2510,420,17,4522,0
Precinct,1 - Oak Park,187,223,48,1,459,0
Precinct,2 - Radiant,281,360,67,2,710,0
Precinct,3 - Rochelle,110,219,35,1,365,0
Precinct,4 - Graves Mill,13,27,5,0,45,0
Precinct,5 - Madison,301,486,74,2,863,0
Precinct,6 - Wolftown,181,240,54,4,479,0
Precinct,7 - Brightwood,212,491,73,2,778,0
Precinct,8 - Criglersville,120,245,25,3,393,0
Precinct,9 - Etlan,73,121,19,2,215,0
Precinct,Ab - Central Absentee Precinct,97,98,20,0,215,0
Precinct,Provisional,0,0,0,0,0,0
Locality,Manassas City,4013,3828,381,19,8241,0
Precinct,1 - Dean,907,1008,100,5,2020,0
Precinct,2 - Weems,624,619,60,1,1304,0
Precinct,3 - Metz,713,643,64,6,1426,0
Precinct,4 - Haydon,809,756,76,4,1645,0
Precinct,5 - Baldwin,758,591,65,3,1417,0
Precinct,Ab - Central Absentee Precinct,201,211,16,0,428,0
Precinct,Provisional,1,0,0,0,1,0
Locality,Manassas Park City,1142,888,93,3,2126,0
Precinct,1 - Precinct One,561,448,49,1,1059,0
Precinct,2 - Precinct Two,485,369,38,2,894,0
Precinct,Ab - Central Absentee Precinct,96,71,6,0,173,0
Locality,Martinsville City,1723,1411,240,18,3392,0
Precinct,1 - Precinct #1,315,5,8,1,329,0
Precinct,2 - Precinct #2,297,262,44,11,614,0
Precinct,3 - Precinct #3,221,124,35,0,380,0
Precinct,4 - Precinct #4,326,245,29,1,601,0
Precinct,5 - Precinct #5,324,699,107,4,1134,0
Precinct,6 - Precinct #6,164,5,6,0,175,0
Precinct,Ab - Central Absentee Precinct,76,71,11,1,159,0
Locality,Mathews County,1194,2044,214,35,3487,0
Precinct,1 - Chesapeake,216,447,45,4,712,0
Precinct,2 - Westville,410,657,72,9,1148,0
Precinct,3 - Piankatank,419,727,65,14,1225,0
Precinct,Ab - Central Absentee Precinct,149,212,32,8,401,0
Precinct,Provisional,0,1,0,0,1,0
Locality,Mecklenburg County,3038,4226,263,27,7554,0
Precinct,101 - Wrights Store,147,127,6,2,282,0
Precinct,102 - Pearsons Store,36,81,0,0,117,0
Precinct,103 - South Clarksville,208,207,10,0,425,0
Precinct,201 - Boydton,124,132,6,0,262,0
Precinct,202 - Bluestone Senior High School,59,32,4,0,95,0
Precinct,203 - Chase City Vfw Post,162,49,3,0,214,0
Precinct,301 - Bracey,156,359,21,0,536,0
Precinct,302 - Lacrosse,159,157,14,2,332,0
Precinct,401 - American Legion Hall,376,222,18,2,618,0
Precinct,402 - Park View Middle School,67,44,2,0,113,0
Precinct,501 - South Hill,286,449,40,4,779,0
Precinct,601 - Baskerville,125,198,5,3,331,0
Precinct,602 - Union Level,42,138,5,0,185,0
Precinct,603 - Smith Crossroads,51,94,8,0,153,0
Precinct,604 - Lake Gaston,48,84,8,0,140,0
Precinct,701 - Chase City,148,221,23,1,393,0
Precinct,702 - Sunshine,137,171,5,0,313,0
Precinct,801 - Finchley,45,84,2,1,132,0
Precinct,802 - Bluestone,125,285,18,0,428,0
Precinct,803 - Chase City Elementary School,119,180,10,0,309,0
Precinct,901 - Averett,12,80,4,1,97,0
Precinct,902 - Buffalo Springs,57,156,11,1,225,0
Precinct,903 - Clarksville,218,521,28,5,772,0
Precinct,Ab - Central Absentee Precinct,129,152,12,0,293,0
Precinct,Provisional,2,3,0,5,10,0
Locality,Middlesex County,1375,2131,391,21,3918,0
Precinct,101 - Saluda,105,146,29,3,283,0
Precinct,102 - Urbanna,155,271,58,7,491,0
Precinct,201 - New Market,235,544,86,2,867,0
Precinct,301 - Waterview,112,145,26,1,284,0
Precinct,302 - Church View,176,154,29,2,361,0
Precinct,401- Harmony Village,257,298,54,3,612,0
Precinct,501 - Wilton,254,457,96,3,810,0
Precinct,Ab - Central Absentee Precinct,81,116,13,0,210,0
Locality,Montgomery County,10689,10133,2394,133,23349,0
Precinct,101 - Precinct A-1,711,517,112,12,1352,0
Precinct,102 - Precinct A-2,668,245,117,5,1035,0
Precinct,103 - Precinct A-3,973,500,148,6,1627,0
Precinct,201 - Precinct B-1,72,52,10,0,134,0
Precinct,202 - Precinct B-2,521,586,148,5,1260,0
Precinct,203 - Precinct B-3,290,429,83,8,810,0
Precinct,204 - Precinct B-4,551,752,181,2,1486,0
Precinct,301 - Precinct C-1,308,575,91,1,975,0
Precinct,302 - Precinct C-2,341,610,94,8,1053,0
Precinct,303 - Precinct C-3,112,239,47,3,401,0
Precinct,304 - Precinct C-4,313,528,93,5,939,0
Precinct,401 - Precinct D-1,247,379,70,7,703,0
Precinct,402 - Precinct D-2,261,626,111,6,1004,0
Precinct,403 - Precinct D-3,221,437,83,0,741,0
Precinct,404 - Precinct D-4,133,317,38,3,491,0
Precinct,405 - Precinct D-5,396,586,113,7,1102,0
Precinct,501 - Precinct E-1,405,364,100,12,881,0
Precinct,502 - Precinct E-2,284,397,70,5,756,0
Precinct,503 - Precinct E-3,416,206,83,0,705,0
Precinct,601 - Precinct F-1,793,378,144,11,1326,0
Precinct,602 - Precinct F-2,669,313,117,6,1105,0
Precinct,701 - Precinct G-1,1001,493,161,6,1661,0
Precinct,702 - Precinct G-2,428,190,112,6,736,0
Precinct,Ab - Central Absentee Precinct,564,406,65,9,1044,0
Precinct,Provisional,11,8,3,0,22,0
Locality,Nelson County,2523,2314,497,35,5369,0
Precinct,101 - Rockfish,551,474,110,1,1136,0
Precinct,201 - Lovingston,256,257,44,2,559,0
Precinct,202 - Schuyler,148,122,45,4,319,0
Precinct,301 - Shipman,327,274,76,1,678,0
Precinct,302 - Gladstone,60,54,8,0,122,0
Precinct,401 - Roseland,311,467,63,2,843,0
Precinct,402 - Montebello,21,40,8,0,69,0
Precinct,501 - Faber,195,157,37,4,393,0
Precinct,502 - Nellysford,498,387,83,16,984,0
Precinct,Ab - Central Absentee Precinct,150,80,22,5,257,0
Precinct,Provisional,6,2,1,0,9,0
Locality,New Kent County,2120,4365,766,70,7321,0
Precinct,102 - Tunstall,97,246,43,1,387,0
Precinct,103 - Southern Branch,218,692,105,13,1028,0
Precinct,201 - Quinton,281,547,112,14,954,0
Precinct,202 - Kentwood,135,403,85,9,632,0
Precinct,301 - Watkins,251,264,43,4,562,0
Precinct,302 - Cumberland,251,385,57,2,695,0
Precinct,401 - Providence Forge,311,631,105,13,1060,0
Precinct,403 - Mountcastle,127,249,54,2,432,0
Precinct,501 - Eltham,169,301,48,3,521,0
Precinct,502 - Chickahominy River,174,495,89,3,761,0
Precinct,Ab - Central Absentee Precinct,106,147,25,1,279,0
Precinct,Provisional,0,5,0,5,10,0
Locality,Newport News City,25085,14803,2444,87,42419,0
Precinct,101 - Denbigh (CD 3),1079,269,66,1,1415,0
Precinct,102 - Epes (CD 3),911,234,50,2,1197,0
Precinct,103 - Jenkins (CD 3),718,441,95,2,1256,0
Precinct,104 - Mcintosh (CD 3),674,183,37,1,895,0
Precinct,105 - Oyster Point (CD 2),175,138,26,0,339,0
Precinct,106 - Reservoir (CD 3),951,468,76,2,1497,0
Precinct,107 - Richneck (CD 2),941,571,82,2,1596,0
Precinct,108 - Lee Hall (CD 3),744,246,58,1,1049,0
Precinct,109 - Windsor (CD 2),445,279,52,3,779,0
Precinct,110 - Greenwood (CD 1),820,222,41,1,1084,0
Precinct,201 - Bland (CD 3),139,69,18,0,226,0
Precinct,202 - Boulevard (CD 2),484,506,88,5,1083,0
Precinct,203 - Charles (CD 2),798,853,102,3,1756,0
Precinct,204 - Wellesley (CD 2),406,311,72,4,793,0
Precinct,205 - Deep Creek (CD 2),499,839,107,6,1451,0
Precinct,208 - Hidenwood (CD 2),358,543,76,2,979,0
Precinct,209 - Hilton (CD 2),521,506,127,6,1160,0
Precinct,210 - Nelson (CD 2),867,922,128,2,1919,0
Precinct,211 - Palmer (CD 1),51,29,6,0,86,0
Precinct,211 - Palmer (CD 2),531,364,68,3,966,0
Precinct,212 - Riverside (CD 2),329,451,75,4,859,0
Precinct,213 - Sanford (CD 2),178,379,46,3,606,0
Precinct,215 - Warwick (CD 2),374,270,39,1,684,0
Precinct,216 - Yates (CD 2),372,469,71,0,912,0
Precinct,217 - Riverview (CD 2),540,619,93,0,1252,0
Precinct,218 - Kiln Creek (CD 1),29,13,3,0,45,0
Precinct,218 - Kiln Creek (CD 2),1002,761,105,6,1874,0
Precinct,219 - Deer Park (CD 2),700,370,65,0,1135,0
Precinct,302 - Briarfield (CD 3),629,140,20,0,789,0
Precinct,303 - Carver (CD 3),425,112,25,1,563,0
Precinct,304 - Chestnut (CD 3),419,8,8,0,435,0
Precinct,305 - Downtown (CD 3),181,44,11,2,238,0
Precinct,306 - Dunbar (CD 3),119,1,5,0,125,0
Precinct,307 - Huntington (CD 3),352,4,3,0,359,0
Precinct,308 - Jefferson (CD 3),394,4,2,0,400,0
Precinct,309 - Magruder (CD 3),440,6,8,1,455,0
Precinct,310 - Marshall (CD 3),544,16,6,0,566,0
Precinct,311 - Newmarket (CD 3),810,236,36,2,1084,0
Precinct,312 - Newsome Park (CD 3),149,6,1,0,156,0
Precinct,313 - Reed (CD 3),802,16,7,0,825,0
Precinct,314 - River (CD 3),366,223,37,2,628,0
Precinct,315 - Sedgefield (CD 2),436,357,69,1,863,0
Precinct,316 - South Morrison (CD 3),581,352,50,5,988,0
Precinct,317 - Washington (CD 3),252,3,0,1,256,0
Precinct,318 - Wilson (CD 3),495,36,20,0,551,0
Precinct,319 - Saunders (CD 2),661,579,78,2,1320,0
Precinct,320 - Watkins (CD 2),688,875,127,3,1693,0
Precinct,Ab - Central Absentee Precinct (CD 1),15,7,0,1,23,0
Precinct,Ab - Central Absentee Precinct (CD 2),375,357,46,5,783,0
Precinct,Ab - Central Absentee Precinct (CD 3),301,81,11,1,394,0
Precinct,Provisional (CD 1),1,0,0,0,1,0
Precinct,Provisional (CD 2),7,10,2,0,19,0
Precinct,Provisional (CD 3),7,5,0,0,12,0
Locality,Norfolk City,31708,11654,2703,195,46260,0
Precinct,101 - Granby (CD 3),829,401,81,5,1316,0
Precinct,102 - Ocean View School (CD 2),295,237,61,0,593,0
Precinct,103 - Northside (CD 2),410,386,92,5,893,0
Precinct,104 - Titustown (CD 3),388,40,6,0,434,0
Precinct,106 - Zion Grace (CD 2),748,442,77,11,1278,0
Precinct,201 - Old Dominion (CD 2),1006,567,117,16,1706,0
Precinct,203 - Ghent Square (CD 3),391,177,49,2,619,0
Precinct,207 - Lambert's Point (CD 3),792,66,27,1,886,0
Precinct,208 - Larchmont Library (CD 2),309,192,50,2,553,0
Precinct,210 - Maury (CD 3),716,259,81,5,1061,0
Precinct,211 - Chrysler Museum (CD 3),796,352,76,12,1236,0
Precinct,212 - Park Place (CD 3),615,20,15,0,650,0
Precinct,213 - Taylor Elementary School (CD 3),877,313,119,6,1315,0
Precinct,214 - Stuart (CD 3),906,250,101,8,1265,0
Precinct,215 - Suburban Park (CD 2),490,368,69,1,928,0
Precinct,217 - Wesley (CD 3),381,175,51,2,609,0
Precinct,218 - Willard (CD 2),889,621,153,12,1675,0
Precinct,301 - Ballentine (CD 3),827,84,19,0,930,0
Precinct,302 - Tanners Creek (CD 3),373,83,29,1,486,0
Precinct,303 - Bowling Park (CD 3),1054,32,18,0,1104,0
Precinct,304 - Coleman Place School (CD 3),391,94,16,0,501,0
Precinct,305 - Lafayette-winona (CD 3),668,103,34,1,806,0
Precinct,306 - Lindenwood (CD 3),565,48,19,0,632,0
Precinct,309 - Norview (CD 3),1174,230,66,10,1480,0
Precinct,310 - Rosemont (CD 3),1226,37,18,1,1282,0
Precinct,311 - Sherwood (CD 3),893,399,73,10,1375,0
Precinct,313 - Union Chapel (CD 3),433,7,7,0,447,0
Precinct,402 - Berkley (CD 3),765,18,8,2,793,0
Precinct,403 - Brambleton (CD 3),281,7,2,0,290,0
Precinct,404 - Campostella (CD 3),707,22,16,1,746,0
Precinct,405 - Chesterfield (CD 3),868,21,8,0,897,0
Precinct,406 - Barron Black (CD 2),421,257,50,2,730,0
Precinct,408 - Easton (CD 2),538,349,32,5,924,0
Precinct,409 - Fairlawn (CD 2),435,260,52,4,751,0
Precinct,411 - Ruffner Academy (CD 3),162,5,4,0,171,0
Precinct,412 - Ingleside (CD 3),823,97,23,1,944,0
Precinct,413 - Poplar Halls (CD 3),1047,162,34,1,1244,0
Precinct,414 - Young Park (CD 3),844,8,8,1,861,0
Precinct,415 - Lake Taylor High School (CD 3),452,205,37,5,699,0
Precinct,501 - Bayview (CD 2),515,457,103,1,1076,0
Precinct,503 - East Ocean View (CD 2),544,345,80,6,975,0
Precinct,504 - Larrymore (CD 2),550,375,56,2,983,0
Precinct,505 - Little Creek (CD 2),304,287,54,1,646,0
Precinct,506 - Ocean View Center (CD 2),684,337,86,3,1110,0
Precinct,507 - Pretlow (CD 2),512,337,80,1,930,0
Precinct,509 - Tarrallton (CD 2),456,553,80,5,1094,0
Precinct,510 - Third Presbyterian (CD 2),469,522,160,5,1156,0
Precinct,511 - Crossroads (CD 2),442,424,82,1,949,0
Precinct,512 - Azalea Gardens (CD 2),301,297,36,3,637,0
Precinct,Ab - Central Absentee Precinct (CD 2),398,212,47,3,660,0
Precinct,Ab - Central Absentee Precinct (CD 3),732,105,41,6,884,0
Precinct,Provisional (CD 2),6,4,0,10,20,0
Precinct,Provisional (CD 3),10,5,0,15,30,0
Locality,Northampton County,2048,1589,301,12,3950,0
Precinct,101 - Precinct 1-1,456,391,81,1,929,0
Precinct,201 - Precinct 2-1,449,168,43,1,661,0
Precinct,301 - Precinct 3-1,405,197,36,1,639,0
Precinct,401 - Precinct 4-1,330,346,58,5,739,0
Precinct,501 - Precinct 5-1,306,402,60,1,769,0
Precinct,Ab - Central Absentee Precinct,101,84,23,1,209,0
Precinct,Provisional,1,1,0,2,4,0
Locality,Northumberland County,1961,2823,394,53,5231,0
Precinct,101 - 1a,293,433,73,11,810,0
Precinct,201 - 2a,294,572,90,8,964,0
Precinct,301 - 3a,321,154,31,2,508,0
Precinct,302 - 3b,188,54,8,2,252,0
Precinct,401 - 4a,388,735,101,19,1243,0
Precinct,501 - 5a,342,704,77,10,1133,0
Precinct,Ab - Central Absentee Precinct,133,170,14,1,318,0
Precinct,Provisional,2,1,0,0,3,0
Locality,Norton City,346,482,37,6,871,0
Precinct,1 - East Ward,346,481,37,6,870,0
Precinct,Provisional,0,1,0,0,1,0
Locality,Nottoway County,1756,1899,327,19,4001,0
Precinct,101 - Precinct 1-1,198,239,34,2,473,0
Precinct,102 - Precinct 1-2,121,172,24,1,318,0
Precinct,201 - Precinct 2-1,202,301,52,2,557,0
Precinct,202 - Precinct 2-2,66,183,22,2,273,0
Precinct,301 - Precinct 3-1,265,119,20,0,404,0
Precinct,302 - Precinct 3-2,121,134,23,4,282,0
Precinct,401 - Precinct 4-1,322,59,18,0,399,0
Precinct,402 - Precinct 4-2,125,212,38,2,377,0
Precinct,501 - Precinct 5-1,281,404,88,5,778,0
Precinct,Ab - Central Absentee Precinct,55,76,8,1,140,0
Precinct,Provisional,0,0,0,0,0,0
Locality,Orange County,3629,5561,767,38,9995,0
Precinct,101 - One West,423,586,135,8,1152,0
Precinct,102 - One East,405,470,102,3,980,0
Precinct,201 - Two West,286,464,74,3,827,0
Precinct,202 - Two East,211,471,76,3,761,0
Precinct,301 - Three West,485,544,105,7,1141,0
Precinct,302 - Three East,141,199,30,1,371,0
Precinct,401 - Four West,238,615,61,1,915,0
Precinct,402 - Four East,280,479,33,0,792,0
Precinct,501 - Five South,464,661,68,3,1196,0
Precinct,502 - Five North,474,783,60,6,1323,0
Precinct,Ab - Central Absentee Precinct,220,285,22,3,530,0
Precinct,Provisional,2,4,1,0,7,0
Locality,Page County,2001,3754,313,21,6089,0
Precinct,101 - West Luray,481,688,66,2,1237,0
Precinct,201 - East Luray,450,784,68,5,1307,0
Precinct,301 - Marksville,409,761,69,3,1242,0
Precinct,401 - Newport,262,661,36,2,961,0
Precinct,501 - Shenandoah,287,719,69,7,1082,0
Precinct,Ab - Central Absentee Precinct,112,141,5,2,260,0
Locality,Patrick County,1373,3553,191,7,5124,0
Precinct,101 - Ararat,96,201,5,0,302,0
Precinct,102 - Claudville,76,224,5,0,305,0
Precinct,103 - Willis Gap,91,201,3,0,295,0
Precinct,201 - Dry Pond,31,117,2,0,150,0
Precinct,202 - Patrick Springs,129,399,11,1,540,0
Precinct,203 - Russell Creek,104,263,11,0,378,0
Precinct,301 - Critz/stella,141,365,16,2,524,0
Precinct,302 - Liberty,60,267,17,2,346,0
Precinct,401 - Meadows Of Dan,148,253,24,0,425,0
Precinct,402 - Stuart Administration,146,374,18,0,538,0
Precinct,501 - Stuart Community,56,166,14,0,236,0
Precinct,502 - Elamsville,100,259,22,0,381,0
Precinct,503 - Woolwine,117,316,28,1,462,0
Precinct,Ab - Central Absentee Precinct,78,147,15,0,240,0
Precinct,Provisional,0,1,0,1,2,0
Locality,Petersburg City,7260,798,223,19,8300,0
Precinct,101 - First Ward First Precinct,660,72,9,1,742,0
Precinct,201 - Second Ward First Precinct,1223,109,38,1,1371,0
Precinct,301 - Third Ward First Precinct,1158,250,67,8,1483,0
Precinct,401 - Fourth Ward First Precinct,792,141,35,2,970,0
Precinct,501 - Fifth Ward First Precinct,830,52,21,0,903,0
Precinct,601 - Sixth Ward First Precinct,871,12,16,0,899,0
Precinct,701 - Seventh Ward First Precinct,1087,77,22,2,1188,0
Precinct,Ab - Central Absentee Precinct,636,85,15,5,741,0
Precinct,Provisional,3,0,0,0,3,0
Locality,Pittsylvania County,5419,11682,1090,64,18255,0
Precinct,103 - Twin Springs,183,1138,98,9,1428,0
Precinct,105 - Chatham,140,404,57,4,605,0
Precinct,106 - Tunstall,118,399,31,0,548,0
Precinct,108 - West Blairs,98,227,22,0,347,0
Precinct,201 - Callands,138,423,27,0,588,0
Precinct,202- Bearskin,60,92,8,1,161,0
Precinct,204 - Sandy Level,110,232,23,4,369,0
Precinct,206 - Climax,76,300,39,4,419,0
Precinct,207 - Gretna,246,679,79,4,1008,0
Precinct,301 - Central,316,174,32,2,524,0
Precinct,305 - Riceville,266,182,13,1,462,0
Precinct,307 - East Blairs,410,127,9,2,548,0
Precinct,308 - Mt Airy,159,105,12,0,276,0
Precinct,309 - East Gretna,139,163,22,0,324,0
Precinct,402 - Keeling,78,402,30,0,510,0
Precinct,404 - Kentuck,201,731,46,3,981,0
Precinct,405 - Ringgold,315,702,56,1,1074,0
Precinct,501 - Hurt,235,503,63,2,803,0
Precinct,502 - Motley Sycamore,276,521,64,0,861,0
Precinct,503 - Renan,146,296,32,1,475,0
Precinct,603 - Stony Mill,165,418,33,0,616,0
Precinct,604 - Swansonville,187,286,26,3,502,0
Precinct,605 - Whitmell,147,331,23,1,502,0
Precinct,606 - Brosville,255,245,28,1,529,0
Precinct,607 - Dry Fork,65,213,17,1,296,0
Precinct,702 - Bachelors Hall,129,637,64,3,833,0
Precinct,703 - Ferry Road,42,101,12,0,155,0
Precinct,704 - Mt Hermon,323,822,66,8,1219,0
Precinct,705 - Mt Cross,102,412,29,2,545,0
Precinct,Ab - Central Absentee Precinct,294,416,29,6,745,0
Precinct,Provisional,0,1,0,1,2,0
Locality,Poquoson City,1040,2987,377,11,4415,0
Precinct,1 - Central,284,856,107,6,1253,0
Precinct,2 - Eastern,343,974,132,0,1449,0
Precinct,3 - Western,358,1042,118,5,1523,0
Precinct,Ab - Central Absentee Precinct,55,115,20,0,190,0
Precinct,Provisional,0,0,0,0,0,0
Locality,Portsmouth City,17671,6776,1428,78,25953,0
Precinct,1 - One,576,196,64,2,838,0
Precinct,5 - Five,545,17,8,1,571,0
Precinct,7- Seven,383,92,48,1,524,0
Precinct,9 - Nine,675,102,31,0,808,0
Precinct,10 - Ten,292,162,43,2,499,0
Precinct,11 - Eleven,607,6,6,0,619,0
Precinct,13 - Thirteen,412,4,5,0,421,0
Precinct,14 - Fourteen,689,15,9,0,713,0
Precinct,16 - Sixteen,357,173,47,5,582,0
Precinct,17 - Seventeen,470,202,35,1,708,0
Precinct,19 - Nineteen,239,153,32,0,424,0
Precinct,20 - Twenty,403,133,23,2,561,0
Precinct,21 - Twenty-one,480,9,3,0,492,0
Precinct,22 - Twenty-two,330,242,62,2,636,0
Precinct,23 - Twenty-three,266,341,84,4,695,0
Precinct,24 - Twenty-four,353,184,45,6,588,0
Precinct,25 - Twenty-five,490,310,75,3,878,0
Precinct,26 - Twenty-six,860,15,7,0,882,0
Precinct,27 - Twenty-seven,872,19,11,2,904,0
Precinct,28 - Twenty Eight,1327,23,13,1,1364,0
Precinct,29 - Twenty- Nine,175,330,63,3,571,0
Precinct,30 - Thirty,184,328,51,3,566,0
Precinct,31 - Thirty-one,563,325,66,1,955,0
Precinct,32 - Thirty-two,310,390,41,3,744,0
Precinct,33- Thirty-three,192,377,67,3,639,0
Precinct,34- Thirty-four,363,425,85,11,884,0
Precinct,35 - Thirty-five,434,488,77,3,1002,0
Precinct,36 - Thirty-six,929,700,127,6,1762,0
Precinct,37 - Thirty-seven,875,381,66,3,1325,0
Precinct,38 - Thirty-eight,1091,128,35,1,1255,0
Precinct,39 - Thirty-nine,1187,332,74,6,1599,0
Precinct,Ab - Central Absentee Precinct,737,173,24,3,937,0
Precinct,Provisional,5,1,1,0,7,0
Locality,Powhatan County,2327,6748,995,127,10197,0
Precinct,101 - Subletts,255,830,135,22,1242,0
Precinct,102 - Manakin,195,547,71,19,832,0
Precinct,103 - Flat Rock,113,461,68,4,646,0
Precinct,201 - Powhatan Station,150,646,73,14,883,0
Precinct,202 - Graceland,209,736,109,5,1059,0
Precinct,301 - Bethesda,225,594,91,11,921,0
Precinct,302 - Lee's Landing,167,496,84,13,760,0
Precinct,401 - Powhatan Courthouse,232,971,148,19,1370,0
Precinct,402 - Mt Zion,113,340,51,3,507,0
Precinct,501 - Smith Cross Roads,318,405,69,7,799,0
Precinct,502 - Pineville,170,230,40,2,442,0
Precinct,503 - Tobaccoville,67,255,25,1,348,0
Precinct,Ab - Central Absentee Precinct,112,236,30,4,382,0
Precinct,Provisional,1,1,1,3,6,0
Locality,Prince Edward County,2674,2252,389,23,5338,0
Precinct,101 - Farmville,276,276,40,1,593,0
Precinct,201 - Lockett,376,362,56,4,798,0
Precinct,301 - Leigh,260,177,31,0,468,0
Precinct,302 - Mt Pleasant,175,87,19,0,281,0
Precinct,401 - Hampden,297,225,34,5,561,0
Precinct,501 - Darlington Hts,138,237,32,0,407,0
Precinct,502 - Buffalo Hts,105,147,21,2,275,0
Precinct,601 - Prospect,462,325,59,2,848,0
Precinct,701 - West End,286,274,63,7,630,0
Precinct,801 - Center,223,70,18,1,312,0
Precinct,Ab - Central Absentee Precinct,75,72,16,1,164,0
Precinct,Provisional,1,0,0,0,1,0
Locality,Prince George County,3580,5011,674,51,9316,0
Precinct,101 - Richard Bland (CD 4),231,400,47,12,690,0
Precinct,102 - Templeton (CD 4),450,1010,104,7,1571,0
Precinct,103 - Union Branch (CD 4),456,464,77,2,999,0
Precinct,104 - Rives (CD 4),16,3,1,0,20,0
Precinct,104 - Rives (CD 3),330,242,39,2,613,0
Precinct,105 - Harrison (CD 3),84,220,34,4,342,0
Precinct,201 - Bland (CD 3),441,873,112,9,1435,0
Precinct,202 - Black Water (CD 3),294,596,89,3,982,0
Precinct,203 - Brandon (CD 3),126,260,26,2,414,0
Precinct,204 - Courts Bldg (CD 4),556,526,66,3,1151,0
Precinct,205 - Jefferson Park (CD 4),435,205,53,0,693,0
Precinct,Ab - Central Absentee Precinct (CD 3),67,119,17,2,205,0
Precinct,Ab - Central Absentee Precinct (CD 4),94,92,9,2,197,0
Precinct,Provisional (CD 3),0,0,0,0,0,0
Precinct,Provisional (CD 4),0,1,0,3,4,0
Locality,Prince William County,50441,42431,4084,160,97116,0
Precinct,101 - Brentsville (CD 1),368,850,53,0,1271,0
Precinct,102 - Cedar Point (CD 1),696,878,74,3,1651,0
Precinct,103 - Glenkirk (CD 1),469,596,45,1,1111,0
Precinct,104 - Nokesville (CD 1),212,608,35,0,855,0
Precinct,105 - Limestone (CD 1),631,725,52,4,1412,0
Precinct,106 - Westgate (CD 1),354,183,19,1,557,0
Precinct,107 - Marsteller (CD 1),849,846,73,2,1770,0
Precinct,108 - Victory (CD 1),645,713,54,1,1413,0
Precinct,109 - Piney Branch (CD 1),452,475,45,0,972,0
Precinct,110 - Buckland Mills (CD 10),664,746,66,4,1480,0
Precinct,110 - Buckland Mills (CD 1),159,205,21,1,386,0
Precinct,111 - Bristow Run (CD 1),720,874,74,2,1670,0
Precinct,201 - Saunders (CD 1),30,20,5,0,55,0
Precinct,201 - Saunders (CD 11),787,419,47,1,1254,0
Precinct,202 - Marshall (CD 1),578,817,93,5,1493,0
Precinct,203 - Bennett (CD 1),816,1258,103,3,2180,0
Precinct,204 - Ellis (CD 1),417,439,47,2,905,0
Precinct,205 - Buckhall (CD 10),482,620,55,1,1158,0
Precinct,206 - Coles (CD 1),414,591,58,2,1065,0
Precinct,207 - Spriggs (CD 1),715,473,55,1,1244,0
Precinct,208 - Hylton (CD 11),210,127,10,1,348,0
Precinct,208 - Hylton (CD 1),597,787,62,2,1448,0
Precinct,209 - Independent Hill (CD 1),309,610,38,2,959,0
Precinct,210 - Penn (CD 11),172,74,8,0,254,0
Precinct,210 - Penn (CD 1),487,693,61,1,1242,0
Precinct,211 - Signal Hill (CD 10),350,453,28,4,835,0
Precinct,212 - Yorkshire (CD 10),548,507,54,0,1109,0
Precinct,301 - Dumfries (CD 11),497,199,29,2,727,0
Precinct,302 - Potomac (CD 11),825,202,31,0,1058,0
Precinct,303 - Graham Park (CD 11),785,452,42,0,1279,0
Precinct,304 - Quantico (CD 1),50,64,10,0,124,0
Precinct,305 - Pattie (CD 1),596,547,57,2,1202,0
Precinct,306 - Washington-reid (CD 1),745,609,55,1,1410,0
Precinct,307 - Henderson (CD 1),981,869,90,2,1942,0
Precinct,308 - Montclair (CD 1),816,765,68,4,1653,0
Precinct,309 - Ashland (CD 1),457,397,45,4,903,0
Precinct,310 - Forest Park (CD 1),572,303,35,1,911,0
Precinct,311 - Swans Creek (CD 11),920,324,56,4,1304,0
Precinct,312 - Triangle (CD 1),126,61,9,0,196,0
Precinct,401 - Evergreen (CD 10),584,1007,105,4,1700,0
Precinct,402 - Battlefield (CD 10),471,1123,59,2,1655,0
Precinct,403 - Bull Run (CD 10),360,456,29,1,846,0
Precinct,404 - Ashton (CD 1),546,291,40,4,881,0
Precinct,405 - Stonewall (CD 1),501,317,41,1,860,0
Precinct,406 - Alvey (CD 10),908,1207,75,4,2194,0
Precinct,407 - Heritage Hunt (CD 10),861,1075,107,5,2048,0
Precinct,408 - Sudley (CD 1),363,395,33,1,792,0
Precinct,409 - Haymarket (CD 10),469,485,56,1,1011,0
Precinct,410 - Mountain View (CD 10),485,806,57,4,1352,0
Precinct,411 - Mullen (CD 1),639,343,49,6,1037,0
Precinct,501 - Lake Ridge (CD 1),678,477,52,1,1208,0
Precinct,502 - Occoquan (CD 11),337,258,35,1,631,0
Precinct,503 - Old Bridge (CD 11),655,719,71,0,1445,0
Precinct,504 - Rockledge (CD 11),761,610,62,5,1438,0
Precinct,505 - Mohican (CD 11),441,255,20,0,716,0
Precinct,505 - Mohican (CD 1),460,420,49,1,930,0
Precinct,506 - Bethel (CD 11),834,600,74,2,1510,0
Precinct,507 - Chinn (CD 11),582,377,42,6,1007,0
Precinct,508 - Springwoods (CD 11),380,171,23,1,575,0
Precinct,508 - Springwoods (CD 1),456,234,28,0,718,0
Precinct,509 - Mc Coart (CD 1),596,581,62,2,1241,0
Precinct,510 - Yates Ford (CD 1),169,260,28,1,458,0
Precinct,510 - Yates Ford (CD 10),316,418,38,6,778,0
Precinct,511 - Westridge (CD 1),575,482,55,3,1115,0
Precinct,512 - York (CD 11),640,192,31,0,863,0
Precinct,601 - Dale (CD 11),508,165,29,0,702,0
Precinct,602 - Beville (CD 11),820,364,34,0,1218,0
Precinct,603 - Godwin (CD 11),877,326,37,1,1241,0
Precinct,604 - Gideon (CD 11),536,227,30,0,793,0
Precinct,605 - Minnieville (CD 11),543,329,27,1,900,0
Precinct,606 - Bel Air (CD 11),538,328,41,1,908,0
Precinct,607 - Kerrydale (CD 11),687,302,32,2,1023,0
Precinct,608 - Enterprise (CD 11),597,285,37,2,921,0
Precinct,609 - King (CD 1),0,0,0,0,0,0
Precinct,609 - King (CD 11),750,335,51,3,1139,0
Precinct,610 - Fitzgerald (CD 11),707,293,25,2,1027,0
Precinct,701 - Belmont (CD 11),539,404,46,2,991,0
Precinct,702 - Library (CD 11),900,408,65,1,1374,0
Precinct,703 - Lynn (CD 11),525,158,12,1,696,0
Precinct,704 - Porter (CD 11),780,389,56,2,1227,0
Precinct,705 - Potomac View (CD 11),262,244,37,0,543,0
Precinct,706 - Rippon (CD 11),804,427,51,0,1282,0
Precinct,707 - Kilby (CD 11),492,212,16,0,720,0
Precinct,708 - River Oaks (CD 11),1200,232,36,2,1470,0
Precinct,709 - Freedom (CD 11),654,155,17,0,826,0
Precinct,Ab - Central Absentee Precinct (CD 1),1219,1273,86,6,2584,0
Precinct,Ab - Central Absentee Precinct (CD 10),688,916,68,2,1674,0
Precinct,Ab - Central Absentee Precinct (CD 11),1222,701,65,6,1994,0
Precinct,Provisional (CD 1),6,14,2,0,22,0
Precinct,Provisional (CD 10),1,1,0,0,2,0
Precinct,Provisional (CD 11),18,5,1,0,24,0
Precinct,Provisional (CD 3),13,1,1,0,15,0
Locality,Pulaski County,2581,4720,713,48,8062,0
Precinct,101 - Belspring,129,189,39,2,359,0
Precinct,102 - New River,448,496,74,7,1025,0
Precinct,103 - West Cloyd,165,296,35,5,501,0
Precinct,201 - Draper,159,410,70,3,642,0
Precinct,202 - South Pulaski,44,64,10,0,118,0
Precinct,203 - Newbern,325,497,94,4,920,0
Precinct,301 - Dublin,225,542,77,5,849,0
Precinct,302 - Hiwassee,32,122,23,0,177,0
Precinct,304 - Snowville,118,353,49,4,524,0
Precinct,401 - Massie,310,683,84,7,1084,0
Precinct,402 - Walker,80,293,26,0,399,0
Precinct,501 - Robinson,431,611,104,10,1156,0
Precinct,Ab - Central Absentee Precinct,115,160,27,1,303,0
Precinct,Provisional,0,4,1,0,5,0
Locality,Radford City,1364,1254,287,19,2924,0
Precinct,1 - East Precinct,426,326,87,6,845,0
Precinct,2 - Central Precinct,486,405,86,9,986,0
Precinct,3 - West Precinct,372,467,106,4,949,0
Precinct,Ab - Central Absentee Precinct,80,56,8,0,144,0
Locality,Rappahannock County,1290,1499,123,8,2920,0
Precinct,101 - Washington,300,308,34,1,643,0
Precinct,201 - Amissville,209,362,20,2,593,0
Precinct,301 - Sperryville,313,245,18,3,579,0
Precinct,401 - Scrabble,250,258,26,2,536,0
Precinct,501 - Chester Gap,52,151,8,0,211,0
Precinct,502 - Flint Hill,166,175,17,0,358,0
Locality,Richmond City,42957,9854,5226,496,58533,0
Precinct,101 - One Hundred One (CD 7),586,523,155,42,1306,0
Precinct,102 - One Hundred Two,290,311,116,15,732,0
Precinct,104 - One Hundred Four (CD 7),456,511,143,41,1151,0
Precinct,105 - One Hundred Five (CD 7),432,331,159,17,939,0
Precinct,106 - One Hundred Six (CD 7),345,637,167,47,1196,0
Precinct,111 - One Hundred Eleven (CD 7),462,317,133,12,924,0
Precinct,112 - One Hundred Twelve (CD 7),387,238,99,19,743,0
Precinct,113 - One Hundred Thirteen (CD 3),705,180,142,7,1034,0
Precinct,114 - One Hundred Fourteen (CD 3),820,244,193,12,1269,0
Precinct,203 - Two Hundred Three (CD 3),736,175,114,6,1031,0
Precinct,204 - Two Hundred Four (CD 3),698,218,150,16,1082,0
Precinct,206 - Two Hundred Six (CD 3),735,101,104,4,944,0
Precinct,207 - Two Hundred Seven (CD 3),728,229,180,11,1148,0
Precinct,208 - Two Hundred Eight (CD 3),830,229,146,12,1217,0
Precinct,213 - Two Hundred Thirteen (CD 3),830,58,65,3,956,0
Precinct,301 - Three Hundred One (CD 3),501,19,19,1,540,0
Precinct,302 - Three Hundred Two (CD 3),624,57,49,2,732,0
Precinct,303 - Three Hundred Three (CD 3),526,14,35,2,577,0
Precinct,304 - Three Hundred Four (CD 3),707,18,21,1,747,0
Precinct,305 - Three Hundred Five (CD 3),615,24,35,2,676,0
Precinct,306 - Three Hundred Six (CD 3),456,22,25,2,505,0
Precinct,307 - Three Hundred Seven (CD 3),629,142,115,6,892,0
Precinct,308 - Three Hundred Eight (CD 3),680,173,137,15,1005,0
Precinct,309 - Three Hundred Nine (CD 7),408,215,85,7,715,0
Precinct,310 - Three Hundred Ten (CD 3),240,6,4,0,250,0
Precinct,402 - Four Hundred Two (CD 3),985,419,242,23,1669,0
Precinct,404 - Four Hundred Four (CD 3),812,232,125,7,1176,0
Precinct,409 - Four Hundred Nine (CD 7),985,681,177,18,1861,0
Precinct,410 - Four Hundred Ten (CD 7),636,284,88,10,1018,0
Precinct,412 - Four Hundred Twelve (CD 3),196,65,36,4,301,0
Precinct,412 - Four Hundred Twelve (CD 7),383,99,41,1,524,0
Precinct,413 - Four Hundred Thirteen (CD 7),610,370,128,20,1128,0
Precinct,414 - Four Hundred Fourteen (CD 7),613,463,128,11,1215,0
Precinct,501 - Five Hundred One (CD 3),927,145,126,6,1204,0
Precinct,503 - Five Hundred Three (CD 3),1044,99,89,4,1236,0
Precinct,504 - Five Hundred Four (CD 3),1017,103,122,3,1245,0
Precinct,505 - Five Hundred Five (CD 3),368,43,54,4,469,0
Precinct,508 - Five Hundred Eight (CD 3),491,85,76,8,660,0
Precinct,509 - Five Hundred Nine (CD 3),638,38,48,0,724,0
Precinct,510 - Five Hundred Ten (CD 3),815,53,53,2,923,0
Precinct,602 - Six Hundred Two (CD 3),472,8,14,0,494,0
Precinct,603 - Six Hundred Three (CD 3),602,20,37,1,660,0
Precinct,604 - Six Hundred Four (CD 3),471,15,11,1,498,0
Precinct,606 - Six Hundred Six (CD 3),853,23,28,9,913,0
Precinct,607 - Six Hundred Seven (CD 3),354,74,73,2,503,0
Precinct,609 - Six Hundred Nine (CD 3),442,40,49,5,536,0
Precinct,610 - Six Hundred Ten (CD 3),527,14,12,0,553,0
Precinct,701 - Seven Hundred One (CD 3),586,13,16,1,616,0
Precinct,702 - Seven Hundred Two (CD 3),567,28,27,0,622,0
Precinct,703 - Seven Hundred Three (CD 3),548,36,22,1,607,0
Precinct,705 - Seven Hundred Five (CD 3),499,51,64,2,616,0
Precinct,706 - Seven Hundred Six (CD 3),925,80,57,1,1063,0
Precinct,707 - Seven Hundred Seven (CD 3),1076,173,134,11,1394,0
Precinct,708 - Seven Hundred Eight (CD 3),530,106,95,2,733,0
Precinct,802 - Eight Hundred Two (CD 3),582,9,15,1,607,0
Precinct,806 - Eight Hundred Six (CD 3),779,56,18,2,855,0
Precinct,810 - Eight Hundred Ten (CD 3),601,54,34,0,689,0
Precinct,811 - Eight Hundred Eleven (CD 3),643,46,29,0,718,0
Precinct,812 - Eight Hundred Twelve (CD 3),971,151,53,2,1177,0
Precinct,814 - Eight Hundred Fourteen (CD 3),580,31,21,1,633,0
Precinct,902 - Nine Hundred Two (CD 3),286,24,12,1,323,0
Precinct,903 - Nine Hundred Three (CD 3),714,84,36,0,834,0
Precinct,908 - Nine Hundred Eight (CD 7),232,26,11,1,270,0
Precinct,908 - Nine Hundred Eight (CD 3),461,36,10,3,510,0
Precinct,909 - Nine Hundred Nine (CD 3),847,64,39,3,953,0
Precinct,910 - Nine Hundred Ten (CD 3),676,71,30,1,778,0
Precinct,911 - Nine Hundred Eleven (CD 3),708,34,36,0,778,0
Precinct,Ab - Central Absentee Precinct (CD 3),1166,136,79,9,1390,0
Precinct,Ab - Central Absentee Precinct (CD 7),298,178,38,12,526,0
Precinct,Provisional (CD 3),13,1,1,0,15,0
Precinct,Provisional (CD 7),2,1,1,1,5,0
Locality,Richmond County,836,1295,150,20,2301,0
Precinct,101 - Precinct 1-1,332,172,28,2,534,0
Precinct,201 - Precinct 2-1,99,265,23,1,388,0
Precinct,301 - Precinct 3-1,115,238,24,6,383,0
Precinct,401 - Precinct 4-1,142,291,40,9,482,0
Precinct,501 - Precinct 5-1,121,264,29,1,415,0
Precinct,Ab - Central Absentee Precinct,27,65,6,1,99,0
Precinct,Provisional,0,0,0,0,0,0
Locality,Roanoke City,11714,7786,2099,182,21781,0
Precinct,1 - Highland 1,247,73,42,3,365,0
Precinct,2 - Highland 2,350,134,96,5,585,0
Precinct,5 - Jefferson 1,182,213,76,2,473,0
Precinct,7 - Jefferson-riverdale,203,251,78,2,534,0
Precinct,8 - Jefferson 2,240,181,50,4,475,0
Precinct,9 - Tinker,331,408,87,8,834,0
Precinct,10 - Williamson Road 1,196,222,63,5,486,0
Precinct,11 - Williamson Road 2,135,228,49,3,415,0
Precinct,12 - Williamson Road 3,203,76,23,2,304,0
Precinct,13 - Williamson Road 4,282,145,60,4,491,0
Precinct,14 - Williamson Road 5,206,202,63,2,473,0
Precinct,15 - Williamson Road 6,180,249,46,8,483,0
Precinct,16 - Lincoln Terrace,310,33,18,0,361,0
Precinct,17 - Monterey,311,416,72,3,802,0
Precinct,18 - Peters Creek,955,303,65,9,1332,0
Precinct,19 - Melrose,358,8,13,1,380,0
Precinct,20 - Eureka Park,536,19,25,0,580,0
Precinct,21 - Villa Heights,701,45,28,2,776,0
Precinct,22 - Washington Heights,773,252,88,2,1115,0
Precinct,23 - Westside,430,69,13,0,512,0
Precinct,24 - Raleigh Court 1,355,185,91,5,636,0
Precinct,26 - Raleigh Court 2,281,222,86,6,595,0
Precinct,27 - Raleigh Court 3,377,183,65,3,628,0
Precinct,28 - Raleigh Court 4,252,220,58,5,535,0
Precinct,29 - Raleigh Court 5,270,215,70,6,561,0
Precinct,30 - Wasena,252,187,50,7,496,0
Precinct,31 - Fishburn Park,247,330,62,14,653,0
Precinct,32 - Grandin Court,312,258,74,5,649,0
Precinct,33 - South Roanoke 1,368,396,94,16,874,0
Precinct,34 - South Roanoke 2,408,512,83,19,1022,0
Precinct,35 - Lee-hi,624,729,129,13,1495,0
Precinct,37 - Garden City,285,512,100,10,907,0
Precinct,AB - Central Absentee Precinct,534,292,76,8,910,0
Precinct,Provisional,20,18,6,0,44,0
Locality,Roanoke County,9844,18040,2718,371,30973,0
Precinct,101 - Catawba (CD 9),98,228,30,0,356,0
Precinct,102 - Mason Valley (CD 9),92,250,28,2,372,0
Precinct,103 - Glenvar (CD 9),227,549,74,6,856,0
Precinct,104 - Northside (CD 9),253,343,71,10,677,0
Precinct,105 - Peters Creek (CD 9),453,807,111,12,1383,0
Precinct,106 - Green Hill (CD 9),473,779,122,9,1383,0
Precinct,107 - Bennett Springs (CD 9),95,325,47,5,472,0
Precinct,108 - Wildwood (CD 9),174,388,63,8,633,0
Precinct,201 - Plantation (CD 6),264,486,82,11,843,0
Precinct,202 - Burlington (CD 6),200,284,41,6,531,0
Precinct,203 - Mountain View (CD 6),433,874,126,14,1447,0
Precinct,204 - Botetourt Springs (CD 9),426,611,113,12,1162,0
Precinct,205 - Orchards (CD 6),430,1059,101,20,1610,0
Precinct,206 - Hollins (CD 6),172,266,43,5,486,0
Precinct,301 - Bent Mountain (CD 9),106,207,50,1,364,0
Precinct,302 - Poages Mill (CD 6),421,927,135,17,1500,0
Precinct,303 - Windsor Hills (CD 6),316,501,71,15,903,0
Precinct,304 - Oak Grove (CD 6),503,900,128,27,1558,0
Precinct,305 - Castle Rock (CD 6),595,986,151,25,1757,0
Precinct,306 - Garst Mill (CD 6),263,352,69,10,694,0
Precinct,402 - Bonsack (CD 6),75,221,33,3,332,0
Precinct,403 - North Vinton (CD 6),224,458,77,14,773,0
Precinct,404 - South Vinton (CD 6),360,511,101,10,982,0
Precinct,405 - Lindenwood (CD 6),474,1064,150,21,1709,0
Precinct,406 - Mount Pleasant (CD 6),262,776,102,8,1148,0
Precinct,501 - Cotton Hill (CD 6),238,478,64,6,786,0
Precinct,502 - Penn Forest (CD 6),272,359,71,14,716,0
Precinct,503 - Cave Spring (CD 6),317,540,80,15,952,0
Precinct,504 - Ogden (CD 6),250,340,56,4,650,0
Precinct,505 - Clearbrook (CD 6),188,376,48,7,619,0
Precinct,506 - Mount Vernon (CD 6),256,343,73,8,680,0
Precinct,507 - Hunting Hills (CD 6),429,765,106,22,1322,0
Precinct,Ab - Central Absentee Precinct (CD 6),390,552,80,16,1038,0
Precinct,Ab - Central Absentee Precinct (CD 9),114,132,21,4,271,0
Precinct,Provisional (CD 6),0,2,0,2,4,0
Precinct,Provisional (CD 9),1,1,0,2,4,0
Locality,Rockbridge County,2431,3640,588,61,6720,0
Precinct,101 - Airport,270,293,34,7,604,0
Precinct,102 - Ben Salem,151,230,28,5,414,0
Precinct,103 - Plank Road,64,137,26,1,228,0
Precinct,104 - Effinger,79,139,28,6,252,0
Precinct,201 - Collierstown,174,212,45,4,435,0
Precinct,202 - Highland Belle,329,419,46,7,801,0
Precinct,203 - Vo-tech,102,93,21,2,218,0
Precinct,301 - Maury River,148,166,46,1,361,0
Precinct,302 - Natural Bridge,114,190,36,1,341,0
Precinct,303 - Falling Spring,45,117,17,0,179,0
Precinct,401 - Fairfield,138,247,37,1,423,0
Precinct,402 - Mountain View,172,345,44,5,566,0
Precinct,403 - Vesuvius,27,137,15,2,181,0
Precinct,501 - Goshen,42,143,26,2,213,0
Precinct,502 - Meadowview,166,184,34,7,391,0
Precinct,503 - Rockbridge Baths,119,136,38,3,296,0
Precinct,504 - Rockbridge,162,272,42,2,478,0
Precinct,Ab - Central Absentee Precinct,129,178,25,3,335,0
Precinct,Provisional,0,2,0,2,4,0
Locality,Rockingham County,5725,14968,1317,118,22128,0
Precinct,101 - Broadway,322,687,89,7,1105,0
Precinct,102 - Timberville,109,297,41,1,448,0
Precinct,103 - Fulks Run,92,427,29,0,548,0
Precinct,104 - Bergton,30,190,11,2,233,0
Precinct,105 - Lacey Spring,80,360,26,1,467,0
Precinct,106 - Tenth Legion,86,304,21,2,413,0
Precinct,107 - Plains,97,354,26,1,478,0
Precinct,108 - Little North Mountain,71,244,20,1,336,0
Precinct,201 - Singers Glen,136,497,39,3,675,0
Precinct,202 - Edom,260,690,59,5,1014,0
Precinct,203 - Dayton,142,349,40,3,534,0
Precinct,204 - Mt Clinton,175,592,55,8,830,0
Precinct,205 - Silver Lake,272,744,41,5,1062,0
Precinct,301 - Keezletown,126,399,34,3,562,0
Precinct,302 - Port Republic,191,531,50,1,773,0
Precinct,303 - Melrose,119,311,31,1,462,0
Precinct,304 - Grottoes,156,444,52,0,652,0
Precinct,305 - Massanetta Springs,810,1336,139,11,2296,0
Precinct,306 - Cross Keys,68,206,21,0,295,0
Precinct,401 - Bridgewater,538,945,94,7,1584,0
Precinct,402 - Montezuma,192,631,39,9,871,0
Precinct,403 - Mt Crawford,36,75,10,0,121,0
Precinct,404 - North River,124,515,44,5,688,0
Precinct,405 - Ottobine,151,634,50,2,837,0
Precinct,501 - Elkton,200,463,30,0,693,0
Precinct,502 - Swift Run,182,739,36,1,958,0
Precinct,503 - Mcgaheysville,248,621,55,3,927,0
Precinct,504 - South Fork,91,347,27,1,466,0
Precinct,505 - Stony Run,343,523,57,3,926,0
Precinct,Ab - Central Absentee Precinct,268,496,48,2,814,0
Precinct,Provisional,10,17,3,30,60,0
Locality,Russell County,1914,3920,201,16,6051,0
Precinct,101 - Moccasin,88,286,24,1,399,0
Precinct,102 - Copper Creek,105,205,9,0,319,0
Precinct,103 - South Castlewood,87,179,15,0,281,0
Precinct,201 - North Castlewood,211,467,22,0,700,0
Precinct,202 - Dante,60,92,5,0,157,0
Precinct,301 - Cooks Mill,41,61,4,0,106,0
Precinct,302 - Daugherty,56,107,5,0,168,0
Precinct,303 - New Garden,130,208,6,0,344,0
Precinct,304 - Cleveland,95,166,8,0,269,0
Precinct,401 - Drill,31,25,2,0,58,0
Precinct,402 - Swords Creek,149,383,18,0,550,0
Precinct,403 - Honaker,101,149,3,0,253,0
Precinct,501 - West Lebanon,319,611,48,1,979,0
Precinct,601 - East Lebanon,145,368,11,4,528,0
Precinct,602 - Elk Garden,166,444,13,7,630,0
Precinct,Ab - Central Absentee Precinct,130,166,8,3,307,0
Precinct,Provisional,0,3,0,0,3,0
Locality,Salem City,2324,4019,732,101,7176,0
Precinct,1 - North Salem No 2,354,508,82,16,960,0
Precinct,2 - Conehurst,122,201,40,3,366,0
Precinct,3 - Beverly Heights,130,343,46,7,526,0
Precinct,4 - West Salem,222,441,77,10,750,0
Precinct,5 - North Salem No 1,309,445,95,11,860,0
Precinct,6 - South Salem No 1,157,207,44,5,413,0
Precinct,7 - South Salem No 2,184,352,98,3,637,0
Precinct,8 - East Salem,82,151,24,2,259,0
Precinct,9 - South Side Hills,273,587,91,18,969,0
Precinct,10 - Hidden Valley,337,627,106,21,1091,0
Precinct,Ab - Central Absentee Precinct,154,157,29,5,345,0
Precinct,Provisional,0,0,0,0,0,0
Locality,Scott County,1158,4001,124,10,5293,0
Precinct,101 - Weber City,88,301,7,2,398,0
Precinct,102 - Yuma,109,368,12,0,489,0
Precinct,202 - Weber City East,62,246,7,2,317,0
Precinct,203 - Hiltons,96,386,10,0,492,0
Precinct,204 - Clark's,30,93,0,0,123,0
Precinct,301 - Nickelsville,66,273,9,0,348,0
Precinct,302 - Snowflake,63,195,6,1,265,0
Precinct,303 - Twin Springs,46,175,5,0,226,0
Precinct,304 - Copper Creek,21,44,2,0,67,0
Precinct,401 - Gate City,184,704,33,0,921,0
Precinct,501 - Dungannon,36,103,0,1,140,0
Precinct,502 - Fort Blackmore,57,136,5,0,198,0
Precinct,503 - Manville,26,108,1,0,135,0
Precinct,504 - Rye Cove,51,209,2,2,264,0
Precinct,601 - Clinchport,24,140,2,1,167,0
Precinct,602 - Duffield-pattonsville,101,323,12,0,436,0
Precinct,603 - Fairview,34,62,1,0,97,0
Precinct,Ab - Central Absentee Precinct,63,135,10,1,209,0
Precinct,Provisional,1,0,0,0,1,0
Locality,Shenandoah County,3565,7345,649,44,11603,0
Precinct,101 - Orkney Springs,179,365,30,2,576,0
Precinct,103 - New Market,342,882,75,2,1301,0
Precinct,201 - Conicville,205,625,51,4,885,0
Precinct,202 - Mt Jackson,196,487,57,3,743,0
Precinct,302 - Edinburg,231,551,68,7,857,0
Precinct,303 - St Luke,215,563,27,3,808,0
Precinct,304 - Fort Valley,136,327,18,1,482,0
Precinct,401 - Woodstock,680,1062,101,9,1852,0
Precinct,501 - Cedar Creek,26,51,5,2,84,0
Precinct,503 - Toms Brook,418,811,80,1,1310,0
Precinct,504 - Lebanon Church,187,522,46,0,755,0
Precinct,601 - Strasburg,533,859,74,4,1470,0
Precinct,Ab - Central Absentee Precinct,214,238,16,6,474,0
Precinct,Provisional,3,2,1,0,6,0
Locality,Smyth County,2307,4880,323,22,7532,0
Precinct,101 - Saltville,351,568,35,4,958,0
Precinct,201 - Seven Mile Ford,152,420,31,1,604,0
Precinct,202 - Rich Valley,112,156,7,0,275,0
Precinct,301 - Chilhowie,220,617,31,4,872,0
Precinct,302 - St Clair,53,195,10,0,258,0
Precinct,401 - East Park,236,376,29,2,643,0
Precinct,402 - West Park,124,170,13,2,309,0
Precinct,501 - Atkins,160,467,46,0,673,0
Precinct,502 - Wassona,240,308,28,4,580,0
Precinct,601 - Royal Oak East,193,412,26,0,631,0
Precinct,602 - Royal Oak West,105,235,14,0,354,0
Precinct,701 - Adwolfe,115,492,17,4,628,0
Precinct,702 - Sugar Grove,130,265,20,1,416,0
Precinct,703 - Konnarock,17,46,3,0,66,0
Precinct,Ab - Central Absentee Precinct,99,153,13,0,265,0
Precinct,Provisional,0,0,0,0,0,0
Locality,Southampton County,2295,2578,237,19,5129,0
Precinct,101 - Berlin,63,238,27,2,330,0
Precinct,102 - Ivor,229,265,23,0,517,0
Precinct,201 - Boykins,335,185,13,1,534,0
Precinct,202 - Branchville,86,77,9,1,173,0
Precinct,301 - Capron,217,181,25,1,424,0
Precinct,302 - Sebrell,170,209,24,0,403,0
Precinct,401 - Drewryville,165,102,25,1,293,0
Precinct,501 - Hunterdale,220,374,24,4,622,0
Precinct,502 - Forks-of-the-river,128,133,11,0,272,0
Precinct,601 - Courtland,245,282,27,5,559,0
Precinct,602 - Sedley,41,163,10,0,214,0
Precinct,701 - Blackwater River,177,83,4,0,264,0
Precinct,702 - Newsoms,167,226,13,0,406,0
Precinct,Ab - Central Absentee Precinct,52,60,2,4,118,0
Precinct,Provisional,0,0,0,0,0,0
Locality,Spotsylvania County,12220,17755,1657,98,31730,0
Precinct,101 - Partlow (CD 7),284,550,58,2,894,0
Precinct,102 - Blaydes Corner (CD 7),288,564,41,1,894,0
Precinct,103 - Travelers Rest (CD 7),493,641,86,4,1224,0
Precinct,104 - Massaponax (CD 1),0,1,0,0,1,0
Precinct,104 - Massaponax (CD 7),433,676,65,4,1178,0
Precinct,201 - Wilderness School (CD 7),391,620,51,5,1067,0
Precinct,202 - Wilderness Fire (CD 7),357,615,60,3,1035,0
Precinct,203 - Ni River / Elys Ford (CD 7),304,705,42,2,1053,0
Precinct,204 - Chancellor (CD 7),565,652,67,5,1289,0
Precinct,301 - Plank Road (CD 1),476,754,64,6,1300,0
Precinct,302 - Hazel Run (CD 1),589,731,81,7,1408,0
Precinct,303 - Riverbend (CD 7),0,4,0,0,4,0
Precinct,303 - Riverbend (CD 1),572,1011,68,9,1660,0
Precinct,401 - Summit (CD 7),4,5,2,0,11,0
Precinct,401 - Summit (CD 1),505,612,69,3,1189,0
Precinct,402 - Parkside (CD 1),256,381,31,1,669,0
Precinct,402 - Parkside (CD 7),259,233,22,1,515,0
Precinct,403 - Lee Hill (CD 1),130,107,14,2,253,0
Precinct,403 - Lee Hill (CD 7),591,759,85,5,1440,0
Precinct,501 - Belmont (CD 7),197,495,57,3,752,0
Precinct,502 - Brokenburg (CD 7),209,413,41,3,666,0
Precinct,503 - Post Oak (CD 7),222,520,28,0,770,0
Precinct,504 - Courthouse (CD 7),440,656,54,0,1150,0
Precinct,505 - Brock (CD 7),386,785,59,1,1231,0
Precinct,601 - Salem (CD 7),518,770,68,4,1360,0
Precinct,602 - Smith Station (CD 7),791,849,71,4,1715,0
Precinct,603 - Piedmont (CD 7),348,433,34,2,817,0
Precinct,701 - Battlefield (CD 1),463,558,70,6,1097,0
Precinct,702 - Brents Mill (CD 1),239,342,47,4,632,0
Precinct,702 - Brents Mill (CD 7),248,322,26,1,597,0
Precinct,703 - Fairview (CD 7),300,295,34,0,629,0
Precinct,704 - Gayle (CD 7),669,849,94,6,1618,0
Precinct,Ab - Central Absentee Precinct (CD 1),193,219,15,0,427,0
Precinct,Ab - Central Absentee Precinct (CD 7),500,620,53,4,1177,0
Precinct,Provisional (CD 1),0,3,0,0,3,0
Precinct,Provisional (CD 7),0,5,0,0,5,0
Locality,Stafford County,13657,18595,1756,113,34121,0
Precinct,101 - Hartwood,550,1285,109,4,1948,0
Precinct,102 - Rocky Run,381,458,29,3,871,0
Precinct,103 - Simpson,362,608,50,4,1024,0
Precinct,104 - College,506,823,68,10,1407,0
Precinct,201 - Rock Hill,406,619,67,1,1093,0
Precinct,202 - Roseville,602,833,69,2,1506,0
Precinct,203 - Ruby,288,665,52,6,1011,0
Precinct,204 - Stefaniga,591,920,75,4,1590,0
Precinct,301 - Griffis,373,265,37,1,676,0
Precinct,302 - Widewater,583,532,52,2,1169,0
Precinct,303 - Harbour,312,566,55,1,934,0
Precinct,304 - Barrett,261,235,28,2,526,0
Precinct,401 - Aquia,192,150,20,0,362,0
Precinct,402 - Courthouse,745,625,65,5,1440,0
Precinct,403 - Brooke,612,960,82,5,1659,0
Precinct,404 - Government Island,458,696,68,3,1225,0
Precinct,501 - Grafton,638,1032,125,4,1799,0
Precinct,502 - Falmouth,546,679,76,12,1313,0
Precinct,503 - Drew,380,549,70,4,1003,0
Precinct,504 - Gayle,629,504,35,2,1170,0
Precinct,601 - Ferry Farm,463,750,68,6,1287,0
Precinct,602 - Chatham,572,729,86,4,1391,0
Precinct,603 - White Oak,446,874,87,5,1412,0
Precinct,604 - England Run,237,167,20,1,425,0
Precinct,701 - Woodlands,678,839,76,6,1599,0
Precinct,702 - Whitson,517,563,46,2,1128,0
Precinct,703 - Hampton,707,884,77,6,1674,0
Precinct,Ab - Central Absentee Precinct,613,775,64,8,1460,0
Precinct,Provisional,9,10,0,0,19,0
Locality,Staunton City,3058,2869,503,42,6472,0
Precinct,101 - Ward No 1,447,517,100,3,1067,0
Precinct,201 - Ward Two,541,662,99,7,1309,0
Precinct,301 - Ward No 3,585,567,98,5,1255,0
Precinct,401 - Ward No 4,549,578,88,14,1229,0
Precinct,501 - Ward No 5,772,398,99,12,1281,0
Precinct,Ab - Central Absentee Precinct,164,147,19,1,331,0
Locality,Suffolk City,13132,9906,1143,59,24240,0
Precinct,101 - Belleharbour,426,144,33,2,605,0
Precinct,102 - Driver,742,1164,114,10,2030,0
Precinct,104 - Bennetts Creek,506,476,63,1,1046,0
Precinct,201 - Ebenezer,307,650,62,4,1023,0
Precinct,202 - Chuckatuck,375,533,52,1,961,0
Precinct,203 - Kings Fork,697,391,46,3,1137,0
Precinct,204 - Hillpoint,521,292,29,3,845,0
Precinct,301 - White Marsh,232,97,12,0,341,0
Precinct,302 - John F Kennedy,981,116,13,0,1110,0
Precinct,304 - Nansemond River,660,363,50,2,1075,0
Precinct,305 - Shoulders Hill,250,166,22,0,438,0
Precinct,401 - Airport,340,317,35,1,693,0
Precinct,402 - Whaleyville,199,518,50,3,770,0
Precinct,403 - Southside,386,32,5,0,423,0
Precinct,404 - Booker T Washington,655,41,5,0,701,0
Precinct,405 - Pittmantown,144,126,10,0,280,0
Precinct,501 - Kilbys Mill,486,731,77,2,1296,0
Precinct,502 - Holland,510,616,62,3,1191,0
Precinct,504 - Lake Cohoon,413,782,82,3,1280,0
Precinct,601 - Lakeside,608,412,68,0,1088,0
Precinct,602 - Olde Towne,139,94,21,1,255,0
Precinct,603 - Elephants Fork/westhaven,132,201,23,1,357,0
Precinct,604 - Wilroy,300,364,38,0,702,0
Precinct,605 - Hollywood,435,10,4,0,449,0
Precinct,702 - Harbourview,566,508,51,7,1132,0
Precinct,704 - Burbage Grant,750,338,63,1,1152,0
Precinct,706 - Huntersville,723,98,20,1,842,0
Precinct,Ab - Central Absentee Precinct,645,325,33,5,1008,0
Precinct,Provisional,4,1,0,5,10,0
Locality,Surry County,1576,977,116,9,2678,0
Precinct,101 - Surry,258,305,33,6,602,0
Precinct,201 - Bacons Castle,373,151,16,1,541,0
Precinct,301 - Dendron,149,115,11,0,275,0
Precinct,302 - Walls Bridge,160,82,9,0,251,0
Precinct,401 - Carsley,319,157,14,1,491,0
Precinct,501 - Claremont,169,146,27,1,343,0
Precinct,502 - Spring Grove,148,21,6,0,175,0
Precinct,Provisional,0,0,0,0,0,0
Locality,Sussex County,1834,1259,144,9,3246,0
Precinct,101 - Waverly,369,127,15,0,511,0
Precinct,201 - Stony Creek,315,115,12,0,442,0
Precinct,202 - Little Mill,64,21,10,0,95,0
Precinct,301 - Courthouse,141,248,19,1,409,0
Precinct,302 - Wakefield,22,90,9,2,123,0
Precinct,401 - Mars Hill,285,158,14,1,458,0
Precinct,402 - West Wakefield,66,11,1,0,78,0
Precinct,501 - Henry,258,142,21,0,421,0
Precinct,502 - Yale,111,52,8,1,172,0
Precinct,601 - Blackwater,128,197,22,3,350,0
Precinct,602 - Newville,75,98,13,1,187,0
Locality,Tazewell County,2358,7490,275,12,10135,0
Precinct,101 - Abbs Valley,59,114,4,0,177,0
Precinct,102 - Tip Top,48,181,6,0,235,0
Precinct,103 - Boissevain,41,64,2,0,107,0
Precinct,104 - Falls Mills,33,170,2,0,205,0
Precinct,106 - Pocahontas,49,71,3,0,123,0
Precinct,107 - Amonate,13,32,2,0,47,0
Precinct,109 - Bishop,18,78,5,1,102,0
Precinct,110 - Adria,56,191,5,0,252,0
Precinct,111 - Gap Store,73,158,5,0,236,0
Precinct,112 - Bandy,23,78,6,0,107,0
Precinct,203 - Burkes Garden,44,64,1,0,109,0
Precinct,204 - Clear Fork,54,235,18,0,307,0
Precinct,207 - Freestone,25,88,3,1,117,0
Precinct,209 - Jeffersonville,449,1062,38,1,1550,0
Precinct,214 - Thompson Valley,71,270,7,0,348,0
Precinct,301 - Cedar Bluff,226,916,32,1,1175,0
Precinct,302 - Baptist Valley,59,151,6,0,216,0
Precinct,303 - Wardell,88,366,8,1,463,0
Precinct,305 - Pounding Mill,68,303,10,0,381,0
Precinct,401 - Richlands,281,857,32,1,1171,0
Precinct,402 - Jewell Ridge,33,88,0,0,121,0
Precinct,404 - Raven,104,252,11,1,368,0
Precinct,501 - Springville,90,507,19,0,616,0
Precinct,502 - Graham,249,958,40,3,1250,0
Precinct,Ab - Central Absentee Precinct,104,235,10,1,350,0
Precinct,Provisional,0,1,0,1,2,0
Locality,Virginia Beach City,49357,51494,7023,379,108253,0
Precinct,1 - North Beach,641,857,100,13,1611,0
Precinct,2 - South Beach,418,463,60,1,942,0
Precinct,3 - Ocean Lakes,619,637,97,2,1355,0
Precinct,4 - Linkhorn,485,704,79,6,1274,0
Precinct,5 - Seatack,561,268,64,3,896,0
Precinct,6 - Alanton,560,835,113,6,1514,0
Precinct,7 - Kingston,370,603,68,6,1047,0
Precinct,8 - London Bridge,509,541,85,2,1137,0
Precinct,9 - Trantwood,495,808,76,11,1390,0
Precinct,10 - Great Neck,549,962,122,11,1644,0
Precinct,11 - Cape Henry,799,701,113,11,1624,0
Precinct,12 - Plaza,622,431,72,3,1128,0
Precinct,13 - Mt Trashmore,580,710,104,3,1397,0
Precinct,14 - Malibu,541,587,138,3,1269,0
Precinct,15 - Old Donation,363,337,68,2,770,0
Precinct,16 - Aragona,587,561,117,4,1269,0
Precinct,17 - Ocean Park,450,476,90,1,1017,0
Precinct,18 - Thoroughgood,650,865,107,10,1632,0
Precinct,19 - Lake Smith,268,407,55,2,732,0
Precinct,20 - Bayside,373,457,59,1,890,0
Precinct,21 - Davis Corner,904,227,60,3,1194,0
Precinct,22 - Point O View,360,549,58,3,970,0
Precinct,23 - Arrowhead,490,640,115,3,1248,0
Precinct,24 - Larkspur,431,434,52,3,920,0
Precinct,25 - Avalon,687,857,115,5,1664,0
Precinct,26 - Fairfield,513,644,79,5,1241,0
Precinct,27 - Edwin,597,731,93,11,1432,0
Precinct,28 - Thalia,360,521,53,4,938,0
Precinct,29 - Holland,520,321,52,3,896,0
Precinct,30 - Red Wing,435,620,81,2,1138,0
Precinct,31 - Sigma,522,1017,91,3,1633,0
Precinct,32 - Creeds,178,384,46,1,609,0
Precinct,33 - Capps Shop,156,483,56,4,699,0
Precinct,34 - Blackwater,125,248,34,0,407,0
Precinct,35 - Courthouse,565,843,74,3,1485,0
Precinct,36 - Windsor Oaks,686,532,87,2,1307,0
Precinct,37 - Chesapeake Beach,321,326,63,3,713,0
Precinct,38 - Witchduck,661,1030,111,10,1812,0
Precinct,39 - Pembroke,575,521,81,5,1182,0
Precinct,40 - Bonney,281,389,55,2,727,0
Precinct,41 - College Park,1022,370,47,2,1441,0
Precinct,42 - Brandon,569,557,60,2,1188,0
Precinct,43 - Bellamy,508,298,66,3,875,0
Precinct,44 - Centerville,570,646,91,5,1312,0
Precinct,45 - Timberlake,573,262,58,0,893,0
Precinct,46 - Green Run,514,265,42,5,826,0
Precinct,47 - Kings Grant,558,962,123,15,1658,0
Precinct,48 - Wolfsnare,524,755,111,5,1395,0
Precinct,49 - Lynnhaven,552,745,98,8,1403,0
Precinct,50 - Oceana,305,116,25,2,448,0
Precinct,51 - Stratford Chase,431,626,62,5,1124,0
Precinct,52 - Homestead,689,823,85,8,1605,0
Precinct,53 - Shannon,427,538,73,5,1043,0
Precinct,54 - Cromwell,421,305,65,4,795,0
Precinct,55 - Magic Hollow,527,289,63,3,882,0
Precinct,56 - Edinburgh,258,323,55,4,640,0
Precinct,57 - Sherry Park,305,409,70,3,787,0
Precinct,58 - Glenwood,559,521,47,2,1129,0
Precinct,59 - Shelton Park,314,376,53,7,750,0
Precinct,60 - Foxfire,485,728,98,7,1318,0
Precinct,61 - Baker,679,76,35,0,790,0
Precinct,62 - Landstown,533,629,66,6,1234,0
Precinct,63 - Culver,545,681,98,2,1326,0
Precinct,64 - Rosemont Forest,674,653,70,6,1403,0
Precinct,65 - Colonial,478,501,60,0,1039,0
Precinct,66 - Hunt,388,585,68,4,1045,0
Precinct,67 - Eastern Shore,529,422,83,5,1039,0
Precinct,68 - Manor,499,686,81,9,1275,0
Precinct,69 - Shell,592,236,36,2,866,0
Precinct,70 - Corporate Landing,393,436,90,0,919,0
Precinct,71 - Round Hill,922,536,70,1,1529,0
Precinct,72 - Rudee,452,583,87,2,1124,0
Precinct,73 - Dahlia,812,430,87,2,1331,0
Precinct,74 - Buckner,492,237,57,1,787,0
Precinct,75 - Colony,565,818,97,2,1482,0
Precinct,76 - Village,424,232,37,1,694,0
Precinct,77 - Brookwood,467,395,66,2,930,0
Precinct,78 - Indian Lakes,470,444,61,1,976,0
Precinct,79 - Pleasant Hall,482,219,50,0,751,0
Precinct,80 - Chimney Hill,522,226,52,0,800,0
Precinct,81 - Rock Lake,593,394,72,3,1062,0
Precinct,82 - Shelburne,341,506,52,2,901,0
Precinct,83 - Strawbridge,461,671,78,4,1214,0
Precinct,84 - Tallwood,547,441,39,0,1027,0
Precinct,85 - Upton,533,774,102,3,1412,0
Precinct,86 - Haygood,586,654,55,6,1301,0
Precinct,87 - Hillcrest,457,551,40,0,1048,0
Precinct,88 - North Landing,344,479,52,3,878,0
Precinct,89 - Lake Christopher,527,628,54,6,1215,0
Precinct,90 - Lake Joyce,310,377,63,3,753,0
Precinct,91 - Lexington,539,337,38,1,915,0
Precinct,92 - Little Neck,381,554,60,7,1002,0
Precinct,93 - Newtown,481,63,17,0,561,0
Precinct,94 - Pinewood,233,313,46,3,595,0
Precinct,Ab - Central Absentee Precinct,2155,2227,261,21,4664,0
Precinct,Provisional,33,59,8,0,100,0
Locality,Warren County,3392,5873,416,21,9702,0
Precinct,101 - Fork Town,246,364,26,3,639,0
Precinct,102 - Otterburn,359,805,42,1,1207,0
Precinct,201 - Happy Creek,401,678,40,3,1122,0
Precinct,202 - Linden,329,532,72,2,935,0
Precinct,301 - North River,308,413,33,1,755,0
Precinct,302 - Riverton,283,516,20,1,820,0
Precinct,401 - East Shenandoah,376,857,46,1,1280,0
Precinct,402 - Town - West Shenandoah,269,411,36,1,717,0
Precinct,501 - South River,375,601,45,3,1024,0
Precinct,502 - Bentonville,128,255,31,1,415,0
Precinct,504 - Browntown,135,202,18,2,357,0
Precinct,Ab - Central Absentee Precinct,183,236,7,2,428,0
Precinct,Provisional,0,3,0,0,3,0
Locality,Washington County,3936,9989,520,40,14485,0
Precinct,101 - East Abingdon,436,737,61,2,1236,0
Precinct,102 - West Abingdon,273,403,33,3,712,0
Precinct,201 - Clinchburg,73,295,15,0,383,0
Precinct,202 - Greendale,154,479,14,1,648,0
Precinct,203 - Hayters Gap,66,211,7,1,285,0
Precinct,204 Woodland Hills,205,499,25,4,733,0
Precinct,301 - Watauga,301,836,49,3,1189,0
Precinct,302 - South Abingdon,382,675,40,5,1102,0
Precinct,401 - Glade Spring,205,569,29,2,805,0
Precinct,402 - Meadowview,292,691,45,5,1033,0
Precinct,501 - Rhea Valley,280,822,47,3,1152,0
Precinct,502 - Damascus,206,370,34,0,610,0
Precinct,504 - Green Cove,15,92,4,1,112,0
Precinct,601 - Burson Place,162,679,21,0,862,0
Precinct,602 - Mendota,33,162,2,0,197,0
Precinct,603 - Valley Institute,151,522,10,2,685,0
Precinct,701 - High Point,150,621,17,0,788,0
Precinct,702 - Wallace,99,291,11,0,401,0
Precinct,703 - John Battle,231,658,35,3,927,0
Precinct,Ab - Central Absentee Precinct,220,372,21,5,618,0
Precinct,Provisional,2,5,0,0,7,0
Locality,Waynesboro City,1918,2598,460,30,5006,0
Precinct,1 - Ward A,263,276,68,1,608,0
Precinct,2 - Ward B,569,805,146,9,1529,0
Precinct,3 - Ward C,370,469,88,1,928,0
Precinct,4 - Ward D,611,961,150,16,1738,0
Precinct,Ab - Central Absentee Precinct,105,87,8,3,203,0
Precinct,Provisional,0,0,0,0,0,0
Locality,Westmoreland County,2115,2116,217,17,4465,0
Precinct,101 - Precinct 1-1,348,147,23,5,523,0
Precinct,102 - Precinct 1-2,176,128,14,1,319,0
Precinct,201 - Precinct 2-1,483,435,56,3,977,0
Precinct,301 - Precinct 3-1,321,350,34,1,706,0
Precinct,401 - Precinct 4-1,271,501,31,4,807,0
Precinct,501 - Precinct 5-1,366,392,45,1,804,0
Precinct,Ab - Central Absentee Precinct,150,163,13,1,327,0
Precinct,Provisional,0,0,1,1,2,0
Locality,Williamsburg City,2748,1337,254,25,4364,0
Precinct,1 - Stryker,1197,557,110,10,1874,0
Precinct,2 - Matoaka,1399,668,138,12,2217,0
Precinct,Ab - Central Absentee Precinct,151,112,5,1,269,0
Precinct,Provisional,1,0,1,2,4,0
Locality,Winchester City,2631,2702,326,25,5684,0
Precinct,101 - Merrimans,660,638,105,10,1413,0
Precinct,102 - Old Town,463,469,77,5,1014,0
Precinct,201 - Virginia Avenue,406,315,51,3,775,0
Precinct,301 - War Memorial,345,391,3,2,741,0
Precinct,401 - Frederick Douglass,176,213,20,0,409,0
Precinct,402 - Rolling Hills,405,515,56,2,978,0
Precinct,AB - Central Absentee Precinct,175,161,14,2,352,0
Precinct,Provisional,1,0,0,1,2,0
Locality,Wise County,2196,5830,273,25,8324,0
Precinct,101 - Appalachia,194,286,20,2,502,0
Precinct,102 - Dorchester,101,191,8,0,300,0
Precinct,103 - Guest River Voting Place,94,236,8,1,339,0
Precinct,104 - West Pound,294,766,36,2,1098,0
Precinct,201 - North Coeburn,92,271,16,2,381,0
Precinct,202 - Wise,290,862,35,2,1189,0
Precinct,203 - East Pound,50,161,14,1,226,0
Precinct,301 - Big Stone Gap,287,611,29,3,930,0
Precinct,302 - East Stone Gap,208,787,30,2,1027,0
Precinct,401 - Clinch Valley,145,656,32,5,838,0
Precinct,402 - South Coeburn,183,671,27,1,882,0
Precinct,403 - St Paul,132,179,10,3,324,0
Precinct,Ab - Central Absentee Precinct,125,153,8,1,287,0
Precinct,Provisional,1,0,0,0,1,0
Locality,Wythe County,2049,4967,641,55,7712,0
Precinct,101 - Royal Oak,45,214,26,0,285,0
Precinct,102 - Rural Retreat,238,645,98,4,985,0
Precinct,203 - West Wytheville,427,711,124,11,1273,0
Precinct,303 - East Wytheville,464,772,121,16,1373,0
Precinct,401 - Fort Chiswell,131,449,48,4,632,0
Precinct,402 - Max Meadows,136,405,52,4,597,0
Precinct,501 - Jackson Memorial,107,293,28,0,428,0
Precinct,502 - Sheffey,154,505,40,8,707,0
Precinct,601 - Huddle,73,203,22,0,298,0
Precinct,602 - Zion,117,332,44,2,495,0
Precinct,603  Evergreen,75,278,27,1,381,0
Precinct,Ab - Central Absentee Precinct,82,160,11,5,258,0
Precinct,Provisional,0,0,0,0,0,0
Locality,York County,7745,11923,1418,43,21129,0
Precinct,101 - Queens Lake,571,621,76,2,1270,0
Precinct,102 - Waller Mill,526,697,96,3,1322,0
Precinct,103 - Magruder,897,534,110,2,1543,0
Precinct,201 - Coventry,705,1084,110,3,1902,0
Precinct,202 - Kiln Creek,363,535,64,0,962,0
Precinct,301 - Seaford,446,1310,143,5,1904,0
Precinct,302 - Yorktown,522,764,114,7,1407,0
Precinct,303 - Edgehill,593,654,94,2,1343,0
Precinct,401 - Harwoods Mill,565,1182,117,3,1867,0
Precinct,402 - Dare,515,1224,128,2,1869,0
Precinct,403 - Grafton,284,515,68,2,869,0
Precinct,501 - Tabb,693,1263,124,5,2085,0
Precinct,502 - Bethel,686,1005,120,4,1815,0
Precinct,Ab - Central Absentee Precinct,372,527,53,3,955,0
Precinct,Provisional,7,8,1,0,16,0
