,,Kamala D. Harris,Donald J. Trump,Jill E. Stein,Chase R. Oliver,Cornel R. West,Claudia De la Cruz,Write-Ins,Total Votes Cast
,,Democratic,Republican,Green,Libertarian,Independent,Independent,,
State,Virginia,2335395,2075085,34888,19814,8984,8410,23365,4505941
Locality,Accomack County,7374,9659,36,41,17,17,32,17176
Precinct,101 - Chincoteague,776,1406,2,6,1,1,7,2199
Precinct,201 - Atlantic,207,549,1,4,1,0,0,762
Precinct,202 - Greenbackville,396,939,4,1,1,0,2,1343
Precinct,301 - New Church,868,731,3,6,6,1,2,1617
Precinct,401 - Bloxom,194,487,1,4,1,2,2,691
Precinct,402 - Parksley,262,496,1,1,0,3,1,764
Precinct,403 - Saxis,44,175,0,0,1,0,0,220
Precinct,501 - Mappsville,406,292,5,0,0,1,0,704
Precinct,502 - Rue,440,151,0,0,0,0,1,592
Precinct,601 - Accomac,609,860,6,3,2,2,3,1485
Precinct,602 - Tangier,24,200,0,0,0,2,1,227
Precinct,701 - Nandua,1009,1140,8,4,2,2,5,2170
Precinct,801 - Bobtown,250,465,2,1,0,0,3,721
Precinct,802 - Melfa,462,421,1,2,0,2,1,889
Precinct,803 - Wachapreague,184,404,0,5,1,0,0,594
Precinct,901 - Painter,1137,792,1,3,1,1,4,1939
Precinct,Provisional,106,151,1,1,0,0,0,259
Locality,Albemarle County,44279,21513,366,378,100,104,484,67224
Precinct,101 - Woodbrook,1569,704,13,9,3,4,29,2331
Precinct,103 - Branchlands,618,232,9,5,2,2,4,872
Precinct,104 - Agnor-hurt,1320,446,24,15,5,6,8,1824
Precinct,105 - Dunlora,2330,618,17,22,6,3,22,3018
Precinct,106 - Northside,1395,905,11,13,4,4,12,2344
Precinct,201 - Jack Jouett,1908,931,10,11,2,2,18,2882
Precinct,202 - University,1185,256,10,4,2,1,4,1462
Precinct,203 - Georgetown,1696,478,18,13,5,7,12,2229
Precinct,301 - Ivy,2392,916,11,29,2,0,21,3371
Precinct,302 - Red Hill,1587,942,10,19,4,2,16,2580
Precinct,304 - East Ivy,610,273,7,5,0,3,11,909
Precinct,305 - Country Green,1776,644,19,17,5,3,17,2481
Precinct,306 - Porters,750,531,5,4,1,3,6,1300
Precinct,307 - Yellow Mountain,639,412,3,9,1,2,4,1070
Precinct,401 - Scottsville,648,765,4,10,0,3,5,1435
Precinct,402 - Monticello,558,667,6,4,2,2,4,1243
Precinct,405 - Mountain View,2606,729,16,20,3,5,20,3399
Precinct,406 - Stone Robinson,1639,1218,14,21,5,1,32,2930
Precinct,407 - Biscuit Run,1177,367,13,7,1,3,11,1579
Precinct,501 - Keswick,722,518,5,0,0,3,6,1254
Precinct,502 - Stony Point,761,576,6,3,1,1,10,1358
Precinct,503 - Hollymead,1699,707,9,8,7,9,28,2467
Precinct,504 - Free Bridge,1316,439,9,11,2,1,17,1795
Precinct,506 - Baker-butler,2512,1361,24,21,9,4,25,3956
Precinct,507 - Pantops,1279,502,9,12,5,2,25,1834
Precinct,601 - Crozet,1968,1150,13,15,6,5,16,3173
Precinct,602 - Free Union,641,553,3,6,2,2,9,1216
Precinct,603 - Earlysville,1597,1146,12,8,1,4,22,2790
Precinct,604 - Brownsville,1779,909,12,8,3,5,27,2743
Precinct,606 - Mechums River,2254,953,13,38,4,7,22,3291
Precinct,ALBEMARLE COUNTY PROVISIONALS,1348,665,31,11,7,5,21,2088
Locality,Alexandria City,62326,16112,825,410,211,178,842,80904
Precinct,101 - Old Town North,2238,639,11,9,1,5,41,2944
Precinct,102 - City Hall,1739,663,8,13,2,4,53,2482
Precinct,103 - Lyles Crouch School,2187,700,18,20,5,3,45,2978
Precinct,104 - Durant Center,1937,439,21,18,3,2,28,2448
Precinct,105 - Lee Center,1742,440,18,12,4,2,28,2246
Precinct,106 - Cora Kelly,2495,495,21,18,7,6,21,3063
Precinct,107 - Mt Vernon Recreation Center,3087,457,12,23,4,5,30,3618
Precinct,108 - George Washington Middle Sch,2950,503,9,20,7,4,32,3525
Precinct,109 - Fire Department Headquarters,1694,436,5,13,0,3,26,2177
Precinct,110 - Charles Houston Center,2746,499,33,19,5,14,21,3337
Precinct,111 - Potomac Yard,1232,278,12,11,3,0,18,1554
Precinct,201 - Naomi L. Brooks School,1873,330,7,13,2,1,34,2260
Precinct,202 - George Mason School,1899,569,5,16,6,2,55,2552
Precinct,203 - Charles Barrett Center,1828,427,17,13,5,2,30,2322
Precinct,204 - Blessed Sacrament Church,2019,468,14,9,5,2,54,2571
Precinct,205 - Douglas Macarthur School,2368,636,30,26,10,7,43,3120
Precinct,206 - Alexandria City High School,1905,514,14,5,6,7,39,2490
Precinct,207 - Temple Beth El Synagogue,2267,713,44,27,2,10,40,3103
Precinct,208 - Nova Arts Center,1551,425,31,4,14,2,12,2039
Precinct,209 - James K Polk School,2198,571,34,13,16,8,16,2856
Precinct,210 - F.t. Day School,1259,335,29,11,3,5,16,1658
Precinct,211 - Alex Renew,2167,509,28,11,1,3,16,2735
Precinct,212 - The View Alexandria,1007,285,15,8,5,2,9,1331
Precinct,302 - Patrick Henry Rec Center,1570,415,26,8,11,8,17,2055
Precinct,303 - Charles E Beatley Library,1573,398,39,7,5,8,5,2035
Precinct,304 - Tucker School,1830,518,37,5,16,9,13,2428
Precinct,305 - John Adams School,1290,405,35,8,12,8,13,1771
Precinct,306 - William Ramsay School,1346,418,53,4,2,2,8,1833
Precinct,307 - Tucker West,1754,554,48,11,10,7,9,2393
Precinct,308 - Cameron Station Community Ctr,2281,629,22,12,14,13,38,3009
Precinct,309 - Olympus Condo,1203,319,37,5,10,6,8,1588
Precinct,310 - Del Pepper Center,1029,372,27,5,5,6,6,1450
Precinct,ALEXANDRIA CITY PROVISIONALS,2062,753,65,13,10,12,18,2933
Locality,Alleghany County,2114,6093,27,29,4,10,16,8293
Precinct,101 - Arritt,156,733,1,0,0,0,0,890
Precinct,103 - Dameron,51,256,0,1,0,1,0,309
Precinct,201 - Humpback Bridge,114,378,0,0,1,2,2,497
Precinct,202 - Dolly Ann,188,535,1,2,0,0,3,729
Precinct,301 - Callaghan,52,400,0,2,0,1,1,456
Precinct,302 - Griffith,144,594,1,2,0,0,1,742
Precinct,401 - Low Moor,153,388,2,2,0,0,1,546
Precinct,402 - Jackson Heights,173,593,5,3,1,0,1,776
Precinct,501 - Iron Gate,77,182,2,4,0,0,0,265
Precinct,502 - Peters Switch,196,775,3,4,1,1,3,983
Precinct,601 - District 1,392,605,2,1,1,3,1,1005
Precinct,701 - District 2,382,530,8,8,0,2,3,933
Precinct,Provisional,36,124,2,0,0,0,0,162
Locality,Amelia County,2214,5776,19,12,8,3,17,8049
Precinct,101 - Number 1,362,989,2,1,1,0,2,1357
Precinct,201 - Number 2,468,1134,2,5,4,1,1,1615
Precinct,301 - Number 3,384,1231,4,2,3,0,3,1627
Precinct,401 - Number 4,449,1235,7,1,0,2,4,1698
Precinct,501 - Number 5,510,1110,4,3,0,0,6,1633
Precinct,AMELIA COUNTY PROVISIONALS,41,77,0,0,0,0,1,119
Locality,Amherst County,5429,11742,26,68,19,19,55,17358
Precinct,101 - Wright Shop,542,560,2,2,2,1,3,1112
Precinct,102 - New Glasgow,452,1091,3,6,0,3,3,1558
Precinct,103 - Coolwell,154,552,1,2,0,0,2,711
Precinct,201 - Court House,904,1457,7,10,2,2,15,2397
Precinct,202 - Temperance,207,742,0,3,3,1,1,957
Precinct,301 - Monroe,288,667,0,3,1,1,2,962
Precinct,302 - Elon,582,1867,3,10,0,3,8,2473
Precinct,303 - Pleasant View,156,477,0,0,3,0,5,641
Precinct,401 - Amelon,778,1717,2,11,3,4,5,2520
Precinct,402 - Lonco,261,579,1,3,2,1,1,848
Precinct,501 - Madison,1050,1891,4,15,3,3,10,2976
Precinct,AMHERST COUNTY PROVISIONALS,55,142,3,3,0,0,0,203
Locality,Appomattox County,2324,7243,13,42,8,12,43,9685
Precinct,101 - Vera,136,529,2,0,0,0,7,674
Precinct,102 - Pamplin,319,896,2,2,1,0,8,1228
Precinct,201 - Chap,136,260,0,3,1,2,0,402
Precinct,202 - Spout Spring,274,1268,1,8,0,1,4,1556
Precinct,301 - Us 460,181,753,2,1,1,1,6,945
Precinct,302 - Stonewall,291,872,2,6,2,1,5,1179
Precinct,401 - Courthouse,462,1196,2,9,0,4,8,1681
Precinct,501 - Oakville,339,968,2,8,1,1,5,1324
Precinct,502 - Agee,166,390,0,4,1,2,0,563
Precinct,APPOMATTOX COUNTY PROVISIONALS,20,111,0,1,1,0,0,133
Locality,Arlington County,100446,25223,1354,831,270,238,1199,129561
Precinct,101 - Precinct 101,1328,546,50,9,11,0,4,1948
Precinct,102 - Precinct 102,2138,405,19,13,3,4,17,2599
Precinct,103 - Precinct 103,1181,334,13,18,1,7,19,1573
Precinct,104 - Precinct 104,2277,522,23,13,4,2,21,2862
Precinct,105 - Precinct 105,1835,415,16,12,2,6,15,2301
Precinct,106 - Precinct 106,1675,437,10,10,1,9,15,2157
Precinct,107 - Precinct 107,2080,435,14,22,2,3,27,2583
Precinct,108 - Precinct 108,2166,593,26,28,6,8,27,2854
Precinct,109 - Precinct 109,2307,565,32,19,14,9,28,2974
Precinct,110 - Precinct 110,2571,654,35,24,7,4,41,3336
Precinct,111 - Precinct 111,1452,367,9,9,1,3,15,1856
Precinct,112 - Precinct 112,1818,373,16,13,3,5,27,2255
Precinct,113 - Precinct 113,1196,396,22,15,5,2,10,1646
Precinct,114 - Precinct 114,1497,322,16,17,5,5,21,1883
Precinct,115 - Precinct 115,1045,283,24,5,2,1,9,1369
Precinct,116 - Precinct 116,2325,526,25,20,10,5,31,2942
Precinct,117 - Precinct 117,2251,453,16,18,5,6,22,2771
Precinct,118 - Precinct 118,3426,754,46,28,14,5,44,4317
Precinct,119 - Precinct 119,2644,696,73,13,9,11,33,3479
Precinct,120 - Precinct 120,1958,514,13,15,3,1,42,2546
Precinct,121 - Precinct 121,995,271,18,10,3,2,9,1308
Precinct,122 - Precinct 122,1968,395,7,19,2,4,29,2424
Precinct,123 - Precinct 123,1939,404,9,18,1,8,26,2405
Precinct,124 - Precinct 124,2610,553,28,16,4,3,32,3246
Precinct,125 - Precinct 125,1869,428,18,14,4,2,19,2354
Precinct,126 - Precinct 126,2026,470,29,12,10,4,29,2580
Precinct,127 - Precinct 127,2031,500,33,22,3,6,28,2623
Precinct,128 - Precinct 128,2150,506,58,13,11,3,15,2756
Precinct,129 - Precinct 129,2035,380,17,11,2,4,22,2471
Precinct,130 - Precinct 130,1769,425,32,17,6,12,19,2280
Precinct,131 - Precinct 131,2069,409,13,15,4,4,21,2535
Precinct,132 - Precinct 132,723,234,9,8,3,3,13,993
Precinct,133 - Precinct 133,1936,627,8,29,3,4,25,2632
Precinct,134 - Precinct 134,1813,410,10,12,5,1,23,2274
Precinct,135 - Precinct 135,2019,700,20,29,3,3,46,2820
Precinct,136 - Precinct 136,2092,492,18,16,5,4,29,2656
Precinct,137 - Precinct 137,1827,431,15,13,0,4,27,2317
Precinct,138 - Precinct 138,1513,419,21,8,6,3,17,1987
Precinct,139 - Precinct 139,1167,246,11,8,2,0,6,1440
Precinct,140 - Precinct 140,2594,641,38,22,3,2,23,3323
Precinct,141 - Precinct 141,2153,504,33,12,11,8,25,2746
Precinct,142 - Precinct 142,1591,348,23,9,3,4,11,1989
Precinct,143 - Precinct 143,1105,487,47,0,5,4,10,1658
Precinct,144 - Precinct 144,1377,335,19,10,2,4,15,1762
Precinct,145 - Precinct 145,1480,396,24,14,5,6,13,1938
Precinct,146 - Precinct 146,2377,596,23,32,6,3,33,3070
Precinct,147 - Precinct 147,1417,338,30,6,5,4,13,1813
Precinct,148 - Precinct 148,1559,431,15,14,3,2,28,2052
Precinct,149 - Precinct 149,1533,362,27,14,2,3,12,1953
Precinct,150 - Precinct 150,1835,426,27,15,9,7,23,2342
Precinct,151 - Precinct 151,529,103,3,7,0,0,2,644
Precinct,152 - Precinct 152,1234,405,31,7,7,2,13,1699
Precinct,153 - Precinct 153,1836,487,32,14,4,3,16,2392
Precinct,154 - Precinct 154,911,180,10,3,1,5,16,1126
Precinct,PROVISIONALS,3194,1294,100,41,19,11,43,4702
Locality,Augusta County,11403,32429,97,194,45,55,194,44417
Precinct,101 - Jolivue,425,777,0,5,1,1,7,1216
Precinct,102 - Stuarts Draft Elementary,227,465,3,1,0,2,0,698
Precinct,103 - Verona,454,1200,3,10,4,3,3,1677
Precinct,104 - Wilson,586,1079,8,8,2,2,12,1697
Precinct,201 - Crimora,543,2003,5,11,2,3,11,2578
Precinct,202 - New Hope,246,996,2,9,0,1,12,1266
Precinct,203 - Weyers Cave,604,1521,3,9,2,4,12,2155
Precinct,301 - Fort Defiance,442,1172,4,9,2,0,11,1640
Precinct,302 - North River,277,1025,0,5,0,2,3,1312
Precinct,303 - Mount Solon,186,1002,2,7,1,0,5,1203
Precinct,304 - Rolla,687,1489,12,6,2,7,7,2210
Precinct,401 - Buffalo Gap,296,1071,3,5,2,2,3,1382
Precinct,402 - Churchville Elementary,366,1343,5,5,3,1,6,1729
Precinct,403 - Craigsville,102,763,2,2,1,0,1,871
Precinct,404 - Deerfield,71,334,2,1,0,1,4,413
Precinct,405 - Cedar Green,524,1135,3,7,1,5,7,1682
Precinct,501 - Greenville,383,1514,5,9,2,3,12,1928
Precinct,502 - Middlebrook,175,581,3,0,5,0,1,765
Precinct,503 - Spottswood,191,855,2,5,0,0,7,1060
Precinct,504 - White Hill,554,1988,4,11,2,2,14,2575
Precinct,601 - Sherando,337,1166,2,6,1,2,2,1516
Precinct,602 - Ridgeview,488,1685,6,11,2,2,9,2203
Precinct,603 - Lyndhurst,341,827,4,6,0,0,5,1183
Precinct,604 - Mount Vernon,488,1216,2,6,1,3,13,1729
Precinct,801 - Dooms,404,1177,2,6,3,1,4,1597
Precinct,802 - Fishersville,1112,1895,0,19,4,4,10,3044
Precinct,803 - Ladd,300,630,1,7,0,0,5,943
Precinct,804 - Goose Creek,418,872,5,6,2,1,6,1310
Precinct,AUGUSTA COUNTY PROVISIONALS,176,648,4,2,0,3,2,835
Locality,Bath County,588,1976,6,6,0,6,1,2583
Precinct,101 - Warm Springs,127,321,3,1,0,0,0,452
Precinct,102 - Mountain Grove,15,57,0,0,0,0,0,72
Precinct,201 - Hot Springs,122,300,1,1,0,1,1,426
Precinct,301 - Fairview,58,352,0,2,0,1,0,413
Precinct,302 - Burnsville,17,73,0,0,0,0,0,90
Precinct,401 - Millboro,102,446,0,1,0,0,0,549
Precinct,501 - Healing Springs,140,386,1,1,0,2,0,530
Precinct,BATH COUNTY PROVISIONALS,7,41,1,0,0,2,0,51
Locality,Bedford County,12414,38017,115,199,38,47,251,51081
Precinct,101 - Goodview Elem School,465,1657,7,5,1,3,4,2142
Precinct,102 - Hardy Vol Fire Co,208,695,0,3,1,2,4,913
Precinct,103 - Chamblissburg Baptist Church,318,1170,3,9,1,1,3,1505
Precinct,104 - Barnhardt Baptist Church,246,970,1,4,0,4,4,1229
Precinct,105 - Diamond Hill Baptist Church,205,842,5,4,0,0,3,1059
Precinct,201 - Bedford Christian Church,188,547,1,6,0,0,1,743
Precinct,202 - Staunton River High School,272,1059,2,2,3,2,4,1344
Precinct,203 - Eastlake Community Church,522,1537,4,12,2,0,11,2088
Precinct,204 - Huddleston Elementary School,219,1041,2,3,1,1,2,1269
Precinct,205 - Saunders Vol Fire Co,500,1290,0,7,1,2,12,1812
Precinct,301 - New London Academy,476,1806,6,15,2,6,17,2328
Precinct,302 - Bedford County Gym,427,1379,1,4,1,1,11,1824
Precinct,303 - Forest Alliance Church,235,781,4,4,0,1,5,1030
Precinct,304 - 1 In Christ Church,206,655,2,4,3,0,6,876
Precinct,305 - Forest Fire Station #2,295,1039,1,5,6,0,8,1354
Precinct,401 - Forest Elementary School,691,1942,9,7,1,0,16,2666
Precinct,402 - Thomas Jefferson Elem School,547,1509,1,10,1,1,13,2082
Precinct,403 - Pleasant View Baptist Church,577,1379,5,10,1,2,14,1988
Precinct,404 - Forest Recreation Center,247,569,5,9,1,1,6,838
Precinct,501 - Big Island Elementary School,244,975,3,5,3,0,4,1234
Precinct,502 - Suck Spring Baptist Church,236,785,3,2,1,2,4,1033
Precinct,503 - Boonsboro Elementary School,750,1255,5,11,0,2,12,2035
Precinct,504 - Boonsboro Ruritan Club,827,2439,10,15,0,3,24,3318
Precinct,601 - Montvale Elem School,319,1175,4,2,0,1,6,1507
Precinct,602 - Shady Grove Fire Department,322,1482,3,7,1,2,4,1821
Precinct,603 - Bedford Moose Lodge,218,782,3,3,1,1,2,1010
Precinct,604 - Bedford Welcome Center,645,1318,3,9,0,4,10,1989
Precinct,701 - Goode Vol Rescue Squad,498,1798,4,7,1,1,5,2314
Precinct,702 - Liberty High School,304,1008,1,2,1,0,10,1326
Precinct,703 - Thaxton Baptist Church,225,863,3,3,0,1,6,1101
Precinct,704 - Bedford Central Library,695,1208,12,5,3,3,9,1935
Precinct,705 - Mountain View Church,132,360,1,4,1,0,8,506
Precinct,Provisionals,155,702,1,1,0,0,3,862
Locality,Bland County,524,2998,4,11,8,3,7,3555
Precinct,101 - Bastian,42,366,0,1,0,0,1,410
Precinct,102 - Ceres,80,408,0,0,3,1,0,492
Precinct,201 - Davis,30,127,0,0,1,0,0,158
Precinct,202 - Seddon,120,615,1,3,3,0,2,744
Precinct,301 - Hollybrook,53,432,0,2,1,2,0,490
Precinct,302 - Mechanicsburg,42,255,0,0,0,0,2,299
Precinct,401 - Rocky Gap,152,771,3,5,0,0,2,933
Precinct,BLAND COUNTY PROVISIONALS,5,24,0,0,0,0,0,29
Locality,Botetourt County,5915,15796,49,95,18,20,85,21978
Precinct,101 - Daleville,945,1843,9,12,4,4,14,2831
Precinct,102 - Greenfield,601,1461,0,7,3,4,8,2084
Precinct,201 - Blue Ridge,548,1592,8,11,0,1,6,2166
Precinct,202 - Rainbow Forest,576,1612,5,9,4,3,3,2212
Precinct,301 - Buchanan,396,1500,4,7,1,4,7,1919
Precinct,302 - Mill Creek,520,1560,5,9,1,0,2,2097
Precinct,403 - Eagle Rock,307,1050,3,3,1,0,2,1366
Precinct,406 - Fincastle,755,2134,4,16,0,0,24,2933
Precinct,501 - Troutville,325,944,3,4,1,1,6,1284
Precinct,502 - Cloverdale,884,1893,6,16,3,3,12,2817
Precinct,BOTETOURT COUNTY PROVISIONALS,58,207,2,1,0,0,1,269
Locality,Bristol City,2231,5197,16,23,5,7,11,7490
Precinct,001 - 1st,425,1019,5,1,2,4,2,1458
Precinct,002 - 2nd,625,1076,4,8,1,3,6,1723
Precinct,003 - 3rd,464,734,2,4,2,0,0,1206
Precinct,004 - 4th,467,1448,4,5,0,0,1,1925
Precinct,005 - 5th,208,812,1,5,0,0,1,1027
Precinct,BRISTOL CITY PROVISIONALS,42,108,0,0,0,0,1,151
Locality,Brunswick County,4184,3523,9,6,8,8,13,7751
Precinct,101 - Brodnax,196,176,0,0,0,0,1,373
Precinct,102 - Rock Store,225,384,2,0,0,2,0,613
Precinct,103 - Tillman,272,508,0,1,1,0,2,784
Precinct,201 - Dromgoole,108,127,0,0,0,0,1,236
Precinct,202 - Edgerton,496,184,4,0,2,1,1,688
Precinct,203 - Fitzhugh,337,264,0,1,1,0,1,604
Precinct,301 - Alberta,78,68,0,1,0,0,1,148
Precinct,302 - Danieltown,292,426,1,0,0,1,0,720
Precinct,303 - Elmore,168,200,1,0,0,0,0,369
Precinct,304 - Seymour,150,186,0,0,1,1,0,338
Precinct,401 - Sturgeon,624,481,0,0,0,2,2,1109
Precinct,402 - King's Store,249,109,0,1,0,0,0,359
Precinct,501 - Totaro,924,364,1,1,3,1,3,1297
Precinct,BRUNSWICK COUNTY PROVISIONALS,65,46,0,1,0,0,1,113
Locality,Buchanan County,1355,7939,8,13,5,7,10,9337
Precinct,102 - Blackey,41,351,1,0,0,0,1,394
Precinct,103 - Hurley,89,872,1,0,0,1,0,963
Precinct,201 - Grassy,20,97,0,0,0,0,0,117
Precinct,202 - Bull,68,495,0,0,0,1,0,564
Precinct,203 - Rocklick,93,563,1,1,1,0,1,660
Precinct,301 - Slate,86,673,2,1,0,0,0,762
Precinct,302 - North Grundy,108,538,0,1,0,2,1,650
Precinct,403 - South Grundy,121,551,1,3,0,0,1,677
Precinct,404 - Oakwood,14,66,0,0,0,0,0,80
Precinct,405 - Grundy,56,303,0,0,1,0,1,361
Precinct,501 - Prater,91,484,1,1,1,0,0,578
Precinct,502 - Fox,46,130,0,0,0,1,0,177
Precinct,503 - Vansant,121,444,0,1,1,1,1,569
Precinct,601 - Council,54,371,0,2,0,0,2,429
Precinct,602 - Garden,81,502,0,0,0,0,1,584
Precinct,603 - Hurricane,75,262,0,0,0,0,1,338
Precinct,701 - Whitewood,100,578,0,1,0,0,0,679
Precinct,702 - Contrary,71,513,0,1,0,1,0,586
Precinct,BUCHANAN COUNTY PROVISIONALS,20,146,1,1,1,0,0,169
Locality,Buckingham County,2988,4847,29,22,14,15,10,7925
Precinct,101 - New Canton,502,637,2,3,0,2,1,1147
Precinct,201 - White Hall,383,662,1,3,1,2,2,1054
Precinct,301 - Curdsville,233,512,3,2,0,1,0,751
Precinct,302 - New Store,121,320,1,2,0,0,0,444
Precinct,401 - Maysville,443,747,2,3,5,3,1,1204
Precinct,501 - Wrights,90,300,3,1,0,0,1,395
Precinct,502 - Glenmore,334,399,11,1,2,2,1,750
Precinct,601 - Slate River,219,416,3,3,1,1,2,645
Precinct,602 - Georgia Creek,306,316,1,0,2,0,2,627
Precinct,701 - Gold Hill,337,480,2,3,3,4,0,829
Precinct,BUCKINGHAM COUNTY PROVISIONALS,20,58,0,1,0,0,0,79
Locality,Buena Vista City,767,2035,10,29,4,8,14,2867
Precinct,001 - 1st Ward,368,1153,7,15,3,4,5,1555
Precinct,002 - 2nd Ward,368,780,2,13,1,4,8,1176
Precinct,BUENA VISTA CITY PROVISIONALS,31,102,1,1,0,0,1,136
Locality,Campbell County,7890,23032,69,103,37,40,116,31287
Precinct,101 - Brookville,600,1656,10,9,4,3,8,2290
Precinct,102 - New London,501,1702,7,10,0,2,6,2228
Precinct,201 - Walker,593,1442,8,7,3,3,7,2063
Precinct,202 - Bedford Springs,531,1699,4,9,7,3,18,2271
Precinct,301 - Evington,250,882,3,4,2,2,3,1146
Precinct,302 - Otter River,341,1146,4,5,1,0,7,1504
Precinct,303 - Altavista,631,939,8,3,1,3,4,1589
Precinct,401 - 3 Forks,342,1396,4,4,6,1,4,1757
Precinct,402 - Court House,694,2438,6,4,2,5,10,3159
Precinct,501 - Spring Hill,595,1823,3,8,2,5,13,2449
Precinct,502 - Yellow Branch,468,1206,0,9,0,5,10,1698
Precinct,601 - Kings,498,1296,3,8,1,3,2,1811
Precinct,602 - Concord,569,1836,3,9,2,1,9,2429
Precinct,701 - Brookneal,153,251,0,2,0,0,1,407
Precinct,702 - Gladys,732,1945,0,8,3,4,12,2704
Precinct,703 - Morris Church,246,813,3,1,1,0,1,1065
Precinct,CAMPBELL COUNTY PROVISIONALS,146,562,3,3,2,0,1,717
Locality,Caroline County,7957,9511,57,66,34,28,45,17698
Precinct,101 - Bowling Green,679,1203,6,7,2,3,7,1907
Precinct,102 - Sparta,396,769,2,4,0,2,2,1175
Precinct,201 - North Madison,647,507,3,5,3,4,5,1174
Precinct,202 - South Madison,1017,1148,7,8,5,6,8,2199
Precinct,301 - Port Royal,309,409,1,3,3,2,3,730
Precinct,302 - Woodford,563,933,6,1,2,3,2,1510
Precinct,303 - Wrights Chapel,108,199,0,2,0,1,0,310
Precinct,401 - Dawn,1146,1010,9,7,4,1,4,2181
Precinct,402 - Carmel Church,383,326,1,1,0,1,0,712
Precinct,501 - West Mattaponi,805,582,5,8,3,0,3,1406
Precinct,502 - Milford,509,716,7,4,4,2,1,1243
Precinct,601 - Chilesburg,747,821,4,6,5,1,4,1588
Precinct,602 - Lake,504,670,3,10,2,2,6,1197
Precinct,CAROLINE COUNTY PROVISIONALS,144,218,3,0,1,0,0,366
Locality,Carroll County,2925,13152,28,32,10,13,40,16200
Precinct,101 - Mt Bethel,116,506,3,0,0,1,0,626
Precinct,102 - St Paul,153,772,0,0,0,0,2,927
Precinct,103 - Lambsburg,80,472,0,0,0,0,0,552
Precinct,105 - Fancy Gap,213,717,1,1,0,1,7,940
Precinct,201 - Hillsville B,423,1327,6,3,3,2,2,1766
Precinct,202 - Laurel Fork,141,531,3,1,2,0,3,681
Precinct,203 - Gladesboro,180,749,1,2,0,1,4,937
Precinct,301 - Hillsville C,366,1616,4,6,2,1,2,1997
Precinct,302 - Sylvatus,112,610,2,2,0,1,1,728
Precinct,303 - Dugspur,77,306,0,1,0,0,1,385
Precinct,401 - Oakland,239,1214,1,4,0,1,5,1464
Precinct,402 - Woodlawn D,273,1379,1,6,1,4,4,1668
Precinct,501 - Vaughan,57,418,1,0,0,0,0,476
Precinct,502 - Gladeville,213,1105,4,2,0,0,2,1326
Precinct,503 - Woodlawn E,127,557,0,0,1,0,2,687
Precinct,504 - Laurel,116,621,0,4,1,1,4,747
Precinct,CARROLL COUNTY PROVISIONALS,39,252,1,0,0,0,1,293
Locality,Charles City County,2384,1917,15,10,11,4,12,4353
Precinct,101 - Precinct 1-1,737,765,5,3,5,1,4,1520
Precinct,201 - Precinct 2-1,790,532,8,1,3,2,2,1338
Precinct,301 - Precinct 3-1,816,592,2,6,2,1,6,1425
Precinct,CHARLES CITY COUNTY PROVISIONALS,41,28,0,0,1,0,0,70
Locality,Charlotte County,2008,3963,12,13,4,6,14,6020
Precinct,101 - County Seat,334,589,2,2,1,2,2,932
Precinct,201 - Red Oak Wylliesburg,309,564,0,2,0,1,2,878
Precinct,302 - Drakes Branch,241,488,1,1,0,1,2,734
Precinct,401 - Keysville,266,528,2,4,1,0,2,803
Precinct,501 - Cullen/Red House,270,514,3,0,1,0,3,791
Precinct,602 - Phenix,242,696,2,3,1,0,2,946
Precinct,702 - Bacon/Saxe,308,530,2,1,0,2,1,844
Precinct,CHARLOTTE COUNTY PROVISIONALS,38,54,0,0,0,0,0,92
Locality,Charlottesville City,19435,3428,207,113,64,56,131,23434
Precinct,101 - Key Recreation,2791,386,20,20,10,10,9,3246
Precinct,102 - Clark,2361,405,28,9,12,5,10,2830
Precinct,201 - Carver,1715,190,19,8,5,1,9,1947
Precinct,202 - Venable,1294,250,11,9,3,1,9,1577
Precinct,301 - Jackson-Via,2259,375,20,12,4,5,13,2688
Precinct,302 - Johnson,1746,270,14,13,5,10,17,2075
Precinct,303 - Buford,1683,200,21,5,7,6,12,1934
Precinct,401 - Charlottesville High School,2569,537,23,14,3,6,25,3177
Precinct,402 - Walker,1700,348,6,18,6,5,13,2096
Precinct,CHARLOTTESVILLE CITY PROVISIONALS,1317,467,45,5,9,7,14,1864
Locality,Chesapeake City,65399,60550,484,539,284,237,508,128001
Precinct,001 - Great Bridge,849,1317,6,6,0,3,19,2200
Precinct,002 - Bethel,544,1668,6,13,2,2,12,2247
Precinct,003 - Camelot,1422,203,6,6,11,2,3,1653
Precinct,004 - Churchland,827,1219,4,15,1,2,11,2079
Precinct,005 - Crestwood,1394,269,6,4,7,5,5,1690
Precinct,006 - Deep Creek,1012,855,10,11,3,2,5,1898
Precinct,007 - Greenbrier,923,1094,5,10,6,2,10,2050
Precinct,008 - South Norfolk Recreation,1206,1012,14,6,4,5,5,2252
Precinct,009 - Bells Mill,1139,1984,8,21,6,6,11,3175
Precinct,010 - Oscar Smith,535,464,5,6,1,1,5,1017
Precinct,011 - Geneva Park,660,823,6,1,4,3,4,1501
Precinct,012 - Georgetown,1398,242,7,3,4,0,4,1658
Precinct,013 - Gilmerton,883,925,9,8,5,3,3,1836
Precinct,014 - Grassfield,1573,1772,10,11,8,12,23,3409
Precinct,015 - Greenbrier Middle School,1510,865,5,9,7,6,7,2409
Precinct,016 - Hickory Grove,702,1679,10,10,2,4,6,2413
Precinct,017 - Indian Creek,456,1285,3,11,3,0,8,1766
Precinct,018 - Indian River,1006,564,8,10,4,5,0,1597
Precinct,019 - Jolliff,552,844,3,7,3,4,6,1419
Precinct,020 - E W Chittum,1086,1249,7,10,5,3,12,2372
Precinct,021 - Fellowship,1224,1095,8,7,3,6,7,2350
Precinct,022 - Norfolk Highlands,566,755,3,2,3,5,1,1335
Precinct,023 - Oak Grove,1322,991,13,8,5,5,11,2355
Precinct,024 - Oaklette,920,683,7,10,6,5,5,1636
Precinct,025 - St Julians,1062,549,4,7,2,1,4,1629
Precinct,026 - Johnson Park,552,298,12,3,3,3,1,872
Precinct,027 - Silverwood,1090,946,8,11,5,4,10,2074
Precinct,028 - Sunray I,166,242,0,2,2,0,0,412
Precinct,029 - Tanglewood,659,1022,5,9,1,3,5,1704
Precinct,030 - South Norfolk,711,71,1,1,6,2,0,792
Precinct,031 - Carver School,1556,397,9,4,6,4,3,1979
Precinct,032 - Providence,1915,230,4,3,9,8,4,2173
Precinct,033 - Westover,446,646,4,1,1,3,3,1104
Precinct,034 - Hickory Middle School,984,2007,7,17,5,3,21,3044
Precinct,035 - Taylor Road,914,400,6,4,1,3,6,1334
Precinct,036 - Great Bridge Baptist Church,819,1300,11,4,1,1,9,2145
Precinct,037 - Bridgetown,1100,1419,6,21,5,7,19,2577
Precinct,038 - Bailey Creek,646,1247,4,7,2,4,6,1916
Precinct,039 - Lake Drummond,776,877,5,12,2,1,3,1676
Precinct,041 - John T West,1835,1570,21,23,11,7,12,3479
Precinct,042 - Parkways,1199,681,7,7,2,5,4,1905
Precinct,043 - Pleasant Crossing,666,1379,3,9,0,2,7,2066
Precinct,044 - Nansemond,1153,688,6,3,7,5,5,1867
Precinct,045 - Sunray Ii,276,273,0,3,0,0,1,553
Precinct,046 - Bells Mill Ii,947,1056,7,8,2,3,6,2029
Precinct,048 - Jolliff Middle School,2096,357,6,9,13,12,5,2498
Precinct,049 - Waterway,1245,1033,14,11,1,8,11,2323
Precinct,050 - River Walk,1228,865,19,12,4,4,14,2146
Precinct,051 - Coopers Way,1345,2136,10,14,11,2,18,3536
Precinct,052 - Shipyard Road,1143,864,9,7,5,2,10,2040
Precinct,053 - Fairways,1158,992,7,7,5,2,9,2180
Precinct,054 - Pughsville,1284,562,10,6,6,5,8,1881
Precinct,055 - Georgetown East,1044,278,7,4,7,3,3,1346
Precinct,056 - Green Tree,1034,768,15,8,3,1,15,1844
Precinct,057 - Cypress,1173,716,9,8,5,1,5,1917
Precinct,058 - Expressway,517,247,1,0,2,1,4,772
Precinct,059 - Clearfield,1057,964,10,6,6,2,7,2052
Precinct,060 - Parker Road,910,1406,5,11,9,3,11,2355
Precinct,061 - Centerville,975,1799,8,13,5,3,25,2828
Precinct,062 - Fentress,805,1367,5,11,3,4,9,2204
Precinct,063 - Poplar Branch,484,1063,5,12,0,1,1,1566
Precinct,064 - Deep Creek Ii,1427,1100,9,12,13,3,10,2574
Precinct,065 - Waterway Ii,1211,1226,11,7,2,6,21,2484
Precinct,066 - Fairways Ii,650,427,13,11,3,7,3,1114
Precinct,Chesapeake City Provisionals,1432,1225,12,6,5,7,7,2694
Locality,Chesterfield County,112869,94030,1062,988,421,360,898,210628
Precinct,101 - Bellwood,839,745,10,1,4,4,5,1608
Precinct,102 - South Chester,1252,1190,9,15,9,5,10,2490
Precinct,103 - Enon,1988,2020,33,13,12,8,16,4090
Precinct,104 - North Chester,1441,1662,14,10,12,4,13,3156
Precinct,105 - Drewrys Bluff,999,639,7,4,5,7,6,1667
Precinct,106 - Harrowgate,2017,1520,7,8,10,4,10,3576
Precinct,108 - Ecoff,2057,2234,13,18,6,9,15,4352
Precinct,109 - Elizabeth Scott,2232,1902,41,18,8,3,18,4222
Precinct,110 - Dutch Gap,923,849,3,6,2,2,6,1791
Precinct,111 - Iron Bridge,1088,1326,6,5,4,1,4,2434
Precinct,112 - Carver,1225,992,12,5,6,3,8,2251
Precinct,113 - Iron Bridge North,1470,996,11,8,5,3,9,2502
Precinct,115 - Cresthill,1603,1175,11,13,13,2,15,2832
Precinct,201 - Gates,308,469,1,4,1,1,2,786
Precinct,202 - Beulah,2128,963,16,9,8,7,10,3141
Precinct,203 - Bird,1522,968,6,9,2,5,7,2519
Precinct,205 - Falling Creek,1737,751,13,2,8,4,1,2516
Precinct,207 - Chippenham,2485,739,14,14,11,8,5,3276
Precinct,208 - Meadowbrook,1865,705,5,4,7,7,5,2598
Precinct,209 - Salem Church,1403,1206,9,7,9,5,9,2648
Precinct,210 - Five Forks,2681,1211,20,11,18,6,3,3950
Precinct,211 - Nash,1921,2314,9,18,3,7,28,4300
Precinct,213 - Southside,1179,355,7,3,4,3,2,1553
Precinct,218 - New Manchester,756,514,4,8,8,3,12,1305
Precinct,219 - Gates East,654,590,3,7,4,4,2,1264
Precinct,220 - Falling Creek East,208,104,0,3,2,0,1,318
Precinct,221 - Oxbridge,1859,1387,20,21,11,8,11,3317
Precinct,222 - Turner,1546,450,4,2,11,1,4,2018
Precinct,301 - Ettrick,1676,666,7,6,8,4,6,2373
Precinct,303 - Matoaca,1622,1784,8,8,9,6,7,3444
Precinct,304 - Winfrees Store,760,1542,3,8,4,0,7,2324
Precinct,305 - Beach,301,786,2,2,1,1,3,1096
Precinct,306 - Winterpock,926,2412,19,11,5,1,17,3391
Precinct,307 - Cosby,1525,1351,21,15,9,4,19,2944
Precinct,309 - Skinquarter,1367,1537,26,17,3,4,28,2982
Precinct,313 - Woolridge South,1404,1369,7,20,6,3,16,2825
Precinct,314 - Longhouse,520,1196,4,2,4,1,7,1734
Precinct,315 - Bailey Bridge,1216,2002,15,19,4,4,10,3270
Precinct,316 - Spring Run,1334,1398,19,16,4,6,7,2784
Precinct,319 - Magnolia,2606,2958,27,37,3,15,16,5662
Precinct,320 - Dry Creek,2329,2332,24,22,6,9,19,4741
Precinct,321 - Claypoint,1139,1010,5,13,3,2,10,2182
Precinct,322 - Hensley,1895,1962,24,14,1,8,15,3919
Precinct,401 - Harbour Pointe,965,788,7,11,2,5,9,1787
Precinct,402 - Genito,1382,1150,16,19,5,3,7,2582
Precinct,403 - Brandermill,1667,1294,31,19,2,9,17,3039
Precinct,404 - Providence,1517,925,16,19,3,6,21,2507
Precinct,405 - La Prade,1425,1197,29,14,2,4,16,2687
Precinct,408 - Reams,967,516,12,8,4,3,9,1519
Precinct,410 - Wagstaff,315,232,1,6,2,0,0,556
Precinct,411 - Swift Creek,1392,1177,17,17,2,2,11,2618
Precinct,412 - Clover Hill,1702,1674,19,13,15,4,3,3430
Precinct,413 - Shenandoah,1294,860,19,12,2,4,7,2198
Precinct,414 - Crenshaw,2068,2130,17,20,8,15,8,4266
Precinct,415 - Evergreen,1475,1261,12,18,4,7,9,2786
Precinct,418 - Woolridge North,992,931,8,13,3,6,7,1960
Precinct,419 - North Courthouse,1033,702,7,5,3,7,7,1764
Precinct,420 - New Tomahawk,1411,1280,12,10,7,4,14,2738
Precinct,421 - Lucks Lane,2052,1854,19,40,5,6,18,3994
Precinct,422 - Otterdale,2287,1762,30,16,4,6,15,4120
Precinct,503 - Midlothian,1750,1639,25,19,5,7,15,3460
Precinct,504 - Robious,2306,1998,36,21,4,6,39,4410
Precinct,505 - Bon Air,1710,964,9,17,2,4,25,2731
Precinct,506 - Greenfield,1551,971,13,23,6,4,12,2580
Precinct,507 - Salisbury,1755,1875,19,27,4,2,31,3713
Precinct,508 - Belgrade,1575,1304,21,14,8,5,15,2942
Precinct,509 - Cranbeck,1083,628,5,7,3,4,4,1734
Precinct,510 - Sycamore,640,601,3,8,2,1,13,1268
Precinct,511 - Black Heath,949,858,10,16,2,0,9,1844
Precinct,513 - Beaufont,952,392,10,8,7,2,6,1377
Precinct,514 - Watkins,1746,1622,16,21,1,7,19,3432
Precinct,515 - Davis,1604,468,12,1,4,2,4,2095
Precinct,516 - Pocoshock North,590,257,1,4,0,3,1,856
Precinct,517 - Roseland,1231,1275,8,20,2,4,20,2560
Precinct,518 - Midlothian North,1678,1719,20,15,5,4,34,3475
Precinct,519 - Buford,170,74,1,1,0,0,1,247
Precinct,520 - Walton Park,891,786,10,15,5,3,13,1723
Precinct,521 - Rockaway,1925,1160,18,25,11,9,26,3174
Precinct,Chesterfield County Provisionals ,2813,1425,34,10,4,10,9,4305
Locality,Clarke County,3993,5641,43,73,16,16,57,9839
Precinct,101 - Russell,714,1310,5,13,2,4,13,2061
Precinct,201 - Berryville,862,910,16,12,5,3,12,1820
Precinct,301 - Millwood,645,859,6,9,4,3,6,1532
Precinct,302 - Pine Grove,266,340,4,15,1,0,8,634
Precinct,401 - White Post,734,1072,5,13,0,0,9,1833
Precinct,501 - Buckmarsh,512,754,3,4,2,1,2,1278
Precinct,502 - Blue Ridge,200,287,1,5,2,4,6,505
Precinct,CLARKE COUNTY PROVISIONALS,60,109,3,2,0,1,1,176
Locality,Colonial Heights City,2982,5883,25,20,12,19,23,8964
Precinct,001 - 1st,446,751,6,8,3,4,2,1220
Precinct,002 - 2nd,512,990,3,2,3,3,6,1519
Precinct,003 - 3rd,607,1051,6,3,1,6,4,1678
Precinct,004 - 4th,755,1449,6,5,4,5,0,2224
Precinct,005 - 5th,566,1520,4,2,1,1,11,2105
Precinct,COLONIAL HEIGHTS CITY PROVISIONALS,96,122,0,0,0,0,0,218
Locality,Covington City,818,1642,4,3,1,7,5,2480
Precinct,101 - Precinct 1-1,139,268,0,1,0,0,0,408
Precinct,201 - Precinct 2-1,180,285,0,1,0,2,3,471
Precinct,301 - Precinct 3-1,174,186,1,0,1,2,1,365
Precinct,401 - Precinct 4-1,173,425,1,0,0,1,0,600
Precinct,501 - Precinct 5-1,137,430,2,1,0,1,1,572
Precinct,Provisional,15,48,0,0,0,1,0,64
Locality,Craig County,542,2562,4,8,4,1,14,3135
Precinct,101 - Court House,94,472,1,1,0,0,3,571
Precinct,201 - Ammendale,100,527,0,2,3,1,3,636
Precinct,301 - Givens & Reynolds Store,100,274,0,0,0,0,1,375
Precinct,303 - Marshalls Store,50,229,2,1,0,0,1,283
Precinct,401 - Barbours Creek,57,227,0,2,1,0,0,287
Precinct,402 - Paint Bank,14,46,0,0,0,0,0,60
Precinct,403 - Craig Springs,58,238,0,0,0,0,2,298
Precinct,501 - Craig City,65,507,0,2,0,0,4,578
Precinct,CRAIG COUNTY PROVISIONALS,4,42,1,0,0,0,0,47
Locality,Culpeper County,10557,17685,121,105,35,50,126,28679
Precinct,101 - West Fairfax,1669,1640,20,11,8,9,28,3385
Precinct,201 - East Fairfax,1506,1250,19,20,4,8,10,2817
Precinct,302 - Eggbornsville,431,1121,2,6,2,4,8,1574
Precinct,303 - Cardova,454,1010,6,4,0,0,5,1479
Precinct,304 - Willow Shade,404,466,4,3,0,1,7,885
Precinct,401 - Eldorado,534,1205,11,5,2,3,6,1766
Precinct,402 - Browns Store,1044,1910,15,10,5,2,8,2994
Precinct,501 - Jeffersonton,887,1763,7,8,4,5,8,2682
Precinct,502 - Rixeyville,659,1625,8,8,1,2,16,2319
Precinct,601 - Mitchells,104,231,1,0,0,1,3,340
Precinct,602 - Pearl Sample,1005,1625,6,10,2,1,9,2658
Precinct,603 - South Ridge,328,399,6,3,1,3,3,743
Precinct,702 - Brandy Station,956,1896,9,11,3,3,8,2886
Precinct,703 - Lignum,264,766,4,3,1,4,3,1045
Precinct,704 - Richardsville,160,526,1,2,2,3,2,696
Precinct,Provisional,152,252,2,1,0,1,2,410
Locality,Cumberland County,2117,3335,12,8,6,8,15,5501
Precinct,101 - Precinct 1,389,792,0,2,2,1,1,1187
Precinct,201 - Precinct 2,362,740,0,1,1,1,6,1111
Precinct,301 - Precinct 3,544,533,2,1,1,3,3,1087
Precinct,401 - Precinct 4,367,717,2,3,0,3,1,1093
Precinct,501 - Precinct 5,424,499,7,1,2,0,4,937
Precinct,CUMBERLAND COUNTY PROVISIONALS,31,54,1,0,0,0,0,86
Locality,Danville City,10615,6894,44,45,34,35,45,17712
Precinct,001 - Ward 1,416,117,1,1,3,1,2,541
Precinct,002 - Ward 2,335,193,1,1,1,2,0,533
Precinct,003 - Ward 3,705,269,2,6,3,4,3,992
Precinct,004 - Ward 4,1082,877,4,6,4,3,6,1982
Precinct,006 - Ward 6,393,114,0,1,1,0,0,509
Precinct,007 - Ward 7,704,159,4,2,0,2,1,872
Precinct,008 - Ward 8,577,262,2,0,3,3,1,848
Precinct,009 - Ward 9,447,365,3,1,0,2,2,820
Precinct,010 - Ward 10,693,444,3,5,2,2,4,1153
Precinct,011 - Ward 11,1043,471,7,3,2,1,2,1529
Precinct,012 - Ward 12,1028,540,7,2,5,0,3,1585
Precinct,013 - Ward 13,943,456,2,5,4,3,10,1423
Precinct,014 - Ward 14,191,15,0,0,0,1,1,208
Precinct,015 - Ward 15,711,652,4,3,2,4,1,1377
Precinct,016 - Ward 16,661,918,0,4,4,3,3,1593
Precinct,017 - Ward 17,507,951,1,5,0,1,3,1468
Precinct,DANVILLE CITY PROVISIONALS,179,91,3,0,0,3,3,279
Locality,Dickenson County,1316,5701,3,14,3,10,13,7060
Precinct,101 - South Clintwood,297,1114,0,3,2,3,8,1427
Precinct,201 - Nora,74,386,2,0,0,1,0,463
Precinct,202 - Frying Pan,30,147,0,1,0,0,0,178
Precinct,203 - Clinchco,124,496,0,3,0,3,0,626
Precinct,301 - West Dante,22,180,0,0,0,0,0,202
Precinct,302 - Herald,35,389,0,2,0,0,0,426
Precinct,303 - Ridge,64,364,0,0,0,0,1,429
Precinct,304 - Longs Fork,43,317,0,1,0,0,0,361
Precinct,401 - Haysi-colley,283,1036,1,3,1,3,1,1328
Precinct,501 - Tarpon,81,208,0,0,0,0,0,289
Precinct,502 - North Clintwood,247,933,0,0,0,0,3,1183
Precinct,DICKENSON COUNTY PROVISIONALS,16,131,0,1,0,0,0,148
Locality,Dinwiddie County,5942,9549,13,41,25,19,22,15611
Precinct,101 - White Oak,114,475,0,5,0,0,1,595
Precinct,102 - Rocky Run,259,761,0,1,0,0,1,1022
Precinct,103 - Church Road,231,1294,1,7,1,1,4,1539
Precinct,201 - Rohoic,457,343,0,0,4,2,1,807
Precinct,202 - Sutherland,795,1392,4,6,3,4,3,2207
Precinct,301 - Reams,178,469,0,0,2,0,1,650
Precinct,302 - New Hope,365,724,0,0,1,0,1,1091
Precinct,303 - Little Zion,695,969,1,5,2,5,1,1678
Precinct,401 - Dinwiddie,611,1047,2,1,3,0,3,1667
Precinct,402 - Mckenney,334,609,1,2,3,1,2,952
Precinct,403 - Cherry Hill,277,332,2,3,1,2,1,618
Precinct,501 - Edgehill,452,191,1,1,1,1,2,649
Precinct,502 - Chesdin,1061,774,1,8,4,3,1,1852
Precinct,DINWIDDIE COUNTY PROVISIONALS,113,169,0,2,0,0,0,284
Locality,Emporia City,1419,744,6,2,3,4,1,2179
Precinct,101 - Precinct 1-1,251,128,2,0,0,1,0,382
Precinct,201 - Precinct 2-1,185,41,0,1,0,0,0,227
Precinct,301 - Precinct 3-1,202,148,2,0,1,0,0,353
Precinct,401 - Precinct 4-1,206,145,0,1,1,1,0,354
Precinct,501 - Precinct 5-1,203,15,0,0,0,0,0,218
Precinct,601 - District 6,181,213,1,0,1,0,0,396
Precinct,701 - District 7,175,46,0,0,0,2,1,224
Precinct,Provisional,16,8,1,0,0,0,0,25
Locality,Essex County,2775,3245,6,25,8,5,10,6074
Precinct,101 - Greater Tappahannock,671,611,2,4,2,0,5,1295
Precinct,201 - North,855,686,0,4,3,1,1,1550
Precinct,301 - South,580,1048,3,10,0,0,1,1642
Precinct,401 - Central,645,878,1,7,3,3,3,1540
Precinct,ESSEX COUNTY PROVISIONALS,24,22,0,0,0,1,0,47
Locality,Fairfax City,8797,4302,198,71,28,49,122,13567
Precinct,1 - One,1232,626,34,11,2,9,13,1927
Precinct,2 - Two,1563,732,29,9,6,8,19,2366
Precinct,3 - Three,1832,944,27,16,13,11,21,2864
Precinct,4 - Four,1394,622,43,16,3,6,27,2111
Precinct,5 - Five,1314,647,16,15,2,8,27,2029
Precinct,6 - Six,1248,617,39,3,2,5,15,1929
Precinct,Provisional,214,114,10,1,0,2,0,341
Locality,Fairfax County,386438,181895,10662,2898,1296,1198,5040,589427
Precinct,104 - Chapel,1396,606,17,14,3,1,24,2061
Precinct,105 - Fairview,2560,1233,58,15,5,7,29,3907
Precinct,106 - Heritage,1575,981,37,11,10,6,6,2626
Precinct,108 - Kings Park,1687,826,23,13,9,8,19,2585
Precinct,109 - Little Run,871,366,19,10,0,1,16,1283
Precinct,110 - North Springfield,1980,1269,43,12,8,10,21,3343
Precinct,113 - Canterbury,2156,902,32,15,5,5,37,3152
Precinct,114 - Olde Creek,1215,592,29,9,4,4,21,1874
Precinct,115 - Ravensworth,883,522,18,4,2,5,15,1449
Precinct,116 - Wakefield,1390,527,5,13,3,4,14,1956
Precinct,117 - Woodson #1,969,514,24,8,7,2,12,1536
Precinct,118 - Lake Braddock,2126,1003,49,12,11,10,25,3236
Precinct,119 - Laurel,2146,1032,64,13,6,7,36,3304
Precinct,120 - Sideburn #1,546,283,9,5,0,2,16,861
Precinct,121 - Villa,1056,588,39,13,1,3,23,1723
Precinct,123 - Robinson,2520,1153,56,14,7,4,38,3792
Precinct,125 - Signal Hill,1820,797,32,12,7,8,21,2697
Precinct,126 - Bonnie Brae,1318,572,45,12,12,3,14,1976
Precinct,127 - Burke Centre,2430,1056,56,19,5,2,23,3591
Precinct,128 - Cardinal,1219,601,29,9,0,5,10,1873
Precinct,129 - Keene Mill,955,466,24,8,1,2,10,1466
Precinct,130 - Terra Centre,1341,574,22,15,1,5,22,1980
Precinct,131 - Eagle View #1,873,400,16,6,6,4,3,1308
Precinct,132 - Monument,2377,1060,86,20,5,10,25,3583
Precinct,134 - University,582,79,10,4,1,3,3,682
Precinct,135 - Irving,1513,664,23,5,5,0,18,2228
Precinct,136 - Woodson #2,569,285,8,3,4,5,9,883
Precinct,137 - Sideburn #2,1126,582,16,5,2,3,22,1756
Precinct,138 - Eagle View #2,999,607,19,8,2,2,14,1651
Precinct,201 - Armstrong,2343,711,30,22,8,8,19,3141
Precinct,202 - Flint Hill #1,853,415,8,12,1,0,17,1306
Precinct,203 - Floris,2068,982,66,12,5,3,26,3162
Precinct,204 - Madison,501,221,14,5,2,2,11,756
Precinct,208 - Reston #1,2504,816,57,17,3,4,11,3412
Precinct,209 - Reston #2,2381,750,56,20,14,5,35,3261
Precinct,213 - Vienna #1,2450,976,44,28,10,9,29,3546
Precinct,214 - Vienna #2,1975,814,27,17,3,8,41,2885
Precinct,216 - Vienna #4,909,353,20,11,1,2,11,1307
Precinct,218 - Vienna #6,1491,510,22,8,7,5,20,2063
Precinct,219 - Westbriar #1,999,466,41,5,6,5,12,1534
Precinct,220 - Dogwood,2341,935,83,17,16,13,21,3426
Precinct,221 - Hunters Woods,1805,558,19,17,2,4,18,2423
Precinct,222 - Reston #3,1479,308,14,9,4,4,12,1830
Precinct,223 - Glade,2407,660,41,19,6,6,25,3164
Precinct,224 - South Lakes,2939,785,29,18,5,5,36,3817
Precinct,225 - Hughes,2323,650,56,15,8,5,22,3079
Precinct,226 - Wolftrap,2070,864,19,14,5,5,32,3009
Precinct,227 - Sunrise Valley #1,1303,444,9,7,2,4,9,1778
Precinct,229 - Fox Mill #1,2308,1029,38,19,2,5,30,3431
Precinct,233 - North Point,1412,668,28,6,3,2,20,2139
Precinct,234 - Aldrin,1830,570,23,13,4,3,29,2472
Precinct,235 - Frying Pan,1717,704,54,9,5,2,10,2501
Precinct,236 - Stuart,820,302,20,10,2,3,7,1164
Precinct,237 - Mcnair,2181,865,64,14,6,8,17,3155
Precinct,238 - Cameron Glen,2489,978,35,34,8,1,27,3572
Precinct,240 - Colvin,1305,709,32,11,6,1,25,2089
Precinct,241 - Flint Hill #2,912,364,23,8,1,3,18,1329
Precinct,242 - Westbriar #2,991,441,19,11,3,1,13,1479
Precinct,243 - Sunrise Valley #2,558,274,14,6,1,1,4,858
Precinct,244 - Fox Mill #2,287,170,8,4,2,1,7,479
Precinct,245 - Piney Run,545,299,22,3,2,2,7,880
Precinct,301 - Chain Bridge,1918,947,49,10,9,4,44,2981
Precinct,302 - Chesterbrook,1595,615,14,12,2,1,44,2283
Precinct,303 - Churchill,871,452,19,7,1,1,20,1371
Precinct,304 - Cooper,1146,687,27,10,2,1,33,1906
Precinct,305 - El Nido,1459,545,35,13,4,3,25,2084
Precinct,306 - Great Falls,1024,691,18,6,2,4,22,1767
Precinct,307 - Haycock,2501,830,24,18,7,4,42,3426
Precinct,309 - Kenmore,1914,1127,101,13,5,8,39,3207
Precinct,310 - Kirby,1274,490,35,11,3,4,18,1835
Precinct,311 - Langley,1079,611,25,6,0,0,30,1751
Precinct,312 - Longfellow,1613,532,24,13,2,4,29,2217
Precinct,314 - Mclean,1457,685,33,14,1,5,17,2212
Precinct,315 - Pimmit,1779,813,49,10,4,6,15,2676
Precinct,316 - Salona,1660,606,23,14,3,1,40,2347
Precinct,317 - Westhampton,579,247,18,2,2,0,12,860
Precinct,318 - Westmoreland,935,310,21,5,1,2,13,1287
Precinct,319 - Herndon #1,2163,974,72,19,7,5,30,3270
Precinct,320 - Herndon #2,2131,999,57,21,13,9,24,3254
Precinct,321 - Clearview,2153,1029,87,22,10,4,42,3347
Precinct,322 - Forestville,1468,1136,52,15,5,2,30,2708
Precinct,323 - Shouse,1217,554,65,20,4,2,16,1878
Precinct,324 - Herndon #3,1906,865,57,27,11,11,16,2893
Precinct,325 - Hutchison,1102,474,46,7,9,4,10,1652
Precinct,327 - Sugarland,1822,996,95,18,6,4,38,2979
Precinct,328 - Hickory,1660,1062,55,19,9,1,37,2843
Precinct,329 - Seneca,1595,1169,84,15,12,7,28,2910
Precinct,331 - Spring Hill,1215,603,43,6,2,3,23,1895
Precinct,332 - Coates,2867,1182,86,13,16,10,15,4189
Precinct,401 - Bush Hill,1880,850,46,6,9,4,20,2815
Precinct,402 - Cameron,667,262,8,5,0,2,3,947
Precinct,403 - Forestdale,679,331,20,8,6,0,5,1049
Precinct,404 - Edison #1,1027,399,29,4,0,1,13,1473
Precinct,405 - Groveton,983,386,23,2,6,5,8,1413
Precinct,406 - Hayfield,1372,597,13,10,5,1,30,2028
Precinct,408 - Mount Eagle,1668,415,21,13,2,4,18,2141
Precinct,409 - Pioneer,1674,995,130,13,13,10,9,2844
Precinct,410 - Rose Hill,2537,1135,46,33,8,6,27,3792
Precinct,411 - Virginia Hills,1305,522,25,18,2,10,12,1894
Precinct,413 - Fairfield,1281,432,16,0,2,4,8,1743
Precinct,415 - Crestwood,1153,817,53,9,4,4,7,2047
Precinct,417 - Garfield,1531,1048,126,5,4,4,9,2727
Precinct,418 - Lynbrook #1,812,562,46,5,3,3,7,1438
Precinct,419 - Lane,1283,532,38,10,5,1,10,1879
Precinct,420 - Villages,2665,1005,65,8,5,11,20,3779
Precinct,421 - Kingstowne,1982,671,41,7,8,9,21,2739
Precinct,422 - Van Dorn,2115,719,44,18,5,7,33,2941
Precinct,423 - Clermont,1556,639,35,20,2,6,25,2283
Precinct,424 - Huntley,1573,570,35,16,6,4,22,2226
Precinct,426 - Greenspring,1228,341,0,1,0,2,10,1582
Precinct,427 - Island Creek,1611,574,43,6,9,4,23,2270
Precinct,428 - Pinewood,1603,561,34,6,4,8,6,2222
Precinct,429 - Hybla Valley,1649,585,34,6,7,8,9,2298
Precinct,431 - West Springfield,1713,737,60,8,4,2,27,2551
Precinct,432 - Edison #2,1838,677,57,14,9,10,24,2629
Precinct,433 - Lynbrook #2,78,39,0,0,1,0,0,118
Precinct,501 - Baileys,1813,735,75,11,7,5,26,2672
Precinct,502 - Barcroft,898,304,12,3,0,3,7,1227
Precinct,503 - Belvedere,1048,379,17,5,1,3,14,1467
Precinct,504 - Bristow,1057,753,48,5,9,3,7,1882
Precinct,505 - Glen Forest,1384,675,70,4,13,4,18,2168
Precinct,506 - Holmes,256,205,33,0,0,2,1,497
Precinct,507 - Lincolnia,1772,672,63,9,7,7,25,2555
Precinct,508 - Masonville,1096,562,32,11,4,1,14,1720
Precinct,509 - Plaza,442,189,75,2,8,1,7,724
Precinct,510 - Parklawn,1105,560,40,8,3,5,22,1743
Precinct,511 - Ravenwood,1046,348,29,9,4,1,21,1458
Precinct,512 - Sleepy Hollow,1817,741,28,15,8,12,17,2638
Precinct,513 - Saint Albans,1428,592,44,10,2,2,31,2109
Precinct,514 - Crossroads,730,147,9,1,1,0,8,896
Precinct,515 - Westlawn,915,421,11,4,4,5,9,1369
Precinct,516 - Weyanoke,1425,755,63,4,10,9,14,2280
Precinct,517 - Willston,723,424,36,7,2,2,7,1201
Precinct,518 - Columbia,1132,739,49,13,4,7,3,1947
Precinct,520 - Skyline,1301,384,105,7,10,6,5,1818
Precinct,521 - Brook Hill,970,641,34,3,4,1,17,1670
Precinct,522 - Camelot,1197,563,9,16,2,6,20,1813
Precinct,523 - Poe,1371,714,49,8,4,5,14,2165
Precinct,525 - Walnut Hill,1835,918,35,16,4,7,29,2844
Precinct,526 - Bren Mar,1989,733,79,8,12,11,36,2868
Precinct,527 - Edsall,928,588,89,6,10,2,11,1634
Precinct,528 - Ridgelea,349,131,4,1,1,2,5,493
Precinct,530 - Tripps,817,271,106,10,7,1,11,1223
Precinct,535 - Fort Buffalo,1122,420,8,6,1,1,14,1572
Precinct,536 - Woodburn,1791,819,38,10,5,4,15,2682
Precinct,601 - Belle Haven,1305,711,16,8,2,7,33,2082
Precinct,602 - Belleview,1260,518,14,10,3,5,22,1832
Precinct,604 - Bucknell,2065,712,34,10,3,11,11,2846
Precinct,605 - Fort Hunt,1470,627,11,19,2,4,40,2173
Precinct,606 - Hollin Hall,1702,701,10,14,2,1,40,2470
Precinct,607 - Huntington,2196,659,29,14,8,7,18,2931
Precinct,608 - Kirkside,1356,350,18,8,0,4,18,1754
Precinct,609 - Marlan,1280,624,16,17,1,2,25,1965
Precinct,610 - Sherwood,1263,426,19,7,4,0,26,1745
Precinct,611 - Stratford,1903,789,11,19,2,5,40,2769
Precinct,612 - Waynewood,827,361,7,7,1,2,19,1224
Precinct,613 - Westgate,1619,1155,20,15,2,6,37,2854
Precinct,614 - Riverside,1168,600,12,14,3,1,19,1817
Precinct,615 - Woodley,1514,811,30,14,7,5,13,2394
Precinct,616 - Gunston,866,931,16,7,3,4,12,1839
Precinct,617 - Lorton,1819,763,112,10,11,10,7,2732
Precinct,618 - Newington #1,1059,661,40,12,4,3,21,1800
Precinct,621 - Grosvenor,1422,389,17,12,3,6,11,1860
Precinct,622 - Lorton Station,1870,803,81,8,9,12,15,2798
Precinct,623 - Alban,1371,681,71,3,4,6,20,2156
Precinct,627 - Woodlawn #1,901,474,20,3,6,2,5,1411
Precinct,628 - Laurel Hill #1,1586,718,102,8,10,7,11,2442
Precinct,629 - South County,1305,609,38,3,7,2,14,1978
Precinct,630 - Army,1222,574,38,7,2,3,10,1856
Precinct,631 - Pohick Creek,1133,585,42,12,2,7,11,1792
Precinct,632 - Halley #1,472,380,19,1,1,2,6,881
Precinct,633 - Halley #2,139,114,9,3,0,1,1,267
Precinct,634 - Newington #2,1520,781,60,10,10,5,11,2397
Precinct,635 - Woodlawn #2,1134,448,11,6,6,0,4,1609
Precinct,636 - Laurel Hill #2,698,345,57,1,3,5,4,1113
Precinct,701 - Blake,2523,1001,78,16,8,6,24,3656
Precinct,704 - Freedom Hill,1336,533,69,5,3,2,15,1963
Precinct,705 - Graham-Greenway,1987,748,19,16,4,2,31,2807
Precinct,707 - Mantua,1443,533,30,9,4,2,28,2049
Precinct,708 - Marshall,2907,937,76,17,11,1,39,3988
Precinct,709 - Mosby #1,1157,554,56,12,5,7,16,1807
Precinct,710 - Pine Spring,1238,505,28,14,8,3,14,1810
Precinct,711 - Price,1169,523,21,10,3,5,19,1750
Precinct,712 - Shreve,942,315,12,7,1,4,18,1299
Precinct,713 - Timber Lane,1740,719,35,17,5,7,19,2542
Precinct,714 - Walker,1878,856,76,14,8,5,19,2856
Precinct,718 - Pine Ridge,1246,589,19,5,6,6,9,1880
Precinct,720 - Thoreau,1788,652,32,9,6,2,30,2519
Precinct,721 - Merrifield,2366,687,61,12,7,5,24,3162
Precinct,723 - Gallows East,1228,464,38,9,4,6,15,1764
Precinct,726 - Magarity,2456,981,78,26,5,5,32,3583
Precinct,727 - Oakton,1460,676,33,16,4,4,28,2221
Precinct,729 - Nottoway,2207,700,65,20,3,1,33,3029
Precinct,731 - Tysons,1272,581,52,14,4,4,7,1934
Precinct,732 - Oaktree Crossing,2020,1147,26,18,4,5,33,3253
Precinct,733 - Kilmer,2446,910,136,17,12,5,30,3556
Precinct,734 - Hunters Branch,1620,557,43,9,2,4,16,2251
Precinct,735 - Rotonda,605,294,38,4,8,2,3,954
Precinct,736 - Bedford,273,77,13,1,1,0,2,367
Precinct,737 - Mosby #2,516,174,13,5,1,2,9,720
Precinct,738 - Jones Branch,1044,444,33,8,6,4,11,1550
Precinct,801 - Burke #1,1346,659,39,8,3,3,15,2073
Precinct,802 - Cedar Lake,853,383,21,7,3,2,6,1275
Precinct,803 - Clifton South,1075,1020,14,7,3,2,21,2142
Precinct,804 - Colchester,863,706,27,6,3,2,14,1621
Precinct,805 - Fairfax Station,791,526,13,12,1,2,17,1362
Precinct,806 - Sydenstricker,1686,823,54,10,5,7,32,2617
Precinct,807 - Hunt Valley,1193,664,36,11,5,4,21,1934
Precinct,811 - Pohick,1068,500,21,12,3,6,2,1612
Precinct,812 - Valley,1565,734,56,21,2,9,24,2411
Precinct,815 - Woodyard,765,575,23,7,2,1,20,1393
Precinct,824 - Orange,2161,1061,34,29,6,6,33,3330
Precinct,825 - Cherry Run,1580,752,27,10,1,6,28,2404
Precinct,833 - White Oaks,1599,831,45,3,12,7,21,2518
Precinct,838 - Sangster,1263,653,19,13,5,3,24,1980
Precinct,839 - Silverbrook,1784,1132,41,16,3,6,27,3009
Precinct,841 - Popes Head,732,556,23,10,0,1,14,1336
Precinct,842 - Parkway,1160,705,27,7,1,7,19,1926
Precinct,843 - Fair Lakes,1708,828,62,8,5,6,13,2630
Precinct,844 - Centerpointe,1569,650,59,15,8,8,10,2319
Precinct,845 - Fountainhead,1640,1321,49,15,4,6,41,3076
Precinct,846 - Greenbriar East,1799,858,54,12,7,10,19,2759
Precinct,847 - Greenbriar West,1222,662,26,18,4,6,13,1951
Precinct,848 - Fair Oaks,1891,1076,95,9,7,9,15,3102
Precinct,849 - Newgate North,1410,859,32,5,3,5,24,2338
Precinct,850 - South Run,1576,876,33,12,3,2,17,2519
Precinct,851 - Willow Springs #1,614,357,25,2,2,0,8,1008
Precinct,854 - Newgate South,1324,978,20,14,5,1,11,2353
Precinct,855 - Saratoga,1742,976,81,18,8,10,29,2864
Precinct,856 - Penderbrook,1937,902,56,15,8,6,24,2948
Precinct,857 - Island Pond,103,53,2,1,0,0,0,159
Precinct,858 - Clifton Town,102,71,0,0,1,0,3,177
Precinct,859 - Liberty,884,881,27,6,1,3,23,1825
Precinct,860 - Sandy Run,550,454,6,3,1,2,8,1024
Precinct,861 - Burke #2,1087,611,24,10,5,6,18,1761
Precinct,862 - Willow Springs #2,852,446,34,3,3,2,15,1355
Precinct,901 - Centre Ridge,1646,891,40,17,5,7,14,2620
Precinct,902 - Brookfield,1856,1222,61,11,7,9,18,3184
Precinct,903 - Cub Run,2279,1343,55,23,9,7,22,3738
Precinct,904 - Stonecroft,769,551,18,8,6,5,19,1376
Precinct,905 - Franklin,1543,698,51,21,4,4,31,2352
Precinct,908 - Hidden Meadow,1341,604,27,7,1,2,28,2010
Precinct,909 - Oak Hill,1241,519,17,11,8,6,20,1822
Precinct,910 - London Towne,1902,1054,59,10,7,7,20,3059
Precinct,911 - Navy,2095,1108,50,20,7,9,29,3318
Precinct,913 - Rocky Run,2434,1437,83,18,5,8,32,4017
Precinct,914 - Vale,1476,746,25,15,4,4,22,2292
Precinct,915 - Virginia Run,1237,1028,26,17,4,5,34,2351
Precinct,916 - Waples Mill,2396,1256,41,19,4,3,34,3753
Precinct,917 - Stone,1887,997,70,19,12,2,19,3006
Precinct,918 - Centreville,2189,1243,88,14,9,9,15,3567
Precinct,919 - Green Trails,2117,1187,69,14,6,8,15,3416
Precinct,920 - Chantilly,1053,645,35,3,5,6,6,1753
Precinct,921 - Deer Park,1565,1071,37,19,7,8,21,2728
Precinct,923 - Bull Run,1144,991,20,11,2,4,25,2197
Precinct,924 - Spindle,1013,556,19,4,5,5,10,1612
Precinct,925 - Old Mill,886,533,43,6,1,1,13,1483
Precinct,926 - Powell,2011,1213,84,9,5,9,13,3344
Precinct,927 - Armfield,1541,787,42,9,8,4,15,2406
Precinct,928 - Poplar Tree,1523,841,29,10,6,2,14,2425
Precinct,929 - Difficult Run,258,178,8,3,0,1,4,452
Precinct,931 - Carson,1268,581,33,13,3,4,13,1915
Precinct,934 - Fox Valley,693,342,28,7,5,1,12,1088
Precinct,935 - Robinson Mill,336,195,20,2,1,2,1,557
Precinct,Provisional,8916,5736,484,54,50,47,91,15378
Locality,Falls Church City,7200,1620,68,55,11,15,93,9062
Precinct,001 - 1st Ward,2277,504,16,21,6,3,27,2854
Precinct,002 - 2nd Ward,2235,503,22,19,1,2,41,2823
Precinct,003 - 3rd Ward,2562,573,26,14,4,8,24,3211
Precinct,FALLS CHURCH CITY PROVISIONALS,126,40,4,1,0,2,1,174
Locality,Fauquier County,17180,26825,195,217,46,74,231,44768
Precinct,101 - Kettle Run,403,973,9,6,1,2,10,1404
Precinct,102 - Catlett,676,1936,7,4,0,5,7,2635
Precinct,103 - Casanova,1115,1753,10,13,1,3,23,2918
Precinct,104 - Lois,329,825,3,1,0,2,3,1163
Precinct,105 - Opal,331,889,3,4,2,1,4,1234
Precinct,201 - Ward 1,593,615,9,3,4,6,8,1238
Precinct,202 - Ward 2,548,457,5,4,3,1,3,1021
Precinct,203 - Ward 3,559,547,6,5,3,3,1,1124
Precinct,204 - Ward 4,488,679,6,7,7,1,5,1193
Precinct,205 - Ward 5,551,532,6,8,1,1,9,1108
Precinct,206 - Airlie,1025,1323,10,11,3,3,17,2392
Precinct,301 - Morrisville,738,1819,5,18,2,5,8,2595
Precinct,302 - Botha,825,1602,11,11,0,6,4,2459
Precinct,303 - Bealeton,945,1273,8,12,5,7,10,2260
Precinct,304 - Remington,111,167,0,0,1,0,0,279
Precinct,401 - Salem,1083,1458,16,10,3,6,15,2591
Precinct,402 - Leeds,1281,1467,5,14,1,0,23,2791
Precinct,403 - Waterloo,1044,1733,10,25,4,1,13,2830
Precinct,404 - Springs Valley,482,658,10,5,0,2,9,1166
Precinct,501 - Hopewell,538,631,5,7,0,5,8,1194
Precinct,502 - New Baltimore,1220,1897,26,15,2,4,17,3181
Precinct,503 - Broad Run,803,1222,9,8,2,2,13,2059
Precinct,504 - Vint Hill,1176,1781,8,18,1,4,15,3003
Precinct,505 - The Plains,81,65,2,1,0,0,2,151
Precinct,Fauquier County Provisionals,235,523,6,7,0,4,4,779
Locality,Floyd County,2968,6551,53,35,6,12,41,9666
Precinct,101 - Locust Grove,545,1329,14,8,1,2,11,1910
Precinct,201 - Little River,715,1204,16,5,2,1,3,1946
Precinct,301 - Courthouse,700,1121,6,6,0,2,6,1841
Precinct,401 - Burks Fork,545,1332,6,10,1,1,9,1904
Precinct,501 - Indian Valley,432,1480,10,5,1,5,11,1944
Precinct,FLOYD COUNTY PROVISIONALS,31,85,1,1,1,1,1,121
Locality,Fluvanna County,7731,8777,62,68,22,18,65,16743
Precinct,101 - Palmyra,1619,1546,16,20,6,2,7,3216
Precinct,201 - Columbia,1277,1719,9,11,6,3,14,3039
Precinct,301 - Fork Union,1419,1751,6,9,4,5,17,3211
Precinct,401 - Cunningham,1243,2031,7,12,1,5,11,3310
Precinct,501 - Rivanna,2054,1605,21,16,5,2,16,3719
Precinct,FLUVANNA COUNTY PROVISIONALS,119,125,3,0,0,1,0,248
Locality,Franklin City,2359,1476,17,9,8,7,11,3887
Precinct,101 - Precinct 1-1,327,553,2,5,0,1,5,893
Precinct,201 - Precinct 2-1,367,433,6,2,3,3,1,815
Precinct,301 - Precinct 3-1,440,59,2,1,2,0,1,505
Precinct,401 - Precinct 4-1,386,103,4,0,3,1,0,497
Precinct,501 - Precinct 5-1,422,38,0,0,0,0,1,461
Precinct,601 - Precinct 6-1,369,258,3,1,0,2,2,635
Precinct,Provisional,48,32,0,0,0,0,1,81
Locality,Franklin County,8321,22319,80,123,27,42,108,31020
Precinct,102 - Burnt Chimney,754,2158,14,15,4,6,20,2971
Precinct,103 - Scruggs,830,1884,6,10,1,3,14,2748
Precinct,201 - Glade Hill,181,775,2,0,0,1,3,962
Precinct,202 - Penhook,442,916,3,6,2,2,10,1381
Precinct,203 - Hodgesville,247,880,2,4,0,2,2,1137
Precinct,204 - Dudley,414,993,4,6,0,2,7,1426
Precinct,301 - Snow Creek,165,630,2,3,1,1,4,806
Precinct,302 - Fork Mountain,187,594,2,1,0,0,1,785
Precinct,303 - Sontag,415,1050,3,5,3,3,4,1483
Precinct,304 - Dickinson,295,545,2,2,2,1,1,848
Precinct,401 - Henry,162,879,0,1,3,0,2,1047
Precinct,402 - Ferrum,262,691,2,2,0,0,3,960
Precinct,403 - Endicott,129,470,1,1,2,1,0,604
Precinct,404 - Waidsboro,192,676,6,0,1,1,0,876
Precinct,502 - Callaway,350,1126,4,4,1,3,0,1488
Precinct,503 - Bowmans,387,1025,4,7,1,2,7,1433
Precinct,504 - Gogginsville,379,1135,3,10,0,2,3,1532
Precinct,601 - Boones Mill,474,1452,3,10,1,2,5,1947
Precinct,602 - Bonbrook,328,1147,3,10,2,3,5,1498
Precinct,603 - Coopers Cove,232,775,5,7,1,1,2,1023
Precinct,701 - Rocky Mount East,471,759,4,4,1,1,4,1244
Precinct,702 - Rocky Mount West,538,890,1,9,1,4,3,1446
Precinct,703 - Rocky Mount South,411,591,1,5,0,1,8,1017
Precinct,Provisional,76,278,3,1,0,0,0,358
Locality,Frederick County,18331,33117,205,222,76,89,223,52263
Precinct,101 - Russells,631,1816,7,10,2,8,11,2485
Precinct,102 - Gore,589,1884,3,15,4,5,6,2506
Precinct,103 - Kernstown,876,1543,10,10,2,2,17,2460
Precinct,104 - Cedar Creek,205,672,2,5,3,0,3,890
Precinct,105 - Middletown,344,534,6,9,1,3,5,902
Precinct,201 - Gainesborough,327,1253,5,6,1,3,2,1597
Precinct,202 - Albin,576,1361,7,10,1,6,14,1975
Precinct,203 - Redland,858,2032,4,12,6,2,11,2925
Precinct,204 - Nain,515,1134,4,4,2,2,7,1668
Precinct,205 - White Hall,361,882,4,3,0,3,8,1261
Precinct,301 - Clear Brook,432,1493,7,3,0,1,7,1943
Precinct,302 - Neff's Town,216,352,0,3,2,0,3,576
Precinct,303 - Jordan Springs,1236,1397,23,13,3,5,9,2686
Precinct,304 - Gibson School,310,348,1,4,2,1,3,669
Precinct,305 - Sunnyside,502,565,5,6,3,4,3,1088
Precinct,401 - Armel,655,1095,3,13,6,4,10,1786
Precinct,402 - Shenandoah,1151,1576,17,12,1,2,6,2765
Precinct,403 - Parkin's Mill,827,1322,10,14,4,6,6,2189
Precinct,404 - White Oak School,791,1195,7,6,4,2,10,2015
Precinct,501 - Stephens City,491,759,12,1,4,1,3,1271
Precinct,502 - Bass-Hoover,640,1121,5,3,1,2,6,1778
Precinct,503 - Canterburg,1201,1494,6,6,2,2,23,2734
Precinct,504 - Vaucluse Spring,766,1427,5,7,3,3,1,2212
Precinct,505 - Aylor,487,752,7,3,0,2,7,1258
Precinct,601 - Millbrook,744,1232,4,5,0,3,13,2001
Precinct,602 - Ash Hollow,890,1184,11,14,7,8,9,2123
Precinct,603 - Greenwood,1116,1494,17,17,6,5,16,2671
Precinct,604 - Carpers Valley,212,451,6,3,1,1,2,676
Precinct,605 - Sulphur Spring,60,157,0,0,3,1,1,222
Precinct,FREDERICK COUNTY PROVISIONALS,322,592,7,5,2,2,1,931
Locality,Fredericksburg City,8760,4480,94,82,38,41,83,13578
Precinct,101 - Precinct 1 - 1,1774,1180,21,11,8,11,20,3025
Precinct,201 - Precinct 1 - 2,2166,917,19,18,7,5,24,3156
Precinct,301 - Precinct 1 - 3,2178,1287,27,29,14,12,17,3564
Precinct,401 - Precinct 1 - 4,1288,453,9,11,3,6,14,1784
Precinct,402 - Precinct 2 - 4,1034,470,8,9,4,5,8,1538
Precinct,FREDERICKSBURG CITY PROVISIONALS,320,173,10,4,2,2,0,511
Locality,Galax City,753,1946,4,4,5,5,4,2721
Precinct,001 - East,334,838,2,1,2,1,1,1179
Precinct,005 - West,401,1060,2,3,3,4,3,1476
Precinct,GALAX CITY PROVISIONALS,18,48,0,0,0,0,0,66
Locality,Giles County,2069,7102,11,33,6,13,29,9263
Precinct,101 - Glen Lyn,22,121,1,0,1,1,0,146
Precinct,102 - Rich Creek,105,462,0,2,0,0,1,570
Precinct,103 - Narrows,341,1459,4,6,2,2,4,1818
Precinct,201 - Pearisburg,522,1905,0,5,0,5,2,2439
Precinct,202 - Staffordsville,83,326,0,1,0,0,0,410
Precinct,203 - White Gate,40,192,1,0,0,0,3,236
Precinct,301 - Eggleston,201,504,0,4,0,1,4,714
Precinct,302 - Pembroke,421,1377,3,6,2,1,6,1816
Precinct,303 - Newport,309,640,1,7,1,1,8,967
Precinct,Provisional,25,116,1,2,0,2,1,147
Locality,Gloucester County,7034,15918,58,89,14,36,79,23228
Precinct,101 - Harcum,435,1261,4,11,1,3,2,1717
Precinct,102 - Salem,352,1055,2,5,0,1,1,1416
Precinct,103 - Peasley,312,935,3,3,1,2,4,1260
Precinct,201 - Courthouse,694,1226,2,3,0,3,3,1931
Precinct,202 - Botetourt,892,1793,8,16,0,5,9,2723
Precinct,301 - White Marsh,915,1970,9,8,3,3,22,2930
Precinct,302 - Roanes,591,1312,1,6,2,3,7,1922
Precinct,401 - Hayes,772,1518,11,10,2,9,7,2329
Precinct,402 - Sarahs Creek,713,1193,6,9,0,3,12,1936
Precinct,501 - Achilles,765,2114,1,10,4,2,3,2899
Precinct,502 - Walker,514,1337,7,7,1,2,9,1877
Precinct,GLOUCESTER COUNTY PROVISIONALS,79,204,4,1,0,0,0,288
Locality,Goochland County,7875,11521,62,118,18,22,126,19742
Precinct,101 - Fife,503,954,5,7,2,0,6,1477
Precinct,102 - Hadensville,639,1214,1,8,5,3,6,1876
Precinct,201 - 3 Square,676,912,8,6,2,2,6,1612
Precinct,202 - Sandy Hook,713,960,4,16,1,5,8,1707
Precinct,301 - Beaverdam,819,1244,6,12,1,2,12,2096
Precinct,302 - Randolph,617,788,1,13,1,0,5,1425
Precinct,401 - Shallow Well,318,673,2,1,0,0,7,1001
Precinct,402 - Centerville,997,1491,12,15,1,5,18,2539
Precinct,403 - West Creek,695,497,3,7,0,0,8,1210
Precinct,501 - Manakin,748,1248,6,9,3,3,18,2035
Precinct,502 - Blair,1069,1410,10,22,2,2,32,2547
Precinct,GOOCHLAND COUNTY PROVISIONALS,81,130,4,2,0,0,0,217
Locality,Grayson County,1503,6544,21,25,6,5,15,8119
Precinct,101 - Bridle Creek,124,404,0,0,1,1,0,530
Precinct,102 - Flatridge,36,165,0,1,0,0,0,202
Precinct,103 - Grant,86,260,1,3,1,0,0,351
Precinct,104 - Mouth Of Wilson,49,163,2,3,0,0,1,218
Precinct,105 - Mount Rogers,34,203,0,0,1,0,0,238
Precinct,106 - Rugby,42,200,0,0,0,0,0,242
Precinct,107 - Troutdale,23,114,1,0,0,0,2,140
Precinct,108 - Comers Rock,39,146,1,0,1,0,1,188
Precinct,202 - Elk Creek,91,500,1,3,0,1,0,596
Precinct,203 - Independence,273,1048,3,6,1,0,2,1333
Precinct,301 - Baywood,151,721,1,5,0,1,6,885
Precinct,302 - Fairview,190,971,7,3,1,0,1,1173
Precinct,401 - Fries,117,370,0,0,0,0,1,488
Precinct,402 - Providence,150,837,1,1,0,1,1,991
Precinct,403 - Oldtown,78,345,2,0,0,1,0,426
Precinct,GRAYSON COUNTY PROVISIONALS,20,97,1,0,0,0,0,118
Locality,Greene County,4456,7432,39,82,15,14,68,12106
Precinct,101 - Dyke,272,770,3,6,3,0,8,1062
Precinct,102 - Swift Run,577,1137,6,13,5,6,7,1751
Precinct,201 - Ruckersville,1169,1521,4,30,2,2,19,2747
Precinct,301 - Stanardsville,891,1958,10,16,2,3,12,2892
Precinct,302 - Stanardsville Town,64,89,0,0,0,1,2,156
Precinct,401 - Midway,1398,1780,14,17,3,2,18,3232
Precinct,GREENE COUNTY PROVISIONALS,85,177,2,0,0,0,2,266
Locality,Greensville County,2334,1936,11,7,3,5,7,4303
Precinct,101 - Precinct 1-a,213,142,0,0,0,1,1,357
Precinct,102 - Precinct 1-b,67,118,0,2,0,0,0,187
Precinct,103 - Precinct 1-c,334,136,3,1,1,1,2,478
Precinct,201 - Precinct 2-a,342,153,0,0,0,1,1,497
Precinct,202 - Precinct 2-b,257,429,0,0,0,2,1,689
Precinct,302 - Precinct 3-a,574,212,3,0,2,0,1,792
Precinct,401 - Precinct 4-a,94,221,0,0,0,0,0,315
Precinct,402 - Precinct 4-b,285,223,4,3,0,0,0,515
Precinct,403 - Precinct 4-c,135,279,1,1,0,0,1,417
Precinct,GREENSVILLE COUNTY PROVISIONALS,33,23,0,0,0,0,0,56
Locality,Halifax County,6984,10741,30,47,24,18,27,17871
Precinct,101 - Childrey,290,505,0,1,4,3,2,805
Precinct,102 - Liberty,134,275,1,3,0,1,0,414
Precinct,103 - Republican Grove,369,544,1,2,3,1,0,920
Precinct,201 - Clays Mill,188,426,1,0,1,1,0,617
Precinct,202 - Crossroads,201,353,1,1,0,1,1,558
Precinct,203 - Clover,381,510,1,3,0,0,1,896
Precinct,302 - Meadville,219,129,2,1,1,1,1,354
Precinct,304 - Vernon Hill,198,444,1,1,2,0,0,646
Precinct,305 - Sinai,705,525,0,0,2,2,1,1235
Precinct,401 - Courthouse,519,564,5,4,3,0,1,1096
Precinct,403 - Center,458,741,4,1,0,1,6,1211
Precinct,502 - Dan River,530,839,2,9,1,2,2,1385
Precinct,503 - Scottsburg,163,592,2,0,0,0,1,758
Precinct,601 - Black Walnut,287,609,2,4,0,1,2,905
Precinct,603 - Mt Carmel,489,702,0,5,1,1,1,1199
Precinct,605 - Union,124,276,2,2,0,0,0,404
Precinct,701 - Hyco,316,937,2,3,0,0,3,1261
Precinct,702 - Midway,128,661,0,0,1,0,2,792
Precinct,703 - Virgilina,92,464,1,4,0,0,0,561
Precinct,801 - South Boston,1092,509,2,1,4,3,2,1613
Precinct,HALIFAX COUNTY PROVISIONALS,101,136,0,2,1,0,1,241
Locality,Hampton City,43357,18383,236,225,286,145,191,62823
Precinct,101 - Aberdeen,1612,326,6,3,13,0,7,1967
Precinct,102 - Bassette,1628,182,4,1,12,1,3,1831
Precinct,103 - City Hall,1085,240,6,3,11,5,2,1352
Precinct,104 - Cooper,2376,414,17,9,15,9,9,2849
Precinct,105 - East Hampton,804,337,2,5,7,2,4,1161
Precinct,106 - Armstrong,1432,642,12,9,6,4,9,2114
Precinct,107 - Lindsay,1516,315,0,8,8,7,4,1858
Precinct,108 - Thomas,1857,394,5,4,10,5,3,2278
Precinct,109 - Phenix,1873,272,9,5,11,9,11,2190
Precinct,110 - Phoebus,324,204,2,4,1,2,0,537
Precinct,111 - Hampton Library,512,283,3,6,1,4,4,813
Precinct,112 - Smith,1815,764,18,9,17,7,6,2636
Precinct,115 - Wythe,792,481,10,9,8,4,6,1310
Precinct,116 - Jones,755,262,3,1,6,1,1,1029
Precinct,117 - Kecoughtan,1281,447,1,7,11,1,4,1752
Precinct,118 - Mallory,1916,285,3,2,12,4,8,2230
Precinct,201 - Patrick,1254,1065,6,5,5,6,11,2352
Precinct,202 - Bryan,1405,939,15,8,7,9,8,2391
Precinct,203 - Burbank,1075,642,5,9,5,5,2,1743
Precinct,204 - Forrest,1220,565,6,10,11,2,6,1820
Precinct,205 - Asbury,1486,1821,9,26,10,5,6,3363
Precinct,208 - Kraft,1946,1167,9,7,14,5,11,3159
Precinct,209 - Langley,1164,794,11,18,5,7,2,2001
Precinct,210 - Machen,2539,813,11,6,28,10,15,3422
Precinct,212 - Bethel,2520,738,19,10,20,6,12,3325
Precinct,213 - Phillips,1666,1406,9,14,11,6,14,3126
Precinct,214 - Jackson,1524,887,8,14,6,5,10,2454
Precinct,215 - Peake,491,121,2,0,0,0,0,614
Precinct,216 - Sandy Bottom,973,457,9,4,6,2,8,1459
Precinct,217 - Syms,555,515,4,1,2,5,3,1085
Precinct,HAMPTON CITY PROVISIONALS,1961,605,12,8,7,7,2,2602
Locality,Hanover County,26733,45569,268,356,78,83,317,73404
Precinct,101 - Ashland,864,716,3,7,2,2,14,1608
Precinct,104 - Sliding Hill,872,922,9,10,4,1,10,1828
Precinct,105 - Berkley,978,734,5,10,1,3,6,1737
Precinct,106 - Kersey Creek,441,611,2,5,0,1,4,1064
Precinct,108 - Honey Meadows,1319,1337,18,15,3,0,17,2709
Precinct,201 - Beaverdam,646,1904,10,14,1,7,6,2588
Precinct,202 - Blunts,415,733,1,4,2,0,1,1156
Precinct,203 - Wilmington Parish,838,1512,10,6,1,3,14,2384
Precinct,206 - Courthouse,1013,1205,15,22,3,3,9,2270
Precinct,208 - Oak Knoll,564,1196,5,6,6,2,4,1783
Precinct,210 - Oak Hill,386,533,2,4,1,1,2,929
Precinct,301 - Clay,675,1398,4,8,1,4,7,2097
Precinct,303 - Shady Grove,848,1395,15,13,1,4,12,2288
Precinct,304 - Atlee,1090,1487,13,18,7,1,14,2630
Precinct,305 - Cool Spring,902,1293,4,14,3,2,18,2236
Precinct,306 - Rutland,860,1007,6,13,5,3,6,1900
Precinct,401 - Battlefield,585,1749,3,9,0,2,12,2360
Precinct,403 - Cold Harbor,1004,2168,7,15,3,3,7,3207
Precinct,404 - Black Creek,317,1168,3,4,1,1,3,1497
Precinct,405 - Pebble Creek,558,863,5,1,0,1,7,1435
Precinct,407 - Old Church,391,1290,0,4,1,1,5,1692
Precinct,502 - Rural Point,938,1564,8,11,4,3,13,2541
Precinct,503 - Newman,694,1076,11,10,1,2,12,1806
Precinct,504 - Studley,323,1173,3,6,2,1,5,1513
Precinct,505 - Totopotomoy,130,445,1,0,0,0,2,578
Precinct,506 - Georgetown,614,1324,4,11,2,2,7,1964
Precinct,507 - Laurel Meadow,698,1394,15,16,0,1,7,2131
Precinct,601 - Village,981,1716,7,14,4,7,12,2741
Precinct,602 - Lee Davis,804,1459,11,6,2,3,9,2294
Precinct,603 - Mechanicsville,927,1323,10,8,4,1,3,2276
Precinct,604 - Hanover Grove,794,1450,5,16,4,0,9,2278
Precinct,701 - Farrington,734,1516,5,10,3,4,10,2282
Precinct,702 - Montpelier,821,1529,11,19,1,1,15,2397
Precinct,703 - Rockville,713,1417,10,6,1,2,13,2162
Precinct,704 - Elmont,1271,1585,18,16,1,7,10,2908
Precinct,705 - South Anna,400,803,3,2,2,2,10,1222
Precinct,HANOVER COUNTY PROVISIONALS,325,574,6,3,1,2,2,913
Locality,Harrisonburg City,10641,6266,143,96,45,54,87,17332
Precinct,101 - Northeast,1323,807,21,6,7,8,12,2184
Precinct,102 - East Central,1117,424,12,13,3,5,7,1581
Precinct,103 - Southeast,1009,596,12,12,6,5,5,1645
Precinct,104 - East,1082,754,13,12,5,5,4,1875
Precinct,105 - South East Central,268,72,4,1,1,1,2,349
Precinct,201 - Northwest,1685,951,19,13,11,9,19,2707
Precinct,202 - Southwest,1247,850,17,12,4,9,15,2154
Precinct,203 - West,1627,795,27,14,7,8,17,2495
Precinct,HARRISONBURG CITY PROVISIONALS,1283,1017,18,13,1,4,6,2342
Locality,Henrico County,115040,62882,1165,737,440,378,847,181489
Precinct,101 - Coalpit,1809,1458,29,21,7,6,17,3347
Precinct,102 - Dumbarton,1662,713,11,7,5,5,8,2411
Precinct,103 - Glen Allen,1927,1751,27,20,3,5,25,3758
Precinct,104 - Greendale,666,457,8,3,5,4,6,1149
Precinct,105 - Hermitage,1592,1074,19,12,3,7,8,2715
Precinct,106 - Holladay,653,552,13,6,2,4,5,1235
Precinct,107 - Hungary Creek,1700,1461,31,12,6,4,10,3224
Precinct,108 - Hunton,399,448,6,2,2,1,2,860
Precinct,109 - Johnson,1167,639,14,12,7,3,11,1853
Precinct,110 - Longan,1564,1258,36,13,2,9,8,2890
Precinct,111 - Maude Trevvett,1947,829,20,5,3,7,10,2821
Precinct,112 - Monument Hills,516,333,3,8,0,0,5,865
Precinct,113 - Springfield,1685,1158,17,9,5,6,9,2889
Precinct,114 - Staples Mill,1412,1206,18,15,7,8,14,2680
Precinct,115 - Westwood,1155,591,6,12,3,5,14,1786
Precinct,201 - Azalea,1953,237,7,7,14,7,2,2227
Precinct,202 - Belmont,2086,777,19,18,12,12,9,2933
Precinct,203 - Brookland,634,462,6,5,4,4,3,1118
Precinct,204 - Canterbury,401,204,1,1,0,0,3,610
Precinct,205 - Central Gardens,1777,107,4,2,8,7,3,1908
Precinct,206 - Chamberlayne,1583,487,8,7,4,7,3,2099
Precinct,207 - Eastbourne,810,57,4,1,3,0,0,875
Precinct,209 - Fairfield,1168,86,5,0,5,2,1,1267
Precinct,210 - Glen Lea,1354,224,6,1,4,5,7,1601
Precinct,211 - Greenwood,576,99,3,2,3,1,0,684
Precinct,212 - Highland Gardens,1130,84,4,1,5,4,3,1231
Precinct,214 - Hungary,1042,308,9,4,8,1,6,1378
Precinct,215 - Lakeside,2042,992,19,23,16,10,12,3114
Precinct,216 - Longdale,1514,728,18,6,4,5,7,2282
Precinct,217 - Maplewood,2071,151,13,1,8,5,2,2251
Precinct,218 - Moody,477,286,1,3,2,0,5,774
Precinct,219 - Mountain,422,241,9,3,2,0,7,684
Precinct,220 - North Park,424,327,0,3,2,2,0,758
Precinct,222 - Randolph,200,52,1,0,0,0,1,254
Precinct,223 - Ratcliffe,2324,193,13,4,12,8,6,2560
Precinct,225 - Wilder,1316,278,12,1,7,3,6,1623
Precinct,226 - Yellow Tavern,1792,833,20,8,8,5,5,2671
Precinct,301 - Causeway,1259,814,17,9,12,6,16,2133
Precinct,302 - Cedarfield,1197,932,22,14,4,3,16,2188
Precinct,303 - Colonial Trail,1281,839,35,5,4,2,9,2175
Precinct,304 - Innsbrook,1060,619,50,6,6,2,7,1750
Precinct,305 - Jackson Davis,805,650,6,4,0,4,3,1472
Precinct,306 - Nuckols Farm,1734,1395,11,17,2,6,27,3192
Precinct,307 - Pocahontas,1488,946,20,15,3,1,12,2485
Precinct,308 - Ridge,619,478,5,7,1,1,8,1119
Precinct,309 - Rivers Edge,1589,1257,30,12,4,1,14,2907
Precinct,310 - Sadler,1766,1197,57,15,3,2,15,3055
Precinct,311 - Shady Grove,1666,1319,17,19,3,3,18,3045
Precinct,312 - Short Pump,1161,844,32,8,4,5,20,2074
Precinct,313 - Stoney Run,1855,1370,29,16,4,4,27,3305
Precinct,314 - 3 Chopt,1003,862,9,9,3,9,3,1898
Precinct,315 - Tucker,1915,727,14,12,6,2,9,2685
Precinct,401 - Crestview,1220,715,13,7,4,4,14,1977
Precinct,402 - Derbyshire,887,788,1,6,2,3,22,1709
Precinct,403 - Freeman,1086,742,8,13,5,1,16,1871
Precinct,404 - Gayton,1487,1225,10,19,6,7,31,2785
Precinct,405 - Godwin,1232,752,13,6,2,6,12,2023
Precinct,406 - Lakewood,925,856,10,13,1,2,16,1823
Precinct,407 - Lauderdale,1152,816,21,3,6,6,6,2010
Precinct,408 - Maybeury,1122,909,11,16,1,4,24,2087
Precinct,409 - Mooreland,679,787,5,9,0,0,30,1510
Precinct,410 - Pemberton,1199,772,12,6,4,6,12,2011
Precinct,411 - Pinchbeck,1412,992,15,8,4,7,11,2449
Precinct,412 - Quioccasin,1489,850,7,14,4,10,10,2384
Precinct,413 - Ridgefield,1470,1202,27,14,5,0,18,2736
Precinct,414 - Rollingwood,1033,647,2,17,3,1,16,1719
Precinct,415 - Skipwith,815,509,20,7,3,3,2,1359
Precinct,416 - Spottswood,572,368,4,12,3,2,7,968
Precinct,417 - Tuckahoe,1643,1587,5,22,1,4,46,3308
Precinct,418 - Welborne,983,584,9,7,3,5,13,1604
Precinct,419 - West End,1185,963,5,13,3,8,14,2191
Precinct,501 - Adams,1659,221,1,4,13,5,1,1904
Precinct,502 - Antioch,511,1101,5,6,1,5,0,1629
Precinct,503 - Cedar Fork,1216,177,7,2,5,2,3,1412
Precinct,504 - Chickahominy,1076,908,12,8,5,3,8,2020
Precinct,505 - Donahoe,994,442,5,2,8,0,3,1454
Precinct,506 - Dorey,1703,924,8,5,8,5,5,2658
Precinct,507 - Eanes,1923,525,14,9,9,4,7,2491
Precinct,508 - Elko,133,500,3,2,1,0,1,640
Precinct,509 - Highland Springs,1241,258,12,4,3,2,0,1520
Precinct,510 - Laburnum,1198,377,3,3,7,3,3,1594
Precinct,511 - Mehfoud,1254,486,5,4,6,5,7,1767
Precinct,512 - Montrose,1661,286,12,4,8,7,6,1984
Precinct,513 - 9 MILE,634,336,3,2,3,3,2,983
Precinct,514 - Pleasants,2108,261,4,3,2,4,2,2384
Precinct,515 - Rolfe,2457,283,9,7,17,6,4,2783
Precinct,516 - Sandston,683,986,6,6,2,4,3,1690
Precinct,517 - Sullivans,2194,647,8,2,11,10,9,2881
Precinct,518 - Town Hall,367,465,2,4,5,1,3,847
Precinct,519 - Whitlocks,898,990,6,8,3,3,5,1913
Precinct,HENRICO COUNTY PROVISIONALS,2191,1255,48,14,13,14,8,3543
Locality,Henry County,8457,16800,48,56,23,29,61,25474
Precinct,101 - Bassett #2,237,324,1,0,0,0,0,562
Precinct,102 - Gunville,209,893,2,5,0,3,1,1113
Precinct,103 - Scott's Tanyard,431,1577,5,4,0,2,6,2025
Precinct,201 - Fieldale,232,440,1,3,1,2,3,682
Precinct,202 - Horsepasture #1,379,869,1,0,2,1,2,1254
Precinct,203-Horsepasture #2,654,330,4,3,3,0,3,997
Precinct,204 - Spencer,302,937,3,2,1,1,2,1248
Precinct,302 - Axton,327,462,1,0,0,2,2,794
Precinct,303 - Irisburg,595,882,2,5,1,1,1,1487
Precinct,304 - Mount Olivet,812,724,2,3,2,1,5,1549
Precinct,305 - Mountain Valley,287,449,1,2,1,1,0,741
Precinct,401 - Collinsville #1,254,555,1,2,2,3,4,821
Precinct,402 - Daniels Creek,332,579,2,1,1,3,1,919
Precinct,404 - Collinsville #2,557,971,6,6,0,0,2,1542
Precinct,405 - Mountain View,298,289,3,2,0,1,1,594
Precinct,501 - Bassett #1,269,393,1,0,2,1,1,667
Precinct,502 - Figsboro,257,703,0,3,0,1,2,966
Precinct,503 - Stanleytown,278,1262,3,3,1,2,4,1553
Precinct,504 - Oak Level,121,335,1,0,1,1,3,462
Precinct,505 - Dyers Store,247,560,2,2,1,2,3,817
Precinct,601 - Fontaine,436,931,3,5,0,0,4,1379
Precinct,602 - Hillcrest,143,244,1,0,2,0,2,392
Precinct,603 - Ridgeway #1,383,1065,0,3,2,1,5,1459
Precinct,604 - Ridgeway #2,276,784,2,2,0,0,3,1067
Precinct,HENRY COUNTY PROVISIONALS,141,242,0,0,0,0,1,384
Locality,Highland County,416,1095,6,7,5,0,6,1535
Precinct,001 - Monterey,154,339,1,2,3,0,2,501
Precinct,003 - Wilsons Mill,20,91,0,0,0,0,2,113
Precinct,005 - Blue Grass,94,206,1,2,0,0,0,303
Precinct,007 - Mill Gap,57,112,0,1,0,0,1,171
Precinct,008 - Mcdowell,91,335,4,2,2,0,1,435
Precinct,HIGHLAND COUNTY PROVISIONALS,0,12,0,0,0,0,0,12
Locality,Hopewell City,5078,3838,36,24,16,14,20,9026
Precinct,101 - WARD 1,534,501,3,1,2,1,1,1043
Precinct,201 - WARD 2,770,131,2,1,2,1,2,909
Precinct,301 - WARD 3,658,915,7,6,1,4,9,1600
Precinct,401 - WARD 4,952,780,5,4,4,5,3,1753
Precinct,501 - WARD 5,563,750,7,3,0,0,3,1326
Precinct,601 - WARD 6,771,276,4,4,3,1,1,1060
Precinct,701 - WARD 7,683,404,5,4,4,1,1,1102
Precinct,HOPEWELL CITY PROVISIONALS,147,81,3,1,0,1,0,233
Locality,Isle of Wight County,9779,14659,59,91,46,38,90,24762
Precinct,101 - Pagan River,928,1530,7,14,5,5,13,2502
Precinct,102 - Cypress Creek A,1050,1519,10,13,0,5,8,2605
Precinct,103 - Cypress Creek B,64,83,0,1,0,2,0,150
Precinct,201 - Bartlett,1155,1315,6,13,7,3,14,2513
Precinct,202 - Nike Park A,815,1416,4,8,4,2,12,2261
Precinct,203 - Nike Park B,98,122,2,2,0,0,1,225
Precinct,301 - Rushmere,739,500,3,3,2,3,2,1252
Precinct,302 - Pons,1063,754,2,3,5,5,5,1837
Precinct,303 - Benns Church,693,482,1,2,9,5,8,1200
Precinct,304 - New Towne,235,122,0,2,1,0,1,361
Precinct,401 - Bowling Green,335,1005,1,7,2,0,5,1355
Precinct,402 - Windsor,645,1327,8,4,2,3,5,1994
Precinct,403 - Cedar Grove,487,943,1,7,1,2,7,1448
Precinct,501 - Walters,223,722,2,3,1,0,3,954
Precinct,502 - Beaver Dam,422,658,2,2,2,0,0,1086
Precinct,503 - Fire Tower,369,1080,4,3,2,0,2,1460
Precinct,504 - Bethany Church,265,828,5,3,3,1,3,1108
Precinct,ISLE OF WIGHT COUNTY PROVISIONALS,193,253,1,1,0,2,1,451
Locality,James City County,26742,23575,159,258,69,89,382,51274
Precinct,101 - Berkeley A,2074,1645,15,39,8,6,32,3819
Precinct,102 - Berkeley B,1315,1141,6,14,2,5,26,2509
Precinct,103 - Berkeley C,1187,1431,1,12,5,3,21,2660
Precinct,104- Berkeley D,623,460,5,6,1,1,5,1101
Precinct,201 - Jamestown A,1029,716,9,10,2,7,11,1784
Precinct,202 - Jamestown B,1470,806,7,7,3,4,16,2313
Precinct,203 - Jamestown C,1322,1066,7,15,5,2,16,2433
Precinct,204 - Jamestown D,1803,1557,12,15,3,2,27,3419
Precinct,301 - Powhatan A,1834,1595,17,11,0,3,40,3500
Precinct,302 - Powhatan B,641,457,1,8,2,1,7,1117
Precinct,303 - Powhatan C,817,1651,8,16,1,6,7,2506
Precinct,304 - Powhatan D,1612,1098,8,12,8,3,16,2757
Precinct,401 - Stonehouse A,1753,1653,8,16,8,8,18,3464
Precinct,402 - Stonehouse B,2299,2064,6,21,6,5,37,4438
Precinct,403 - Stonehouse C,1624,1945,6,13,3,7,27,3625
Precinct,501 - Roberts A,868,383,8,3,6,1,2,1271
Precinct,502 - Roberts B,1924,1929,12,15,1,9,38,3928
Precinct,503 - Roberts C,2112,1577,18,20,4,13,31,3775
Precinct,JAMES CITY COUNTY PROVISIONALS,435,401,5,5,1,3,5,855
Locality,King and Queen County,1536,2608,11,12,3,3,15,4188
Precinct,101 - Owenton,423,435,2,0,1,0,3,864
Precinct,201 - Clarks,222,552,1,0,0,1,4,780
Precinct,301 - Shacklefords,301,508,6,2,1,1,2,821
Precinct,401 - Courthouse,360,483,2,5,1,1,2,854
Precinct,501 - Oldmill,216,592,0,5,0,0,4,817
Precinct,King & Queen County Provisionals,14,38,0,0,0,0,0,52
Locality,King George County,5657,9500,58,98,14,35,75,15437
Precinct,101 - Courthouse,1033,1431,9,19,3,7,15,2517
Precinct,102 - Passapatanzy,531,1021,2,5,1,1,2,1563
Precinct,201 - Monroe,1354,2624,23,33,4,5,20,4063
Precinct,301 - Dahlgren,1322,1815,10,20,2,7,14,3190
Precinct,401 - Shiloh,1323,2452,14,20,4,15,22,3850
Precinct,KING GEORGE COUNTY PROVISIONALS,94,157,0,1,0,0,2,254
Locality,King William County,3388,8080,24,43,12,14,22,11583
Precinct,101 - West Point,638,1214,4,17,5,4,1,1883
Precinct,201 - Sweet Hall,217,581,2,3,2,2,2,809
Precinct,202 - Courthouse,517,1110,3,3,1,1,1,1636
Precinct,301 - Aylett,577,1685,7,4,1,1,9,2284
Precinct,401 - Manquin,634,1719,5,10,1,2,5,2376
Precinct,501 - Mangohick,762,1655,3,6,1,3,4,2434
Precinct,KING WILLIAM COUNTY PROVISIONALS,43,116,0,0,1,1,0,161
Locality,Lancaster County,3355,3866,14,22,10,12,34,7313
Precinct,101 - Precinct 1-1,546,890,2,1,4,4,5,1452
Precinct,201 - Precinct 2-1,712,493,1,2,2,3,5,1218
Precinct,301 - Precinct 3-1,450,688,4,5,1,1,7,1156
Precinct,302 - Precinct 3-2,171,356,2,4,2,1,3,539
Precinct,401 - Precinct 4-1,760,475,5,0,0,1,5,1246
Precinct,501 - Precinct 5-1,682,923,0,9,1,2,9,1626
Precinct,LANCASTER COUNTY PROVISIONALS,34,41,0,1,0,0,0,76
Locality,Lee County,1391,8674,16,16,7,4,14,10122
Precinct,101 - Elydale,85,434,2,3,0,0,1,525
Precinct,102 - Ewing,75,464,2,1,1,0,1,544
Precinct,103 - Rose Hill,119,825,0,3,0,0,0,947
Precinct,201 - Blackwater,29,166,0,0,1,0,0,196
Precinct,202 - Flatwoods,103,666,0,2,0,0,0,771
Precinct,203 - Jonesville,208,1133,4,2,0,2,1,1350
Precinct,301 - Ben Hur,137,848,0,1,1,0,1,988
Precinct,302 - Woodway,66,463,0,1,2,0,1,533
Precinct,401 - Stickleyville,117,626,1,0,0,0,1,745
Precinct,402 - Jasper,46,302,0,0,0,1,2,351
Precinct,403 - Seminary,44,433,0,0,0,0,1,478
Precinct,404 - Dryden,94,723,2,0,1,0,2,822
Precinct,501 - Saint Charles,58,291,0,1,1,1,1,353
Precinct,502 - Pennington,141,875,2,2,0,0,2,1022
Precinct,503 - Robbins Chapel,14,95,0,0,0,0,0,109
Precinct,504 - Keokee,28,145,2,0,0,0,0,175
Precinct,LEE COUNTY PROVISIONALS,27,185,1,0,0,0,0,213
Locality,Lexington City,1795,1030,14,16,4,4,32,2895
Precinct,001 - Lexington,1693,881,14,14,3,4,30,2639
Precinct,LEXINGTON CITY PROVISIONALS,102,149,0,2,1,0,2,256
Locality,Loudoun County,129280,92107,4701,1162,531,427,1484,229692
Precinct,107 - Little River,1496,1011,46,15,9,4,12,2593
Precinct,108 - Mercer,1293,894,88,11,8,0,16,2310
Precinct,112 - Freedom,1217,756,65,9,11,6,14,2078
Precinct,114 - Dulles South,1317,920,100,18,4,3,14,2376
Precinct,119 - Arcola,1876,1299,108,12,6,4,22,3327
Precinct,120 - Lunsford,1750,1184,73,8,6,3,16,3040
Precinct,121 - Town Hall,867,559,30,6,6,3,10,1481
Precinct,122 - Hutchison Farm,1580,1097,64,16,4,6,11,2778
Precinct,123 - Cardinal Ridge,891,547,31,7,2,1,9,1488
Precinct,124 - Liberty,1093,764,46,7,5,3,7,1925
Precinct,126-Goshen Post,1347,966,72,12,8,6,10,2421
Precinct,207 - River Bend,897,575,24,2,1,1,12,1512
Precinct,208 - Algonkian,880,589,26,8,7,8,14,1532
Precinct,209 - Potomac Falls,1737,1022,63,18,8,5,21,2874
Precinct,210 - Cascades,1600,940,78,15,6,4,21,2664
Precinct,213 - Countryside,612,330,10,6,1,1,9,969
Precinct,214 - Sugarland North,1269,839,41,9,0,2,11,2171
Precinct,215 - Sugarland South,1413,899,43,18,9,3,9,2394
Precinct,216 - Lowes Island,1234,927,52,7,5,2,12,2239
Precinct,217 - South Bank,1524,978,102,16,11,3,20,2654
Precinct,218 - University Center,1133,659,68,7,5,6,10,1888
Precinct,219 - Galilee Church,1072,704,27,22,5,2,10,1842
Precinct,220 - Mirror Ridge,1196,799,102,11,4,8,8,2128
Precinct,221 - Seneca,1207,795,83,18,10,4,11,2128
Precinct,307 - Middleburg,637,445,4,9,1,2,10,1108
Precinct,308 - St Louis,662,473,7,5,6,2,10,1165
Precinct,309 - Aldie,417,413,5,6,0,1,4,846
Precinct,312 - Briar Woods,1157,536,42,12,2,4,16,1769
Precinct,313 - Pinebrook,950,688,44,7,8,4,11,1712
Precinct,314 - Legacy,1540,928,50,11,9,5,11,2554
Precinct,319 - John Champe,841,607,25,8,1,1,4,1487
Precinct,321 - Brambleton Middle,1559,894,70,4,7,3,16,2553
Precinct,322 - Buffalo Trail,1195,848,75,4,2,5,6,2135
Precinct,323 - Sycolin Creek,1036,1028,23,16,2,3,19,2127
Precinct,324 - Madison,936,549,36,8,5,2,8,1544
Precinct,325 - Creighton,1883,955,52,12,8,3,11,2924
Precinct,326 - Independence,1392,1288,44,17,2,2,23,2768
Precinct,327 - Willard,663,664,19,8,1,2,15,1372
Precinct,328 - Hovatter,1008,823,33,11,6,3,15,1899
Precinct,329 - Lightridge,1363,1184,35,14,4,2,21,2623
Precinct,401 - West Lovettsville,1476,1730,17,20,4,4,19,3270
Precinct,402 - Waterford,1171,1260,7,11,2,2,14,2467
Precinct,403 - Lucketts,1079,997,27,11,2,3,13,2132
Precinct,409 - Clarkes Gap,1297,1410,12,17,6,5,26,2773
Precinct,411 - East Lovettsville,899,1083,10,15,3,7,28,2045
Precinct,413 - Tuscarora,654,643,17,3,3,2,7,1329
Precinct,416 - Hamilton,1119,1080,16,11,5,2,18,2251
Precinct,421 - Between The Hills,132,183,0,3,0,0,1,319
Precinct,423 - Simpson,225,386,8,2,2,0,2,625
Precinct,424 - Purcellville,1516,1380,14,9,1,5,24,2949
Precinct,425 - Round Hill,1158,1318,12,21,3,8,22,2542
Precinct,426 - Hillsboro,993,1234,7,11,2,3,11,2261
Precinct,427 - Philomont,914,1088,10,10,1,6,17,2046
Precinct,428 - Mountain View,1619,1509,25,15,7,16,23,3214
Precinct,429 - Round Hill Elementary,1358,1596,14,20,2,4,21,3015
Precinct,430 - Harmony,539,604,4,8,3,2,5,1165
Precinct,501 - West Leesburg,1463,811,18,13,5,2,20,2332
Precinct,502 - East Leesburg,1501,826,35,13,5,8,16,2404
Precinct,503 - Dry Mill,877,519,9,7,3,0,11,1426
Precinct,504 - Smarts Mill,1628,976,9,20,3,3,26,2665
Precinct,505 - Cool Spring,1496,1055,27,8,4,6,30,2626
Precinct,506 - Douglass,890,521,16,10,2,5,9,1453
Precinct,507 - Greenway,729,518,8,5,0,2,10,1272
Precinct,508 - Balls Bluff,1415,995,56,22,3,2,13,2506
Precinct,509 - Tolbert,1924,1235,66,15,9,10,21,3280
Precinct,510 - Heritage,890,660,6,7,3,1,6,1573
Precinct,511 - Evergreen,1688,1357,69,12,7,5,13,3151
Precinct,512 - River Creek,1071,975,22,9,1,3,28,2109
Precinct,513 - Red Rock,848,573,32,7,0,7,4,1471
Precinct,615 - Hillside,1989,1196,40,25,3,7,24,3284
Precinct,616 - Eagle Ridge,1786,1124,74,22,13,1,22,3042
Precinct,620 - Russell Branch,1252,703,42,18,4,2,18,2039
Precinct,621 - Dominion Trail,1773,1147,63,8,9,7,9,3016
Precinct,622 - Farmwell Station,1625,968,76,8,4,8,18,2707
Precinct,623 - Weller,1937,1120,82,14,7,5,24,3189
Precinct,625 - Mill Run,1438,849,49,8,4,9,22,2379
Precinct,626 - Ashby Ponds,1237,519,3,10,3,2,13,1787
Precinct,627 - Ashbrook,909,460,28,14,5,4,14,1434
Precinct,628 - Moorefield Station,1174,579,46,3,7,3,11,1823
Precinct,629 - Discovery,664,421,19,3,8,3,6,1124
Precinct,630 - Croson,1451,934,77,11,10,3,17,2503
Precinct,631 - Marblehead,1009,648,26,8,8,3,10,1712
Precinct,701 - Sully,1072,808,37,14,7,9,9,1956
Precinct,702 - Park View,1431,925,67,8,6,3,18,2458
Precinct,703 - Rolling Ridge,1228,686,123,15,18,4,10,2084
Precinct,705 - Forest Grove,1244,893,35,16,8,3,9,2208
Precinct,707 - Claude Moore Park,527,301,33,4,2,2,2,871
Precinct,710 - Sterling,849,623,20,3,3,3,5,1506
Precinct,711 - Guilford,872,468,41,3,6,4,4,1398
Precinct,712 - Stone Hill,1111,649,68,4,4,4,9,1849
Precinct,713 - Carter,458,268,37,1,2,1,3,770
Precinct,714 - Rock Ridge,1496,953,96,7,8,4,14,2578
Precinct,715 - Oak Grove,549,353,61,3,7,5,6,984
Precinct,716 - Ridgetop,808,392,35,6,4,2,3,1250
Precinct,808 - Stone Bridge,1829,1126,47,18,6,10,26,3062
Precinct,810 - Cedar Lane,1483,878,39,8,1,8,16,2433
Precinct,813 - Seldens Landing,1176,719,36,14,4,4,11,1964
Precinct,814 - Newton - Lee,1550,1237,51,8,6,2,21,2875
Precinct,815 - Belmont Ridge,1878,1153,54,9,3,7,22,3126
Precinct,817 - Sanders Corner,1331,867,37,8,3,5,20,2271
Precinct,818 - East Broad Run,1076,616,46,9,8,0,7,1762
Precinct,819 - West Broad Run,995,747,38,8,2,10,17,1817
Precinct,820 - Belmont Station,1255,835,76,14,5,1,8,2194
Precinct,822 - Riverside,1164,769,40,6,6,4,12,2001
Precinct,823 - Harper Park,1150,772,58,12,1,5,10,2008
Precinct,824 - Goose Creek,517,374,21,7,3,3,5,930
Precinct,825 - Waxpool,1300,843,101,13,7,6,16,2286
Precinct,LOUDOUN COUNTY PROVISIONALS,2378,2286,200,27,20,6,26,4943
Locality,Louisa County,8779,15084,46,88,27,43,77,24144
Precinct,101 - Green Springs #1,1411,1472,4,18,3,4,17,2929
Precinct,102 - Green Springs #2,450,668,2,11,0,3,3,1137
Precinct,201 - Louisa #1,627,851,5,4,2,2,4,1495
Precinct,202 - Louisa #2,469,859,3,3,1,3,2,1340
Precinct,203 - Louisa #3,83,155,1,0,1,1,0,241
Precinct,301 - Patrick Henry #1,1008,809,4,13,5,3,8,1850
Precinct,302 - Patrick Henry #2,504,795,2,6,0,7,3,1317
Precinct,401 - Mineral,1089,2417,2,5,7,4,8,3532
Precinct,501 - Cuckoo #1,344,525,1,2,0,0,3,875
Precinct,502 - Cuckoo #2,286,660,2,0,1,1,5,955
Precinct,503 - Cuckoo #3,559,1186,2,2,4,2,7,1762
Precinct,601 - Jackson,738,2244,5,8,2,5,7,3009
Precinct,701 - Mountain Road #1,436,1113,3,8,1,1,4,1566
Precinct,702 - Mountain Road #2,644,1035,8,6,0,7,5,1705
Precinct,LOUISA COUNTY PROVISIONALS,131,295,2,2,0,0,1,431
Locality,Lunenburg County,2253,3594,6,14,7,5,6,5885
Precinct,101 - Plymouth,191,489,3,0,1,1,1,686
Precinct,201 - Browns Store,333,421,1,2,0,0,1,758
Precinct,301 - Rosebud,99,268,0,1,1,0,0,369
Precinct,302 - Flat Rock,164,337,0,1,0,1,0,503
Precinct,401 - Arrowhead Gun Club,69,221,0,0,0,0,1,291
Precinct,402 - Pleasant Grove,184,385,0,5,0,0,0,574
Precinct,501 - Reedy Creek,209,250,0,0,0,3,0,462
Precinct,502 - Peoples Community Center,313,188,0,0,2,0,0,503
Precinct,601 - Hounds Creek,354,458,0,1,2,0,1,816
Precinct,701 - Meherrin Fire Department,152,252,2,3,1,0,1,411
Precinct,702 - Victoria Public Library,148,276,0,0,0,0,1,425
Precinct,LUNENBURG COUNTY PROVISIONALS,37,49,0,1,0,0,0,87
Locality,Lynchburg City,16664,19574,118,208,84,67,308,37023
Precinct,101 - First Ward First Precinct,1450,1548,3,17,9,6,10,3043
Precinct,102 - First Ward Second Precinct,1394,1627,13,25,5,1,34,3099
Precinct,103 - First Ward Third Precinct,1055,1039,9,9,5,1,24,2142
Precinct,104 - First Ward Fourth Precinct,554,374,4,5,3,3,7,950
Precinct,105 - First Ward Fifth Precinct,798,514,4,8,2,2,15,1343
Precinct,201 - Second Ward First Precinct,1916,780,13,14,10,10,9,2752
Precinct,202 - Second Ward Second Precinct,1607,663,11,14,6,4,23,2328
Precinct,203 - Second Ward Third Precinct,439,200,0,1,4,3,0,647
Precinct,204 - Second Ward Fourth Precinct,330,366,2,2,1,1,2,704
Precinct,301 - Third Ward First Precinct,412,454,4,6,1,0,14,891
Precinct,302 - Third Ward Second Precinct,43,1479,1,1,1,1,6,1532
Precinct,303 - Third Ward Third Precinct,492,651,6,10,2,1,9,1171
Precinct,304 - Third Ward Fourth Precinct,501,781,1,6,3,3,4,1299
Precinct,305 - Third Ward Fifth Precinct,922,1814,9,17,10,4,21,2797
Precinct,401 - Fourth Ward First Precinct,1351,2352,9,17,5,11,35,3780
Precinct,402 - Fourth Ward Second Precinct,550,683,4,5,3,2,16,1263
Precinct,403 - Fourth Ward Third Precinct,1081,1200,3,23,6,7,35,2355
Precinct,404 - Fourth Ward Fourth Precinct,1304,1291,10,12,5,3,27,2652
Precinct,Provisional,465,1758,12,16,3,4,17,2275
Locality,Madison County,2700,5671,15,37,10,6,41,8480
Precinct,001 - Oak Park,360,595,2,6,0,0,5,968
Precinct,002 - Radiant,496,916,3,7,2,2,14,1440
Precinct,003 - Rochelle,197,493,6,6,1,1,0,704
Precinct,004 - GRAVES MILL,24,46,0,1,0,0,0,71
Precinct,005 - Madison,538,983,0,2,5,1,7,1536
Precinct,006 - WOLFTOWN,279,552,2,4,1,0,3,841
Precinct,007 - Brightwood,385,1226,1,5,1,1,9,1628
Precinct,008 - Criglersville,244,465,0,3,0,1,3,716
Precinct,009 - Etlan,147,306,1,2,0,0,0,456
Precinct,MADISON COUNTY PROVISIONALS,30,89,0,1,0,0,0,120
Locality,Manassas City,9048,6670,164,68,26,45,79,16100
Precinct,001 - Dean,1585,940,24,8,5,4,13,2579
Precinct,002 - Weems,1476,1168,37,8,5,10,13,2717
Precinct,003 - Metz,1597,1251,28,21,3,8,16,2924
Precinct,004 - Haydon,1468,1061,18,12,5,6,11,2581
Precinct,005 - Baldwin,1443,1020,18,9,6,7,8,2511
Precinct,006 - Round,1245,1039,28,9,2,7,18,2348
Precinct,MANASSAS CITY PROVISIONALS,234,191,11,1,0,3,0,440
Locality,Manassas Park City,3506,2314,80,29,14,24,30,5997
Precinct,001 - Precinct 1,1398,691,35,9,5,8,12,2158
Precinct,002 - Precinct 2,826,770,10,10,3,8,4,1631
Precinct,003 - Precinct 3,1117,735,28,9,6,6,14,1915
Precinct,MANASSAS PARK CITY PROVISIONALS,165,118,7,1,0,2,0,293
Locality,Martinsville City,3435,2155,14,22,20,12,15,5673
Precinct,001 - Precinct #1,502,36,2,1,5,1,0,547
Precinct,002 - Precinct #2,705,451,4,8,4,2,4,1178
Precinct,003 - Precinct #3,416,259,0,2,4,2,2,685
Precinct,004 - Precinct #4,803,419,3,4,2,1,1,1233
Precinct,005 - Precinct #5,704,938,4,6,4,3,8,1667
Precinct,006 - Precinct #6,251,15,1,1,0,2,0,270
Precinct,MARTINSVILLE CITY PROVISIONALS,54,37,0,0,1,1,0,93
Locality,Mathews County,1774,4106,13,25,3,8,16,5945
Precinct,001 - Chesapeake,380,920,2,2,2,4,1,1311
Precinct,002 - Westville,658,1393,4,8,0,2,6,2071
Precinct,003 - Piankatank,722,1750,7,14,1,2,9,2505
Precinct,MATHEWS COUNTY PROVISIONALS,14,43,0,1,0,0,0,58
Locality,Mecklenburg County,6404,9791,15,31,10,15,38,16304
Precinct,101 - Palmer Springs,351,263,0,3,0,0,1,618
Precinct,102 - Antioch Church,56,183,0,1,0,0,0,240
Precinct,103 - Clarksville South,502,400,0,1,0,1,2,906
Precinct,201 - Chase City,649,492,1,2,0,2,0,1146
Precinct,202 - Bluestone,127,137,1,0,0,0,1,266
Precinct,301 - Bracey,282,891,0,4,1,0,1,1179
Precinct,302 - Lacrosse,300,394,0,1,1,0,2,698
Precinct,401 - South Hill West,869,648,2,2,3,3,5,1532
Precinct,501 - South Hill East,595,919,5,1,2,1,4,1527
Precinct,601 - Baskerville,151,302,0,0,1,0,1,455
Precinct,602 - Union Level,72,275,0,0,0,0,0,347
Precinct,603 - Smith Crossroads,174,306,0,0,0,0,3,483
Precinct,604 - Lake Gaston,225,535,0,3,0,0,0,763
Precinct,701 - Midway,144,262,0,1,0,2,1,410
Precinct,702 - Williams Grove,259,473,0,2,0,0,2,736
Precinct,703 - Chase City East,247,336,0,1,0,1,1,586
Precinct,801 - Boydton,192,277,0,1,0,1,2,473
Precinct,802 - Clarksville Vfw,346,631,1,0,0,1,1,980
Precinct,803 - Chase City West,135,461,0,0,1,2,1,600
Precinct,901 - Nelson,42,243,0,1,0,0,1,287
Precinct,902 - Buffalo Junction,126,382,1,2,0,1,1,513
Precinct,903 - Clarksville North,452,847,4,5,1,0,8,1317
Precinct,MECKLENBURG COUNTY PROVISIONALS,108,134,0,0,0,0,0,242
Locality,Middlesex County,2473,4357,14,24,10,4,25,6907
Precinct,101 - Saluda,209,289,1,3,1,1,2,506
Precinct,102 - Urbanna,318,480,2,4,0,0,1,805
Precinct,201 - New Market,424,1082,3,4,0,0,3,1516
Precinct,302 - Church View,516,702,0,2,2,1,4,1227
Precinct,401- Harmony Village,494,756,5,7,3,1,7,1273
Precinct,501 - Wilton,469,986,3,3,4,1,8,1474
Precinct,MIDDLESEX COUNTY PROVISIONALS,43,62,0,1,0,0,0,106
Locality,Montgomery County,23811,22179,342,267,84,84,286,47053
Precinct,101 - Precinct A-1,1118,732,5,12,5,2,9,1883
Precinct,102 - Precinct A-2,1235,361,13,11,4,6,21,1651
Precinct,103 - Precinct A-3,49,17,3,1,0,0,0,70
Precinct,104 - Precinct A-4,1320,419,23,7,6,3,12,1790
Precinct,105 - Precinct A-5,855,614,11,15,1,7,11,1514
Precinct,201 - Precinct B-1,217,396,5,4,1,0,2,625
Precinct,202 - Precinct B-2,1073,992,8,21,1,1,11,2107
Precinct,203 - Precinct B-3,277,558,1,3,4,2,2,847
Precinct,204 - Precinct B-4,1305,1120,15,16,7,2,19,2484
Precinct,205 - Precinct B-5,769,887,5,8,3,2,9,1683
Precinct,301 - Precinct C-1,586,1709,6,10,0,2,8,2321
Precinct,302 - Precinct C-2,385,661,6,6,1,2,2,1063
Precinct,303 - Precinct C-3,254,698,3,3,0,0,2,960
Precinct,304 - Precinct C-4,823,944,12,13,1,6,7,1806
Precinct,305 - Precinct C-5,561,730,6,7,2,2,13,1321
Precinct,401 - Precinct D-1,560,1735,3,5,1,1,6,2311
Precinct,402 - Precinct D-2,728,1886,11,10,4,1,12,2652
Precinct,403 - Precinct D-3,988,1368,14,16,6,2,16,2410
Precinct,404 - Precinct D-4,253,834,3,2,0,2,6,1100
Precinct,501 - Precinct E-1,1033,799,8,12,4,2,8,1866
Precinct,502 - Precinct E-2,577,867,4,5,1,5,13,1472
Precinct,503 - Precinct E-3,406,90,1,1,2,1,5,506
Precinct,504 - Precinct E-4,283,117,3,1,3,1,5,413
Precinct,601 - Precinct F-1,1377,513,13,15,5,4,12,1939
Precinct,602 - Precinct F-2,1346,419,31,15,4,6,15,1836
Precinct,603 - Precinct F-3,139,74,6,1,0,1,0,221
Precinct,701 - Precinct G-1,937,323,19,8,4,5,7,1303
Precinct,702 - Precinct G-2,978,357,10,8,2,4,12,1371
Precinct,703 - Precinct G-3,1055,383,17,9,6,1,18,1489
Precinct,MONTGOMERY COUNTY PROVISIONALS,2324,1576,77,22,6,11,23,4039
Locality,Nelson County,4298,5004,28,30,14,14,42,9430
Precinct,101 - Rockfish,867,871,4,7,5,7,9,1770
Precinct,201 - Lovingston,424,606,4,1,5,1,7,1048
Precinct,202 - Schuyler,265,433,2,1,2,1,3,707
Precinct,301 - Shipman,589,812,3,6,0,2,1,1413
Precinct,302 - Gladstone,74,167,0,0,0,0,1,242
Precinct,401 - Roseland,561,940,3,6,0,0,4,1514
Precinct,402 - Montebello,50,85,0,0,1,0,0,136
Precinct,501 - Faber,355,312,5,1,0,0,3,676
Precinct,502 - Nellysford,1070,682,7,6,1,2,14,1782
Precinct,NELSON COUNTY PROVISIONALS,43,96,0,2,0,1,0,142
Locality,New Kent County,5641,10974,30,71,12,16,63,16807
Precinct,102 - Tunstall,241,1003,1,3,0,0,2,1250
Precinct,103 - Southern Branch,440,1262,3,10,1,2,7,1725
Precinct,201 - Quinton,810,1185,2,6,3,1,9,2016
Precinct,202 - Kentwood,291,830,5,6,3,0,4,1139
Precinct,301 - Watkins,1156,1418,4,12,3,3,9,2605
Precinct,302 - Cumberland,481,900,1,9,1,1,7,1400
Precinct,401 - Providence Forge,1100,1465,4,7,1,2,18,2597
Precinct,403 - Mountcastle,290,562,3,4,0,2,3,864
Precinct,501 - Eltham,368,884,4,6,0,3,3,1268
Precinct,502 - Chickahominy River,384,1301,3,7,0,1,1,1697
Precinct,NEW KENT COUNTY PROVISIONALS,80,164,0,1,0,1,0,246
Locality,Newport News City,48169,26385,340,299,238,198,280,75909
Precinct,101 - Denbigh,1826,720,12,5,17,5,8,2593
Precinct,102 - Stoney Run,1995,569,6,3,8,7,5,2593
Precinct,104 - Mcintosh,1247,461,5,8,1,8,6,1736
Precinct,106 - Reservoir,1231,403,10,5,3,2,5,1659
Precinct,107 - Richneck,2066,1016,17,14,11,7,9,3140
Precinct,108 - Katherine Johnson,548,264,3,2,6,6,2,831
Precinct,109 - Windsor,898,485,8,6,6,8,5,1416
Precinct,110 - Greenwood,1739,708,11,8,14,10,2,2492
Precinct,111 - Stoneybrook,1754,842,10,9,11,9,12,2647
Precinct,112 - Knollwood Meadows,1665,1342,12,17,9,6,8,3059
Precinct,113 - Sanford,493,535,6,8,1,3,7,1053
Precinct,201 - Bland,359,148,6,1,4,3,0,521
Precinct,202 - Boulevard,873,854,7,7,4,3,4,1752
Precinct,203 - Charles,1568,1496,17,13,4,5,7,3110
Precinct,204 - Mariners' Museum,778,461,2,9,8,3,8,1269
Precinct,205 - Deep Creek,1078,1309,7,15,4,5,7,2425
Precinct,208 - Hidenwood,684,753,9,7,0,0,12,1465
Precinct,211 - Palmer,1496,749,14,14,5,3,12,2293
Precinct,212 - Riverside,572,598,7,5,5,1,10,1198
Precinct,216 - Yates,1269,891,12,9,5,8,16,2210
Precinct,217 - Riverview,986,1009,3,15,3,4,18,2038
Precinct,218 - Kiln Creek,2150,1259,14,12,4,16,20,3475
Precinct,219 - Deer Park,1999,758,11,9,6,3,7,2793
Precinct,220 -Jenkins,1471,909,14,6,5,6,7,2418
Precinct,302 - Briarfield,988,328,3,10,7,3,3,1342
Precinct,303 - Carver,679,255,7,3,4,5,3,956
Precinct,304 - Chestnut,550,62,4,0,2,0,5,623
Precinct,305 - Downtown,334,103,1,2,2,3,2,447
Precinct,308 - Jefferson,471,44,4,1,3,1,1,525
Precinct,309 - Magruder,576,67,0,2,4,1,2,652
Precinct,310 - Marshall,702,62,3,2,3,3,2,777
Precinct,311 - Newmarket,1413,496,12,7,6,1,4,1939
Precinct,312 - Newsome Park,401,26,1,0,3,1,2,434
Precinct,313 - Reed,1151,82,4,2,9,5,0,1253
Precinct,314 - River,663,304,2,5,3,2,2,981
Precinct,315 - Sedgefield,783,658,8,8,5,6,9,1477
Precinct,316 - South Morrison,1075,602,8,4,2,5,7,1703
Precinct,317 - Washington,582,44,0,0,4,2,1,633
Precinct,318 - Wilson,609,83,5,1,3,3,1,705
Precinct,319 - Saunders,1484,1041,10,9,9,8,9,2570
Precinct,320 - Watkins,1716,1555,11,12,11,7,12,3324
Precinct,321 - Hilton,1091,759,10,10,3,3,11,1887
Precinct,322 - Warwick,703,421,4,3,3,2,2,1138
Precinct,NEWPORT NEWS CITY PROVISIONALS,1453,854,20,11,8,6,5,2357
Locality,Norfolk City,59941,24377,421,410,258,236,366,86009
Precinct,101 - Granby,1688,700,18,19,12,7,14,2458
Precinct,102 - Ocean View School,578,480,8,8,6,1,6,1087
Precinct,103 - Northside,903,698,7,11,3,7,6,1635
Precinct,104 - Titustown,720,198,7,0,8,7,2,942
Precinct,106 - 2nd Presbyterian,1424,752,12,16,3,7,15,2229
Precinct,107 - Wesley,913,533,3,5,4,5,6,1469
Precinct,201 - Larchmont School,1313,540,16,18,7,4,29,1927
Precinct,203 - Ghent Square,865,248,6,6,0,1,9,1135
Precinct,207 - Lambert's Point,1396,290,9,5,10,8,4,1722
Precinct,208 - Larchmont Library,977,487,4,7,2,6,16,1499
Precinct,210 - Maury,1425,423,10,17,1,2,11,1889
Precinct,211 - Chrysler Museum,2108,731,29,12,4,14,17,2915
Precinct,212 - Park Place,1034,140,5,3,10,6,9,1207
Precinct,213 - Taylor Elementary School,1787,420,18,15,6,7,12,2265
Precinct,214 - Virginia Zoo,1741,430,12,16,4,7,8,2218
Precinct,215 - Suburban Park,986,551,10,11,5,7,9,1579
Precinct,218 - Willard,1800,963,12,21,3,5,18,2822
Precinct,301 - Ballentine,1311,245,4,6,5,3,7,1581
Precinct,302 - Tanners Creek,808,235,2,4,2,5,2,1058
Precinct,303 - Broad Creek,1652,157,7,2,8,5,4,1835
Precinct,304 - Coleman Place School,737,166,4,3,3,2,4,919
Precinct,305 - Lafayette-winona,1059,280,8,4,6,3,5,1365
Precinct,306 - Lindenwood,920,129,3,1,4,6,7,1070
Precinct,309 - Norview,2046,652,10,7,14,8,5,2742
Precinct,310 - Rosemont,1984,205,11,6,5,5,2,2218
Precinct,311 - Sherwood,1800,865,14,12,5,7,6,2709
Precinct,313 - Union Chapel,694,60,2,0,2,3,2,763
Precinct,402 - Berkley,1118,76,7,2,8,2,2,1215
Precinct,404 - Campostella,1225,107,4,0,5,1,3,1345
Precinct,405 - Chesterfield,1226,99,6,0,7,3,3,1344
Precinct,406 - Barron Black,755,515,4,5,4,1,1,1285
Precinct,408 - Calvary Revival Church,1106,755,13,5,3,5,7,1894
Precinct,409 - Fairlawn,852,506,5,5,7,1,3,1379
Precinct,411 - Ruffner Academy,605,51,2,0,0,1,2,661
Precinct,412 - Ingleside,1212,225,6,4,5,1,2,1455
Precinct,413 - Poplar Halls,1745,403,11,5,11,2,12,2189
Precinct,414 - Young Park,1135,98,5,1,7,1,2,1249
Precinct,415 - Lake Taylor High School,973,526,4,9,5,3,2,1522
Precinct,501 - Bayview,1151,929,11,22,3,6,11,2133
Precinct,503 - East Ocean View,1504,1177,10,16,6,6,19,2738
Precinct,504 - Larrymore,1021,606,12,6,2,8,6,1661
Precinct,505 - Little Creek,703,634,0,8,3,4,6,1358
Precinct,506 - Ocean View Golf Course,1468,809,12,12,10,5,6,2322
Precinct,507 - Pretlow,1054,727,11,12,4,6,8,1822
Precinct,509 - Tarrallton,860,1043,3,7,5,9,8,1935
Precinct,510 - 3rd Presbyterian,976,1046,12,26,6,4,3,2073
Precinct,511 - Crossroads,1045,824,5,6,1,10,4,1895
Precinct,512 - Azalea Gardens,685,495,6,4,1,2,6,1199
Precinct,Provisional,2853,1148,21,20,13,7,15,4077
Locality,Northampton County,3603,3183,7,20,7,12,24,6856
Precinct,101 - Precinct 1-1,850,883,1,7,1,3,13,1758
Precinct,201 - Precinct 2-1,748,508,2,3,1,1,1,1264
Precinct,301 - Precinct 3-1,719,424,1,3,2,2,1,1152
Precinct,401 - Precinct 4-1,726,708,1,5,2,4,3,1449
Precinct,501 - Precinct 5-1,519,612,2,2,1,2,6,1144
Precinct,NORTHAMPTON COUNTY PROVISIONALS,41,48,0,0,0,0,0,89
Locality,Northumberland County,3202,4938,21,24,7,13,27,8232
Precinct,101 - 1a,527,903,5,5,2,3,3,1448
Precinct,201 - 2a,529,996,5,7,0,0,5,1542
Precinct,301 - 3a,789,480,2,4,2,1,2,1280
Precinct,401 - 4a,644,1239,3,2,2,4,12,1906
Precinct,501 - 5a,682,1265,6,6,1,4,5,1969
Precinct,NORTHUMBERLAND COUNTY PROVISIONALS,31,55,0,0,0,1,0,87
Locality,Norton City,458,1174,4,4,0,3,1,1644
Precinct,001 - East Ward,450,1145,4,4,0,3,1,1607
Precinct,NORTON CITY PROVISIONALS,8,29,0,0,0,0,0,37
Locality,Nottoway County,2636,4168,13,15,10,11,16,6869
Precinct,101 - Precinct 1-1,390,778,3,7,3,2,2,1185
Precinct,201 - Precinct 2-1,369,1105,0,2,0,1,4,1481
Precinct,301 - Precinct 3-1,531,514,3,2,0,3,3,1056
Precinct,302 - Precinct 3-2,132,198,1,0,0,0,1,332
Precinct,401 - Precinct 4-1,510,194,1,0,2,1,0,708
Precinct,402 - Precinct 4-2,164,400,1,0,1,2,0,568
Precinct,501 - Precinct 5-1,491,909,4,4,4,2,6,1420
Precinct,NOTTOWAY COUNTY PROVISIONALS,49,70,0,0,0,0,0,119
Locality,Orange County,8274,13764,55,100,22,32,106,22353
Precinct,101 - 1 WEST,799,1231,2,9,2,2,17,2062
Precinct,102 - 1 EAST,481,991,3,11,2,2,6,1496
Precinct,103 - 1 TOWN,390,362,2,3,1,1,4,763
Precinct,201 - 2 WEST,542,1373,3,5,1,4,5,1933
Precinct,202 - 2 EAST,509,1860,7,9,0,4,11,2400
Precinct,301 - 3 WEST,182,303,1,1,0,0,4,491
Precinct,302 - 3 EAST,330,863,2,5,0,0,2,1202
Precinct,303 - 3 TOWN,1036,1108,6,13,2,2,7,2174
Precinct,401 - 4 WEST,654,1632,3,12,1,5,12,2319
Precinct,402 - 4 EAST,925,1120,12,11,4,5,3,2080
Precinct,501 - 5 SOUTH,1066,1204,4,9,4,0,15,2302
Precinct,502 - 5 NORTH,1242,1460,10,12,4,6,20,2754
Precinct,ORANGE COUNTY PROVISIONALS,118,257,0,0,1,1,0,377
Locality,Page County,2976,10123,40,45,10,17,40,13251
Precinct,101 - West Luray,824,1763,15,12,2,10,10,2636
Precinct,201 - East Luray,763,1878,7,10,3,4,6,2671
Precinct,301 - Marksville,509,2386,5,7,3,1,8,2919
Precinct,401 - Newport,419,1851,5,10,0,0,6,2291
Precinct,501 - Shenandoah,422,2072,8,6,2,1,10,2521
Precinct,PAGE COUNTY PROVISIONALS,39,173,0,0,0,1,0,213
Locality,Patrick County,1886,7746,21,26,10,9,21,9719
Precinct,101 - Ararat,137,489,2,3,0,1,2,634
Precinct,102 - Claudville,96,479,1,1,0,1,1,579
Precinct,103 - Willis Gap,89,566,0,0,1,0,1,657
Precinct,201 - Dry Pond,86,384,0,1,0,0,0,471
Precinct,202 - Patrick Springs,172,607,1,2,0,1,1,784
Precinct,203 - Russell Creek,160,606,2,3,0,0,3,774
Precinct,301 - Critz/stella,269,973,3,0,1,4,1,1251
Precinct,302 - Liberty,89,613,1,2,0,0,0,705
Precinct,401 - Meadows Of Dan,208,598,2,3,1,0,3,815
Precinct,402 - Stuart Fairgrounds,127,403,2,0,0,1,1,534
Precinct,403 - Stuart Community,94,343,1,2,4,0,1,445
Precinct,502 - Elamsville,160,767,3,5,1,1,5,942
Precinct,503 - Woolwine,175,795,2,3,2,0,2,979
Precinct,PATRICK COUNTY PROVISIONALS,24,123,1,1,0,0,0,149
Locality,Petersburg City,11219,1702,44,25,67,20,42,13119
Precinct,101 - 1st WARD 1st,1275,199,6,4,11,3,4,1502
Precinct,201 - 2nd WARD 1st,1804,212,6,0,8,2,3,2035
Precinct,301 - 3rd WARD 1st,1877,442,11,6,11,6,7,2360
Precinct,401 - 4th WARD 1st,1408,309,5,5,11,1,7,1746
Precinct,501 - 5th WARD 1st,1317,166,8,3,7,3,8,1512
Precinct,601 - 6th WARD 1st,1509,114,1,2,6,0,0,1632
Precinct,701 - 7th WARD 1st,1677,197,5,4,12,3,10,1908
Precinct,PETERSBURG CITY PROVISIONALS,352,63,2,1,1,2,3,424
Locality,Pittsylvania County,9599,24310,57,76,24,34,56,34156
Precinct,103 - Twin Springs,549,2144,7,11,1,4,1,2717
Precinct,105 - Chatham,209,568,5,3,1,1,2,789
Precinct,106 - Tunstall,266,953,2,1,0,0,1,1223
Precinct,108 - West Blairs,228,490,1,1,1,0,0,721
Precinct,201 - Callands,212,823,0,0,0,1,2,1038
Precinct,202- Bearskin,209,383,0,1,0,1,0,594
Precinct,204 - Sandy Level,155,553,3,0,0,0,2,713
Precinct,206 - Climax,161,570,0,3,0,1,2,737
Precinct,207 - Gretna,374,1173,2,7,1,2,6,1565
Precinct,301 - Central,553,498,4,5,1,1,3,1065
Precinct,305 - Riceville,380,398,0,0,0,0,2,780
Precinct,307 - East Blairs,784,439,4,1,2,5,2,1237
Precinct,308 - Mt Airy,333,331,2,4,1,2,0,673
Precinct,309 - East Gretna,217,320,1,2,1,0,0,541
Precinct,402 - Keeling,201,845,2,0,3,0,0,1051
Precinct,404 - Kentuck,438,1468,2,10,3,1,5,1927
Precinct,405 - Ringgold,503,1562,2,5,1,0,5,2078
Precinct,501 - Hurt,522,1203,6,5,0,1,5,1742
Precinct,502 - Motley Sycamore,549,1553,1,2,3,2,4,2114
Precinct,503 - Renan,149,611,2,2,0,0,0,764
Precinct,603 - Stony Mill,324,1032,2,3,1,4,0,1366
Precinct,604 - Swansonville,193,578,0,0,0,2,0,773
Precinct,605 - Whitmell,264,800,0,0,1,0,4,1069
Precinct,606 - Brosville,431,637,1,1,1,1,0,1072
Precinct,607 - Dry Fork,101,362,1,0,0,0,1,465
Precinct,702 - Bachelors Hall,235,1147,0,3,0,1,6,1392
Precinct,703 - Ferry Road,84,212,1,0,1,0,0,298
Precinct,704 - Mt Hermon,604,1478,5,5,1,2,3,2098
Precinct,705 - Mt Cross,228,842,1,1,0,2,0,1074
Precinct,PITTSYLVANIA COUNTY PROVISIONALS,143,337,0,0,0,0,0,480
Locality,Poquoson City,2119,5800,21,58,11,15,41,8065
Precinct,001 - Central,698,1869,3,13,3,5,8,2599
Precinct,002 - Eastern,626,1934,8,17,5,6,13,2609
Precinct,003 - Western,762,1880,8,26,3,4,20,2703
Precinct,POQUOSON CITY PROVISIONALS,33,117,2,2,0,0,0,154
Locality,Portsmouth City,28306,12370,149,144,175,108,101,41353
Precinct,001 - Emanuel A. M. E. Church,1147,371,3,7,7,2,6,1543
Precinct,005 - Charles A. Fisher Memorial Academy,711,52,1,1,2,3,0,770
Precinct,007- Park View Elementary School,765,202,4,7,3,0,6,987
Precinct,009 - 3rd Baptist Church,1061,233,6,4,5,2,3,1314
Precinct,010 - Mount Hermon Preschool Center,457,230,4,3,3,3,2,702
Precinct,011 - Joseph E. Parker Recreation Center,837,51,4,1,5,2,1,901
Precinct,013 - St. Mark Missionary Baptist Church,493,30,3,2,4,1,2,535
Precinct,014 - Brighton Elementary School,998,82,4,3,10,4,3,1104
Precinct,016 - Cradock Middle School,769,304,6,1,6,4,2,1092
Precinct,017 - Victory Life Fellowship,954,420,6,3,9,4,0,1396
Precinct,019 - Victory Elementary School,387,293,3,3,3,5,2,696
Precinct,020 - Noble Street Baptist Church,972,275,6,4,11,5,1,1274
Precinct,021 - Hendricks/Kendall Recreation Center,619,49,2,2,1,1,0,674
Precinct,022 - St. Mark Deliverance Center,667,509,2,4,7,6,4,1199
Precinct,023 - Westhaven Baptist Church,508,679,5,5,5,3,5,1210
Precinct,024 - The Senior Station,655,311,3,2,4,5,2,982
Precinct,025 - Waterview Elementary School,827,512,3,6,8,1,3,1360
Precinct,026 - William E. Waters Middle School,1128,84,4,2,8,2,1,1229
Precinct,027 - Cavalier Manor Recreation Center,1035,75,6,2,5,1,2,1126
Precinct,028 - Lakeview Elementary School,1656,78,1,2,17,4,4,1762
Precinct,029 - Manor High School,327,556,2,6,1,2,3,897
Precinct,030 - The Rescue Church,429,734,3,7,3,2,5,1183
Precinct,031 - West Park Church Of Christ,1098,616,9,7,4,6,7,1747
Precinct,032 - Hodges Manor Elementary School,520,566,4,4,3,4,6,1107
Precinct,033- Pinecrest Baptist Church,323,610,3,5,1,6,1,949
Precinct,034- Churchland Branch Library,696,618,5,12,4,0,9,1344
Precinct,035 - Churchland Elementary School,818,751,11,8,4,8,5,1605
Precinct,036 - Churchland High School,1664,1142,5,13,4,4,6,2838
Precinct,037 - Churchland Middle School,1447,640,8,7,7,6,2,2117
Precinct,038 - Grove Baptist Church,1685,336,6,2,8,8,2,2047
Precinct,039 - Churchland Primary And Intermediate School,1907,597,8,5,10,1,4,2532
Precinct,PORTSMOUTH CITY PROVISIONALS,746,364,9,4,3,3,2,1131
Locality,Powhatan County,5734,14918,43,111,9,26,73,20914
Precinct,101 - Subletts,592,1439,2,14,0,2,15,2064
Precinct,102 - Manakin,576,1088,5,7,2,1,10,1689
Precinct,103 - Flat Rock,202,591,3,2,0,1,0,799
Precinct,201 - Powhatan Station,354,1281,2,5,1,1,7,1651
Precinct,202 - Graceland,549,1633,6,10,0,2,7,2207
Precinct,301 - Bethesda,590,1670,3,14,1,3,7,2288
Precinct,302 - Lee's Landing,656,1411,5,12,2,6,6,2098
Precinct,401 - Powhatan Courthouse,765,2203,7,19,0,1,11,3006
Precinct,402 - Mt Zion,268,927,1,10,2,2,2,1212
Precinct,501 - Smith Cross Roads,606,1101,4,8,1,0,1,1721
Precinct,502 - Pineville,342,644,3,4,0,2,5,1000
Precinct,503 - Tobaccoville,170,769,0,5,0,4,2,950
Precinct,POWHATAN COUNTY PROVISIONALS,64,161,2,1,0,1,0,229
Locality,Prince Edward County,4539,4782,33,37,20,13,36,9460
Precinct,101 - Farmville,610,582,10,6,3,3,2,1216
Precinct,201 - Lockett,624,837,4,7,2,2,5,1481
Precinct,301 - Leigh,443,561,0,2,0,2,4,1012
Precinct,302 - Mt Pleasant,214,213,3,1,3,0,2,436
Precinct,401 - Hampden,450,530,5,3,0,1,6,995
Precinct,501 - Darlington Hts,252,462,2,2,1,2,3,724
Precinct,502 - Buffalo Hts,206,234,1,1,1,1,2,446
Precinct,601 - Prospect,717,669,3,9,8,0,3,1409
Precinct,701 - West End,546,409,1,5,0,0,6,967
Precinct,801 - Center,348,101,2,1,2,1,2,457
Precinct,PRINCE EDWARD COUNTY PROVISIONALS,129,184,2,0,0,1,1,317
Locality,Prince George County,6842,10590,49,45,32,38,37,17633
Precinct,101 - Richard Bland,393,658,2,3,2,1,5,1064
Precinct,102 - Templeton,675,2313,9,7,3,8,9,3024
Precinct,103 - Union Branch,683,1052,4,5,4,3,5,1756
Precinct,104 - Rives,597,582,5,2,2,5,1,1194
Precinct,105 - Harrison,143,608,3,3,0,1,2,760
Precinct,201 - Bland,1131,1792,5,5,9,6,4,2952
Precinct,202 - Blackwater,636,1244,6,6,2,4,5,1903
Precinct,203 - Brandon,197,520,3,3,1,0,1,725
Precinct,204 - Courts,1227,1008,7,3,5,5,4,2259
Precinct,205 - Jefferson Park,954,588,4,8,4,4,1,1563
Precinct,PRINCE GEORGE COUNTY PROVISIONALS,206,225,1,0,0,1,0,433
Locality,Prince William County,131128,90203,4148,911,674,527,1121,228712
Precinct,101 - Brentsville,742,1709,15,11,5,3,19,2504
Precinct,102 - Cedar Point,1140,970,18,18,1,5,10,2162
Precinct,103 - Glenkirk,1451,1304,77,11,7,10,18,2878
Precinct,104 - Nokesville,1310,1822,37,11,6,4,19,3209
Precinct,105 - Piney Branch,1219,1095,50,14,2,5,18,2403
Precinct,106 - Unity Reed,440,287,8,1,2,3,2,743
Precinct,107 - Marsteller,1626,1228,49,7,5,4,16,2935
Precinct,108 - Victory,1533,1127,35,12,3,2,15,2727
Precinct,109 - Chris Yung,1432,1108,75,11,8,5,16,2655
Precinct,110 - Buckland Mills,1448,1271,74,9,6,4,15,2827
Precinct,111 - Limestone,1636,1441,66,17,7,7,23,3197
Precinct,112 - Burke-nickens,1816,1581,64,13,12,3,14,3503
Precinct,113 - Lakes,1299,1049,47,12,4,5,13,2429
Precinct,114 - Bristow Run,1689,1399,52,20,13,7,18,3198
Precinct,201 - Hylton,1392,836,44,7,9,3,14,2305
Precinct,202 - West Gate,744,497,18,2,3,4,1,1269
Precinct,203 - Bennett,1720,1280,58,21,7,5,20,3111
Precinct,204 - Ellis,890,692,15,8,0,6,4,1615
Precinct,205 - Buckhall,941,914,37,12,7,4,10,1925
Precinct,206 - Coles,1292,1321,26,24,3,12,9,2687
Precinct,207 - Spriggs,1391,883,41,9,9,6,11,2350
Precinct,208 - Colgan,732,776,15,6,3,3,7,1542
Precinct,209 - Independent Hill,690,1187,19,12,2,2,14,1926
Precinct,210 - Yates Ford,1262,1358,43,14,8,2,12,2699
Precinct,211 - Signal Hill,861,576,22,7,3,3,5,1477
Precinct,212 - Yorkshire,924,892,31,3,5,3,4,1862
Precinct,213 - Parkside,863,763,45,4,3,2,12,1692
Precinct,214 - Lucasville,1123,1336,26,13,3,6,14,2521
Precinct,215 - Saunders,1404,670,81,10,5,9,5,2184
Precinct,301 - Dumfries,1264,568,23,8,5,10,9,1887
Precinct,302 - Potomac,1528,544,75,6,13,9,4,2179
Precinct,303 - Graham Park,929,410,17,4,7,4,4,1375
Precinct,304 - Quantico,186,227,2,3,1,1,6,426
Precinct,305 - Forest Park,1368,932,24,17,7,2,13,2363
Precinct,306 - 4 Seasons,1458,798,14,13,6,4,16,2309
Precinct,307 - Henderson,1198,819,21,7,8,8,16,2077
Precinct,308 - Montclair,809,556,14,6,2,4,9,1400
Precinct,309 - Ashland,1128,719,21,5,6,3,11,1893
Precinct,310 - Forest Park,1339,615,35,4,5,6,13,2017
Precinct,311 - Swans Creek,1459,581,46,3,9,8,9,2115
Precinct,312 - Triangle,1611,777,46,6,13,4,10,2467
Precinct,313 - Cardinal,1568,844,57,10,16,6,9,2510
Precinct,314 - Cabin Branch,1213,707,31,3,6,6,12,1978
Precinct,315 - Williams,1621,543,40,2,9,4,13,2232
Precinct,316 - Potomac Shores,1922,705,31,6,16,6,13,2699
Precinct,401 - Evergreen,1100,1491,20,18,1,3,14,2647
Precinct,402 - Gravely,1444,1888,37,13,4,5,25,3416
Precinct,403 - Bull Run,1344,1107,49,8,10,3,16,2537
Precinct,404 - Unity Braxton,765,522,27,6,6,6,3,1335
Precinct,405 - Ben Lomond,1111,678,16,5,11,5,5,1831
Precinct,406 - Alvey,1469,1353,25,18,4,3,26,2898
Precinct,407 - Heritage Hunt,1821,1558,10,10,5,3,19,3426
Precinct,408 - Sudley,729,723,20,2,0,7,2,1483
Precinct,409 - Tyler,2050,1614,62,10,16,4,18,3774
Precinct,410 - Mountain View,1604,1601,51,13,7,5,16,3297
Precinct,411 - Mullen,1375,684,28,5,5,10,3,2110
Precinct,412 - Catharpin,765,1179,11,12,2,2,8,1979
Precinct,413 - Reagan,1330,1396,35,25,4,5,15,2810
Precinct,414 - Seymour,951,529,33,6,3,7,7,1536
Precinct,501 - Springwoods,1684,949,48,10,17,7,20,2735
Precinct,502 - Occoquan,1366,761,49,15,7,1,12,2211
Precinct,503 - Mohican,907,478,20,5,3,3,6,1422
Precinct,504 - Rockledge,1115,610,25,14,3,1,8,1776
Precinct,505 - Lake Ridge,1615,940,47,18,7,3,20,2650
Precinct,506 - Old Bridge,1165,700,48,5,6,2,10,1936
Precinct,507 - Chinn,1699,778,70,13,9,6,9,2584
Precinct,508 - Purcell,1248,1182,36,16,2,5,17,2506
Precinct,509 - Mc Coart,1557,1222,31,16,10,6,20,2862
Precinct,510 - County Center,433,125,23,2,1,2,3,589
Precinct,511 - Westridge,1733,995,63,17,12,5,12,2837
Precinct,512 - York,1139,454,35,6,2,2,7,1645
Precinct,513 - Woodbridge,1607,1070,75,17,7,4,31,2811
Precinct,514 - Antietam,1585,897,39,8,7,8,21,2565
Precinct,515 - Marshall,1057,1013,16,16,3,3,11,2119
Precinct,516 - Kerrydale,585,341,24,8,3,2,5,968
Precinct,601 - Dale,1228,600,52,5,6,6,9,1906
Precinct,602 - Beville,1588,834,101,8,14,6,11,2562
Precinct,603 - Hampton,1346,639,36,6,13,1,7,2048
Precinct,604 - Gar-Field,1169,527,29,1,3,4,4,1737
Precinct,605 - Minnieville,818,522,24,5,6,4,3,1382
Precinct,606 - Bel Air,1139,799,37,3,5,8,2,1993
Precinct,607 - Hillendale,827,540,24,5,7,3,4,1410
Precinct,608 - Enterprise,1612,948,57,4,8,6,14,2649
Precinct,609 - King,947,565,103,5,9,7,10,1646
Precinct,610 - Fitzgerald,1493,678,44,5,18,6,4,2248
Precinct,611 - Neabsco,1484,750,38,7,7,11,9,2306
Precinct,612 - Elm Farm,826,491,38,5,6,1,7,1374
Precinct,613 - Hoadly,396,159,23,0,4,2,3,587
Precinct,614 - Rosa Parks,1394,721,59,6,9,13,7,2209
Precinct,615 - Commons,192,43,0,1,2,0,2,240
Precinct,616 - Markham,499,125,7,2,0,0,0,633
Precinct,701 - Belmont,1585,853,31,11,6,10,11,2507
Precinct,702 - Library,1726,594,32,7,11,9,4,2383
Precinct,703 - Lynn,972,377,30,1,6,4,2,1392
Precinct,704 - Porter,1393,556,65,4,5,4,6,2033
Precinct,705 - Potomac View,824,601,29,3,1,7,2,1467
Precinct,706 - Rippon,1536,858,45,10,6,7,6,2468
Precinct,707 - Kilby,1181,710,40,6,4,8,8,1957
Precinct,708 - River Oaks,1719,580,40,5,10,6,8,2368
Precinct,709 - Freedom,1342,465,56,6,9,3,6,1887
Precinct,710 - Powells Creek,1537,499,63,5,1,8,8,2121
Precinct,711 - Grayson,1324,692,27,0,9,8,8,2068
Precinct,712 - Leesylvania,1440,797,55,7,5,3,14,2321
Precinct,PRINCE WILLIAM COUNTY PROVISIONALS,3627,3125,205,19,27,22,28,7053
Locality,Pulaski County,4830,12732,28,59,23,18,54,17744
Precinct,101 - Belspring,167,526,2,2,1,0,1,699
Precinct,102 - New River,853,1359,2,9,1,4,10,2238
Precinct,103 - West Cloyd,184,567,2,1,3,0,4,761
Precinct,201 - Draper,288,1035,2,6,0,1,2,1334
Precinct,202 - South Pulaski,85,194,1,3,0,0,0,283
Precinct,203 - Newbern,616,1389,3,10,5,1,7,2031
Precinct,301 - Dublin,558,1692,2,3,2,3,4,2264
Precinct,302 - Hiwassee,99,327,0,1,0,0,2,429
Precinct,304 - Snowville,244,850,1,3,1,0,3,1102
Precinct,402 - Walker,126,655,1,0,0,1,1,784
Precinct,403 - West Massie,526,1325,3,6,4,1,3,1868
Precinct,404 - East Massie,153,439,2,2,1,2,4,603
Precinct,501 - Robinson,855,2148,7,13,5,5,13,3046
Precinct,PULASKI COUNTY PROVISIONALS,76,226,0,0,0,0,0,302
Locality,Radford City,3231,3197,52,47,12,11,33,6583
Precinct,001 - East,700,541,11,9,4,2,5,1272
Precinct,002 - Central,878,909,12,12,6,1,9,1827
Precinct,003 - West,812,1109,10,16,2,6,12,1967
Precinct,004 - New River,586,409,13,6,0,1,6,1021
Precinct,RADFORD CITY PROVISIONALS,255,229,6,4,0,1,1,496
Locality,Rappahannock County,2041,2943,12,29,5,8,27,5065
Precinct,101 - Washington,472,527,0,4,1,2,6,1012
Precinct,201 - Amissville,326,761,0,4,1,1,4,1097
Precinct,301 - Sperryville,476,467,3,4,0,1,1,952
Precinct,401 - Scrabble,392,545,3,7,2,2,10,961
Precinct,501 - Chester Gap,91,317,2,5,1,2,3,421
Precinct,502 - Flint Hill,270,289,4,5,0,0,2,570
Precinct,RAPPAHANNOCK COUNTY PROVISIONALS,14,37,0,0,0,0,1,52
Locality,Richmond City,88710,17041,915,509,470,498,588,108731
Precinct,101 - One Hundred One,403,222,1,3,1,0,10,640
Precinct,102 - One Hundred Two,662,429,4,12,1,1,15,1124
Precinct,104 - One Hundred Four,1018,686,3,17,4,0,30,1758
Precinct,105 - One Hundred Five,1085,434,7,11,2,1,17,1557
Precinct,106 - One Hundred Six,885,897,6,21,4,3,23,1839
Precinct,111 - One Hundred Eleven,1061,430,7,16,1,2,11,1528
Precinct,112 - One Hundred Twelve,930,304,11,9,3,3,8,1268
Precinct,113 - One Hundred Thirteen,2005,293,23,14,5,11,13,2364
Precinct,114 - One Hundred Fourteen,1908,337,21,19,13,18,16,2332
Precinct,115 - One Hundred Fifteen,751,532,1,7,1,0,19,1311
Precinct,204 - Two Hundred Four,1262,231,12,11,6,13,16,1551
Precinct,206 - Two Hundred Six,722,122,9,3,5,10,4,875
Precinct,207 - Two Hundred Seven,1744,310,16,19,8,13,22,2132
Precinct,208 - Two Hundred Eight,1856,318,27,14,3,7,22,2247
Precinct,213 - Two Hundred Thirteen,1532,121,21,5,15,16,8,1718
Precinct,214 - Two Hundred Fourteen,821,84,19,4,2,10,3,943
Precinct,215 - Two Hundred Fifteen,1818,464,16,12,7,13,8,2338
Precinct,216 - Two Hundred Sixteen,350,29,6,4,2,8,0,399
Precinct,301 - Three Hundred One,761,67,3,0,8,6,0,845
Precinct,302 - Three Hundred Two,856,132,10,5,8,1,5,1017
Precinct,303 - Three Hundred Three,847,64,9,2,4,5,4,935
Precinct,304 - Three Hundred Four,1395,107,15,4,13,8,9,1551
Precinct,305 - Three Hundred Five,1341,134,27,5,14,7,10,1538
Precinct,306 - Three Hundred Six,621,40,10,1,3,2,4,681
Precinct,307 - Three Hundred Seven,2270,495,10,20,7,7,30,2839
Precinct,308 - Three Hundred Eight,1195,245,14,6,3,4,8,1475
Precinct,309 - Three Hundred Nine,562,152,4,3,1,0,4,726
Precinct,310 - Three Hundred Ten,279,26,2,1,2,1,0,311
Precinct,311 - Three Hundred Eleven,512,68,5,0,2,2,4,593
Precinct,402 - Four Hundred Two,2364,505,15,15,3,11,19,2932
Precinct,404 - Four Hundred Four,1376,303,11,5,3,7,8,1713
Precinct,409 - Four Hundred Nine,1121,540,8,8,5,4,14,1700
Precinct,410 - Four Hundred Ten,1195,390,12,10,3,5,5,1620
Precinct,412 - Four Hundred Twelve,1501,299,10,7,7,7,5,1836
Precinct,413 - Four Hundred Thirteen,1243,374,13,12,0,1,9,1652
Precinct,414 - Four Hundred Fourteen,1298,513,10,13,6,3,12,1855
Precinct,415 - Four Hundred Fifteen,1108,480,5,7,1,1,10,1612
Precinct,501 - Five Hundred One,1795,241,14,15,9,10,9,2093
Precinct,503 - Five Hundred Three,1741,209,18,10,7,9,7,2001
Precinct,504 - Five Hundred Four,1853,224,33,8,6,18,5,2147
Precinct,505 - Five Hundred Five,994,136,20,2,2,5,7,1166
Precinct,508 - Five Hundred Eight,879,121,5,3,1,3,6,1018
Precinct,509 - Five Hundred Nine,1035,92,9,5,8,9,6,1164
Precinct,510 - Five Hundred Ten,1536,175,15,4,13,11,8,1762
Precinct,602 - Six Hundred Two,772,38,1,0,10,4,2,827
Precinct,603 - Six Hundred Three,833,60,3,5,15,6,3,925
Precinct,604 - Six Hundred Four,917,83,16,6,9,6,2,1039
Precinct,606 - Six Hundred Six,1496,96,15,5,15,6,5,1638
Precinct,607 - Six Hundred Seven,1213,226,28,7,2,11,16,1503
Precinct,609 - Six Hundred Nine,1462,229,11,4,9,7,3,1725
Precinct,610 - Six Hundred Ten,791,52,6,3,5,8,2,867
Precinct,611 - Six Hundred Eleven,1196,141,15,4,12,5,4,1377
Precinct,701 - Seven Hundred One,704,47,5,1,4,1,1,763
Precinct,702 - Seven Hundred Two,1193,96,18,4,12,7,3,1333
Precinct,703 - Seven Hundred Three,1498,141,7,5,11,10,8,1680
Precinct,705 - Seven Hundred Five,1310,133,17,5,7,8,6,1486
Precinct,706 - Seven Hundred Six,1889,228,27,2,12,8,8,2174
Precinct,707 - Seven Hundred Seven,2497,275,45,17,8,20,7,2869
Precinct,708 - Seven Hundred Eight,1046,142,19,9,7,12,5,1240
Precinct,709 - Seven Hundred Nine,823,139,16,7,3,7,2,997
Precinct,802 - Eight Hundred Two,992,66,9,3,9,14,1,1094
Precinct,806 - Eight Hundred Six,1121,165,7,1,8,4,1,1307
Precinct,810 - Eight Hundred Ten,837,144,7,1,8,6,1,1004
Precinct,811 - Eight Hundred Eleven,1098,159,6,4,8,7,3,1285
Precinct,812 - Eight Hundred Twelve,1629,266,11,2,4,3,8,1923
Precinct,814 - Eight Hundred Fourteen,792,85,1,4,9,0,1,892
Precinct,902 - Nine Hundred Two,406,40,1,0,5,1,1,454
Precinct,903 - Nine Hundred Three,1080,166,6,6,3,7,5,1273
Precinct,908 - Nine Hundred Eight,1121,162,11,2,3,6,4,1309
Precinct,909 - Nine Hundred Nine,1196,165,7,4,12,5,9,1398
Precinct,910 - Nine Hundred Ten,1078,169,7,1,10,2,5,1272
Precinct,911 - Nine Hundred Eleven,1088,100,9,1,5,6,1,1210
Precinct,Provisional,4141,853,67,24,23,35,18,5161
Locality,Richmond County,1439,2697,10,9,2,4,7,4168
Precinct,101 - Precinct 1-1,428,396,4,1,2,1,0,832
Precinct,201 - Precinct 2-1,183,495,1,1,0,0,1,681
Precinct,301 - Precinct 3-1,295,545,2,1,0,0,1,844
Precinct,401 - Precinct 4-1,268,612,1,4,0,1,2,888
Precinct,501 - Precinct 5-1,240,613,2,1,0,2,3,861
Precinct,Provisional,25,36,0,1,0,0,0,62
Locality,Roanoke City,25737,15787,201,206,89,108,186,42314
Precinct,1 -Peters Creek,1398,478,5,4,4,1,6,1896
Precinct,2 - Grandview,1185,546,5,7,2,4,8,1757
Precinct,3 -Preston Park,869,1010,7,12,4,8,5,1915
Precinct,4 - Williamson Road,1067,837,5,12,8,6,5,1940
Precinct,5 - East Gate,973,1356,7,15,6,5,5,2367
Precinct,6 - Hollins Road,883,914,10,11,4,1,5,1828
Precinct,7 - Southeast,856,869,13,4,3,5,11,1761
Precinct,8 - Lincoln Terrace,1203,159,5,1,7,9,3,1387
Precinct,9 - Highland,1454,557,20,17,4,9,11,2072
Precinct,10 - Old Southwest-Wasena,1680,686,23,14,6,8,9,2426
Precinct,11 - Raleigh Court,1740,839,13,21,3,6,16,2638
Precinct,12 - South Roanoke,1148,955,6,15,4,2,27,2157
Precinct,13 - Garden City,862,1250,7,8,5,5,10,2147
Precinct,14 - Crystal Spring,1433,911,13,14,2,8,19,2400
Precinct,15 - Grandin Court,1348,831,6,10,2,4,18,2219
Precinct,16 - Deyerle,1291,1094,9,15,3,3,13,2428
Precinct,17 - Lee-Hi,1675,872,15,11,10,6,5,2594
Precinct,18 - Summit Hills,1155,748,6,7,2,4,3,1925
Precinct,19 - Forest Park,1352,290,10,4,5,5,3,1669
Precinct,20 - Eureka Park,1581,180,9,0,5,6,2,1783
Precinct,Provisional,584,405,7,4,0,3,2,1005
Locality,Roanoke County,21693,34453,210,297,56,80,259,57048
Precinct,101 - Catawba,530,1534,6,5,2,0,6,2083
Precinct,102 - Richfield,564,1205,7,5,5,2,3,1791
Precinct,103 - North Glenvar,531,1244,3,8,1,2,18,1807
Precinct,104 - Northside,816,1061,10,10,2,3,8,1910
Precinct,105 - Hanging Rock,846,1140,6,13,0,5,9,2019
Precinct,106 - South Glenvar,253,742,6,7,1,3,4,1016
Precinct,107 - Fort Lewis,469,766,2,4,1,4,5,1251
Precinct,201 - Plantation,675,1041,3,12,2,5,7,1745
Precinct,202 - Burlington,572,612,6,7,2,1,3,1203
Precinct,203 - Mountain View,946,1569,5,15,4,4,10,2553
Precinct,204 - Green Ridge,785,1064,5,10,1,1,4,1870
Precinct,205 - Orchards,867,1549,5,9,2,2,7,2441
Precinct,206 - Hollins,380,561,5,2,1,1,2,952
Precinct,301 - Bent Mountain,208,388,5,4,0,0,3,608
Precinct,302 - Back Creek,967,1598,14,24,3,1,10,2617
Precinct,303 - Windsor Hills,807,933,8,8,1,4,15,1776
Precinct,304 - Oak Grove,856,1089,6,17,3,1,15,1987
Precinct,305 - East Hidden Valley,787,893,9,9,2,2,14,1716
Precinct,306 - Garst Mill,778,860,1,15,0,0,8,1662
Precinct,307 - West Hidden Valley,655,847,11,8,2,0,7,1530
Precinct,401 - Bonsack,364,805,2,4,1,1,6,1183
Precinct,403 - North Vinton,666,1198,4,8,3,5,4,1888
Precinct,404 - South Vinton,634,1171,2,6,1,3,6,1823
Precinct,405 - North Lindenwood,545,1225,8,9,1,1,5,1794
Precinct,405 - South Lindenwood,510,1072,2,3,1,1,3,1592
Precinct,406 - Mount Pleasant,580,1600,9,12,3,2,9,2215
Precinct,501 - Starkey,656,886,8,8,1,1,14,1574
Precinct,502 - West Cave Spring,668,848,4,8,1,4,13,1546
Precinct,503 - East Cave Spring,719,930,7,9,2,4,10,1681
Precinct,504 - Green Valley,1162,1151,25,13,0,8,4,2363
Precinct,505 - Clearbrook,364,833,3,6,1,2,1,1210
Precinct,506 - Buck Mountain,175,249,2,1,2,0,4,433
Precinct,507 - Hunting Hills,1016,1206,10,11,4,4,15,2266
Precinct,Provisional,342,583,1,7,0,3,7,943
Locality,Rockbridge County,4160,8468,33,61,16,14,76,12828
Precinct,101 - Airport,693,649,2,12,1,2,13,1372
Precinct,102 - Ben Salem,161,358,1,0,0,1,0,521
Precinct,103 - Plank Road,115,309,3,5,0,2,2,436
Precinct,104 - Effinger,142,343,3,1,0,1,2,492
Precinct,201 - Collierstown,165,366,2,1,0,1,1,536
Precinct,202 - Highland Belle,601,963,3,12,3,1,9,1592
Precinct,203 - Vo-tech,135,144,2,1,0,0,4,286
Precinct,301 - Maury River,299,640,1,4,1,1,1,947
Precinct,302 - Natural Bridge,171,615,2,0,0,0,3,791
Precinct,303 - Falling Spring,99,299,1,1,0,1,4,405
Precinct,401 - Fairfield,240,598,3,4,3,1,7,856
Precinct,402 - Mountain View,345,939,2,4,2,1,4,1297
Precinct,403 - Vesuvius,82,316,1,0,1,0,1,401
Precinct,501 - Goshen,59,373,1,0,1,0,1,435
Precinct,502 - Meadowview,349,478,2,7,2,1,7,846
Precinct,503 - Rockbridge Baths,162,327,1,4,1,0,7,502
Precinct,504 - Rockbridge,283,595,3,3,1,1,8,894
Precinct,ROCKBRIDGE COUNTY PROVISIONALS,59,156,0,2,0,0,2,219
Locality,Rockingham County,15035,33033,165,214,69,65,272,48853
Precinct,101 - Broadway,758,1506,8,6,2,2,12,2294
Precinct,102 - Timberville,331,1004,2,3,1,1,3,1345
Precinct,103 - Fulks Run,161,1091,1,2,1,0,8,1264
Precinct,104 - Bergton,56,362,1,1,6,4,4,434
Precinct,105 - Lacey Spring,392,1483,2,10,3,2,15,1907
Precinct,106 - Lone Pine,406,1347,1,8,2,3,7,1774
Precinct,201 - Singers Glen,337,1060,7,9,0,3,3,1419
Precinct,202 - Edom,790,1544,8,12,6,3,17,2380
Precinct,203 - Dayton,340,601,7,8,0,1,6,963
Precinct,204 - Mt Clinton,447,1121,3,6,0,1,8,1586
Precinct,205 - Silver Lake,858,1391,16,15,5,5,14,2304
Precinct,301 - Keezletown,317,680,5,3,4,1,9,1019
Precinct,302 - Port Republic,362,839,1,6,3,1,6,1218
Precinct,303 - Melrose,240,635,2,3,0,2,8,890
Precinct,304 - Grottoes,478,1312,5,8,5,2,7,1817
Precinct,305 - Massanetta Springs,1409,1443,18,17,5,4,17,2913
Precinct,306 - Crossroads,1335,1483,11,13,3,2,24,2871
Precinct,401 - West Bridgewater,495,795,7,11,2,7,11,1328
Precinct,402 - Montezuma,381,1153,2,10,3,4,8,1561
Precinct,403 - Mt Crawford,86,152,1,0,1,0,2,242
Precinct,404 - North River,802,1250,8,12,4,1,9,2086
Precinct,405 - Ottobine,269,1448,1,7,2,1,6,1734
Precinct,406 - East Bridgewater,929,1048,11,10,2,5,13,2018
Precinct,501 - Elkton,501,1283,3,12,4,2,8,1813
Precinct,502 - Swift Run,347,2054,2,3,3,0,6,2415
Precinct,503 - Mcgaheysville,664,1592,7,9,2,4,11,2289
Precinct,504 - South Fork,196,924,3,1,0,1,4,1129
Precinct,505 - Stony Run,761,950,7,7,0,1,13,1739
Precinct,506 - Deep Run,246,742,1,1,0,1,10,1001
Precinct,ROCKINGHAM COUNTY PROVISIONALS,341,740,14,1,0,1,3,1100
Locality,Russell County,2172,11303,10,24,5,11,22,13547
Precinct,101 - Moccasin,135,873,1,4,0,1,3,1017
Precinct,102 - Copper Creek,118,639,1,0,0,0,0,758
Precinct,103 - South Castlewood,109,455,3,0,1,0,0,568
Precinct,201 - North Castlewood,268,1349,0,5,1,0,1,1624
Precinct,202 - Dante,43,245,0,0,0,0,3,291
Precinct,301 - Cooks Mill,37,267,0,1,0,2,0,307
Precinct,302 - Daugherty,59,329,0,0,0,1,0,389
Precinct,303 - New Garden,112,786,1,2,0,0,3,904
Precinct,304 - Cleveland,116,425,0,1,1,1,1,545
Precinct,401 - Drill,25,71,0,0,0,0,0,96
Precinct,402 - Swords Creek,147,1234,1,1,0,0,0,1383
Precinct,403 - Honaker,92,522,0,0,1,0,0,615
Precinct,501 - West Lebanon,481,1782,1,4,1,3,6,2278
Precinct,601 - East Lebanon,193,926,1,2,0,1,4,1127
Precinct,602 - Elk Garden,210,1246,1,4,0,2,1,1464
Precinct,RUSSELL COUNTY PROVISIONALS,27,154,0,0,0,0,0,181
Locality,Salem City,5237,7769,38,60,23,21,59,13207
Precinct,001 - North Salem No 2,725,843,4,10,6,0,3,1591
Precinct,002 - Conehurst,354,512,1,3,0,3,4,877
Precinct,003 - Beverly Heights,268,569,3,4,0,1,4,849
Precinct,004 - West Salem,505,770,2,7,2,4,11,1301
Precinct,005 - North Salem No 1,808,971,6,5,3,1,5,1799
Precinct,006 - South Salem No 1,396,601,4,5,1,1,5,1013
Precinct,007 - South Salem No 2,392,756,1,7,1,1,5,1163
Precinct,008 - East Salem,218,340,1,0,0,2,0,561
Precinct,009 - South Side Hills,639,1154,8,9,4,1,8,1823
Precinct,010 - Hidden Valley,854,1084,6,7,6,5,12,1974
Precinct,SALEM CITY PROVISIONALS,78,169,2,3,0,2,2,256
Locality,Scott County,1607,9392,20,28,6,4,20,11077
Precinct,101 - Weber City,136,599,1,0,0,1,2,739
Precinct,102 - Yuma,173,844,1,4,0,0,2,1024
Precinct,202 - Weber City East,97,597,1,3,1,0,1,700
Precinct,203 - Hiltons,150,787,6,2,1,0,3,949
Precinct,204 - Clark's,27,221,0,2,0,0,0,250
Precinct,301 - Nickelsville,96,621,0,1,1,0,1,720
Precinct,302 - Snowflake,59,470,1,0,0,0,1,531
Precinct,303 - Twin Springs,77,495,1,3,0,0,2,578
Precinct,304 - Copper Creek,19,159,1,1,1,0,2,183
Precinct,401 - Gate City,323,1571,1,7,0,0,1,1903
Precinct,501 - Dungannon,73,322,1,1,1,0,0,398
Precinct,502 - Fort Blackmore,49,379,0,0,0,0,0,428
Precinct,503 - Manville,32,253,0,1,0,1,1,288
Precinct,504 - Rye Cove,57,553,1,1,0,0,2,614
Precinct,601 - Clinchport,50,368,3,0,0,2,1,424
Precinct,602 - Duffield-pattonsville,133,785,2,2,1,0,1,924
Precinct,603 - Fairview,31,210,0,0,0,0,0,241
Precinct,SCOTT COUNTY PROVISIONALS,25,158,0,0,0,0,0,183
Locality,Shenandoah County,6914,17215,70,110,24,47,109,24489
Precinct,101 - Orkney Springs,443,781,3,9,0,0,2,1238
Precinct,103 - New Market,759,1914,8,7,4,7,16,2715
Precinct,201 - Conicville,468,1822,5,11,3,3,7,2319
Precinct,202 - Mt Jackson,411,1204,6,3,1,2,4,1631
Precinct,302 - Edinburg,410,1089,7,12,0,5,7,1530
Precinct,303 - St Luke,470,1588,2,13,2,3,12,2090
Precinct,304 - Fort Valley,272,689,3,5,0,0,3,972
Precinct,401 - Woodstock North,677,1232,6,4,6,3,17,1945
Precinct,402 - Woodstock South,539,926,5,7,1,8,8,1494
Precinct,501 - Cedar Creek,43,130,0,0,0,0,0,173
Precinct,503 - Toms Brook,673,1796,6,9,3,5,10,2502
Precinct,504 - Lebanon Church,401,1372,3,8,0,4,5,1793
Precinct,601 - Strasburg West,608,1152,9,9,2,5,5,1790
Precinct,602 - Strasburg East,650,1232,4,10,2,1,12,1911
Precinct,SHENANDOAH COUNTY PROVISIONALS,90,288,3,3,0,1,1,386
Locality,Smyth County,2805,11521,27,39,11,17,48,14468
Precinct,101 - Saltville,340,1534,5,2,1,3,4,1889
Precinct,201 - 7 MILE FORD,205,1203,0,4,2,3,1,1418
Precinct,202 - Rich Valley,109,447,1,1,0,0,1,559
Precinct,301 - Chilhowie,352,1753,1,4,1,5,9,2125
Precinct,401 - East Park,532,1319,8,7,0,3,5,1874
Precinct,501 - Atkins,186,1090,1,2,2,1,5,1287
Precinct,502 - Wassona,281,603,3,5,1,1,7,901
Precinct,601 - Royal Oak East,272,925,2,5,3,0,3,1210
Precinct,602 - Royal Oak West,130,556,1,2,1,0,6,696
Precinct,701 - Adwolfe,169,1172,0,6,0,1,1,1349
Precinct,702 - Sugar Grove,170,611,3,0,0,0,6,790
Precinct,703 - Konnarock,22,101,1,0,0,0,0,124
Precinct,SMYTH COUNTY PROVISIONALS,37,207,1,1,0,0,0,246
Locality,Southampton County,3626,6133,15,19,22,16,25,9856
Precinct,101 - Berlin,143,692,3,1,0,3,4,846
Precinct,102 - Ivor,353,641,0,2,3,0,2,1001
Precinct,201 - Boykins-Branchville,522,468,2,2,3,1,3,1001
Precinct,301 - Capron-Drewryville,391,702,2,0,0,0,1,1096
Precinct,302 - Sebrell,283,505,0,0,1,1,2,792
Precinct,501 - Darden Mill,262,560,3,3,3,1,3,835
Precinct,502 - Fairgrounds,259,688,2,5,1,1,2,958
Precinct,601 - Courtland,467,603,0,4,2,6,5,1087
Precinct,602 - Sedley,40,213,0,0,0,0,0,253
Precinct,701 - Blackwater River,459,501,2,0,6,0,0,968
Precinct,702 - Newsoms,401,486,1,1,3,3,3,898
Precinct,SOUTHAMPTON COUNTY PROVISIONALS,46,74,0,1,0,0,0,121
Locality,Spotsylvania County,35747,42531,372,319,108,132,305,79514
Precinct,101 - Partlow Ruritan,559,1821,7,8,0,8,8,2411
Precinct,102 - Berkeley,665,1870,6,6,2,3,7,2559
Precinct,103 - John J Wright,1864,2231,4,17,8,7,16,4147
Precinct,104 - Massaponax High,1427,1389,15,10,6,7,6,2860
Precinct,201 - Wilderness Elementary,851,1044,5,9,6,3,6,1924
Precinct,202 - Fire Rescue 7,1336,2151,14,18,5,8,17,3549
Precinct,203 - Ni River Middle,1292,1857,14,10,0,1,14,3188
Precinct,204 - Chancellor Elementary,1366,1513,12,14,3,7,13,2928
Precinct,301 - Salem Elementary,978,962,6,8,1,6,7,1968
Precinct,302 - Salem Library,1670,1448,16,14,10,3,11,3172
Precinct,303 - Riverbend High,1593,1952,25,19,4,2,16,3611
Precinct,304 - Knights Of Pythias,1088,1132,14,15,3,3,8,2263
Precinct,401 - Cosner Park,1268,1223,21,10,5,7,16,2550
Precinct,402 - Germanna Campus,1598,1253,13,15,4,5,19,2907
Precinct,403 - Lee Hill Elementary,1631,1393,21,12,1,7,7,3072
Precinct,404 - New Post Church,943,773,6,9,3,4,4,1742
Precinct,501 - Belmont Ruritan,591,1421,4,12,1,3,6,2038
Precinct,502 - Fire Rescue 2,492,1373,5,6,0,4,9,1889
Precinct,503 - Spotsylvania High,488,1517,3,8,2,2,2,2022
Precinct,504 - Public Safety,1137,1626,13,10,3,2,13,2804
Precinct,505 - Brock Road Elementary,1533,2297,4,15,3,5,9,3866
Precinct,601 - Battlefield Elementary,1218,1243,16,11,3,1,8,2500
Precinct,602 - Smith Station Elementary,1629,1354,43,13,5,6,22,3072
Precinct,603 - Chancellor High,866,920,16,11,6,3,9,1831
Precinct,604 - Courthouse Road Elementary,1092,992,6,5,2,2,4,2103
Precinct,701 - Spotswood Elementary,1128,1070,7,5,6,3,14,2233
Precinct,702 - Eastland Church,1296,1109,8,13,5,7,10,2448
Precinct,703 - Lees Parke,1715,1045,25,5,5,4,3,2802
Precinct,704 - Courtland Elementary,1635,1661,7,9,4,6,17,3339
Precinct,Spotsylvania County Provisionals,798,891,16,2,2,3,4,1716
Locality,Stafford County,41252,40590,570,372,193,146,416,83539
Precinct,101 - Hartwood,1283,2408,14,18,7,4,16,3750
Precinct,102 - Simpson,1110,1481,17,12,2,2,11,2635
Precinct,103 - College,1188,1012,8,11,7,7,6,2239
Precinct,104 - Westlake,574,1122,8,8,3,5,12,1732
Precinct,105 - Rocky Run,693,615,11,11,2,4,9,1345
Precinct,106 - Forge,698,572,11,7,3,1,10,1302
Precinct,201 - Rock Hill,1577,1595,37,15,11,11,10,3256
Precinct,202 - Roseville,1004,1624,12,19,5,3,9,2676
Precinct,203 - Ruby,704,1453,8,12,2,2,15,2196
Precinct,204 - Stefaniga,1326,1350,18,12,5,6,19,2736
Precinct,205 - Mount Ararat,603,483,10,1,4,0,4,1105
Precinct,301 - Staffordboro,828,483,12,4,5,4,4,1340
Precinct,302 - Widewater,812,967,13,7,5,2,12,1818
Precinct,303 - Barrett Heights,674,575,14,6,3,2,0,1274
Precinct,304 - Aquia Episcopal,512,235,7,1,0,0,1,756
Precinct,305 - Griffis,482,276,2,3,3,0,1,767
Precinct,306 - Midway,1119,612,21,7,5,3,9,1776
Precinct,401 - Courthouse,1646,792,28,6,7,5,9,2493
Precinct,402 - Brooke,711,1027,9,9,3,2,4,1765
Precinct,403 - Harbour,783,842,5,10,8,3,11,1662
Precinct,404 - Government Island,987,1101,16,12,5,5,13,2139
Precinct,405 - Hope,1573,1553,17,15,9,6,14,3187
Precinct,406 - Aquia,303,141,2,1,1,0,2,450
Precinct,501 - Grafton,1657,1964,24,17,2,6,19,3689
Precinct,502 - Falmouth,1276,1135,13,12,4,4,20,2464
Precinct,503 - Drew,1560,1492,14,14,9,4,13,3106
Precinct,504 - Gayle,1400,852,14,4,5,7,12,2294
Precinct,505 - Eskimo Hill,405,424,5,2,0,1,2,839
Precinct,601 - Ferry Farm,959,1295,10,21,6,5,18,2314
Precinct,602 - Chatham,1286,1411,23,15,10,4,16,2765
Precinct,603 - White Oak,926,1932,10,19,6,3,16,2912
Precinct,604 - England Run,633,400,7,3,2,1,4,1050
Precinct,605 - Melchers,1986,1328,26,8,4,8,13,3373
Precinct,701 - Park Ridge,1600,1237,26,7,7,2,10,2889
Precinct,702 - Whitson,1172,744,15,9,7,4,14,1965
Precinct,703 - Hampton,1650,1406,16,10,8,8,18,3116
Precinct,704 - Poole,2453,1632,35,17,10,6,26,4179
Precinct,STAFFORD COUNTY PROVISIONALS,1099,1019,32,7,8,6,14,2185
Locality,Staunton City,7592,5778,74,65,24,29,64,13626
Precinct,101 - Ward No 1,1487,1242,19,10,9,7,12,2786
Precinct,201 - Ward No 2,1404,1589,15,17,7,7,15,3054
Precinct,301 - Ward No 3,1407,1144,13,13,3,3,6,2589
Precinct,401 - Ward No 4,1337,888,7,14,2,3,20,2271
Precinct,501 - Ward No 5,1736,762,12,7,2,7,11,2537
Precinct,STAUNTON CITY PROVISIONALS,221,153,8,4,1,2,0,389
Locality,Suffolk City,30597,22112,177,199,146,121,193,53545
Precinct,101 - Belleharbour,733,343,2,5,2,5,8,1098
Precinct,102 - Driver,1532,2120,9,15,13,7,20,3716
Precinct,104 - Bennetts Creek,701,588,10,8,3,3,9,1322
Precinct,105 - Harbourview,1954,1259,14,12,6,5,13,3263
Precinct,201 - Ebenezer,660,1054,4,7,1,2,7,1735
Precinct,202 - Chuckatuck,759,995,3,10,3,3,10,1783
Precinct,203 - Kings Fork,1784,771,12,8,12,1,9,2597
Precinct,204 - Hillpoint,1690,833,8,6,6,4,8,2555
Precinct,301 - White Marsh,362,183,1,1,3,2,1,553
Precinct,302 - John F Kennedy,1636,222,5,5,5,7,7,1887
Precinct,304 - Nansemond River,1489,824,11,9,9,6,8,2356
Precinct,305 - Shoulders Hill,621,364,8,5,6,3,3,1010
Precinct,306 - Deerfield,971,633,5,7,6,3,7,1632
Precinct,316 - Potomac Shores,1922,705,31,6,16,6,13,2699
Precinct,401 - Airport,615,870,2,5,4,1,3,1500
Precinct,402 - Whaleyville,520,1292,3,10,2,2,1,1830
Precinct,403 - Southside,817,119,1,0,2,3,2,944
Precinct,404 - Booker T Washington,1287,131,2,1,6,5,3,1435
Precinct,405 - Hollywood,709,73,1,2,3,1,5,794
Precinct,501 - Kilbys Mill,1011,1472,6,19,4,5,8,2525
Precinct,502 - Holland,468,1032,5,5,1,5,3,1519
Precinct,504 - Lake Cohoon,1410,2013,10,11,8,5,14,3471
Precinct,505 - Pittmantown,472,766,2,7,1,2,2,1252
Precinct,601 - Lakeside,1143,748,12,8,2,2,5,1920
Precinct,602 - Olde Towne,355,180,1,1,0,1,0,538
Precinct,603 - Elephants Fork/westhaven,469,316,1,5,2,2,2,797
Precinct,604 - Wilroy,1142,809,6,2,7,8,12,1986
Precinct,605 - Mack Benn Jr,354,154,1,1,1,1,1,513
Precinct,703 - Pughsville,1144,320,11,0,7,3,4,1489
Precinct,704 - Burbage Grant,1544,696,8,13,6,6,6,2279
Precinct,706 - Huntersville,1568,420,8,3,13,12,4,2028
Precinct,SUFFOLK CITY PROVISIONALS,677,512,5,8,2,6,8,1218
Locality,Surry County,2176,2205,15,14,9,10,12,4441
Precinct,101 - Surry,353,583,3,2,4,4,3,952
Precinct,201 - Bacons Castle,490,364,4,4,3,1,1,867
Precinct,301 - Dendron,437,431,4,4,0,3,3,882
Precinct,401 - Carsley,445,444,2,3,2,0,1,897
Precinct,501 - Claremont,231,303,1,1,0,1,3,540
Precinct,502 - Spring Grove,197,51,1,0,0,0,1,250
Precinct,SURRY COUNTY PROVISIONALS,23,29,0,0,0,1,0,53
Locality,Sussex County,2539,2322,11,8,9,3,8,4900
Precinct,101 - Waverly,494,119,0,0,1,0,0,614
Precinct,201 - Stony Creek,410,303,1,2,2,0,2,720
Precinct,301 - Courthouse,100,183,0,0,0,1,2,286
Precinct,302 - NEWVILLE 1,58,150,0,0,0,0,1,209
Precinct,401 - Wakefield Firehouse,377,410,3,2,4,0,0,796
Precinct,501 - Henry,375,304,3,2,0,1,0,685
Precinct,601 - Blackwater,270,309,4,1,1,0,2,587
Precinct,602 - Wakefield,74,119,0,0,0,1,1,195
Precinct,701 - Yale,201,273,0,1,1,0,0,476
Precinct,702 - NEWVILLE 2,129,116,0,0,0,0,0,245
Precinct,SUSSEX COUNTY PROVISIONALS,51,36,0,0,0,0,0,87
Locality,Tazewell County,3030,16711,35,40,20,22,48,19906
Precinct,101 - Indian Valley,69,574,1,1,1,0,1,647
Precinct,102 - Tip Top,76,438,0,2,1,1,2,520
Precinct,103 - Mundy Town,148,940,2,2,1,2,1,1096
Precinct,104 - Falls Mills,66,460,1,1,0,2,2,532
Precinct,106 - Pocahontas,47,182,1,0,0,0,0,230
Precinct,107 - Amonate,16,74,0,0,0,0,0,90
Precinct,109 - Bishop,25,191,0,0,0,0,0,216
Precinct,112 - Bandy,15,211,0,0,0,1,1,228
Precinct,203 - Burkes Garden,12,114,0,1,0,0,1,128
Precinct,204 - Clear Fork,75,559,0,2,0,0,0,636
Precinct,207 - Freestone,23,130,1,0,0,0,0,154
Precinct,209 - Jeffersonville,581,2117,2,4,4,1,9,2718
Precinct,214 - Thompson Valley,82,488,0,1,1,0,0,572
Precinct,301 - Cedar Bluff,265,1889,2,3,0,2,3,2164
Precinct,302 - Baptist Valley,46,295,0,1,0,1,2,345
Precinct,303 - Paint Lick,204,1431,1,3,4,2,3,1648
Precinct,401 - Richlands,513,2743,7,7,5,4,13,3292
Precinct,402 - Jewell Ridge,23,223,0,0,0,1,0,247
Precinct,501 - Springville,197,1299,3,3,2,1,3,1508
Precinct,502 - Graham,506,1987,13,8,1,3,7,2525
Precinct,TAZEWELL COUNTY PROVISIONALS,41,366,1,1,0,1,0,410
Locality,Virginia Beach City,115412,109375,905,1134,505,439,1001,228771
Precinct,001 - Precinct 1,1423,1830,8,18,4,2,23,3308
Precinct,002 - Precinct 2,1398,1329,17,20,6,6,7,2783
Precinct,003 - Precinct 3,833,981,6,11,6,5,2,1844
Precinct,004 - Precinct 4,1093,1469,6,11,5,2,11,2597
Precinct,005 - Precinct 5,1170,964,7,18,5,4,16,2184
Precinct,006 - Precinct 6,1253,1414,6,11,2,3,20,2709
Precinct,007 - Precinct 7,787,812,7,17,0,4,20,1647
Precinct,008 - Precinct 8,1194,1102,12,19,5,3,6,2341
Precinct,009 - Precinct 9,997,1370,2,12,1,1,11,2394
Precinct,010 - Precinct 10,1136,1746,15,14,3,6,19,2939
Precinct,011 - Precinct 11,1638,1384,7,16,3,4,30,3082
Precinct,012 - Precinct 12,1249,1040,11,10,8,12,2,2332
Precinct,013 - Precinct 13,1362,1458,6,15,7,3,6,2857
Precinct,014 - Precinct 14,1219,1204,8,17,9,6,7,2470
Precinct,015 - Precinct 15,849,911,9,12,6,7,7,1801
Precinct,016 - Precinct 16,1090,1207,12,13,6,8,2,2338
Precinct,017 - Precinct 17,915,1005,9,15,3,1,15,1963
Precinct,018 - Precinct 18,1395,1422,17,15,2,5,12,2868
Precinct,019 - Precinct 19,611,752,7,3,2,3,8,1386
Precinct,020 - Precinct 20,680,789,5,7,0,2,4,1487
Precinct,021 - Precinct 21,1602,624,12,11,15,11,4,2279
Precinct,022 - Precinct 22,821,974,8,12,3,1,9,1828
Precinct,023 - Precinct 23,1045,1201,11,5,4,5,13,2284
Precinct,024 - Precinct 24,446,549,4,9,1,1,8,1018
Precinct,025 - Precinct 25,1249,1457,5,17,8,3,12,2751
Precinct,026 - Precinct 26,703,804,5,10,2,3,12,1539
Precinct,027 - Precinct 27,597,668,6,15,0,3,11,1300
Precinct,028 - Precinct 28,784,926,7,15,2,2,12,1748
Precinct,029 - Precinct 29,1327,918,14,12,6,6,5,2288
Precinct,030 - Precinct 30,1088,1341,6,9,1,1,10,2456
Precinct,031 - Precinct 31,1220,2010,9,17,1,4,24,3285
Precinct,032 - Precinct 32,293,943,4,3,1,2,10,1256
Precinct,033 - Precinct 33,326,1027,3,5,0,1,3,1365
Precinct,034 - Precinct 34,209,645,0,4,1,0,1,860
Precinct,035 - Precinct 35,1200,1593,5,3,4,1,11,2817
Precinct,036 - Precinct 36,1634,1143,12,17,5,13,9,2833
Precinct,037 - Precinct 37,917,958,9,9,5,5,12,1915
Precinct,038 - Precinct 38,1124,1250,5,14,6,3,11,2413
Precinct,039 - Precinct 39,834,803,9,17,4,4,7,1678
Precinct,040 - Precinct 40,1137,850,9,11,13,6,6,2032
Precinct,041 - Precinct 41,895,348,3,5,7,1,3,1262
Precinct,042 - Precinct 42,1229,1024,11,10,7,4,11,2296
Precinct,043 - Precinct 43,1268,762,13,9,8,4,7,2071
Precinct,044 - Precinct 44,1157,1324,9,10,5,2,11,2518
Precinct,045 - Precinct 45,1321,725,12,4,13,4,5,2084
Precinct,046 - Precinct 46,1320,823,7,6,4,3,10,2173
Precinct,047 - Precinct 47,1326,1606,5,17,3,2,34,2993
Precinct,048 - Precinct 48,755,773,9,8,1,4,5,1555
Precinct,049 - Precinct 49,998,1128,3,11,5,3,14,2162
Precinct,050 - Precinct 50,884,606,7,9,9,1,4,1520
Precinct,051 - Precinct 51,1016,1077,6,12,10,4,11,2136
Precinct,52 - Precinct 52,1525,1435,12,17,12,6,13,3020
Precinct,053 - Precinct 53,1169,1205,9,9,4,5,12,2413
Precinct,054 - Precinct 54,883,797,8,5,4,4,3,1704
Precinct,055 - Precinct 55,1419,878,7,6,7,6,8,2331
Precinct,056 - Precinct 56,557,610,4,9,2,0,4,1186
Precinct,057 - Precinct 57,751,853,10,8,5,4,6,1637
Precinct,058 - Precinct 58,900,801,10,5,7,5,6,1734
Precinct,059 - Precinct 59,886,778,9,9,5,4,12,1703
Precinct,060 - Precinct 60,1257,1910,12,13,2,1,15,3210
Precinct,061 - Precinct 61,1652,382,9,5,11,8,9,2076
Precinct,062 - Precinct 62,1349,1386,10,12,4,5,8,2774
Precinct,063 - Precinct 63,1540,1741,15,22,3,3,9,3333
Precinct,064 - Precinct 64,1566,1256,12,11,6,4,5,2860
Precinct,065 - Precinct 65,1410,1149,9,7,7,4,14,2600
Precinct,066 - Precinct 66,960,1254,8,12,2,4,8,2248
Precinct,067 - Precinct 67,653,503,8,3,7,4,5,1183
Precinct,068 - Precinct 68,1012,1103,8,12,3,5,13,2156
Precinct,069 - Precinct 69,1478,589,8,9,10,5,6,2105
Precinct,070 - Precinct 70,1246,1340,13,15,2,6,10,2632
Precinct,071 - Precinct 71,1164,925,12,10,4,7,9,2131
Precinct,072 - Precinct 72,1002,1482,2,16,2,1,5,2510
Precinct,073 - Precinct 73,1283,660,13,10,6,10,5,1987
Precinct,074 - Precinct 74,1167,716,16,7,6,4,4,1920
Precinct,075 - Precinct 75,1186,1673,4,19,2,3,19,2906
Precinct,076 - Precinct 76,1330,661,7,8,10,2,6,2024
Precinct,077 - Precinct 77,1077,980,7,7,9,3,2,2085
Precinct,078 - Precinct 78,1156,856,7,10,2,2,6,2039
Precinct,079 - Precinct 79,1461,722,8,10,8,6,10,2225
Precinct,080 - Precinct 80,1188,657,13,9,4,12,6,1889
Precinct,081 - Precinct 81,1391,1009,4,10,14,7,4,2439
Precinct,082 - Precinct 82,927,1073,9,11,4,3,9,2036
Precinct,083 - Precinct 83,1151,1529,5,12,6,2,14,2719
Precinct,084 - Precinct 84,1259,872,14,7,6,6,14,2178
Precinct,085 - Precinct 85,1220,1754,14,11,2,5,18,3024
Precinct,086 - Precinct 86,1386,1197,9,9,5,3,16,2625
Precinct,087 - Precinct 87,1081,1066,9,14,2,4,12,2188
Precinct,088 - Precinct 88,1030,1270,8,7,5,3,10,2333
Precinct,089 - Precinct 89,1101,1078,7,14,7,6,18,2231
Precinct,090 - Precinct 90,745,874,3,12,2,2,6,1644
Precinct,091 - Precinct 91,1778,1200,11,15,4,10,9,3027
Precinct,092 - Precinct 92,740,922,7,15,3,0,10,1697
Precinct,093 - Precinct 93,1690,413,8,7,14,8,8,2148
Precinct,094 - Precinct 94,731,852,6,8,0,1,12,1610
Precinct,095 - Precinct 95,742,948,16,6,0,3,3,1718
Precinct,096 - Precinct 96,923,662,5,4,2,5,5,1606
Precinct,097 - Precinct 97,1257,777,12,8,2,7,5,2068
Precinct,098 - Precinct 98,946,508,6,9,4,6,10,1489
Precinct,099 - Precinct 99,798,499,7,5,5,0,2,1316
Precinct,100 - Precinct 100,454,783,1,1,0,2,6,1247
Precinct,101 - Precinct 101,278,309,0,1,0,0,0,588
Precinct,102 - Precinct 102,207,154,1,2,0,1,2,367
Precinct,103 - Precinct 103,617,314,6,6,9,5,0,957
Precinct,104 - Precinct 104,1368,492,11,6,3,4,7,1891
Precinct,105 - Precinct 105,309,434,5,6,1,1,1,757
Precinct,106 - Precinct 106,898,505,11,6,1,1,7,1429
Precinct,107 - Precinct 107,511,601,8,8,0,0,4,1132
Precinct,108 - Precinct 108,321,353,2,4,1,1,5,687
Precinct,PROVISIONALS,2309,2556,25,25,10,16,13,4954
Locality,Warren County,6910,15400,96,93,19,43,118,22679
Precinct,101 - Fork Town,483,929,7,3,1,4,8,1435
Precinct,102 - Otterburn,715,2116,8,12,3,4,13,2871
Precinct,201 - Happy Creek,772,1563,10,13,1,8,15,2382
Precinct,202 - Linden,895,1577,13,11,3,5,20,2524
Precinct,301 - North River,630,1187,4,8,3,4,6,1842
Precinct,302 - Riverton,645,1783,7,9,1,2,6,2453
Precinct,401 - East Shenandoah,845,2235,19,15,3,7,26,3150
Precinct,402 - Town - West Shenandoah,444,938,5,5,0,2,8,1402
Precinct,501 - South River,898,1566,14,8,3,4,6,2499
Precinct,502 - Bentonville,239,684,4,6,0,1,6,940
Precinct,504 - Browntown,222,475,2,2,1,1,2,705
Precinct,WARREN COUNTY PROVISIONALS,122,347,3,1,0,1,2,476
Locality,Washington County,6772,22455,45,90,20,30,106,29518
Precinct,101 - East Abingdon,827,1616,2,12,2,2,5,2466
Precinct,102 - West Abingdon,538,908,4,6,0,3,5,1464
Precinct,201 - Clinchburg,133,679,0,3,0,1,0,816
Precinct,202 - Greendale,257,1256,3,3,1,1,5,1526
Precinct,203 - Hayters Gap,79,447,1,0,1,1,3,532
Precinct,204 Woodland Hills,318,1012,4,2,2,4,2,1344
Precinct,301 - Watauga,592,1764,6,7,4,1,18,2392
Precinct,302 - South Abingdon,836,1519,9,12,0,3,14,2393
Precinct,401 - Glade Spring,328,1291,1,7,2,2,2,1633
Precinct,402 - Meadowview,417,1628,2,8,0,2,9,2066
Precinct,501 - Rhea Valley,498,2167,3,6,2,4,8,2688
Precinct,502 - Damascus,310,868,4,3,4,2,2,1193
Precinct,504 - Green Cove,38,160,0,0,0,0,1,199
Precinct,601 - Burson Place,312,1872,1,5,1,0,9,2200
Precinct,602 - Mendota,45,357,0,1,0,0,7,410
Precinct,603 - Valley Institute,272,1230,0,1,0,0,4,1507
Precinct,701 - High Point,349,1365,1,6,1,1,7,1730
Precinct,702 - Wallace,123,492,0,0,0,1,1,617
Precinct,703 - John Battle,394,1409,2,6,0,1,4,1816
Precinct,WASHINGTON COUNTY PROVISIONALS,106,415,2,2,0,1,0,526
Locality,Waynesboro City,5240,5882,33,69,20,30,45,11319
Precinct,001 - Ward A,854,1044,7,9,4,2,10,1930
Precinct,002 - Ward B,1633,1598,9,18,5,13,17,3293
Precinct,003 - Ward C,1257,1400,8,18,7,5,8,2703
Precinct,004 - Ward D,1387,1698,7,24,4,9,9,3138
Precinct,WAYNESBORO CITY PROVISIONALS,109,142,2,0,0,1,1,255
Locality,Westmoreland County,4491,6003,26,34,14,13,26,10607
Precinct,101 - Precinct 1-1,705,444,1,4,3,1,2,1160
Precinct,102 - Precinct 1-2,367,342,1,3,0,0,0,713
Precinct,201 - Precinct 2-1,691,767,3,3,1,2,4,1471
Precinct,202 - Precinct 2-2,319,513,2,3,1,0,2,840
Precinct,301 - Precinct 3-1,399,517,2,0,1,2,2,923
Precinct,302 - Precinct 3-2,425,665,10,3,2,2,4,1111
Precinct,401 - Precinct 4-1,643,1481,5,11,3,4,5,2152
Precinct,501 - Precinct 5-1,865,1164,2,6,3,2,7,2049
Precinct,WESTMORELAND COUNTY PROVISIONALS,77,110,0,1,0,0,0,188
Locality,Williamsburg City,5613,2119,46,39,17,17,43,7894
Precinct,001 - Stryker,2442,989,17,23,9,12,16,3508
Precinct,002 - Matoaka,2817,998,23,15,6,4,25,3888
Precinct,Williamsburg City Provisionals,354,132,6,1,2,1,2,498
Locality,Winchester City,6407,5252,50,65,19,29,72,11894
Precinct,101 - Merrimans,1512,1046,16,6,6,3,18,2607
Precinct,102 - Old Town,1040,806,10,10,5,8,21,1900
Precinct,201 - Virginia Avenue,1151,768,8,13,3,3,5,1951
Precinct,301 - War Memorial,1035,962,7,9,0,4,10,2027
Precinct,401 - Frederick Douglass,524,564,2,12,0,4,2,1108
Precinct,402 - Rolling Hills,975,976,5,13,4,6,16,1995
Precinct,Winchester City Provisionals,170,130,2,2,1,1,0,306
Locality,Wise County,3036,13655,34,32,8,11,36,16812
Precinct,101 - Appalachia,162,773,1,3,0,1,1,941
Precinct,102 - Dorchester,105,545,0,2,1,0,1,654
Precinct,103 - Guest River Voting Place,116,523,0,1,0,0,1,641
Precinct,104 - West Pound,282,1443,5,2,1,2,4,1739
Precinct,201 - North Coeburn,139,782,1,2,0,2,1,927
Precinct,202 - Wise,577,2035,8,6,2,3,5,2636
Precinct,203 - East Pound,77,420,1,0,1,0,1,500
Precinct,301 - Big Stone Gap,486,1506,3,3,0,2,4,2004
Precinct,302 - East Stone Gap,333,1736,6,4,0,0,8,2087
Precinct,401 - Clinch Valley,322,1520,3,3,1,0,3,1852
Precinct,402 - South Coeburn,237,1608,2,4,1,0,4,1856
Precinct,403 - St Paul,137,495,1,1,0,0,3,637
Precinct,WISE COUNTY PROVISIONALS,63,269,3,1,1,1,0,338
Locality,Wythe County,3075,12267,27,42,13,15,36,15475
Precinct,101 - Royal Oak,90,508,1,2,0,1,0,602
Precinct,102 - Rural Retreat,342,1685,0,2,1,0,7,2037
Precinct,203 - West Wytheville,721,1698,11,8,4,2,2,2446
Precinct,303 - East Wytheville,774,1680,2,10,2,5,7,2480
Precinct,401 - Fort Chiswell,199,1095,2,4,1,0,3,1304
Precinct,402 - Max Meadows,205,1114,6,5,1,2,6,1339
Precinct,501 - Jackson Memorial,135,858,1,5,0,1,1,1001
Precinct,502 - Sheffey,196,1206,0,1,2,2,4,1411
Precinct,601 - Huddle,69,603,0,1,0,0,0,673
Precinct,602 - Zion,152,927,0,1,1,1,4,1086
Precinct,603 Evergreen,142,656,3,3,0,1,2,807
Precinct,WYTHE COUNTY PROVISIONALS,50,237,1,0,1,0,0,289
Locality,York County,18296,20722,163,203,80,76,209,39749
Precinct,101 - Queens Lake,1199,909,6,15,2,6,11,2148
Precinct,102 - Waller Mill,1912,1683,8,17,7,9,19,3655
Precinct,103 - Magruder,2107,1340,13,12,6,8,11,3497
Precinct,201 - Coventry,1691,1686,24,28,8,8,19,3464
Precinct,202 - Kiln Creek,1243,1310,11,15,8,7,16,2610
Precinct,301 - Seaford,958,2435,10,11,2,4,15,3435
Precinct,302 - Yorktown,823,950,3,10,2,4,7,1799
Precinct,303 - Edgehill,1372,1143,13,14,7,6,9,2564
Precinct,401 - Harwoods Mill,1197,1958,11,17,7,6,22,3218
Precinct,402 - Dare,1266,2056,16,13,13,5,16,3385
Precinct,403 - Grafton,961,1303,8,7,3,3,9,2294
Precinct,501 - Tabb,1489,1813,12,22,6,7,27,3376
Precinct,502 - Bethel,1683,1614,18,20,5,2,27,3369
Precinct,YORK COUNTY PROVISIONALS,395,522,10,2,4,1,1,935
