,,Mark Rankin Herring,Mark Dudley Obenshain,Write-Ins,Total Votes Cast,Undervotes
,,Democratic,Republican,,,
State,Virginia,1103777,1103612,4892,2212281,0
Precinct,Ab - Central Absentee Precinct (CD 3),1182,191,0,1373,0
Precinct,Ab - Central Absentee Precinct (CD 7),304,220,1,525,0
Locality,Accomack County,3789,5184,16,8989,0
Precinct,101 - Chincoteague,353,693,0,1046,0
Precinct,201 - Atlantic,128,342,1,471,0
Precinct,202 - Greenbackville,177,364,0,541,0
Precinct,301 - Oak Hall,325,316,1,642,0
Precinct,401 - Bloxom,89,220,0,309,0
Precinct,402 - Parksley,131,331,2,464,0
Precinct,403 - Saxis,31,64,0,95,0
Precinct,501 - Mappsville,172,150,0,322,0
Precinct,502 - Rue,212,81,0,293,0
Precinct,601 - Accomac,299,412,2,713,0
Precinct,602 - Tangier,16,145,1,162,0
Precinct,701 - Onancock,383,488,2,873,0
Precinct,702 - Onley,182,229,1,412,0
Precinct,801 - Bobtown,157,279,3,439,0
Precinct,802 - Melfa,241,247,0,488,0
Precinct,803 - Wachapreague,120,223,0,343,0
Precinct,901 - Painter,605,418,3,1026,0
Precinct,Ab - Central Absentee Precinct,168,182,0,350,0
Precinct,Provisional,0,0,0,0,0
Locality,Albemarle County,19876,14679,44,34599,0
Precinct,101 - Woodbrook,797,661,4,1462,0
Precinct,103 - Branchlands,338,177,0,515,0
Precinct,104 - Agnor-hurt,715,339,1,1055,0
Precinct,105 - Dunlora,815,521,2,1338,0
Precinct,106 - Northside,718,722,1,1441,0
Precinct,201 - Jack Jouett,592,484,1,1077,0
Precinct,202 - University Hall,719,306,0,1025,0
Precinct,203 - Georgetown,715,271,1,987,0
Precinct,204 - Belfield,360,284,0,644,0
Precinct,301 - Ivy,1287,874,2,2163,0
Precinct,302 - Red Hill,842,550,0,1392,0
Precinct,304 - East Ivy,328,255,0,583,0
Precinct,305 - Country Green,648,415,2,1065,0
Precinct,306 - Porters,416,239,0,655,0
Precinct,307 - Yellow Mountain,179,156,0,335,0
Precinct,401 - Scottsville,321,405,1,727,0
Precinct,402 - Monticello,324,325,0,649,0
Precinct,405 - Cale,1323,564,3,1890,0
Precinct,406 - Stone Robinson,656,910,0,1566,0
Precinct,501 - Keswick,367,303,1,671,0
Precinct,502 - Stony Point,408,394,0,802,0
Precinct,503 - Hollymead,623,565,1,1189,0
Precinct,504 - Free Bridge,1033,641,3,1677,0
Precinct,506 - Baker-butler,770,758,3,1531,0
Precinct,601 - Crozet,1107,813,4,1924,0
Precinct,602 - Free Union,374,320,2,696,0
Precinct,603 - Earlysville,803,831,5,1639,0
Precinct,604 - Brownsville,1070,848,1,1919,0
Precinct,Ab - Central Absentee Precinct,1209,735,6,1950,0
Precinct,Provisional,19,13,0,32,0
Locality,Alexandria City,30279,10423,115,40817,0
Precinct,101 - Ladrey Senior Building,652,325,2,979,0
Precinct,102 - City Hall,805,442,3,1250,0
Precinct,103 - Lyles Crouch School,1203,533,5,1741,0
Precinct,104 - Durant Center,1251,403,5,1659,0
Precinct,105 - Lee Center,1077,389,6,1472,0
Precinct,106 - Cora Kelly Center,1226,292,4,1522,0
Precinct,107 - Mt Vernon Recreation Center,1661,412,4,2077,0
Precinct,108 - George Washington Middle Sch,1534,376,8,1918,0
Precinct,109 - Fire Department Headquarters,1142,479,7,1628,0
Precinct,201 - Maury School,1137,378,4,1519,0
Precinct,202 - George Mason School,997,506,3,1506,0
Precinct,203 - Agudas Achim Synagogue,1098,326,5,1429,0
Precinct,204 - Blessed Sacrament Church,1004,441,9,1454,0
Precinct,205 - Douglas Macarthur School,1149,509,5,1663,0
Precinct,206 - Chinquapin Park Recreation Ctr,868,335,2,1205,0
Precinct,207 - Temple Beth El Synagogue,1214,527,4,1745,0
Precinct,208 - Nova Arts Center,879,308,2,1189,0
Precinct,209 - James K Polk School,1253,372,5,1630,0
Precinct,210 - St James Church,559,233,2,794,0
Precinct,302 - Patrick Henry Rec Center,754,197,2,953,0
Precinct,303 - Charles E Beatley Library,980,229,3,1212,0
Precinct,304 - Samuel Tucker School,1109,275,5,1389,0
Precinct,305 - John Adams School,1068,260,5,1333,0
Precinct,306 - William Ramsay School,1050,234,6,1290,0
Precinct,307 - South Port,899,284,1,1184,0
Precinct,308 - Cameron Station Community Ctr,1006,457,0,1463,0
Precinct,Ab - Central Absentee Precinct,2651,877,8,3536,0
Precinct,Provisional,53,24,0,77,0
Locality,Alleghany County,1627,2395,6,4028,0
Precinct,101 - Arritt,130,231,0,361,0
Precinct,103 - Dameron,37,116,0,153,0
Precinct,201 - Humpback Bridge,90,165,0,255,0
Precinct,202 - Dolly Ann,128,202,1,331,0
Precinct,301 - Callaghan,75,145,0,220,0
Precinct,302 - Griffith,127,250,2,379,0
Precinct,401 - Low Moor,101,165,1,267,0
Precinct,402 - Jackson Heights,135,216,0,351,0
Precinct,501 - Iron Gate,76,96,1,173,0
Precinct,502 - Peters Switch,171,265,0,436,0
Precinct,601 - District 1,287,275,1,563,0
Precinct,701 - District 2,227,193,0,420,0
Precinct,Ab - Central Absentee Precinct,43,76,0,119,0
Precinct,Provisional,0,0,0,0,0
Locality,Amelia County,1448,2721,7,4176,0
Precinct,101 - Number One,245,410,0,655,0
Precinct,201 - Number Two,274,526,3,803,0
Precinct,301 - Number Three,224,557,2,783,0
Precinct,401 - Number Four,222,562,0,784,0
Precinct,501 - Number Five,401,534,2,937,0
Precinct,Ab - Central Absentee Precinct,81,132,0,213,0
Precinct,Provisional,1,0,0,1,0
Locality,Amherst County,3008,5857,8,8873,0
Precinct,101 - Wright Shop,334,236,1,571,0
Precinct,102 - New Glasgow,238,429,0,667,0
Precinct,103 - Coolwell,66,259,1,326,0
Precinct,201 - Court House,486,837,1,1324,0
Precinct,202 - Temperance,147,337,1,485,0
Precinct,301 - Monroe,159,366,0,525,0
Precinct,302 - Elon,313,997,2,1312,0
Precinct,303 - Pleasant View,83,206,0,289,0
Precinct,401 - Amelon,445,960,1,1406,0
Precinct,402 - Lonco,93,198,0,291,0
Precinct,501 - Madison,497,859,1,1357,0
Precinct,Ab - Central Absentee Precinct,147,172,0,319,0
Precinct,Provisional,0,1,0,1,0
Locality,Appomattox County,1301,3692,12,5005,0
Precinct,101 - Vera,81,274,1,356,0
Precinct,102 - Pamplin,165,473,1,639,0
Precinct,201 - Chap,82,129,1,212,0
Precinct,202 - Spout Spring,173,645,3,821,0
Precinct,301 - Us 460,104,369,1,474,0
Precinct,302 - Stonewall,131,395,0,526,0
Precinct,401 - Courthouse,207,606,1,814,0
Precinct,501 - Oakville,218,496,4,718,0
Precinct,502 - Agee,91,172,0,263,0
Precinct,Ab - Central Absentee Precinct,49,132,0,181,0
Precinct,Provisional,0,1,0,1,0
Locality,Arlington County,49919,16694,192,66805,0
Precinct,1 - Arlington,717,158,1,876,0
Precinct,2 - Ashton Heights,1037,287,2,1326,0
Precinct,3 - Aurora Hills,678,302,1,981,0
Precinct,4 - Ballston,800,321,7,1128,0
Precinct,5 - Barcroft,863,270,3,1136,0
Precinct,6 - Crystal City,599,288,4,891,0
Precinct,7 - Cherrydale,1035,348,5,1388,0
Precinct,8 - Hume,900,414,5,1319,0
Precinct,9 - Columbia,1112,246,9,1367,0
Precinct,10 - Wilson,866,322,3,1191,0
Precinct,11 - East Falls Church,723,314,1,1038,0
Precinct,12 - Fairlington,1004,385,5,1394,0
Precinct,13 - Glen Carlyn,646,187,3,836,0
Precinct,14 - Clarendon,630,254,2,886,0
Precinct,15 - Lyon Park,854,267,1,1122,0
Precinct,16 - Lyon Village,936,307,1,1244,0
Precinct,17 - Overlee Knolls,1128,399,3,1530,0
Precinct,18 - Park Lane,1048,319,3,1370,0
Precinct,19 - Rosslyn,997,309,5,1311,0
Precinct,20 - Thrifton,1009,497,3,1509,0
Precinct,21 - Virginia Highlands,947,456,4,1407,0
Precinct,22 - Abingdon,1065,382,3,1450,0
Precinct,23 - Westover,1019,346,4,1369,0
Precinct,24 - Woodlawn,1292,352,5,1649,0
Precinct,25 - Arlington Forest,833,241,3,1077,0
Precinct,26 - Fillmore,1122,305,2,1429,0
Precinct,27 - Jefferson,1000,331,4,1335,0
Precinct,28 - Claremont,1074,266,3,1343,0
Precinct,29 - Dominion Hills,1150,378,3,1531,0
Precinct,30 - Glebe,873,176,3,1052,0
Precinct,31 - Lexington,1143,359,9,1511,0
Precinct,32 - Oakridge,386,200,3,589,0
Precinct,33 - Rock Spring,1084,463,2,1549,0
Precinct,34 - Yorktown,965,381,0,1346,0
Precinct,35 - Madison,1052,615,9,1676,0
Precinct,36 - Marshall,1087,395,5,1487,0
Precinct,37 - Nottingham,952,394,1,1347,0
Precinct,38 - Arlington View,746,145,6,897,0
Precinct,39 - Ashlawn,582,219,4,805,0
Precinct,40 - Virginia Square,781,316,6,1103,0
Precinct,41 - Woodbury,723,261,3,987,0
Precinct,42 - Shirlington,704,208,3,915,0
Precinct,43 - Arlington Mill,592,98,1,691,0
Precinct,44 - Dawson Terrace,649,193,3,845,0
Precinct,45 - Buckingham,710,197,2,909,0
Precinct,46 - Central,808,308,5,1121,0
Precinct,47 - Four Mile Run,655,177,1,833,0
Precinct,48 - Courtlands,654,251,4,909,0
Precinct,49 - Monroe,490,145,3,638,0
Precinct,50 - Crystal Plaza,535,269,1,805,0
Precinct,51 - Taylor,256,107,0,363,0
Precinct,52 - Gunston,464,207,2,673,0
Precinct,Ab - Central Absentee Precinct,5885,1338,18,7241,0
Precinct,Provisional,59,21,0,80,0
Locality,Augusta County,5160,14959,30,20149,0
Precinct,101 - Jolivue,152,354,1,507,0
Precinct,102 - Stuarts Draft Elementary,158,365,1,524,0
Precinct,103 - Verona,227,695,0,922,0
Precinct,201 - Crimora,242,769,1,1012,0
Precinct,202 - New Hope,166,542,0,708,0
Precinct,203 - Weyers Cave,206,847,4,1057,0
Precinct,301 - Fort Defiance,448,1236,6,1690,0
Precinct,302 - North River,92,349,1,442,0
Precinct,303 - Mount Solon,100,484,1,585,0
Precinct,304 - Churchville Fire Station,101,376,0,477,0
Precinct,401 - Buffalo Gap,162,459,0,621,0
Precinct,402 - Churchville Elementary,134,435,2,571,0
Precinct,403 - Craigsville,69,269,0,338,0
Precinct,404 - Deerfield,39,142,0,181,0
Precinct,405 - Cedar Green,233,527,1,761,0
Precinct,501 - Greenville,207,683,0,890,0
Precinct,502 - Middlebrook,136,398,1,535,0
Precinct,503 - Spottswood,134,378,0,512,0
Precinct,504 - White Hill,218,703,2,923,0
Precinct,601 - Sherando,173,474,0,647,0
Precinct,602 - Stuarts Draft Rescue,349,1062,4,1415,0
Precinct,603 - Lyndhurst,295,742,0,1037,0
Precinct,801 - Dooms,168,555,0,723,0
Precinct,802 - Fishersville,426,1005,3,1434,0
Precinct,803 - Wilson,319,649,1,969,0
Precinct,Ab - Central Absentee Precinct,206,457,1,664,0
Precinct,Provisional,0,4,0,4,0
Locality,Bath County,402,785,2,1189,0
Precinct,101 - Warm Springs,71,128,1,200,0
Precinct,102 - Mountain Grove,12,36,0,48,0
Precinct,201 - Hot Springs,67,109,0,176,0
Precinct,301 - Fairview,44,134,0,178,0
Precinct,302 - Burnsville,10,32,0,42,0
Precinct,401 - Millboro,82,171,0,253,0
Precinct,501 - Healing Springs,86,147,1,234,0
Precinct,Ab - Central Absentee Precinct,30,28,0,58,0
Locality,Bedford County,6141,18631,38,24810,0
Precinct,101 - Goodview Elem School (CD 5),212,795,2,1009,0
Precinct,102 - Hardy Vol Fire Co (CD 5),121,351,0,472,0
Precinct,103 - Chamblissburg Baptist Church (CD 5),191,505,4,700,0
Precinct,104 - Stewartsville Rescue Squad (CD 5),172,457,4,633,0
Precinct,201 - Bedford Christian Church (CD 5),94,278,0,372,0
Precinct,202 - Staunton River High School (CD 5),131,345,2,478,0
Precinct,203 - Moneta Elem School (CD 5),285,762,0,1047,0
Precinct,204 - Body Camp Elem School (CD 5),73,231,0,304,0
Precinct,205 - Saunders Vol Fire Co (CD 5),244,646,0,890,0
Precinct,301 - New London Academy (CD 6),324,1353,3,1680,0
Precinct,302 - Bedford Regional Water Auth (CD 5),184,538,1,723,0
Precinct,303 - Bethesda United Methodist Church (CD 5),125,367,0,492,0
Precinct,304 - Forest Youth Athletic Assoc (CD 6),124,403,0,527,0
Precinct,305 - Huddleston Elem School (CD 5),82,291,0,373,0
Precinct,401 - Forest Elementary School (CD 6),222,857,2,1081,0
Precinct,402 - Thomas Jefferson Elem School (CD 6),163,582,0,745,0
Precinct,403 - Knights Of Columbus Bldg (CD 6),352,1074,1,1427,0
Precinct,404 - St. Paul Baptist Church (CD 6),249,907,3,1159,0
Precinct,502 - Big Island Elem School (CD 6),96,206,1,303,0
Precinct,503 - Sedalia Center (CD 6),86,269,0,355,0
Precinct,504 - Suck Springs Baptist Church (CD 6),150,433,2,585,0
Precinct,505 - Boonsboro Elementary School (CD 6),303,801,2,1106,0
Precinct,506 - Boonsboro Ruritan Club (CD 6),313,1119,4,1436,0
Precinct,601 - Montvale Elem School (CD 6),163,563,1,727,0
Precinct,602 - Shady Grove Fire Department (CD 5),183,562,0,745,0
Precinct,603 - Thaxton Community Center (CD 5),44,131,1,176,0
Precinct,604 - Bedford Welcome Center (CD 5),344,729,1,1074,0
Precinct,701 - Goode Vol Rescue Squad (CD 5),198,912,0,1110,0
Precinct,702 - Liberty High School (CD 5),167,457,2,626,0
Precinct,703 - Thaxton Elem School (CD 5),105,319,0,424,0
Precinct,704 - Bedford Central Library (CD 5),371,730,2,1103,0
Precinct,Ab - Central Absentee Precinct (CD 5),153,362,0,515,0
Precinct,Ab - Central Absentee Precinct (CD 6),117,293,0,410,0
Precinct,Provisional (CD 5),0,1,0,1,0
Precinct,Provisional (CD 6),0,2,0,2,0
Locality,Bland County,432,1368,2,1802,0
Precinct,101 - Bastian,45,164,1,210,0
Precinct,102 - Ceres,55,173,0,228,0
Precinct,201 - Davis,28,40,0,68,0
Precinct,202 - Seddon,96,332,1,429,0
Precinct,301 - Hollybrook,47,153,0,200,0
Precinct,302 - Mechanicsburg,17,81,0,98,0
Precinct,401 - Rocky Gap,123,370,0,493,0
Precinct,Ab - Central Absentee Precinct,21,55,0,76,0
Precinct,Provisional,0,0,0,0,0
Locality,Botetourt County,2920,8342,20,11282,0
Precinct,101 - Amsterdam,322,758,3,1083,0
Precinct,102 - Asbury,295,974,2,1271,0
Precinct,201 - Blue Ridge,252,852,2,1106,0
Precinct,202 - Rainbow Forest,308,847,4,1159,0
Precinct,301 - Buchanan,167,507,0,674,0
Precinct,302 - Mill Creek,139,447,0,586,0
Precinct,303 - Roaring Run,62,165,0,227,0
Precinct,304 - Springwood,89,333,2,424,0
Precinct,402 - Courthouse,185,381,0,566,0
Precinct,403 - Eagle Rock,104,289,0,393,0
Precinct,404 - Glen Wilton,76,177,1,254,0
Precinct,405 - Oriskany,7,33,0,40,0
Precinct,406 - Town Hall,175,611,0,786,0
Precinct,501 - Coyner Springs,149,366,2,517,0
Precinct,502 - Cloverdale,365,919,3,1287,0
Precinct,503 - Troutville,79,286,0,365,0
Precinct,Ab - Central Absentee Precinct,145,394,1,540,0
Precinct,Provisional,1,3,0,4,0
Locality,Bristol City,1205,2740,9,3954,0
Precinct,1 - First Ward,218,452,0,670,0
Precinct,2 - Second Ward,325,642,2,969,0
Precinct,3 - Third Ward,208,318,1,527,0
Precinct,4 - Fourth Ward,376,1218,6,1600,0
Precinct,Ab - Central Absentee Precinct,78,109,0,187,0
Precinct,Provisional,0,1,0,1,0
Locality,Brunswick County,2677,1760,3,4440,0
Precinct,101 - Brodnax,126,97,0,223,0
Precinct,102 - Rock Store,142,172,0,314,0
Precinct,103 - Tillman,138,233,0,371,0
Precinct,201 - Dromgoole,90,65,1,156,0
Precinct,202 - Edgerton,290,101,0,391,0
Precinct,203 - Fitzhugh,234,97,0,331,0
Precinct,301 - Alberta,37,50,0,87,0
Precinct,302 - Danieltown,223,188,0,411,0
Precinct,303 - Elmore,119,79,0,198,0
Precinct,304 - Seymour,109,65,1,175,0
Precinct,401 - Sturgeon,402,224,0,626,0
Precinct,402 - King's Store,186,65,0,251,0
Precinct,501 - Totaro,481,181,1,663,0
Precinct,Ab - Central Absentee Precinct,100,143,0,243,0
Locality,Buchanan County,1529,3209,4,4742,0
Precinct,102 - Blackey,54,139,0,193,0
Precinct,103 - Hurley,66,347,0,413,0
Precinct,201 - Grassy,29,30,0,59,0
Precinct,202 - Bull,73,176,1,250,0
Precinct,203 - Rocklick,58,219,0,277,0
Precinct,301 - Slate,102,259,0,361,0
Precinct,302 - North Grundy,84,217,0,301,0
Precinct,403 - South Grundy,133,381,0,514,0
Precinct,404 - Oakwood,10,29,0,39,0
Precinct,501 - Prater,135,135,0,270,0
Precinct,502 - Fox,61,28,0,89,0
Precinct,503 - Vansant,97,219,1,317,0
Precinct,601 - Council,69,115,0,184,0
Precinct,602 - Garden,106,202,0,308,0
Precinct,603 - Hurricane,105,103,0,208,0
Precinct,701 - Whitewood,134,236,2,372,0
Precinct,702 - Contrary,95,205,0,300,0
Precinct,Ab - Central Absentee Precinct,118,168,0,286,0
Precinct,Provisional,0,1,0,1,0
Locality,Buckingham County,1813,2226,3,4042,0
Precinct,101 - New Canton,261,271,0,532,0
Precinct,102 - Georgia Creek,46,93,0,139,0
Precinct,201 - White Hall,180,175,0,355,0
Precinct,301 - Curdsville,156,251,0,407,0
Precinct,302 - New Store,72,224,0,296,0
Precinct,401 - Maysville,262,378,3,643,0
Precinct,501 - Wrights,82,156,0,238,0
Precinct,502 - Glenmore,208,162,0,370,0
Precinct,601 - Slate River,303,202,0,505,0
Precinct,701 - Gold Hill,158,216,0,374,0
Precinct,Ab - Central Absentee Precinct,84,98,0,182,0
Precinct,Provisional,1,0,0,1,0
Locality,Buena Vista City,425,803,2,1230,0
Precinct,1 - First Ward,235,454,2,691,0
Precinct,2 - Second Ward,190,349,0,539,0
Locality,Campbell County,3787,11776,16,15579,0
Precinct,101 - Brookville,343,1112,1,1456,0
Precinct,102 - New London,224,975,0,1199,0
Precinct,201 - Walker,218,734,0,952,0
Precinct,202 - Bedford Springs,294,993,0,1287,0
Precinct,301 - Evington,125,311,2,438,0
Precinct,302 - Otter River,111,312,0,423,0
Precinct,303 - Altavista,383,701,2,1086,0
Precinct,401 - Three Forks,146,667,0,813,0
Precinct,402 - Court House,286,1148,3,1437,0
Precinct,501 - Spring Hill,234,1071,2,1307,0
Precinct,502 - Yellow Branch,219,488,1,708,0
Precinct,601 - Kings,235,593,0,828,0
Precinct,602 - Concord,288,953,1,1242,0
Precinct,701 - Brookneal,203,452,2,657,0
Precinct,702 - Gladys,233,625,1,859,0
Precinct,703 - Morris Church,113,300,0,413,0
Precinct,AB - Central Absentee Precinct,128,337,1,466,0
Precinct,Provisional,4,4,0,8,0
Locality,Caroline County,3973,3722,23,7718,0
Precinct,101 - Bowling Green,271,474,5,750,0
Precinct,102 - Sparta,239,333,0,572,0
Precinct,201 - North Madison,258,245,2,505,0
Precinct,202 - South Madison,342,352,4,698,0
Precinct,301 - Port Royal,136,169,2,307,0
Precinct,302 - Woodford,433,385,1,819,0
Precinct,401 - Dawn,729,353,2,1084,0
Precinct,402 - Carmel Church,251,119,2,372,0
Precinct,501 - West Mattaponi,414,279,1,694,0
Precinct,502 - Milford,271,282,1,554,0
Precinct,601 - Chilesburg,321,320,1,642,0
Precinct,602 - Lake,181,258,2,441,0
Precinct,Ab - Central Absentee Precinct,126,148,0,274,0
Precinct,Provisional,1,5,0,6,0
Locality,Carroll County,2240,5466,9,7715,0
Precinct,101 - Mt Bethel,93,170,0,263,0
Precinct,102 - St Paul,97,330,1,428,0
Precinct,103 - Lambsburg,79,166,0,245,0
Precinct,105 - Fancy Gap,115,277,0,392,0
Precinct,201 - Hillsville B,323,608,1,932,0
Precinct,202 - Laurel Fork,88,216,0,304,0
Precinct,203 - Gladesboro,128,318,1,447,0
Precinct,301 - Hillsville C,322,653,2,977,0
Precinct,302 - Sylvatus,94,241,0,335,0
Precinct,303 - Dugspur,49,153,1,203,0
Precinct,402 - Woodlawn D,193,462,0,655,0
Precinct,403 - Oakland D,96,263,1,360,0
Precinct,405 - Oakland A,102,239,0,341,0
Precinct,406 - Woodlawn F,18,102,0,120,0
Precinct,501 - Vaughan,41,171,0,212,0
Precinct,502 - Gladeville,133,407,0,540,0
Precinct,503 - Woodlawn E,82,229,0,311,0
Precinct,504 - Laurel,83,231,1,315,0
Precinct,Ab - Central Absentee Precinct,104,229,1,334,0
Precinct,Provisional,0,1,0,1,0
Locality,Charles City County,1581,927,3,2511,0
Precinct,101 - Precinct 1-1,427,331,1,759,0
Precinct,201 - Precinct 2-1,484,205,0,689,0
Precinct,301 - Precinct 3-1,535,335,2,872,0
Precinct,Ab - Central Absentee Precinct,134,55,0,189,0
Precinct,Provisional,1,1,0,2,0
Locality,Charlotte County,1350,2296,3,3649,0
Precinct,101 - County Seat,198,314,0,512,0
Precinct,201 - Red Oak Wylliesburg,212,375,1,588,0
Precinct,302 - Drakes Branch,155,255,0,410,0
Precinct,401 - Keysville,178,359,0,537,0
Precinct,501 - Cullen,89,192,1,282,0
Precinct,503 - Red House,98,103,0,201,0
Precinct,602 - Phenix,151,369,1,521,0
Precinct,701 - Bacon,119,116,0,235,0
Precinct,702 - Saxe,88,157,0,245,0
Precinct,Ab - Central Absentee Precinct,62,55,0,117,0
Precinct,Provisional,0,1,0,1,0
Locality,Charlottesville City,9797,2506,14,12317,0
Precinct,101 - Recreation,1332,313,2,1647,0
Precinct,102 - Clark,1317,260,1,1578,0
Precinct,201 - Carver,1060,179,0,1239,0
Precinct,202 - Walker,1538,529,3,2070,0
Precinct,301 - Benjamin Tonsler,897,157,3,1057,0
Precinct,302 - Johnson,1175,377,1,1553,0
Precinct,303 - Buford,520,113,2,635,0
Precinct,401 - Venable,457,138,1,596,0
Precinct,402 - Alumni Hall,715,294,0,1009,0
Precinct,Ab - Central Absentee Precinct,778,143,0,921,0
Precinct,Provisional,8,3,1,12,0
Locality,Chesapeake City,30706,31700,157,62563,0
Precinct,1 - Great Bridge,377,775,2,1154,0
Precinct,2 - Bethel,261,747,5,1013,0
Precinct,3 - Camelot,1343,94,2,1439,0
Precinct,4 - Churchland,317,621,2,940,0
Precinct,5 - Crestwood,987,100,3,1090,0
Precinct,6 - Deep Creek,838,798,3,1639,0
Precinct,7 - Greenbrier,553,827,6,1386,0
Precinct,8 - South Norfolk Recreation,498,474,1,973,0
Precinct,9 - Bells Mill,606,1099,7,1712,0
Precinct,10 - Oscar Smith,229,265,3,497,0
Precinct,11 - Geneva Park,319,419,6,744,0
Precinct,12 - Georgetown,872,158,1,1031,0
Precinct,13 - Gilmerton,468,567,0,1035,0
Precinct,14 - Grassfield,99,173,0,272,0
Precinct,15 - B M Williams,495,391,6,892,0
Precinct,16 - Hickory Grove,330,814,4,1148,0
Precinct,17 - Indian Creek,229,531,2,762,0
Precinct,18 - Indian River,415,244,3,662,0
Precinct,19 - Jolliff,282,561,0,843,0
Precinct,20 - E W Chittum,565,743,5,1313,0
Precinct,21 - Fellowship,406,617,2,1025,0
Precinct,22 - Norfolk Highlands,243,370,3,616,0
Precinct,23 - Oak Grove,522,460,1,983,0
Precinct,24 - Oaklette,494,326,4,824,0
Precinct,25 - St Julians,260,263,6,529,0
Precinct,26 - Johnson Park,246,125,0,371,0
Precinct,27 - Silverwood,572,823,3,1398,0
Precinct,28 - Sunray I,26,105,1,132,0
Precinct,29 - Tanglewood,284,605,2,891,0
Precinct,30 - South Norfolk,482,27,0,509,0
Precinct,31 - Carver School,943,143,1,1087,0
Precinct,32 - Providence,1145,77,4,1226,0
Precinct,33 - Westover,215,345,0,560,0
Precinct,34 - Hickory Middle School,414,1122,3,1539,0
Precinct,35 - Taylor Road,466,194,2,662,0
Precinct,36 - Great Bridge Baptist Church,462,884,3,1349,0
Precinct,37 - Bridgetown,347,609,8,964,0
Precinct,38 - Bailey Creek,310,741,2,1053,0
Precinct,39 - Lake Drummond,183,339,1,523,0
Precinct,40 - River Birch,571,526,1,1098,0
Precinct,41 - John T West,891,696,3,1590,0
Precinct,42 - Parkways,480,399,1,880,0
Precinct,43 - Pleasant Crossing,292,786,1,1079,0
Precinct,44 - Nansemond,405,361,3,769,0
Precinct,45 - Sunray II,278,126,1,405,0
Precinct,46 - Bells Mill II,456,538,0,994,0
Precinct,47 - Green Sea,172,482,3,657,0
Precinct,48 - Jolliff Middle School,1021,95,2,1118,0
Precinct,49 - Waterway,735,1041,3,1779,0
Precinct,50 - River Walk,627,523,3,1153,0
Precinct,51 - Coopers Way,336,1029,3,1368,0
Precinct,52 - Shipyard Road,597,380,1,978,0
Precinct,53 - Fairways,396,320,3,719,0
Precinct,54 - Pughsville,743,291,2,1036,0
Precinct,55 - Georgetown East,658,160,3,821,0
Precinct,56 - Green Tree,500,377,0,877,0
Precinct,57 - Cypress,493,450,0,943,0
Precinct,58 - Expressway,282,97,1,380,0
Precinct,59 - Clearfield,286,344,2,632,0
Precinct,60 - Parker Road,438,950,5,1393,0
Precinct,61 - Centerville,243,772,2,1017,0
Precinct,62 - Fentress,383,790,2,1175,0
Precinct,63 - Poplar Branch,173,577,2,752,0
Precinct,Ab - Central Absentee Precinct,1119,985,2,2106,0
Precinct,Provisional,28,29,1,58,0
Locality,Chesterfield County,46508,57099,358,103965,0
Precinct,101 - Bellwood (CD 4),318,388,2,708,0
Precinct,102 - South Chester (CD 4),600,777,7,1384,0
Precinct,103 - Enon (CD 4),502,947,7,1456,0
Precinct,104 - North Chester (CD 4),520,1014,8,1542,0
Precinct,105 - Drewrys Bluff (CD 4),528,368,2,898,0
Precinct,106 - Harrowgate (CD 4),982,903,7,1892,0
Precinct,107 - Wells (CD 4),617,725,6,1348,0
Precinct,108 - Ecoff (CD 4),660,1285,13,1958,0
Precinct,109 - Elizabeth Scott (CD 4),912,1070,6,1988,0
Precinct,110 - Dutch Gap (CD 4),441,536,2,979,0
Precinct,111 - Iron Bridge (CD 4),1066,1147,6,2219,0
Precinct,112 - Carver (CD 4),628,579,13,1220,0
Precinct,201 - Gates (CD 4),468,611,3,1082,0
Precinct,202 - Beulah (CD 4),891,605,6,1502,0
Precinct,203 - Bird (CD 4),517,357,0,874,0
Precinct,204 - Jacobs (CD 4),471,480,6,957,0
Precinct,205 - Falling Creek (CD 4),1023,587,6,1616,0
Precinct,206 - Belmont (CD 7),613,163,2,778,0
Precinct,207 - Chippenham (CD 4),315,161,1,477,0
Precinct,208 - Meadowbrook (CD 4),934,387,3,1324,0
Precinct,209 - Salem Church (CD 4),650,873,5,1528,0
Precinct,210 - Five Forks (CD 4),994,701,2,1697,0
Precinct,211 - Nash (CD 4),668,1408,4,2080,0
Precinct,212 - St. Luke's (CD 4),356,511,2,869,0
Precinct,213 - Southside (CD 4),1584,493,2,2079,0
Precinct,214 - Hopkins (CD 4),139,34,0,173,0
Precinct,301 - Ettrick (CD 4),1185,287,3,1475,0
Precinct,302 - Deer Run (CD 4),222,399,3,624,0
Precinct,303 - Matoaca (CD 4),903,822,2,1727,0
Precinct,304 - Winfrees Store (CD 4),482,1269,6,1757,0
Precinct,305 - Beach (CD 4),415,750,4,1169,0
Precinct,306 - Winterpock (CD 4),455,1342,2,1799,0
Precinct,307 - Cosby (CD 4),582,1013,7,1602,0
Precinct,308 - South Manchester (CD 4),215,218,0,433,0
Precinct,309 - Skinquarter (CD 7),510,1240,7,1757,0
Precinct,310 - Tomahawk (CD 7),638,1064,1,1703,0
Precinct,313 - Woolridge (CD 7),783,1249,6,2038,0
Precinct,315 - Bailey Bridge (CD 4),462,1098,6,1566,0
Precinct,316 - Spring Run (CD 4),566,836,7,1409,0
Precinct,317 - Birkdale (CD 4),649,1079,5,1733,0
Precinct,401 - Harbour Pointe (CD 7),430,575,4,1009,0
Precinct,402 - Genito (CD 7),941,1054,6,2001,0
Precinct,403 - Brandermill (CD 7),684,976,12,1672,0
Precinct,404 - Providence (CD 7),724,689,9,1422,0
Precinct,405 - La Prade (CD 7),743,909,8,1660,0
Precinct,406 - Smoketree (CD 7),536,967,7,1510,0
Precinct,407 - Monacan (CD 7),359,548,3,910,0
Precinct,408 - Reams (CD 7),1014,765,7,1786,0
Precinct,409 - Manchester (CD 7),381,418,2,801,0
Precinct,410 - Wagstaff (CD 7),373,480,2,855,0
Precinct,411 - Swift Creek (CD 7),675,898,4,1577,0
Precinct,413 - Shenandoah (CD 7),601,690,3,1294,0
Precinct,414 - Crenshaw (CD 4),785,1017,12,1814,0
Precinct,415 - Evergreen (CD 7),655,924,11,1590,0
Precinct,416 - Evergreen West (CD 7),220,317,3,540,0
Precinct,417 - Edgewater (CD 7),219,331,1,551,0
Precinct,501 - Huguenot (CD 7),580,669,6,1255,0
Precinct,502 - Crestwood (CD 7),393,550,4,947,0
Precinct,503 - Midlothian (CD 7),487,879,1,1367,0
Precinct,504 - Robious (CD 7),813,1469,8,2290,0
Precinct,505 - Bon Air (CD 7),822,953,10,1785,0
Precinct,506 - Greenfield (CD 7),763,815,6,1584,0
Precinct,507 - Salisbury (CD 7),711,1528,7,2246,0
Precinct,508 - Belgrade (CD 7),682,836,5,1523,0
Precinct,509 - Cranbeck (CD 7),422,436,3,861,0
Precinct,510 - Sycamore (CD 7),609,1174,5,1788,0
Precinct,511 - Black Heath (CD 7),389,795,6,1190,0
Precinct,513 - Beaufont (CD 7),402,184,4,590,0
Precinct,514 - Watkins (CD 7),691,1231,7,1929,0
Precinct,515 - Davis (CD 7),871,252,3,1126,0
Precinct,516 - Pocoshock (CD 7),591,198,1,790,0
Precinct,517 - Roseland (CD 7),66,160,0,226,0
Precinct,518 - Midlothian North (CD 7),487,1086,3,1576,0
Precinct,Ab - Central Absentee Precinct (CD 4),1012,1324,3,2339,0
Precinct,Ab - Central Absentee Precinct (CD 7),885,1181,1,2067,0
Precinct,Provisional (CD 4),14,15,1,30,0
Precinct,Provisional (CD 7),14,30,0,44,0
Locality,Clarke County,2150,2708,5,4863,0
Precinct,101 - Russell,362,617,1,980,0
Precinct,201 - Berryville,408,417,2,827,0
Precinct,301 - Millwood,311,350,0,661,0
Precinct,302 - Pine Grove,139,166,0,305,0
Precinct,401 - White Post,375,521,1,897,0
Precinct,501 - Buckmarsh,302,391,0,693,0
Precinct,502 - Blue Ridge,102,116,1,219,0
Precinct,Ab - Central Absentee Precinct,151,130,0,281,0
Precinct,Provisional,0,0,0,0,0
Locality,Colonial Heights City,1310,3631,17,4958,0
Precinct,1 - First,181,432,3,616,0
Precinct,2 - Second,201,549,0,750,0
Precinct,3 - Third,280,646,2,928,0
Precinct,4 - Fourth,291,751,4,1046,0
Precinct,5 - Fifth,267,956,8,1231,0
Precinct,Ab - Central Absentee Precinct,90,297,0,387,0
Precinct,Provisional,0,0,0,0,0
Locality,Covington City,562,674,1,1237,0
Precinct,101 - Precinct 1-1,75,76,0,151,0
Precinct,201 - Precinct 2-1,116,117,1,234,0
Precinct,301 - Precinct 3-1,123,62,0,185,0
Precinct,401 - Precinct 4-1,117,211,0,328,0
Precinct,501 - Precinct 5-1,111,187,0,298,0
Precinct,Ab - Central Absentee Precinct,20,21,0,41,0
Precinct,Provisional,0,0,0,0,0
Locality,Craig County,425,1178,2,1605,0
Precinct,101 - Court House,58,225,0,283,0
Precinct,201 - Ammendale Precinct,56,264,0,320,0
Precinct,202 - North Mountain,20,36,0,56,0
Precinct,301 - Givens & Reynolds Store,81,118,0,199,0
Precinct,302 - Mcguires Store,41,52,1,94,0
Precinct,303 - Marshalls Store,12,71,0,83,0
Precinct,401 - Barbours Creek,27,70,0,97,0
Precinct,402 - Paint Bank,12,12,1,25,0
Precinct,403 - Craig Springs,25,102,0,127,0
Precinct,404 - Forks Of Johns Creek,20,25,0,45,0
Precinct,501 - Craig City,73,203,0,276,0
Precinct,Provisional,0,0,0,0,0
Locality,Culpeper County,4231,7567,20,11818,0
Precinct,101 - West Fairfax,603,770,1,1374,0
Precinct,201 - East Fairfax,444,490,2,936,0
Precinct,302 - Eggbornsville,197,483,3,683,0
Precinct,303 - Cardova,180,379,0,559,0
Precinct,304 - Willow Shade,129,128,0,257,0
Precinct,401 - Eldorado,247,498,2,747,0
Precinct,402 - Browns Store,420,825,2,1247,0
Precinct,501 - Jeffersonton,361,736,2,1099,0
Precinct,502 - Rixeyville,308,692,2,1002,0
Precinct,601 - Mitchells,68,126,0,194,0
Precinct,602 - Pearl Sample,362,655,1,1018,0
Precinct,603 - South Ridge,151,191,1,343,0
Precinct,702 - Brandy Station,302,694,0,996,0
Precinct,703 - Lignum,157,337,3,497,0
Precinct,704 - Richardsville,76,180,0,256,0
Precinct,Ab - Central Absentee Precinct,222,378,1,601,0
Precinct,Provisional,4,5,0,9,0
Locality,Cumberland County,1243,1603,4,2850,0
Precinct,101 - Precinct 1,274,367,1,642,0
Precinct,201 - Precinct 2,187,374,1,562,0
Precinct,301 - Precinct 3,318,205,0,523,0
Precinct,401 - Precinct 4,196,312,0,508,0
Precinct,501 - Precinct 5,229,305,2,536,0
Precinct,Ab - Central Absentee Precinct,39,40,0,79,0
Precinct,Provisional,0,0,0,0,0
Locality,Danville City,5158,5182,4,10344,0
Precinct,1 - Ward One,149,27,1,177,0
Precinct,2 - Ward Two,197,131,0,328,0
Precinct,3 - Ward Three,256,37,0,293,0
Precinct,4 - Ward Four,486,642,0,1128,0
Precinct,5 - Ward Five,160,230,1,391,0
Precinct,6 - Ward Six,231,38,0,269,0
Precinct,7 - Ward Seven,336,77,0,413,0
Precinct,8 - Ward Eight,251,218,0,469,0
Precinct,9 - Ward Nine,206,199,0,405,0
Precinct,10 - Ward Ten,262,368,0,630,0
Precinct,11 - Ward Eleven,510,367,1,878,0
Precinct,12 - Ward Twelve,531,465,0,996,0
Precinct,13 - Ward Thirteen,408,392,0,800,0
Precinct,14 - Ward Fourteen,100,12,0,112,0
Precinct,15 - Ward Fifteen,328,431,0,759,0
Precinct,16 - Ward Sixteen,304,587,1,892,0
Precinct,17 - Ward Seventeen,208,653,0,861,0
Precinct,Ab - Central Absentee Precinct,234,304,0,538,0
Precinct,Provisional,1,4,0,5,0
Locality,Dickenson County,1184,2213,6,3403,0
Precinct,101 - South Clintwood,251,499,1,751,0
Precinct,201 - Nora,68,145,0,213,0
Precinct,202 - Frying Pan,31,64,0,95,0
Precinct,203 - Clinchco,112,153,0,265,0
Precinct,301 - West Dante,21,100,0,121,0
Precinct,302 - Herald,46,159,1,206,0
Precinct,303 - Ridge,55,283,1,339,0
Precinct,401 - Haysi-colley,249,266,2,517,0
Precinct,501 - Tarpon,81,75,0,156,0
Precinct,502 - North Clintwood,151,324,1,476,0
Precinct,Ab - Central Absentee Precinct,119,145,0,264,0
Precinct,Provisional,0,0,0,0,0
Locality,Dinwiddie County,3502,3810,13,7325,0
Precinct,101 - White Oak,96,228,0,324,0
Precinct,102 - Rocky Run,138,305,2,445,0
Precinct,103 - Church Road,174,524,1,699,0
Precinct,201 - Rohoic,186,147,2,335,0
Precinct,202 - Sutherland,423,554,0,977,0
Precinct,301 - Reams,123,197,0,320,0
Precinct,302 - New Hope,215,310,2,527,0
Precinct,303 - Little Zion,468,293,0,761,0
Precinct,401 - Dinwiddie,345,407,2,754,0
Precinct,402 - Mckenney,220,238,0,458,0
Precinct,403 - Cherry Hill,185,134,1,320,0
Precinct,501 - Edgehill,102,30,0,132,0
Precinct,502 - Chesdin,701,308,3,1012,0
Precinct,Ab - Central Absentee Precinct,126,135,0,261,0
Precinct,Provisional,0,0,0,0,0
Locality,Emporia City,945,653,2,1600,0
Precinct,101 - Precinct 1-1,196,79,0,275,0
Precinct,201 - Precinct 2-1,122,22,0,144,0
Precinct,301 - Precinct 3-1,98,150,1,249,0
Precinct,401 - Precinct 4-1,157,153,0,310,0
Precinct,501 - Precinct 5-1,138,6,0,144,0
Precinct,601 - District 6,115,174,1,290,0
Precinct,701 - District 7,119,69,0,188,0
Precinct,Provisional,0,0,0,0,0
Locality,Essex County,1445,1618,2,3065,0
Precinct,101 - Greater Tappahannock,292,377,2,671,0
Precinct,201 - North,454,227,0,681,0
Precinct,301 - South,294,504,0,798,0
Precinct,401 - Central,322,428,0,750,0
Precinct,Ab - Central Absentee Precinct,83,81,0,164,0
Precinct,Provisional,0,1,0,1,0
Locality,Fairfax City,4150,2948,9,7107,0
Precinct,1 - One,557,374,2,933,0
Precinct,2 - Two,598,479,4,1081,0
Precinct,3 - Three,825,580,1,1406,0
Precinct,4 - Four,706,465,1,1172,0
Precinct,5 - Five,608,403,1,1012,0
Precinct,6 - Six,527,396,0,923,0
Precinct,Ab - Central Absentee Precinct,326,247,0,573,0
Precinct,Provisional,3,4,0,7,0
Locality,Fairfax County,184963,117425,695,303083,0
Precinct,104 - Chapel (CD 11),711,538,1,1250,0
Precinct,105 - Fairview (CD 11),1222,887,3,2112,0
Precinct,106 - Heritage (CD 11),846,318,1,1165,0
Precinct,108 - Kings Park (CD 11),662,519,8,1189,0
Precinct,109 - Little Run (CD 11),972,685,2,1659,0
Precinct,110 - North Springfield (CD 11),986,688,1,1675,0
Precinct,113 - Canterbury (CD 11),1231,860,3,2094,0
Precinct,115 - Ravensworth (CD 11),450,368,5,823,0
Precinct,116 - Wakefield (CD 11),761,454,4,1219,0
Precinct,117 - Woodson (CD 11),732,563,4,1299,0
Precinct,118 - Lake Braddock (CD 11),1003,564,7,1574,0
Precinct,119 - Laurel (CD 11),1088,830,8,1926,0
Precinct,120 - Sideburn (CD 11),841,857,2,1700,0
Precinct,121 - Villa (CD 11),468,381,2,851,0
Precinct,123 - Robinson (CD 11),1024,776,9,1809,0
Precinct,125 - Signal Hill (CD 11),933,621,2,1556,0
Precinct,126 - Bonnie Brae (CD 11),615,387,6,1008,0
Precinct,127 - Burke Centre (CD 11),1023,712,2,1737,0
Precinct,128 - Cardinal (CD 11),585,416,4,1005,0
Precinct,129 - Keene Mill (CD 11),444,318,4,766,0
Precinct,130 - Terra Centre (CD 11),679,451,1,1131,0
Precinct,131 - Eagle View (CD 11),762,537,5,1304,0
Precinct,132 - Monument (CD 11),692,434,0,1126,0
Precinct,133 - Danbury (CD 11),200,113,1,314,0
Precinct,134 - University (CD 11),613,196,3,812,0
Precinct,202 - Flint Hill (CD 11),868,683,5,1556,0
Precinct,203 - Floris (CD 11),1033,711,3,1747,0
Precinct,204 - Madison (CD 11),235,118,2,355,0
Precinct,208 - Reston #1 (CD 11),801,261,2,1064,0
Precinct,209 - Reston #2 (CD 11),1049,348,3,1400,0
Precinct,213 - Vienna #1 (CD 11),1142,722,3,1867,0
Precinct,214 - Vienna #2 (CD 11),930,592,6,1528,0
Precinct,216 - Vienna #4 (CD 11),448,240,0,688,0
Precinct,218 - Vienna #6 (CD 11),706,348,1,1055,0
Precinct,219 - Westbriar (CD 11),950,633,2,1585,0
Precinct,220 - Dogwood (CD 11),1097,432,5,1534,0
Precinct,221 - Hunters Woods (CD 11),915,476,2,1393,0
Precinct,222 - Reston #3 (CD 11),796,236,0,1032,0
Precinct,223 - Glade (CD 11),1291,468,2,1761,0
Precinct,224 - South Lakes (CD 11),1549,551,4,2104,0
Precinct,225 - Terraset (CD 11),1055,374,4,1433,0
Precinct,226 - Wolftrap (CD 11),1044,763,5,1812,0
Precinct,227 - Sunrise Valley (CD 11),552,355,1,908,0
Precinct,229 - Fox Mill (CD 10),1344,963,11,2318,0
Precinct,233 - North Point (CD 11),1267,777,4,2048,0
Precinct,234 - Aldrin (CD 11),1337,770,4,2111,0
Precinct,235 - Frying Pan (CD 11),736,335,2,1073,0
Precinct,236 - Stuart (CD 11),400,225,1,626,0
Precinct,237 - Mcnair (CD 11),669,333,0,1002,0
Precinct,238 - Cameron Glen (CD 11),667,440,2,1109,0
Precinct,240 - Colvin (CD 10),534,553,2,1089,0
Precinct,301 - Chain Bridge (CD 10),783,604,1,1388,0
Precinct,302 - Chesterbrook (CD 8),739,516,2,1257,0
Precinct,303 - Churchill (CD 10),447,282,1,730,0
Precinct,304 - Cooper (CD 10),495,468,1,964,0
Precinct,305 - El Nido (CD 8),698,382,2,1082,0
Precinct,306 - Great Falls (CD 10),536,490,2,1028,0
Precinct,307 - Haycock (CD 8),762,474,4,1240,0
Precinct,309 - Kenmore (CD 10),838,718,2,1558,0
Precinct,310 - Kirby (CD 8),591,338,1,930,0
Precinct,311 - Langley (CD 10),540,490,2,1032,0
Precinct,312 - Longfellow (CD 8),727,441,6,1174,0
Precinct,314 - Mclean (CD 10),678,417,2,1097,0
Precinct,315 - Pimmit (CD 8),777,412,2,1191,0
Precinct,316 - Salona #1 (CD 8),291,190,1,482,0
Precinct,317 - Westhampton (CD 8),682,379,6,1067,0
Precinct,318 - Westmoreland (CD 8),461,232,2,695,0
Precinct,319 - Herndon #1 (CD 11),966,681,4,1651,0
Precinct,320 - Herndon #2 (CD 11),1020,522,6,1548,0
Precinct,321 - Clearview (CD 10),1187,847,7,2041,0
Precinct,322 - Forestville (CD 10),668,765,6,1439,0
Precinct,323 - Shouse (CD 10),626,452,2,1080,0
Precinct,324 - Herndon #3 (CD 11),882,445,3,1330,0
Precinct,325 - Hutchison (CD 11),535,208,2,745,0
Precinct,327 - Sugarland (CD 10),840,617,7,1464,0
Precinct,328 - Hickory (CD 10),747,646,4,1397,0
Precinct,329 - Seneca (CD 10),781,725,2,1508,0
Precinct,331 - Spring Hill (CD 10),596,510,0,1106,0
Precinct,332 - Coates (CD 11),581,210,3,794,0
Precinct,333 - Salona #2 (CD 8),463,331,0,794,0
Precinct,401 - Bush Hill (CD 8),858,577,3,1438,0
Precinct,402 - Cameron (CD 8),279,181,1,461,0
Precinct,404 - Franconia (CD 8),805,428,2,1235,0
Precinct,405 - Groveton (CD 8),489,162,2,653,0
Precinct,406 - Hayfield (CD 8),615,560,4,1179,0
Precinct,408 - Mount Eagle (CD 8),716,231,1,948,0
Precinct,409 - Pioneer (CD 8),1153,534,7,1694,0
Precinct,410 - Rose Hill (CD 8),1058,689,4,1751,0
Precinct,411 - Virginia Hills (CD 8),616,321,1,938,0
Precinct,413 - Fairfield (CD 8),516,104,0,620,0
Precinct,415 - Crestwood (CD 8),564,388,4,956,0
Precinct,417 - Garfield (CD 8),701,428,1,1130,0
Precinct,418 - Lynbrook (CD 8),420,247,2,669,0
Precinct,419 - Lane (CD 8),895,377,0,1272,0
Precinct,420 - Villages (CD 8),1081,509,5,1595,0
Precinct,421 - Kingstowne (CD 8),854,416,2,1272,0
Precinct,422 - Van Dorn (CD 8),838,429,5,1272,0
Precinct,423 - Clermont (CD 8),707,460,3,1170,0
Precinct,424 - Huntley (CD 8),815,433,2,1250,0
Precinct,426 - Greenspring (CD 11),748,459,3,1210,0
Precinct,427 - Island Creek (CD 8),688,370,1,1059,0
Precinct,428 - Pinewood (CD 8),747,212,2,961,0
Precinct,429 - Hybla Valley (CD 8),796,180,2,978,0
Precinct,501 - Baileys (CD 8),841,296,2,1139,0
Precinct,502 - Barcroft (CD 11),472,209,3,684,0
Precinct,503 - Belvedere (CD 11),597,236,1,834,0
Precinct,504 - Bristow (CD 11),565,272,0,837,0
Precinct,505 - Glen Forest (CD 8),634,262,2,898,0
Precinct,506 - Holmes (CD 8),282,76,2,360,0
Precinct,506 - Holmes (CD 11),375,133,2,510,0
Precinct,507 - Lincolnia (CD 8),814,316,3,1133,0
Precinct,508 - Masonville (CD 11),807,415,7,1229,0
Precinct,509 - Plaza (CD 8),343,72,3,418,0
Precinct,510 - Parklawn (CD 8),569,326,3,898,0
Precinct,511 - Ravenwood (CD 11),801,373,2,1176,0
Precinct,512 - Sleepy Hollow (CD 11),456,234,4,694,0
Precinct,513 - Saint Albans (CD 8),271,143,1,415,0
Precinct,513 - Saint Albans (CD 11),508,246,0,754,0
Precinct,515 - Westlawn (CD 8),439,209,2,650,0
Precinct,516 - Weyanoke (CD 8),726,305,2,1033,0
Precinct,517 - Willston (CD 8),416,165,1,582,0
Precinct,518 - Columbia (CD 11),659,382,3,1044,0
Precinct,519 - Hummer (CD 11),466,272,5,743,0
Precinct,520 - Skyline (CD 8),834,246,2,1082,0
Precinct,521 - Brook Hill (CD 8),481,332,3,816,0
Precinct,522 - Camelot (CD 11),451,352,2,805,0
Precinct,523 - Poe (CD 8),677,397,4,1078,0
Precinct,525 - Walnut Hill (CD 8),871,436,3,1310,0
Precinct,526 - Bren Mar (CD 8),876,328,3,1207,0
Precinct,527 - Edsall (CD 8),540,306,3,849,0
Precinct,528 - Ridgelea (CD 11),362,249,0,611,0
Precinct,601 - Belle Haven (CD 8),548,443,2,993,0
Precinct,602 - Belleview (CD 8),705,376,3,1084,0
Precinct,604 - Bucknell (CD 8),927,321,2,1250,0
Precinct,605 - Fort Hunt (CD 8),666,573,1,1240,0
Precinct,606 - Hollin Hall (CD 8),852,528,3,1383,0
Precinct,607 - Huntington (CD 8),957,427,2,1386,0
Precinct,608 - Kirkside (CD 8),759,290,0,1049,0
Precinct,609 - Marlan (CD 8),652,454,2,1108,0
Precinct,610 - Sherwood (CD 8),589,290,2,881,0
Precinct,611 - Stratford (CD 8),926,645,2,1573,0
Precinct,612 - Waynewood (CD 8),424,376,1,801,0
Precinct,613 - Westgate (CD 8),764,922,2,1688,0
Precinct,614 - Riverside (CD 8),571,507,4,1082,0
Precinct,615 - Woodley (CD 8),697,499,4,1200,0
Precinct,616 - Gunston (CD 8),535,519,3,1057,0
Precinct,617 - Lorton (CD 8),556,176,0,732,0
Precinct,618 - Newington (CD 11),1136,789,8,1933,0
Precinct,619 - Belvoir (CD 8),566,396,3,965,0
Precinct,621 - Grosvenor (CD 8),514,219,2,735,0
Precinct,622 - Lorton Station (CD 8),851,282,2,1135,0
Precinct,623 - Alban (CD 8),636,405,2,1043,0
Precinct,625 - Lorton Center (CD 8),470,308,3,781,0
Precinct,626 - Saratoga (CD 8),877,614,0,1491,0
Precinct,627 - Woodlawn (CD 8),824,309,1,1134,0
Precinct,628 - Laurel Hill (CD 11),852,383,4,1239,0
Precinct,629 - South County (CD 11),633,578,5,1216,0
Precinct,701 - Blake (CD 11),1109,615,2,1726,0
Precinct,703 - Fort Buffalo (CD 8),408,133,3,544,0
Precinct,704 - Freedom Hill (CD 11),583,372,2,957,0
Precinct,705 - Graham - Greenway (CD 8),1020,431,7,1458,0
Precinct,707 - Mantua (CD 11),693,385,1,1079,0
Precinct,708 - Marshall (CD 8),1211,529,3,1743,0
Precinct,709 - Mosby (CD 11),807,366,3,1176,0
Precinct,710 - Pine Spring (CD 8),680,283,6,969,0
Precinct,711 - Price (CD 11),596,341,3,940,0
Precinct,712 - Shreve (CD 8),516,251,0,767,0
Precinct,713 - Timber Lane (CD 8),849,341,4,1194,0
Precinct,714 - Walker (CD 11),837,444,2,1283,0
Precinct,717 - Woodburn (CD 11),542,271,1,814,0
Precinct,718 - Pine Ridge (CD 11),549,362,4,915,0
Precinct,719 - Stenwood (CD 11),329,199,0,528,0
Precinct,720 - Thoreau (CD 11),560,350,1,911,0
Precinct,721 - Merrifield (CD 11),869,402,6,1277,0
Precinct,726 - Magarity (CD 8),803,411,2,1216,0
Precinct,727 - Oakton (CD 11),708,573,1,1282,0
Precinct,729 - Nottoway (CD 11),989,530,3,1522,0
Precinct,730 - Penderbrook (CD 11),719,506,2,1227,0
Precinct,731 - Tysons (CD 11),534,334,2,870,0
Precinct,732 - Oak Marr (CD 11),869,705,3,1577,0
Precinct,733 - Kilmer (CD 11),1014,524,1,1539,0
Precinct,734 - Hunters Branch (CD 11),465,235,0,700,0
Precinct,801 - Burke (CD 11),1102,655,5,1762,0
Precinct,802 - Cedar Lake (CD 11),272,155,0,427,0
Precinct,803 - Clifton (CD 10),802,1112,6,1920,0
Precinct,804 - Colchester (CD 10),366,463,0,829,0
Precinct,805 - Fairfax Station (CD 10),382,423,5,810,0
Precinct,806 - Sydenstricker (CD 11),762,704,2,1468,0
Precinct,807 - Hunt Valley (CD 11),552,495,1,1048,0
Precinct,811 - Pohick (CD 11),523,306,4,833,0
Precinct,812 - Valley (CD 11),692,564,1,1257,0
Precinct,815 - Woodyard (CD 10),587,674,2,1263,0
Precinct,824 - Orange (CD 11),999,974,7,1980,0
Precinct,825 - Cherry Run (CD 11),748,582,8,1338,0
Precinct,827 - Irving (CD 11),723,525,4,1252,0
Precinct,833 - White Oaks (CD 11),739,490,4,1233,0
Precinct,838 - Sangster (CD 10),577,556,3,1136,0
Precinct,839 - Silverbrook (CD 10),805,842,4,1651,0
Precinct,840 - West Springfield (CD 11),795,629,2,1426,0
Precinct,841 - Popes Head (CD 10),325,469,4,798,0
Precinct,842 - Parkway (CD 11),576,520,2,1098,0
Precinct,843 - Fair Lakes (CD 11),678,520,4,1202,0
Precinct,844 - Centerpointe (CD 11),540,297,1,838,0
Precinct,845 - Fountainhead (CD 10),802,981,5,1788,0
Precinct,846 - Greenbriar East (CD 11),706,493,1,1200,0
Precinct,847 - Greenbriar West (CD 10),521,470,5,996,0
Precinct,848 - Fair Oaks (CD 11),619,389,6,1014,0
Precinct,849 - Newgate North (CD 10),404,372,0,776,0
Precinct,850 - South Run (CD 10),723,766,1,1490,0
Precinct,851 - Willow Springs (CD 11),543,583,3,1129,0
Precinct,854 - Newgate South (CD 10),623,843,1,1467,0
Precinct,901 - Centre Ridge (CD 11),829,512,3,1344,0
Precinct,902 - Brookfield (CD 10),791,552,3,1346,0
Precinct,903 - Cub Run (CD 10),879,749,5,1633,0
Precinct,904 - Stonecroft (CD 10),322,345,3,670,0
Precinct,905 - Franklin (CD 10),263,208,1,472,0
Precinct,908 - Kinross East (CD 10),600,512,1,1113,0
Precinct,909 - Kinross West (CD 10),587,475,2,1064,0
Precinct,910 - London Towne #1 (CD 11),773,430,4,1207,0
Precinct,911 - Navy (CD 10),852,617,2,1471,0
Precinct,913 - Rocky Run (CD 10),933,876,1,1810,0
Precinct,914 - Vale (CD 10),603,507,4,1114,0
Precinct,915 - Virginia Run (CD 10),537,748,4,1289,0
Precinct,916 - Waples Mill (CD 10),1188,1005,3,2196,0
Precinct,917 - Stone North (CD 10),434,340,2,776,0
Precinct,918 - Centreville (CD 11),820,592,6,1418,0
Precinct,919 - Green Trails (CD 11),809,541,1,1351,0
Precinct,920 - Chantilly (CD 10),628,443,3,1074,0
Precinct,921 - Deer Park (CD 10),687,766,3,1456,0
Precinct,923 - Bull Run (CD 10),401,596,4,1001,0
Precinct,924 - London Towne #2 (CD 11),151,51,0,202,0
Precinct,925 - Old Mill (CD 10),419,310,2,731,0
Precinct,926 - Powell (CD 11),756,493,1,1250,0
Precinct,927 - Lees Corner #1 (CD 10),423,305,3,731,0
Precinct,928 - Poplar Tree (CD 10),617,597,4,1218,0
Precinct,929 - Difficult Run (CD 10),162,178,0,340,0
Precinct,930 - Lees Corner #2 (CD 10),552,444,2,998,0
Precinct,931 - Carson (CD 10),491,325,2,818,0
Precinct,932 - Stone South (CD 10),304,214,1,519,0
Precinct,933 - Compton (CD 11),151,123,0,274,0
Precinct,Ab - Central Absentee Precinct (CD 10),3825,2957,13,6795,0
Precinct,Ab - Central Absentee Precinct (CD 11),7660,3843,14,11517,0
Precinct,Ab - Central Absentee Precinct (CD 8),5137,2039,10,7186,0
Precinct,Provisional (CD 10),31,21,0,52,0
Precinct,Provisional (CD 11),62,48,0,110,0
Precinct,Provisional (CD 8),67,34,0,101,0
Locality,Falls Church City,3613,1281,8,4902,0
Precinct,1 - First Ward,1096,402,3,1501,0
Precinct,2 - Second Ward,802,283,2,1087,0
Precinct,3 - Third Ward,1121,432,1,1554,0
Precinct,Ab - Central Absentee Precinct,587,162,2,751,0
Precinct,Provisional,7,2,0,9,0
Locality,Fauquier County,7883,12936,41,20860,0
Precinct,101 - Kettle Run (CD 5),188,381,2,571,0
Precinct,102 - Catlett (CD 1),334,866,0,1200,0
Precinct,103 - Casanova (CD 5),231,337,1,569,0
Precinct,104 - Lois (CD 1),151,388,0,539,0
Precinct,105 - Opal (CD 5),136,373,1,510,0
Precinct,106 - Baldwin Ridge (CD 5),272,450,3,725,0
Precinct,201 - Courthouse (CD 5),553,751,4,1308,0
Precinct,202 - Airlie (CD 5),462,683,2,1147,0
Precinct,203 - Warrenton (CD 5),560,661,4,1225,0
Precinct,301 - Morrisville (CD 1),242,552,3,797,0
Precinct,302 - Remington (CD 5),360,685,2,1047,0
Precinct,303 - Bealeton (CD 1),414,769,3,1186,0
Precinct,401 - Marshall (CD 5),460,726,0,1186,0
Precinct,402 - Leeds (CD 5),535,578,1,1114,0
Precinct,403 - Waterloo (CD 5),537,936,1,1474,0
Precinct,404 - Springs Valley (CD 5),242,360,0,602,0
Precinct,501 - The Plains (CD 5),505,486,6,997,0
Precinct,502 - New Baltimore (CD 5),382,743,2,1127,0
Precinct,503 - Broad Run (CD 5),403,714,1,1118,0
Precinct,504 - Vint Hill (CD 5),521,953,2,1476,0
Precinct,Ab - Central Absentee Precinct (CD 1),26,62,0,88,0
Precinct,Ab - Central Absentee Precinct (CD 5),367,479,3,849,0
Precinct,Provisional (CD 1),0,1,0,1,0
Precinct,Provisional (CD 5),2,2,0,4,0
Locality,Floyd County,1565,2935,3,4503,0
Precinct,101 - Locust Grove,277,586,0,863,0
Precinct,201 - Little River,357,572,0,929,0
Precinct,301 - Courthouse,360,501,2,863,0
Precinct,401 - Burks Fork,246,559,1,806,0
Precinct,501 - Indian Valley,199,573,0,772,0
Precinct,Ab - Central Absentee Precinct,125,142,0,267,0
Precinct,Provisional,1,2,0,3,0
Locality,Fluvanna County,3533,4241,15,7789,0
Precinct,101 - Palmyra,713,772,4,1489,0
Precinct,201 - Columbia,522,624,2,1148,0
Precinct,301 - Fork Union,553,562,2,1117,0
Precinct,401 - Cunningham,578,935,2,1515,0
Precinct,501 - Rivanna,893,973,4,1870,0
Precinct,Ab - Central Absentee Precinct,273,372,1,646,0
Precinct,Provisional,1,3,0,4,0
Locality,Franklin City,1343,933,4,2280,0
Precinct,101 - Precinct 1-1,186,366,0,552,0
Precinct,201 - Precinct 2-1,159,273,1,433,0
Precinct,301 - Precinct 3-1,310,20,0,330,0
Precinct,401 - Precinct 4-1,221,24,0,245,0
Precinct,501 - Precinct 5-1,232,13,0,245,0
Precinct,601 - Precinct 6-1,188,190,3,381,0
Precinct,Ab - Central Absentee Precinct,47,46,0,93,0
Precinct,Provisional,0,1,0,1,0
Locality,Franklin County,4981,11031,27,16039,0
Precinct,102 - Burnt Chimney,291,771,1,1063,0
Precinct,103 - Scruggs,512,1463,5,1980,0
Precinct,201 - Glade Hill,256,624,2,882,0
Precinct,202 - Penhook,224,556,1,781,0
Precinct,203 - Hodgesville,44,97,0,141,0
Precinct,204 - Dudley,179,387,1,567,0
Precinct,301 - Snow Creek,149,303,1,453,0
Precinct,302 - Fork Mountain,107,261,2,370,0
Precinct,303 - Sontag,331,380,2,713,0
Precinct,304 - Dickinson,178,181,0,359,0
Precinct,401 - Henry,115,513,2,630,0
Precinct,402 - Ferrum,126,267,0,393,0
Precinct,403 - Endicott,116,288,1,405,0
Precinct,501 - Waidsboro,147,351,2,500,0
Precinct,502 - Callaway,191,499,1,691,0
Precinct,503 - Bowmans,111,272,0,383,0
Precinct,504 - Gogginsville,169,455,1,625,0
Precinct,601 - Boones Mill,271,700,2,973,0
Precinct,602 - Bonbrook,230,561,1,792,0
Precinct,603 - Coopers Cove,163,466,0,629,0
Precinct,701 - Rocky Mount East,309,538,0,847,0
Precinct,702 - Rocky Mount West,280,363,0,643,0
Precinct,703 - Rocky Mount South,245,322,1,568,0
Precinct,Ab - Central Absentee Precinct,235,413,1,649,0
Precinct,Provisional,2,0,0,2,0
Locality,Frederick County,6859,13525,30,20414,0
Precinct,101 - Russells,243,648,2,893,0
Precinct,102 - Gore,268,601,1,870,0
Precinct,103 - Kernstown,412,835,2,1249,0
Precinct,104 - Cedar Creek,199,440,0,639,0
Precinct,201 - Gainesborough,144,437,4,585,0
Precinct,202 - Albin,318,647,1,966,0
Precinct,203 - Redland,341,747,2,1090,0
Precinct,204 - Nain,331,664,2,997,0
Precinct,301 - Clear Brook,165,386,1,552,0
Precinct,302 - Neff's Town,326,559,0,885,0
Precinct,303 - White Hall,444,916,2,1362,0
Precinct,401 - Carpers Valley,428,666,0,1094,0
Precinct,402 - Shenandoah,159,386,0,545,0
Precinct,403 - Parkin's Mill,286,586,3,875,0
Precinct,404 - Armel,312,632,1,945,0
Precinct,501 - Stephens City,379,630,3,1012,0
Precinct,502 - Newtown,361,740,0,1101,0
Precinct,503 - Canterburg,353,672,2,1027,0
Precinct,601 - Millbrook,243,469,2,714,0
Precinct,602 - Ash Hollow,356,532,0,888,0
Precinct,603 - Greenwood,525,872,1,1398,0
Precinct,Ab - Central Absentee Precinct,263,456,1,720,0
Precinct,Provisional,3,4,0,7,0
Locality,Fredericksburg City,3672,2297,10,5979,0
Precinct,101 - Precinct 1 - District One,728,661,1,1390,0
Precinct,201 - Precinct 1 - District Two,1094,571,3,1668,0
Precinct,301 - Precinct 1 - District Three,759,626,2,1387,0
Precinct,401 - Precinct 1 - District Four,625,172,0,797,0
Precinct,402 - Precinct 2 - District Four,264,132,4,400,0
Precinct,Ab - Central Absentee Precinct,198,126,0,324,0
Precinct,Provisional,4,9,0,13,0
Locality,Galax City,446,816,1,1263,0
Precinct,1 - East,184,359,1,544,0
Precinct,2 - North,130,213,0,343,0
Precinct,3 - South,106,204,0,310,0
Precinct,Ab - Central Absentee Precinct,26,40,0,66,0
Precinct,Provisional,0,0,0,0,0
Locality,Giles County,1521,3330,9,4860,0
Precinct,101 - Glen Lyn,13,49,0,62,0
Precinct,102 - Rich Creek,63,209,0,272,0
Precinct,103 - Narrows,245,555,4,804,0
Precinct,201 - Pearisburg,352,888,1,1241,0
Precinct,202 - Staffordsville,53,167,0,220,0
Precinct,203 - White Gate,27,123,0,150,0
Precinct,301 - Eggleston,149,243,1,393,0
Precinct,302 - Pembroke,304,610,1,915,0
Precinct,303 - Newport,238,320,1,559,0
Precinct,Ab - Central Absentee Precinct,77,165,1,243,0
Precinct,Provisional,0,1,0,1,0
Locality,Gloucester County,3752,7338,16,11106,0
Precinct,101 - Harcum,268,519,0,787,0
Precinct,102 - Salem,208,426,1,635,0
Precinct,103 - Peasley,142,365,1,508,0
Precinct,201 - Courthouse,335,558,2,895,0
Precinct,202 - Botetourt,485,783,2,1270,0
Precinct,301 - White Marsh,328,659,2,989,0
Precinct,302 - Roanes,375,805,1,1181,0
Precinct,401 - Hayes,324,649,2,975,0
Precinct,402 - Sarahs Creek,363,638,1,1002,0
Precinct,501 - Achilles,436,1103,1,1540,0
Precinct,502 - Walker,335,580,2,917,0
Precinct,Ab - Central Absentee Precinct,152,249,1,402,0
Precinct,Provisional,1,4,0,5,0
Locality,Goochland County,3369,5683,20,9072,0
Precinct,101 - Fife,266,326,0,592,0
Precinct,102 - Hadensville,367,580,5,952,0
Precinct,201 - Three Square,160,121,0,281,0
Precinct,202 - Sandy Hook,550,699,2,1251,0
Precinct,301 - Goochland Court House 1,353,499,1,853,0
Precinct,302 - Goochland Court House 2,120,250,1,371,0
Precinct,401 - Shallow Well,368,482,3,853,0
Precinct,402 - Centerville,334,819,1,1154,0
Precinct,501 - Manakin,446,1008,5,1459,0
Precinct,502 - Blair Road,244,582,1,827,0
Precinct,Ab - Central Absentee Precinct,161,316,1,478,0
Precinct,Provisional,0,1,0,1,0
Locality,Grayson County,1476,3277,0,4753,0
Precinct,101 - Bridle Creek,80,123,0,203,0
Precinct,102 - Flatridge,45,93,0,138,0
Precinct,103 - Grant,80,145,0,225,0
Precinct,104 - Mouth Of Wilson,51,88,0,139,0
Precinct,105 - Mount Rogers,36,119,0,155,0
Precinct,106 - Rugby,46,106,0,152,0
Precinct,107 - Troutdale,22,80,0,102,0
Precinct,108 - Comers Rock,44,110,0,154,0
Precinct,202 - Elk Creek,96,207,0,303,0
Precinct,203 - Independence,282,591,0,873,0
Precinct,301 - Baywood,137,333,0,470,0
Precinct,302 - Fairview,152,424,0,576,0
Precinct,401 - Fries,84,162,0,246,0
Precinct,402 - Providence,128,381,0,509,0
Precinct,403 - Oldtown,87,139,0,226,0
Precinct,Ab - Central Absentee Precinct,106,176,0,282,0
Locality,Greene County,1850,3414,12,5276,0
Precinct,101 - Dyke,163,345,1,509,0
Precinct,102 - Swift Run,217,406,3,626,0
Precinct,201 - Ruckersville,426,675,3,1104,0
Precinct,301 - Stanardsville,381,819,3,1203,0
Precinct,401 - Midway,535,956,1,1492,0
Precinct,Ab - Central Absentee Precinct,128,211,1,340,0
Precinct,Provisional,0,2,0,2,0
Locality,Greensville County,1723,1105,1,2829,0
Precinct,101 - Precinct 1-a,206,84,1,291,0
Precinct,102 - Precinct 1-b,57,62,0,119,0
Precinct,103 - Precinct 1-c,136,32,0,168,0
Precinct,201 - Precinct 2-a,267,104,0,371,0
Precinct,202 - Precinct 2-b,193,230,0,423,0
Precinct,302 - Precinct 3-a,517,271,0,788,0
Precinct,401 - Precinct 4-a,85,122,0,207,0
Precinct,402 - Precinct 4-b,194,119,0,313,0
Precinct,403 - Precinct 4-c,67,80,0,147,0
Precinct,Provisional,1,1,0,2,0
Locality,Halifax County,3778,5779,17,9574,0
Precinct,101 - Childrey,164,260,0,424,0
Precinct,102 - Liberty,91,118,2,211,0
Precinct,103 - Republican Grove,199,222,1,422,0
Precinct,201 - Clays Mill,111,219,1,331,0
Precinct,202 - Crossroads,131,179,0,310,0
Precinct,203 - Clover,221,246,0,467,0
Precinct,302 - Meadville,137,65,0,202,0
Precinct,304 - Vernon Hill,132,204,0,336,0
Precinct,305 - Sinai,345,257,1,603,0
Precinct,401 - Courthouse,299,355,2,656,0
Precinct,403 - Center,164,487,1,652,0
Precinct,502 - Dan River,210,576,1,787,0
Precinct,503 - Scottsburg,86,283,2,371,0
Precinct,601 - Black Walnut,155,292,0,447,0
Precinct,603 - Mt Carmel,281,370,2,653,0
Precinct,605 - Union,77,132,1,210,0
Precinct,701 - Hyco,151,434,0,585,0
Precinct,702 - Midway,81,336,1,418,0
Precinct,703 - Virgilina,70,233,0,303,0
Precinct,801 - South Boston East,319,185,1,505,0
Precinct,802 - South Boston West,235,128,1,364,0
Precinct,Ab - Central Absentee Precinct,117,195,0,312,0
Precinct,Provisional,2,3,0,5,0
Locality,Hampton City,24557,11731,73,36361,0
Precinct,101 - Aberdeen (CD 3),885,155,1,1041,0
Precinct,102 - Bassette (CD 3),1132,76,2,1210,0
Precinct,103 - City Hall (CD 3),588,116,2,706,0
Precinct,104 - Cooper (CD 3),1182,202,1,1385,0
Precinct,105 - East Hampton (CD 3),434,174,1,609,0
Precinct,106 - Armstrong (CD 3),801,522,3,1326,0
Precinct,107 - Lindsay (CD 3),928,201,2,1131,0
Precinct,108 - Thomas (CD 3),1171,153,3,1327,0
Precinct,109 - Phenix (CD 3),1333,91,3,1427,0
Precinct,110 - Phoebus (CD 3),203,135,0,338,0
Precinct,111 - Hampton Library (CD 3),334,214,0,548,0
Precinct,112 - Smith (CD 3),1161,385,3,1549,0
Precinct,115 - Wythe (CD 3),441,351,2,794,0
Precinct,116 - Jones (CD 3),493,117,1,611,0
Precinct,117 - Kecoughtan (CD 3),710,277,1,988,0
Precinct,118 - Mallory (CD 3),1383,183,1,1567,0
Precinct,201 - Booker (CD 2),706,759,5,1470,0
Precinct,202 - Bryan (CD 2),665,591,2,1258,0
Precinct,203 - Burbank (CD 2),465,405,3,873,0
Precinct,204 - Forrest (CD 3),699,363,3,1065,0
Precinct,205 - Asbury (CD 2),763,1225,6,1994,0
Precinct,208 - Kraft (CD 3),1103,789,4,1896,0
Precinct,209 - Langley (CD 2),599,530,2,1131,0
Precinct,210 - Machen (CD 3),5,4,0,9,0
Precinct,210 - Machen (CD 2),1228,404,3,1635,0
Precinct,212 - Bethel (CD 3),1439,576,2,2017,0
Precinct,213 - Phillips (CD 2),961,1081,3,2045,0
Precinct,214 - Tucker Capps (CD 3),845,580,3,1428,0
Precinct,215 - Tyler (CD 3),244,73,2,319,0
Precinct,216 - Sandy Bottom (CD 2),599,311,5,915,0
Precinct,217 - Syms (CD 2),306,351,2,659,0
Precinct,Ab - Central Absentee Precinct (CD 2),217,163,2,382,0
Precinct,Ab - Central Absentee Precinct (CD 3),515,165,0,680,0
Precinct,Provisional (CD 2),7,6,0,13,0
Precinct,Provisional (CD 3),12,3,0,15,0
Locality,Hanover County,12621,25705,161,38487,0
Precinct,101 - Ashland,506,394,4,904,0
Precinct,104 - Sliding Hill,450,630,3,1083,0
Precinct,105 - Berkley,483,313,5,801,0
Precinct,106 - Kersey Creek,242,439,1,682,0
Precinct,107 - Chickahominy,342,605,6,953,0
Precinct,201 - Beaverdam,412,1006,6,1424,0
Precinct,202 - Blunts,277,402,4,683,0
Precinct,203 - Wilmington Parish,322,768,2,1092,0
Precinct,206 - Courthouse,239,384,0,623,0
Precinct,208 - Oak Knoll,292,586,5,883,0
Precinct,209 - West Hanover,113,163,2,278,0
Precinct,210 - Oak Hill,93,269,1,363,0
Precinct,301 - Clay,410,937,2,1349,0
Precinct,303 - Shady Grove,350,794,5,1149,0
Precinct,304 - Atlee,737,1376,9,2122,0
Precinct,305 - Cool Spring,447,813,5,1265,0
Precinct,401 - Battlefield,316,1088,4,1408,0
Precinct,403 - Cold Harbor,499,1105,10,1614,0
Precinct,404 - Black Creek,327,1131,3,1461,0
Precinct,405 - Pebble Creek,269,548,5,822,0
Precinct,406 - Beaverdam Creek,84,176,0,260,0
Precinct,502 - Rural Point,374,844,2,1220,0
Precinct,503 - Newman,335,628,7,970,0
Precinct,504 - Studley,162,649,9,820,0
Precinct,505 - Totopotomoy,185,502,0,687,0
Precinct,506 - Georgetown,273,648,7,928,0
Precinct,507 - Laurel Meadow,332,758,9,1099,0
Precinct,601 - Village,471,1291,9,1771,0
Precinct,602 - Lee Davis,347,879,3,1229,0
Precinct,603 - Mechanicsville,323,498,2,823,0
Precinct,604 - Hanover Grove,231,569,0,800,0
Precinct,701 - Farrington,392,820,7,1219,0
Precinct,702 - Montpelier,433,688,4,1125,0
Precinct,703 - Rockville,375,818,4,1197,0
Precinct,704 - Elmont,473,871,11,1355,0
Precinct,705 - South Anna,210,450,1,661,0
Precinct,Ab - Central Absentee Precinct,491,861,4,1356,0
Precinct,Provisional,4,4,0,8,0
Locality,Harrisonburg City,4063,3877,19,7959,0
Precinct,101 - Northeast,613,517,1,1131,0
Precinct,102 - East Central,639,440,3,1082,0
Precinct,103 - Southeast,473,492,4,969,0
Precinct,104 - East,424,477,5,906,0
Precinct,201 - Northwest,576,614,4,1194,0
Precinct,202 - Southwest,604,620,2,1226,0
Precinct,203 - West,559,511,0,1070,0
Precinct,Ab - Central Absentee Precinct,172,206,0,378,0
Precinct,Provisional,3,0,0,3,0
Locality,Henrico County,56503,45580,321,102404,0
Precinct,101 - Coalpit (CD 7),812,917,8,1737,0
Precinct,102 - Dumbarton (CD 7),954,401,3,1358,0
Precinct,103 - Glen Allen (CD 7),741,1082,4,1827,0
Precinct,104 - Glenside (CD 7),611,209,2,822,0
Precinct,105 - Greendale (CD 7),390,337,3,730,0
Precinct,106 - Hermitage (CD 7),717,595,3,1315,0
Precinct,107 - Hilliard (CD 7),352,246,3,601,0
Precinct,108 - Hungary Creek (CD 7),902,1114,5,2021,0
Precinct,109 - Hunton (CD 7),158,321,1,480,0
Precinct,110 - Johnson (CD 7),212,188,4,404,0
Precinct,111 - Lakeside (CD 7),572,562,4,1138,0
Precinct,112 - Longan (CD 7),581,722,3,1306,0
Precinct,113 - Maude Trevvett (CD 7),259,352,2,613,0
Precinct,114 - Monument Hills (CD 7),272,306,2,580,0
Precinct,115 - Staples Mill (CD 7),871,1197,10,2078,0
Precinct,116 - Summit Court (CD 7),332,302,4,638,0
Precinct,117 - Westwood (CD 7),498,440,9,947,0
Precinct,201 - Adams (CD 3),853,55,1,909,0
Precinct,202 - Azalea (CD 3),1175,114,3,1292,0
Precinct,203 - Belmont (CD 7),713,371,4,1088,0
Precinct,204 - Brookland (CD 7),166,135,5,306,0
Precinct,205 - Canterbury (CD 7),198,344,0,542,0
Precinct,206 - Central Gardens (CD 3),1317,47,0,1364,0
Precinct,207 - Chamberlayne (CD 7),1072,373,5,1450,0
Precinct,208 - Fairfield (CD 3),912,57,1,970,0
Precinct,209 - Glen Lea (CD 3),651,143,1,795,0
Precinct,210 - Greenwood (CD 7),630,127,1,758,0
Precinct,211 - Highland Gardens (CD 3),748,47,2,797,0
Precinct,212 - Hollybrook (CD 7),267,142,2,411,0
Precinct,213 - Hungary (CD 7),649,135,2,786,0
Precinct,214 - Longdale (CD 7),457,262,1,720,0
Precinct,215 - Maplewood (CD 3),1321,70,0,1391,0
Precinct,216 - Moody (CD 7),256,249,0,505,0
Precinct,217 - Mountain (CD 7),169,155,2,326,0
Precinct,218 - Oakview (CD 7),33,44,0,77,0
Precinct,219 - Randolph (CD 7),162,29,0,191,0
Precinct,220 - Ratcliffe (CD 3),1532,81,3,1616,0
Precinct,221 - Stratford Hall (CD 7),85,72,2,159,0
Precinct,222 - Wilder (CD 3),931,187,2,1120,0
Precinct,223 - Yellow Tavern (CD 7),888,637,3,1528,0
Precinct,301 - Causeway (CD 7),419,525,2,946,0
Precinct,302 - Cedarfield (CD 7),529,838,4,1371,0
Precinct,303 - Innsbrook (CD 7),562,678,6,1246,0
Precinct,304 - Jackson Davis (CD 7),328,479,2,809,0
Precinct,305 - Nuckols Farm (CD 7),660,1084,4,1748,0
Precinct,306 - Pocahontas (CD 7),502,579,7,1088,0
Precinct,307 - Ridge (CD 7),322,455,2,779,0
Precinct,308 - Rivers Edge (CD 7),488,903,3,1394,0
Precinct,309 - Sadler (CD 7),438,675,6,1119,0
Precinct,310 - Shady Grove (CD 7),551,1074,3,1628,0
Precinct,311 - Short Pump (CD 7),589,848,4,1441,0
Precinct,312 - Springfield (CD 7),405,406,3,814,0
Precinct,313 - Stoney Run (CD 7),805,1124,12,1941,0
Precinct,314 - Three Chopt (CD 7),578,741,7,1326,0
Precinct,315 - Tucker (CD 7),797,417,3,1217,0
Precinct,401 - Byrd (CD 7),701,780,5,1486,0
Precinct,402 - Crestview (CD 7),505,462,3,970,0
Precinct,403 - Derbyshire (CD 7),400,732,5,1137,0
Precinct,404 - Freeman (CD 7),389,515,2,906,0
Precinct,405 - Gayton (CD 7),728,1129,5,1862,0
Precinct,406 - Godwin (CD 7),616,718,7,1341,0
Precinct,407 - Lakewood (CD 7),408,686,3,1097,0
Precinct,408 - Lauderdale (CD 7),558,638,11,1207,0
Precinct,409 - Maybeury (CD 7),599,809,3,1411,0
Precinct,410 - Mooreland (CD 7),294,662,1,957,0
Precinct,411 - Pemberton (CD 7),480,504,3,987,0
Precinct,412 - Pinchbeck (CD 7),635,791,1,1427,0
Precinct,413 - Ridgefield (CD 7),660,909,8,1577,0
Precinct,414 - Rollingwood (CD 7),514,585,6,1105,0
Precinct,415 - Skipwith (CD 7),368,363,3,734,0
Precinct,416 - Spottswood (CD 7),251,337,6,594,0
Precinct,417 - Tuckahoe (CD 7),701,1426,6,2133,0
Precinct,418 - Welborne (CD 7),370,441,0,811,0
Precinct,419 - West End (CD 7),581,754,5,1340,0
Precinct,501 - Antioch (CD 3),282,722,3,1007,0
Precinct,502 - Cedar Fork (CD 3),471,96,4,571,0
Precinct,503 - Chickahominy (CD 3),541,661,1,1203,0
Precinct,504 - Donahoe (CD 3),470,225,0,695,0
Precinct,505 - Dorey (CD 3),622,653,3,1278,0
Precinct,506 - Eanes (CD 3),659,233,2,894,0
Precinct,507 - Elko (CD 3),115,276,8,399,0
Precinct,508 - Highland Springs (CD 3),706,167,3,876,0
Precinct,509 - Laburnum (CD 3),613,258,1,872,0
Precinct,510 - Mehfoud (CD 3),713,279,1,993,0
Precinct,511 - Montrose (CD 3),1538,248,2,1788,0
Precinct,512 - Nine Mile (CD 3),290,199,3,492,0
Precinct,513 - Pleasants (CD 3),1182,151,1,1334,0
Precinct,514 - Rolfe (CD 3),2144,219,3,2366,0
Precinct,515 - Sandston (CD 3),299,648,7,954,0
Precinct,516 - Sullivans (CD 3),637,323,1,961,0
Precinct,517 - Town Hall (CD 3),231,315,3,549,0
Precinct,518 - Whitlocks (CD 3),480,636,2,1118,0
Precinct,Ab - Central Absentee Precinct (CD 3),801,250,3,1054,0
Precinct,Ab - Central Absentee Precinct (CD 7),1458,1712,8,3178,0
Precinct,Provisional (CD 3),33,9,0,42,0
Precinct,Provisional (CD 7),68,66,1,135,0
Locality,Henry County,4653,8487,20,13160,0
Precinct,101 - Bassett Number Two (CD 9),136,126,0,262,0
Precinct,102 - Gunville (CD 9),135,362,0,497,0
Precinct,103 - Scott's Tanyard (CD 9),217,697,1,915,0
Precinct,201 - Fieldale (CD 9),119,204,2,325,0
Precinct,202 - Horsepasture #1 (CD 9),227,355,4,586,0
Precinct,203 - Horsepasture #2 (CD 9),402,127,1,530,0
Precinct,204 - Spencer (CD 9),188,424,1,613,0
Precinct,302 - Axton (CD 5),233,210,0,443,0
Precinct,303 - Irisburg (CD 5),307,426,0,733,0
Precinct,304 - Mount Olivet (CD 5),504,468,0,972,0
Precinct,304 - Mount Olivet (CD 9),2,0,0,2,0
Precinct,305 - Mountain Valley (CD 5),161,235,0,396,0
Precinct,401 - Collinsville Number 1 (CD 9),103,314,1,418,0
Precinct,402 - Daniels Creek (CD 9),104,293,1,398,0
Precinct,404 - Collinsville Number 2 (CD 9),244,559,1,804,0
Precinct,405 - Mountain View (CD 5),189,257,0,446,0
Precinct,501 - Bassett Number One (CD 9),138,197,1,336,0
Precinct,502 - Figsboro (CD 9),130,382,2,514,0
Precinct,503 - Stanleytown (CD 9),166,571,1,738,0
Precinct,504 - Oak Level (CD 9),66,213,1,280,0
Precinct,505 - Dyers Store (CD 5),6,31,0,37,0
Precinct,505 - Dyers Store (CD 9),110,178,0,288,0
Precinct,601 - Fontaine (CD 9),174,464,2,640,0
Precinct,602 - Hillcrest (CD 9),103,146,0,249,0
Precinct,603 - Ridgeway #1 (CD 5),181,491,0,672,0
Precinct,604 - Ridgeway #2 (CD 9),156,403,1,560,0
Precinct,Ab - Central Absentee Precinct (CD 5),40,94,0,134,0
Precinct,Ab - Central Absentee Precinct (CD 9),111,260,0,371,0
Precinct,Provisional (CD 5),0,0,0,0,0
Precinct,Provisional (CD 9),1,0,0,1,0
Locality,Highland County,288,602,0,890,0
Precinct,1 - Monterey,115,182,0,297,0
Precinct,3 - Wilsons Mill,28,38,0,66,0
Precinct,5 - Blue Grass,48,111,0,159,0
Precinct,7 - Mill Gap,36,70,0,106,0
Precinct,8 - Mcdowell,46,158,0,204,0
Precinct,10 - Headwaters,15,43,0,58,0
Locality,Hopewell City,2530,2685,15,5230,0
Precinct,101 - Ward One,261,310,1,572,0
Precinct,201 - Ward Two,390,84,0,474,0
Precinct,301 - Ward Three,272,738,5,1015,0
Precinct,401 - Ward Four,456,551,2,1009,0
Precinct,501 - Ward Five,247,522,3,772,0
Precinct,601 - Ward Six,441,77,1,519,0
Precinct,701 - Ward Seven,360,234,1,595,0
Precinct,Ab - Central Absentee Precinct,103,169,2,274,0
Locality,Isle of Wight County,4867,7134,24,12025,0
Precinct,101 - Smithfield,533,984,1,1518,0
Precinct,102 - Cypress Creek,414,750,0,1164,0
Precinct,201 - Bartlett,531,915,3,1449,0
Precinct,202 - Carrollton,477,805,2,1284,0
Precinct,301 - Rushmere,597,467,3,1067,0
Precinct,302 - Pons,707,371,3,1081,0
Precinct,401 - Courthouse,127,309,1,437,0
Precinct,402 - Windsor,295,548,3,846,0
Precinct,403 - Longview,302,442,1,745,0
Precinct,501 - Walters,139,348,1,488,0
Precinct,502 - Camps Mill,147,95,0,242,0
Precinct,503 - Carrsville,144,177,0,321,0
Precinct,504 - Zuni,180,413,1,594,0
Precinct,505 - Raynor,108,219,3,330,0
Precinct,Ab - Central Absentee Precinct,161,290,2,453,0
Precinct,Provisional,5,1,0,6,0
Locality,James City County,11708,14952,76,26736,0
Precinct,101 - Berkeley A,1006,1243,8,2257,0
Precinct,102 - Berkeley B,506,613,5,1124,0
Precinct,103 - Berkeley C,759,1381,4,2144,0
Precinct,201 - Jamestown A,262,199,3,464,0
Precinct,202 - Jamestown B,692,624,3,1319,0
Precinct,203 - Jamestown C,492,696,1,1189,0
Precinct,204 - Jamestown D,808,1207,4,2019,0
Precinct,301 - Powhatan A,758,1123,4,1885,0
Precinct,302 - Powhatan B,266,248,0,514,0
Precinct,303 - Powhatan C,232,410,0,642,0
Precinct,304 - Powhatan D,756,655,6,1417,0
Precinct,401 - Stonehouse A,552,810,6,1368,0
Precinct,402 - Stonehouse B,909,1158,11,2078,0
Precinct,403 - Stonehouse C,595,958,2,1555,0
Precinct,501 - Roberts A,461,178,2,641,0
Precinct,502 - Roberts B,708,1217,5,1930,0
Precinct,503 - Roberts C,167,80,2,249,0
Precinct,504 - Roberts D,808,904,5,1717,0
Precinct,Ab - Central Absentee Precinct,956,1233,5,2194,0
Precinct,Provisional,15,15,0,30,0
Locality,King and Queen County,982,1153,1,2136,0
Precinct,101 - Owenton,239,130,0,369,0
Precinct,201 - Clarks,161,268,0,429,0
Precinct,301 - Shacklefords,179,233,0,412,0
Precinct,401 - Courthouse,248,214,1,463,0
Precinct,501 - Oldmill,99,251,0,350,0
Precinct,Ab - Central Absentee Precinct,56,57,0,113,0
Precinct,Provisional,0,0,0,0,0
Locality,King George County,2462,4125,16,6603,0
Precinct,101 - Courthouse,357,675,0,1032,0
Precinct,102 - Passapatanzy,212,333,1,546,0
Precinct,201 - Monroe,571,1176,6,1753,0
Precinct,301 - Dahlgren,608,841,4,1453,0
Precinct,401 - Shiloh,573,909,4,1486,0
Precinct,Ab - Central Absentee Precinct,141,190,1,332,0
Precinct,Provisional,0,1,0,1,0
Locality,King William County,1878,3277,18,5173,0
Precinct,101 - West Point,376,653,8,1037,0
Precinct,201 - Sweet Hall,117,235,1,353,0
Precinct,202 - Courthouse,335,312,1,648,0
Precinct,301 - Aylett,266,652,4,922,0
Precinct,401 - Manquin,305,690,2,997,0
Precinct,501 - Mangohick,427,635,2,1064,0
Precinct,Ab - Central Absentee Precinct,51,100,0,151,0
Precinct,Provisional,1,0,0,1,0
Locality,Lancaster County,1895,2564,14,4473,0
Precinct,101 - Precinct 1-1,331,499,0,830,0
Precinct,201 - Precinct 2-1,378,312,4,694,0
Precinct,301 - Precinct 3-1,252,432,5,689,0
Precinct,302 - Precinct 3-2,105,202,3,310,0
Precinct,401 - Precinct 4-1,381,247,1,629,0
Precinct,501 - Precinct 5-1,321,672,1,994,0
Precinct,Ab - Central Absentee Precinct,124,197,0,321,0
Precinct,Provisional,3,3,0,6,0
Locality,Lee County,1146,3611,5,4762,0
Precinct,101 - Elydale,63,184,0,247,0
Precinct,102 - Ewing,49,179,0,228,0
Precinct,103 - Rose Hill,81,309,0,390,0
Precinct,201 - Blackwater,25,55,0,80,0
Precinct,202 - Flatwoods,67,292,0,359,0
Precinct,203 - Jonesville,139,437,0,576,0
Precinct,301 - Ben Hur,151,448,1,600,0
Precinct,302 - Woodway,79,305,1,385,0
Precinct,401 - Stickleyville,56,167,0,223,0
Precinct,402 - Jasper,50,104,1,155,0
Precinct,403 - Seminary,38,188,0,226,0
Precinct,404 - Dryden,86,267,1,354,0
Precinct,501 - Saint Charles,69,88,0,157,0
Precinct,502 - Pennington,87,333,0,420,0
Precinct,503 - Robbins Chapel,9,50,0,59,0
Precinct,504 - Keokee,36,66,0,102,0
Precinct,Ab - Central Absentee Precinct,61,139,1,201,0
Precinct,Provisional,0,0,0,0,0
Locality,Lexington City,941,558,3,1502,0
Precinct,1 - Lexington,878,518,3,1399,0
Precinct,Ab - Central Absentee Precinct,63,39,0,102,0
Precinct,Provisional,0,1,0,1,0
Locality,Loudoun County,47349,41316,187,88852,0
Precinct,107 - Little River,942,928,1,1871,0
Precinct,108 - Mercer,511,463,1,975,0
Precinct,112 - Freedom,713,626,0,1339,0
Precinct,114 - Dulles South,256,237,0,493,0
Precinct,117 - Carter,817,385,4,1206,0
Precinct,118 - Moorefield,389,249,0,638,0
Precinct,119 - Arcola,547,437,7,991,0
Precinct,120 - Lunsford,530,458,2,990,0
Precinct,121 - Town Hall,377,353,4,734,0
Precinct,122 - Hutchison Farm,597,554,5,1156,0
Precinct,207 - River Bend,465,421,1,887,0
Precinct,208 - Algonkian,460,373,0,833,0
Precinct,209 - Potomac Falls,605,463,2,1070,0
Precinct,210 - Cascades,731,537,5,1273,0
Precinct,213 - Countryside,247,184,0,431,0
Precinct,214 - Sugarland North,783,652,3,1438,0
Precinct,215 - Sugarland South,672,508,5,1185,0
Precinct,216 - Lowes Island,560,517,2,1079,0
Precinct,217 - South Bank,656,533,2,1191,0
Precinct,218 - University Center,349,256,1,606,0
Precinct,219 - Galilee Church,444,319,3,766,0
Precinct,301 - Purcellville,629,729,0,1358,0
Precinct,302 - Round Hill,500,612,1,1113,0
Precinct,303 - Hillsboro,478,607,2,1087,0
Precinct,305 - Philomont,238,332,1,571,0
Precinct,307 - Middleburg,315,242,0,557,0
Precinct,308 - St Louis,346,251,3,600,0
Precinct,309 - Aldie,267,220,1,488,0
Precinct,310 - Mountain View,520,712,5,1237,0
Precinct,311 - Round Hill Elementary,400,551,1,952,0
Precinct,312 - Briar Woods,610,736,3,1349,0
Precinct,313 - Pinebrook,392,310,3,705,0
Precinct,314 - Legacy,694,505,4,1203,0
Precinct,315 - Firehouse,195,240,0,435,0
Precinct,316 - Creighton's Corner,575,441,2,1018,0
Precinct,401 - West Lovettsville,559,731,2,1292,0
Precinct,402 - Waterford,546,619,2,1167,0
Precinct,403 - Lucketts,530,598,0,1128,0
Precinct,407 - Harper Park,841,952,4,1797,0
Precinct,408 - Evergreen,423,401,5,829,0
Precinct,409 - Clarkes Gap,585,664,1,1250,0
Precinct,411 - East Lovettsville,492,589,0,1081,0
Precinct,413 - Tuscarora,28,31,0,59,0
Precinct,414 - Red Rock,311,278,1,590,0
Precinct,416 - Hamilton,745,806,1,1552,0
Precinct,417 - Between The Hills,71,119,0,190,0
Precinct,419 - J. L. Simpson,477,635,0,1112,0
Precinct,501 - West Leesburg,738,482,3,1223,0
Precinct,502 - East Leesburg,656,383,1,1040,0
Precinct,503 - Dry Mill,384,291,1,676,0
Precinct,504 - Smarts Mill,662,447,3,1112,0
Precinct,505 - Cool Spring,661,607,1,1269,0
Precinct,506 - Brandon Park,339,234,3,576,0
Precinct,507 - Greenway,416,301,0,717,0
Precinct,508 - Balls Bluff,583,562,1,1146,0
Precinct,509 - Tolbert,547,345,0,892,0
Precinct,510 - Heritage,436,409,3,848,0
Precinct,615 - Hillside,565,516,2,1083,0
Precinct,616 - Eagle Ridge,738,690,2,1430,0
Precinct,617 - Oak Grove,232,78,3,313,0
Precinct,618 - Mill Run,382,318,1,701,0
Precinct,619 - Ridgetop,217,83,2,302,0
Precinct,620 - Russell Branch,651,504,2,1157,0
Precinct,621 - Dominion Trail,710,555,5,1270,0
Precinct,622 - Farmwell Station,808,588,3,1399,0
Precinct,623 - Weller,872,688,5,1565,0
Precinct,624 - Moorefield Station,104,84,0,188,0
Precinct,701 - Sully,577,443,2,1022,0
Precinct,702 - Park View,573,352,4,929,0
Precinct,703 - Rolling Ridge,647,329,1,977,0
Precinct,705 - Forest Grove,750,560,3,1313,0
Precinct,707 - Claude Moore Park,455,252,2,709,0
Precinct,708 - Seneca,533,450,3,986,0
Precinct,709 - Mirror Ridge,616,344,4,964,0
Precinct,710 - Sterling,457,338,3,798,0
Precinct,808 - Stone Bridge,750,653,1,1404,0
Precinct,810 - Cedar Lane,613,462,4,1079,0
Precinct,813 - Seldens Landing,421,266,3,690,0
Precinct,814 - Newton - Lee,559,622,2,1183,0
Precinct,815 - Belmont Ridge,721,481,0,1202,0
Precinct,817 - Sanders Corner,590,639,3,1232,0
Precinct,818 - Broad Run,470,433,2,905,0
Precinct,819 - Heritage Church,381,433,0,814,0
Precinct,820 - Belmont Station,444,380,0,824,0
Precinct,821 - Lansdowne,370,328,0,698,0
Precinct,Ab - Central Absentee Precinct,3268,2964,19,6251,0
Precinct,Provisional,35,58,0,93,0
Locality,Louisa County,3907,5907,21,9835,0
Precinct,101 - Zion,399,575,3,977,0
Precinct,102 - Mechanicsville,225,329,1,555,0
Precinct,201 - Louisa #1,227,363,1,591,0
Precinct,202 - Louisa #2,271,328,4,603,0
Precinct,301 - Patrick Henry No 1,603,463,2,1068,0
Precinct,302 - Patrick Henry #2,134,147,1,282,0
Precinct,401 - Mineral,347,667,0,1014,0
Precinct,402 - Yanceyville,148,167,1,316,0
Precinct,501 - Fredericks Hall,175,144,0,319,0
Precinct,502 - Cuckoo,178,322,1,501,0
Precinct,503 - Elk Creek,138,296,2,436,0
Precinct,601 - Bumpass,133,439,2,574,0
Precinct,602 - Locust Creek,225,516,1,742,0
Precinct,701 - Sheltons Mill,260,484,0,744,0
Precinct,702 - South Anna,225,370,1,596,0
Precinct,Ab - Central Absentee Precinct,219,291,1,511,0
Precinct,Provisional,0,6,0,6,0
Locality,Lunenburg County,1419,1819,7,3245,0
Precinct,101 - Plymouth,112,270,0,382,0
Precinct,201 - Browns Store,139,243,1,383,0
Precinct,301 - Rosebud,69,185,1,255,0
Precinct,302 - Flat Rock,102,144,0,246,0
Precinct,401 - Arrowhead Gun Club,45,133,1,179,0
Precinct,402 - Pleasant Grove,93,200,0,293,0
Precinct,501 - Reedy Creek,126,104,0,230,0
Precinct,502 - Peoples Community Center,201,93,1,295,0
Precinct,601 - Hounds Creek,254,138,1,393,0
Precinct,701 - Meherrin Fire Department,110,104,0,214,0
Precinct,702 - Victoria Public Library,102,157,0,259,0
Precinct,Ab - Central Absentee Precinct,66,48,2,116,0
Precinct,Provisional,0,0,0,0,0
Locality,Lynchburg City,8126,11448,37,19611,0
Precinct,101 - First Ward First Precinct,615,911,6,1532,0
Precinct,102 - First Ward Second Precinct,691,1174,4,1869,0
Precinct,103 - First Ward Third Precinct,589,799,2,1390,0
Precinct,104 - First Ward Fourth Precinct,260,242,0,502,0
Precinct,105 - First Ward Fifth Precinct,430,434,0,864,0
Precinct,201 - Second Ward First Precinct,1006,315,4,1325,0
Precinct,202 - Second Ward Second Precinct,767,180,2,949,0
Precinct,203 - Second Ward Third Precinct,313,85,0,398,0
Precinct,204 - Second Ward Fourth Precinct,150,158,0,308,0
Precinct,301 - Third Ward First Precinct,281,303,4,588,0
Precinct,302 - Third Ward Second Precinct,29,1141,1,1171,0
Precinct,303 - Third Ward Third Precinct,263,484,0,747,0
Precinct,304 - Third Ward Fourth Precinct,215,475,2,692,0
Precinct,305 - Third Ward Fifth Precinct,357,952,0,1309,0
Precinct,401 - Fourth Ward First Precinct,490,1249,1,1740,0
Precinct,402 - Fourth Ward Second Precinct,254,515,4,773,0
Precinct,403 - Fourth Ward Third Precinct,463,880,3,1346,0
Precinct,404 - Fourth Ward Fourth Precinct,595,788,3,1386,0
Precinct,Ab - Central Absentee Precinct,358,355,1,714,0
Precinct,Provisional,0,8,0,8,0
Locality,Madison County,1624,2756,5,4385,0
Precinct,1 - Oak Park,200,250,0,450,0
Precinct,2 - Radiant,288,402,1,691,0
Precinct,3 - Rochelle,113,240,0,353,0
Precinct,4 - Graves Mill,9,33,0,42,0
Precinct,5 - Madison,302,539,0,841,0
Precinct,6 - Wolftown,188,269,1,458,0
Precinct,7 - Brightwood,217,528,2,747,0
Precinct,8 - Criglersville,124,256,1,381,0
Precinct,9 - Etlan,87,126,0,213,0
Precinct,Ab - Central Absentee Precinct,96,113,0,209,0
Precinct,Provisional,0,0,0,0,0
Locality,Manassas City,4124,3997,18,8139,0
Precinct,1 - Dean,947,1053,4,2004,0
Precinct,2 - Weems,639,636,8,1283,0
Precinct,3 - Metz,738,671,3,1412,0
Precinct,4 - Haydon,827,792,2,1621,0
Precinct,5 - Baldwin,774,620,1,1395,0
Precinct,Ab - Central Absentee Precinct,198,225,0,423,0
Precinct,Provisional,1,0,0,1,0
Locality,Manassas Park City,1178,921,5,2104,0
Precinct,1 - Precinct One,574,472,2,1048,0
Precinct,2 - Precinct Two,512,372,2,886,0
Precinct,Ab - Central Absentee Precinct,92,77,1,170,0
Locality,Martinsville City,1788,1543,8,3339,0
Precinct,1 - Precinct #1,308,11,0,319,0
Precinct,2 - Precinct #2,305,305,4,614,0
Precinct,3 - Precinct #3,231,143,2,376,0
Precinct,4 - Precinct #4,340,247,0,587,0
Precinct,5 - Precinct #5,363,752,2,1117,0
Precinct,6 - Precinct #6,166,4,0,170,0
Precinct,Ab - Central Absentee Precinct,75,81,0,156,0
Locality,Mathews County,1205,2214,2,3421,0
Precinct,1 - Chesapeake,205,489,0,694,0
Precinct,2 - Westville,428,695,1,1124,0
Precinct,3 - Piankatank,421,786,1,1208,0
Precinct,Ab - Central Absentee Precinct,151,243,0,394,0
Precinct,Provisional,0,1,0,1,0
Locality,Mecklenburg County,2868,4411,1,7280,0
Precinct,101 - Wrights Store,130,134,0,264,0
Precinct,102 - Pearsons Store,34,82,0,116,0
Precinct,103 - South Clarksville,194,211,0,405,0
Precinct,201 - Boydton,118,136,0,254,0
Precinct,202 - Bluestone Senior High School,56,37,0,93,0
Precinct,203 - Chase City Vfw Post,141,60,0,201,0
Precinct,301 - Bracey,155,361,0,516,0
Precinct,302 - Lacrosse,152,165,1,318,0
Precinct,401 - American Legion Hall,343,235,0,578,0
Precinct,402 - Park View Middle School,63,44,0,107,0
Precinct,501 - South Hill,262,498,0,760,0
Precinct,601 - Baskerville,110,206,0,316,0
Precinct,602 - Union Level,36,146,0,182,0
Precinct,603 - Smith Crossroads,51,101,0,152,0
Precinct,604 - Lake Gaston,47,89,0,136,0
Precinct,701 - Chase City,139,243,0,382,0
Precinct,702 - Sunshine,132,176,0,308,0
Precinct,801 - Finchley,43,85,0,128,0
Precinct,802 - Bluestone,128,280,0,408,0
Precinct,803 - Chase City Elementary School,116,179,0,295,0
Precinct,901 - Averett,14,80,0,94,0
Precinct,902 - Buffalo Springs,51,166,0,217,0
Precinct,903 - Clarksville,224,532,0,756,0
Precinct,Ab - Central Absentee Precinct,127,162,0,289,0
Precinct,Provisional,2,3,0,5,0
Locality,Middlesex County,1458,2376,5,3839,0
Precinct,101 - Saluda,122,156,0,278,0
Precinct,102 - Urbanna,165,313,2,480,0
Precinct,201 - New Market,250,605,0,855,0
Precinct,301 - Waterview,119,156,0,275,0
Precinct,302 - Church View,181,173,0,354,0
Precinct,401- Harmony Village,260,334,2,596,0
Precinct,501 - Wilton,277,513,1,791,0
Precinct,Ab - Central Absentee Precinct,84,126,0,210,0
Locality,Montgomery County,11039,11978,42,23059,0
Precinct,101 - Precinct A-1,727,613,0,1340,0
Precinct,102 - Precinct A-2,687,334,1,1022,0
Precinct,103 - Precinct A-3,1016,593,3,1612,0
Precinct,201 - Precinct B-1,71,64,0,135,0
Precinct,202 - Precinct B-2,558,675,1,1234,0
Precinct,203 - Precinct B-3,312,490,3,805,0
Precinct,204 - Precinct B-4,587,884,2,1473,0
Precinct,301 - Precinct C-1,299,667,2,968,0
Precinct,302 - Precinct C-2,351,690,1,1042,0
Precinct,303 - Precinct C-3,119,278,2,399,0
Precinct,304 - Precinct C-4,322,606,0,928,0
Precinct,401 - Precinct D-1,247,445,1,693,0
Precinct,402 - Precinct D-2,269,726,0,995,0
Precinct,403 - Precinct D-3,225,501,1,727,0
Precinct,404 - Precinct D-4,137,349,0,486,0
Precinct,405 - Precinct D-5,399,677,3,1079,0
Precinct,501 - Precinct E-1,425,432,3,860,0
Precinct,502 - Precinct E-2,298,454,1,753,0
Precinct,503 - Precinct E-3,435,250,2,687,0
Precinct,601 - Precinct F-1,829,483,2,1314,0
Precinct,602 - Precinct F-2,674,409,1,1084,0
Precinct,701 - Precinct G-1,1026,615,4,1645,0
Precinct,702 - Precinct G-2,465,251,8,724,0
Precinct,Ab - Central Absentee Precinct,549,482,1,1032,0
Precinct,Provisional,12,10,0,22,0
Locality,Nelson County,2685,2588,16,5289,0
Precinct,101 - Rockfish,583,527,3,1113,0
Precinct,201 - Lovingston,272,275,1,548,0
Precinct,202 - Schuyler,178,136,1,315,0
Precinct,301 - Shipman,336,331,2,669,0
Precinct,302 - Gladstone,59,62,0,121,0
Precinct,401 - Roseland,336,492,2,830,0
Precinct,402 - Montebello,29,40,0,69,0
Precinct,501 - Faber,206,182,1,389,0
Precinct,502 - Nellysford,526,440,4,970,0
Precinct,Ab - Central Absentee Precinct,156,99,2,257,0
Precinct,Provisional,4,4,0,8,0
Locality,New Kent County,2412,4791,33,7236,0
Precinct,102 - Tunstall,115,269,1,385,0
Precinct,103 - Southern Branch,268,747,3,1018,0
Precinct,201 - Quinton,324,610,4,938,0
Precinct,202 - Kentwood,175,444,6,625,0
Precinct,301 - Watkins,266,289,2,557,0
Precinct,302 - Cumberland,267,421,2,690,0
Precinct,401 - Providence Forge,350,698,3,1051,0
Precinct,403 - Mountcastle,144,276,3,423,0
Precinct,501 - Eltham,179,330,4,513,0
Precinct,502 - Chickahominy River,215,538,4,757,0
Precinct,Ab - Central Absentee Precinct,109,164,1,274,0
Precinct,Provisional,0,5,0,5,0
Locality,Newport News City,25036,16694,100,41830,0
Precinct,101 - Denbigh (CD 3),1078,316,2,1396,0
Precinct,102 - Epes (CD 3),903,281,1,1185,0
Precinct,103 - Jenkins (CD 3),733,504,2,1239,0
Precinct,104 - Mcintosh (CD 3),671,213,2,886,0
Precinct,105 - Oyster Point (CD 2),180,149,3,332,0
Precinct,106 - Reservoir (CD 3),950,524,6,1480,0
Precinct,107 - Richneck (CD 2),963,615,1,1579,0
Precinct,108 - Lee Hall (CD 3),723,307,2,1032,0
Precinct,109 - Windsor (CD 2),458,305,2,765,0
Precinct,110 - Greenwood (CD 1),816,261,1,1078,0
Precinct,201 - Bland (CD 3),137,84,0,221,0
Precinct,202 - Boulevard (CD 2),498,560,3,1061,0
Precinct,203 - Charles (CD 2),814,924,7,1745,0
Precinct,204 - Wellesley (CD 2),412,366,3,781,0
Precinct,205 - Deep Creek (CD 2),494,937,4,1435,0
Precinct,208 - Hidenwood (CD 2),353,609,3,965,0
Precinct,209 - Hilton (CD 2),546,598,2,1146,0
Precinct,210 - Nelson (CD 2),890,1005,5,1900,0
Precinct,211 - Palmer (CD 1),49,33,0,82,0
Precinct,211 - Palmer (CD 2),553,405,2,960,0
Precinct,212 - Riverside (CD 2),338,509,2,849,0
Precinct,213 - Sanford (CD 2),194,399,2,595,0
Precinct,215 - Warwick (CD 2),366,309,3,678,0
Precinct,216 - Yates (CD 2),388,519,1,908,0
Precinct,217 - Riverview (CD 2),542,700,3,1245,0
Precinct,218 - Kiln Creek (CD 1),26,18,0,44,0
Precinct,218 - Kiln Creek (CD 2),969,878,5,1852,0
Precinct,219 - Deer Park (CD 2),710,410,1,1121,0
Precinct,302 - Briarfield (CD 3),608,160,1,769,0
Precinct,303 - Carver (CD 3),420,125,2,547,0
Precinct,304 - Chestnut (CD 3),407,17,0,424,0
Precinct,305 - Downtown (CD 3),179,51,1,231,0
Precinct,306 - Dunbar (CD 3),112,9,0,121,0
Precinct,307 - Huntington (CD 3),341,8,0,349,0
Precinct,308 - Jefferson (CD 3),388,8,1,397,0
Precinct,309 - Magruder (CD 3),425,23,1,449,0
Precinct,310 - Marshall (CD 3),519,29,0,548,0
Precinct,311 - Newmarket (CD 3),798,254,4,1056,0
Precinct,312 - Newsome Park (CD 3),136,14,1,151,0
Precinct,313 - Reed (CD 3),769,32,2,803,0
Precinct,314 - River (CD 3),372,251,2,625,0
Precinct,315 - Sedgefield (CD 2),442,403,2,847,0
Precinct,316 - South Morrison (CD 3),582,389,3,974,0
Precinct,317 - Washington (CD 3),229,14,0,243,0
Precinct,318 - Wilson (CD 3),480,57,1,538,0
Precinct,319 - Saunders (CD 2),674,630,3,1307,0
Precinct,320 - Watkins (CD 2),716,950,3,1669,0
Precinct,Ab - Central Absentee Precinct (CD 1),15,8,1,24,0
Precinct,Ab - Central Absentee Precinct (CD 2),363,413,2,778,0
Precinct,Ab - Central Absentee Precinct (CD 3),294,92,2,388,0
Precinct,Provisional (CD 1),1,0,0,1,0
Precinct,Provisional (CD 2),5,14,0,19,0
Precinct,Provisional (CD 3),7,5,0,12,0
Locality,Norfolk City,31404,13716,140,45260,0
Precinct,101 - Granby (CD 3),846,445,4,1295,0
Precinct,102 - Ocean View School (CD 2),313,265,2,580,0
Precinct,103 - Northside (CD 2),432,447,0,879,0
Precinct,104 - Titustown (CD 3),378,49,0,427,0
Precinct,106 - Zion Grace (CD 2),725,519,4,1248,0
Precinct,201 - Old Dominion (CD 2),1000,680,9,1689,0
Precinct,203 - Ghent Square (CD 3),389,213,2,604,0
Precinct,207 - Lambert's Point (CD 3),762,90,2,854,0
Precinct,208 - Larchmont Library (CD 2),313,224,2,539,0
Precinct,210 - Maury (CD 3),715,319,6,1040,0
Precinct,211 - Chrysler Museum (CD 3),799,426,4,1229,0
Precinct,212 - Park Place (CD 3),600,31,0,631,0
Precinct,213 - Taylor Elementary School (CD 3),907,372,3,1282,0
Precinct,214 - Stuart (CD 3),920,316,11,1247,0
Precinct,215 - Suburban Park (CD 2),492,420,1,913,0
Precinct,217 - Wesley (CD 3),399,199,0,598,0
Precinct,218 - Willard (CD 2),889,753,4,1646,0
Precinct,301 - Ballentine (CD 3),807,104,1,912,0
Precinct,302 - Tanners Creek (CD 3),372,101,1,474,0
Precinct,303 - Bowling Park (CD 3),988,65,2,1055,0
Precinct,304 - Coleman Place School (CD 3),379,107,1,487,0
Precinct,305 - Lafayette-winona (CD 3),656,128,1,785,0
Precinct,306 - Lindenwood (CD 3),544,65,2,611,0
Precinct,309 - Norview (CD 3),1150,278,7,1435,0
Precinct,310 - Rosemont (CD 3),1184,60,0,1244,0
Precinct,311 - Sherwood (CD 3),896,436,8,1340,0
Precinct,313 - Union Chapel (CD 3),403,20,0,423,0
Precinct,402 - Berkley (CD 3),739,24,2,765,0
Precinct,403 - Brambleton (CD 3),270,13,0,283,0
Precinct,404 - Campostella (CD 3),681,32,2,715,0
Precinct,405 - Chesterfield (CD 3),840,32,0,872,0
Precinct,406 - Barron Black (CD 2),434,276,1,711,0
Precinct,408 - Easton (CD 2),531,377,2,910,0
Precinct,409 - Fairlawn (CD 2),422,310,3,735,0
Precinct,411 - Ruffner Academy (CD 3),156,9,0,165,0
Precinct,412 - Ingleside (CD 3),786,129,0,915,0
Precinct,413 - Poplar Halls (CD 3),1020,190,5,1215,0
Precinct,414 - Young Park (CD 3),815,29,2,846,0
Precinct,415 - Lake Taylor High School (CD 3),465,224,1,690,0
Precinct,501 - Bayview (CD 2),531,522,6,1059,0
Precinct,503 - East Ocean View (CD 2),554,403,2,959,0
Precinct,504 - Larrymore (CD 2),560,406,3,969,0
Precinct,505 - Little Creek (CD 2),312,320,3,635,0
Precinct,506 - Ocean View Center (CD 2),701,392,7,1100,0
Precinct,507 - Pretlow (CD 2),512,394,8,914,0
Precinct,509 - Tarrallton (CD 2),455,625,4,1084,0
Precinct,510 - Third Presbyterian (CD 2),500,628,7,1135,0
Precinct,511 - Crossroads (CD 2),453,486,1,940,0
Precinct,512 - Azalea Gardens (CD 2),299,327,0,626,0
Precinct,Ab - Central Absentee Precinct (CD 2),379,271,2,652,0
Precinct,Ab - Central Absentee Precinct (CD 3),718,155,2,875,0
Precinct,Provisional (CD 2),4,4,0,8,0
Precinct,Provisional (CD 3),9,6,0,15,0
Locality,Northampton County,2020,1854,6,3880,0
Precinct,101 - Precinct 1-1,440,470,2,912,0
Precinct,201 - Precinct 2-1,438,206,1,645,0
Precinct,301 - Precinct 3-1,416,214,1,631,0
Precinct,401 - Precinct 4-1,317,411,0,728,0
Precinct,501 - Precinct 5-1,307,445,2,754,0
Precinct,Ab - Central Absentee Precinct,100,108,0,208,0
Precinct,Provisional,2,0,0,2,0
Locality,Northumberland County,2101,3033,10,5144,0
Precinct,101 - 1a,328,462,1,791,0
Precinct,201 - 2a,317,623,2,942,0
Precinct,301 - 3a,319,180,1,500,0
Precinct,302 - 3b,185,58,0,243,0
Precinct,401 - 4a,427,796,2,1225,0
Precinct,501 - 5a,388,730,4,1122,0
Precinct,Ab - Central Absentee Precinct,135,183,0,318,0
Precinct,Provisional,2,1,0,3,0
Locality,Norton City,335,524,2,861,0
Precinct,1 - East Ward,335,523,2,860,0
Precinct,Provisional,0,1,0,1,0
Locality,Nottoway County,1830,2096,8,3934,0
Precinct,101 - Precinct 1-1,203,256,0,459,0
Precinct,102 - Precinct 1-2,127,183,1,311,0
Precinct,201 - Precinct 2-1,211,334,3,548,0
Precinct,202 - Precinct 2-2,69,196,2,267,0
Precinct,301 - Precinct 3-1,266,136,0,402,0
Precinct,302 - Precinct 3-2,124,149,1,274,0
Precinct,401 - Precinct 4-1,313,78,0,391,0
Precinct,402 - Precinct 4-2,142,232,0,374,0
Precinct,501 - Precinct 5-1,318,452,1,771,0
Precinct,Ab - Central Absentee Precinct,57,80,0,137,0
Precinct,Provisional,0,0,0,0,0
Locality,Orange County,3929,5954,29,9912,0
Precinct,101 - One West,460,677,2,1139,0
Precinct,102 - One East,424,542,2,968,0
Precinct,201 - Two West,322,496,1,819,0
Precinct,202 - Two East,260,497,1,758,0
Precinct,301 - Three West,516,608,3,1127,0
Precinct,302 - Three East,153,218,1,372,0
Precinct,401 - Four West,252,649,4,905,0
Precinct,402 - Four East,293,494,2,789,0
Precinct,501 - Five South,514,668,3,1185,0
Precinct,502 - Five North,518,790,8,1316,0
Precinct,Ab - Central Absentee Precinct,214,311,2,527,0
Precinct,Provisional,3,4,0,7,0
Locality,Page County,1942,4095,8,6045,0
Precinct,101 - West Luray,477,749,4,1230,0
Precinct,201 - East Luray,444,855,1,1300,0
Precinct,301 - Marksville,398,830,0,1228,0
Precinct,401 - Newport,256,700,2,958,0
Precinct,501 - Shenandoah,263,805,1,1069,0
Precinct,Ab - Central Absentee Precinct,104,156,0,260,0
Locality,Patrick County,1412,3548,3,4963,0
Precinct,101 - Ararat,93,199,0,292,0
Precinct,102 - Claudville,78,212,0,290,0
Precinct,103 - Willis Gap,85,198,0,283,0
Precinct,201 - Dry Pond,34,113,0,147,0
Precinct,202 - Patrick Springs,135,386,2,523,0
Precinct,203 - Russell Creek,103,264,0,367,0
Precinct,301 - Critz/stella,145,367,1,513,0
Precinct,302 - Liberty,68,271,0,339,0
Precinct,401 - Meadows Of Dan,142,272,0,414,0
Precinct,402 - Stuart Administration,156,364,0,520,0
Precinct,501 - Stuart Community,59,171,0,230,0
Precinct,502 - Elamsville,108,258,0,366,0
Precinct,503 - Woolwine,122,323,0,445,0
Precinct,Ab - Central Absentee Precinct,84,149,0,233,0
Precinct,Provisional,0,1,0,1,0
Locality,Petersburg City,7219,953,15,8187,0
Precinct,101 - First Ward First Precinct,640,84,5,729,0
Precinct,201 - Second Ward First Precinct,1223,132,2,1357,0
Precinct,301 - Third Ward First Precinct,1180,290,0,1470,0
Precinct,401 - Fourth Ward First Precinct,787,159,3,949,0
Precinct,501 - Fifth Ward First Precinct,807,72,4,883,0
Precinct,601 - Sixth Ward First Precinct,861,23,0,884,0
Precinct,701 - Seventh Ward First Precinct,1093,83,0,1176,0
Precinct,Ab - Central Absentee Precinct,625,110,1,736,0
Precinct,Provisional,3,0,0,3,0
Locality,Pittsylvania County,5627,12411,20,18058,0
Precinct,103 - Twin Springs,210,1200,2,1412,0
Precinct,105 - Chatham,153,440,0,593,0
Precinct,106 - Tunstall,135,409,1,545,0
Precinct,108 - West Blairs,111,234,1,346,0
Precinct,201 - Callands,148,432,1,581,0
Precinct,202- Bearskin,59,101,0,160,0
Precinct,204 - Sandy Level,112,254,0,366,0
Precinct,206 - Climax,87,320,1,408,0
Precinct,207 - Gretna,248,752,1,1001,0
Precinct,301 - Central,321,195,0,516,0
Precinct,305 - Riceville,261,189,0,450,0
Precinct,307 - East Blairs,409,136,0,545,0
Precinct,308 - Mt Airy,152,117,0,269,0
Precinct,309 - East Gretna,140,180,1,321,0
Precinct,402 - Keeling,96,407,1,504,0
Precinct,404 - Kentuck,217,752,2,971,0
Precinct,405 - Ringgold,331,736,0,1067,0
Precinct,501 - Hurt,250,545,2,797,0
Precinct,502 - Motley Sycamore,277,571,0,848,0
Precinct,503 - Renan,158,310,0,468,0
Precinct,603 - Stony Mill,175,436,0,611,0
Precinct,604 - Swansonville,198,300,1,499,0
Precinct,605 - Whitmell,155,345,0,500,0
Precinct,606 - Brosville,257,265,1,523,0
Precinct,607 - Dry Fork,70,221,0,291,0
Precinct,702 - Bachelors Hall,150,674,2,826,0
Precinct,703 - Ferry Road,46,106,0,152,0
Precinct,704 - Mt Hermon,323,883,2,1208,0
Precinct,705 - Mt Cross,104,439,0,543,0
Precinct,Ab - Central Absentee Precinct,274,461,1,736,0
Precinct,Provisional,0,1,0,1,0
Locality,Poquoson City,1130,3216,20,4366,0
Precinct,1 - Central,317,919,7,1243,0
Precinct,2 - Eastern,376,1051,4,1431,0
Precinct,3 - Western,382,1124,9,1515,0
Precinct,Ab - Central Absentee Precinct,55,122,0,177,0
Precinct,Provisional,0,0,0,0,0
Locality,Portsmouth City,17655,7784,77,25516,0
Precinct,1 - One,579,245,2,826,0
Precinct,5 - Five,526,21,2,549,0
Precinct,7- Seven,394,122,2,518,0
Precinct,9 - Nine,680,118,2,800,0
Precinct,10 - Ten,306,179,2,487,0
Precinct,11 - Eleven,588,18,1,607,0
Precinct,13 - Thirteen,403,10,0,413,0
Precinct,14 - Fourteen,671,26,1,698,0
Precinct,16 - Sixteen,365,202,2,569,0
Precinct,17 - Seventeen,468,224,3,695,0
Precinct,19 - Nineteen,251,160,1,412,0
Precinct,20 - Twenty,394,144,2,540,0
Precinct,21 - Twenty-one,459,14,1,474,0
Precinct,22 - Twenty-two,334,284,7,625,0
Precinct,23 - Twenty-three,280,396,1,677,0
Precinct,24 - Twenty-four,351,215,6,572,0
Precinct,25 - Twenty-five,491,367,2,860,0
Precinct,26 - Twenty-six,833,28,1,862,0
Precinct,27 - Twenty-seven,853,36,1,890,0
Precinct,28 - Twenty Eight,1296,47,1,1344,0
Precinct,29 - Twenty- Nine,201,363,1,565,0
Precinct,30 - Thirty,192,362,3,557,0
Precinct,31 - Thirty-one,576,362,2,940,0
Precinct,32 - Thirty-two,302,433,2,737,0
Precinct,33- Thirty-three,202,420,1,623,0
Precinct,34- Thirty-four,372,489,6,867,0
Precinct,35 - Thirty-five,464,524,4,992,0
Precinct,36 - Thirty-six,953,782,9,1744,0
Precinct,37 - Thirty-seven,873,437,3,1313,0
Precinct,38 - Thirty-eight,1083,154,2,1239,0
Precinct,39 - Thirty-nine,1191,391,3,1585,0
Precinct,Ab - Central Absentee Precinct,718,210,1,929,0
Precinct,Provisional,6,1,0,7,0
Locality,Powhatan County,2693,7356,26,10075,0
Precinct,101 - Subletts,317,906,4,1227,0
Precinct,102 - Manakin,215,601,1,817,0
Precinct,103 - Flat Rock,139,493,4,636,0
Precinct,201 - Powhatan Station,182,690,3,875,0
Precinct,202 - Graceland,243,799,1,1043,0
Precinct,301 - Bethesda,250,661,4,915,0
Precinct,302 - Lee's Landing,197,555,1,753,0
Precinct,401 - Powhatan Courthouse,293,1065,3,1361,0
Precinct,402 - Mt Zion,138,356,0,494,0
Precinct,501 - Smith Cross Roads,349,441,5,795,0
Precinct,502 - Pineville,179,258,0,437,0
Precinct,503 - Tobaccoville,79,269,0,348,0
Precinct,Ab - Central Absentee Precinct,111,260,0,371,0
Precinct,Provisional,1,2,0,3,0
Locality,Prince Edward County,2680,2453,11,5144,0
Precinct,101 - Farmville,282,297,1,580,0
Precinct,201 - Lockett,383,389,2,774,0
Precinct,301 - Leigh,252,193,1,446,0
Precinct,302 - Mt Pleasant,181,90,0,271,0
Precinct,401 - Hampden,295,248,0,543,0
Precinct,501 - Darlington Hts,138,254,0,392,0
Precinct,502 - Buffalo Hts,109,155,2,266,0
Precinct,601 - Prospect,435,353,2,790,0
Precinct,701 - West End,304,309,2,615,0
Precinct,801 - Center,227,77,1,305,0
Precinct,Ab - Central Absentee Precinct,73,88,0,161,0
Precinct,Provisional,1,0,0,1,0
Locality,Prince George County,3816,5375,31,9222,0
Precinct,101 - Richard Bland (CD 4),250,431,3,684,0
Precinct,102 - Templeton (CD 4),487,1075,3,1565,0
Precinct,103 - Union Branch (CD 4),465,516,7,988,0
Precinct,104 - Rives (CD 4),16,3,0,19,0
Precinct,104 - Rives (CD 3),346,257,0,603,0
Precinct,105 - Harrison (CD 3),107,231,2,340,0
Precinct,201 - Bland (CD 3),498,921,1,1420,0
Precinct,202 - Black Water (CD 3),317,643,2,962,0
Precinct,203 - Brandon (CD 3),137,271,0,408,0
Precinct,204 - Courts Bldg (CD 4),583,560,4,1147,0
Precinct,205 - Jefferson Park (CD 4),448,231,6,685,0
Precinct,Ab - Central Absentee Precinct (CD 3),68,136,0,204,0
Precinct,Ab - Central Absentee Precinct (CD 4),94,99,3,196,0
Precinct,Provisional (CD 3),0,0,0,0,0
Precinct,Provisional (CD 4),0,1,0,1,0
Locality,Prince William County,52109,44163,179,96451,0
Precinct,101 - Brentsville (CD 1),403,860,1,1264,0
Precinct,102 - Cedar Point (CD 1),730,904,4,1638,0
Precinct,103 - Glenkirk (CD 1),497,600,1,1098,0
Precinct,104 - Nokesville (CD 1),221,627,3,851,0
Precinct,105 - Limestone (CD 1),647,753,5,1405,0
Precinct,106 - Westgate (CD 1),362,182,3,547,0
Precinct,107 - Marsteller (CD 1),885,873,4,1762,0
Precinct,108 - Victory (CD 1),661,742,5,1408,0
Precinct,109 - Piney Branch (CD 1),478,490,0,968,0
Precinct,110 - Buckland Mills (CD 10),690,771,1,1462,0
Precinct,110 - Buckland Mills (CD 1),171,214,1,386,0
Precinct,111 - Bristow Run (CD 1),748,909,3,1660,0
Precinct,201 - Saunders (CD 1),29,24,0,53,0
Precinct,201 - Saunders (CD 11),791,458,1,1250,0
Precinct,202 - Marshall (CD 1),633,853,2,1488,0
Precinct,203 - Bennett (CD 1),871,1295,4,2170,0
Precinct,204 - Ellis (CD 1),437,462,2,901,0
Precinct,205 - Buckhall (CD 10),512,634,1,1147,0
Precinct,206 - Coles (CD 1),449,605,4,1058,0
Precinct,207 - Spriggs (CD 1),741,489,4,1234,0
Precinct,208 - Hylton (CD 11),212,133,0,345,0
Precinct,208 - Hylton (CD 1),609,829,0,1438,0
Precinct,209 - Independent Hill (CD 1),312,637,3,952,0
Precinct,210 - Penn (CD 11),174,80,0,254,0
Precinct,210 - Penn (CD 1),507,728,3,1238,0
Precinct,211 - Signal Hill (CD 10),362,466,2,830,0
Precinct,212 - Yorkshire (CD 10),577,515,3,1095,0
Precinct,301 - Dumfries (CD 11),510,206,3,719,0
Precinct,302 - Potomac (CD 11),835,215,2,1052,0
Precinct,303 - Graham Park (CD 11),810,456,2,1268,0
Precinct,304 - Quantico (CD 1),48,74,0,122,0
Precinct,305 - Pattie (CD 1),622,575,1,1198,0
Precinct,306 - Washington-reid (CD 1),759,636,3,1398,0
Precinct,307 - Henderson (CD 1),1015,910,6,1931,0
Precinct,308 - Montclair (CD 1),841,803,4,1648,0
Precinct,309 - Ashland (CD 1),477,423,2,902,0
Precinct,310 - Forest Park (CD 1),585,317,1,903,0
Precinct,311 - Swans Creek (CD 11),936,356,6,1298,0
Precinct,312 - Triangle (CD 1),135,60,0,195,0
Precinct,401 - Evergreen (CD 10),643,1034,5,1682,0
Precinct,402 - Battlefield (CD 10),502,1153,0,1655,0
Precinct,403 - Bull Run (CD 10),380,460,2,842,0
Precinct,404 - Ashton (CD 1),556,310,3,869,0
Precinct,405 - Stonewall (CD 1),516,333,0,849,0
Precinct,406 - Alvey (CD 10),943,1235,2,2180,0
Precinct,407 - Heritage Hunt (CD 10),911,1116,4,2031,0
Precinct,408 - Sudley (CD 1),388,395,2,785,0
Precinct,409 - Haymarket (CD 10),483,520,0,1003,0
Precinct,410 - Mountain View (CD 10),505,836,3,1344,0
Precinct,411 - Mullen (CD 1),659,364,3,1026,0
Precinct,501 - Lake Ridge (CD 1),712,487,2,1201,0
Precinct,502 - Occoquan (CD 11),361,263,1,625,0
Precinct,503 - Old Bridge (CD 11),678,754,1,1433,0
Precinct,504 - Rockledge (CD 11),776,643,5,1424,0
Precinct,505 - Mohican (CD 11),448,261,0,709,0
Precinct,505 - Mohican (CD 1),478,447,0,925,0
Precinct,506 - Bethel (CD 11),853,639,3,1495,0
Precinct,507 - Chinn (CD 11),607,397,0,1004,0
Precinct,508 - Springwoods (CD 11),383,188,1,572,0
Precinct,508 - Springwoods (CD 1),460,255,1,716,0
Precinct,509 - Mc Coart (CD 1),632,604,2,1238,0
Precinct,510 - Yates Ford (CD 1),181,271,3,455,0
Precinct,510 - Yates Ford (CD 10),330,439,4,773,0
Precinct,511 - Westridge (CD 1),592,510,4,1106,0
Precinct,512 - York (CD 11),646,211,1,858,0
Precinct,601 - Dale (CD 11),520,175,0,695,0
Precinct,602 - Beville (CD 11),834,378,0,1212,0
Precinct,603 - Godwin (CD 11),886,342,4,1232,0
Precinct,604 - Gideon (CD 11),557,231,1,789,0
Precinct,605 - Minnieville (CD 11),550,345,2,897,0
Precinct,606 - Bel Air (CD 11),563,333,2,898,0
Precinct,607 - Kerrydale (CD 11),692,321,4,1017,0
Precinct,608 - Enterprise (CD 11),610,303,2,915,0
Precinct,609 - King (CD 1),0,0,0,0,0
Precinct,609 - King (CD 11),777,351,5,1133,0
Precinct,610 - Fitzgerald (CD 11),712,297,2,1011,0
Precinct,701 - Belmont (CD 11),559,427,2,988,0
Precinct,702 - Library (CD 11),931,428,0,1359,0
Precinct,703 - Lynn (CD 11),525,155,2,682,0
Precinct,704 - Porter (CD 11),793,419,2,1214,0
Precinct,705 - Potomac View (CD 11),284,253,0,537,0
Precinct,706 - Rippon (CD 11),825,440,0,1265,0
Precinct,707 - Kilby (CD 11),490,221,0,711,0
Precinct,708 - River Oaks (CD 11),1206,257,0,1463,0
Precinct,709 - Freedom (CD 11),662,162,1,825,0
Precinct,Ab - Central Absentee Precinct (CD 1),1249,1320,4,2573,0
Precinct,Ab - Central Absentee Precinct (CD 10),719,949,1,1669,0
Precinct,Ab - Central Absentee Precinct (CD 11),1235,744,3,1982,0
Precinct,Provisional (CD 1),7,15,0,22,0
Precinct,Provisional (CD 10),0,2,0,2,0
Precinct,Provisional (CD 11),18,6,0,24,0
Precinct,Provisional (CD 3),13,1,0,14,0
Locality,Pulaski County,2709,5298,10,8017,0
Precinct,101 - Belspring,152,206,1,359,0
Precinct,102 - New River,449,570,2,1021,0
Precinct,103 - West Cloyd,167,330,0,497,0
Precinct,201 - Draper,177,458,0,635,0
Precinct,202 - South Pulaski,48,68,0,116,0
Precinct,203 - Newbern,354,565,0,919,0
Precinct,301 - Dublin,234,609,1,844,0
Precinct,302 - Hiwassee,44,132,1,177,0
Precinct,304 - Snowville,135,384,2,521,0
Precinct,401 - Massie,314,758,1,1073,0
Precinct,402 - Walker,85,313,0,398,0
Precinct,501 - Robinson,443,705,2,1150,0
Precinct,Ab - Central Absentee Precinct,107,195,0,302,0
Precinct,Provisional,0,5,0,5,0
Locality,Radford City,1401,1500,4,2905,0
Precinct,1 - East Precinct,450,385,1,836,0
Precinct,2 - Central Precinct,487,492,1,980,0
Precinct,3 - West Precinct,387,555,2,944,0
Precinct,Ab - Central Absentee Precinct,77,68,0,145,0
Locality,Rappahannock County,1325,1572,8,2905,0
Precinct,101 - Washington,314,328,2,644,0
Precinct,201 - Amissville,216,373,2,591,0
Precinct,301 - Sperryville,311,255,2,568,0
Precinct,401 - Scrabble,266,265,2,533,0
Precinct,501 - Chester Gap,56,156,0,212,0
Precinct,502 - Flint Hill,162,195,0,357,0
Locality,Richmond City,44684,12678,133,57495,0
Precinct,101 - One Hundred One (CD 7),631,641,4,1276,0
Precinct,102 - One Hundred Two,323,398,0,721,0
Precinct,104 - One Hundred Four (CD 7),460,670,4,1134,0
Precinct,105 - One Hundred Five (CD 7),498,429,0,927,0
Precinct,106 - One Hundred Six (CD 7),393,794,5,1192,0
Precinct,111 - One Hundred Eleven (CD 7),525,389,5,919,0
Precinct,112 - One Hundred Twelve (CD 7),425,303,4,732,0
Precinct,113 - One Hundred Thirteen (CD 3),763,251,2,1016,0
Precinct,114 - One Hundred Fourteen (CD 3),927,316,4,1247,0
Precinct,203 - Two Hundred Three (CD 3),800,228,1,1029,0
Precinct,204 - Two Hundred Four (CD 3),788,269,7,1064,0
Precinct,206 - Two Hundred Six (CD 3),744,150,4,898,0
Precinct,207 - Two Hundred Seven (CD 3),808,321,4,1133,0
Precinct,208 - Two Hundred Eight (CD 3),898,297,4,1199,0
Precinct,213 - Two Hundred Thirteen (CD 3),849,86,5,940,0
Precinct,301 - Three Hundred One (CD 3),503,27,0,530,0
Precinct,302 - Three Hundred Two (CD 3),635,82,2,719,0
Precinct,303 - Three Hundred Three (CD 3),533,27,1,561,0
Precinct,304 - Three Hundred Four (CD 3),694,30,2,726,0
Precinct,305 - Three Hundred Five (CD 3),623,40,1,664,0
Precinct,306 - Three Hundred Six (CD 3),455,33,1,489,0
Precinct,307 - Three Hundred Seven (CD 3),681,200,1,882,0
Precinct,308 - Three Hundred Eight (CD 3),746,241,4,991,0
Precinct,309 - Three Hundred Nine (CD 7),419,265,1,685,0
Precinct,310 - Three Hundred Ten (CD 3),225,15,0,240,0
Precinct,402 - Four Hundred Two (CD 3),1124,534,4,1662,0
Precinct,404 - Four Hundred Four (CD 3),868,280,2,1150,0
Precinct,409 - Four Hundred Nine (CD 7),1039,800,3,1842,0
Precinct,410 - Four Hundred Ten (CD 7),665,325,3,993,0
Precinct,412 - Four Hundred Twelve (CD 3),211,82,1,294,0
Precinct,412 - Four Hundred Twelve (CD 7),400,114,0,514,0
Precinct,413 - Four Hundred Thirteen (CD 7),671,434,2,1107,0
Precinct,414 - Four Hundred Fourteen (CD 7),666,532,1,1199,0
Precinct,501 - Five Hundred One (CD 3),983,181,3,1167,0
Precinct,503 - Five Hundred Three (CD 3),1068,129,2,1199,0
Precinct,504 - Five Hundred Four (CD 3),1068,152,4,1224,0
Precinct,505 - Five Hundred Five (CD 3),399,61,1,461,0
Precinct,508 - Five Hundred Eight (CD 3),541,110,4,655,0
Precinct,509 - Five Hundred Nine (CD 3),655,51,2,708,0
Precinct,510 - Five Hundred Ten (CD 3),825,83,2,910,0
Precinct,602 - Six Hundred Two (CD 3),467,16,1,484,0
Precinct,603 - Six Hundred Three (CD 3),613,30,2,645,0
Precinct,604 - Six Hundred Four (CD 3),466,24,1,491,0
Precinct,606 - Six Hundred Six (CD 3),836,48,1,885,0
Precinct,607 - Six Hundred Seven (CD 3),386,104,1,491,0
Precinct,609 - Six Hundred Nine (CD 3),468,59,0,527,0
Precinct,610 - Six Hundred Ten (CD 3),512,27,1,540,0
Precinct,701 - Seven Hundred One (CD 3),573,31,0,604,0
Precinct,702 - Seven Hundred Two (CD 3),547,49,4,600,0
Precinct,703 - Seven Hundred Three (CD 3),535,52,1,588,0
Precinct,705 - Seven Hundred Five (CD 3),520,81,3,604,0
Precinct,706 - Seven Hundred Six (CD 3),921,111,3,1035,0
Precinct,707 - Seven Hundred Seven (CD 3),1139,237,5,1381,0
Precinct,708 - Seven Hundred Eight (CD 3),574,146,1,721,0
Precinct,802 - Eight Hundred Two (CD 3),563,24,0,587,0
Precinct,806 - Eight Hundred Six (CD 3),776,68,2,846,0
Precinct,810 - Eight Hundred Ten (CD 3),592,78,1,671,0
Precinct,811 - Eight Hundred Eleven (CD 3),647,52,0,699,0
Precinct,812 - Eight Hundred Twelve (CD 3),981,174,0,1155,0
Precinct,814 - Eight Hundred Fourteen (CD 3),575,53,0,628,0
Precinct,902 - Nine Hundred Two (CD 3),289,31,0,320,0
Precinct,903 - Nine Hundred Three (CD 3),729,90,0,819,0
Precinct,908 - Nine Hundred Eight (CD 7),233,36,0,269,0
Precinct,908 - Nine Hundred Eight (CD 3),461,42,0,503,0
Precinct,909 - Nine Hundred Nine (CD 3),856,83,4,943,0
Precinct,910 - Nine Hundred Ten (CD 3),671,96,1,768,0
Precinct,911 - Nine Hundred Eleven (CD 3),724,51,0,775,0
Precinct,Ab - Central Absentee Precinct (CD 3),1182,191,0,1373,0
Precinct,Ab - Central Absentee Precinct (CD 7),304,220,1,525,0
Precinct,Provisional (CD 3),13,1,0,14,0
Precinct,Provisional (CD 7),2,3,0,5,0
Locality,Richmond County,836,1393,6,2235,0
Precinct,101 - Precinct 1-1,322,187,0,509,0
Precinct,201 - Precinct 2-1,102,279,1,382,0
Precinct,301 - Precinct 3-1,115,264,2,381,0
Precinct,401 - Precinct 4-1,149,314,1,464,0
Precinct,501 - Precinct 5-1,121,284,1,406,0
Precinct,Ab - Central Absentee Precinct,27,65,1,93,0
Precinct,Provisional,0,0,0,0,0
Locality,Roanoke City,11931,9462,34,21427,0
Precinct,1 - Highland 1,265,92,2,359,0
Precinct,2 - Highland 2,391,187,1,579,0
Precinct,5 - Jefferson 1,216,243,0,459,0
Precinct,7 - Jefferson-riverdale,227,299,2,528,0
Precinct,8 - Jefferson 2,247,222,1,470,0
Precinct,9 - Tinker,342,478,0,820,0
Precinct,10 - Williamson Road 1,210,274,1,485,0
Precinct,11 - Williamson Road 2,145,266,0,411,0
Precinct,12 - Williamson Road 3,205,92,1,298,0
Precinct,13 - Williamson Road 4,299,181,0,480,0
Precinct,14 - Williamson Road 5,221,243,3,467,0
Precinct,15 - Williamson Road 6,191,282,2,475,0
Precinct,16 - Lincoln Terrace,303,44,0,347,0
Precinct,17 - Monterey,314,484,1,799,0
Precinct,18 - Peters Creek,941,358,0,1299,0
Precinct,19 - Melrose,334,26,0,360,0
Precinct,20 - Eureka Park,514,36,0,550,0
Precinct,21 - Villa Heights,683,71,1,755,0
Precinct,22 - Washington Heights,773,308,1,1082,0
Precinct,23 - Westside,420,90,0,510,0
Precinct,24 - Raleigh Court 1,365,263,0,628,0
Precinct,26 - Raleigh Court 2,304,285,1,590,0
Precinct,27 - Raleigh Court 3,393,223,3,619,0
Precinct,28 - Raleigh Court 4,269,262,0,531,0
Precinct,29 - Raleigh Court 5,284,272,2,558,0
Precinct,30 - Wasena,263,225,2,490,0
Precinct,31 - Fishburn Park,260,383,2,645,0
Precinct,32 - Grandin Court,331,311,2,644,0
Precinct,33 - South Roanoke 1,358,494,1,853,0
Precinct,34 - South Roanoke 2,390,613,3,1006,0
Precinct,35 - Lee-hi,627,857,1,1485,0
Precinct,37 - Garden City,304,597,0,901,0
Precinct,AB - Central Absentee Precinct,0,0,0,0,0
Precinct,Provisional,18,26,0,44,0
Locality,Roanoke County,10122,20550,67,30739,0
Precinct,101 - Catawba (CD 9),91,261,1,353,0
Precinct,102 - Mason Valley (CD 9),97,271,0,368,0
Precinct,103 - Glenvar (CD 9),230,619,0,849,0
Precinct,104 - Northside (CD 9),267,405,3,675,0
Precinct,105 - Peters Creek (CD 9),470,900,3,1373,0
Precinct,106 - Green Hill (CD 9),469,907,0,1376,0
Precinct,107 - Bennett Springs (CD 9),104,363,0,467,0
Precinct,108 - Wildwood (CD 9),198,432,2,632,0
Precinct,201 - Plantation (CD 6),286,546,2,834,0
Precinct,202 - Burlington (CD 6),203,313,3,519,0
Precinct,203 - Mountain View (CD 6),433,1002,3,1438,0
Precinct,204 - Botetourt Springs (CD 9),447,708,2,1157,0
Precinct,205 - Orchards (CD 6),440,1152,6,1598,0
Precinct,206 - Hollins (CD 6),177,301,1,479,0
Precinct,301 - Bent Mountain (CD 9),122,237,2,361,0
Precinct,302 - Poages Mill (CD 6),432,1050,3,1485,0
Precinct,303 - Windsor Hills (CD 6),324,568,4,896,0
Precinct,304 - Oak Grove (CD 6),515,1029,1,1545,0
Precinct,305 - Castle Rock (CD 6),607,1136,2,1745,0
Precinct,306 - Garst Mill (CD 6),272,414,0,686,0
Precinct,402 - Bonsack (CD 6),86,241,0,327,0
Precinct,403 - North Vinton (CD 6),228,534,1,763,0
Precinct,404 - South Vinton (CD 6),364,608,3,975,0
Precinct,405 - Lindenwood (CD 6),479,1226,2,1707,0
Precinct,406 - Mount Pleasant (CD 6),292,843,3,1138,0
Precinct,501 - Cotton Hill (CD 6),255,523,2,780,0
Precinct,502 - Penn Forest (CD 6),278,426,3,707,0
Precinct,503 - Cave Spring (CD 6),314,619,6,939,0
Precinct,504 - Ogden (CD 6),261,375,4,640,0
Precinct,505 - Clearbrook (CD 6),203,417,0,620,0
Precinct,506 - Mount Vernon (CD 6),262,414,1,677,0
Precinct,507 - Hunting Hills (CD 6),442,878,2,1322,0
Precinct,Ab - Central Absentee Precinct (CD 6),363,670,2,1035,0
Precinct,Ab - Central Absentee Precinct (CD 9),110,159,0,269,0
Precinct,Provisional (CD 6),0,2,0,2,0
Precinct,Provisional (CD 9),1,1,0,2,0
Locality,Rockbridge County,2546,4046,10,6602,0
Precinct,101 - Airport,272,326,2,600,0
Precinct,102 - Ben Salem,158,249,1,408,0
Precinct,103 - Plank Road,73,151,1,225,0
Precinct,104 - Effinger,81,165,0,246,0
Precinct,201 - Collierstown,181,240,0,421,0
Precinct,202 - Highland Belle,335,447,2,784,0
Precinct,203 - Vo-tech,105,112,1,218,0
Precinct,301 - Maury River,146,201,0,347,0
Precinct,302 - Natural Bridge,134,200,1,335,0
Precinct,303 - Falling Spring,47,130,0,177,0
Precinct,401 - Fairfield,142,273,1,416,0
Precinct,402 - Mountain View,193,368,1,562,0
Precinct,403 - Vesuvius,24,152,0,176,0
Precinct,501 - Goshen,47,162,0,209,0
Precinct,502 - Meadowview,178,207,0,385,0
Precinct,503 - Rockbridge Baths,130,154,0,284,0
Precinct,504 - Rockbridge,170,302,0,472,0
Precinct,Ab - Central Absentee Precinct,130,205,0,335,0
Precinct,Provisional,0,2,0,2,0
Locality,Rockingham County,5426,16562,41,22029,0
Precinct,101 - Broadway,291,809,0,1100,0
Precinct,102 - Timberville,116,327,1,444,0
Precinct,103 - Fulks Run,90,453,3,546,0
Precinct,104 - Bergton,32,199,0,231,0
Precinct,105 - Lacey Spring,74,387,2,463,0
Precinct,106 - Tenth Legion,79,334,0,413,0
Precinct,107 - Plains,102,376,1,479,0
Precinct,108 - Little North Mountain,65,271,1,337,0
Precinct,201 - Singers Glen,133,534,2,669,0
Precinct,202 - Edom,253,759,1,1013,0
Precinct,203 - Dayton,138,390,0,528,0
Precinct,204 - Mt Clinton,163,661,4,828,0
Precinct,205 - Silver Lake,255,805,0,1060,0
Precinct,301 - Keezletown,124,435,1,560,0
Precinct,302 - Port Republic,190,575,4,769,0
Precinct,303 - Melrose,103,359,0,462,0
Precinct,304 - Grottoes,151,493,2,646,0
Precinct,305 - Massanetta Springs,743,1539,4,2286,0
Precinct,306 - Cross Keys,70,226,1,297,0
Precinct,401 - Bridgewater,484,1101,0,1585,0
Precinct,402 - Montezuma,171,697,1,869,0
Precinct,403 - Mt Crawford,31,90,0,121,0
Precinct,404 - North River,130,554,2,686,0
Precinct,405 - Ottobine,140,692,0,832,0
Precinct,501 - Elkton,187,504,1,692,0
Precinct,502 - Swift Run,188,770,0,958,0
Precinct,503 - Mcgaheysville,245,676,5,926,0
Precinct,504 - South Fork,88,377,1,466,0
Precinct,505 - Stony Run,328,592,1,921,0
Precinct,Ab - Central Absentee Precinct,252,557,3,812,0
Precinct,Provisional,10,20,0,30,0
Locality,Russell County,1857,4124,7,5988,0
Precinct,101 - Moccasin,89,303,1,393,0
Precinct,102 - Copper Creek,102,211,0,313,0
Precinct,103 - South Castlewood,96,183,0,279,0
Precinct,201 - North Castlewood,204,483,0,687,0
Precinct,202 - Dante,58,94,1,153,0
Precinct,301 - Cooks Mill,41,64,0,105,0
Precinct,302 - Daugherty,53,116,0,169,0
Precinct,303 - New Garden,126,215,0,341,0
Precinct,304 - Cleveland,93,175,0,268,0
Precinct,401 - Drill,29,26,0,55,0
Precinct,402 - Swords Creek,152,402,0,554,0
Precinct,403 - Honaker,99,153,0,252,0
Precinct,501 - West Lebanon,302,666,3,971,0
Precinct,601 - East Lebanon,129,387,0,516,0
Precinct,602 - Elk Garden,159,462,2,623,0
Precinct,Ab - Central Absentee Precinct,124,182,0,306,0
Precinct,Provisional,1,2,0,3,0
Locality,Salem City,2437,4652,19,7108,0
Precinct,1 - North Salem No 2,357,597,0,954,0
Precinct,2 - Conehurst,124,235,1,360,0
Precinct,3 - Beverly Heights,141,376,2,519,0
Precinct,4 - West Salem,230,511,2,743,0
Precinct,5 - North Salem No 1,340,502,6,848,0
Precinct,6 - South Salem No 1,174,235,0,409,0
Precinct,7 - South Salem No 2,209,421,2,632,0
Precinct,8 - East Salem,84,175,0,259,0
Precinct,9 - South Side Hills,292,670,1,963,0
Precinct,10 - Hidden Valley,340,736,3,1079,0
Precinct,Ab - Central Absentee Precinct,146,194,2,342,0
Precinct,Provisional,0,0,0,0,0
Locality,Scott County,1084,4185,5,5274,0
Precinct,101 - Weber City,82,315,1,398,0
Precinct,102 - Yuma,109,375,0,484,0
Precinct,202 - Weber City East,56,252,0,308,0
Precinct,203 - Hiltons,85,404,0,489,0
Precinct,204 - Clark's,29,94,0,123,0
Precinct,301 - Nickelsville,66,280,0,346,0
Precinct,302 - Snowflake,58,210,0,268,0
Precinct,303 - Twin Springs,43,185,1,229,0
Precinct,304 - Copper Creek,21,47,0,68,0
Precinct,401 - Gate City,177,742,1,920,0
Precinct,501 - Dungannon,34,103,0,137,0
Precinct,502 - Fort Blackmore,58,140,0,198,0
Precinct,503 - Manville,22,109,0,131,0
Precinct,504 - Rye Cove,45,221,0,266,0
Precinct,601 - Clinchport,21,150,0,171,0
Precinct,602 - Duffield-pattonsville,85,345,1,431,0
Precinct,603 - Fairview,35,61,0,96,0
Precinct,Ab - Central Absentee Precinct,57,152,1,210,0
Precinct,Provisional,1,0,0,1,0
Locality,Shenandoah County,3555,7918,27,11500,0
Precinct,101 - Orkney Springs,185,385,0,570,0
Precinct,103 - New Market,332,951,0,1283,0
Precinct,201 - Conicville,208,667,8,883,0
Precinct,202 - Mt Jackson,206,529,2,737,0
Precinct,302 - Edinburg,229,617,1,847,0
Precinct,303 - St Luke,213,593,0,806,0
Precinct,304 - Fort Valley,138,341,2,481,0
Precinct,401 - Woodstock,653,1179,8,1840,0
Precinct,501 - Cedar Creek,29,51,0,80,0
Precinct,503 - Toms Brook,422,860,3,1285,0
Precinct,504 - Lebanon Church,208,537,0,745,0
Precinct,601 - Strasburg,533,928,2,1463,0
Precinct,Ab - Central Absentee Precinct,196,277,1,474,0
Precinct,Provisional,3,3,0,6,0
Locality,Smyth County,2113,5338,9,7460,0
Precinct,101 - Saltville,304,654,0,958,0
Precinct,201 - Seven Mile Ford,147,451,2,600,0
Precinct,202 - Rich Valley,112,162,1,275,0
Precinct,301 - Chilhowie,193,665,0,858,0
Precinct,302 - St Clair,52,200,0,252,0
Precinct,401 - East Park,212,425,1,638,0
Precinct,402 - West Park,118,186,0,304,0
Precinct,501 - Atkins,159,508,2,669,0
Precinct,502 - Wassona,213,355,2,570,0
Precinct,601 - Royal Oak East,183,441,1,625,0
Precinct,602 - Royal Oak West,86,268,0,354,0
Precinct,701 - Adwolfe,107,515,0,622,0
Precinct,702 - Sugar Grove,123,286,0,409,0
Precinct,703 - Konnarock,11,51,0,62,0
Precinct,Ab - Central Absentee Precinct,93,171,0,264,0
Precinct,Provisional,0,0,0,0,0
Locality,Southampton County,2307,2737,1,5045,0
Precinct,101 - Berlin,66,258,1,325,0
Precinct,102 - Ivor,233,279,0,512,0
Precinct,201 - Boykins,331,188,0,519,0
Precinct,202 - Branchville,83,86,0,169,0
Precinct,301 - Capron,219,200,0,419,0
Precinct,302 - Sebrell,179,222,0,401,0
Precinct,401 - Drewryville,177,109,0,286,0
Precinct,501 - Hunterdale,233,380,0,613,0
Precinct,502 - Forks-of-the-river,125,142,0,267,0
Precinct,601 - Courtland,239,311,0,550,0
Precinct,602 - Sedley,47,165,0,212,0
Precinct,701 - Blackwater River,161,94,0,255,0
Precinct,702 - Newsoms,162,237,0,399,0
Precinct,Ab - Central Absentee Precinct,52,66,0,118,0
Precinct,Provisional,0,0,0,0,0
Locality,Spotsylvania County,13002,18298,68,31368,0
Precinct,101 - Partlow (CD 7),324,555,0,879,0
Precinct,102 - Blaydes Corner (CD 7),320,565,1,886,0
Precinct,103 - Travelers Rest (CD 7),523,674,3,1200,0
Precinct,104 - Massaponax (CD 1),0,1,0,1,0
Precinct,104 - Massaponax (CD 7),457,702,2,1161,0
Precinct,201 - Wilderness School (CD 7),403,646,8,1057,0
Precinct,202 - Wilderness Fire (CD 7),374,650,0,1024,0
Precinct,203 - Ni River / Elys Ford (CD 7),324,718,0,1042,0
Precinct,204 - Chancellor (CD 7),597,674,5,1276,0
Precinct,301 - Plank Road (CD 1),517,769,0,1286,0
Precinct,302 - Hazel Run (CD 1),637,743,3,1383,0
Precinct,303 - Riverbend (CD 7),0,4,0,4,0
Precinct,303 - Riverbend (CD 1),603,1032,6,1641,0
Precinct,401 - Summit (CD 7),5,6,0,11,0
Precinct,401 - Summit (CD 1),541,632,2,1175,0
Precinct,402 - Parkside (CD 1),284,386,0,670,0
Precinct,402 - Parkside (CD 7),266,242,1,509,0
Precinct,403 - Lee Hill (CD 1),130,117,1,248,0
Precinct,403 - Lee Hill (CD 7),634,783,1,1418,0
Precinct,501 - Belmont (CD 7),232,513,1,746,0
Precinct,502 - Brokenburg (CD 7),235,422,0,657,0
Precinct,503 - Post Oak (CD 7),223,541,1,765,0
Precinct,504 - Courthouse (CD 7),473,668,1,1142,0
Precinct,505 - Brock (CD 7),422,799,0,1221,0
Precinct,601 - Salem (CD 7),554,784,5,1343,0
Precinct,602 - Smith Station (CD 7),809,884,5,1698,0
Precinct,603 - Piedmont (CD 7),359,442,6,807,0
Precinct,701 - Battlefield (CD 1),497,588,4,1089,0
Precinct,702 - Brents Mill (CD 1),255,360,2,617,0
Precinct,702 - Brents Mill (CD 7),261,332,3,596,0
Precinct,703 - Fairview (CD 7),317,301,2,620,0
Precinct,704 - Gayle (CD 7),717,881,2,1600,0
Precinct,Ab - Central Absentee Precinct (CD 1),199,232,1,432,0
Precinct,Ab - Central Absentee Precinct (CD 7),510,644,2,1156,0
Precinct,Provisional (CD 1),0,3,0,3,0
Precinct,Provisional (CD 7),0,5,0,5,0
Locality,Stafford County,14460,19232,76,33768,0
Precinct,101 - Hartwood,618,1313,3,1934,0
Precinct,102 - Rocky Run,390,469,1,860,0
Precinct,103 - Simpson,389,618,3,1010,0
Precinct,104 - College,553,836,4,1393,0
Precinct,201 - Rock Hill,442,642,2,1086,0
Precinct,202 - Roseville,635,854,4,1493,0
Precinct,203 - Ruby,305,693,6,1004,0
Precinct,204 - Stefaniga,627,951,3,1581,0
Precinct,301 - Griffis,391,284,1,676,0
Precinct,302 - Widewater,606,553,1,1160,0
Precinct,303 - Harbour,337,587,2,926,0
Precinct,304 - Barrett,276,244,1,521,0
Precinct,401 - Aquia,193,165,1,359,0
Precinct,402 - Courthouse,772,648,3,1423,0
Precinct,403 - Brooke,634,995,4,1633,0
Precinct,404 - Government Island,476,722,2,1200,0
Precinct,501 - Grafton,669,1098,5,1772,0
Precinct,502 - Falmouth,587,700,6,1293,0
Precinct,503 - Drew,414,568,3,985,0
Precinct,504 - Gayle,652,504,1,1157,0
Precinct,601 - Ferry Farm,513,763,2,1278,0
Precinct,602 - Chatham,617,754,3,1374,0
Precinct,603 - White Oak,496,895,5,1396,0
Precinct,604 - England Run,247,173,1,421,0
Precinct,701 - Woodlands,706,881,1,1588,0
Precinct,702 - Whitson,546,573,2,1121,0
Precinct,703 - Hampton,740,926,2,1668,0
Precinct,Ab - Central Absentee Precinct,623,811,4,1438,0
Precinct,Provisional,6,12,0,18,0
Locality,Staunton City,3004,3345,14,6363,0
Precinct,101 - Ward No 1,463,577,3,1043,0
Precinct,201 - Ward Two,522,757,2,1281,0
Precinct,301 - Ward No 3,565,651,6,1222,0
Precinct,401 - Ward No 4,543,676,1,1220,0
Precinct,501 - Ward No 5,762,504,2,1268,0
Precinct,Ab - Central Absentee Precinct,149,180,0,329,0
Locality,Suffolk City,12887,10825,27,23739,0
Precinct,101 - Belleharbour,433,159,1,593,0
Precinct,102 - Driver,751,1259,5,2015,0
Precinct,104 - Bennetts Creek,501,525,1,1027,0
Precinct,201 - Ebenezer,314,691,1,1006,0
Precinct,202 - Chuckatuck,358,572,0,930,0
Precinct,203 - Kings Fork,685,439,2,1126,0
Precinct,204 - Hillpoint,505,323,2,830,0
Precinct,301 - White Marsh,230,101,0,331,0
Precinct,302 - John F Kennedy,912,136,0,1048,0
Precinct,304 - Nansemond River,649,405,1,1055,0
Precinct,305 - Shoulders Hill,256,179,1,436,0
Precinct,401 - Airport,329,343,0,672,0
Precinct,402 - Whaleyville,211,546,1,758,0
Precinct,403 - Southside,363,40,0,403,0
Precinct,404 - Booker T Washington,625,53,0,678,0
Precinct,405 - Pittmantown,149,129,1,279,0
Precinct,501 - Kilbys Mill,472,807,1,1280,0
Precinct,502 - Holland,522,645,1,1168,0
Precinct,504 - Lake Cohoon,419,837,2,1258,0
Precinct,601 - Lakeside,576,478,0,1054,0
Precinct,602 - Olde Towne,142,105,1,248,0
Precinct,603 - Elephants Fork/westhaven,130,220,1,351,0
Precinct,604 - Wilroy,303,384,0,687,0
Precinct,605 - Hollywood,409,16,0,425,0
Precinct,702 - Harbourview,570,549,0,1119,0
Precinct,704 - Burbage Grant,746,386,2,1134,0
Precinct,706 - Huntersville,695,118,2,815,0
Precinct,Ab - Central Absentee Precinct,629,378,1,1008,0
Precinct,Provisional,3,2,0,5,0
Locality,Surry County,1559,1076,7,2642,0
Precinct,101 - Surry,252,339,4,595,0
Precinct,201 - Bacons Castle,370,163,0,533,0
Precinct,301 - Dendron,153,123,0,276,0
Precinct,302 - Walls Bridge,155,89,0,244,0
Precinct,401 - Carsley,319,168,1,488,0
Precinct,501 - Claremont,168,166,2,336,0
Precinct,502 - Spring Grove,142,28,0,170,0
Precinct,Provisional,0,0,0,0,0
Locality,Sussex County,1816,1373,1,3190,0
Precinct,101 - Waverly,356,143,0,499,0
Precinct,201 - Stony Creek,317,125,0,442,0
Precinct,202 - Little Mill,66,27,1,94,0
Precinct,301 - Courthouse,146,257,0,403,0
Precinct,302 - Wakefield,27,95,0,122,0
Precinct,401 - Mars Hill,272,177,0,449,0
Precinct,402 - West Wakefield,67,10,0,77,0
Precinct,501 - Henry,251,152,0,403,0
Precinct,502 - Yale,111,58,0,169,0
Precinct,601 - Blackwater,127,220,0,347,0
Precinct,602 - Newville,76,109,0,185,0
Locality,Tazewell County,2474,7268,6,9748,0
Precinct,101 - Abbs Valley,68,98,0,166,0
Precinct,102 - Tip Top,52,178,0,230,0
Precinct,103 - Boissevain,44,59,0,103,0
Precinct,104 - Falls Mills,40,158,0,198,0
Precinct,106 - Pocahontas,56,64,0,120,0
Precinct,107 - Amonate,15,28,0,43,0
Precinct,109 - Bishop,33,58,1,92,0
Precinct,110 - Adria,56,180,0,236,0
Precinct,111 - Gap Store,74,149,0,223,0
Precinct,112 - Bandy,26,76,0,102,0
Precinct,203 - Burkes Garden,38,69,0,107,0
Precinct,204 - Clear Fork,66,232,0,298,0
Precinct,207 - Freestone,29,83,0,112,0
Precinct,209 - Jeffersonville,449,1040,2,1491,0
Precinct,214 - Thompson Valley,78,258,0,336,0
Precinct,301 - Cedar Bluff,237,882,0,1119,0
Precinct,302 - Baptist Valley,70,137,1,208,0
Precinct,303 - Wardell,87,358,1,446,0
Precinct,305 - Pounding Mill,77,285,0,362,0
Precinct,401 - Richlands,276,843,1,1120,0
Precinct,402 - Jewell Ridge,33,86,0,119,0
Precinct,404 - Raven,109,241,0,350,0
Precinct,501 - Springville,101,501,0,602,0
Precinct,502 - Graham,253,967,0,1220,0
Precinct,Ab - Central Absentee Precinct,107,237,0,344,0
Precinct,Provisional,0,1,0,1,0
Locality,Virginia Beach City,49209,57260,202,106671,0
Precinct,1 - North Beach,624,957,3,1584,0
Precinct,2 - South Beach,423,504,2,929,0
Precinct,3 - Ocean Lakes,609,713,5,1327,0
Precinct,4 - Linkhorn,472,787,3,1262,0
Precinct,5 - Seatack,544,316,2,862,0
Precinct,6 - Alanton,558,933,1,1492,0
Precinct,7 - Kingston,366,664,1,1031,0
Precinct,8 - London Bridge,530,595,0,1125,0
Precinct,9 - Trantwood,506,868,3,1377,0
Precinct,10 - Great Neck,540,1085,3,1628,0
Precinct,11 - Cape Henry,786,829,1,1616,0
Precinct,12 - Plaza,614,491,1,1106,0
Precinct,13 - Mt Trashmore,580,789,3,1372,0
Precinct,14 - Malibu,571,674,4,1249,0
Precinct,15 - Old Donation,348,402,1,751,0
Precinct,16 - Aragona,621,618,5,1244,0
Precinct,17 - Ocean Park,452,550,0,1002,0
Precinct,18 - Thoroughgood,648,951,5,1604,0
Precinct,19 - Lake Smith,280,438,3,721,0
Precinct,20 - Bayside,397,476,1,874,0
Precinct,21 - Davis Corner,876,276,6,1158,0
Precinct,22 - Point O View,353,606,0,959,0
Precinct,23 - Arrowhead,530,704,1,1235,0
Precinct,24 - Larkspur,438,462,0,900,0
Precinct,25 - Avalon,679,956,3,1638,0
Precinct,26 - Fairfield,500,719,2,1221,0
Precinct,27 - Edwin,605,803,8,1416,0
Precinct,28 - Thalia,361,566,4,931,0
Precinct,29 - Holland,510,368,2,880,0
Precinct,30 - Red Wing,426,695,0,1121,0
Precinct,31 - Sigma,505,1103,2,1610,0
Precinct,32 - Creeds,177,425,0,602,0
Precinct,33 - Capps Shop,167,521,0,688,0
Precinct,34 - Blackwater,114,274,0,388,0
Precinct,35 - Courthouse,540,932,1,1473,0
Precinct,36 - Windsor Oaks,688,594,2,1284,0
Precinct,37 - Chesapeake Beach,317,380,0,697,0
Precinct,38 - Witchduck,655,1129,7,1791,0
Precinct,39 - Pembroke,571,591,5,1167,0
Precinct,40 - Bonney,290,422,2,714,0
Precinct,41 - College Park,1004,411,2,1417,0
Precinct,42 - Brandon,557,616,4,1177,0
Precinct,43 - Bellamy,511,351,1,863,0
Precinct,44 - Centerville,572,714,7,1293,0
Precinct,45 - Timberlake,569,300,0,869,0
Precinct,46 - Green Run,504,309,1,814,0
Precinct,47 - Kings Grant,548,1084,4,1636,0
Precinct,48 - Wolfsnare,547,827,1,1375,0
Precinct,49 - Lynnhaven,534,843,3,1380,0
Precinct,50 - Oceana,296,143,1,440,0
Precinct,51 - Stratford Chase,437,672,2,1111,0
Precinct,52 - Homestead,688,888,2,1578,0
Precinct,53 - Shannon,428,602,2,1032,0
Precinct,54 - Cromwell,420,362,1,783,0
Precinct,55 - Magic Hollow,534,328,3,865,0
Precinct,56 - Edinburgh,255,372,1,628,0
Precinct,57 - Sherry Park,330,438,2,770,0
Precinct,58 - Glenwood,550,562,3,1115,0
Precinct,59 - Shelton Park,324,408,1,733,0
Precinct,60 - Foxfire,476,823,4,1303,0
Precinct,61 - Baker,687,93,0,780,0
Precinct,62 - Landstown,523,684,3,1210,0
Precinct,63 - Culver,552,754,0,1306,0
Precinct,64 - Rosemont Forest,681,705,4,1390,0
Precinct,65 - Colonial,469,549,1,1019,0
Precinct,66 - Hunt,388,646,3,1037,0
Precinct,67 - Eastern Shore,540,476,4,1020,0
Precinct,68 - Manor,502,749,4,1255,0
Precinct,69 - Shell,591,264,2,857,0
Precinct,70 - Corporate Landing,407,499,0,906,0
Precinct,71 - Round Hill,920,582,3,1505,0
Precinct,72 - Rudee,457,645,5,1107,0
Precinct,73 - Dahlia,807,496,1,1304,0
Precinct,74 - Buckner,500,275,1,776,0
Precinct,75 - Colony,563,904,1,1468,0
Precinct,76 - Village,424,260,1,685,0
Precinct,77 - Brookwood,460,447,1,908,0
Precinct,78 - Indian Lakes,480,484,2,966,0
Precinct,79 - Pleasant Hall,486,251,2,739,0
Precinct,80 - Chimney Hill,528,259,2,789,0
Precinct,81 - Rock Lake,589,453,4,1046,0
Precinct,82 - Shelburne,339,557,2,898,0
Precinct,83 - Strawbridge,452,749,0,1201,0
Precinct,84 - Tallwood,531,484,1,1016,0
Precinct,85 - Upton,531,861,3,1395,0
Precinct,86 - Haygood,579,706,3,1288,0
Precinct,87 - Hillcrest,447,589,1,1037,0
Precinct,88 - North Landing,337,524,0,861,0
Precinct,89 - Lake Christopher,519,689,1,1209,0
Precinct,90 - Lake Joyce,301,440,1,742,0
Precinct,91 - Lexington,532,371,0,903,0
Precinct,92 - Little Neck,382,612,1,995,0
Precinct,93 - Newtown,461,85,0,546,0
Precinct,94 - Pinewood,251,334,0,585,0
Precinct,Ab - Central Absentee Precinct,2099,2505,8,4612,0
Precinct,Provisional,39,60,0,99,0
Locality,Warren County,3484,6087,20,9591,0
Precinct,101 - Fork Town,251,381,1,633,0
Precinct,102 - Otterburn,361,827,2,1190,0
Precinct,201 - Happy Creek,394,708,0,1102,0
Precinct,202 - Linden,364,554,7,925,0
Precinct,301 - North River,305,436,2,743,0
Precinct,302 - Riverton,289,528,0,817,0
Precinct,401 - East Shenandoah,404,874,1,1279,0
Precinct,402 - Town - West Shenandoah,275,434,3,712,0
Precinct,501 - South River,390,620,1,1011,0
Precinct,502 - Bentonville,138,271,0,409,0
Precinct,504 - Browntown,133,213,1,347,0
Precinct,Ab - Central Absentee Precinct,180,238,2,420,0
Precinct,Provisional,0,3,0,3,0
Locality,Washington County,3767,10547,16,14330,0
Precinct,101 - East Abingdon,424,805,1,1230,0
Precinct,102 - West Abingdon,273,432,2,707,0
Precinct,201 - Clinchburg,74,304,0,378,0
Precinct,202 - Greendale,144,495,0,639,0
Precinct,203 - Hayters Gap,56,219,1,276,0
Precinct,204 Woodland Hills,187,529,0,716,0
Precinct,301 - Watauga,284,896,3,1183,0
Precinct,302 - South Abingdon,392,707,0,1099,0
Precinct,401 - Glade Spring,189,604,2,795,0
Precinct,402 - Meadowview,293,725,0,1018,0
Precinct,501 - Rhea Valley,257,876,2,1135,0
Precinct,502 - Damascus,194,403,0,597,0
Precinct,504 - Green Cove,16,93,0,109,0
Precinct,601 - Burson Place,155,698,1,854,0
Precinct,602 - Mendota,35,159,0,194,0
Precinct,603 - Valley Institute,141,543,0,684,0
Precinct,701 - High Point,137,641,2,780,0
Precinct,702 - Wallace,94,301,0,395,0
Precinct,703 - John Battle,210,707,1,918,0
Precinct,Ab - Central Absentee Precinct,211,404,1,616,0
Precinct,Provisional,1,6,0,7,0
Locality,Waynesboro City,2029,2900,7,4936,0
Precinct,1 - Ward A,282,318,1,601,0
Precinct,2 - Ward B,616,890,1,1507,0
Precinct,3 - Ward C,392,516,1,909,0
Precinct,4 - Ward D,637,1078,4,1719,0
Precinct,Ab - Central Absentee Precinct,102,98,0,200,0
Locality,Westmoreland County,2128,2181,9,4318,0
Precinct,101 - Precinct 1-1,340,161,2,503,0
Precinct,102 - Precinct 1-2,175,131,0,306,0
Precinct,201 - Precinct 2-1,499,454,4,957,0
Precinct,301 - Precinct 3-1,307,363,1,671,0
Precinct,401 - Precinct 4-1,280,509,1,790,0
Precinct,501 - Precinct 5-1,374,402,1,777,0
Precinct,Ab - Central Absentee Precinct,153,161,0,314,0
Precinct,Provisional,0,0,0,0,0
Locality,Williamsburg City,2770,1508,18,4296,0
Precinct,1 - Stryker,1221,632,5,1858,0
Precinct,2 - Matoaka,1401,757,13,2171,0
Precinct,Ab - Central Absentee Precinct,146,119,0,265,0
Precinct,Provisional,2,0,0,2,0
Locality,Winchester City,2748,2918,11,5677,0
Precinct,101 - Merrimans,684,708,4,1396,0
Precinct,102 - Old Town,485,519,0,1004,0
Precinct,201 - Virginia Avenue,433,332,2,767,0
Precinct,301 - War Memorial,358,422,0,780,0
Precinct,401 - Frederick Douglass,190,219,0,409,0
Precinct,402 - Rolling Hills,424,543,4,971,0
Precinct,AB - Central Absentee Precinct,173,175,1,349,0
Precinct,Provisional,1,0,0,1,0
Locality,Wise County,2080,6092,17,8189,0
Precinct,101 - Appalachia,169,322,4,495,0
Precinct,102 - Dorchester,103,194,0,297,0
Precinct,103 - Guest River Voting Place,94,242,1,337,0
Precinct,104 - West Pound,274,785,1,1060,0
Precinct,201 - North Coeburn,83,288,1,372,0
Precinct,202 - Wise,285,899,1,1185,0
Precinct,203 - East Pound,43,175,1,219,0
Precinct,301 - Big Stone Gap,282,626,3,911,0
Precinct,302 - East Stone Gap,201,821,0,1022,0
Precinct,401 - Clinch Valley,136,694,1,831,0
Precinct,402 - South Coeburn,179,678,3,860,0
Precinct,403 - St Paul,121,196,0,317,0
Precinct,Ab - Central Absentee Precinct,109,172,1,282,0
Precinct,Provisional,1,0,0,1,0
Locality,Wythe County,2226,5408,21,7655,0
Precinct,101 - Royal Oak,51,228,1,280,0
Precinct,102 - Rural Retreat,259,714,3,976,0
Precinct,203 - West Wytheville,456,807,2,1265,0
Precinct,303 - East Wytheville,495,858,4,1357,0
Precinct,401 - Fort Chiswell,144,489,0,633,0
Precinct,402 - Max Meadows,148,445,3,596,0
Precinct,501 - Jackson Memorial,126,299,0,425,0
Precinct,502 - Sheffey,173,527,4,704,0
Precinct,601 - Huddle,85,210,1,296,0
Precinct,602 - Zion,132,357,1,490,0
Precinct,603  Evergreen,79,294,2,375,0
Precinct,Ab - Central Absentee Precinct,78,180,0,258,0
Precinct,Provisional,0,0,0,0,0
Locality,York County,8062,12857,63,20982,0
Precinct,101 - Queens Lake,586,670,4,1260,0
Precinct,102 - Waller Mill,564,746,3,1313,0
Precinct,103 - Magruder,925,599,8,1532,0
Precinct,201 - Coventry,719,1165,3,1887,0
Precinct,202 - Kiln Creek,376,581,2,959,0
Precinct,301 - Seaford,481,1403,6,1890,0
Precinct,302 - Yorktown,549,840,8,1397,0
Precinct,303 - Edgehill,617,703,6,1326,0
Precinct,401 - Harwoods Mill,581,1269,5,1855,0
Precinct,402 - Dare,544,1306,5,1855,0
Precinct,403 - Grafton,313,549,1,863,0
Precinct,501 - Tabb,701,1370,5,2076,0
Precinct,502 - Bethel,716,1080,7,1803,0
Precinct,Ab - Central Absentee Precinct,382,568,0,950,0
Precinct,Provisional,8,8,0,16,0
