,,Winsome Earle Sears,Hala Sophia Ayala,Write-Ins,Total Votes Cast,Undervotes
,,Republican,Democratic,,,
State,Virginia,1658332,1608030,3807,3270169,0
Locality,Accomack County,7838,4954,5,12797,0
Precinct,##ev - Central Absentee Precinct,1708,2212,1,3921,0
Precinct,##pe - Central Absentee Precinct,13,17,0,30,0
Precinct,101 - Chincoteague,976,326,0,1302,0
Precinct,201 - Atlantic,404,73,0,477,0
Precinct,202 - Greenbackville,684,156,1,841,0
Precinct,301 - New Church,424,220,0,644,0
Precinct,401 - Bloxom,276,65,1,342,0
Precinct,402 - Parksley,361,104,0,465,0
Precinct,403 - Saxis,127,23,0,150,0
Precinct,501 - Mappsville,159,112,1,272,0
Precinct,502 - Rue,89,114,0,203,0
Precinct,601 - Accomac,400,146,0,546,0
Precinct,602 - Tangier,159,8,0,167,0
Precinct,701 - Nandua,526,222,1,749,0
Precinct,801 - Bobtown,272,99,0,371,0
Precinct,802 - Melfa,301,160,0,461,0
Precinct,803 - Wachapreague,274,70,0,344,0
Precinct,901 - Painter,477,406,0,883,0
Precinct,Ab - Central Absentee Precinct,207,421,0,628,0
Precinct,Provisional,1,0,0,1,0
Locality,Albemarle County,19465,31561,50,51076,0
Precinct,##ev - Central Absentee Precinct,4242,9202,10,13454,0
Precinct,##pe - Central Absentee Precinct,85,345,0,430,0
Precinct,101 - Woodbrook,514,758,2,1274,0
Precinct,103 - Branchlands,125,249,0,374,0
Precinct,104 - Agnor-hurt,275,586,5,866,0
Precinct,105 - Dunlora,412,917,0,1329,0
Precinct,106 - Northside,775,805,1,1581,0
Precinct,201 - Jack Jouett,571,670,1,1242,0
Precinct,202 - University,151,491,0,642,0
Precinct,203 - Georgetown,289,681,0,970,0
Precinct,301 - Ivy,752,1059,2,1813,0
Precinct,302 - Red Hill,661,677,0,1338,0
Precinct,304 - East Ivy,180,248,0,428,0
Precinct,305 - Country Green,386,553,0,939,0
Precinct,306 - Porters,391,397,2,790,0
Precinct,307 - Yellow Mountain,191,187,0,378,0
Precinct,401 - Scottsville,555,262,1,818,0
Precinct,402 - Monticello,448,237,2,687,0
Precinct,405 - Mountain View,356,798,2,1156,0
Precinct,406 - Stone Robinson,780,479,1,1260,0
Precinct,407 - Biscuit Run,172,379,2,553,0
Precinct,501 - Keswick,357,335,0,692,0
Precinct,502 - Stony Point,449,350,1,800,0
Precinct,503 - Hollymead,535,737,1,1273,0
Precinct,504 - Free Bridge,305,485,0,790,0
Precinct,506 - Baker-butler,733,781,3,1517,0
Precinct,507 - Pantops,398,499,2,899,0
Precinct,601 - Crozet,772,776,0,1548,0
Precinct,602 - Free Union,450,347,2,799,0
Precinct,603 - Earlysville,914,728,3,1645,0
Precinct,604 - Brownsville,596,701,1,1298,0
Precinct,606 - Mechums River,693,889,2,1584,0
Precinct,Ab - Central Absentee Precinct,918,4841,4,5763,0
Precinct,Provisional,34,112,0,146,0
Locality,Alexandria City,13730,43983,104,57817,0
Precinct,##ev - Central Absentee Precinct,3586,12929,21,16536,0
Precinct,##pe - Central Absentee Precinct,118,670,2,790,0
Precinct,101 - Ladrey Senior Building,264,427,1,692,0
Precinct,102 - City Hall,318,407,0,725,0
Precinct,103 - Lyles Crouch School,429,784,3,1216,0
Precinct,104 - Durant Center,256,713,6,975,0
Precinct,105 - Lee Center,235,551,0,786,0
Precinct,106 - Cora Kelly,328,1099,3,1430,0
Precinct,107 - Mt Vernon Recreation Center,375,1502,6,1883,0
Precinct,108 - George Washington Middle Sch,346,1342,1,1689,0
Precinct,109 - Fire Department Headquarters,294,702,2,998,0
Precinct,110 - Charles Houston Center,277,945,4,1226,0
Precinct,111 - Potomac Yard,172,459,2,633,0
Precinct,112 - Alex Renew,203,506,1,710,0
Precinct,201 - Naomi L. Brooks School,320,969,1,1290,0
Precinct,202 - George Mason School,433,852,3,1288,0
Precinct,203 - Charles Barrett Center,302,907,5,1214,0
Precinct,204 - Blessed Sacrament Church,382,893,2,1277,0
Precinct,205 - Douglas Macarthur School,390,804,1,1195,0
Precinct,206 - Chinquapin Park Recreation Ctr,278,664,0,942,0
Precinct,207 - Temple Beth El Synagogue,466,931,5,1402,0
Precinct,208 - Nova Arts Center,343,922,3,1268,0
Precinct,209 - James K Polk School,290,990,4,1284,0
Precinct,210 - The Hermitage,181,353,1,535,0
Precinct,302 - Patrick Henry Rec Center,203,631,1,835,0
Precinct,303 - Charles E Beatley Library,196,581,2,779,0
Precinct,304 - Samuel Tucker School,216,669,1,886,0
Precinct,305 - John Adams School,240,727,1,968,0
Precinct,306 - William Ramsay School,258,829,3,1090,0
Precinct,307 - South Port,269,774,4,1047,0
Precinct,308 - Cameron Station Community Ctr,434,899,2,1335,0
Precinct,309 - Olympus Condo,164,553,0,717,0
Precinct,Ab - Central Absentee Precinct,1116,6799,12,7927,0
Precinct,Provisional,48,200,1,249,0
Locality,Alleghany County,4431,1609,6,6046,0
Precinct,##ev - Central Absentee Precinct,396,250,0,646,0
Precinct,##pe - Central Absentee Precinct,1,1,0,2,0
Precinct,101 - Arritt,445,92,1,538,0
Precinct,103 - Dameron,176,27,0,203,0
Precinct,201 - Humpback Bridge,249,54,0,303,0
Precinct,202 - Dolly Ann,320,66,2,388,0
Precinct,301 - Callaghan,281,43,0,324,0
Precinct,302 - Griffith,431,116,0,547,0
Precinct,401 - Low Moor,290,71,0,361,0
Precinct,402 - Jackson Heights,343,90,1,434,0
Precinct,501 - Iron Gate,141,65,1,207,0
Precinct,502 - Peters Switch,523,117,0,640,0
Precinct,601 - District 1,455,236,0,691,0
Precinct,701 - District 2,276,174,0,450,0
Precinct,Ab - Central Absentee Precinct,104,207,1,312,0
Precinct,Provisional,0,0,0,0,0
Locality,Amelia County,4687,1632,7,6326,0
Precinct,##ev - Central Absentee Precinct,1356,600,1,1957,0
Precinct,##pe - Central Absentee Precinct,7,6,0,13,0
Precinct,101 - Number One,596,137,3,736,0
Precinct,201 - Number Two,659,192,1,852,0
Precinct,301 - Number Three,644,149,1,794,0
Precinct,401 - Number Four,575,129,0,704,0
Precinct,501 - Number Five,749,259,1,1009,0
Precinct,Ab - Central Absentee Precinct,100,157,0,257,0
Precinct,Provisional,1,3,0,4,0
Locality,Amherst County,9624,4004,10,13638,0
Precinct,##ev - Central Absentee Precinct,1975,1049,1,3025,0
Precinct,##pe - Central Absentee Precinct,4,8,0,12,0
Precinct,101 - Wright Shop,378,281,2,661,0
Precinct,102 - New Glasgow,654,177,0,831,0
Precinct,103 - Coolwell,390,74,2,466,0
Precinct,201 - Court House,864,341,0,1205,0
Precinct,202 - Temperance,508,107,0,615,0
Precinct,301 - Monroe,478,130,0,608,0
Precinct,302 - Elon,1217,284,2,1503,0
Precinct,303 - Pleasant View,299,65,0,364,0
Precinct,401 - Amelon,1084,348,1,1433,0
Precinct,402 - Lonco,323,83,0,406,0
Precinct,501 - Madison,1087,436,2,1525,0
Precinct,AB - Central Absentee Precinct,360,618,0,978,0
Precinct,Provisional,3,3,0,6,0
Locality,Appomattox County,5922,1460,8,7390,0
Precinct,##ev - Central Absentee Precinct,1457,458,2,1917,0
Precinct,##pe - Central Absentee Precinct,2,5,0,7,0
Precinct,101 - Vera,345,49,1,395,0
Precinct,102 - Pamplin,541,131,0,672,0
Precinct,201 - Chap,200,60,0,260,0
Precinct,202 - Spout Spring,778,78,0,856,0
Precinct,301 - Us 460,504,62,1,567,0
Precinct,302 - Stonewall,560,111,1,672,0
Precinct,401 - Courthouse,642,138,2,782,0
Precinct,501 - Oakville,565,158,1,724,0
Precinct,502 - Agee,217,61,0,278,0
Precinct,Ab - Central Absentee Precinct,110,149,0,259,0
Precinct,Provisional,1,0,0,1,0
Locality,Arlington County,21427,72990,175,94592,0
Precinct,##ev - Central Absentee Precinct,4925,22642,35,27602,0
Precinct,##pe - Central Absentee Precinct,156,810,0,966,0
Precinct,1 - Arlington,217,689,2,908,0
Precinct,2 - Ashton Heights,290,795,6,1091,0
Precinct,3 - Aurora Hills,256,490,2,748,0
Precinct,4 - Ballston,305,876,4,1185,0
Precinct,5 - Barcroft,279,817,3,1099,0
Precinct,6 - Crystal City,241,583,0,824,0
Precinct,7 - Cherrydale,321,794,0,1115,0
Precinct,8 - Hume,344,955,5,1304,0
Precinct,9 - Columbia,310,882,1,1193,0
Precinct,10 - Wilson,293,735,2,1030,0
Precinct,11 - East Falls Church,249,657,0,906,0
Precinct,12 - Fairlington,352,943,4,1299,0
Precinct,13 - Glen Carlyn,238,556,0,794,0
Precinct,14 - Clarendon,205,543,1,749,0
Precinct,15 - Lyon Park,179,456,0,635,0
Precinct,16 - Lyon Village,302,726,6,1034,0
Precinct,17 - Overlee Knolls,379,921,4,1304,0
Precinct,18 - Park Lane,380,869,3,1252,0
Precinct,19 - Rosslyn,285,696,2,983,0
Precinct,20 - Thrifton,319,570,2,891,0
Precinct,21 - Virginia Highlands,177,452,0,629,0
Precinct,22 - Abingdon,306,865,3,1174,0
Precinct,23 - Westover,303,883,2,1188,0
Precinct,24 - Woodlawn,349,1043,4,1396,0
Precinct,25 - Arlington Forest,273,747,2,1022,0
Precinct,26 - Fillmore,299,901,4,1204,0
Precinct,27 - Jefferson,290,840,3,1133,0
Precinct,28 - Wakefield,266,898,3,1167,0
Precinct,29 - Dominion Hills,307,814,5,1126,0
Precinct,30 - Glebe,222,740,0,962,0
Precinct,31 - Lexington,317,911,0,1228,0
Precinct,32 - Oakridge,176,297,1,474,0
Precinct,33 - Rock Spring,431,664,1,1096,0
Precinct,34 - Yorktown,342,716,3,1061,0
Precinct,35 - Madison,435,545,4,984,0
Precinct,36 - Marshall,349,751,1,1101,0
Precinct,37 - Nottingham,352,744,4,1100,0
Precinct,38 - Arlington View,182,646,4,832,0
Precinct,39 - Ashlawn,176,498,0,674,0
Precinct,40 - Virginia Square,362,865,3,1230,0
Precinct,41 - Navy League,195,536,4,735,0
Precinct,42 - Shirlington,179,614,0,793,0
Precinct,43 - Campbell,162,581,1,744,0
Precinct,44 - Dawson Terrace,182,527,1,710,0
Precinct,45 - Buckingham,208,533,1,742,0
Precinct,46 - Central,370,854,2,1226,0
Precinct,47 - Four Mile Run,169,600,1,770,0
Precinct,48 - Ausa,220,440,1,661,0
Precinct,49 - Monroe,212,548,1,761,0
Precinct,50 - Crystal Plaza,289,642,1,932,0
Precinct,51 - Taylor,78,281,0,359,0
Precinct,52 - Gunston,184,588,0,772,0
Precinct,53 - Met Park,311,868,2,1181,0
Precinct,54 - Garfield Park,136,345,4,485,0
Precinct,Ab - Central Absentee Precinct,1736,11890,26,13652,0
Precinct,Provisional,57,318,1,376,0
Locality,Augusta County,26259,7196,22,33477,0
Precinct,##ev - Central Absentee Precinct,5983,2267,2,8252,0
Precinct,##pe - Central Absentee Precinct,31,33,0,64,0
Precinct,101 - Jolivue,451,123,0,574,0
Precinct,102 - Stuarts Draft Elementary,564,169,1,734,0
Precinct,103 - Verona,800,173,1,974,0
Precinct,201 - Crimora,1091,166,0,1257,0
Precinct,202 - New Hope,734,112,2,848,0
Precinct,203 - Weyers Cave,1006,234,0,1240,0
Precinct,301 - Fort Defiance,1187,278,2,1467,0
Precinct,302 - North River,459,66,0,525,0
Precinct,303 - Mount Solon,715,74,1,790,0
Precinct,304 - Churchville Fire Station,534,93,0,627,0
Precinct,401 - Buffalo Gap,633,105,0,738,0
Precinct,402 - Churchville Elementary,624,91,1,716,0
Precinct,403 - Craigsville,533,61,0,594,0
Precinct,404 - Deerfield,253,43,0,296,0
Precinct,405 - Cedar Green,640,174,0,814,0
Precinct,501 - Greenville,1004,155,1,1160,0
Precinct,502 - Middlebrook,567,95,0,662,0
Precinct,503 - Spottswood,617,93,0,710,0
Precinct,504 - White Hill,953,138,1,1092,0
Precinct,601 - Sherando,784,134,0,918,0
Precinct,602 - Ridgeview,1468,247,0,1715,0
Precinct,603 - Lyndhurst,943,243,0,1186,0
Precinct,801 - Dooms,778,153,1,932,0
Precinct,802 - Fishersville,1150,328,2,1480,0
Precinct,803 - Wilson,841,315,3,1159,0
Precinct,Ab - Central Absentee Precinct,895,1010,4,1909,0
Precinct,Provisional,21,23,0,44,0
Locality,Bath County,1509,425,0,1934,0
Precinct,##ev - Central Absentee Precinct,176,86,0,262,0
Precinct,##pe - Central Absentee Precinct,5,2,0,7,0
Precinct,101 - Warm Springs,207,68,0,275,0
Precinct,102 - Mountain Grove,51,10,0,61,0
Precinct,201 - Hot Springs,160,62,0,222,0
Precinct,301 - Fairview,241,25,0,266,0
Precinct,302 - Burnsville,59,7,0,66,0
Precinct,401 - Millboro,316,49,0,365,0
Precinct,501 - Healing Springs,267,77,0,344,0
Precinct,Ab - Central Absentee Precinct,27,39,0,66,0
Precinct,Provisional,0,0,0,0,0
Locality,Bedford County,30604,8248,33,38885,0
Precinct,##ev - Central Absentee Precinct (CD 5),3777,1339,1,5117,0
Precinct,##ev - Central Absentee Precinct (CD 6),2583,885,4,3472,0
Precinct,##pe - Central Absentee Precinct (CD 5),45,32,0,77,0
Precinct,##pe - Central Absentee Precinct (CD 6),34,50,0,84,0
Precinct,101 - Goodview Elem School (CD 5),1110,191,2,1303,0
Precinct,102 - Hardy Vol Fire Co (CD 5),501,113,2,616,0
Precinct,103 - Chamblissburg Baptist Church (CD 5),754,149,1,904,0
Precinct,104 - Stewartsville Rescue Squad (CD 5),716,139,1,856,0
Precinct,201 - Bedford Christian Church (CD 5),335,63,0,398,0
Precinct,202 - Staunton River High School (CD 5),592,99,1,692,0
Precinct,203 - Moneta Elem School (CD 5),996,197,2,1195,0
Precinct,204 - Quaker Baptist Church (CD 5),360,65,0,425,0
Precinct,205 - Saunders Vol Fire Co (CD 5),842,198,1,1041,0
Precinct,301 - New London Academy (CD 6),1100,159,0,1259,0
Precinct,302 - Bedford Regional Water Auth (CD 5),557,97,3,657,0
Precinct,303 - Bethesda United Methodist Church (CD 5),469,70,1,540,0
Precinct,304 - Riverside Church (CD 6),461,95,1,557,0
Precinct,305 - Huddleston Elem School (CD 5),400,62,0,462,0
Precinct,306 - Forest Fire Station #2 (CD 6),651,74,0,725,0
Precinct,401 - Forest Elementary School (CD 6),1207,240,1,1448,0
Precinct,402 - Thomas Jefferson Elem School (CD 6),594,163,1,758,0
Precinct,403 - Knights Of Columbus Bldg (CD 6),1360,307,3,1670,0
Precinct,404 - Forest Recreation Center (CD 6),1001,152,0,1153,0
Precinct,502 - Big Island Elem School (CD 6),314,56,0,370,0
Precinct,503 - Sedalia Center (CD 6),418,70,1,489,0
Precinct,504 - Suck Springs Baptist Church (CD 6),561,88,0,649,0
Precinct,505 - Boonsboro Elementary School (CD 6),936,344,1,1281,0
Precinct,506 - Boonsboro Ruritan Club (CD 6),1535,335,0,1870,0
Precinct,601 - Montvale Elem School (CD 6),753,135,1,889,0
Precinct,602 - Shady Grove Fire Department (CD 5),839,142,1,982,0
Precinct,603 - Thaxton Baptist Church #1 (CD 5),200,37,1,238,0
Precinct,604 - Bedford Welcome Center (CD 5),806,197,0,1003,0
Precinct,701 - Goode Vol Rescue Squad (CD 5),1191,163,1,1355,0
Precinct,702 - Liberty High School (CD 5),469,74,0,543,0
Precinct,703 - Thaxton Baptist Church #2 (CD 5),429,70,0,499,0
Precinct,704 - Bedford Central Library (CD 5),724,252,0,976,0
Precinct,Ab - Central Absentee Precinct (CD 5),368,640,2,1010,0
Precinct,Ab - Central Absentee Precinct (CD 6),581,694,0,1275,0
Precinct,Provisional (CD 5),10,5,0,15,0
Precinct,Provisional (CD 6),25,7,0,32,0
Locality,Bland County,2236,389,1,2626,0
Precinct,##ev - Central Absentee Precinct,380,80,0,460,0
Precinct,##pe - Central Absentee Precinct,0,0,0,0,0
Precinct,101 - Bastian,215,28,0,243,0
Precinct,102 - Ceres,257,37,0,294,0
Precinct,201 - Davis,68,21,0,89,0
Precinct,202 - Seddon,411,61,0,472,0
Precinct,301 - Hollybrook,263,20,1,284,0
Precinct,302 - Mechanicsburg,132,13,0,145,0
Precinct,401 - Rocky Gap,461,64,0,525,0
Precinct,Ab - Central Absentee Precinct,49,65,0,114,0
Precinct,Provisional,0,0,0,0,0
Locality,Botetourt County,12940,4090,18,17048,0
Precinct,##ev - Central Absentee Precinct,3166,1417,3,4586,0
Precinct,##pe - Central Absentee Precinct,22,18,0,40,0
Precinct,101 - Daleville,950,297,1,1248,0
Precinct,102 - Greenfield,1074,206,1,1281,0
Precinct,201 - Blue Ridge,1047,227,2,1276,0
Precinct,202 - Rainbow Forest,1021,239,0,1260,0
Precinct,301 - Buchanan,917,168,2,1087,0
Precinct,302 - Mill Creek,829,185,1,1015,0
Precinct,403 - Eagle Rock,637,114,0,751,0
Precinct,406 - Fincastle,1078,201,2,1281,0
Precinct,501 - Troutville,661,152,1,814,0
Precinct,502 - Cloverdale,1094,316,3,1413,0
Precinct,Ab - Central Absentee Precinct,441,550,2,993,0
Precinct,Provisional,3,0,0,3,0
Locality,Bristol City,3745,1319,5,5069,0
Precinct,##ev - Central Absentee Precinct,804,383,1,1188,0
Precinct,##pe - Central Absentee Precinct,6,3,0,9,0
Precinct,1 - First Ward,490,114,0,604,0
Precinct,2 - Second Ward,669,198,0,867,0
Precinct,3 - Third Ward,304,135,0,439,0
Precinct,4 - Fourth Ward,1270,201,1,1472,0
Precinct,Ab - Central Absentee Precinct,199,283,3,485,0
Precinct,Provisional,3,2,0,5,0
Locality,Brunswick County,2866,3193,3,6062,0
Precinct,##ev - Central Absentee Precinct,674,996,0,1670,0
Precinct,##pe - Central Absentee Precinct,1,2,0,3,0
Precinct,101 - Brodnax,133,109,1,243,0
Precinct,102 - Rock Store,258,106,0,364,0
Precinct,103 - Tillman,326,155,0,481,0
Precinct,201 - Dromgoole,85,58,0,143,0
Precinct,202 - Edgerton,95,202,0,297,0
Precinct,203 - Fitzhugh,132,163,0,295,0
Precinct,301 - Alberta,65,53,0,118,0
Precinct,302 - Danieltown,288,159,0,447,0
Precinct,303 - Elmore,118,82,1,201,0
Precinct,304 - Seymour,117,92,0,209,0
Precinct,401 - Sturgeon,282,264,0,546,0
Precinct,402 - King's Store,78,139,0,217,0
Precinct,501 - Totaro,116,302,1,419,0
Precinct,Ab - Central Absentee Precinct,96,309,0,405,0
Precinct,Provisional,2,2,0,4,0
Locality,Buchanan County,4976,898,16,5890,0
Precinct,##ev - Central Absentee Precinct,607,168,1,776,0
Precinct,##pe - Central Absentee Precinct,3,1,0,4,0
Precinct,102 - Blackey,230,11,0,241,0
Precinct,103 - Hurley,417,42,0,459,0
Precinct,201 - Grassy,53,17,1,71,0
Precinct,202 - Bull,295,29,2,326,0
Precinct,203 - Rocklick,284,29,1,314,0
Precinct,301 - Slate,313,47,1,361,0
Precinct,302 - North Grundy,265,33,1,299,0
Precinct,403 - South Grundy,425,52,0,477,0
Precinct,404 - Oakwood,46,10,0,56,0
Precinct,501 - Prater,276,58,1,335,0
Precinct,502 - Fox,66,19,0,85,0
Precinct,503 - Vansant,296,44,1,341,0
Precinct,601 - Council,199,31,1,231,0
Precinct,602 - Garden,296,43,1,340,0
Precinct,603 - Hurricane,161,50,0,211,0
Precinct,701 - Whitewood,333,59,1,393,0
Precinct,702 - Contrary,277,36,2,315,0
Precinct,Ab - Central Absentee Precinct,133,119,2,254,0
Precinct,Provisional,1,0,0,1,0
Locality,Buckingham County,3883,2224,4,6111,0
Precinct,##ev - Central Absentee Precinct,894,734,2,1630,0
Precinct,##pe - Central Absentee Precinct,4,4,0,8,0
Precinct,101 - New Canton,403,204,0,607,0
Precinct,102 - Georgia Creek,138,51,0,189,0
Precinct,201 - White Hall,214,125,0,339,0
Precinct,301 - Curdsville,313,134,0,447,0
Precinct,302 - New Store,292,55,1,348,0
Precinct,401 - Maysville,463,155,0,618,0
Precinct,501 - Wrights,212,46,0,258,0
Precinct,502 - Glenmore,260,130,0,390,0
Precinct,601 - Slate River,312,204,0,516,0
Precinct,701 - Gold Hill,253,111,1,365,0
Precinct,Ab - Central Absentee Precinct,124,267,0,391,0
Precinct,Provisional,1,4,0,5,0
Locality,Buena Vista City,1415,528,3,1946,0
Precinct,##ev - Central Absentee Precinct,385,186,0,571,0
Precinct,##pe - Central Absentee Precinct,1,5,0,6,0
Precinct,1 - First Ward,565,133,3,701,0
Precinct,2 - Second Ward,409,113,0,522,0
Precinct,AB - Central Absentee Precinct,55,90,0,145,0
Precinct,Provisional,0,1,0,1,0
Locality,Campbell County,18058,5050,17,23125,0
Precinct,##ev - Central Absentee Precinct,3660,1493,4,5157,0
Precinct,##pe - Central Absentee Precinct,7,4,0,11,0
Precinct,101 - Brookville,1169,251,2,1422,0
Precinct,102 - New London,1239,208,1,1448,0
Precinct,201 - Walker,835,218,2,1055,0
Precinct,202 - Bedford Springs,1358,227,0,1585,0
Precinct,301 - Evington,518,112,0,630,0
Precinct,302 - Otter River,428,82,1,511,0
Precinct,303 - Altavista,987,336,3,1326,0
Precinct,401 - Three Forks,860,104,1,965,0
Precinct,402 - Court House,1238,217,0,1455,0
Precinct,501 - Spring Hill,1138,218,0,1356,0
Precinct,502 - Yellow Branch,698,181,1,880,0
Precinct,601 - Kings,716,181,1,898,0
Precinct,602 - Concord,1094,217,0,1311,0
Precinct,701 - Brookneal,580,139,0,719,0
Precinct,702 - Gladys,747,186,1,934,0
Precinct,703 - Morris Church,435,86,0,521,0
Precinct,AB - Central Absentee Precinct,351,590,0,941,0
Precinct,Provisional,0,0,0,0,0
Locality,Caroline County,6905,5092,11,12008,0
Precinct,##ev - Central Absentee Precinct,1112,1283,1,2396,0
Precinct,##pe - Central Absentee Precinct,8,15,0,23,0
Precinct,101 - Bowling Green,606,199,0,805,0
Precinct,102 - Sparta,515,179,1,695,0
Precinct,201 - North Madison,393,300,1,694,0
Precinct,202 - South Madison,602,320,1,923,0
Precinct,301 - Port Royal,273,153,0,426,0
Precinct,302 - Woodford,725,317,0,1042,0
Precinct,401 - Dawn,541,480,1,1022,0
Precinct,402 - Carmel Church,200,200,1,401,0
Precinct,501 - West Mattaponi,350,324,0,674,0
Precinct,502 - Milford,399,171,0,570,0
Precinct,601 - Chilesburg,562,331,2,895,0
Precinct,602 - Lake,414,217,0,631,0
Precinct,Ab - Central Absentee Precinct,198,589,3,790,0
Precinct,Provisional,7,14,0,21,0
Locality,Carroll County,9720,1999,10,11729,0
Precinct,##ev - Central Absentee Precinct,1311,423,3,1737,0
Precinct,##pe - Central Absentee Precinct,8,8,0,16,0
Precinct,101 - Mt Bethel,335,51,0,386,0
Precinct,102 - St Paul,504,60,0,564,0
Precinct,103 - Lambsburg,293,39,1,333,0
Precinct,105 - Fancy Gap,411,70,0,481,0
Precinct,201 - Hillsville B,741,158,0,899,0
Precinct,202 - Laurel Fork,363,68,0,431,0
Precinct,203 - Gladesboro,470,80,0,550,0
Precinct,301 - Hillsville C,929,139,1,1069,0
Precinct,302 - Sylvatus,418,53,1,472,0
Precinct,303 - Dugspur,211,39,0,250,0
Precinct,401 - Oakland,794,118,1,913,0
Precinct,402 - Woodlawn D,697,83,1,781,0
Precinct,406 - Woodlawn F,119,30,0,149,0
Precinct,501 - Vaughan,291,38,0,329,0
Precinct,502 - Gladeville,720,91,0,811,0
Precinct,503 - Woodlawn E,333,49,2,384,0
Precinct,504 - Laurel,394,57,0,451,0
Precinct,Ab - Central Absentee Precinct,370,342,0,712,0
Precinct,Provisional,8,3,0,11,0
Locality,Charles City County,1572,1800,1,3373,0
Precinct,##ev - Central Absentee Precinct,440,688,1,1129,0
Precinct,##pe - Central Absentee Precinct,4,11,0,15,0
Precinct,101 - Precinct 1-1,495,292,0,787,0
Precinct,201 - Precinct 2-1,267,284,0,551,0
Precinct,301 - Precinct 3-1,312,277,0,589,0
Precinct,Ab - Central Absentee Precinct,53,242,0,295,0
Precinct,Provisional,1,6,0,7,0
Locality,Charlotte County,3314,1428,6,4748,0
Precinct,##ev - Central Absentee Precinct,654,427,1,1082,0
Precinct,##pe - Central Absentee Precinct,2,1,0,3,0
Precinct,101 - County Seat,359,124,0,483,0
Precinct,201 - Red Oak Wylliesburg,432,150,1,583,0
Precinct,302 - Drakes Branch,320,91,1,412,0
Precinct,401 - Keysville,440,130,0,570,0
Precinct,501 - Cullen/Red House,308,114,0,422,0
Precinct,602 - Phenix,493,102,0,595,0
Precinct,702 - Bacon/Saxe,248,111,1,360,0
Precinct,Ab - Central Absentee Precinct,58,175,2,235,0
Precinct,Provisional,0,3,0,3,0
Locality,Charlottesville City,2828,14352,15,17195,0
Precinct,##ev - Central Absentee Precinct,502,3997,2,4501,0
Precinct,##pe - Central Absentee Precinct,19,142,0,161,0
Precinct,101 - Key Recreation,260,1039,0,1299,0
Precinct,102 - Clark,263,1214,3,1480,0
Precinct,201 - Carver,154,950,1,1105,0
Precinct,202 - Walker,439,1281,3,1723,0
Precinct,301 - Benjamin Tonsler,161,921,1,1083,0
Precinct,302 - Johnson,380,1188,1,1569,0
Precinct,303 - Buford,106,491,1,598,0
Precinct,401 - Venable,90,537,1,628,0
Precinct,402 - Alumni Hall,249,680,0,929,0
Precinct,Ab - Central Absentee Precinct,196,1864,2,2062,0
Precinct,Provisional,9,48,0,57,0
Locality,Chesapeake City,48519,42936,95,91550,0
Precinct,##ev - Central Absentee Precinct (CD 3),4863,7666,22,12551,0
Precinct,##ev - Central Absentee Precinct (CD 4),10625,8190,12,18827,0
Precinct,##pe - Central Absentee Precinct (CD 3),74,238,1,313,0
Precinct,##pe - Central Absentee Precinct (CD 4),167,239,4,410,0
Precinct,1 - Great Bridge (CD 4),619,245,1,865,0
Precinct,2 - Bethel (CD 4),987,133,0,1120,0
Precinct,3 - Camelot (CD 3),87,571,1,659,0
Precinct,4 - Churchland (CD 3),582,231,0,813,0
Precinct,5 - Crestwood (CD 3),145,677,0,822,0
Precinct,6 - Deep Creek (CD 4),515,364,0,879,0
Precinct,7 - Greenbrier (CD 4),501,252,0,753,0
Precinct,8 - South Norfolk Recreation (CD 3),577,496,0,1073,0
Precinct,9 - Bells Mill (CD 4),1036,296,0,1332,0
Precinct,10 - Oscar Smith (CD 3),277,217,0,494,0
Precinct,11 - Geneva Park (CD 3),482,257,1,740,0
Precinct,12 - Georgetown (CD 3),125,442,0,567,0
Precinct,13 - Gilmerton (CD 3),536,382,1,919,0
Precinct,14 - Grassfield (CD 4),599,250,1,850,0
Precinct,15 - Greenbrier Middle School (CD 3),393,454,1,848,0
Precinct,16 - Hickory Grove (CD 4),963,258,0,1221,0
Precinct,17 - Indian Creek (CD 4),799,159,1,959,0
Precinct,18 - Indian River (CD 3),263,361,2,626,0
Precinct,19 - Jolliff (CD 4),496,185,0,681,0
Precinct,20 - E W Chittum (CD 4),671,381,1,1053,0
Precinct,21 - Fellowship (CD 3),621,376,0,997,0
Precinct,22 - Norfolk Highlands (CD 3),381,210,1,592,0
Precinct,23 - Oak Grove (CD 4),468,455,2,925,0
Precinct,24 - Oaklette (CD 3),366,341,0,707,0
Precinct,25 - St Julians (CD 3),313,418,3,734,0
Precinct,26 - Johnson Park (CD 3),192,269,1,462,0
Precinct,27 - Silverwood (CD 3),565,326,0,891,0
Precinct,28 - Sunray I (CD 4),155,67,2,224,0
Precinct,29 - Tanglewood (CD 3),527,205,2,734,0
Precinct,30 - South Norfolk (CD 3),27,350,3,380,0
Precinct,31 - Carver School (CD 3),173,558,0,731,0
Precinct,32 - Providence (CD 3),85,684,3,772,0
Precinct,33 - Westover (CD 3),404,190,1,595,0
Precinct,34 - Hickory Middle School (CD 4),973,234,0,1207,0
Precinct,35 - Taylor Road (CD 3),181,319,1,501,0
Precinct,36 - Great Bridge Baptist Church (CD 4),707,237,2,946,0
Precinct,37 - Bridgetown (CD 4),699,270,1,970,0
Precinct,38 - Bailey Creek (CD 3),650,213,1,864,0
Precinct,39 - Lake Drummond (CD 4),464,258,0,722,0
Precinct,41 - John T West (CD 4),840,652,2,1494,0
Precinct,42 - Parkways (CD 3),288,371,0,659,0
Precinct,43 - Pleasant Crossing (CD 4),750,183,1,934,0
Precinct,44 - Nansemond (CD 3),366,394,1,761,0
Precinct,45 - Sunray II (CD 4),152,174,0,326,0
Precinct,46 - Bells Mill II (CD 4),600,336,1,937,0
Precinct,48 - Jolliff Middle School (CD 4),131,670,3,804,0
Precinct,49 - Waterway (CD 4),457,304,0,761,0
Precinct,50 - River Walk (CD 4),473,510,1,984,0
Precinct,51 - Coopers Way (CD 4),1185,356,1,1542,0
Precinct,52 - Shipyard Road (CD 4),387,356,0,743,0
Precinct,53 - Fairways (CD 3),577,509,1,1087,0
Precinct,54 - Pughsville (CD 3),235,426,1,662,0
Precinct,55 - Georgetown East (CD 3),144,306,0,450,0
Precinct,56 - Green Tree (CD 3),344,359,1,704,0
Precinct,57 - Cypress (CD 3),335,335,1,671,0
Precinct,58 - Expressway (CD 4),123,219,0,342,0
Precinct,59 - Clearfield (CD 4),526,430,2,958,0
Precinct,60 - Parker Road (CD 4),683,220,1,904,0
Precinct,61 - Centerville (CD 4),1030,330,2,1362,0
Precinct,62 - Fentress (CD 4),892,311,1,1204,0
Precinct,63 - Poplar Branch (CD 4),525,96,0,621,0
Precinct,64 - Deep Creek Ii (CD 4),443,336,0,779,0
Precinct,65 - Waterway Ii (CD 4),474,293,0,767,0
Precinct,AB - Central Absentee Precinct (CD 3),727,2670,1,3398,0
Precinct,Ab - Central Absentee Precinct (CD 4),1425,2735,2,4162,0
Precinct,Provisional (CD 3),26,69,0,95,0
Precinct,Provisional (CD 4),48,62,0,110,0
Locality,Chesterfield County,80862,74774,170,155806,0
Precinct,##ev - Central Absentee Precinct (CD 4),8874,6834,12,15720,0
Precinct,##ev - Central Absentee Precinct (CD 7),19121,18176,22,37319,0
Precinct,##pe - Central Absentee Precinct (CD 4),67,172,1,240,0
Precinct,##pe - Central Absentee Precinct (CD 7),214,579,0,793,0
Precinct,101 - Bellwood (CD 4),432,369,1,802,0
Precinct,102 - South Chester (CD 4),678,499,4,1181,0
Precinct,103 - Enon (CD 4),1123,649,0,1772,0
Precinct,104 - North Chester (CD 4),869,457,3,1329,0
Precinct,105 - Drewrys Bluff (CD 7),316,415,3,734,0
Precinct,106 - Harrowgate (CD 4),818,766,5,1589,0
Precinct,107 - Wells (CD 4),621,544,2,1167,0
Precinct,108 - Ecoff (CD 4),890,484,1,1375,0
Precinct,109 - Elizabeth Scott (CD 4),1081,747,4,1832,0
Precinct,110 - Dutch Gap (CD 4),579,399,0,978,0
Precinct,111 - Iron Bridge (CD 4),476,271,0,747,0
Precinct,112 - Carver (CD 4),484,433,1,918,0
Precinct,113 - Iron Bridge North (CD 4),424,410,1,835,0
Precinct,201 - Gates (CD 4),480,306,0,786,0
Precinct,202 - Beulah (CD 7),427,793,4,1224,0
Precinct,203 - Bird (CD 4),319,241,2,562,0
Precinct,204 - Jacobs (CD 7),392,391,0,783,0
Precinct,205 - Falling Creek (CD 7),301,642,0,943,0
Precinct,206 - Belmont (CD 7),120,441,1,562,0
Precinct,207 - Chippenham (CD 7),113,227,1,341,0
Precinct,208 - Meadowbrook (CD 7),251,598,1,850,0
Precinct,209 - Salem Church (CD 4),571,392,1,964,0
Precinct,210 - Five Forks (CD 7),579,880,2,1461,0
Precinct,211 - Nash (CD 4),1014,451,1,1466,0
Precinct,212 - St. Luke's (CD 7),404,293,3,700,0
Precinct,213 - Southside (CD 7),167,389,2,558,0
Precinct,214 - Hopkins (CD 7),27,114,0,141,0
Precinct,215 - North Bird (CD 7),166,285,0,451,0
Precinct,216 - Ridgedale (CD 7),190,656,0,846,0
Precinct,301 - Ettrick (CD 4),255,606,4,865,0
Precinct,302 - Deer Run (CD 7),293,159,0,452,0
Precinct,303 - Matoaca (CD 4),800,494,1,1295,0
Precinct,304 - Winfrees Store (CD 4),787,195,2,984,0
Precinct,305 - Beach (CD 4),415,92,0,507,0
Precinct,306 - Winterpock (CD 7),1281,340,0,1621,0
Precinct,307 - Cosby (CD 7),1371,946,3,2320,0
Precinct,308 - South Manchester (CD 7),191,211,0,402,0
Precinct,309 - Skinquarter (CD 7),866,439,0,1305,0
Precinct,310 - Tomahawk (CD 7),839,586,4,1429,0
Precinct,313 - Woolridge (CD 7),1140,722,0,1862,0
Precinct,314 - Longhouse (CD 4),536,103,2,641,0
Precinct,315 - Bailey Bridge (CD 7),970,330,2,1302,0
Precinct,316 - Spring Run (CD 7),834,498,2,1334,0
Precinct,317 - Birkdale (CD 7),1010,612,0,1622,0
Precinct,318 - West Beach (CD 7),315,150,0,465,0
Precinct,319 - Magnolia (CD 7),1337,732,1,2070,0
Precinct,401 - Harbour Pointe (CD 7),481,337,0,818,0
Precinct,402 - Genito (CD 7),257,251,1,509,0
Precinct,403 - Brandermill (CD 7),795,612,0,1407,0
Precinct,404 - Providence (CD 7),500,541,2,1043,0
Precinct,405 - La Prade (CD 7),553,430,3,986,0
Precinct,406 - Smoketree (CD 7),605,438,2,1045,0
Precinct,407 - Monacan (CD 7),386,255,1,642,0
Precinct,408 - Reams (CD 7),593,750,1,1344,0
Precinct,409 - Manchester (CD 7),380,402,1,783,0
Precinct,410 - Wagstaff (CD 7),415,357,0,772,0
Precinct,411 - Swift Creek (CD 7),736,544,3,1283,0
Precinct,412 - Clover Hill (CD 7),672,538,1,1211,0
Precinct,413 - Shenandoah (CD 7),575,546,2,1123,0
Precinct,414 - Crenshaw (CD 7),1048,735,3,1786,0
Precinct,415 - Evergreen (CD 7),646,498,2,1146,0
Precinct,416 - Evergreen West (CD 7),457,397,1,855,0
Precinct,417 - Edgewater (CD 7),479,358,0,837,0
Precinct,501 - Huguenot (CD 7),504,579,3,1086,0
Precinct,502 - Crestwood (CD 7),344,360,2,706,0
Precinct,503 - Midlothian (CD 7),855,574,0,1429,0
Precinct,504 - Robious (CD 7),1151,761,2,1914,0
Precinct,505 - Bon Air (CD 7),656,797,2,1455,0
Precinct,506 - Greenfield (CD 7),615,768,3,1386,0
Precinct,507 - Salisbury (CD 7),1251,761,2,2014,0
Precinct,508 - Belgrade (CD 7),593,507,1,1101,0
Precinct,509 - Cranbeck (CD 7),389,517,0,906,0
Precinct,510 - Sycamore (CD 7),796,526,1,1323,0
Precinct,511 - Black Heath (CD 7),670,418,1,1089,0
Precinct,513 - Beaufont (CD 7),192,363,0,555,0
Precinct,514 - Watkins (CD 7),885,599,1,1485,0
Precinct,515 - Davis (CD 7),226,632,2,860,0
Precinct,516 - Pocoshock (CD 7),201,408,2,611,0
Precinct,517 - Roseland (CD 7),755,419,0,1174,0
Precinct,518 - Midlothian North (CD 7),940,522,0,1462,0
Precinct,Ab - Central Absentee Precinct (CD 4),1075,2466,7,3548,0
Precinct,Ab - Central Absentee Precinct (CD 7),3303,8159,19,11481,0
Precinct,Provisional (CD 4),11,21,0,32,0
Precinct,Provisional (CD 7),44,110,0,154,0
Locality,Clarke County,4611,2772,9,7392,0
Precinct,##ev - Central Absentee Precinct,1220,1050,2,2272,0
Precinct,##pe - Central Absentee Precinct,13,11,0,24,0
Precinct,101 - Russell,704,243,1,948,0
Precinct,201 - Berryville,472,272,0,744,0
Precinct,301 - Millwood,451,172,1,624,0
Precinct,302 - Pine Grove,246,114,1,361,0
Precinct,401 - White Post,697,296,0,993,0
Precinct,501 - Buckmarsh,439,195,0,634,0
Precinct,502 - Blue Ridge,219,96,2,317,0
Precinct,Ab - Central Absentee Precinct,147,319,2,468,0
Precinct,Provisional,3,4,0,7,0
Locality,Colonial Heights City,4852,1784,10,6646,0
Precinct,##EV - Central Absentee Precinct,1927,590,2,2519,0
Precinct,##pe - Central Absentee Precinct,3,11,0,14,0
Precinct,1 - First,432,159,2,593,0
Precinct,2 - Second,474,183,2,659,0
Precinct,3 - Third,543,198,1,742,0
Precinct,4 - Fourth,554,229,0,783,0
Precinct,5 - Fifth,712,202,3,917,0
Precinct,Ab - Central Absentee Precinct,207,211,0,418,0
Precinct,Provisional,0,1,0,1,0
Locality,Covington City,1152,628,0,1780,0
Precinct,##pe - Central Absentee Precinct,0,2,0,2,0
Precinct,101 - Precinct 1-1,151,78,0,229,0
Precinct,201 - Precinct 2-1,188,85,0,273,0
Precinct,301 - Precinct 3-1,94,88,0,182,0
Precinct,401 - Precinct 4-1,260,94,0,354,0
Precinct,501 - Precinct 5-1,290,90,0,380,0
Precinct,Ab - Central Absentee Precinct,169,191,0,360,0
Precinct,Provisional,0,0,0,0,0
Precinct,ev - Central Absentee Precinct,0,0,0,0,0
Locality,Craig County,2034,445,8,2487,0
Precinct,##ev - Central Absentee Precinct,369,93,3,465,0
Precinct,##pe - Central Absentee Precinct,0,1,0,1,0
Precinct,101 - Court House,281,44,0,325,0
Precinct,201 - Ammendale Precinct,374,50,2,426,0
Precinct,301 - Givens & Reynolds Store,222,57,0,279,0
Precinct,303 - Marshalls Store,160,38,0,198,0
Precinct,401 - Barbours Creek,142,33,1,176,0
Precinct,402 - Paint Bank,25,9,0,34,0
Precinct,403 - Craig Springs,145,32,0,177,0
Precinct,501 - Craig City,269,43,2,314,0
Precinct,AB - Central Absentee Precinct,47,45,0,92,0
Precinct,Provisional,0,0,0,0,0
Locality,Culpeper County,13346,6773,16,20135,0
Precinct,##ev - Central Absentee Precinct,2519,2044,2,4565,0
Precinct,##pe - Central Absentee Precinct,16,24,0,40,0
Precinct,101 - West Fairfax,888,573,5,1466,0
Precinct,201 - East Fairfax,655,544,0,1199,0
Precinct,302 - Eggbornsville,773,173,0,946,0
Precinct,303 - Cardova,602,147,0,749,0
Precinct,304 - Willow Shade,184,106,0,290,0
Precinct,401 - Eldorado,774,216,0,990,0
Precinct,402 - Browns Store,1140,339,2,1481,0
Precinct,501 - Jeffersonton,1095,339,1,1435,0
Precinct,502 - Rixeyville,991,231,1,1223,0
Precinct,601 - Mitchells,165,55,0,220,0
Precinct,602 - Pearl Sample,834,303,1,1138,0
Precinct,603 - South Ridge,228,140,0,368,0
Precinct,702 - Brandy Station,1064,281,3,1348,0
Precinct,703 - Lignum,524,143,0,667,0
Precinct,704 - Richardsville,365,66,1,432,0
Precinct,Ab - Central Absentee Precinct,517,1037,0,1554,0
Precinct,Provisional,12,12,0,24,0
Locality,Cumberland County,2677,1521,2,4200,0
Precinct,##ev - Central Absentee Precinct,494,437,0,931,0
Precinct,##pe - Central Absentee Precinct,1,2,0,3,0
Precinct,101 - Precinct 1,545,211,0,756,0
Precinct,201 - Precinct 2,455,137,1,593,0
Precinct,301 - Precinct 3,282,206,0,488,0
Precinct,401 - Precinct 4,462,164,0,626,0
Precinct,501 - Precinct 5,366,212,1,579,0
Precinct,Ab - Central Absentee Precinct,72,151,0,223,0
Precinct,Provisional,0,1,0,1,0
Locality,Danville City,5860,6852,9,12721,0
Precinct,##ev - Central Absentee Precinct,1487,1591,1,3079,0
Precinct,##pe - Central Absentee Precinct,10,16,0,26,0
Precinct,1 - Ward One,61,154,0,215,0
Precinct,2 - Ward Two,109,152,0,261,0
Precinct,3 - Ward Three,166,293,0,459,0
Precinct,4 - Ward Four,502,447,1,950,0
Precinct,6 - Ward Six,52,194,0,246,0
Precinct,7 - Ward Seven,91,283,0,374,0
Precinct,8 - Ward Eight,150,249,0,399,0
Precinct,9 - Ward Nine,222,190,0,412,0
Precinct,10 - Ward Ten,283,294,2,579,0
Precinct,11 - Ward Eleven,250,418,2,670,0
Precinct,12 - Ward Twelve,342,426,0,768,0
Precinct,13 - Ward Thirteen,318,379,0,697,0
Precinct,14 - Ward Fourteen,14,75,0,89,0
Precinct,15 - Ward Fifteen,386,312,1,699,0
Precinct,16 - Ward Sixteen,552,325,2,879,0
Precinct,17 - Ward Seventeen,524,181,0,705,0
Precinct,Ab - Central Absentee Precinct,337,854,0,1191,0
Precinct,Provisional,4,19,0,23,0
Locality,Dickenson County,3796,972,2,4770,0
Precinct,##ev - Central Absentee Precinct,850,360,0,1210,0
Precinct,##pe - Central Absentee Precinct,2,4,0,6,0
Precinct,101 - South Clintwood,486,81,0,567,0
Precinct,201 - Nora,218,30,1,249,0
Precinct,202 - Frying Pan,91,14,0,105,0
Precinct,203 - Clinchco,265,58,0,323,0
Precinct,301 - West Dante,152,6,0,158,0
Precinct,302 - Herald,265,22,0,287,0
Precinct,303 - Ridge,186,28,0,214,0
Precinct,304 - Longs Fork,159,17,0,176,0
Precinct,401 - Haysi-colley,482,132,1,615,0
Precinct,501 - Tarpon,128,29,0,157,0
Precinct,502 - North Clintwood,400,74,0,474,0
Precinct,Ab - Central Absentee Precinct,110,114,0,224,0
Precinct,Provisional,2,3,0,5,0
Locality,Dinwiddie County,7288,4225,11,11524,0
Precinct,##ev - Central Absentee Precinct,1856,1341,3,3200,0
Precinct,##pe - Central Absentee Precinct,8,20,0,28,0
Precinct,101 - White Oak,355,65,0,420,0
Precinct,102 - Rocky Run,448,90,0,538,0
Precinct,103 - Church Road,769,97,1,867,0
Precinct,201 - Rohoic,207,222,0,429,0
Precinct,202 - Sutherland,724,319,3,1046,0
Precinct,301 - Reams,325,84,1,410,0
Precinct,302 - New Hope,411,162,0,573,0
Precinct,303 - Little Zion,425,266,0,691,0
Precinct,401 - Dinwiddie,539,207,0,746,0
Precinct,402 - Mckenney,348,151,0,499,0
Precinct,403 - Cherry Hill,216,117,1,334,0
Precinct,501 - Edgehill,46,83,0,129,0
Precinct,502 - Chesdin,422,556,1,979,0
Precinct,Ab - Central Absentee Precinct,188,442,1,631,0
Precinct,Provisional,1,3,0,4,0
Locality,Emporia City,720,1091,3,1814,0
Precinct,##ev - Central Absentee Precinct,146,270,1,417,0
Precinct,##pe - Central Absentee Precinct,1,0,0,1,0
Precinct,101 - Precinct 1-1,68,149,0,217,0
Precinct,201 - Precinct 2-1,11,96,0,107,0
Precinct,301 - Precinct 3-1,119,81,0,200,0
Precinct,401 - Precinct 4-1,129,112,0,241,0
Precinct,501 - Precinct 5-1,5,91,1,97,0
Precinct,601 - District 6,154,69,1,224,0
Precinct,701 - District 7,49,112,0,161,0
Precinct,AB - Central Absentee Precinct,38,110,0,148,0
Precinct,Provisional,0,1,0,1,0
Locality,Essex County,2707,1975,3,4685,0
Precinct,##ev - Central Absentee Precinct,910,779,0,1689,0
Precinct,##pe - Central Absentee Precinct,1,3,0,4,0
Precinct,101 - Greater Tappahannock,320,251,2,573,0
Precinct,201 - North,286,333,0,619,0
Precinct,301 - South,634,224,0,858,0
Precinct,401 - Central,472,214,0,686,0
Precinct,Ab - Central Absentee Precinct,82,169,1,252,0
Precinct,Provisional,2,2,0,4,0
Locality,Fairfax City,3548,6502,13,10063,0
Precinct,##ev - Central Absentee Precinct,1052,2114,3,3169,0
Precinct,##pe - Central Absentee Precinct,14,30,0,44,0
Precinct,1 - One,344,527,1,872,0
Precinct,2 - Two,406,500,2,908,0
Precinct,3 - Three,503,653,1,1157,0
Precinct,4 - Four,343,445,2,790,0
Precinct,5 - Five,304,527,2,833,0
Precinct,6 - Six,366,544,1,911,0
Precinct,Ab - Central Absentee Precinct,208,1142,1,1351,0
Precinct,Provisional,8,20,0,28,0
Locality,Fairfax County,150939,286540,694,438173,0
Precinct,##ev - Central Absentee Precinct (CD 10),10398,15214,23,25635,0
Precinct,##ev - Central Absentee Precinct (CD 11),15740,36310,49,52099,0
Precinct,##ev - Central Absentee Precinct (CD 8),8835,22214,33,31082,0
Precinct,##pe - Central Absentee Precinct (CD 10),480,1166,5,1651,0
Precinct,##pe - Central Absentee Precinct (CD 11),895,3396,5,4296,0
Precinct,##pe - Central Absentee Precinct (CD 8),531,2171,4,2706,0
Precinct,104 - Chapel (CD 11),448,662,5,1115,0
Precinct,105 - Fairview (CD 11),665,998,1,1664,0
Precinct,106 - Heritage (CD 11),458,765,1,1224,0
Precinct,108 - Kings Park (CD 11),470,632,3,1105,0
Precinct,109 - Little Run (CD 11),224,372,2,598,0
Precinct,110 - North Springfield (CD 11),743,966,7,1716,0
Precinct,113 - Canterbury (CD 11),655,1048,8,1711,0
Precinct,114 - Olde Creek (CD 11),373,552,2,927,0
Precinct,115 - Ravensworth (CD 11),390,512,0,902,0
Precinct,116 - Wakefield (CD 11),399,671,3,1073,0
Precinct,117 - Woodson (CD 11),472,642,2,1116,0
Precinct,118 - Lake Braddock (CD 11),572,1019,3,1594,0
Precinct,119 - Laurel (CD 11),731,987,2,1720,0
Precinct,120 - Sideburn (CD 11),641,690,1,1332,0
Precinct,121 - Villa (CD 11),385,465,3,853,0
Precinct,123 - Robinson (CD 11),668,968,1,1637,0
Precinct,125 - Signal Hill (CD 11),535,718,0,1253,0
Precinct,126 - Bonnie Brae (CD 11),379,649,3,1031,0
Precinct,127 - Burke Centre (CD 11),628,1135,2,1765,0
Precinct,128 - Cardinal (CD 11),349,599,2,950,0
Precinct,129 - Keene Mill (CD 11),323,465,2,790,0
Precinct,130 - Terra Centre (CD 11),432,674,1,1107,0
Precinct,131 - Eagle View (CD 11),548,738,2,1288,0
Precinct,132 - Monument (CD 11),409,746,2,1157,0
Precinct,133 - Danbury (CD 11),122,234,0,356,0
Precinct,134 - University (CD 11),61,316,2,379,0
Precinct,201 - Armstrong (CD 11),452,890,1,1343,0
Precinct,202 - Flint Hill (CD 11),568,739,3,1310,0
Precinct,203 - Floris (CD 11),681,923,6,1610,0
Precinct,204 - Madison (CD 11),127,216,0,343,0
Precinct,208 - Reston #1 (CD 11),447,944,2,1393,0
Precinct,209 - Reston #2 (CD 11),361,922,5,1288,0
Precinct,213 - Vienna #1 (CD 11),678,1033,1,1712,0
Precinct,214 - Vienna #2 (CD 11),550,853,2,1405,0
Precinct,216 - Vienna #4 (CD 11),281,392,0,673,0
Precinct,218 - Vienna #6 (CD 11),383,556,3,942,0
Precinct,219 - Westbriar (CD 11),542,820,0,1362,0
Precinct,220 - Dogwood (CD 11),480,940,4,1424,0
Precinct,221 - Hunters Woods (CD 11),407,751,3,1161,0
Precinct,222 - Reston #3 (CD 11),181,631,0,812,0
Precinct,223 - Glade (CD 11),412,1032,2,1446,0
Precinct,224 - South Lakes (CD 11),548,1331,4,1883,0
Precinct,225 - Hughes (CD 11),372,966,3,1341,0
Precinct,226 - Wolftrap (CD 11),690,963,3,1656,0
Precinct,227 - Sunrise Valley (CD 11),316,491,0,807,0
Precinct,229 - Fox Mill (CD 10),790,1078,2,1870,0
Precinct,233 - North Point (CD 11),592,736,2,1330,0
Precinct,234 - Aldrin (CD 11),390,658,1,1049,0
Precinct,235 - Frying Pan (CD 11),393,769,5,1167,0
Precinct,236 - Stuart (CD 11),232,379,2,613,0
Precinct,237 - Mcnair (CD 11),343,791,2,1136,0
Precinct,238 - Cameron Glen (CD 11),401,571,0,972,0
Precinct,240 - Colvin (CD 10),481,512,3,996,0
Precinct,301 - Chain Bridge (CD 10),566,568,3,1137,0
Precinct,302 - Chesterbrook (CD 8),381,530,4,915,0
Precinct,303 - Churchill (CD 10),259,367,1,627,0
Precinct,304 - Cooper (CD 10),375,352,2,729,0
Precinct,305 - El Nido (CD 8),368,574,2,944,0
Precinct,306 - Great Falls (CD 10),433,326,1,760,0
Precinct,307 - Haycock (CD 8),421,665,2,1088,0
Precinct,309 - Kenmore (CD 10),585,610,7,1202,0
Precinct,310 - Kirby (CD 8),328,485,3,816,0
Precinct,311 - Langley (CD 10),386,404,1,791,0
Precinct,312 - Longfellow (CD 8),365,549,0,914,0
Precinct,314 - Mclean (CD 10),323,457,0,780,0
Precinct,315 - Pimmit (CD 8),490,682,6,1178,0
Precinct,316 - Salona #1 (CD 8),160,181,0,341,0
Precinct,317 - Westhampton (CD 8),288,509,0,797,0
Precinct,318 - Westmoreland (CD 8),234,359,1,594,0
Precinct,319 - Herndon #1 (CD 11),573,833,4,1410,0
Precinct,320 - Herndon #2 (CD 11),489,763,3,1255,0
Precinct,321 - Clearview (CD 10),719,1010,4,1733,0
Precinct,322 - Forestville (CD 10),635,482,0,1117,0
Precinct,323 - Shouse (CD 10),412,556,1,969,0
Precinct,324 - Herndon #3 (CD 11),427,712,3,1142,0
Precinct,325 - Hutchison (CD 11),196,535,0,731,0
Precinct,327 - Sugarland (CD 10),633,838,1,1472,0
Precinct,328 - Hickory (CD 10),525,479,2,1006,0
Precinct,329 - Seneca (CD 10),660,602,2,1264,0
Precinct,331 - Spring Hill (CD 10),369,405,1,775,0
Precinct,332 - Coates (CD 11),436,909,1,1346,0
Precinct,333 - Salona #2 (CD 8),276,388,3,667,0
Precinct,401 - Bush Hill (CD 8),575,895,5,1475,0
Precinct,402 - Cameron (CD 8),158,359,2,519,0
Precinct,403 - Forestdale (CD 8),180,341,1,522,0
Precinct,404 - Franconia (CD 8),476,892,0,1368,0
Precinct,405 - Groveton (CD 8),184,464,2,650,0
Precinct,406 - Hayfield (CD 8),497,662,2,1161,0
Precinct,408 - Mount Eagle (CD 8),234,737,1,972,0
Precinct,409 - Pioneer (CD 8),492,823,0,1315,0
Precinct,410 - Rose Hill (CD 8),705,1070,3,1778,0
Precinct,411 - Virginia Hills (CD 8),338,633,4,975,0
Precinct,413 - Fairfield (CD 8),150,560,1,711,0
Precinct,415 - Crestwood (CD 8),471,661,4,1136,0
Precinct,417 - Garfield (CD 8),506,805,2,1313,0
Precinct,418 - Lynbrook (CD 8),298,449,2,749,0
Precinct,419 - Lane #1 (CD 8),131,317,1,449,0
Precinct,420 - Villages (CD 8),583,1103,0,1686,0
Precinct,421 - Kingstowne (CD 8),420,842,3,1265,0
Precinct,422 - Van Dorn (CD 8),421,905,2,1328,0
Precinct,423 - Clermont (CD 8),451,716,0,1167,0
Precinct,424 - Huntley (CD 8),410,736,1,1147,0
Precinct,426 - Greenspring (CD 11),287,661,2,950,0
Precinct,427 - Island Creek (CD 8),386,781,3,1170,0
Precinct,428 - Pinewood (CD 8),195,692,1,888,0
Precinct,429 - Hybla Valley (CD 8),210,728,2,940,0
Precinct,430 - Lane #2 (CD 8),272,591,1,864,0
Precinct,501 - Baileys #1 (CD 8),227,488,0,715,0
Precinct,502 - Barcroft (CD 11),196,364,0,560,0
Precinct,503 - Belvedere (CD 11),206,389,1,596,0
Precinct,504 - Bristow (CD 11),330,569,2,901,0
Precinct,505 - Glen Forest (CD 8),333,680,1,1014,0
Precinct,506 - Holmes #1 (CD 8),64,119,1,184,0
Precinct,507 - Lincolnia (CD 8),340,760,1,1101,0
Precinct,508 - Masonville (CD 11),429,694,2,1125,0
Precinct,509 - Plaza (CD 8),100,394,1,495,0
Precinct,510 - Parklawn (CD 8),308,497,0,805,0
Precinct,511 - Ravenwood (CD 11),341,648,4,993,0
Precinct,512 - Sleepy Hollow (CD 11),243,395,0,638,0
Precinct,513 - Saint Albans (CD 8),20,53,0,73,0
Precinct,513 - Saint Albans (CD 11),328,543,4,875,0
Precinct,514 - Crossroads (CD 8),78,325,0,403,0
Precinct,515 - Westlawn (CD 8),234,395,0,629,0
Precinct,516 - Weyanoke #1 (CD 8),244,323,3,570,0
Precinct,517 - Willston (CD 8),224,353,1,578,0
Precinct,518 - Columbia (CD 11),395,561,2,958,0
Precinct,519 - Hummer (CD 11),319,439,0,758,0
Precinct,520 - Skyline (CD 8),179,531,1,711,0
Precinct,521 - Brook Hill (CD 8),370,461,2,833,0
Precinct,522 - Camelot #1 (CD 11),74,111,0,185,0
Precinct,523 - Poe (CD 8),394,559,2,955,0
Precinct,525 - Walnut Hill (CD 8),479,723,1,1203,0
Precinct,526 - Bren Mar (CD 8),395,930,3,1328,0
Precinct,527 - Edsall (CD 8),369,532,3,904,0
Precinct,528 - Ridgelea (CD 11),263,369,3,635,0
Precinct,530 - Holmes #2 (CD 11),154,441,1,596,0
Precinct,531 - Baileys #2 (CD 8),123,276,0,399,0
Precinct,532 - Weyanoke #2 (CD 8),186,397,3,586,0
Precinct,534 - Camelot #2 (CD 11),235,338,2,575,0
Precinct,601 - Belle Haven (CD 8),383,442,1,826,0
Precinct,602 - Belleview (CD 8),361,523,6,890,0
Precinct,604 - Bucknell (CD 8),319,770,0,1089,0
Precinct,605 - Fort Hunt (CD 8),453,524,3,980,0
Precinct,606 - Hollin Hall (CD 8),459,592,3,1054,0
Precinct,607 - Huntington (CD 8),328,798,2,1128,0
Precinct,608 - Kirkside (CD 8),217,482,1,700,0
Precinct,609 - Marlan (CD 8),386,427,0,813,0
Precinct,610 - Sherwood (CD 8),210,430,2,642,0
Precinct,611 - Stratford (CD 8),488,645,4,1137,0
Precinct,612 - Waynewood (CD 8),254,345,0,599,0
Precinct,613 - Westgate (CD 8),798,651,2,1451,0
Precinct,614 - Riverside (CD 8),385,468,2,855,0
Precinct,615 - Woodley (CD 8),436,626,3,1065,0
Precinct,616 - Gunston (CD 8),659,561,0,1220,0
Precinct,617 - Lorton (CD 8),246,551,0,797,0
Precinct,618 - Newington (CD 11),860,1341,5,2206,0
Precinct,619 - Belvoir (CD 8),456,709,1,1166,0
Precinct,621 - Grosvenor (CD 8),220,569,1,790,0
Precinct,622 - Lorton Station (CD 8),337,909,1,1247,0
Precinct,623 - Alban (CD 8),429,809,1,1239,0
Precinct,626 - Saratoga (CD 8),604,824,4,1432,0
Precinct,627 - Woodlawn (CD 8),386,842,2,1230,0
Precinct,628 - Laurel Hill (CD 11),515,1162,6,1683,0
Precinct,629 - South County (CD 11),602,824,2,1428,0
Precinct,630 - Army (CD 8),132,199,0,331,0
Precinct,701 - Blake (CD 11),525,983,3,1511,0
Precinct,703 - Fort Buffalo (CD 8),239,510,1,750,0
Precinct,704 - Freedom Hill (CD 11),350,604,5,959,0
Precinct,705 - Graham - Greenway (CD 8),448,920,1,1369,0
Precinct,707 - Mantua (CD 11),363,623,1,987,0
Precinct,708 - Marshall (CD 8),481,948,5,1434,0
Precinct,709 - Mosby (CD 11),377,713,3,1093,0
Precinct,710 - Pine Spring (CD 8),269,588,1,858,0
Precinct,711 - Price (CD 11),339,508,3,850,0
Precinct,712 - Shreve (CD 8),234,416,0,650,0
Precinct,713 - Timber Lane (CD 8),346,894,2,1242,0
Precinct,714 - Walker (CD 11),453,762,1,1216,0
Precinct,717 - Woodburn (CD 11),234,522,1,757,0
Precinct,718 - Pine Ridge (CD 11),346,498,2,846,0
Precinct,720 - Thoreau (CD 11),482,764,3,1249,0
Precinct,721 - Merrifield (CD 11),377,954,4,1335,0
Precinct,723 - Gallows East (CD 11),170,418,0,588,0
Precinct,726 - Magarity (CD 8),427,828,2,1257,0
Precinct,727 - Oakton (CD 11),475,569,1,1045,0
Precinct,729 - Nottoway (CD 11),351,607,6,964,0
Precinct,730 - Penderbrook (CD 11),579,934,2,1515,0
Precinct,731 - Tysons (CD 11),393,669,3,1065,0
Precinct,732 - Oak Marr (CD 11),711,721,1,1433,0
Precinct,733 - Kilmer (CD 11),500,965,2,1467,0
Precinct,734 - Hunters Branch (CD 11),205,385,1,591,0
Precinct,735 - Rotonda (CD 11),190,336,2,528,0
Precinct,801 - Burke (CD 11),683,1043,1,1727,0
Precinct,802 - Cedar Lake (CD 11),172,273,1,446,0
Precinct,803 - Clifton (CD 10),1050,687,2,1739,0
Precinct,804 - Colchester (CD 10),445,378,1,824,0
Precinct,805 - Fairfax Station (CD 10),397,398,0,795,0
Precinct,806 - Sydenstricker (CD 11),600,866,2,1468,0
Precinct,807 - Hunt Valley (CD 11),424,559,0,983,0
Precinct,811 - Pohick (CD 11),296,525,1,822,0
Precinct,812 - Valley (CD 11),504,691,2,1197,0
Precinct,815 - Woodyard (CD 10),631,536,1,1168,0
Precinct,824 - Orange (CD 11),737,943,6,1686,0
Precinct,825 - Cherry Run (CD 11),564,692,0,1256,0
Precinct,827 - Irving (CD 11),409,643,0,1052,0
Precinct,833 - White Oaks (CD 11),523,763,5,1291,0
Precinct,838 - Sangster (CD 10),488,510,8,1006,0
Precinct,839 - Silverbrook (CD 10),757,879,5,1641,0
Precinct,840 - West Springfield (CD 11),515,787,0,1302,0
Precinct,841 - Popes Head (CD 10),401,345,2,748,0
Precinct,842 - Parkway (CD 11),525,457,0,982,0
Precinct,843 - Fair Lakes (CD 11),534,786,2,1322,0
Precinct,844 - Centerpointe (CD 11),298,482,3,783,0
Precinct,845 - Fountainhead (CD 10),969,783,5,1757,0
Precinct,846 - Greenbriar East (CD 11),486,786,3,1275,0
Precinct,847 - Greenbriar West (CD 10),429,570,1,1000,0
Precinct,848 - Fair Oaks (CD 11),443,643,3,1089,0
Precinct,849 - Newgate (CD 10),1063,1003,2,2068,0
Precinct,850 - South Run (CD 10),616,553,2,1171,0
Precinct,851 - Willow Springs (CD 11),531,584,2,1117,0
Precinct,901 - Centre Ridge (CD 11),424,659,1,1084,0
Precinct,902 - Brookfield (CD 10),609,893,3,1505,0
Precinct,903 - Cub Run (CD 10),700,840,3,1543,0
Precinct,904 - Stonecroft (CD 10),316,265,0,581,0
Precinct,905 - Franklin (CD 10),168,274,2,444,0
Precinct,908 - Hidden Meadow (CD 10),474,591,0,1065,0
Precinct,909 - Oak Hill (CD 10),413,555,1,969,0
Precinct,910 - London Towne (CD 11),471,871,2,1344,0
Precinct,911 - Navy (CD 10),635,793,3,1431,0
Precinct,913 - Rocky Run (CD 10),810,845,1,1656,0
Precinct,914 - Vale (CD 10),489,498,0,987,0
Precinct,915 - Virginia Run (CD 10),689,520,0,1209,0
Precinct,916 - Waples Mill (CD 10),881,923,0,1804,0
Precinct,917 - Stone North (CD 10),319,455,3,777,0
Precinct,918 - Centreville (CD 11),581,931,1,1513,0
Precinct,919 - Green Trails (CD 11),597,978,4,1579,0
Precinct,920 - Chantilly (CD 10),485,625,0,1110,0
Precinct,921 - Deer Park (CD 10),642,667,3,1312,0
Precinct,923 - Bull Run (CD 10),590,476,4,1070,0
Precinct,924 - Spindle (CD 11),205,360,1,566,0
Precinct,925 - Old Mill (CD 10),322,409,0,731,0
Precinct,926 - Powell (CD 11),683,936,2,1621,0
Precinct,927 - Armfield (CD 10),339,466,0,805,0
Precinct,928 - Poplar Tree (CD 10),584,639,2,1225,0
Precinct,929 - Difficult Run (CD 10),199,181,0,380,0
Precinct,930 - Lees Corner (CD 10),377,555,1,933,0
Precinct,931 - Carson (CD 10),378,646,2,1026,0
Precinct,932 - Stone South (CD 10),194,396,1,591,0
Precinct,933 - Compton (CD 11),133,172,0,305,0
Precinct,Ab - Central Absentee Precinct (CD 10),2532,8834,18,11384,0
Precinct,Ab - Central Absentee Precinct (CD 11),4718,24332,46,29096,0
Precinct,Ab - Central Absentee Precinct (CD 8),2701,14093,35,16829,0
Precinct,Provisional (CD 10),81,184,0,265,0
Precinct,Provisional (CD 11),227,653,1,881,0
Precinct,Provisional (CD 8),117,407,1,525,0
Locality,Falls Church City,1537,5415,12,6964,0
Precinct,##ev - Central Absentee Precinct,498,2366,4,2868,0
Precinct,##pe - Central Absentee Precinct,5,23,0,28,0
Precinct,1 - First Ward,332,807,1,1140,0
Precinct,2 - Second Ward,266,612,1,879,0
Precinct,3 - Third Ward,323,763,4,1090,0
Precinct,Ab - Central Absentee Precinct,112,828,2,942,0
Precinct,Provisional,1,16,0,17,0
Locality,Fauquier County,22134,11732,28,33894,0
Precinct,##ev - Central Absentee Precinct (CD 1),1160,573,3,1736,0
Precinct,##ev - Central Absentee Precinct (CD 5),5171,3457,2,8630,0
Precinct,##pe - Central Absentee Precinct (CD 1),6,10,0,16,0
Precinct,##pe - Central Absentee Precinct (CD 5),12,33,0,45,0
Precinct,101 - Kettle Run (CD 5),452,116,6,574,0
Precinct,102 - Catlett (CD 1),1102,218,1,1321,0
Precinct,103 - Casanova (CD 5),473,161,0,634,0
Precinct,104 - Lois (CD 1),486,119,0,605,0
Precinct,105 - Opal (CD 5),510,126,0,636,0
Precinct,106 - Baldwin Ridge (CD 5),558,223,1,782,0
Precinct,201 - Courthouse (CD 5),805,531,1,1337,0
Precinct,202 - Airlie (CD 5),731,320,3,1054,0
Precinct,203 - Warrenton (CD 5),733,500,0,1233,0
Precinct,301 - Morrisville (CD 1),776,170,0,946,0
Precinct,302 - Remington (CD 5),958,353,0,1311,0
Precinct,303 - Bealeton (CD 1),1065,462,0,1527,0
Precinct,401 - Marshall (CD 5),840,390,2,1232,0
Precinct,402 - Leeds (CD 5),785,419,2,1206,0
Precinct,403 - Waterloo (CD 5),895,269,1,1165,0
Precinct,404 - Springs Valley (CD 5),414,173,0,587,0
Precinct,501 - The Plains (CD 5),696,444,1,1141,0
Precinct,502 - New Baltimore (CD 5),864,317,2,1183,0
Precinct,503 - Broad Run (CD 5),689,238,1,928,0
Precinct,504 - Vint Hill (CD 5),1099,408,0,1507,0
Precinct,Ab - Central Absentee Precinct (CD 1),121,214,0,335,0
Precinct,Ab - Central Absentee Precinct (CD 5),705,1453,2,2160,0
Precinct,Provisional (CD 1),2,5,0,7,0
Precinct,Provisional (CD 5),26,30,0,56,0
Locality,Floyd County,5161,2275,11,7447,0
Precinct,##ev - Central Absentee Precinct,1064,807,2,1873,0
Precinct,##pe - Central Absentee Precinct,3,10,0,13,0
Precinct,101 - Locust Grove,812,254,1,1067,0
Precinct,201 - Little River,819,272,3,1094,0
Precinct,301 - Courthouse,545,236,3,784,0
Precinct,401 - Burks Fork,811,204,0,1015,0
Precinct,501 - Indian Valley,945,168,1,1114,0
Precinct,Ab - Central Absentee Precinct,159,319,1,479,0
Precinct,Provisional,3,5,0,8,0
Locality,Fluvanna County,7119,5247,7,12373,0
Precinct,##ev - Central Absentee Precinct,2452,2176,3,4631,0
Precinct,##pe - Central Absentee Precinct,12,29,0,41,0
Precinct,101 - Palmyra,900,542,2,1444,0
Precinct,201 - Columbia,839,386,1,1226,0
Precinct,301 - Fork Union,810,421,1,1232,0
Precinct,401 - Cunningham,1121,295,0,1416,0
Precinct,501 - Rivanna,733,467,0,1200,0
Precinct,Ab - Central Absentee Precinct,244,923,0,1167,0
Precinct,Provisional,8,8,0,16,0
Locality,Franklin City,1275,1659,0,2934,0
Precinct,##ev - Central Absentee Precinct,353,487,0,840,0
Precinct,##pe - Central Absentee Precinct,0,2,0,2,0
Precinct,101 - Precinct 1-1,344,107,0,451,0
Precinct,201 - Precinct 2-1,265,164,0,429,0
Precinct,301 - Precinct 3-1,38,222,0,260,0
Precinct,401 - Precinct 4-1,38,152,0,190,0
Precinct,501 - Precinct 5-1,11,204,0,215,0
Precinct,601 - Precinct 6-1,187,151,0,338,0
Precinct,Ab - Central Absentee Precinct,38,168,0,206,0
Precinct,Provisional,1,2,0,3,0
Locality,Franklin County,17508,6154,18,23680,0
Precinct,##ev - Central Absentee Precinct,2804,1651,4,4459,0
Precinct,##pe - Central Absentee Precinct,32,23,0,55,0
Precinct,102 - Burnt Chimney,1042,251,3,1296,0
Precinct,103 - Scruggs,1630,444,2,2076,0
Precinct,201 - Glade Hill,965,161,0,1126,0
Precinct,202 - Penhook,601,204,0,805,0
Precinct,203 - Hodgesville,152,33,0,185,0
Precinct,204 - Dudley,539,134,0,673,0
Precinct,301 - Snow Creek,446,79,0,525,0
Precinct,302 - Fork Mountain,405,85,0,490,0
Precinct,303 - Sontag,566,223,2,791,0
Precinct,304 - Dickinson,273,96,0,369,0
Precinct,401 - Henry,778,113,1,892,0
Precinct,402 - Ferrum,374,118,1,493,0
Precinct,403 - Endicott,444,79,1,524,0
Precinct,501 - Waidsboro,463,123,0,586,0
Precinct,502 - Callaway,720,139,1,860,0
Precinct,503 - Bowmans,387,107,0,494,0
Precinct,504 - Gogginsville,592,150,1,743,0
Precinct,601 - Boones Mill,863,205,0,1068,0
Precinct,602 - Bonbrook,855,173,0,1028,0
Precinct,603 - Coopers Cove,651,125,0,776,0
Precinct,701 - Rocky Mount East,631,245,0,876,0
Precinct,702 - Rocky Mount West,423,197,1,621,0
Precinct,703 - Rocky Mount South,365,164,1,530,0
Precinct,Ab - Central Absentee Precinct,503,824,0,1327,0
Precinct,Provisional,4,8,0,12,0
Locality,Frederick County,24901,11302,26,36229,0
Precinct,##ev - Central Absentee Precinct,4598,2877,3,7478,0
Precinct,##pe - Central Absentee Precinct,59,79,1,139,0
Precinct,101 - Russells,962,200,0,1162,0
Precinct,102 - Gore,1258,273,1,1532,0
Precinct,103 - Kernstown,1007,319,0,1326,0
Precinct,104 - Cedar Creek,687,194,3,884,0
Precinct,201 - Gainesborough,717,108,0,825,0
Precinct,202 - Albin,891,227,0,1118,0
Precinct,203 - Redland,1246,325,1,1572,0
Precinct,204 - Nain,793,202,1,996,0
Precinct,301 - Clear Brook,664,130,1,795,0
Precinct,302 - Neff's Town,1113,611,2,1726,0
Precinct,303 - White Hall,1198,388,0,1586,0
Precinct,401 - Carpers Valley,740,337,0,1077,0
Precinct,402 - Shenandoah,595,202,1,798,0
Precinct,403 - Parkin's Mill,919,342,1,1262,0
Precinct,404 - Armel,782,376,0,1158,0
Precinct,501 - Stephens City,939,452,1,1392,0
Precinct,502 - Newtown,1227,445,1,1673,0
Precinct,503 - Canterburg,1160,497,1,1658,0
Precinct,601 - Millbrook,597,226,1,824,0
Precinct,602 - Ash Hollow,648,335,0,983,0
Precinct,603 - Greenwood,1310,572,4,1886,0
Precinct,Ab - Central Absentee Precinct,770,1562,2,2334,0
Precinct,Provisional,21,23,1,45,0
Locality,Fredericksburg City,3490,5453,14,8957,0
Precinct,##ev - Central Absentee Precinct,983,1551,3,2537,0
Precinct,##pe - Central Absentee Precinct,3,9,0,12,0
Precinct,101 - Precinct 1 - District One,743,837,2,1582,0
Precinct,201 - Precinct 1 - District Two,551,773,4,1328,0
Precinct,301 - Precinct 1 - District Three,580,597,2,1179,0
Precinct,401 - Precinct 1 - District Four,190,504,1,695,0
Precinct,402 - Precinct 2 - District Four,238,337,2,577,0
Precinct,Ab - Central Absentee Precinct,198,830,0,1028,0
Precinct,Provisional,4,15,0,19,0
Locality,Galax City,1393,515,1,1909,0
Precinct,##ev - Central Absentee Precinct,355,178,0,533,0
Precinct,##pe - Central Absentee Precinct,1,2,0,3,0
Precinct,1 - East,424,132,1,557,0
Precinct,5 - West,558,136,0,694,0
Precinct,Ab - Central Absentee Precinct,54,66,0,120,0
Precinct,Provisional,1,1,0,2,0
Locality,Giles County,5665,1632,5,7302,0
Precinct,##ev - Central Absentee Precinct,1834,635,1,2470,0
Precinct,##pe - Central Absentee Precinct,1,5,0,6,0
Precinct,101 - Glen Lyn,72,13,0,85,0
Precinct,102 - Rich Creek,292,52,0,344,0
Precinct,103 - Narrows,740,122,2,864,0
Precinct,201 - Pearisburg,728,135,0,863,0
Precinct,202 - Staffordsville,209,36,0,245,0
Precinct,203 - White Gate,151,18,0,169,0
Precinct,301 - Eggleston,333,101,1,435,0
Precinct,302 - Pembroke,763,170,0,933,0
Precinct,303 - Newport,410,169,1,580,0
Precinct,Ab - Central Absentee Precinct,132,175,0,307,0
Precinct,Provisional,0,1,0,1,0
Locality,Gloucester County,12572,4712,11,17295,0
Precinct,##ev - Central Absentee Precinct,2448,1443,2,3893,0
Precinct,##pe - Central Absentee Precinct,12,10,0,22,0
Precinct,101 - Harcum,793,205,2,1000,0
Precinct,102 - Salem,681,176,0,857,0
Precinct,103 - Peasley,552,129,1,682,0
Precinct,201 - Courthouse,629,217,0,846,0
Precinct,202 - Botetourt,1002,298,2,1302,0
Precinct,301 - White Marsh,890,220,0,1110,0
Precinct,302 - Roanes,1055,276,0,1331,0
Precinct,401 - Hayes,966,332,0,1298,0
Precinct,402 - Sarahs Creek,855,308,2,1165,0
Precinct,501 - Achilles,1464,289,0,1753,0
Precinct,502 - Walker,884,225,0,1109,0
Precinct,Ab - Central Absentee Precinct,330,579,2,911,0
Precinct,Provisional,11,5,0,16,0
Locality,Goochland County,9573,4909,13,14495,0
Precinct,##ev - Central Absentee Precinct,3508,1963,1,5472,0
Precinct,##pe - Central Absentee Precinct,16,23,0,39,0
Precinct,101 - Fife,453,144,2,599,0
Precinct,102 - Hadensville,704,261,0,965,0
Precinct,201 - Three Square,173,99,0,272,0
Precinct,202 - Sandy Hook,631,324,2,957,0
Precinct,301 - Goochland Court House 1,455,172,2,629,0
Precinct,302 - Goochland Court House 2,217,66,0,283,0
Precinct,401 - Shallow Well,776,303,0,1079,0
Precinct,402 - Centerville,779,292,0,1071,0
Precinct,501 - Manakin,943,357,2,1302,0
Precinct,502 - Blair,589,294,1,884,0
Precinct,Ab - Central Absentee Precinct,324,607,3,934,0
Precinct,Provisional,5,4,0,9,0
Locality,Grayson County,5064,1118,5,6187,0
Precinct,##ev - Central Absentee Precinct,661,243,1,905,0
Precinct,##pe - Central Absentee Precinct,2,1,0,3,0
Precinct,101 - Bridle Creek,186,43,0,229,0
Precinct,102 - Flatridge,102,18,0,120,0
Precinct,103 - Grant,191,46,0,237,0
Precinct,104 - Mouth Of Wilson,111,21,0,132,0
Precinct,105 - Mount Rogers,142,23,0,165,0
Precinct,106 - Rugby,157,28,0,185,0
Precinct,107 - Troutdale,93,11,0,104,0
Precinct,108 - Comers Rock,127,30,1,158,0
Precinct,202 - Elk Creek,303,49,1,353,0
Precinct,203 - Independence,703,126,0,829,0
Precinct,301 - Baywood,487,45,0,532,0
Precinct,302 - Fairview,592,79,0,671,0
Precinct,401 - Fries,236,66,0,302,0
Precinct,402 - Providence,583,63,1,647,0
Precinct,403 - Oldtown,226,35,1,262,0
Precinct,Ab - Central Absentee Precinct,161,190,0,351,0
Precinct,Provisional,1,1,0,2,0
Locality,Greene County,5991,2801,4,8796,0
Precinct,##ev - Central Absentee Precinct,1838,1005,2,2845,0
Precinct,##pe - Central Absentee Precinct,8,21,0,29,0
Precinct,101 - Dyke,514,125,1,640,0
Precinct,102 - Swift Run,598,168,0,766,0
Precinct,201 - Ruckersville,1008,408,0,1416,0
Precinct,301 - Stanardsville,866,231,0,1097,0
Precinct,401 - Midway,998,397,1,1396,0
Precinct,Ab - Central Absentee Precinct,159,445,0,604,0
Precinct,Provisional,2,1,0,3,0
Locality,Greensville County,1695,1911,2,3608,0
Precinct,##ev - Central Absentee Precinct,372,400,0,772,0
Precinct,##pe - Central Absentee Precinct,0,1,0,1,0
Precinct,101 - Precinct 1-a,135,168,1,304,0
Precinct,102 - Precinct 1-b,95,33,1,129,0
Precinct,103 - Precinct 1-c,40,138,0,178,0
Precinct,201 - Precinct 2-a,94,198,0,292,0
Precinct,202 - Precinct 2-b,277,116,0,393,0
Precinct,302 - Precinct 3-a,226,333,0,559,0
Precinct,401 - Precinct 4-a,153,54,0,207,0
Precinct,402 - Precinct 4-b,139,186,0,325,0
Precinct,403 - Precinct 4-c,101,53,0,154,0
Precinct,AB - Central Absentee Precinct,63,231,0,294,0
Precinct,Provisional,0,0,0,0,0
Locality,Halifax County,8612,4805,7,13424,0
Precinct,##ev - Central Absentee Precinct,1893,1425,2,3320,0
Precinct,##pe - Central Absentee Precinct,6,14,0,20,0
Precinct,101 - Childrey,374,154,0,528,0
Precinct,102 - Liberty,194,63,0,257,0
Precinct,103 - Republican Grove,344,161,2,507,0
Precinct,201 - Clays Mill,283,81,1,365,0
Precinct,202 - Crossroads,276,79,0,355,0
Precinct,203 - Clover,297,184,0,481,0
Precinct,302 - Meadville,88,111,0,199,0
Precinct,304 - Vernon Hill,301,99,0,400,0
Precinct,305 - Sinai,216,229,0,445,0
Precinct,401 - Courthouse,298,184,0,482,0
Precinct,403 - Center,357,152,0,509,0
Precinct,502 - Dan River,431,184,0,615,0
Precinct,503 - Scottsburg,408,80,0,488,0
Precinct,601 - Black Walnut,348,114,0,462,0
Precinct,603 - Mt Carmel,466,236,0,702,0
Precinct,605 - Union,188,53,0,241,0
Precinct,701 - Hyco,588,145,0,733,0
Precinct,702 - Midway,471,70,0,541,0
Precinct,703 - Virgilina,319,37,0,356,0
Precinct,801 - South Boston,237,394,1,632,0
Precinct,Ab - Central Absentee Precinct,229,550,1,780,0
Precinct,Provisional,0,6,0,6,0
Locality,Hampton City,14922,29878,52,44852,0
Precinct,##ev - Central Absentee Precinct (CD 2),1107,1650,2,2759,0
Precinct,##ev - Central Absentee Precinct (CD 3),1860,7188,8,9056,0
Precinct,##pe - Central Absentee Precinct (CD 2),17,21,0,38,0
Precinct,##pe - Central Absentee Precinct (CD 3),29,132,0,161,0
Precinct,101 - Aberdeen (CD 3),165,656,0,821,0
Precinct,102 - Bassette (CD 3),86,752,1,839,0
Precinct,103 - City Hall (CD 3),109,340,0,449,0
Precinct,104 - Cooper (CD 3),218,875,3,1096,0
Precinct,105 - East Hampton (CD 3),154,301,1,456,0
Precinct,106 - Armstrong (CD 3),385,576,3,964,0
Precinct,107 - Lindsay (CD 3),190,669,0,859,0
Precinct,108 - Thomas (CD 3),155,727,0,882,0
Precinct,109 - Phenix (CD 3),133,868,1,1002,0
Precinct,110 - Phoebus (CD 2),136,182,0,318,0
Precinct,111 - Hampton Library (CD 3),190,216,0,406,0
Precinct,112 - Smith (CD 3),431,731,1,1163,0
Precinct,115 - Wythe (CD 3),359,326,0,685,0
Precinct,116 - Jones (CD 3),132,335,1,468,0
Precinct,117 - Kecoughtan (CD 3),254,550,1,805,0
Precinct,118 - Mallory (CD 3),150,885,5,1040,0
Precinct,201 - Booker (CD 2),746,530,0,1276,0
Precinct,202 - Bryan (CD 2),597,594,2,1193,0
Precinct,203 - Burbank (CD 2),391,437,0,828,0
Precinct,204 - Forrest (CD 3),357,532,1,890,0
Precinct,205 - Asbury (CD 2),1329,600,0,1929,0
Precinct,208 - Kraft (CD 3),763,809,2,1574,0
Precinct,209 - Langley (CD 2),544,479,1,1024,0
Precinct,210 - Machen (CD 3),440,958,4,1402,0
Precinct,212 - Bethel (CD 3),518,984,1,1503,0
Precinct,213 - Phillips (CD 2),966,720,3,1689,0
Precinct,214 - Tucker Capps (CD 3),567,696,2,1265,0
Precinct,215 - Tyler (CD 3),53,178,0,231,0
Precinct,215 - Tyler (CD 2),8,19,0,27,0
Precinct,216 - Sandy Bottom (CD 3),327,448,0,775,0
Precinct,217 - Syms (CD 3),335,233,2,570,0
Precinct,Ab - Central Absentee Precinct (CD 2),204,690,0,894,0
Precinct,Ab - Central Absentee Precinct (CD 3),493,2891,7,3391,0
Precinct,Provisional (CD 2),10,20,0,30,0
Precinct,Provisional (CD 3),14,80,0,94,0
Locality,Hanover County,39478,18203,62,57743,0
Precinct,##ev - Central Absentee Precinct,11184,5094,15,16293,0
Precinct,##pe - Central Absentee Precinct,69,75,1,145,0
Precinct,101 - Ashland,429,381,3,813,0
Precinct,104 - Sliding Hill,580,363,1,944,0
Precinct,105 - Berkley,381,348,3,732,0
Precinct,106 - Kersey Creek,398,167,2,567,0
Precinct,107 - Chickahominy,472,289,2,763,0
Precinct,201 - Beaverdam,1226,240,1,1467,0
Precinct,202 - Blunts,524,221,0,745,0
Precinct,203 - Wilmington Parish,802,249,0,1051,0
Precinct,206 - Courthouse,496,270,0,766,0
Precinct,208 - Oak Knoll,617,181,1,799,0
Precinct,209 - West Hanover,254,82,0,336,0
Precinct,210 - Oak Hill,246,82,1,329,0
Precinct,301 - Clay,725,261,0,986,0
Precinct,303 - Shady Grove,816,335,2,1153,0
Precinct,304 - Atlee,1600,959,6,2565,0
Precinct,305 - Cool Spring,814,357,2,1173,0
Precinct,401 - Battlefield,1010,229,1,1240,0
Precinct,403 - Cold Harbor,1181,424,0,1605,0
Precinct,404 - Black Creek,1323,224,2,1549,0
Precinct,405 - Pebble Creek,591,265,0,856,0
Precinct,406 - Beaverdam Creek,229,98,1,328,0
Precinct,502 - Rural Point,853,342,2,1197,0
Precinct,503 - Newman,640,306,1,947,0
Precinct,504 - Studley,784,148,1,933,0
Precinct,505 - Totopotomoy,573,106,1,680,0
Precinct,506 - Georgetown,621,228,1,850,0
Precinct,507 - Laurel Meadow,790,286,0,1076,0
Precinct,601 - Village,1229,513,3,1745,0
Precinct,602 - Lee Davis,1004,361,1,1366,0
Precinct,603 - Mechanicsville,594,298,1,893,0
Precinct,604 - Hanover Grove,594,220,1,815,0
Precinct,701 - Farrington,863,242,0,1105,0
Precinct,702 - Montpelier,808,334,0,1142,0
Precinct,703 - Rockville,991,321,1,1313,0
Precinct,704 - Elmont,909,416,0,1325,0
Precinct,705 - South Anna,581,171,0,752,0
Precinct,Ab Central Absentee Precinct,1643,2680,5,4328,0
Precinct,Provisional,34,37,0,71,0
Locality,Harrisonburg City,4443,6795,14,11252,0
Precinct,##ev - Central Absentee Precinct,1501,2597,4,4102,0
Precinct,##pe - Central Absentee Precinct,11,52,0,63,0
Precinct,101 - Northeast,410,586,1,997,0
Precinct,102 - East Central,184,299,2,485,0
Precinct,103 - Southeast,415,564,0,979,0
Precinct,104 - East,414,435,2,851,0
Precinct,105 - South East Central,68,206,0,274,0
Precinct,201 - Northwest,450,504,2,956,0
Precinct,202 - Southwest,436,564,1,1001,0
Precinct,203 - West,429,498,1,928,0
Precinct,Ab - Central Absentee Precinct,122,477,1,600,0
Precinct,Provisional,3,13,0,16,0
Locality,Henrico County,55822,82161,159,138142,0
Precinct,##ev - Central Absentee Precinct (CD 4),1926,7617,7,9550,0
Precinct,##ev - Central Absentee Precinct (CD 7),9670,13109,15,22794,0
Precinct,##pe - Central Absentee Precinct (CD 4),53,359,1,413,0
Precinct,##pe - Central Absentee Precinct (CD 7),569,1382,4,1955,0
Precinct,101 - Coalpit (CD 7),969,737,1,1707,0
Precinct,102 - Dumbarton (CD 7),334,666,1,1001,0
Precinct,103 - Glen Allen (CD 7),1125,676,3,1804,0
Precinct,105 - Greendale (CD 7),563,720,3,1286,0
Precinct,106 - Hermitage (CD 7),621,647,3,1271,0
Precinct,108 - Hungary Creek (CD 7),781,680,3,1464,0
Precinct,109 - Hunton (CD 7),354,188,0,542,0
Precinct,110 - Johnson (CD 7),532,879,2,1413,0
Precinct,111 - Lakeside (CD 7),780,895,5,1680,0
Precinct,112 - Longan (CD 7),623,527,0,1150,0
Precinct,113 - Maude Trevvett (CD 7),297,270,0,567,0
Precinct,114 - Monument Hills (CD 7),306,311,0,617,0
Precinct,115 - Staples Mill (CD 7),828,643,0,1471,0
Precinct,117 - Westwood (CD 7),397,506,0,903,0
Precinct,201 - Adams (CD 4),70,650,2,722,0
Precinct,202 - Azalea (CD 7),124,929,5,1058,0
Precinct,203 - Belmont (CD 7),397,784,0,1181,0
Precinct,204 - Brookland (CD 7),165,191,1,357,0
Precinct,205 - Canterbury (CD 7),205,233,1,439,0
Precinct,206 - Central Gardens (CD 4),52,795,0,847,0
Precinct,207 - Chamberlayne (CD 7),319,794,2,1115,0
Precinct,208 - Fairfield (CD 4),60,609,5,674,0
Precinct,209 - Glen Lea (CD 4),126,561,0,687,0
Precinct,210 - Greenwood (CD 7),158,447,0,605,0
Precinct,211 - Highland Gardens (CD 4),23,322,1,346,0
Precinct,212 - Hollybrook (CD 7),126,270,0,396,0
Precinct,213 - Hungary (CD 7),186,455,2,643,0
Precinct,214 - Longdale (CD 7),293,510,1,804,0
Precinct,215 - Maplewood (CD 4),75,1004,2,1081,0
Precinct,216 - Moody (CD 7),234,255,0,489,0
Precinct,217 - Mountain (CD 7),168,208,1,377,0
Precinct,218 - Oakview (CD 7),32,27,0,59,0
Precinct,219 - Randolph (CD 7),35,131,0,166,0
Precinct,220 - Ratcliffe (CD 4),94,1083,3,1180,0
Precinct,221 - Stratford Hall (CD 7),74,103,0,177,0
Precinct,222 - Wilder (CD 7),176,660,1,837,0
Precinct,223 - Yellow Tavern (CD 7),579,742,1,1322,0
Precinct,224 - Essex Village (CD 4),7,205,2,214,0
Precinct,301 - Causeway (CD 7),576,563,0,1139,0
Precinct,302 - Cedarfield (CD 7),727,464,2,1193,0
Precinct,303 - Innsbrook (CD 7),675,684,0,1359,0
Precinct,304 - Jackson Davis (CD 7),438,362,1,801,0
Precinct,305 - Nuckols Farm (CD 7),982,750,5,1737,0
Precinct,306 - Pocahontas (CD 7),571,668,1,1240,0
Precinct,307 - Ridge (CD 7),385,381,0,766,0
Precinct,308 - Rivers Edge (CD 7),877,740,2,1619,0
Precinct,309 - Sadler (CD 7),770,761,3,1534,0
Precinct,310 - Shady Grove (CD 7),1038,747,1,1786,0
Precinct,311 - Short Pump (CD 7),497,431,0,928,0
Precinct,312 - Springfield (CD 7),405,449,1,855,0
Precinct,313 - Stoney Run (CD 7),978,806,3,1787,0
Precinct,314 - Three Chopt (CD 7),675,625,0,1300,0
Precinct,315 - Tucker (CD 7),390,764,1,1155,0
Precinct,316 - Colonial Trail (CD 7),456,544,0,1000,0
Precinct,401 - Quioccasin (CD 7),606,717,3,1326,0
Precinct,402 - Crestview (CD 7),496,682,0,1178,0
Precinct,403 - Derbyshire (CD 7),644,497,2,1143,0
Precinct,404 - Freeman (CD 7),486,449,0,935,0
Precinct,405 - Gayton (CD 7),842,599,2,1443,0
Precinct,406 - Godwin (CD 7),573,574,2,1149,0
Precinct,407 - Lakewood (CD 7),535,365,1,901,0
Precinct,408 - Lauderdale (CD 7),560,552,2,1114,0
Precinct,409 - Maybeury (CD 7),674,550,1,1225,0
Precinct,410 - Mooreland (CD 7),596,314,1,911,0
Precinct,411 - Pemberton (CD 7),476,510,1,987,0
Precinct,412 - Pinchbeck (CD 7),652,667,0,1319,0
Precinct,413 - Ridgefield (CD 7),885,711,0,1596,0
Precinct,414 - Rollingwood (CD 7),569,567,2,1138,0
Precinct,415 - Skipwith (CD 7),310,362,0,672,0
Precinct,416 - Spottswood (CD 7),332,337,2,671,0
Precinct,417 - Tuckahoe (CD 7),1015,534,2,1551,0
Precinct,418 - Welborne (CD 7),452,485,1,938,0
Precinct,419 - West End (CD 7),724,594,3,1321,0
Precinct,501 - Antioch (CD 4),862,262,1,1125,0
Precinct,502 - Cedar Fork (CD 4),93,403,3,499,0
Precinct,503 - Chickahominy (CD 4),585,424,1,1010,0
Precinct,504 - Donahoe (CD 4),274,420,3,697,0
Precinct,505 - Dorey (CD 4),582,680,0,1262,0
Precinct,506 - Eanes (CD 4),317,717,3,1037,0
Precinct,507 - Elko (CD 4),355,63,0,418,0
Precinct,508 - Highland Springs (CD 4),151,523,3,677,0
Precinct,509 - Laburnum (CD 4),166,429,1,596,0
Precinct,510 - Mehfoud (CD 4),303,586,0,889,0
Precinct,511 - Montrose (CD 4),177,1005,1,1183,0
Precinct,512 - Nine Mile (CD 4),196,310,0,506,0
Precinct,513 - Pleasants (CD 4),143,907,1,1051,0
Precinct,514 - Rolfe (CD 4),142,1094,1,1237,0
Precinct,515 - Sandston (CD 4),688,314,1,1003,0
Precinct,516 - Sullivans (CD 4),316,827,2,1145,0
Precinct,517 - Town Hall (CD 4),312,177,1,490,0
Precinct,518 - Whitlocks (CD 4),740,407,1,1148,0
Precinct,AB - Central Absentee Precinct (CD 4),381,2418,6,2805,0
Precinct,Ab - Central Absentee Precinct (CD 7),2569,7352,7,9928,0
Precinct,Provisional (CD 4),15,75,0,90,0
Precinct,Provisional (CD 7),82,183,0,265,0
Locality,Henry County,12694,5655,15,18364,0
Precinct,##ev - Central Absentee Precinct (CD 5),719,609,2,1330,0
Precinct,##ev - Central Absentee Precinct (CD 9),1851,984,1,2836,0
Precinct,##pe - Central Absentee Precinct (CD 5),3,11,0,14,0
Precinct,##pe - Central Absentee Precinct (CD 9),16,27,0,43,0
Precinct,101 - Bassett Number Two (CD 9),171,114,0,285,0
Precinct,102 - Gunville (CD 9),557,85,1,643,0
Precinct,103 - Scott's Tanyard (CD 9),911,152,2,1065,0
Precinct,201 - Fieldale (CD 9),234,83,0,317,0
Precinct,202 - Horsepasture #1 (CD 9),554,193,0,747,0
Precinct,203 - Horsepasture #2 (CD 9),140,244,2,386,0
Precinct,204 - Spencer (CD 9),628,156,0,784,0
Precinct,302 - Axton (CD 5),279,159,0,438,0
Precinct,303 - Irisburg (CD 5),470,206,1,677,0
Precinct,304 - Mount Olivet (CD 5),393,290,0,683,0
Precinct,304 - Mount Olivet (CD 9),0,0,0,0,0
Precinct,305 - Mountain Valley (CD 5),291,129,0,420,0
Precinct,401 - Collinsville Number 1 (CD 9),298,90,1,389,0
Precinct,402 - Daniels Creek (CD 9),288,114,0,402,0
Precinct,404 - Collinsville Number 2 (CD 9),518,180,1,699,0
Precinct,405 - Mountain View (CD 5),277,145,1,423,0
Precinct,501 - Bassett Number One (CD 9),252,113,1,366,0
Precinct,502 - Figsboro (CD 9),426,85,0,511,0
Precinct,503 - Stanleytown (CD 9),696,105,1,802,0
Precinct,504 - Oak Level (CD 9),245,63,0,308,0
Precinct,505 - Dyers Store (CD 5),40,8,0,48,0
Precinct,505 - Dyers Store (CD 9),213,67,0,280,0
Precinct,601 - Fontaine (CD 9),476,167,1,644,0
Precinct,602 - Hillcrest (CD 9),193,85,0,278,0
Precinct,603 - Ridgeway #1 (CD 5),657,161,0,818,0
Precinct,604 - Ridgeway #2 (CD 9),502,126,0,628,0
Precinct,Ab - Central Absentee Precinct (CD 5),69,225,0,294,0
Precinct,Ab - Central Absentee Precinct (CD 9),319,461,0,780,0
Precinct,Provisional (CD 5),3,4,0,7,0
Precinct,Provisional (CD 9),5,14,0,19,0
Locality,Highland County,953,339,0,1292,0
Precinct,##ev - Central Absentee Precinct,142,91,0,233,0
Precinct,##pe - Central Absentee Precinct,1,1,0,2,0
Precinct,1 - Monterey,233,67,0,300,0
Precinct,3 - Wilsons Mill,69,16,0,85,0
Precinct,5 - Blue Grass,126,44,0,170,0
Precinct,7 - Mill Gap,87,30,0,117,0
Precinct,8 - Mcdowell,206,45,0,251,0
Precinct,10 - Headwaters,68,11,0,79,0
Precinct,AB - Central Absentee Precinct,21,34,0,55,0
Precinct,Provisional,0,0,0,0,0
Locality,Hopewell City,3095,3130,12,6237,0
Precinct,##ev - Central Absentee Precinct,927,1031,1,1959,0
Precinct,##pe - Central Absentee Precinct,0,0,0,0,0
Precinct,101 - Ward One,266,174,2,442,0
Precinct,201 - Ward Two,82,262,0,344,0
Precinct,301 - Ward Three,532,205,0,737,0
Precinct,401 - Ward Four,451,376,7,834,0
Precinct,501 - Ward Five,383,211,0,594,0
Precinct,601 - Ward Six,101,313,1,415,0
Precinct,701 - Ward Seven,228,228,1,457,0
Precinct,Ab - Central Absentee Precinct,115,320,0,435,0
Precinct,Provisional,10,10,0,20,0
Locality,Isle of Wight County,12010,6532,21,18563,0
Precinct,##ev - Central Absentee Precinct,2676,1763,3,4442,0
Precinct,##pe - Central Absentee Precinct,27,29,0,56,0
Precinct,101 - Smithfield,1108,427,1,1536,0
Precinct,102 - Cypress Creek,861,376,5,1242,0
Precinct,201 - Bartlett,1230,517,4,1751,0
Precinct,202 - Carrollton,970,521,3,1494,0
Precinct,301 - Rushmere,601,407,1,1009,0
Precinct,302 - Pons,433,450,0,883,0
Precinct,401 - Courthouse,389,79,1,469,0
Precinct,402 - Windsor,683,199,0,882,0
Precinct,403 - Longview,665,368,1,1034,0
Precinct,501 - Walters,550,100,0,650,0
Precinct,502 - Camps Mill,156,108,0,264,0
Precinct,503 - Carrsville,335,122,0,457,0
Precinct,504 - Zuni,576,120,1,697,0
Precinct,505 - Raynor,331,56,0,387,0
Precinct,Ab - Central Absentee Precinct,414,871,0,1285,0
Precinct,Provisional,5,19,1,25,0
Locality,James City County,21231,18675,31,39937,0
Precinct,##ev - Central Absentee Precinct (CD 1),7547,7195,9,14751,0
Precinct,##ev - Central Absentee Precinct (CD 2),1446,1736,1,3183,0
Precinct,##pe - Central Absentee Precinct (CD 1),14,58,1,73,0
Precinct,##pe - Central Absentee Precinct (CD 2),11,12,0,23,0
Precinct,101 - Berkeley A (CD 1),750,451,2,1203,0
Precinct,102 - Berkeley B (CD 1),554,353,1,908,0
Precinct,103 - Berkeley C (CD 1),877,444,1,1322,0
Precinct,104- Berkeley D (CD 2),260,219,0,479,0
Precinct,201 - Jamestown A (CD 2),215,171,0,386,0
Precinct,202 - Jamestown B (CD 1),431,468,0,899,0
Precinct,202 - Jamestown B (CD 2),0,0,0,0,0
Precinct,203 - Jamestown C (CD 1),499,323,0,822,0
Precinct,204 - Jamestown D (CD 1),534,276,0,810,0
Precinct,301 - Powhatan A (CD 1),623,299,1,923,0
Precinct,302 - Powhatan B (CD 1),237,204,1,442,0
Precinct,303 - Powhatan C (CD 1),532,153,0,685,0
Precinct,304 - Powhatan D (CD 1),509,479,2,990,0
Precinct,401 - Stonehouse A (CD 1),1125,615,2,1742,0
Precinct,402 - Stonehouse B (CD 1),1018,608,1,1627,0
Precinct,403 - Stonehouse C (CD 1),1032,435,2,1469,0
Precinct,501 - Roberts A (CD 2),237,400,1,638,0
Precinct,502 - Roberts B (CD 2),917,354,0,1271,0
Precinct,503 - Roberts C (CD 2),96,156,1,253,0
Precinct,504 - Roberts D (CD 1),0,0,0,0,0
Precinct,504 - Roberts D (CD 2),705,523,1,1229,0
Precinct,AB - Central Absentee Precinct (CD 2),224,589,0,813,0
Precinct,Ab - Central Absentee Precinct (CD 1),810,2111,4,2925,0
Precinct,Provisional (CD 1),17,29,0,46,0
Precinct,Provisional (CD 2),11,14,0,25,0
Locality,King and Queen County,2089,1145,5,3239,0
Precinct,##ev - Central Absentee Precinct,351,224,1,576,0
Precinct,##pe - Central Absentee Precinct,4,7,0,11,0
Precinct,101 - Owenton,274,235,0,509,0
Precinct,201 - Clarks,388,133,0,521,0
Precinct,301 - Shacklefords,328,171,3,502,0
Precinct,401 - Courthouse,306,161,1,468,0
Precinct,501 - Oldmill,366,81,0,447,0
Precinct,Ab - Central Absentee Precinct,71,131,0,202,0
Precinct,Provisional,1,2,0,3,0
Locality,King George County,7286,3362,10,10658,0
Precinct,##ev - Central Absentee Precinct,2576,1366,3,3945,0
Precinct,##pe - Central Absentee Precinct,7,3,0,10,0
Precinct,101 - Courthouse,920,287,2,1209,0
Precinct,102 - Passapatanzy,539,196,0,735,0
Precinct,201 - Monroe,1095,275,2,1372,0
Precinct,301 - Dahlgren,886,418,2,1306,0
Precinct,401 - Shiloh,1056,345,0,1401,0
Precinct,Ab - Central Absentee Precinct,201,465,1,667,0
Precinct,Provisional,6,7,0,13,0
Locality,King William County,6240,2291,3,8534,0
Precinct,##ev - Central Absentee Precinct,1135,619,1,1755,0
Precinct,##pe - Central Absentee Precinct,4,3,0,7,0
Precinct,101 - West Point,861,371,0,1232,0
Precinct,201 - Sweet Hall,409,94,0,503,0
Precinct,202 - Courthouse,517,182,1,700,0
Precinct,301 - Aylett,1062,216,0,1278,0
Precinct,401 - Manquin,1113,281,1,1395,0
Precinct,501 - Mangohick,1003,304,0,1307,0
Precinct,Ab - Central Absentee Precinct,135,221,0,356,0
Precinct,Provisional,1,0,0,1,0
Locality,Lancaster County,3441,2399,7,5847,0
Precinct,##ev - Central Absentee Precinct,1002,868,5,1875,0
Precinct,##pe - Central Absentee Precinct,0,1,0,1,0
Precinct,101 - Precinct 1-1,477,172,1,650,0
Precinct,201 - Precinct 2-1,278,248,1,527,0
Precinct,301 - Precinct 3-1,434,183,0,617,0
Precinct,302 - Precinct 3-2,224,78,0,302,0
Precinct,401 - Precinct 4-1,272,326,0,598,0
Precinct,501 - Precinct 5-1,624,272,0,896,0
Precinct,Ab - Central Absentee Precinct,128,249,0,377,0
Precinct,Provisional,2,2,0,4,0
Locality,Lee County,6305,891,8,7204,0
Precinct,##ev - Central Absentee Precinct,769,170,2,941,0
Precinct,##pe - Central Absentee Precinct,3,1,0,4,0
Precinct,101 - Elydale,268,40,0,308,0
Precinct,102 - Ewing,262,34,0,296,0
Precinct,103 - Rose Hill,519,51,1,571,0
Precinct,201 - Blackwater,108,12,0,120,0
Precinct,202 - Flatwoods,416,44,0,460,0
Precinct,203 - Jonesville,598,64,0,662,0
Precinct,301 - Ben Hur,634,73,0,707,0
Precinct,302 - Woodway,463,37,1,501,0
Precinct,401 - Stickleyville,276,38,0,314,0
Precinct,402 - Jasper,216,22,0,238,0
Precinct,403 - Seminary,300,26,1,327,0
Precinct,404 - Dryden,481,57,1,539,0
Precinct,501 - Saint Charles,168,41,0,209,0
Precinct,502 - Pennington,496,51,1,548,0
Precinct,503 - Robbins Chapel,75,7,0,82,0
Precinct,504 - Keokee,101,18,0,119,0
Precinct,Ab - Central Absentee Precinct,152,105,1,258,0
Precinct,Provisional,0,0,0,0,0
Locality,Lexington City,755,1305,3,2063,0
Precinct,##ev - Central Absentee Precinct,265,606,0,871,0
Precinct,##pe - Central Absentee Precinct,1,5,0,6,0
Precinct,1 - Lexington,459,510,3,972,0
Precinct,Ab - Central Absentee Precinct,29,176,0,205,0
Precinct,Provisional,1,8,0,9,0
Locality,Loudoun County,71272,89636,196,161104,0
Precinct,##ev - Central Absentee Precinct,17162,23132,40,40334,0
Precinct,##pe - Central Absentee Precinct,587,1676,5,2268,0
Precinct,107 - Little River,525,575,1,1101,0
Precinct,108 - Mercer,472,555,1,1028,0
Precinct,112 - Freedom,343,437,1,781,0
Precinct,114 - Dulles South,398,460,1,859,0
Precinct,117 - Carter,172,299,0,471,0
Precinct,118 - Moorefield,472,688,0,1160,0
Precinct,119 - Arcola,357,586,0,943,0
Precinct,120 - Lunsford,511,632,2,1145,0
Precinct,121 - Town Hall,344,405,0,749,0
Precinct,122 - Hutchison Farm,529,570,1,1100,0
Precinct,123 - Cardinal Ridge,331,379,3,713,0
Precinct,124 - Liberty,324,456,0,780,0
Precinct,125 - Rock Ridge,400,532,1,933,0
Precinct,126-Goshen Post,491,569,4,1064,0
Precinct,207 - River Bend,390,401,1,792,0
Precinct,208 - Algonkian,401,478,2,881,0
Precinct,209 - Potomac Falls,467,628,1,1096,0
Precinct,210 - Cascades,542,704,0,1246,0
Precinct,213 - Countryside,182,251,1,434,0
Precinct,214 - Sugarland North,576,684,2,1262,0
Precinct,215 - Sugarland South,523,661,0,1184,0
Precinct,216 - Lowes Island,567,591,3,1161,0
Precinct,217 - South Bank,557,621,1,1179,0
Precinct,218 - University Center,349,516,0,865,0
Precinct,219 - Galilee Church,437,537,1,975,0
Precinct,301 - Purcellville,770,522,0,1292,0
Precinct,302 - Round Hill,942,482,1,1425,0
Precinct,303 - Hillsboro,792,399,0,1191,0
Precinct,305 - Philomont,412,267,0,679,0
Precinct,307 - Middleburg,329,348,1,678,0
Precinct,308 - St Louis,343,321,1,665,0
Precinct,309 - Aldie,277,225,0,502,0
Precinct,310 - Mountain View,938,576,0,1514,0
Precinct,311 - Round Hill Elementary,984,545,3,1532,0
Precinct,312 - Briar Woods,490,746,2,1238,0
Precinct,313 - Pinebrook,692,697,2,1391,0
Precinct,314 - Legacy,518,691,1,1210,0
Precinct,315 - Firehouse,319,168,0,487,0
Precinct,316 - Creighton's Corner,609,820,1,1430,0
Precinct,318 - Madison's Trust,843,586,1,1430,0
Precinct,319 - John Champe,904,974,1,1879,0
Precinct,320 - Stone Hill,618,1105,1,1724,0
Precinct,321 - Brambleton Middle,324,460,0,784,0
Precinct,322-Buffalo Trail,380,512,0,892,0
Precinct,401 - West Lovettsville,1196,634,2,1832,0
Precinct,402 - Waterford,894,546,0,1440,0
Precinct,403 - Lucketts,889,598,1,1488,0
Precinct,407 - Harper Park,352,408,1,761,0
Precinct,408 - Evergreen,730,598,0,1328,0
Precinct,409 - Clarkes Gap,804,446,4,1254,0
Precinct,411 - East Lovettsville,767,371,3,1141,0
Precinct,413 - Tuscarora,33,35,0,68,0
Precinct,414 - Red Rock,327,427,3,757,0
Precinct,416 - Hamilton,1030,627,3,1660,0
Precinct,420 - River Creek,568,321,2,891,0
Precinct,421 - Between The Hills,137,71,0,208,0
Precinct,422 - Sycolin Creek,574,319,0,893,0
Precinct,501 - West Leesburg,490,499,1,990,0
Precinct,502 - East Leesburg,401,622,4,1027,0
Precinct,503 - Dry Mill,321,298,1,620,0
Precinct,504 - Smarts Mill,531,614,4,1149,0
Precinct,505 - Cool Spring,641,571,0,1212,0
Precinct,506 - Brandon Park,279,333,4,616,0
Precinct,507 - Greenway,290,223,3,516,0
Precinct,508 - Balls Bluff,606,679,2,1287,0
Precinct,509 - Tolbert,584,843,1,1428,0
Precinct,510 - Heritage,358,302,1,661,0
Precinct,615 - Hillside,528,639,1,1168,0
Precinct,616 - Eagle Ridge,539,671,2,1212,0
Precinct,617 - Oak Grove,148,321,0,469,0
Precinct,619 - Ridgetop,162,334,1,497,0
Precinct,620 - Russell Branch,606,736,1,1343,0
Precinct,621 - Dominion Trail,640,792,3,1435,0
Precinct,622 - Farmwell Station,580,848,3,1431,0
Precinct,623 - Weller,686,883,1,1570,0
Precinct,625 - Mill Run,268,279,1,548,0
Precinct,626 - Ashby Ponds,440,651,0,1091,0
Precinct,627 - Ashbrook,145,255,1,401,0
Precinct,628 - Moorefield Station,575,802,0,1377,0
Precinct,629 - Discovery,138,178,0,316,0
Precinct,701 - Sully,404,488,5,897,0
Precinct,702 - Park View,379,447,3,829,0
Precinct,703 - Rolling Ridge,340,673,2,1015,0
Precinct,705 - Forest Grove,497,662,1,1160,0
Precinct,707 - Claude Moore Park,306,493,2,801,0
Precinct,708 - Seneca,454,498,1,953,0
Precinct,709 - Mirror Ridge,410,561,2,973,0
Precinct,710 - Sterling,325,376,2,703,0
Precinct,808 - Stone Bridge,683,776,3,1462,0
Precinct,810 - Cedar Lane,510,625,2,1137,0
Precinct,813 - Seldens Landing,383,525,2,910,0
Precinct,814 - Newton - Lee,729,598,2,1329,0
Precinct,815 - Belmont Ridge,502,624,2,1128,0
Precinct,817 - Sanders Corner,720,727,2,1449,0
Precinct,818 - Broad Run,461,500,2,963,0
Precinct,819 - Heritage Church,432,464,0,896,0
Precinct,820 - Belmont Station,464,564,2,1030,0
Precinct,822 - Riverside,373,459,1,833,0
Precinct,Ab - Central Absentee Precinct,4644,13105,18,17767,0
Precinct,Provisional,106,230,1,337,0
Locality,Louisa County,11598,5932,20,17550,0
Precinct,##ev - Central Absentee Precinct,2294,1732,3,4029,0
Precinct,##pe - Central Absentee Precinct,21,32,1,54,0
Precinct,101 - Zion,940,507,2,1449,0
Precinct,102 - Mechanicsville,516,206,1,723,0
Precinct,201 - Louisa #1,534,222,0,756,0
Precinct,202 - Louisa #2,554,171,2,727,0
Precinct,301 - Patrick Henry No 1,731,504,0,1235,0
Precinct,302 - Patrick Henry #2,254,115,1,370,0
Precinct,401 - Mineral,1001,298,0,1299,0
Precinct,402 - Yanceyville,263,109,0,372,0
Precinct,501 - Fredericks Hall,245,147,1,393,0
Precinct,502 - Cuckoo,508,157,1,666,0
Precinct,503 - Elk Creek,492,129,1,622,0
Precinct,601 - Bumpass,700,148,2,850,0
Precinct,602 - Locust Creek,818,203,0,1021,0
Precinct,701 - Sheltons Mill,870,209,1,1080,0
Precinct,702 - South Anna,505,184,0,689,0
Precinct,Ab - Central Absentee Precinct,345,853,4,1202,0
Precinct,Provisional,7,6,0,13,0
Locality,Lunenburg County,2984,1584,7,4575,0
Precinct,##ev - Central Absentee Precinct,651,484,3,1138,0
Precinct,##pe - Central Absentee Precinct,2,1,0,3,0
Precinct,101 - Plymouth,271,46,1,318,0
Precinct,201 - Browns Store,275,91,1,367,0
Precinct,301 - Rosebud,253,51,0,304,0
Precinct,302 - Flat Rock,244,84,1,329,0
Precinct,401 - Arrowhead Gun Club,172,31,0,203,0
Precinct,402 - Pleasant Grove,285,71,0,356,0
Precinct,501 - Reedy Creek,109,63,0,172,0
Precinct,502 - Peoples Community Center,109,101,0,210,0
Precinct,601 - Hounds Creek,208,197,0,405,0
Precinct,701 - Meherrin Fire Department,142,73,1,216,0
Precinct,702 - Victoria Public Library,190,64,0,254,0
Precinct,Ab - Central Absentee Precinct,73,226,0,299,0
Precinct,Provisional,0,1,0,1,0
Locality,Lynchburg City,13658,11053,29,24740,0
Precinct,##ev - Central Absentee Precinct,2120,2950,3,5073,0
Precinct,##pe - Central Absentee Precinct,31,66,0,97,0
Precinct,101 - First Ward First Precinct,951,531,1,1483,0
Precinct,102 - First Ward Second Precinct,1186,491,2,1679,0
Precinct,103 - First Ward Third Precinct,739,374,0,1113,0
Precinct,104 - First Ward Fourth Precinct,213,212,1,426,0
Precinct,105 - First Ward Fifth Precinct,422,325,0,747,0
Precinct,201 - Second Ward First Precinct,369,647,1,1017,0
Precinct,202 - Second Ward Second Precinct,306,517,1,824,0
Precinct,203 - Second Ward Third Precinct,126,197,1,324,0
Precinct,204 - Second Ward Fourth Precinct,208,148,0,356,0
Precinct,301 - Third Ward First Precinct,298,251,1,550,0
Precinct,302 - Third Ward Second Precinct,513,14,0,527,0
Precinct,303 - Third Ward Third Precinct,435,196,1,632,0
Precinct,304 - Third Ward Fourth Precinct,456,207,0,663,0
Precinct,305 - Third Ward Fifth Precinct,1055,323,2,1380,0
Precinct,401 - Fourth Ward First Precinct,1386,378,0,1764,0
Precinct,402 - Fourth Ward Second Precinct,454,235,1,690,0
Precinct,403 - Fourth Ward Third Precinct,823,415,1,1239,0
Precinct,404 - Fourth Ward Fourth Precinct,811,479,0,1290,0
Precinct,Ab - Central Absentee Precinct,741,2068,13,2822,0
Precinct,Provisional,15,29,0,44,0
Locality,Madison County,4686,1990,3,6679,0
Precinct,##ev - Central Absentee Precinct,1056,648,1,1705,0
Precinct,##pe - Central Absentee Precinct,6,9,0,15,0
Precinct,1 - Oak Park,372,177,1,550,0
Precinct,2 - Radiant,579,237,0,816,0
Precinct,3 - Rochelle,340,97,0,437,0
Precinct,4 - Graves Mill,41,15,0,56,0
Precinct,5 - Madison,579,194,0,773,0
Precinct,6 - Wolftown,381,131,0,512,0
Precinct,7 - Brightwood,734,151,0,885,0
Precinct,8 - Criglersville,316,84,1,401,0
Precinct,9 - Etlan,198,73,0,271,0
Precinct,Ab - Central Absentee Precinct,83,172,0,255,0
Precinct,Provisional,1,2,0,3,0
Locality,Manassas City,4990,6238,23,11251,0
Precinct,##ev - Central Absentee Precinct,1586,2141,7,3734,0
Precinct,##pe - Central Absentee Precinct,15,29,0,44,0
Precinct,1 - Dean,361,549,3,913,0
Precinct,2 - Weems,546,580,0,1126,0
Precinct,3 - Metz,634,574,1,1209,0
Precinct,4 - Haydon,570,537,5,1112,0
Precinct,5 - Baldwin,475,472,2,949,0
Precinct,6 - Round,552,422,2,976,0
Precinct,Ab - Central Absentee Precinct,250,921,2,1173,0
Precinct,Provisional,1,13,1,15,0
Locality,Manassas Park City,1368,2209,4,3581,0
Precinct,##ev - Central Absentee Precinct,356,601,0,957,0
Precinct,##pe - Central Absentee Precinct,4,5,0,9,0
Precinct,1 - Precinct One,324,540,0,864,0
Precinct,2 - Precinct Two,296,296,3,595,0
Precinct,3 - Precinct Three,289,425,0,714,0
Precinct,Ab - Central Absentee Precinct,94,341,1,436,0
Precinct,Provisional,5,1,0,6,0
Locality,Martinsville City,1662,2244,4,3910,0
Precinct,##ev - Central Absentee Precinct,360,430,1,791,0
Precinct,##pe - Central Absentee Precinct,1,9,0,10,0
Precinct,1 - Precinct #1,14,239,0,253,0
Precinct,2 - Precinct #2,290,279,1,570,0
Precinct,3 - Precinct #3,125,167,1,293,0
Precinct,4 - Precinct #4,223,352,0,575,0
Precinct,5 - Precinct #5,570,314,1,885,0
Precinct,6 - Precinct #6,6,137,0,143,0
Precinct,Ab - Central Absentee Precinct,72,309,0,381,0
Precinct,Provisional,1,8,0,9,0
Locality,Mathews County,3504,1348,6,4858,0
Precinct,##ev - Central Absentee Precinct,1508,742,2,2252,0
Precinct,##pe - Central Absentee Precinct,1,4,0,5,0
Precinct,1 - Chesapeake,455,114,0,569,0
Precinct,2 - Westville,687,187,0,874,0
Precinct,3 - Piankatank,746,186,1,933,0
Precinct,Ab - Central Absentee Precinct,104,115,3,222,0
Precinct,Provisional,3,0,0,3,0
Locality,Mecklenburg County,7902,4064,10,11976,0
Precinct,##ev - Central Absentee Precinct,1768,870,4,2642,0
Precinct,##pe - Central Absentee Precinct,4,17,0,21,0
Precinct,101 - Wrights Store,220,152,0,372,0
Precinct,102 - Pearsons Store,123,27,0,150,0
Precinct,103 - South Clarksville,306,204,0,510,0
Precinct,201 - Boydton,159,104,0,263,0
Precinct,202 - Bluestone Senior High School,52,64,0,116,0
Precinct,203 - Chase City Vfw Post,48,137,0,185,0
Precinct,301 - Bracey,582,140,0,722,0
Precinct,302 - Lacrosse,302,131,1,434,0
Precinct,401 - American Legion Hall,306,413,0,719,0
Precinct,402 - Park View Middle School,70,75,0,145,0
Precinct,501 - South Hill,576,291,0,867,0
Precinct,601 - Baskerville,274,88,2,364,0
Precinct,602 - Union Level,221,27,0,248,0
Precinct,603 - Smith Crossroads,144,53,0,197,0
Precinct,604 - Lake Gaston,193,60,0,253,0
Precinct,701 - Chase City,284,138,1,423,0
Precinct,702 - Sunshine,278,108,0,386,0
Precinct,801 - Finchley,109,42,0,151,0
Precinct,802 - Bluestone,333,72,0,405,0
Precinct,803 - Chase City Elementary School,250,87,0,337,0
Precinct,901 - Averett,143,13,0,156,0
Precinct,902 - Buffalo Springs,225,55,0,280,0
Precinct,903 - Clarksville,658,195,0,853,0
Precinct,Ab - Central Absentee Precinct,271,493,2,766,0
Precinct,Provisional,3,8,0,11,0
Locality,Middlesex County,3698,1882,2,5582,0
Precinct,##ev - Central Absentee Precinct,877,611,0,1488,0
Precinct,##pe - Central Absentee Precinct,1,5,0,6,0
Precinct,101 - Saluda,154,63,1,218,0
Precinct,102 - Urbanna,340,144,0,484,0
Precinct,201 - New Market,736,215,1,952,0
Precinct,302 - Church View,445,239,0,684,0
Precinct,401- Harmony Village,419,199,0,618,0
Precinct,501 - Wilton,636,200,0,836,0
Precinct,Ab - Central Absentee Precinct,88,204,0,292,0
Precinct,Provisional,2,2,0,4,0
Locality,Montgomery County,16867,15613,44,32524,0
Precinct,##ev - Central Absentee Precinct,3751,4834,10,8595,0
Precinct,##pe - Central Absentee Precinct,20,87,2,109,0
Precinct,101 - Precinct A-1,628,544,3,1175,0
Precinct,102 - Precinct A-2,203,485,2,690,0
Precinct,103 - Precinct A-3,458,729,2,1189,0
Precinct,201 - Precinct B-1,105,63,0,168,0
Precinct,202 - Precinct B-2,748,445,3,1196,0
Precinct,203 - Precinct B-3,609,362,0,971,0
Precinct,204 - Precinct B-4,918,650,1,1569,0
Precinct,301 - Precinct C-1,957,221,0,1178,0
Precinct,302 - Precinct C-2,724,299,1,1024,0
Precinct,303 - Precinct C-3,396,117,0,513,0
Precinct,304 - Precinct C-4,746,315,2,1063,0
Precinct,401 - Precinct D-1,479,193,0,672,0
Precinct,402 - Precinct D-2,979,201,0,1180,0
Precinct,403 - Precinct D-3,786,170,1,957,0
Precinct,404 - Precinct D-4,495,102,1,598,0
Precinct,405 - Precinct D-5,739,350,1,1090,0
Precinct,501 - Precinct E-1,591,400,3,994,0
Precinct,502 - Precinct E-2,606,271,1,878,0
Precinct,503 - Precinct E-3,59,192,0,251,0
Precinct,601 - Precinct F-1,332,586,0,918,0
Precinct,602 - Precinct F-2,293,603,5,901,0
Precinct,603 - Precinct F-3,53,44,0,97,0
Precinct,701 - Precinct G-1,433,746,0,1179,0
Precinct,702 - Precinct G-2,158,377,2,537,0
Precinct,Ab - Central Absentee Precinct,591,2189,3,2783,0
Precinct,Provisional,10,38,1,49,0
Locality,Nelson County,4211,3416,14,7641,0
Precinct,##ev - Central Absentee Precinct,733,1115,2,1850,0
Precinct,##pe - Central Absentee Precinct,7,15,0,22,0
Precinct,101 - Rockfish,673,523,3,1199,0
Precinct,201 - Lovingston,380,159,0,539,0
Precinct,202 - Schuyler,262,131,1,394,0
Precinct,301 - Shipman,487,179,2,668,0
Precinct,302 - Gladstone,124,34,1,159,0
Precinct,401 - Roseland,638,194,1,833,0
Precinct,402 - Montebello,80,35,1,116,0
Precinct,501 - Faber,216,148,1,365,0
Precinct,502 - Nellysford,484,471,1,956,0
Precinct,Ab - Central Absentee Precinct,127,408,1,536,0
Precinct,Provisional,0,4,0,4,0
Locality,New Kent County,8544,3484,8,12036,0
Precinct,##ev - Central Absentee Precinct,1487,801,0,2288,0
Precinct,##pe - Central Absentee Precinct,8,7,0,15,0
Precinct,102 - Tunstall,398,64,0,462,0
Precinct,103 - Southern Branch,1110,234,1,1345,0
Precinct,201 - Quinton,861,363,2,1226,0
Precinct,202 - Kentwood,692,168,0,860,0
Precinct,301 - Watkins,565,315,0,880,0
Precinct,302 - Cumberland,717,235,0,952,0
Precinct,401 - Providence Forge,824,349,3,1176,0
Precinct,403 - Mountcastle,367,122,0,489,0
Precinct,501 - Eltham,476,165,0,641,0
Precinct,502 - Chickahominy River,789,163,0,952,0
Precinct,Ab - Central Absentee Precinct,232,489,2,723,0
Precinct,Provisional,18,9,0,27,0
Locality,Newport News City,21473,32381,72,53926,0
Precinct,##ev - Central Absentee Precinct (CD 2),23,55,0,78,0
Precinct,##ev - Central Absentee Precinct (CD 3),3488,7386,6,10880,0
Precinct,##pe - Central Absentee Precinct (CD 2),0,0,0,0,0
Precinct,##pe - Central Absentee Precinct (CD 3),25,124,0,149,0
Precinct,101 - Denbigh (CD 3),443,807,2,1252,0
Precinct,102 - Stoney Run (CD 3),340,913,3,1256,0
Precinct,103 - Jenkins (CD 3),588,642,4,1234,0
Precinct,104 - Mcintosh (CD 3),304,595,1,900,0
Precinct,105 - Oyster Point (CD 3),136,161,0,297,0
Precinct,106 - Reservoir (CD 3),568,794,2,1364,0
Precinct,107 - Richneck (CD 3),645,750,0,1395,0
Precinct,108 - Katherine Johnson (CD 3),312,693,2,1007,0
Precinct,109 - Windsor (CD 3),361,412,1,774,0
Precinct,110 - Greenwood (CD 3),380,777,1,1158,0
Precinct,201 - Bland (CD 3),81,125,0,206,0
Precinct,202 - Boulevard (CD 3),660,442,4,1106,0
Precinct,203 - Charles (CD 3),997,758,3,1758,0
Precinct,204 - Mariners' Museum (CD 3),296,264,2,562,0
Precinct,205 - Deep Creek (CD 3),1003,500,3,1506,0
Precinct,208 - Hidenwood (CD 3),541,318,0,859,0
Precinct,209 - Hilton (CD 3),604,524,0,1128,0
Precinct,210 - Knollwood Meadows (CD 3),998,816,2,1816,0
Precinct,211 - Palmer (CD 2),30,57,0,87,0
Precinct,211 - Palmer (CD 3),446,525,0,971,0
Precinct,212 - Riverside (CD 3),499,304,1,804,0
Precinct,213 - Sanford (CD 3),421,232,0,653,0
Precinct,215 - Warwick (CD 3),318,292,1,611,0
Precinct,216 - Yates (CD 3),457,301,1,759,0
Precinct,217 - Riverview (CD 3),660,405,3,1068,0
Precinct,218 - Kiln Creek (CD 2),24,21,0,45,0
Precinct,218 - Kiln Creek (CD 3),789,780,2,1571,0
Precinct,219 - Deer Park (CD 3),363,623,1,987,0
Precinct,302 - Briarfield (CD 3),194,443,1,638,0
Precinct,303 - Carver (CD 3),144,325,1,470,0
Precinct,304 - Chestnut (CD 3),29,317,0,346,0
Precinct,305 - Downtown (CD 3),58,175,1,234,0
Precinct,306 - Dunbar (CD 3),4,67,0,71,0
Precinct,307 - Huntington (CD 3),24,229,0,253,0
Precinct,308 - Jefferson (CD 3),11,211,0,222,0
Precinct,309 - Magruder (CD 3),21,313,1,335,0
Precinct,310 - Marshall (CD 3),30,350,3,383,0
Precinct,311 - Newmarket (CD 3),324,670,1,995,0
Precinct,312 - Newsome Park (CD 3),7,121,1,129,0
Precinct,313 - Reed (CD 3),43,501,2,546,0
Precinct,314 - River (CD 3),261,272,2,535,0
Precinct,315 - Sedgefield (CD 3),457,396,0,853,0
Precinct,316 - South Morrison (CD 3),363,501,3,867,0
Precinct,317 - Washington (CD 3),15,166,0,181,0
Precinct,318 - Wilson (CD 3),60,333,0,393,0
Precinct,319 - Saunders (CD 3),653,600,1,1254,0
Precinct,320 - Watkins (CD 3),998,715,2,1715,0
Precinct,Ab - Central Absentee Precinct (CD 2),17,18,0,35,0
Precinct,Ab - Central Absentee Precinct (CD 3),920,4189,8,5117,0
Precinct,Provisional (CD 2),0,0,0,0,0
Precinct,Provisional (CD 3),40,73,0,113,0
Locality,Norfolk City,19294,40388,93,59775,0
Precinct,##ev - Central Absentee Precinct (CD 2),1695,2547,5,4247,0
Precinct,##ev - Central Absentee Precinct (CD 3),1673,6467,12,8152,0
Precinct,##pe - Central Absentee Precinct (CD 2),24,91,0,115,0
Precinct,##pe - Central Absentee Precinct (CD 3),33,166,1,200,0
Precinct,101 - Granby (CD 3),421,709,4,1134,0
Precinct,102 - Ocean View School (CD 2),305,224,1,530,0
Precinct,103 - Northside (CD 2),486,407,2,895,0
Precinct,104 - Titustown (CD 3),2,20,0,22,0
Precinct,104 - Titustown (CD 2),65,321,0,386,0
Precinct,106 - Second Presbyterian (CD 2),443,590,1,1034,0
Precinct,201 - Larchmont School (CD 3),389,556,0,945,0
Precinct,203 - Ghent Square (CD 3),181,344,0,525,0
Precinct,207 - Lambert's Point (CD 3),124,609,4,737,0
Precinct,208 - Larchmont Library (CD 3),374,401,0,775,0
Precinct,210 - Maury (CD 3),282,666,3,951,0
Precinct,211 - Chrysler Museum (CD 3),465,721,4,1190,0
Precinct,212 - Park Place (CD 3),65,517,2,584,0
Precinct,213 - Taylor Elementary School (CD 3),304,893,2,1199,0
Precinct,214 - Stuart (CD 3),325,803,4,1132,0
Precinct,215 - Suburban Park (CD 2),438,460,2,900,0
Precinct,217 - Wesley (CD 2),293,414,2,709,0
Precinct,218 - Willard (CD 3),653,706,1,1360,0
Precinct,301 - Ballentine (CD 3),148,555,2,705,0
Precinct,302 - Tanners Creek (CD 3),124,361,2,487,0
Precinct,303 - Broad Creek (CD 3),75,707,1,783,0
Precinct,304 - Coleman Place School (CD 3),117,343,0,460,0
Precinct,305 - Lafayette-winona (CD 3),153,485,1,639,0
Precinct,306 - Lindenwood (CD 3),78,447,1,526,0
Precinct,309 - Norview (CD 3),336,835,3,1174,0
Precinct,310 - Rosemont (CD 3),98,987,0,1085,0
Precinct,311 - Sherwood (CD 3),540,807,3,1350,0
Precinct,313 - Union Chapel (CD 3),27,329,0,356,0
Precinct,402 - Berkley (CD 3),30,560,2,592,0
Precinct,404 - Campostella (CD 3),45,546,1,592,0
Precinct,405 - Chesterfield (CD 3),57,560,1,618,0
Precinct,406 - Barron Black (CD 2),333,350,0,683,0
Precinct,408 - Easton (CD 3),482,423,0,905,0
Precinct,409 - Fairlawn (CD 3),336,341,1,678,0
Precinct,411 - Ruffner Academy (CD 3),22,274,0,296,0
Precinct,412 - Ingleside (CD 3),141,601,1,743,0
Precinct,413 - Poplar Halls (CD 3),219,728,1,948,0
Precinct,414 - Young Park (CD 3),51,458,1,510,0
Precinct,415 - Lake Taylor High School (CD 3),306,376,0,682,0
Precinct,501 - Bayview (CD 2),610,460,0,1070,0
Precinct,503 - East Ocean View (CD 2),635,512,3,1150,0
Precinct,504 - Larrymore (CD 2),435,480,2,917,0
Precinct,505 - Little Creek (CD 2),440,312,2,754,0
Precinct,506 - Ocean View Center (CD 2),446,570,1,1017,0
Precinct,507 - Pretlow (CD 2),437,431,2,870,0
Precinct,509 - Tarrallton (CD 2),730,390,0,1120,0
Precinct,510 - Third Presbyterian (CD 2),780,464,3,1247,0
Precinct,511 - Crossroads (CD 2),546,492,0,1038,0
Precinct,512 - Azalea Gardens (CD 2),351,311,0,662,0
Precinct,Ab - Central Absentee Precinct (CD 2),451,1698,1,2150,0
Precinct,Ab - Central Absentee Precinct (CD 3),643,4411,8,5062,0
Precinct,Provisional (CD 2),13,30,0,43,0
Precinct,Provisional (CD 3),19,122,0,141,0
Locality,Northampton County,2671,2552,2,5225,0
Precinct,##ev - Central Absentee Precinct,785,920,2,1707,0
Precinct,##pe - Central Absentee Precinct,5,7,0,12,0
Precinct,101 - Precinct 1-1,521,297,0,818,0
Precinct,201 - Precinct 2-1,235,258,0,493,0
Precinct,301 - Precinct 3-1,197,284,0,481,0
Precinct,401 - Precinct 4-1,366,192,0,558,0
Precinct,501 - Precinct 5-1,419,225,0,644,0
Precinct,Ab - Central Absentee Precinct,143,365,0,508,0
Precinct,Provisional,0,4,0,4,0
Locality,Northumberland County,4136,2340,6,6482,0
Precinct,##ev - Central Absentee Precinct,1300,988,2,2290,0
Precinct,##pe - Central Absentee Precinct,3,0,0,3,0
Precinct,101 - 1a,447,161,1,609,0
Precinct,201 - 2a,552,177,1,730,0
Precinct,301 - 3a,190,270,1,461,0
Precinct,401 - 4a,766,263,0,1029,0
Precinct,501 - 5a,762,212,1,975,0
Precinct,Ab - Central Absentee Precinct,113,262,0,375,0
Precinct,Provisional,3,7,0,10,0
Locality,Norton City,860,325,4,1189,0
Precinct,##ev - Central Absentee Precinct,330,130,1,461,0
Precinct,##pe - Central Absentee Precinct,0,0,0,0,0
Precinct,1 - East Ward,511,142,3,656,0
Precinct,AB - Central Absentee Precinct,18,53,0,71,0
Precinct,Provisional,1,0,0,1,0
Locality,Nottoway County,3490,1896,6,5392,0
Precinct,##ev - Central Absentee Precinct,994,662,3,1659,0
Precinct,##pe - Central Absentee Precinct,1,6,0,7,0
Precinct,101 - Precinct 1-1,322,106,1,429,0
Precinct,102 - Precinct 1-2,241,85,0,326,0
Precinct,201 - Precinct 2-1,374,144,1,519,0
Precinct,202 - Precinct 2-2,199,51,0,250,0
Precinct,301 - Precinct 3-1,168,152,1,321,0
Precinct,302 - Precinct 3-2,191,58,0,249,0
Precinct,401 - Precinct 4-1,94,179,0,273,0
Precinct,402 - Precinct 4-2,374,87,0,461,0
Precinct,501 - Precinct 5-1,427,210,0,637,0
Precinct,Ab - Central Absentee Precinct,105,156,0,261,0
Precinct,Provisional,0,0,0,0,0
Locality,Orange County,10630,5398,18,16046,0
Precinct,##ev - Central Absentee Precinct,1725,1335,5,3065,0
Precinct,##pe - Central Absentee Precinct,11,40,0,51,0
Precinct,101 - One West,873,351,2,1226,0
Precinct,102 - One East,763,356,0,1119,0
Precinct,201 - Two West,946,191,2,1139,0
Precinct,202 - Two East,915,200,1,1116,0
Precinct,301 - Three West,707,364,1,1072,0
Precinct,302 - Three East,349,96,0,445,0
Precinct,401 - Four West,1106,211,0,1317,0
Precinct,402 - Four East,899,444,1,1344,0
Precinct,501 - Five South,937,497,1,1435,0
Precinct,502 - Five North,1036,562,5,1603,0
Precinct,Ab - Central Absentee Precinct,354,739,0,1093,0
Precinct,Provisional,9,12,0,21,0
Locality,Page County,7480,2045,11,9536,0
Precinct,##ev - Central Absentee Precinct,1227,795,3,2025,0
Precinct,##pe - Central Absentee Precinct,2,3,0,5,0
Precinct,101 - West Luray,947,206,2,1155,0
Precinct,201 - East Luray,1080,244,0,1324,0
Precinct,301 - Marksville,1451,179,3,1633,0
Precinct,401 - Newport,1113,121,0,1234,0
Precinct,501 - Shenandoah,1427,173,3,1603,0
Precinct,Ab - Central Absentee Precinct,226,322,0,548,0
Precinct,Provisional,7,2,0,9,0
Locality,Patrick County,5889,1293,4,7186,0
Precinct,##ev - Central Absentee Precinct,1031,279,0,1310,0
Precinct,##pe - Central Absentee Precinct,3,6,0,9,0
Precinct,101 - Ararat,320,60,0,380,0
Precinct,102 - Claudville,316,45,0,361,0
Precinct,103 - Willis Gap,362,48,0,410,0
Precinct,201 - Dry Pond,198,24,0,222,0
Precinct,202 - Patrick Springs,454,74,1,529,0
Precinct,203 - Russell Creek,364,69,0,433,0
Precinct,301 - Critz/stella,516,107,0,623,0
Precinct,302 - Liberty,381,44,0,425,0
Precinct,401 - Meadows Of Dan,412,112,1,525,0
Precinct,402 - Stuart Fairgrounds,360,65,0,425,0
Precinct,501 - Stuart Community,188,31,0,219,0
Precinct,502 - Elamsville,341,64,1,406,0
Precinct,503 - Woolwine,461,55,0,516,0
Precinct,Ab - Central Absentee Precinct,182,208,1,391,0
Precinct,Provisional,0,2,0,2,0
Locality,Petersburg City,1272,7592,20,8884,0
Precinct,##ev - Central Absentee Precinct,404,2271,3,2678,0
Precinct,##pe - Central Absentee Precinct,2,44,0,46,0
Precinct,101 - First Ward First Precinct,91,417,2,510,0
Precinct,201 - Second Ward First Precinct,105,832,1,938,0
Precinct,301 - Third Ward First Precinct,242,745,5,992,0
Precinct,401 - Fourth Ward First Precinct,144,473,0,617,0
Precinct,501 - Fifth Ward First Precinct,58,485,1,544,0
Precinct,601 - Sixth Ward First Precinct,39,414,2,455,0
Precinct,701 - Seventh Ward First Precinct,80,642,3,725,0
Precinct,Ab - Central Absentee Precinct,102,1253,3,1358,0
Precinct,Provisional,5,16,0,21,0
Locality,Pittsylvania County,19396,6428,15,25839,0
Precinct,##ev - Central Absentee Precinct,2757,1012,2,3771,0
Precinct,##pe - Central Absentee Precinct,28,29,0,57,0
Precinct,103 - Twin Springs,1493,215,0,1708,0
Precinct,105 - Chatham,334,90,0,424,0
Precinct,106 - Tunstall,595,111,1,707,0
Precinct,108 - West Blairs,334,91,0,425,0
Precinct,201 - Callands,578,107,0,685,0
Precinct,202- Bearskin,134,49,0,183,0
Precinct,204 - Sandy Level,382,86,0,468,0
Precinct,206 - Climax,390,71,0,461,0
Precinct,207 - Gretna,898,207,2,1107,0
Precinct,301 - Central,191,209,0,400,0
Precinct,305 - Riceville,255,216,0,471,0
Precinct,307 - East Blairs,182,368,0,550,0
Precinct,308 - Mt Airy,155,139,0,294,0
Precinct,309 - East Gretna,204,128,1,333,0
Precinct,402 - Keeling,607,79,0,686,0
Precinct,404 - Kentuck,1054,201,1,1256,0
Precinct,405 - Ringgold,1074,266,0,1340,0
Precinct,501 - Hurt,770,254,0,1024,0
Precinct,502 - Motley Sycamore,910,239,3,1152,0
Precinct,503 - Renan,498,120,0,618,0
Precinct,603 - Stony Mill,688,150,0,838,0
Precinct,604 - Swansonville,503,163,1,667,0
Precinct,605 - Whitmell,546,117,1,664,0
Precinct,606 - Brosville,419,263,0,682,0
Precinct,607 - Dry Fork,269,55,0,324,0
Precinct,702 - Bachelors Hall,873,118,0,991,0
Precinct,703 - Ferry Road,164,46,0,210,0
Precinct,704 - Mt Hermon,957,274,1,1232,0
Precinct,705 - Mt Cross,603,105,0,708,0
Precinct,Ab - Central Absentee Precinct,537,845,2,1384,0
Precinct,Provisional,14,5,0,19,0
Locality,Poquoson City,4898,1356,10,6264,0
Precinct,##ev - Central Absentee Precinct,1611,603,2,2216,0
Precinct,##pe - Central Absentee Precinct,0,7,0,7,0
Precinct,1 - Central,968,181,3,1152,0
Precinct,2 - Eastern,1126,216,5,1347,0
Precinct,3 - Western,1107,215,0,1322,0
Precinct,Ab - Central Absentee Precinct,85,133,0,218,0
Precinct,Provisional,1,1,0,2,0
Locality,Portsmouth City,10177,19401,31,29609,0
Precinct,##ev - Central Absentee Precinct,1067,3716,4,4787,0
Precinct,##pe - Central Absentee Precinct,27,92,0,119,0
Precinct,1 - Emanuel A. M. E. Church,242,510,0,752,0
Precinct,5 - Hampton Roads Community Health Center,35,352,0,387,0
Precinct,7- Park View Elementary School,148,371,0,519,0
Precinct,9 - Third Baptist Church,137,494,2,633,0
Precinct,10 - Port Norfolk Recreation Center,195,229,0,424,0
Precinct,11 - Joseph E. Parker Recreation Center,23,383,1,407,0
Precinct,13 - St. Mark Missionary Baptist Church,24,188,0,212,0
Precinct,14 - Brighton Elementary School,38,450,0,488,0
Precinct,16 - Cradock Middle School,199,343,2,544,0
Precinct,17 - Victory Life Fellowship,271,395,0,666,0
Precinct,19 - Victory Elementary School,213,197,0,410,0
Precinct,20 - Noble Street Baptist Church,182,455,1,638,0
Precinct,21 - John F. Kennedy Community Center,20,331,0,351,0
Precinct,22 - St. Mark Deliverance Center,330,304,1,635,0
Precinct,23 - Westhaven Baptist Church,489,228,0,717,0
Precinct,24 - The Senior Station,231,292,1,524,0
Precinct,25 - Waterview Elementary School,425,409,0,834,0
Precinct,26 - William E. Waters Middle School,45,579,1,625,0
Precinct,27 - Cavalier Manor Recreation Center,46,527,1,574,0
Precinct,28 - Lakeview Elementary School,57,793,2,852,0
Precinct,29 - Manor High School,414,155,1,570,0
Precinct,30 - The Rescue Church,530,189,0,719,0
Precinct,31 - West Park Church Of Christ,463,487,3,953,0
Precinct,32 - Hodges Manor Elementary School,438,245,0,683,0
Precinct,33- Pinecrest Baptist Church,506,166,1,673,0
Precinct,34- Churchland Branch Library,509,297,1,807,0
Precinct,35 - Churchland Elementary School,577,372,0,949,0
Precinct,36 - Churchland High School,771,683,3,1457,0
Precinct,37 - Churchland Middle School,444,655,3,1102,0
Precinct,38 - Grove Baptist Church,193,744,0,937,0
Precinct,39 - Churchland Primary And Intermediate School,386,819,2,1207,0
Precinct,Ab - Central Absentee Precinct,487,2883,1,3371,0
Precinct,Provisional,15,68,0,83,0
Locality,Powhatan County,12529,3779,15,16323,0
Precinct,##ev - Central Absentee Precinct,3639,1288,3,4930,0
Precinct,##pe - Central Absentee Precinct,7,6,0,13,0
Precinct,101 - Subletts,868,224,1,1093,0
Precinct,102 - Manakin,672,212,1,885,0
Precinct,103 - Flat Rock,566,126,1,693,0
Precinct,201 - Powhatan Station,841,132,1,974,0
Precinct,202 - Graceland,1074,232,0,1306,0
Precinct,301 - Bethesda,696,175,0,871,0
Precinct,302 - Lee's Landing,773,204,1,978,0
Precinct,401 - Powhatan Courthouse,1108,174,2,1284,0
Precinct,402 - Mt Zion,511,94,0,605,0
Precinct,501 - Smith Cross Roads,617,217,1,835,0
Precinct,502 - Pineville,423,181,2,606,0
Precinct,503 - Tobaccoville,444,71,0,515,0
Precinct,AB - Central Absentee Precinct,288,438,2,728,0
Precinct,Provisional,2,5,0,7,0
Locality,Prince Edward County,3861,3209,9,7079,0
Precinct,##ev - Central Absentee Precinct,732,704,1,1437,0
Precinct,##pe - Central Absentee Precinct,5,7,0,12,0
Precinct,101 - Farmville,305,270,2,577,0
Precinct,201 - Lockett,526,278,2,806,0
Precinct,301 - Leigh,312,201,0,513,0
Precinct,302 - Mt Pleasant,164,141,2,307,0
Precinct,401 - Hampden,367,225,0,592,0
Precinct,501 - Darlington Hts,336,136,0,472,0
Precinct,502 - Buffalo Hts,158,70,0,228,0
Precinct,601 - Prospect,452,330,1,783,0
Precinct,701 - West End,260,236,0,496,0
Precinct,801 - Center,78,152,0,230,0
Precinct,Ab - Central Absentee Precinct,165,450,1,616,0
Precinct,Provisional,1,9,0,10,0
Locality,Prince George County,8544,4613,8,13165,0
Precinct,##ev - Central Absentee Precinct (CD 4),2508,1496,2,4006,0
Precinct,##pe - Central Absentee Precinct (CD 4),22,19,1,42,0
Precinct,101 - Richard Bland (CD 4),433,173,0,606,0
Precinct,102 - Templeton (CD 4),1369,292,0,1661,0
Precinct,103 - Union Branch (CD 4),665,329,1,995,0
Precinct,104 - Rives (CD 4),322,266,0,588,0
Precinct,105 - Harrison (CD 4),359,49,1,409,0
Precinct,201 - Bland (CD 4),771,301,1,1073,0
Precinct,202 - Black Water (CD 4),705,263,1,969,0
Precinct,203 - Brandon (CD 4),352,106,0,458,0
Precinct,204 - Courts Bldg (CD 4),544,449,0,993,0
Precinct,205 - Jefferson Park (CD 4),269,396,0,665,0
Precinct,Ab - Central Absentee Precinct (CD 4),225,474,1,700,0
Precinct,Provisional (CD 4),0,0,0,0,0
Locality,Prince William County,64250,88335,165,152750,0
Precinct,##ev - Central Absentee Precinct (CD 1),7609,9797,15,17421,0
Precinct,##ev - Central Absentee Precinct (CD 10),6052,5797,10,11859,0
Precinct,##ev - Central Absentee Precinct (CD 11),3586,9781,16,13383,0
Precinct,##pe - Central Absentee Precinct (CD 1),100,260,0,360,0
Precinct,##pe - Central Absentee Precinct (CD 10),42,85,1,128,0
Precinct,##pe - Central Absentee Precinct (CD 11),62,247,0,309,0
Precinct,101 - Brentsville (CD 1),1004,301,2,1307,0
Precinct,102 - Cedar Point (CD 1),890,790,2,1682,0
Precinct,103 - Glenkirk (CD 1),663,549,4,1216,0
Precinct,104 - Nokesville (CD 1),968,473,0,1441,0
Precinct,105 - Limestone (CD 1),885,749,0,1634,0
Precinct,106 - Westgate (CD 1),236,361,1,598,0
Precinct,107 - Marsteller (CD 1),820,812,0,1632,0
Precinct,108 - Victory (CD 1),853,958,2,1813,0
Precinct,109 - Chris Yung (CD 1),701,691,4,1396,0
Precinct,110 - Buckland Mills (CD 10),323,307,2,632,0
Precinct,110 - Buckland Mills (CD 1),188,131,0,319,0
Precinct,111 - Bristow Run (CD 1),380,327,0,707,0
Precinct,112 - Burke-nickens (CD 10),707,626,0,1333,0
Precinct,112 - Burke-nickens (CD 1),57,63,0,120,0
Precinct,114 - Piney Branch (CD 1),625,489,1,1115,0
Precinct,201 - Saunders (CD 11),369,576,0,945,0
Precinct,202 - Marshall (CD 1),744,527,2,1273,0
Precinct,203 - Bennett (CD 1),677,523,1,1201,0
Precinct,204 - Ellis (CD 1),444,401,2,847,0
Precinct,205 - Buckhall (CD 10),717,602,0,1319,0
Precinct,206 - Coles (CD 1),651,378,0,1029,0
Precinct,207 - Spriggs (CD 1),621,737,4,1362,0
Precinct,208 - Hylton (CD 1),632,358,2,992,0
Precinct,209 - Independent Hill (CD 1),642,279,2,923,0
Precinct,210 - Penn (CD 11),38,65,0,103,0
Precinct,210 - Penn (CD 1),633,396,3,1032,0
Precinct,211 - Signal Hill (CD 10),621,553,0,1174,0
Precinct,212 - Yorkshire (CD 10),550,680,2,1232,0
Precinct,213 - Saratoga (CD 1),248,416,3,667,0
Precinct,214 - Lucasville (CD 1),535,277,1,813,0
Precinct,215 - Rosa Parks (CD 11),362,599,0,961,0
Precinct,301 - Dumfries (CD 11),211,395,0,606,0
Precinct,302 - Potomac (CD 11),172,626,1,799,0
Precinct,303 - Graham Park (CD 11),170,357,0,527,0
Precinct,304 - Quantico (CD 1),81,54,0,135,0
Precinct,305 - Pattie (CD 1),524,547,0,1071,0
Precinct,306 - Washington-reid (CD 1),452,534,0,986,0
Precinct,307 - Henderson (CD 1),502,508,1,1011,0
Precinct,308 - Montclair (CD 1),374,378,1,753,0
Precinct,309 - Ashland (CD 1),468,483,0,951,0
Precinct,310 - Forest Park (CD 1),318,523,1,842,0
Precinct,311 - Swans Creek (CD 11),561,1357,2,1920,0
Precinct,312 - Triangle (CD 1),56,147,0,203,0
Precinct,312 - Triangle (CD 11),307,485,0,792,0
Precinct,313 - Cardinal (CD 1),320,541,1,862,0
Precinct,314 - Cabin Branch (CD 1),381,467,1,849,0
Precinct,315 - Williams (CD 11),93,382,1,476,0
Precinct,401 - Evergreen (CD 10),811,364,1,1176,0
Precinct,402 - Battlefield (CD 10),788,344,1,1133,0
Precinct,403 - Bull Run (CD 10),495,421,0,916,0
Precinct,404 - Ben Lomond (CD 1),314,476,1,791,0
Precinct,405 - Unity Braxton (CD 1),418,605,2,1025,0
Precinct,406 - Alvey (CD 10),219,115,0,334,0
Precinct,407 - Heritage Hunt (CD 10),697,386,3,1086,0
Precinct,408 - Sudley (CD 1),376,375,1,752,0
Precinct,409 - Tyler (CD 10),596,595,0,1191,0
Precinct,410 - Mountain View (CD 10),634,387,0,1021,0
Precinct,411 - Mullen (CD 1),333,618,0,951,0
Precinct,412 - Catharpin (CD 10),569,235,1,805,0
Precinct,413 - Reagan (CD 10),844,542,1,1387,0
Precinct,501 - Lake Ridge (CD 1),439,600,0,1039,0
Precinct,502 - Occoquan (CD 11),282,411,2,695,0
Precinct,503 - Old Bridge (CD 11),280,516,0,796,0
Precinct,504 - Rockledge (CD 11),318,431,2,751,0
Precinct,505 - Mohican (CD 1),504,654,2,1160,0
Precinct,506 - Bethel (CD 11),475,583,0,1058,0
Precinct,507 - Chinn (CD 11),375,551,2,928,0
Precinct,508 - Springwoods (CD 1),263,486,1,750,0
Precinct,509 - Mc Coart (CD 1),703,514,0,1217,0
Precinct,510 - Yates Ford (CD 10),578,357,2,937,0
Precinct,511 - Westridge (CD 1),555,702,2,1259,0
Precinct,512 - York (CD 11),229,658,1,888,0
Precinct,513 - Lynnwood (CD 11),455,529,1,985,0
Precinct,514 - Antietam (CD 11),499,736,1,1236,0
Precinct,601 - Dale (CD 11),210,536,2,748,0
Precinct,602 - Beville (CD 11),388,897,2,1287,0
Precinct,603 - Hampton (CD 11),165,498,0,663,0
Precinct,604 - Gideon (CD 11),234,492,0,726,0
Precinct,605 - Minnieville (CD 11),325,405,5,735,0
Precinct,606 - Bel Air (CD 11),336,424,3,763,0
Precinct,607 - Kerrydale (CD 11),348,680,1,1029,0
Precinct,608 - Enterprise (CD 11),316,540,2,858,0
Precinct,609 - King (CD 1),9,37,0,46,0
Precinct,609 - King (CD 11),442,726,3,1171,0
Precinct,610 - Fitzgerald (CD 11),342,716,2,1060,0
Precinct,611 - Neabsco (CD 11),250,474,3,727,0
Precinct,701 - Belmont (CD 11),451,527,0,978,0
Precinct,702 - Library (CD 11),247,662,2,911,0
Precinct,703 - Lynn (CD 11),124,319,0,443,0
Precinct,704 - Porter (CD 11),195,593,0,788,0
Precinct,705 - Potomac View (CD 11),269,311,0,580,0
Precinct,706 - Rippon (CD 11),379,591,1,971,0
Precinct,707 - Kilby (CD 11),287,451,0,738,0
Precinct,708 - River Oaks (CD 11),239,729,1,969,0
Precinct,709 - Freedom (CD 11),209,716,3,928,0
Precinct,710 - Powells Creek (CD 11),164,666,1,831,0
Precinct,711 - Grayson (CD 11),253,573,0,826,0
Precinct,712 - Leesylvania (CD 11),411,603,1,1015,0
Precinct,Ab - Central Absentee Precinct (CD 1),1943,5164,5,7112,0
Precinct,Ab - Central Absentee Precinct (CD 10),1027,2329,1,3357,0
Precinct,Ab - Central Absentee Precinct (CD 11),1311,5463,9,6783,0
Precinct,Provisional (CD 1),54,118,0,172,0
Precinct,Provisional (CD 10),16,30,0,46,0
Precinct,Provisional (CD 11),32,129,0,161,0
Locality,Pulaski County,9514,3419,12,12945,0
Precinct,##ev - Central Absentee Precinct,2138,1021,6,3165,0
Precinct,##pe - Central Absentee Precinct,4,14,0,18,0
Precinct,101 - Belspring,364,102,0,466,0
Precinct,102 - New River,822,341,2,1165,0
Precinct,103 - West Cloyd,497,112,0,609,0
Precinct,201 - Draper,628,119,0,747,0
Precinct,202 - South Pulaski,91,28,1,120,0
Precinct,203 - Newbern,829,237,0,1066,0
Precinct,301 - Dublin,794,152,0,946,0
Precinct,302 - Hiwassee,215,41,1,257,0
Precinct,304 - Snowville,553,98,1,652,0
Precinct,401 - Massie,892,185,1,1078,0
Precinct,402 - Walker,415,64,0,479,0
Precinct,501 - Robinson,904,244,0,1148,0
Precinct,Ab - Central Absentee Precinct,365,652,0,1017,0
Precinct,Provisional,3,9,0,12,0
Locality,Radford City,2234,1923,12,4169,0
Precinct,##ev - Central Absentee Precinct,609,679,4,1292,0
Precinct,##pe - Central Absentee Precinct,1,0,0,1,0
Precinct,1 - East Precinct,271,223,3,497,0
Precinct,2 - Central Precinct,469,323,0,792,0
Precinct,3 - West Precinct,602,299,3,904,0
Precinct,4 - New River Precinct,207,162,1,370,0
Precinct,Ab - Central Absentee Precinct,75,232,1,308,0
Precinct,Provisional,0,5,0,5,0
Locality,Rappahannock County,2463,1721,2,4186,0
Precinct,##ev - Central Absentee Precinct,351,438,0,789,0
Precinct,##pe - Central Absentee Precinct,1,8,0,9,0
Precinct,101 - Washington,367,208,0,575,0
Precinct,201 - Amissville,496,154,1,651,0
Precinct,301 - Sperryville,336,218,0,554,0
Precinct,401 - Scrabble,374,173,0,547,0
Precinct,501 - Chester Gap,251,47,0,298,0
Precinct,502 - Flint Hill,200,131,0,331,0
Precinct,Ab - Central Absentee Precinct,87,338,1,426,0
Precinct,Provisional,0,6,0,6,0
Locality,Richmond City,16246,63199,157,79602,0
Precinct,##ev - Central Absentee Precinct (CD 4),3527,16817,29,20373,0
Precinct,##pe - Central Absentee Precinct (CD 4),66,519,3,588,0
Precinct,101 - One Hundred One (CD 4),164,231,2,397,0
Precinct,102 - One Hundred Two (CD 4),339,306,0,645,0
Precinct,104 - One Hundred Four (CD 4),586,479,1,1066,0
Precinct,105 - One Hundred Five (CD 4),406,585,2,993,0
Precinct,106 - One Hundred Six (CD 4),686,326,1,1013,0
Precinct,111 - One Hundred Eleven (CD 4),372,517,2,891,0
Precinct,112 - One Hundred Twelve (CD 4),261,467,1,729,0
Precinct,113 - One Hundred Thirteen (CD 4),250,912,7,1169,0
Precinct,114 - One Hundred Fourteen (CD 4),294,1014,3,1311,0
Precinct,115 - One Hundred Fifteen (CD 4),378,417,0,795,0
Precinct,203 - Two Hundred Three (CD 4),173,383,2,558,0
Precinct,204 - Two Hundred Four (CD 4),236,855,7,1098,0
Precinct,206 - Two Hundred Six (CD 4),49,362,1,412,0
Precinct,207 - Two Hundred Seven (CD 4),262,916,5,1183,0
Precinct,208 - Two Hundred Eight (CD 4),243,801,2,1046,0
Precinct,213 - Two Hundred Thirteen (CD 4),73,968,4,1045,0
Precinct,214 - Two Hundred Fourteen (CD 4),61,399,2,462,0
Precinct,215 - Two Hundred Fifteen (CD 4),237,575,2,814,0
Precinct,301 - Three Hundred One (CD 4),36,316,0,352,0
Precinct,302 - Three Hundred Two (CD 4),103,359,1,463,0
Precinct,303 - Three Hundred Three (CD 4),44,427,3,474,0
Precinct,304 - Three Hundred Four (CD 4),51,622,2,675,0
Precinct,305 - Three Hundred Five (CD 4),86,598,1,685,0
Precinct,306 - Three Hundred Six (CD 4),46,378,2,426,0
Precinct,307 - Three Hundred Seven (CD 4),185,426,1,612,0
Precinct,308 - Three Hundred Eight (CD 4),185,523,0,708,0
Precinct,309 - Three Hundred Nine (CD 4),158,310,0,468,0
Precinct,310 - Three Hundred Ten (CD 4),5,132,0,137,0
Precinct,402 - Four Hundred Two (CD 4),406,1143,5,1554,0
Precinct,404 - Four Hundred Four (CD 4),263,825,1,1089,0
Precinct,409 - Four Hundred Nine (CD 4),444,549,1,994,0
Precinct,410 - Four Hundred Ten (CD 4),283,610,1,894,0
Precinct,412 - Four Hundred Twelve (CD 4),181,669,1,851,0
Precinct,413 - Four Hundred Thirteen (CD 4),289,602,4,895,0
Precinct,414 - Four Hundred Fourteen (CD 4),446,632,2,1080,0
Precinct,415 - Four Hundred Fifteen (CD 4),352,477,0,829,0
Precinct,501 - Five Hundred One (CD 4),201,985,3,1189,0
Precinct,503 - Five Hundred Three (CD 4),142,946,3,1091,0
Precinct,504 - Five Hundred Four (CD 4),183,1098,0,1281,0
Precinct,505 - Five Hundred Five (CD 4),85,506,4,595,0
Precinct,508 - Five Hundred Eight (CD 4),110,539,3,652,0
Precinct,509 - Five Hundred Nine (CD 4),70,505,0,575,0
Precinct,510 - Five Hundred Ten (CD 4),104,740,3,847,0
Precinct,602 - Six Hundred Two (CD 4),19,310,2,331,0
Precinct,603 - Six Hundred Three (CD 4),57,632,1,690,0
Precinct,604 - Six Hundred Four (CD 4),47,462,5,514,0
Precinct,606 - Six Hundred Six (CD 4),56,654,0,710,0
Precinct,607 - Six Hundred Seven (CD 4),141,657,1,799,0
Precinct,609 - Six Hundred Nine (CD 4),194,1058,3,1255,0
Precinct,610 - Six Hundred Ten (CD 4),32,354,1,387,0
Precinct,701 - Seven Hundred One (CD 4),35,372,2,409,0
Precinct,702 - Seven Hundred Two (CD 4),68,520,2,590,0
Precinct,703 - Seven Hundred Three (CD 4),87,721,3,811,0
Precinct,705 - Seven Hundred Five (CD 4),111,674,0,785,0
Precinct,706 - Seven Hundred Six (CD 4),115,952,2,1069,0
Precinct,707 - Seven Hundred Seven (CD 4),232,1237,2,1471,0
Precinct,708 - Seven Hundred Eight (CD 4),196,964,0,1160,0
Precinct,802 - Eight Hundred Two (CD 4),40,419,0,459,0
Precinct,806 - Eight Hundred Six (CD 4),91,374,0,465,0
Precinct,810 - Eight Hundred Ten (CD 4),70,359,0,429,0
Precinct,811 - Eight Hundred Eleven (CD 4),74,459,1,534,0
Precinct,812 - Eight Hundred Twelve (CD 4),161,703,2,866,0
Precinct,814 - Eight Hundred Fourteen (CD 4),44,312,1,357,0
Precinct,902 - Nine Hundred Two (CD 4),31,170,1,202,0
Precinct,903 - Nine Hundred Three (CD 4),111,447,1,559,0
Precinct,908 - Nine Hundred Eight (CD 4),68,499,0,567,0
Precinct,909 - Nine Hundred Nine (CD 4),98,589,0,687,0
Precinct,910 - Nine Hundred Ten (CD 4),90,479,0,569,0
Precinct,911 - Nine Hundred Eleven (CD 4),39,530,0,569,0
Precinct,AB - Central Absentee Precinct (CD 4),793,5360,9,6162,0
Precinct,Provisional (CD 4),25,166,1,192,0
Locality,Richmond County,2212,961,0,3173,0
Precinct,##ev - Central Absentee Precinct,0,0,0,0,0
Precinct,##pe - Central Absentee Precinct,0,0,0,0,0
Precinct,101 - Precinct 1-1,178,127,0,305,0
Precinct,201 - Precinct 2-1,305,74,0,379,0
Precinct,301 - Precinct 3-1,233,79,0,312,0
Precinct,401 - Precinct 4-1,393,96,0,489,0
Precinct,501 - Precinct 5-1,385,77,0,462,0
Precinct,Ab - Central Absentee Precinct,718,508,0,1226,0
Precinct,Provisional,0,0,0,0,0
Locality,Roanoke City,11898,16941,57,28896,0
Precinct,##ev - Central Absentee Precinct,2654,5338,17,8009,0
Precinct,##pe - Central Absentee Precinct,19,86,0,105,0
Precinct,1 -Peters Creek,198,450,0,648,0
Precinct,2 - Grandview,379,423,2,804,0
Precinct,3 -Preston Park,544,345,2,891,0
Precinct,4 - Williamson Road,383,382,3,768,0
Precinct,5 - East Gate,608,297,1,906,0
Precinct,6 - Hollins Road,430,237,0,667,0
Precinct,7 - Southeast,391,231,1,623,0
Precinct,8 - Lincoln Terrace,58,335,0,393,0
Precinct,9 - Highland,236,471,4,711,0
Precinct,10 - Old Southwest-Wasena,443,666,3,1112,0
Precinct,11 - Raleigh Court,574,822,3,1399,0
Precinct,12 - South Roanoke,632,437,2,1071,0
Precinct,13 - Garden City,651,320,1,972,0
Precinct,14 - Crystal Spring,569,509,2,1080,0
Precinct,15 - Grandin Court,557,581,3,1141,0
Precinct,16 - Deyerle,714,478,2,1194,0
Precinct,17 - Lee-Hi,597,690,1,1288,0
Precinct,18 - Summit Hills,433,468,2,903,0
Precinct,19 - Forest Park,113,412,0,525,0
Precinct,20 - Eureka Park,93,568,1,662,0
Precinct,AB - Central Absentee Precinct,613,2357,7,2977,0
Precinct,Provisional,9,38,0,47,0
Locality,Roanoke County,27899,14673,46,42618,0
Precinct,##ev - Central Absentee Precinct (CD 6),6050,3783,5,9838,0
Precinct,##ev - Central Absentee Precinct (CD 9),1208,762,0,1970,0
Precinct,##pe - Central Absentee Precinct (CD 6),31,76,1,108,0
Precinct,##pe - Central Absentee Precinct (CD 9),15,18,0,33,0
Precinct,101 - Catawba (CD 9),373,90,0,463,0
Precinct,102 - Mason Valley (CD 9),339,81,0,420,0
Precinct,103 - Glenvar (CD 9),962,296,2,1260,0
Precinct,104 - Northside (CD 9),424,233,1,658,0
Precinct,105 - Peters Creek (CD 9),934,419,0,1353,0
Precinct,106 - Green Hill (CD 9),875,250,3,1128,0
Precinct,107 - Bennett Springs (CD 9),436,112,1,549,0
Precinct,108 - Wildwood (CD 9),571,182,0,753,0
Precinct,201 - Plantation (CD 6),602,258,0,860,0
Precinct,202 - Burlington (CD 6),388,229,3,620,0
Precinct,203 - Mountain View (CD 6),1014,382,0,1396,0
Precinct,204 - Botetourt Springs (CD 9),745,352,0,1097,0
Precinct,205 - Orchards (CD 6),1013,302,3,1318,0
Precinct,206 - Hollins (CD 6),320,141,1,462,0
Precinct,301 - Bent Mountain (CD 9),271,130,0,401,0
Precinct,302 - Poages Mill (CD 6),930,347,4,1281,0
Precinct,303 - Windsor Hills (CD 6),378,258,0,636,0
Precinct,304 - Oak Grove (CD 6),816,400,1,1217,0
Precinct,305 - Castle Rock (CD 6),826,463,2,1291,0
Precinct,306 - Garst Mill (CD 6),341,201,0,542,0
Precinct,401 - South Lindenwood (CD 6),478,135,0,613,0
Precinct,402 - Bonsack (CD 6),230,78,1,309,0
Precinct,403 - North Vinton (CD 6),578,207,0,785,0
Precinct,404 - South Vinton (CD 6),602,240,2,844,0
Precinct,405 - North Lindenwood (CD 6),600,146,0,746,0
Precinct,406 - Mount Pleasant (CD 6),937,254,0,1191,0
Precinct,501 - Cotton Hill (CD 6),544,240,2,786,0
Precinct,502 - Penn Forest (CD 6),420,207,3,630,0
Precinct,503 - Cave Spring (CD 6),524,286,0,810,0
Precinct,504 - Ogden (CD 6),392,276,2,670,0
Precinct,505 - Clearbrook (CD 6),529,155,0,684,0
Precinct,506 - Mount Vernon (CD 6),351,216,0,567,0
Precinct,507 - Hunting Hills (CD 6),733,358,3,1094,0
Precinct,Ab - Central Absentee Precinct (CD 6),737,1527,5,2269,0
Precinct,Ab - Central Absentee Precinct (CD 9),360,560,1,921,0
Precinct,Provisional (CD 6),12,15,0,27,0
Precinct,Provisional (CD 9),10,8,0,18,0
Locality,Rockbridge County,6825,3152,6,9983,0
Precinct,##ev - Central Absentee Precinct,1147,1086,0,2233,0
Precinct,##pe - Central Absentee Precinct,5,15,0,20,0
Precinct,101 - Airport,386,174,0,560,0
Precinct,102 - Ben Salem,352,83,1,436,0
Precinct,103 - Plank Road,239,52,0,291,0
Precinct,104 - Effinger,219,52,1,272,0
Precinct,201 - Collierstown,270,95,1,366,0
Precinct,202 - Highland Belle,604,217,1,822,0
Precinct,203 - Vo-tech,133,67,0,200,0
Precinct,301 - Maury River,294,103,0,397,0
Precinct,302 - Natural Bridge,387,86,0,473,0
Precinct,303 - Falling Spring,188,34,0,222,0
Precinct,401 - Fairfield,409,128,1,538,0
Precinct,402 - Mountain View,582,118,0,700,0
Precinct,403 - Vesuvius,230,33,0,263,0
Precinct,501 - Goshen,257,27,0,284,0
Precinct,502 - Meadowview,284,135,0,419,0
Precinct,503 - Rockbridge Baths,249,93,0,342,0
Precinct,504 - Rockbridge,413,140,1,554,0
Precinct,Ab - Central Absentee Precinct,174,407,0,581,0
Precinct,Provisional,3,7,0,10,0
Locality,Rockingham County,26745,8495,36,35276,0
Precinct,##ev - Central Absentee Precinct,4747,2332,8,7087,0
Precinct,##pe - Central Absentee Precinct,52,61,0,113,0
Precinct,101 - Broadway,1051,301,2,1354,0
Precinct,102 - Timberville,617,127,1,745,0
Precinct,103 - Fulks Run,718,72,1,791,0
Precinct,104 - Bergton,270,32,0,302,0
Precinct,105 - Lacey Spring,519,62,0,581,0
Precinct,106 - Tenth Legion,495,84,3,582,0
Precinct,107 - Plains,550,81,0,631,0
Precinct,108 - Little North Mountain,382,74,1,457,0
Precinct,201 - Singers Glen,761,122,2,885,0
Precinct,202 - Edom,990,280,0,1270,0
Precinct,203 - Dayton,483,155,1,639,0
Precinct,204 - Mt Clinton,773,183,2,958,0
Precinct,205 - Silver Lake,745,218,1,964,0
Precinct,301 - Keezletown,492,146,0,638,0
Precinct,302 - Port Republic,786,163,0,949,0
Precinct,303 - Melrose,426,78,0,504,0
Precinct,304 - Grottoes,804,161,1,966,0
Precinct,305 - Massanetta Springs,720,417,2,1139,0
Precinct,306 - Cross Keys,295,72,0,367,0
Precinct,307 - Crossroads,777,382,0,1159,0
Precinct,401 - West Bridgewater,546,187,2,735,0
Precinct,402 - Montezuma,792,114,0,906,0
Precinct,403 - Mt Crawford,128,46,0,174,0
Precinct,404 - North River,716,184,1,901,0
Precinct,405 - Ottobine,1045,114,4,1163,0
Precinct,406 - East Bridgewater,618,264,1,883,0
Precinct,501 - Elkton,834,168,0,1002,0
Precinct,502 - Swift Run,1381,133,1,1515,0
Precinct,503 - Mcgaheysville,1084,226,2,1312,0
Precinct,504 - South Fork,627,62,0,689,0
Precinct,505 - Stony Run,691,257,0,948,0
Precinct,Ab - Central Absentee Precinct,820,1132,0,1952,0
Precinct,Provisional,10,5,0,15,0
Locality,Russell County,8121,1469,4,9594,0
Precinct,##ev - Central Absentee Precinct,1436,387,1,1824,0
Precinct,##pe - Central Absentee Precinct,8,6,0,14,0
Precinct,101 - Moccasin,523,50,0,573,0
Precinct,102 - Copper Creek,414,56,0,470,0
Precinct,103 - South Castlewood,300,42,0,342,0
Precinct,201 - North Castlewood,784,107,0,891,0
Precinct,202 - Dante,159,25,0,184,0
Precinct,301 - Cooks Mill,161,20,0,181,0
Precinct,302 - Daugherty,214,33,0,247,0
Precinct,303 - New Garden,454,54,0,508,0
Precinct,304 - Cleveland,245,52,0,297,0
Precinct,401 - Drill,59,10,0,69,0
Precinct,402 - Swords Creek,765,54,1,820,0
Precinct,403 - Honaker,280,43,1,324,0
Precinct,501 - West Lebanon,866,151,0,1017,0
Precinct,601 - East Lebanon,505,71,1,577,0
Precinct,602 - Elk Garden,802,84,0,886,0
Precinct,Ab - Central Absentee Precinct,143,222,0,365,0
Precinct,Provisional,3,2,0,5,0
Locality,Salem City,6102,3372,13,9487,0
Precinct,##ev - Central Absentee Precinct,2109,1389,3,3501,0
Precinct,##pe - Central Absentee Precinct,5,11,0,16,0
Precinct,1 - North Salem No 2,377,171,1,549,0
Precinct,2 - Conehurst,258,103,0,361,0
Precinct,3 - Beverly Heights,280,73,2,355,0
Precinct,4 - West Salem,371,151,1,523,0
Precinct,5 - North Salem No 1,501,267,1,769,0
Precinct,6 - South Salem No 1,282,131,1,414,0
Precinct,7 - South Salem No 2,413,130,0,543,0
Precinct,8 - East Salem,165,81,0,246,0
Precinct,9 - South Side Hills,538,161,1,700,0
Precinct,10 - Hidden Valley,588,219,3,810,0
Precinct,Ab - Central Absentee Precinct,215,485,0,700,0
Precinct,Provisional,0,0,0,0,0
Locality,Scott County,6973,1056,8,8037,0
Precinct,##ev - Central Absentee Precinct,1421,250,0,1671,0
Precinct,##pe - Central Absentee Precinct,5,3,0,8,0
Precinct,101 - Weber City,372,56,1,429,0
Precinct,102 - Yuma,510,75,2,587,0
Precinct,202 - Weber City East,256,36,0,292,0
Precinct,203 - Hiltons,502,57,0,559,0
Precinct,204 - Clark's,158,10,0,168,0
Precinct,301 - Nickelsville,400,33,0,433,0
Precinct,302 - Snowflake,315,37,0,352,0
Precinct,303 - Twin Springs,228,42,0,270,0
Precinct,304 - Copper Creek,93,8,0,101,0
Precinct,401 - Gate City,755,114,1,870,0
Precinct,501 - Dungannon,193,34,1,228,0
Precinct,502 - Fort Blackmore,220,36,0,256,0
Precinct,503 - Manville,144,8,0,152,0
Precinct,504 - Rye Cove,355,30,0,385,0
Precinct,601 - Clinchport,200,21,0,221,0
Precinct,602 - Duffield-pattonsville,537,63,1,601,0
Precinct,603 - Fairview,132,21,0,153,0
Precinct,Ab - Central Absentee Precinct,175,122,2,299,0
Precinct,Provisional,2,0,0,2,0
Locality,Shenandoah County,13566,4627,19,18212,0
Precinct,##ev - Central Absentee Precinct,2897,1539,4,4440,0
Precinct,##pe - Central Absentee Precinct,15,15,0,30,0
Precinct,101 - Orkney Springs,487,186,1,674,0
Precinct,103 - New Market,1287,318,0,1605,0
Precinct,201 - Conicville,1026,179,1,1206,0
Precinct,202 - Mt Jackson,769,168,1,938,0
Precinct,302 - Edinburg,781,173,1,955,0
Precinct,303 - St Luke,873,145,0,1018,0
Precinct,304 - Fort Valley,488,104,1,593,0
Precinct,401 - Woodstock,1088,345,1,1434,0
Precinct,501 - Cedar Creek,83,31,0,114,0
Precinct,503 - Toms Brook,1048,197,2,1247,0
Precinct,504 - Lebanon Church,909,178,0,1087,0
Precinct,601 - Strasburg,1447,445,3,1895,0
Precinct,Ab - Central Absentee Precinct,359,598,4,961,0
Precinct,Provisional,9,6,0,15,0
Locality,Smyth County,8439,1742,9,10190,0
Precinct,##ev - Central Absentee Precinct,681,258,1,940,0
Precinct,##pe - Central Absentee Precinct,16,15,1,32,0
Precinct,101 - Saltville,961,152,1,1114,0
Precinct,201 - Seven Mile Ford,730,78,0,808,0
Precinct,202 - Rich Valley,304,56,0,360,0
Precinct,301 - Chilhowie,902,145,0,1047,0
Precinct,302 - St Clair,321,39,0,360,0
Precinct,401 - East Park,541,124,1,666,0
Precinct,402 - West Park,295,71,1,367,0
Precinct,501 - Atkins,757,78,2,837,0
Precinct,502 - Wassona,380,139,1,520,0
Precinct,601 - Royal Oak East,579,115,0,694,0
Precinct,602 - Royal Oak West,357,75,0,432,0
Precinct,701 - Adwolfe,810,58,0,868,0
Precinct,702 - Sugar Grove,435,83,0,518,0
Precinct,703 - Konnarock,81,11,0,92,0
Precinct,Ab - Central Absentee Precinct,287,245,1,533,0
Precinct,Provisional,2,0,0,2,0
Locality,Southampton County,5079,2710,7,7796,0
Precinct,##ev - Central Absentee Precinct,980,696,2,1678,0
Precinct,##pe - Central Absentee Precinct,4,2,0,6,0
Precinct,101 - Berlin,467,66,2,535,0
Precinct,102 - Ivor,433,190,1,624,0
Precinct,201 - Boykins,306,248,0,554,0
Precinct,202 - Branchville,145,71,0,216,0
Precinct,301 - Capron,254,145,0,399,0
Precinct,302 - Sebrell,313,115,1,429,0
Precinct,401 - Drewryville,224,143,0,367,0
Precinct,501 - Hunterdale,520,134,0,654,0
Precinct,502 - Forks-of-the-river,203,105,0,308,0
Precinct,601 - Courtland,353,196,1,550,0
Precinct,602 - Sedley,277,38,0,315,0
Precinct,701 - Blackwater River,128,152,0,280,0
Precinct,702 - Newsoms,361,138,0,499,0
Precinct,Ab - Central Absentee Precinct,110,265,0,375,0
Precinct,Provisional,1,6,0,7,0
Locality,Spotsylvania County,32413,21638,35,54086,0
Precinct,##ev - Central Absentee Precinct (CD 1),2289,2053,0,4342,0
Precinct,##ev - Central Absentee Precinct (CD 7),6378,4380,7,10765,0
Precinct,##pe - Central Absentee Precinct (CD 1),24,41,0,65,0
Precinct,##pe - Central Absentee Precinct (CD 7),66,137,0,203,0
Precinct,101 - Partlow (CD 7),1048,217,0,1265,0
Precinct,102 - Blaydes Corner (CD 7),1006,243,2,1251,0
Precinct,103 - Travelers Rest (CD 7),1115,511,0,1626,0
Precinct,103 - Travelers Rest (CD 1),1,3,0,4,0
Precinct,104 - Massaponax (CD 1),822,432,1,1255,0
Precinct,201 - Wilderness School (CD 7),814,429,2,1245,0
Precinct,202 - Wilderness Fire (CD 7),990,365,0,1355,0
Precinct,203 - Ni River Elys Ford (CD 7),873,350,0,1223,0
Precinct,204 - Chancellor (CD 7),874,560,1,1435,0
Precinct,301 - Plank Road (CD 7),827,489,0,1316,0
Precinct,302 - Hazel Run (CD 7),713,521,1,1235,0
Precinct,303 - Riverbend (CD 7),1244,632,1,1877,0
Precinct,401 - Summit (CD 1),938,666,0,1604,0
Precinct,402 - Parkside (CD 1),581,544,1,1126,0
Precinct,402 - Parkside (CD 7),198,203,0,401,0
Precinct,403 - Lee Hill (CD 1),802,667,2,1471,0
Precinct,501 - Belmont (CD 7),905,215,2,1122,0
Precinct,502 - Brokenburg (CD 7),831,224,1,1056,0
Precinct,503 - Post Oak (CD 7),912,186,1,1099,0
Precinct,504 - Courthouse (CD 7),854,391,1,1246,0
Precinct,505 - Brock (CD 7),1198,404,1,1603,0
Precinct,601 - Salem (CD 7),866,538,1,1405,0
Precinct,602 - Smith Station (CD 7),958,826,2,1786,0
Precinct,603 - Piedmont (CD 7),538,314,0,852,0
Precinct,701 - Battlefield (CD 1),569,454,2,1025,0
Precinct,702 - Brents Mill (CD 1),353,293,1,647,0
Precinct,702 - Brents Mill (CD 7),397,325,1,723,0
Precinct,703 - Fairview (CD 7),273,217,0,490,0
Precinct,703 - Fairview (CD 1),95,88,0,183,0
Precinct,704 - Gayle (CD 7),708,512,0,1220,0
Precinct,704 - Gayle (CD 1),221,138,0,359,0
Precinct,Ab - Central Absentee Precinct (CD 1),255,881,2,1138,0
Precinct,Ab - Central Absentee Precinct (CD 7),842,2122,2,2966,0
Precinct,Provisional (CD 1),4,20,0,24,0
Precinct,Provisional (CD 7),31,47,0,78,0
Locality,Stafford County,31463,25839,48,57350,0
Precinct,##ev - Central Absentee Precinct,6286,6433,7,12726,0
Precinct,##pe - Central Absentee Precinct,89,162,0,251,0
Precinct,101 - Hartwood,1981,690,1,2672,0
Precinct,102 - Rocky Run,812,640,3,1455,0
Precinct,103 - Simpson,914,527,0,1441,0
Precinct,104 - College,1294,775,1,2070,0
Precinct,201 - Rock Hill,778,480,1,1259,0
Precinct,202 - Roseville,925,680,2,1607,0
Precinct,203 - Ruby,1015,294,3,1312,0
Precinct,204 - Stefaniga,1134,604,4,1742,0
Precinct,301 - Griffis,389,580,0,969,0
Precinct,302 - Widewater,809,710,1,1520,0
Precinct,303 - Harbour,596,412,0,1008,0
Precinct,304 - Barrett,336,313,1,650,0
Precinct,401 - Aquia,157,336,1,494,0
Precinct,402 - Courthouse,698,905,0,1603,0
Precinct,403 - Brooke,1239,640,0,1879,0
Precinct,404 - Government Island,703,477,2,1182,0
Precinct,501 - Grafton,1335,672,3,2010,0
Precinct,502 - Falmouth,848,639,2,1489,0
Precinct,503 - Drew,846,626,3,1475,0
Precinct,504 - Gayle,507,585,0,1092,0
Precinct,601 - Ferry Farm,913,466,2,1381,0
Precinct,602 - Chatham,983,624,0,1607,0
Precinct,603 - White Oak,1509,556,1,2066,0
Precinct,604 - England Run,344,508,1,853,0
Precinct,701 - Woodlands,1088,980,3,2071,0
Precinct,702 - Whitson,558,632,1,1191,0
Precinct,703 - Hampton,1045,806,1,1852,0
Precinct,Ab - Central Absentee Precinct,1309,3030,4,4343,0
Precinct,Provisional,23,57,0,80,0
Locality,Staunton City,4686,5003,13,9702,0
Precinct,##ev - Central Absentee Precinct,1253,1947,5,3205,0
Precinct,##pe - Central Absentee Precinct,14,26,0,40,0
Precinct,101 - Ward No 1,670,459,2,1131,0
Precinct,201 - Ward No 2,838,417,1,1256,0
Precinct,301 - Ward No 3,676,488,1,1165,0
Precinct,401 - Ward No 4,511,448,2,961,0
Precinct,501 - Ward No 5,424,506,0,930,0
Precinct,Ab - Central Absentee Precinct,295,703,2,1000,0
Precinct,Provisional,5,9,0,14,0
Locality,Suffolk City,17476,19016,41,36533,0
Precinct,##ev - Central Absentee Precinct (CD 3),2050,3575,3,5628,0
Precinct,##ev - Central Absentee Precinct (CD 4),1627,1936,6,3569,0
Precinct,##pe - Central Absentee Precinct (CD 3),48,104,0,152,0
Precinct,##pe - Central Absentee Precinct (CD 4),17,42,0,59,0
Precinct,101 - Belleharbour (CD 3),288,505,5,798,0
Precinct,102 - Driver (CD 3),1500,567,3,2070,0
Precinct,104 - Bennetts Creek (CD 3),761,595,3,1359,0
Precinct,201 - Ebenezer (CD 3),854,293,0,1147,0
Precinct,202 - Chuckatuck (CD 3),707,294,0,1001,0
Precinct,203 - Kings Fork (CD 3),489,609,2,1100,0
Precinct,204 - Hillpoint (CD 3),417,524,1,942,0
Precinct,301 - White Marsh (CD 4),105,161,1,267,0
Precinct,302 - John F Kennedy (CD 4),24,362,1,387,0
Precinct,302 - John F Kennedy (CD 3),145,318,0,463,0
Precinct,304 - Nansemond River (CD 3),497,579,1,1077,0
Precinct,305 - Shoulders Hill (CD 3),250,260,1,511,0
Precinct,401 - Airport (CD 4),393,185,1,579,0
Precinct,402 - Whaleyville (CD 4),717,161,1,879,0
Precinct,403 - Southside (CD 4),41,317,0,358,0
Precinct,404 - Booker T Washington (CD 4),36,411,0,447,0
Precinct,404 - Booker T Washington (CD 3),12,124,0,136,0
Precinct,405 - Pittmantown (CD 4),213,108,0,321,0
Precinct,501 - Kilbys Mill (CD 4),842,363,0,1205,0
Precinct,502 - Holland (CD 4),1024,327,0,1351,0
Precinct,504 - Lake Cohoon (CD 4),777,330,0,1107,0
Precinct,504 - Lake Cohoon (CD 3),225,53,0,278,0
Precinct,601 - Lakeside (CD 4),438,370,1,809,0
Precinct,602 - Olde Towne (CD 4),1,1,0,2,0
Precinct,602 - Olde Towne (CD 3),115,126,0,241,0
Precinct,603 - Elephants Fork/westhaven (CD 4),170,151,0,321,0
Precinct,604 - Wilroy (CD 3),437,388,0,825,0
Precinct,605 - Hollywood (CD 3),30,320,0,350,0
Precinct,702 - Harbourview (CD 3),772,733,4,1509,0
Precinct,704 - Burbage Grant (CD 3),508,780,4,1292,0
Precinct,706 - Huntersville (CD 3),244,922,0,1166,0
Precinct,AB - Central Absentee Precinct (CD 3),466,1467,3,1936,0
Precinct,Ab - Central Absentee Precinct (CD 4),214,617,0,831,0
Precinct,Provisional (CD 3),12,29,0,41,0
Precinct,Provisional (CD 4),10,9,0,19,0
Locality,Surry County,1770,1744,3,3517,0
Precinct,##ev - Central Absentee Precinct,418,550,0,968,0
Precinct,##pe - Central Absentee Precinct,1,7,0,8,0
Precinct,101 - Surry,293,129,1,423,0
Precinct,201 - Bacons Castle,242,214,0,456,0
Precinct,301 - Dendron,268,179,1,448,0
Precinct,401 - Carsley,271,220,0,491,0
Precinct,501 - Claremont,193,128,1,322,0
Precinct,502 - Spring Grove,28,87,0,115,0
Precinct,AB - Central Absentee Precinct,56,230,0,286,0
Precinct,Provisional,0,0,0,0,0
Locality,Sussex County,1972,2015,6,3993,0
Precinct,##ev - Central Absentee Precinct,403,438,0,841,0
Precinct,##pe - Central Absentee Precinct,1,2,0,3,0
Precinct,101 - Waverly,101,307,1,409,0
Precinct,201 - Stony Creek,148,200,0,348,0
Precinct,202 - Little Mill,49,49,1,99,0
Precinct,301 - Courthouse,269,63,0,332,0
Precinct,302 - Wakefield,118,19,0,137,0
Precinct,401 - Mars Hill,197,234,1,432,0
Precinct,402 - West Wakefield,5,35,0,40,0
Precinct,501 - Henry,174,197,0,371,0
Precinct,502 - Yale,81,72,0,153,0
Precinct,601 - Blackwater,232,111,3,346,0
Precinct,602 - Newville,110,54,0,164,0
Precinct,AB - Central Absentee Precinct,84,228,0,312,0
Precinct,Provisional,0,6,0,6,0
Locality,Tazewell County,11992,1850,1,13843,0
Precinct,##ev - Central Absentee Precinct,3030,570,0,3600,0
Precinct,##pe - Central Absentee Precinct,12,12,0,24,0
Precinct,101 - Indian Valley,361,22,0,383,0
Precinct,102 - Tip Top,210,21,0,231,0
Precinct,103 - Mundy Town,408,27,0,435,0
Precinct,104 - Falls Mills,286,27,0,313,0
Precinct,106 - Pocahontas,111,14,0,125,0
Precinct,107 - Amonate,35,4,0,39,0
Precinct,109 - Bishop,101,4,0,105,0
Precinct,112 - Bandy,125,13,0,138,0
Precinct,203 - Burkes Garden,82,8,0,90,0
Precinct,204 - Clear Fork,261,20,0,281,0
Precinct,207 - Freestone,102,14,0,116,0
Precinct,209 - Jeffersonville,877,137,1,1015,0
Precinct,214 - Thompson Valley,294,28,0,322,0
Precinct,301 - Cedar Bluff,923,74,0,997,0
Precinct,302 - Baptist Valley,211,25,0,236,0
Precinct,303 - Paint Lick,755,79,0,834,0
Precinct,401 - Richlands,1488,188,0,1676,0
Precinct,402 - Jewell Ridge,151,11,0,162,0
Precinct,501 - Springville,687,54,0,741,0
Precinct,502 - Graham,1102,166,0,1268,0
Precinct,Ab - Central Absentee Precinct,373,326,0,699,0
Precinct,Provisional,7,6,0,13,0
Locality,Virginia Beach City,87170,73997,145,161312,0
Precinct,##ev - Central Absentee Precinct,19783,17384,25,37192,0
Precinct,##pe - Central Absentee Precinct,277,529,0,806,0
Precinct,1 - North Beach,1121,463,1,1585,0
Precinct,2 - South Beach,707,503,1,1211,0
Precinct,3 - Ocean Lakes,570,316,1,887,0
Precinct,4 - Linkhorn,752,359,4,1115,0
Precinct,5 - Seatack,533,434,1,968,0
Precinct,6 - Alanton,822,425,2,1249,0
Precinct,7 - Kingston,635,317,0,952,0
Precinct,8 - London Bridge,776,524,1,1301,0
Precinct,9 - Trantwood,737,357,2,1096,0
Precinct,10 - Great Neck,846,269,1,1116,0
Precinct,11 - Cape Henry,840,640,1,1481,0
Precinct,12 - Plaza,575,524,1,1100,0
Precinct,13 - Mt Trashmore,831,534,0,1365,0
Precinct,14 - Malibu,785,501,4,1290,0
Precinct,15 - Old Donation,516,352,2,870,0
Precinct,16 - Aragona,877,564,0,1441,0
Precinct,17 - Ocean Park,496,273,2,771,0
Precinct,18 - Thoroughgood,795,440,0,1235,0
Precinct,19 - Lake Smith,488,249,0,737,0
Precinct,20 - Bayside,610,434,2,1046,0
Precinct,21 - Davis Corner,307,644,0,951,0
Precinct,22 - Point O View,664,391,1,1056,0
Precinct,23 - Arrowhead,792,493,2,1287,0
Precinct,24 - Larkspur,507,405,0,912,0
Precinct,25 - Avalon,1061,678,1,1740,0
Precinct,26 - Fairfield,748,508,0,1256,0
Precinct,27 - Edwin,814,473,1,1288,0
Precinct,28 - Thalia,603,323,1,927,0
Precinct,29 - Holland,470,488,0,958,0
Precinct,30 - Red Wing,598,295,0,893,0
Precinct,31 - Sigma,1084,390,1,1475,0
Precinct,32 - Creeds,721,141,0,862,0
Precinct,33 - Capps Shop,753,145,0,898,0
Precinct,34 - Blackwater,458,99,2,559,0
Precinct,35 - Courthouse,645,263,0,908,0
Precinct,36 - Windsor Oaks,610,634,1,1245,0
Precinct,37 - Chesapeake Beach,535,369,1,905,0
Precinct,38 - Witchduck,940,434,0,1374,0
Precinct,39 - Pembroke,726,563,4,1293,0
Precinct,40 - Bonney,461,348,1,810,0
Precinct,41 - College Park,407,916,3,1326,0
Precinct,42 - Brandon,633,571,0,1204,0
Precinct,43 - Bellamy,415,567,1,983,0
Precinct,44 - Centerville,831,497,0,1328,0
Precinct,45 - Timberlake,414,597,1,1012,0
Precinct,46 - Green Run,393,532,0,925,0
Precinct,47 - Kings Grant,1095,479,0,1574,0
Precinct,48 - Wolfsnare,809,465,1,1275,0
Precinct,49 - Lynnhaven,685,333,0,1018,0
Precinct,50 - Oceana,283,380,0,663,0
Precinct,51 - Stratford Chase,650,378,0,1028,0
Precinct,52 - Homestead,857,619,1,1477,0
Precinct,53 - Shannon,591,376,2,969,0
Precinct,54 - Cromwell,427,316,1,744,0
Precinct,55 - Magic Hollow,412,617,3,1032,0
Precinct,56 - Edinburgh,416,269,0,685,0
Precinct,57 - Sherry Park,530,262,2,794,0
Precinct,58 - Glenwood,696,526,0,1222,0
Precinct,59 - Shelton Park,503,318,0,821,0
Precinct,60 - Foxfire,1029,401,0,1430,0
Precinct,61 - Baker,168,733,5,906,0
Precinct,62 - Landstown,811,488,4,1303,0
Precinct,63 - Culver,913,574,1,1488,0
Precinct,64 - Rosemont Forest,588,406,0,994,0
Precinct,65 - Colonial,666,532,2,1200,0
Precinct,66 - Hunt,740,359,0,1099,0
Precinct,67 - Eastern Shore,285,285,1,571,0
Precinct,68 - Manor,715,454,4,1173,0
Precinct,69 - Shell,310,493,2,805,0
Precinct,70 - Corporate Landing,696,452,0,1148,0
Precinct,71 - Round Hill,357,297,2,656,0
Precinct,72 - Rudee,812,391,1,1204,0
Precinct,73 - Dahlia,334,528,1,863,0
Precinct,74 - Buckner,370,465,2,837,0
Precinct,75 - Colony,912,403,4,1319,0
Precinct,76 - Village,330,465,1,796,0
Precinct,77 - Brookwood,567,445,2,1014,0
Precinct,78 - Indian Lakes,507,489,0,996,0
Precinct,79 - Pleasant Hall,324,470,0,794,0
Precinct,80 - Chimney Hill,339,508,0,847,0
Precinct,81 - Rock Lake,571,571,1,1143,0
Precinct,82 - Shelburne,668,321,0,989,0
Precinct,83 - Strawbridge,926,466,2,1394,0
Precinct,84 - Tallwood,504,563,0,1067,0
Precinct,85 - Upton,944,426,0,1370,0
Precinct,86 - Haygood,697,507,1,1205,0
Precinct,87 - Hillcrest,685,429,0,1114,0
Precinct,88 - North Landing,632,386,1,1019,0
Precinct,89 - Lake Christopher,730,465,2,1197,0
Precinct,90 - Lake Joyce,537,270,1,808,0
Precinct,91 - Lexington,445,560,0,1005,0
Precinct,92 - Little Neck,687,348,4,1039,0
Precinct,93 - Newtown,158,672,0,830,0
Precinct,94 - Pinewood,402,254,0,656,0
Precinct,95 - Dam Neck,523,289,1,813,0
Precinct,96 - Hilltop,340,369,1,710,0
Precinct,97 - Indian River,429,523,1,953,0
Precinct,98 - Independence,226,350,0,576,0
Precinct,99 - Salem Woods,348,388,0,736,0
Precinct,100 - Sandbridge,506,169,0,675,0
Precinct,Ab - Central Absentee Precinct,5372,12311,16,17699,0
Precinct,Provisional,151,229,0,380,0
Locality,Warren County,11203,4421,28,15652,0
Precinct,##ev - Central Absentee Precinct,2508,1492,0,4000,0
Precinct,##pe - Central Absentee Precinct,15,22,0,37,0
Precinct,101 - Fork Town,447,155,3,605,0
Precinct,102 - Otterburn,1178,235,3,1416,0
Precinct,201 - Happy Creek,807,255,3,1065,0
Precinct,202 - Linden,853,309,1,1163,0
Precinct,301 - North River,570,216,0,786,0
Precinct,302 - Riverton,960,212,3,1175,0
Precinct,401 - East Shenandoah,1332,296,5,1633,0
Precinct,402 - Town - West Shenandoah,474,135,0,609,0
Precinct,501 - South River,887,249,2,1138,0
Precinct,502 - Bentonville,463,103,3,569,0
Precinct,504 - Browntown,362,91,0,453,0
Precinct,Ab - Central Absentee Precinct,336,645,4,985,0
Precinct,Provisional,11,6,1,18,0
Locality,Washington County,17387,4459,16,21862,0
Precinct,##ev - Central Absentee Precinct,3728,1436,2,5166,0
Precinct,##pe - Central Absentee Precinct,17,27,0,44,0
Precinct,101 - East Abingdon,899,272,0,1171,0
Precinct,102 - West Abingdon,437,142,0,579,0
Precinct,201 - Clinchburg,502,60,0,562,0
Precinct,202 - Greendale,702,78,1,781,0
Precinct,203 - Hayters Gap,310,28,1,339,0
Precinct,204 Woodland Hills,496,93,0,589,0
Precinct,301 - Watauga,1007,181,1,1189,0
Precinct,302 - South Abingdon,719,223,2,944,0
Precinct,401 - Glade Spring,850,151,0,1001,0
Precinct,402 - Meadowview,981,150,0,1131,0
Precinct,501 - Rhea Valley,1294,138,1,1433,0
Precinct,502 - Damascus,543,150,1,694,0
Precinct,504 - Green Cove,120,13,0,133,0
Precinct,601 - Burson Place,1069,83,1,1153,0
Precinct,602 - Mendota,247,19,0,266,0
Precinct,603 - Valley Institute,813,111,0,924,0
Precinct,701 - High Point,864,108,1,973,0
Precinct,702 - Wallace,395,53,0,448,0
Precinct,703 - John Battle,799,132,0,931,0
Precinct,Ab - Central Absentee Precinct,587,808,5,1400,0
Precinct,Provisional,8,3,0,11,0
Locality,Waynesboro City,4508,3273,10,7791,0
Precinct,##ev - Central Absentee Precinct,1228,971,2,2201,0
Precinct,##pe - Central Absentee Precinct,4,15,0,19,0
Precinct,1 - Ward A,476,292,1,769,0
Precinct,2 - Ward B,751,464,2,1217,0
Precinct,3 - Ward C,728,402,0,1130,0
Precinct,4 - Ward D,1034,492,2,1528,0
Precinct,Ab - Central Absentee Precinct,280,625,3,908,0
Precinct,Provisional,7,12,0,19,0
Locality,Westmoreland County,4559,3000,13,7572,0
Precinct,##ev - Central Absentee Precinct,1118,856,1,1975,0
Precinct,##pe - Central Absentee Precinct,3,7,0,10,0
Precinct,101 - Precinct 1-1,210,320,3,533,0
Precinct,102 - Precinct 1-2,149,118,1,268,0
Precinct,201 - Precinct 2-1,327,274,1,602,0
Precinct,202 - Precinct 2-2,298,114,1,413,0
Precinct,301 - Precinct 3-1,289,141,3,433,0
Precinct,302 - Precinct 3-2,344,149,0,493,0
Precinct,401 - Precinct 4-1,936,247,0,1183,0
Precinct,501 - Precinct 5-1,744,382,2,1128,0
Precinct,Ab - Central Absentee Precinct,134,385,1,520,0
Precinct,Provisional,7,7,0,14,0
Locality,Williamsburg City,1711,3186,7,4904,0
Precinct,##ev - Central Absentee Precinct,800,1390,4,2194,0
Precinct,##pe - Central Absentee Precinct,4,13,0,17,0
Precinct,1 - Stryker,487,718,2,1207,0
Precinct,2 - Matoaka,317,585,0,902,0
Precinct,Ab - Central Absentee Precinct,97,469,1,567,0
Precinct,Provisional,6,11,0,17,0
Locality,Winchester City,4122,4324,8,8454,0
Precinct,##ev - Central Absentee Precinct,1320,1695,1,3016,0
Precinct,##pe - Central Absentee Precinct,12,40,0,52,0
Precinct,101 - Merrimans,557,455,0,1012,0
Precinct,102 - Old Town,420,315,0,735,0
Precinct,201 - Virginia Avenue,370,397,1,768,0
Precinct,301 - War Memorial,486,366,2,854,0
Precinct,401 - Frederick Douglass,271,201,4,476,0
Precinct,402 - Rolling Hills,549,371,0,920,0
Precinct,AB - Central Absentee Precinct,133,474,0,607,0
Precinct,Provisional,4,10,0,14,0
Locality,Wise County,9570,1867,11,11448,0
Precinct,##ev - Central Absentee Precinct,2350,539,2,2891,0
Precinct,##pe - Central Absentee Precinct,15,10,0,25,0
Precinct,101 - Appalachia,463,80,0,543,0
Precinct,102 - Dorchester,325,44,0,369,0
Precinct,103 - Guest River Voting Place,310,40,0,350,0
Precinct,104 - West Pound,788,103,0,891,0
Precinct,201 - North Coeburn,426,44,0,470,0
Precinct,202 - Wise,940,200,2,1142,0
Precinct,203 - East Pound,211,23,1,235,0
Precinct,301 - Big Stone Gap,703,139,1,843,0
Precinct,302 - East Stone Gap,919,112,0,1031,0
Precinct,401 - Clinch Valley,677,98,1,776,0
Precinct,402 - South Coeburn,874,75,1,950,0
Precinct,403 - St Paul,309,66,0,375,0
Precinct,Ab - Central Absentee Precinct,257,293,3,553,0
Precinct,Provisional,3,1,0,4,0
Locality,Wythe County,9308,2167,11,11486,0
Precinct,##ev - Central Absentee Precinct,1551,686,1,2238,0
Precinct,##pe - Central Absentee Precinct,6,3,0,9,0
Precinct,101 - Royal Oak,280,42,0,322,0
Precinct,102 - Rural Retreat,1152,150,0,1302,0
Precinct,203 - West Wytheville,869,193,2,1064,0
Precinct,303 - East Wytheville,919,266,2,1187,0
Precinct,401 - Fort Chiswell,712,108,0,820,0
Precinct,402 - Max Meadows,749,93,3,845,0
Precinct,501 - Jackson Memorial,545,83,0,628,0
Precinct,502 - Sheffey,788,75,0,863,0
Precinct,601 - Huddle,403,42,1,446,0
Precinct,602 - Zion,612,84,0,696,0
Precinct,603 Evergreen,430,56,1,487,0
Precinct,Ab - Central Absentee Precinct,283,281,1,565,0
Precinct,Provisional,9,5,0,14,0
Locality,York County,17593,12132,23,29748,0
Precinct,##ev - Central Absentee Precinct,6718,5411,9,12138,0
Precinct,##pe - Central Absentee Precinct,20,38,0,58,0
Precinct,101 - Queens Lake,530,409,0,939,0
Precinct,102 - Waller Mill,702,405,0,1107,0
Precinct,103 - Magruder,713,752,1,1466,0
Precinct,201 - Coventry,937,626,2,1565,0
Precinct,202 - Kiln Creek,504,297,0,801,0
Precinct,301 - Seaford,1434,297,0,1731,0
Precinct,302 - Yorktown,640,284,1,925,0
Precinct,303 - Edgehill,683,508,4,1195,0
Precinct,401 - Harwoods Mill,949,284,0,1233,0
Precinct,402 - Dare,902,272,0,1174,0
Precinct,403 - Grafton,428,182,1,611,0
Precinct,501 - Tabb,1018,380,2,1400,0
Precinct,502 - Bethel,841,546,1,1388,0
Precinct,Ab - Central Absentee Precinct,556,1419,2,1977,0
Precinct,Provisional,18,22,0,40,0
