,,Mark Robert Warner,Daniel Mac Arthur Gade,Write-Ins,Total Votes Cast,Undervotes
,,Democratic,Republican,,,
State,Virginia,2466500,1934199,4388,4405087,0
Locality,Accomack County,7939,8863,9,16811,0
Precinct,101 - Chincoteague,272,1032,1,1305,0
Precinct,201 - Atlantic,106,425,0,531,0
Precinct,202 - Greenbackville,160,696,0,856,0
Precinct,301 - New Church,298,421,1,720,0
Precinct,401 - Bloxom,91,295,0,386,0
Precinct,402 - Parksley,137,364,0,501,0
Precinct,403 - Saxis,46,136,1,183,0
Precinct,501 - Mappsville,135,150,0,285,0
Precinct,502 - Rue,104,86,0,190,0
Precinct,601 - Accomac,132,363,0,495,0
Precinct,602 - Tangier,41,199,0,240,0
Precinct,701 - Nandua,149,502,0,651,0
Precinct,801 - Bobtown,85,216,0,301,0
Precinct,802 - Melfa,154,273,0,427,0
Precinct,803 - Wachapreague,82,267,0,349,0
Precinct,901 - Painter,366,428,1,795,0
Precinct,Ab - Central Absentee Precinct,5569,3000,5,8574,0
Precinct,Provisional,12,10,0,22,0
Locality,Albemarle County,42730,20700,55,63485,0
Precinct,101 - Woodbrook,388,362,0,750,0
Precinct,103 - Branchlands,155,111,0,266,0
Precinct,104 - Agnor-hurt,392,266,3,661,0
Precinct,105 - Dunlora,365,303,0,668,0
Precinct,106 - Northside,501,675,3,1179,0
Precinct,201 - Jack Jouett,297,404,1,702,0
Precinct,202 - University,342,141,2,485,0
Precinct,203 - Georgetown,497,229,1,727,0
Precinct,301 - Ivy,503,500,0,1003,0
Precinct,302 - Red Hill,438,570,1,1009,0
Precinct,304 - East Ivy,128,119,0,247,0
Precinct,305 - Country Green,255,278,2,535,0
Precinct,306 - Porters,346,377,3,726,0
Precinct,307 - Yellow Mountain,130,170,0,300,0
Precinct,401 - Scottsville,216,510,2,728,0
Precinct,402 - Monticello,172,345,1,518,0
Precinct,405 - Mountain View,311,285,1,597,0
Precinct,406 - Stone Robinson,267,557,0,824,0
Precinct,407 - Biscuit Run,211,172,0,383,0
Precinct,501 - Keswick,251,345,0,596,0
Precinct,502 - Stony Point,220,396,0,616,0
Precinct,503 - Hollymead,440,396,0,836,0
Precinct,504 - Free Bridge,229,217,0,446,0
Precinct,506 - Baker-butler,365,578,1,944,0
Precinct,507 - Pantops,153,227,0,380,0
Precinct,601 - Crozet,349,612,1,962,0
Precinct,602 - Free Union,234,402,0,636,0
Precinct,603 - Earlysville,379,784,1,1164,0
Precinct,604 - Brownsville,308,448,0,756,0
Precinct,606 - Mechums River,377,500,0,877,0
Precinct,Ab - Central Absentee Precinct,33176,9331,32,42539,0
Precinct,Provisional,335,90,0,425,0
Locality,Alexandria City,65071,16802,107,81980,0
Precinct,101 - Ladrey Senior Building,155,157,0,312,0
Precinct,102 - City Hall,110,195,2,307,0
Precinct,103 - Lyles Crouch School,297,305,0,602,0
Precinct,104 - Durant Center,243,173,5,421,0
Precinct,105 - Lee Center,175,152,0,327,0
Precinct,106 - Cora Kelly,624,268,0,892,0
Precinct,107 - Mt Vernon Recreation Center,407,242,1,650,0
Precinct,108 - George Washington Middle Sch,306,182,0,488,0
Precinct,109 - Fire Department Headquarters,209,227,1,437,0
Precinct,110 - Charles Houston Center,375,164,1,540,0
Precinct,111 - Potomac Yard,195,124,1,320,0
Precinct,112 - Alex Renew,177,144,0,321,0
Precinct,201 - Maury School,256,218,1,475,0
Precinct,202 - George Mason School,236,277,0,513,0
Precinct,203 - Charles Barrett Center,312,203,1,516,0
Precinct,204 - Blessed Sacrament Church,254,238,0,492,0
Precinct,205 - Douglas Macarthur School,280,234,1,515,0
Precinct,206 - Chinquapin Park Recreation Ctr,220,168,1,389,0
Precinct,207 - Temple Beth El Synagogue,371,259,2,632,0
Precinct,208 - Nova Arts Center,460,277,2,739,0
Precinct,209 - James K Polk School,479,237,2,718,0
Precinct,210 - The Hermitage,191,122,0,313,0
Precinct,302 - Patrick Henry Rec Center,361,131,2,494,0
Precinct,303 - Charles E Beatley Library,300,108,0,408,0
Precinct,304 - Samuel Tucker School,413,176,1,590,0
Precinct,305 - John Adams School,671,197,0,868,0
Precinct,306 - William Ramsay School,648,187,0,835,0
Precinct,307 - South Port,468,186,1,655,0
Precinct,308 - Cameron Station Community Ctr,325,302,2,629,0
Precinct,309 - Olympus Condo,400,129,0,529,0
Precinct,Ab - Central Absentee Precinct,54818,10727,80,65625,0
Precinct,Provisional,335,93,0,428,0
Locality,Alleghany County,2822,5159,14,7995,0
Precinct,101 - Arritt,118,478,0,596,0
Precinct,103 - Dameron,53,179,1,233,0
Precinct,201 - Humpback Bridge,71,258,0,329,0
Precinct,202 - Dolly Ann,102,298,2,402,0
Precinct,301 - Callaghan,55,311,1,367,0
Precinct,302 - Griffith,139,389,1,529,0
Precinct,401 - Low Moor,77,270,0,347,0
Precinct,402 - Jackson Heights,101,290,0,391,0
Precinct,501 - Iron Gate,83,144,0,227,0
Precinct,502 - Peters Switch,177,510,0,687,0
Precinct,601 - District 1,254,460,2,716,0
Precinct,701 - District 2,212,290,2,504,0
Precinct,Ab - Central Absentee Precinct,1380,1282,5,2667,0
Precinct,Provisional,0,0,0,0,0
Locality,Amelia County,2559,5266,8,7833,0
Precinct,101 - Number One,138,545,1,684,0
Precinct,201 - Number Two,153,543,0,696,0
Precinct,301 - Number Three,136,545,0,681,0
Precinct,401 - Number Four,106,443,1,550,0
Precinct,501 - Number Five,221,626,3,850,0
Precinct,Ab - Central Absentee Precinct,1786,2545,3,4334,0
Precinct,Provisional,19,19,0,38,0
Locality,Amherst County,6273,10624,6,16903,0
Precinct,101 - Wright Shop,271,344,1,616,0
Precinct,102 - New Glasgow,164,545,0,709,0
Precinct,103 - Coolwell,101,368,1,470,0
Precinct,201 - Court House,253,618,1,872,0
Precinct,202 - Temperance,115,487,0,602,0
Precinct,301 - Monroe,109,416,0,525,0
Precinct,302 - Elon,262,1041,0,1303,0
Precinct,303 - Pleasant View,95,282,0,377,0
Precinct,401 - Amelon,318,952,0,1270,0
Precinct,402 - Lonco,79,289,0,368,0
Precinct,501 - Madison,375,956,1,1332,0
Precinct,Ab - Central Absentee Precinct,4080,4320,2,8402,0
Precinct,Provisional,51,6,0,57,0
Locality,Appomattox County,2741,6306,10,9057,0
Precinct,101 - Vera,58,325,1,384,0
Precinct,102 - Pamplin,143,480,2,625,0
Precinct,201 - Chap,104,160,0,264,0
Precinct,202 - Spout Spring,120,587,0,707,0
Precinct,301 - Us 460,81,361,0,442,0
Precinct,302 - Stonewall,93,482,0,575,0
Precinct,401 - Courthouse,179,443,2,624,0
Precinct,501 - Oakville,179,456,1,636,0
Precinct,502 - Agee,91,207,0,298,0
Precinct,Ab - Central Absentee Precinct,1689,2798,4,4491,0
Precinct,Provisional,4,7,0,11,0
Locality,Arlington County,102880,26590,154,129624,0
Precinct,1 - Arlington,393,151,0,544,0
Precinct,2 - Ashton Heights,248,190,0,438,0
Precinct,3 - Aurora Hills,85,90,0,175,0
Precinct,4 - Ballston,312,233,0,545,0
Precinct,5 - Barcroft,307,174,1,482,0
Precinct,6 - Crystal City,175,136,2,313,0
Precinct,7 - Cherrydale,249,235,1,485,0
Precinct,8 - Hume,318,220,1,539,0
Precinct,9 - Columbia,253,162,1,416,0
Precinct,10 - Wilson,286,213,0,499,0
Precinct,11 - East Falls Church,154,176,0,330,0
Precinct,12 - Fairlington,270,226,2,498,0
Precinct,13 - Glen Carlyn,269,161,2,432,0
Precinct,14 - Clarendon,181,148,1,330,0
Precinct,15 - Lyon Park,197,129,1,327,0
Precinct,16 - Lyon Village,227,197,1,425,0
Precinct,17 - Overlee Knolls,209,219,0,428,0
Precinct,18 - Park Lane,219,229,1,449,0
Precinct,19 - Rosslyn,232,192,1,425,0
Precinct,20 - Thrifton,138,173,0,311,0
Precinct,21 - Virginia Highlands,73,75,0,148,0
Precinct,22 - Abingdon,279,224,2,505,0
Precinct,23 - Westover,301,211,0,512,0
Precinct,24 - Woodlawn,253,187,0,440,0
Precinct,25 - Arlington Forest,282,168,0,450,0
Precinct,26 - Fillmore,337,191,2,530,0
Precinct,27 - Jefferson,272,172,2,446,0
Precinct,28 - Wakefield,411,206,2,619,0
Precinct,29 - Dominion Hills,233,172,3,408,0
Precinct,30 - Glebe,415,132,0,547,0
Precinct,31 - Lexington,242,186,0,428,0
Precinct,32 - Oakridge,104,106,2,212,0
Precinct,33 - Rock Spring,177,237,0,414,0
Precinct,34 - Yorktown,144,200,0,344,0
Precinct,35 - Madison,115,193,0,308,0
Precinct,36 - Marshall,243,199,0,442,0
Precinct,37 - Nottingham,180,201,0,381,0
Precinct,38 - Arlington View,342,131,3,476,0
Precinct,39 - Ashlawn,165,132,0,297,0
Precinct,40 - Virginia Square,290,264,0,554,0
Precinct,41 - Navy League,132,126,3,261,0
Precinct,42 - Shirlington,258,143,0,401,0
Precinct,43 - Campbell,486,104,2,592,0
Precinct,44 - Dawson Terrace,202,149,3,354,0
Precinct,45 - Buckingham,288,150,0,438,0
Precinct,46 - Central,287,223,2,512,0
Precinct,47 - Four Mile Run,280,112,1,393,0
Precinct,48 - Ausa,107,121,1,229,0
Precinct,49 - Monroe,220,130,0,350,0
Precinct,50 - Crystal Plaza,262,190,1,453,0
Precinct,51 - Taylor,116,81,0,197,0
Precinct,52 - Gunston,276,149,0,425,0
Precinct,53 - Met Park,365,230,3,598,0
Precinct,54 - Garfield Park,143,84,1,228,0
Precinct,Ab - Central Absentee Precinct,89563,17260,105,106928,0
Precinct,Provisional,315,97,1,413,0
Locality,Augusta County,12224,29794,26,42044,0
Precinct,101 - Jolivue,115,405,1,521,0
Precinct,102 - Stuarts Draft Elementary,203,601,1,805,0
Precinct,103 - Verona,138,530,2,670,0
Precinct,201 - Crimora,205,993,1,1199,0
Precinct,202 - New Hope,135,683,2,820,0
Precinct,203 - Weyers Cave,246,920,0,1166,0
Precinct,301 - Fort Defiance,212,947,0,1159,0
Precinct,302 - North River,95,445,0,540,0
Precinct,303 - Mount Solon,117,770,0,887,0
Precinct,304 - Churchville Fire Station,85,513,0,598,0
Precinct,401 - Buffalo Gap,102,604,1,707,0
Precinct,402 - Churchville Elementary,105,553,2,660,0
Precinct,403 - Craigsville,132,575,0,707,0
Precinct,404 - Deerfield,54,266,0,320,0
Precinct,405 - Cedar Green,127,483,0,610,0
Precinct,501 - Greenville,142,903,0,1045,0
Precinct,502 - Middlebrook,105,534,0,639,0
Precinct,503 - Spottswood,125,624,0,749,0
Precinct,504 - White Hill,198,866,2,1066,0
Precinct,601 - Sherando,157,784,0,941,0
Precinct,602 - Ridgeview,234,1108,1,1343,0
Precinct,603 - Lyndhurst,180,808,1,989,0
Precinct,801 - Dooms,144,689,0,833,0
Precinct,802 - Fishersville,215,842,0,1057,0
Precinct,803 - Wilson,264,665,1,930,0
Precinct,Ab - Central Absentee Precinct,8314,12590,11,20915,0
Precinct,Provisional,75,93,0,168,0
Locality,Bath County,744,1688,2,2434,0
Precinct,101 - Warm Springs,53,202,0,255,0
Precinct,102 - Mountain Grove,15,50,0,65,0
Precinct,201 - Hot Springs,80,148,0,228,0
Precinct,301 - Fairview,39,256,1,296,0
Precinct,302 - Burnsville,8,81,0,89,0
Precinct,401 - Millboro,90,320,0,410,0
Precinct,501 - Healing Springs,82,260,0,342,0
Precinct,Ab - Central Absentee Precinct,377,367,1,745,0
Precinct,Provisional,0,4,0,4,0
Locality,Bedford County,13872,34407,39,48318,0
Precinct,101 - Goodview Elem School (CD 5),240,981,0,1221,0
Precinct,102 - Hardy Vol Fire Co (CD 5),156,498,0,654,0
Precinct,103 - Chamblissburg Baptist Church (CD 5),151,749,1,901,0
Precinct,104 - Stewartsville Rescue Squad (CD 5),176,649,2,827,0
Precinct,201 - Bedford Christian Church (CD 5),73,308,1,382,0
Precinct,202 - Staunton River High School (CD 5),115,525,1,641,0
Precinct,203 - Moneta Elem School (CD 5),189,846,0,1035,0
Precinct,204 - Quaker Baptist Church (CD 5),78,340,1,419,0
Precinct,205 - Saunders Vol Fire Co (CD 5),159,754,0,913,0
Precinct,301 - New London Academy (CD 6),117,746,0,863,0
Precinct,302 - Bedford Regional Water Auth (CD 5),90,406,0,496,0
Precinct,303 - Bethesda United Methodist Church (CD 5),84,467,0,551,0
Precinct,304 - Riverside Church (CD 6),75,389,0,464,0
Precinct,305 - Huddleston Elem School (CD 5),91,395,0,486,0
Precinct,306 - Forest Fire Station #2 (CD 6),65,460,0,525,0
Precinct,401 - Forest Elementary School (CD 6),183,861,2,1046,0
Precinct,402 - Thomas Jefferson Elem School (CD 6),138,470,1,609,0
Precinct,403 - Knights Of Columbus Bldg (CD 6),236,1025,1,1262,0
Precinct,404 - Forest Recreation Center (CD 6),131,796,1,928,0
Precinct,502 - Big Island Elem School (CD 6),68,315,0,383,0
Precinct,503 - Sedalia Center (CD 6),77,378,0,455,0
Precinct,504 - Suck Springs Baptist Church (CD 6),84,501,1,586,0
Precinct,505 - Boonsboro Elementary School (CD 6),271,819,0,1090,0
Precinct,506 - Boonsboro Ruritan Club (CD 6),272,1270,2,1544,0
Precinct,601 - Montvale Elem School (CD 6),184,679,2,865,0
Precinct,602 - Shady Grove Fire Department (CD 5),155,841,2,998,0
Precinct,603 - Thaxton Baptist Church #1 (CD 5),32,193,0,225,0
Precinct,604 - Bedford Welcome Center (CD 5),192,641,0,833,0
Precinct,701 - Goode Vol Rescue Squad (CD 5),130,885,0,1015,0
Precinct,702 - Liberty High School (CD 5),81,386,0,467,0
Precinct,703 - Thaxton Baptist Church #2 (CD 5),74,375,0,449,0
Precinct,704 - Bedford Central Library (CD 5),255,557,4,816,0
Precinct,Ab - Central Absentee Precinct (CD 5),5045,7938,9,12992,0
Precinct,Ab - Central Absentee Precinct (CD 6),4267,6843,8,11118,0
Precinct,Provisional (CD 5),73,57,0,130,0
Precinct,Provisional (CD 6),65,64,0,129,0
Locality,Bland County,732,2651,3,3386,0
Precinct,101 - Bastian,42,219,0,261,0
Precinct,102 - Ceres,57,243,1,301,0
Precinct,201 - Davis,28,79,0,107,0
Precinct,202 - Seddon,78,345,0,423,0
Precinct,301 - Hollybrook,53,277,1,331,0
Precinct,302 - Mechanicsburg,24,132,0,156,0
Precinct,401 - Rocky Gap,74,461,0,535,0
Precinct,Ab - Central Absentee Precinct,375,893,1,1269,0
Precinct,Provisional,1,2,0,3,0
Locality,Botetourt County,6512,14190,15,20717,0
Precinct,101 - Daleville,240,646,2,888,0
Precinct,102 - Greenfield,177,790,2,969,0
Precinct,201 - Blue Ridge,226,864,0,1090,0
Precinct,202 - Rainbow Forest,233,805,0,1038,0
Precinct,301 - Buchanan,243,830,1,1074,0
Precinct,302 - Mill Creek,199,757,1,957,0
Precinct,403 - Eagle Rock,153,638,0,791,0
Precinct,406 - Fincastle,140,837,1,978,0
Precinct,501 - Troutville,124,502,0,626,0
Precinct,502 - Cloverdale,214,723,1,938,0
Precinct,Ab - Central Absentee Precinct,4545,6790,7,11342,0
Precinct,Provisional,18,8,0,26,0
Locality,Bristol City,2787,4892,9,7688,0
Precinct,1 - First Ward,198,478,4,680,0
Precinct,2 - Second Ward,165,486,0,651,0
Precinct,3 - Third Ward,140,258,0,398,0
Precinct,4 - Fourth Ward,260,1022,0,1282,0
Precinct,Ab - Central Absentee Precinct,2008,2636,5,4649,0
Precinct,Provisional,16,12,0,28,0
Locality,Brunswick County,4727,3192,2,7921,0
Precinct,101 - Brodnax,120,127,0,247,0
Precinct,102 - Rock Store,116,237,0,353,0
Precinct,103 - Tillman,141,299,1,441,0
Precinct,201 - Dromgoole,69,77,0,146,0
Precinct,202 - Edgerton,196,79,0,275,0
Precinct,203 - Fitzhugh,194,123,0,317,0
Precinct,301 - Alberta,57,55,0,112,0
Precinct,302 - Danieltown,143,254,0,397,0
Precinct,303 - Elmore,86,109,1,196,0
Precinct,304 - Seymour,105,130,0,235,0
Precinct,401 - Sturgeon,258,226,0,484,0
Precinct,402 - King's Store,118,67,0,185,0
Precinct,501 - Totaro,264,98,0,362,0
Precinct,Ab - Central Absentee Precinct,2859,1311,0,4170,0
Precinct,Provisional,1,0,0,1,0
Locality,Buchanan County,2522,7202,12,9736,0
Precinct,102 - Blackey,62,305,1,368,0
Precinct,103 - Hurley,131,643,2,776,0
Precinct,201 - Grassy,33,88,0,121,0
Precinct,202 - Bull,91,304,1,396,0
Precinct,203 - Rocklick,87,381,1,469,0
Precinct,301 - Slate,107,408,2,517,0
Precinct,302 - North Grundy,83,308,1,392,0
Precinct,403 - South Grundy,129,401,0,530,0
Precinct,404 - Oakwood,15,42,0,57,0
Precinct,501 - Prater,117,333,0,450,0
Precinct,502 - Fox,67,85,1,153,0
Precinct,503 - Vansant,88,295,0,383,0
Precinct,601 - Council,97,242,1,340,0
Precinct,602 - Garden,112,348,0,460,0
Precinct,603 - Hurricane,117,187,0,304,0
Precinct,701 - Whitewood,120,439,0,559,0
Precinct,702 - Contrary,77,331,0,408,0
Precinct,Ab - Central Absentee Precinct,983,2040,2,3025,0
Precinct,Provisional,6,22,0,28,0
Locality,Buckingham County,3656,4392,4,8052,0
Precinct,101 - New Canton,243,379,1,623,0
Precinct,102 - Georgia Creek,54,151,1,206,0
Precinct,201 - White Hall,105,178,0,283,0
Precinct,301 - Curdsville,133,316,0,449,0
Precinct,302 - New Store,85,260,0,345,0
Precinct,401 - Maysville,156,338,1,495,0
Precinct,501 - Wrights,81,226,1,308,0
Precinct,502 - Glenmore,114,272,0,386,0
Precinct,601 - Slate River,215,300,0,515,0
Precinct,701 - Gold Hill,111,222,0,333,0
Precinct,Ab - Central Absentee Precinct,2353,1746,0,4099,0
Precinct,Provisional,6,4,0,10,0
Locality,Buena Vista City,1020,1724,3,2747,0
Precinct,1 - First Ward,147,389,1,537,0
Precinct,2 - Second Ward,113,312,1,426,0
Precinct,AB - Central Absentee Precinct,760,1023,1,1784,0
Precinct,Provisional,0,0,0,0,0
Locality,Campbell County,9278,20337,32,29647,0
Precinct,101 - Brookville,261,1001,1,1263,0
Precinct,102 - New London,295,1109,1,1405,0
Precinct,201 - Walker,245,760,3,1008,0
Precinct,202 - Bedford Springs,208,1004,1,1213,0
Precinct,301 - Evington,138,435,1,574,0
Precinct,302 - Otter River,119,357,1,477,0
Precinct,303 - Altavista,320,588,0,908,0
Precinct,401 - Three Forks,132,714,1,847,0
Precinct,402 - Court House,201,976,4,1181,0
Precinct,501 - Spring Hill,229,869,3,1101,0
Precinct,502 - Yellow Branch,167,580,0,747,0
Precinct,601 - Kings,217,687,2,906,0
Precinct,602 - Concord,189,872,2,1063,0
Precinct,701 - Brookneal,210,477,1,688,0
Precinct,702 - Gladys,200,621,1,822,0
Precinct,703 - Morris Church,115,384,0,499,0
Precinct,AB - Central Absentee Precinct,6032,8903,10,14945,0
Precinct,Provisional,0,0,0,0,0
Locality,Caroline County,8124,8036,14,16174,0
Precinct,101 - Bowling Green,229,566,1,796,0
Precinct,102 - Sparta,211,504,1,716,0
Precinct,201 - North Madison,264,383,0,647,0
Precinct,202 - South Madison,271,512,1,784,0
Precinct,301 - Port Royal,165,238,0,403,0
Precinct,302 - Woodford,292,671,0,963,0
Precinct,401 - Dawn,439,498,1,938,0
Precinct,402 - Carmel Church,145,179,0,324,0
Precinct,501 - West Mattaponi,270,297,2,569,0
Precinct,502 - Milford,175,388,0,563,0
Precinct,601 - Chilesburg,313,559,0,872,0
Precinct,602 - Lake,214,431,1,646,0
Precinct,Ab - Central Absentee Precinct,5078,2756,7,7841,0
Precinct,Provisional,58,54,0,112,0
Locality,Carroll County,3591,11610,14,15215,0
Precinct,101 - Mt Bethel,81,388,0,469,0
Precinct,102 - St Paul,73,532,1,606,0
Precinct,103 - Lambsburg,65,344,0,409,0
Precinct,105 - Fancy Gap,56,374,0,430,0
Precinct,201 - Hillsville B,172,676,0,848,0
Precinct,202 - Laurel Fork,83,379,0,462,0
Precinct,203 - Gladesboro,119,447,0,566,0
Precinct,301 - Hillsville C,178,913,2,1093,0
Precinct,302 - Sylvatus,76,419,2,497,0
Precinct,303 - Dugspur,43,221,0,264,0
Precinct,401 - Oakland,162,810,1,973,0
Precinct,402 - Woodlawn D,123,626,2,751,0
Precinct,406 - Woodlawn F,41,119,0,160,0
Precinct,501 - Vaughan,62,341,0,403,0
Precinct,502 - Gladeville,129,687,0,816,0
Precinct,503 - Woodlawn E,76,332,0,408,0
Precinct,504 - Laurel,70,432,0,502,0
Precinct,Ab - Central Absentee Precinct,1953,3533,6,5492,0
Precinct,Provisional,29,37,0,66,0
Locality,Charles City County,2700,1704,1,4405,0
Precinct,101 - Precinct 1-1,221,437,0,658,0
Precinct,201 - Precinct 2-1,208,228,0,436,0
Precinct,301 - Precinct 3-1,216,249,1,466,0
Precinct,Ab - Central Absentee Precinct,2049,786,0,2835,0
Precinct,Provisional,6,4,0,10,0
Locality,Charlotte County,2522,3633,3,6158,0
Precinct,101 - County Seat,113,289,0,402,0
Precinct,201 - Red Oak Wylliesburg,188,371,0,559,0
Precinct,302 - Drakes Branch,119,319,0,438,0
Precinct,401 - Keysville,160,396,1,557,0
Precinct,501 - Cullen/Red House,142,272,1,415,0
Precinct,602 - Phenix,107,427,0,534,0
Precinct,702 - Bacon/Saxe,97,226,0,323,0
Precinct,Ab - Central Absentee Precinct,1596,1331,1,2928,0
Precinct,Provisional,0,2,0,2,0
Locality,Charlottesville City,20672,3409,24,24105,0
Precinct,101 - Key Recreation,396,211,2,609,0
Precinct,102 - Clark,655,243,0,898,0
Precinct,201 - Carver,528,138,1,667,0
Precinct,202 - Walker,522,303,0,825,0
Precinct,301 - Benjamin Tonsler,616,139,1,756,0
Precinct,302 - Johnson,560,327,8,895,0
Precinct,303 - Buford,304,119,0,423,0
Precinct,401 - Venable,399,142,2,543,0
Precinct,402 - Alumni Hall,370,181,1,552,0
Precinct,Ab - Central Absentee Precinct,16213,1586,9,17808,0
Precinct,Provisional,109,20,0,129,0
Locality,Chesapeake City,68129,58154,125,126408,0
Precinct,1 - Great Bridge (CD 4),149,423,0,572,0
Precinct,2 - Bethel (CD 4),125,916,2,1043,0
Precinct,3 - Camelot (CD 3),296,64,1,361,0
Precinct,4 - Churchland (CD 3),110,387,0,497,0
Precinct,5 - Crestwood (CD 3),407,125,2,534,0
Precinct,6 - Deep Creek (CD 4),162,363,0,525,0
Precinct,7 - Greenbrier (CD 4),130,267,0,397,0
Precinct,8 - South Norfolk Recreation (CD 3),315,381,2,698,0
Precinct,9 - Bells Mill (CD 4),176,711,0,887,0
Precinct,10 - Oscar Smith (CD 3),151,218,2,371,0
Precinct,11 - Geneva Park (CD 3),310,397,0,707,0
Precinct,12 - Georgetown (CD 3),196,73,0,269,0
Precinct,13 - Gilmerton (CD 3),284,462,0,746,0
Precinct,14 - Grassfield (CD 4),154,400,1,555,0
Precinct,15 - Greenbrier Middle School (CD 3),302,315,1,618,0
Precinct,16 - Hickory Grove (CD 4),164,763,0,927,0
Precinct,17 - Indian Creek (CD 4),132,679,2,813,0
Precinct,18 - Indian River (CD 3),273,217,0,490,0
Precinct,19 - Jolliff (CD 4),133,401,0,534,0
Precinct,20 - E W Chittum (CD 4),180,401,1,582,0
Precinct,21 - Fellowship (CD 3),216,414,1,631,0
Precinct,22 - Norfolk Highlands (CD 3),209,319,1,529,0
Precinct,23 - Oak Grove (CD 4),215,334,0,549,0
Precinct,24 - Oaklette (CD 3),326,308,0,634,0
Precinct,25 - St Julians (CD 3),269,253,0,522,0
Precinct,26 - Johnson Park (CD 3),219,151,1,371,0
Precinct,27 - Silverwood (CD 3),197,335,1,533,0
Precinct,28 - Sunray I (CD 4),60,166,0,226,0
Precinct,29 - Tanglewood (CD 3),161,393,1,555,0
Precinct,30 - South Norfolk (CD 3),248,19,0,267,0
Precinct,31 - Carver School (CD 3),459,143,1,603,0
Precinct,32 - Providence (CD 3),589,72,0,661,0
Precinct,33 - Westover (CD 3),163,366,0,529,0
Precinct,34 - Hickory Middle School (CD 4),162,689,0,851,0
Precinct,35 - Taylor Road (CD 3),261,156,0,417,0
Precinct,36 - Great Bridge Baptist Church (CD 4),189,548,0,737,0
Precinct,37 - Bridgetown (CD 4),135,406,0,541,0
Precinct,38 - Bailey Creek (CD 3),112,391,0,503,0
Precinct,39 - Lake Drummond (CD 4),168,390,0,558,0
Precinct,41 - John T West (CD 4),340,581,3,924,0
Precinct,42 - Parkways (CD 3),261,231,1,493,0
Precinct,43 - Pleasant Crossing (CD 4),124,474,0,598,0
Precinct,44 - Nansemond (CD 3),215,241,0,456,0
Precinct,45 - Sunray II (CD 4),94,141,0,235,0
Precinct,46 - Bells Mill II (CD 4),161,423,1,585,0
Precinct,48 - Jolliff Middle School (CD 4),470,108,2,580,0
Precinct,49 - Waterway (CD 4),138,384,1,523,0
Precinct,50 - River Walk (CD 4),278,347,1,626,0
Precinct,51 - Coopers Way (CD 4),204,757,2,963,0
Precinct,52 - Shipyard Road (CD 4),143,237,0,380,0
Precinct,53 - Fairways (CD 3),350,445,2,797,0
Precinct,54 - Pughsville (CD 3),320,161,1,482,0
Precinct,55 - Georgetown East (CD 3),110,70,0,180,0
Precinct,56 - Green Tree (CD 3),190,243,2,435,0
Precinct,57 - Cypress (CD 3),265,240,2,507,0
Precinct,58 - Expressway (CD 4),139,78,0,217,0
Precinct,59 - Clearfield (CD 4),190,382,1,573,0
Precinct,60 - Parker Road (CD 4),100,399,1,500,0
Precinct,61 - Centerville (CD 4),164,733,0,897,0
Precinct,62 - Fentress (CD 4),191,695,1,887,0
Precinct,63 - Poplar Branch (CD 4),65,358,1,424,0
Precinct,64 - Deep Creek Ii (CD 4),188,310,0,498,0
Precinct,65 - Waterway Ii (CD 4),165,322,0,487,0
Precinct,AB - Central Absentee Precinct (CD 3),27875,11892,33,39800,0
Precinct,Ab - Central Absentee Precinct (CD 4),26543,23854,47,50444,0
Precinct,Provisional (CD 3),184,84,2,270,0
Precinct,Provisional (CD 4),155,148,1,304,0
Locality,Chesterfield County,107568,92658,195,200421,0
Precinct,101 - Bellwood (CD 4),343,426,2,771,0
Precinct,102 - South Chester (CD 4),462,586,1,1049,0
Precinct,103 - Enon (CD 4),454,958,0,1412,0
Precinct,104 - North Chester (CD 4),322,757,2,1081,0
Precinct,105 - Drewrys Bluff (CD 7),423,341,0,764,0
Precinct,106 - Harrowgate (CD 4),531,694,3,1228,0
Precinct,107 - Wells (CD 4),430,521,3,954,0
Precinct,108 - Ecoff (CD 4),303,578,0,881,0
Precinct,109 - Elizabeth Scott (CD 4),517,793,0,1310,0
Precinct,110 - Dutch Gap (CD 4),232,486,2,720,0
Precinct,111 - Iron Bridge (CD 4),131,309,0,440,0
Precinct,112 - Carver (CD 4),278,379,2,659,0
Precinct,113 - Iron Bridge North (CD 4),236,287,2,525,0
Precinct,201 - Gates (CD 4),250,407,1,658,0
Precinct,202 - Beulah (CD 7),424,329,1,754,0
Precinct,203 - Bird (CD 4),121,198,0,319,0
Precinct,204 - Jacobs (CD 7),198,337,2,537,0
Precinct,205 - Falling Creek (CD 7),357,186,1,544,0
Precinct,206 - Belmont (CD 7),398,95,1,494,0
Precinct,207 - Chippenham (CD 7),199,101,1,301,0
Precinct,208 - Meadowbrook (CD 7),339,189,0,528,0
Precinct,209 - Salem Church (CD 4),434,611,3,1048,0
Precinct,210 - Five Forks (CD 7),460,388,2,850,0
Precinct,211 - Nash (CD 4),178,623,0,801,0
Precinct,212 - St. Luke's (CD 7),172,280,1,453,0
Precinct,213 - Southside (CD 7),244,110,2,356,0
Precinct,214 - Hopkins (CD 7),110,16,0,126,0
Precinct,215 - North Bird (CD 7),186,138,0,324,0
Precinct,216 - Ridgedale (CD 7),357,146,0,503,0
Precinct,301 - Ettrick (CD 4),454,162,0,616,0
Precinct,302 - Deer Run (CD 7),142,317,0,459,0
Precinct,303 - Matoaca (CD 4),275,545,2,822,0
Precinct,304 - Winfrees Store (CD 4),117,689,2,808,0
Precinct,305 - Beach (CD 4),81,348,1,430,0
Precinct,306 - Winterpock (CD 7),175,916,2,1093,0
Precinct,307 - Cosby (CD 7),465,982,2,1449,0
Precinct,308 - South Manchester (CD 7),113,146,0,259,0
Precinct,309 - Skinquarter (CD 7),155,542,2,699,0
Precinct,310 - Tomahawk (CD 7),293,670,0,963,0
Precinct,313 - Woolridge (CD 7),337,832,2,1171,0
Precinct,314 - Longhouse (CD 4),67,372,3,442,0
Precinct,315 - Bailey Bridge (CD 7),193,746,1,940,0
Precinct,316 - Spring Run (CD 7),374,801,0,1175,0
Precinct,317 - Birkdale (CD 7),275,659,0,934,0
Precinct,318 - West Beach (CD 7),92,284,1,377,0
Precinct,319 - Magnolia (CD 7),296,860,2,1158,0
Precinct,401 - Harbour Pointe (CD 7),174,397,0,571,0
Precinct,402 - Genito (CD 7),130,183,1,314,0
Precinct,403 - Brandermill (CD 7),301,531,3,835,0
Precinct,404 - Providence (CD 7),313,369,1,683,0
Precinct,405 - La Prade (CD 7),168,308,0,476,0
Precinct,406 - Smoketree (CD 7),197,424,0,621,0
Precinct,407 - Monacan (CD 7),131,296,0,427,0
Precinct,408 - Reams (CD 7),362,377,1,740,0
Precinct,409 - Manchester (CD 7),298,304,1,603,0
Precinct,410 - Wagstaff (CD 7),215,313,2,530,0
Precinct,411 - Swift Creek (CD 7),291,557,1,849,0
Precinct,412 - Clover Hill (CD 7),268,492,3,763,0
Precinct,413 - Shenandoah (CD 7),345,442,1,788,0
Precinct,414 - Crenshaw (CD 7),478,807,3,1288,0
Precinct,415 - Evergreen (CD 7),253,447,3,703,0
Precinct,416 - Evergreen West (CD 7),214,311,1,526,0
Precinct,417 - Edgewater (CD 7),155,295,1,451,0
Precinct,501 - Huguenot (CD 7),352,404,3,759,0
Precinct,502 - Crestwood (CD 7),189,269,1,459,0
Precinct,503 - Midlothian (CD 7),228,440,0,668,0
Precinct,504 - Robious (CD 7),256,730,1,987,0
Precinct,505 - Bon Air (CD 7),254,441,2,697,0
Precinct,506 - Greenfield (CD 7),425,487,4,916,0
Precinct,507 - Salisbury (CD 7),279,876,1,1156,0
Precinct,508 - Belgrade (CD 7),275,403,2,680,0
Precinct,509 - Cranbeck (CD 7),333,326,0,659,0
Precinct,510 - Sycamore (CD 7),222,428,0,650,0
Precinct,511 - Black Heath (CD 7),211,498,0,709,0
Precinct,513 - Beaufont (CD 7),281,160,0,441,0
Precinct,514 - Watkins (CD 7),275,573,1,849,0
Precinct,515 - Davis (CD 7),487,190,0,677,0
Precinct,516 - Pocoshock (CD 7),222,149,1,372,0
Precinct,517 - Roseland (CD 7),217,498,0,715,0
Precinct,518 - Midlothian North (CD 7),225,599,2,826,0
Precinct,Ab - Central Absentee Precinct (CD 4),21206,16896,24,38126,0
Precinct,Ab - Central Absentee Precinct (CD 7),63928,40065,79,104072,0
Precinct,Provisional (CD 4),113,61,0,174,0
Precinct,Provisional (CD 7),304,172,0,476,0
Locality,Clarke County,4052,5214,8,9274,0
Precinct,101 - Russell,124,543,0,667,0
Precinct,201 - Berryville,177,346,1,524,0
Precinct,301 - Millwood,106,374,1,481,0
Precinct,302 - Pine Grove,84,198,1,283,0
Precinct,401 - White Post,216,567,0,783,0
Precinct,501 - Buckmarsh,103,373,0,476,0
Precinct,502 - Blue Ridge,76,220,0,296,0
Precinct,Ab - Central Absentee Precinct,3159,2586,5,5750,0
Precinct,Provisional,7,7,0,14,0
Locality,Colonial Heights City,3143,5788,9,8940,0
Precinct,1 - First,205,417,1,623,0
Precinct,2 - Second,192,423,0,615,0
Precinct,3 - Third,199,451,0,650,0
Precinct,4 - Fourth,211,460,0,671,0
Precinct,5 - Fifth,153,565,1,719,0
Precinct,Ab - Central Absentee Precinct,2173,3467,7,5647,0
Precinct,Provisional,10,5,0,15,0
Locality,Covington City,1157,1386,2,2545,0
Precinct,101 - Precinct 1-1,108,147,1,256,0
Precinct,201 - Precinct 2-1,89,154,1,244,0
Precinct,301 - Precinct 3-1,113,110,0,223,0
Precinct,401 - Precinct 4-1,114,248,0,362,0
Precinct,501 - Precinct 5-1,107,268,0,375,0
Precinct,Ab - Central Absentee Precinct,626,459,0,1085,0
Precinct,Provisional,0,0,0,0,0
Locality,Craig County,757,2381,5,3143,0
Precinct,101 - Court House,61,280,1,342,0
Precinct,201 - Ammendale Precinct,65,361,0,426,0
Precinct,301 - Givens & Reynolds Store,66,228,2,296,0
Precinct,303 - Marshalls Store,48,146,1,195,0
Precinct,401 - Barbours Creek,44,150,0,194,0
Precinct,402 - Paint Bank,12,31,0,43,0
Precinct,403 - Craig Springs,36,154,0,190,0
Precinct,501 - Craig City,52,287,0,339,0
Precinct,AB - Central Absentee Precinct,371,736,0,1107,0
Precinct,Provisional,2,8,1,11,0
Locality,Culpeper County,11123,15590,16,26729,0
Precinct,101 - West Fairfax,414,721,0,1135,0
Precinct,201 - East Fairfax,435,547,1,983,0
Precinct,302 - Eggbornsville,132,662,1,795,0
Precinct,303 - Cardova,149,554,0,703,0
Precinct,304 - Willow Shade,112,190,1,303,0
Precinct,401 - Eldorado,175,703,0,878,0
Precinct,402 - Browns Store,213,954,1,1168,0
Precinct,501 - Jeffersonton,230,919,1,1150,0
Precinct,502 - Rixeyville,198,825,2,1025,0
Precinct,601 - Mitchells,64,164,0,228,0
Precinct,602 - Pearl Sample,204,657,1,862,0
Precinct,603 - South Ridge,126,202,0,328,0
Precinct,702 - Brandy Station,240,917,2,1159,0
Precinct,703 - Lignum,141,500,0,641,0
Precinct,704 - Richardsville,91,328,3,422,0
Precinct,Ab - Central Absentee Precinct,8141,6698,3,14842,0
Precinct,Provisional,58,49,0,107,0
Locality,Cumberland County,2317,2947,3,5267,0
Precinct,101 - Precinct 1,205,539,0,744,0
Precinct,201 - Precinct 2,134,424,0,558,0
Precinct,301 - Precinct 3,176,221,0,397,0
Precinct,401 - Precinct 4,153,414,2,569,0
Precinct,501 - Precinct 5,204,322,1,527,0
Precinct,Ab - Central Absentee Precinct,1441,1019,0,2460,0
Precinct,Provisional,4,8,0,12,0
Locality,Danville City,12519,6680,14,19213,0
Precinct,1 - Ward One,180,45,0,225,0
Precinct,2 - Ward Two,143,83,0,226,0
Precinct,3 - Ward Three,267,107,0,374,0
Precinct,4 - Ward Four,463,364,0,827,0
Precinct,6 - Ward Six,210,31,1,242,0
Precinct,7 - Ward Seven,358,70,0,428,0
Precinct,8 - Ward Eight,299,111,0,410,0
Precinct,9 - Ward Nine,232,162,0,394,0
Precinct,10 - Ward Ten,298,191,1,490,0
Precinct,11 - Ward Eleven,405,151,1,557,0
Precinct,12 - Ward Twelve,382,231,1,614,0
Precinct,13 - Ward Thirteen,388,213,0,601,0
Precinct,14 - Ward Fourteen,84,5,0,89,0
Precinct,15 - Ward Fifteen,305,302,0,607,0
Precinct,16 - Ward Sixteen,303,439,0,742,0
Precinct,17 - Ward Seventeen,170,344,0,514,0
Precinct,Ab - Central Absentee Precinct,7923,3806,10,11739,0
Precinct,Provisional,109,25,0,134,0
Locality,Dickenson County,2052,5142,8,7202,0
Precinct,101 - South Clintwood,100,418,0,518,0
Precinct,201 - Nora,67,239,0,306,0
Precinct,202 - Frying Pan,32,112,0,144,0
Precinct,203 - Clinchco,84,277,1,362,0
Precinct,301 - West Dante,23,175,0,198,0
Precinct,302 - Herald,34,312,1,347,0
Precinct,303 - Ridge,69,306,0,375,0
Precinct,401 - Haysi-colley,238,583,1,822,0
Precinct,501 - Tarpon,52,119,0,171,0
Precinct,502 - North Clintwood,84,398,2,484,0
Precinct,Ab - Central Absentee Precinct,1269,2202,3,3474,0
Precinct,Provisional,0,1,0,1,0
Locality,Dinwiddie County,6445,8414,13,14872,0
Precinct,101 - White Oak,52,362,0,414,0
Precinct,102 - Rocky Run,81,385,0,466,0
Precinct,103 - Church Road,79,635,0,714,0
Precinct,201 - Rohoic,188,201,1,390,0
Precinct,202 - Sutherland,239,647,1,887,0
Precinct,301 - Reams,96,326,0,422,0
Precinct,302 - New Hope,135,371,1,507,0
Precinct,303 - Little Zion,234,324,1,559,0
Precinct,401 - Dinwiddie,145,413,1,559,0
Precinct,402 - Mckenney,161,303,0,464,0
Precinct,403 - Cherry Hill,118,192,0,310,0
Precinct,501 - Edgehill,72,44,0,116,0
Precinct,502 - Chesdin,490,366,0,856,0
Precinct,Ab - Central Absentee Precinct,4344,3841,8,8193,0
Precinct,Provisional,11,4,0,15,0
Locality,Emporia City,1618,712,2,2332,0
Precinct,101 - Precinct 1-1,163,63,1,227,0
Precinct,201 - Precinct 2-1,113,9,0,122,0
Precinct,301 - Precinct 3-1,99,103,0,202,0
Precinct,401 - Precinct 4-1,118,114,0,232,0
Precinct,501 - Precinct 5-1,117,7,0,124,0
Precinct,601 - District 6,82,133,0,215,0
Precinct,701 - District 7,137,45,0,182,0
Precinct,AB - Central Absentee Precinct,789,238,1,1028,0
Precinct,Provisional,0,0,0,0,0
Locality,Essex County,3194,2917,2,6113,0
Precinct,101 - Greater Tappahannock,239,219,0,458,0
Precinct,201 - North,300,203,0,503,0
Precinct,301 - South,227,514,1,742,0
Precinct,401 - Central,206,344,0,550,0
Precinct,Ab - Central Absentee Precinct,2215,1631,1,3847,0
Precinct,Provisional,7,6,0,13,0
Locality,Fairfax City,9179,4134,14,13327,0
Precinct,1 - One,314,249,2,565,0
Precinct,2 - Two,206,283,1,490,0
Precinct,3 - Three,341,370,0,711,0
Precinct,4 - Four,165,182,0,347,0
Precinct,5 - Five,239,257,0,496,0
Precinct,6 - Six,313,268,2,583,0
Precinct,Ab - Central Absentee Precinct,7540,2506,9,10055,0
Precinct,Provisional,61,19,0,80,0
Locality,Fairfax County,415791,178395,736,594922,0
Precinct,104 - Chapel (CD 11),315,372,0,687,0
Precinct,105 - Fairview (CD 11),689,631,3,1323,0
Precinct,106 - Heritage (CD 11),790,437,2,1229,0
Precinct,108 - Kings Park (CD 11),424,401,3,828,0
Precinct,109 - Little Run (CD 11),234,188,0,422,0
Precinct,110 - North Springfield (CD 11),686,666,4,1356,0
Precinct,113 - Canterbury (CD 11),529,560,0,1089,0
Precinct,114 - Olde Creek (CD 11),338,318,0,656,0
Precinct,115 - Ravensworth (CD 11),348,396,2,746,0
Precinct,116 - Wakefield (CD 11),356,336,1,693,0
Precinct,117 - Woodson (CD 11),330,388,1,719,0
Precinct,118 - Lake Braddock (CD 11),676,486,1,1163,0
Precinct,119 - Laurel (CD 11),600,606,3,1209,0
Precinct,120 - Sideburn (CD 11),375,562,2,939,0
Precinct,121 - Villa (CD 11),393,366,3,762,0
Precinct,123 - Robinson (CD 11),470,538,1,1009,0
Precinct,125 - Signal Hill (CD 11),418,424,2,844,0
Precinct,126 - Bonnie Brae (CD 11),450,313,0,763,0
Precinct,127 - Burke Centre (CD 11),731,555,4,1290,0
Precinct,128 - Cardinal (CD 11),448,333,2,783,0
Precinct,129 - Keene Mill (CD 11),320,288,1,609,0
Precinct,130 - Terra Centre (CD 11),422,377,1,800,0
Precinct,131 - Eagle View (CD 11),419,440,3,862,0
Precinct,132 - Monument (CD 11),343,270,2,615,0
Precinct,133 - Danbury (CD 11),197,125,1,323,0
Precinct,134 - University (CD 11),273,65,0,338,0
Precinct,201 - Armstrong (CD 11),461,394,4,859,0
Precinct,202 - Flint Hill (CD 11),295,410,2,707,0
Precinct,203 - Floris (CD 11),464,467,1,932,0
Precinct,204 - Madison (CD 11),150,104,1,255,0
Precinct,208 - Reston #1 (CD 11),561,362,1,924,0
Precinct,209 - Reston #2 (CD 11),628,278,2,908,0
Precinct,213 - Vienna #1 (CD 11),453,489,2,944,0
Precinct,214 - Vienna #2 (CD 11),318,376,1,695,0
Precinct,216 - Vienna #4 (CD 11),210,190,0,400,0
Precinct,218 - Vienna #6 (CD 11),229,235,2,466,0
Precinct,219 - Westbriar (CD 11),410,389,1,800,0
Precinct,220 - Dogwood (CD 11),706,427,3,1136,0
Precinct,221 - Hunters Woods (CD 11),336,300,0,636,0
Precinct,222 - Reston #3 (CD 11),365,166,0,531,0
Precinct,223 - Glade (CD 11),476,328,1,805,0
Precinct,224 - South Lakes (CD 11),588,449,1,1038,0
Precinct,225 - Hughes (CD 11),593,345,1,939,0
Precinct,226 - Wolftrap (CD 11),403,494,0,897,0
Precinct,227 - Sunrise Valley (CD 11),237,224,1,462,0
Precinct,229 - Fox Mill (CD 10),544,684,3,1231,0
Precinct,233 - North Point (CD 11),357,475,2,834,0
Precinct,234 - Aldrin (CD 11),331,305,1,637,0
Precinct,235 - Frying Pan (CD 11),407,294,4,705,0
Precinct,236 - Stuart (CD 11),258,193,0,451,0
Precinct,237 - Mcnair (CD 11),560,292,2,854,0
Precinct,238 - Cameron Glen (CD 11),236,283,0,519,0
Precinct,240 - Colvin (CD 10),230,311,0,541,0
Precinct,301 - Chain Bridge (CD 10),229,384,0,613,0
Precinct,302 - Chesterbrook (CD 8),173,232,2,407,0
Precinct,303 - Churchill (CD 10),185,224,0,409,0
Precinct,304 - Cooper (CD 10),159,263,1,423,0
Precinct,305 - El Nido (CD 8),229,273,1,503,0
Precinct,306 - Great Falls (CD 10),198,377,2,577,0
Precinct,307 - Haycock (CD 8),270,281,1,552,0
Precinct,309 - Kenmore (CD 10),292,365,0,657,0
Precinct,310 - Kirby (CD 8),222,243,1,466,0
Precinct,311 - Langley (CD 10),167,289,1,457,0
Precinct,312 - Longfellow (CD 8),243,290,0,533,0
Precinct,314 - Mclean (CD 10),133,208,1,342,0
Precinct,315 - Pimmit (CD 8),430,386,2,818,0
Precinct,316 - Salona #1 (CD 8),72,119,1,192,0
Precinct,317 - Westhampton (CD 8),194,240,1,435,0
Precinct,318 - Westmoreland (CD 8),178,171,0,349,0
Precinct,319 - Herndon #1 (CD 11),543,498,1,1042,0
Precinct,320 - Herndon #2 (CD 11),593,421,4,1018,0
Precinct,321 - Clearview (CD 10),502,563,3,1068,0
Precinct,322 - Forestville (CD 10),320,601,2,923,0
Precinct,323 - Shouse (CD 10),299,324,0,623,0
Precinct,324 - Herndon #3 (CD 11),542,378,0,920,0
Precinct,325 - Hutchison (CD 11),551,182,1,734,0
Precinct,327 - Sugarland (CD 10),397,487,0,884,0
Precinct,328 - Hickory (CD 10),226,425,2,653,0
Precinct,329 - Seneca (CD 10),395,566,2,963,0
Precinct,331 - Spring Hill (CD 10),183,232,1,416,0
Precinct,332 - Coates (CD 11),702,425,5,1132,0
Precinct,333 - Salona #2 (CD 8),155,166,1,322,0
Precinct,401 - Bush Hill (CD 8),554,497,1,1052,0
Precinct,402 - Cameron (CD 8),267,166,0,433,0
Precinct,403 - Forestdale (CD 8),249,153,1,403,0
Precinct,404 - Franconia (CD 8),486,365,0,851,0
Precinct,405 - Groveton (CD 8),414,164,1,579,0
Precinct,406 - Hayfield (CD 8),328,436,1,765,0
Precinct,408 - Mount Eagle (CD 8),524,230,0,754,0
Precinct,409 - Pioneer (CD 8),845,454,0,1299,0
Precinct,410 - Rose Hill (CD 8),736,602,2,1340,0
Precinct,411 - Virginia Hills (CD 8),531,315,2,848,0
Precinct,413 - Fairfield (CD 8),650,140,1,791,0
Precinct,415 - Crestwood (CD 8),653,498,3,1154,0
Precinct,417 - Garfield (CD 8),841,486,3,1330,0
Precinct,418 - Lynbrook (CD 8),578,280,2,860,0
Precinct,419 - Lane (CD 8),596,370,0,966,0
Precinct,420 - Villages (CD 8),610,407,2,1019,0
Precinct,421 - Kingstowne (CD 8),475,340,1,816,0
Precinct,422 - Van Dorn (CD 8),541,337,0,878,0
Precinct,423 - Clermont (CD 8),519,384,2,905,0
Precinct,424 - Huntley (CD 8),474,386,0,860,0
Precinct,426 - Greenspring (CD 11),348,230,0,578,0
Precinct,427 - Island Creek (CD 8),495,315,1,811,0
Precinct,428 - Pinewood (CD 8),610,167,2,779,0
Precinct,429 - Hybla Valley (CD 8),836,185,4,1025,0
Precinct,501 - Baileys (CD 8),652,254,1,907,0
Precinct,502 - Barcroft (CD 11),171,151,0,322,0
Precinct,503 - Belvedere (CD 11),213,168,0,381,0
Precinct,504 - Bristow (CD 11),570,291,1,862,0
Precinct,505 - Glen Forest (CD 8),554,271,1,826,0
Precinct,506 - Holmes #1 (CD 8),161,64,0,225,0
Precinct,507 - Lincolnia (CD 8),517,284,3,804,0
Precinct,508 - Masonville (CD 11),372,335,1,708,0
Precinct,509 - Plaza (CD 8),432,86,1,519,0
Precinct,510 - Parklawn (CD 8),390,232,0,622,0
Precinct,511 - Ravenwood (CD 11),359,285,1,645,0
Precinct,512 - Sleepy Hollow (CD 11),287,202,1,490,0
Precinct,513 - Saint Albans (CD 8),133,103,0,236,0
Precinct,513 - Saint Albans (CD 11),253,164,0,417,0
Precinct,514 - Crossroads (CD 8),116,33,1,150,0
Precinct,515 - Westlawn (CD 8),378,214,0,592,0
Precinct,516 - Weyanoke (CD 8),635,305,4,944,0
Precinct,517 - Willston (CD 8),367,207,0,574,0
Precinct,518 - Columbia (CD 11),504,349,5,858,0
Precinct,519 - Hummer (CD 11),290,256,3,549,0
Precinct,520 - Skyline (CD 8),512,160,0,672,0
Precinct,521 - Brook Hill (CD 8),400,331,1,732,0
Precinct,522 - Camelot (CD 11),224,234,0,458,0
Precinct,523 - Poe (CD 8),394,294,0,688,0
Precinct,525 - Walnut Hill (CD 8),487,402,3,892,0
Precinct,526 - Bren Mar (CD 8),695,322,3,1020,0
Precinct,527 - Edsall (CD 8),463,318,3,784,0
Precinct,528 - Ridgelea (CD 11),221,199,1,421,0
Precinct,530 - Holmes #2 (CD 11),385,133,0,518,0
Precinct,601 - Belle Haven (CD 8),342,341,1,684,0
Precinct,602 - Belleview (CD 8),257,288,0,545,0
Precinct,604 - Bucknell (CD 8),791,316,3,1110,0
Precinct,605 - Fort Hunt (CD 8),330,462,0,792,0
Precinct,606 - Hollin Hall (CD 8),325,409,0,734,0
Precinct,607 - Huntington (CD 8),558,346,2,906,0
Precinct,608 - Kirkside (CD 8),297,196,1,494,0
Precinct,609 - Marlan (CD 8),207,278,0,485,0
Precinct,610 - Sherwood (CD 8),351,200,3,554,0
Precinct,611 - Stratford (CD 8),399,497,1,897,0
Precinct,612 - Waynewood (CD 8),272,264,2,538,0
Precinct,613 - Westgate (CD 8),355,781,1,1137,0
Precinct,614 - Riverside (CD 8),276,380,0,656,0
Precinct,615 - Woodley (CD 8),476,405,2,883,0
Precinct,616 - Gunston (CD 8),424,587,0,1011,0
Precinct,617 - Lorton (CD 8),443,157,0,600,0
Precinct,618 - Newington (CD 11),905,754,3,1662,0
Precinct,619 - Belvoir (CD 8),456,319,0,775,0
Precinct,621 - Grosvenor (CD 8),434,241,2,677,0
Precinct,622 - Lorton Station (CD 8),741,296,3,1040,0
Precinct,623 - Alban (CD 8),628,364,5,997,0
Precinct,626 - Saratoga (CD 8),601,481,1,1083,0
Precinct,627 - Woodlawn (CD 8),844,440,1,1285,0
Precinct,628 - Laurel Hill (CD 11),723,354,1,1078,0
Precinct,629 - South County (CD 11),349,361,1,711,0
Precinct,630- Army (CD 8),125,121,1,247,0
Precinct,701 - Blake (CD 11),471,382,3,856,0
Precinct,703 - Fort Buffalo (CD 8),310,205,3,518,0
Precinct,704 - Freedom Hill (CD 11),293,244,2,539,0
Precinct,705 - Graham - Greenway (CD 8),468,361,2,831,0
Precinct,707 - Mantua (CD 11),264,262,1,527,0
Precinct,708 - Marshall (CD 8),433,348,2,783,0
Precinct,709 - Mosby (CD 11),473,315,3,791,0
Precinct,710 - Pine Spring (CD 8),354,218,1,573,0
Precinct,711 - Price (CD 11),293,279,0,572,0
Precinct,712 - Shreve (CD 8),175,176,0,351,0
Precinct,713 - Timber Lane (CD 8),498,296,3,797,0
Precinct,714 - Walker (CD 11),400,356,2,758,0
Precinct,717 - Woodburn (CD 11),276,189,0,465,0
Precinct,718 - Pine Ridge (CD 11),307,268,2,577,0
Precinct,720 - Thoreau (CD 11),294,363,0,657,0
Precinct,721 - Merrifield (CD 11),496,288,0,784,0
Precinct,723 - Gallows East (CD 11),234,152,2,388,0
Precinct,726 - Magarity (CD 8),443,319,2,764,0
Precinct,727 - Oakton (CD 11),234,349,2,585,0
Precinct,729 - Nottoway (CD 11),198,246,0,444,0
Precinct,730 - Penderbrook (CD 11),586,481,3,1070,0
Precinct,731 - Tysons (CD 11),461,358,2,821,0
Precinct,732 - Oak Marr (CD 11),275,468,2,745,0
Precinct,733 - Kilmer (CD 11),426,318,2,746,0
Precinct,734 - Hunters Branch (CD 11),143,116,0,259,0
Precinct,735 - Rotonda (CD 11),325,195,0,520,0
Precinct,801 - Burke (CD 11),759,553,2,1314,0
Precinct,802 - Cedar Lake (CD 11),150,115,1,266,0
Precinct,803 - Clifton (CD 10),271,794,0,1065,0
Precinct,804 - Colchester (CD 10),228,354,1,583,0
Precinct,805 - Fairfax Station (CD 10),241,331,2,574,0
Precinct,806 - Sydenstricker (CD 11),512,484,1,997,0
Precinct,807 - Hunt Valley (CD 11),342,374,2,718,0
Precinct,811 - Pohick (CD 11),377,271,0,648,0
Precinct,812 - Valley (CD 11),473,412,2,887,0
Precinct,815 - Woodyard (CD 10),344,571,0,915,0
Precinct,824 - Orange (CD 11),620,636,3,1259,0
Precinct,825 - Cherry Run (CD 11),416,488,1,905,0
Precinct,827 - Irving (CD 11),351,373,0,724,0
Precinct,833 - White Oaks (CD 11),596,457,5,1058,0
Precinct,838 - Sangster (CD 10),297,355,3,655,0
Precinct,839 - Silverbrook (CD 10),360,513,1,874,0
Precinct,840 - West Springfield (CD 11),502,440,1,943,0
Precinct,841 - Popes Head (CD 10),166,333,0,499,0
Precinct,842 - Parkway (CD 11),275,445,2,722,0
Precinct,843 - Fair Lakes (CD 11),492,363,0,855,0
Precinct,844 - Centerpointe (CD 11),305,231,0,536,0
Precinct,845 - Fountainhead (CD 10),387,709,3,1099,0
Precinct,846 - Greenbriar East (CD 11),461,369,2,832,0
Precinct,847 - Greenbriar West (CD 10),322,349,1,672,0
Precinct,848 - Fair Oaks (CD 11),320,299,2,621,0
Precinct,849 - Newgate (CD 10),506,776,1,1283,0
Precinct,850 - South Run (CD 10),258,458,0,716,0
Precinct,851 - Willow Springs (CD 11),308,374,0,682,0
Precinct,901 - Centre Ridge (CD 11),443,368,1,812,0
Precinct,902 - Brookfield (CD 10),752,530,2,1284,0
Precinct,903 - Cub Run (CD 10),459,534,1,994,0
Precinct,904 - Stonecroft (CD 10),215,282,1,498,0
Precinct,905 - Franklin (CD 10),135,142,0,277,0
Precinct,908 - Hidden Meadow (CD 10),279,368,0,647,0
Precinct,909 - Oak Hill (CD 10),309,314,0,623,0
Precinct,910 - London Towne (CD 11),631,409,1,1041,0
Precinct,911 - Navy (CD 10),393,448,2,843,0
Precinct,913 - Rocky Run (CD 10),424,613,1,1038,0
Precinct,914 - Vale (CD 10),252,363,0,615,0
Precinct,915 - Virginia Run (CD 10),315,529,2,846,0
Precinct,916 - Waples Mill (CD 10),401,630,1,1032,0
Precinct,917 - Stone North (CD 10),262,238,1,501,0
Precinct,918 - Centreville (CD 11),710,501,0,1211,0
Precinct,919 - Green Trails (CD 11),628,439,2,1069,0
Precinct,920 - Chantilly (CD 10),362,320,4,686,0
Precinct,921 - Deer Park (CD 10),443,523,1,967,0
Precinct,923 - Bull Run (CD 10),266,513,1,780,0
Precinct,924 - Spindle (CD 11),312,163,4,479,0
Precinct,925 - Old Mill (CD 10),299,272,1,572,0
Precinct,926 - Powell (CD 11),754,567,1,1322,0
Precinct,927 - Armfield (CD 10),259,269,1,529,0
Precinct,928 - Poplar Tree (CD 10),373,463,1,837,0
Precinct,929 - Difficult Run (CD 10),100,162,1,263,0
Precinct,930 - Lees Corner (CD 10),301,323,2,626,0
Precinct,931 - Carson (CD 10),399,320,1,720,0
Precinct,932 - Stone South (CD 10),278,198,0,476,0
Precinct,933 - Compton (CD 11),115,111,2,228,0
Precinct,Ab - Central Absentee Precinct (CD 10),59829,24419,64,84312,0
Precinct,Ab - Central Absentee Precinct (CD 11),159602,44405,222,204229,0
Precinct,Ab - Central Absentee Precinct (CD 8),96066,24473,126,120665,0
Precinct,Provisional (CD 10),301,187,0,488,0
Precinct,Provisional (CD 11),1182,441,2,1625,0
Precinct,Provisional (CD 8),807,269,1,1077,0
Locality,Falls Church City,7016,1750,10,8776,0
Precinct,1 - First Ward,268,222,1,491,0
Precinct,2 - Second Ward,202,167,0,369,0
Precinct,3 - Third Ward,191,167,0,358,0
Precinct,Ab - Central Absentee Precinct,6337,1187,9,7533,0
Precinct,Provisional,18,7,0,25,0
Locality,Fauquier County,17468,24937,41,42446,0
Precinct,101 - Kettle Run (CD 5),79,330,2,411,0
Precinct,102 - Catlett (CD 1),145,882,1,1028,0
Precinct,103 - Casanova (CD 5),125,376,0,501,0
Precinct,104 - Lois (CD 1),98,434,1,533,0
Precinct,105 - Opal (CD 5),90,422,0,512,0
Precinct,106 - Baldwin Ridge (CD 5),126,418,1,545,0
Precinct,201 - Courthouse (CD 5),272,599,2,873,0
Precinct,202 - Airlie (CD 5),167,537,0,704,0
Precinct,203 - Warrenton (CD 5),232,497,1,730,0
Precinct,301 - Morrisville (CD 1),118,736,0,854,0
Precinct,302 - Remington (CD 5),266,777,1,1044,0
Precinct,303 - Bealeton (CD 1),311,776,3,1090,0
Precinct,401 - Marshall (CD 5),278,690,0,968,0
Precinct,402 - Leeds (CD 5),251,692,2,945,0
Precinct,403 - Waterloo (CD 5),159,709,2,870,0
Precinct,404 - Springs Valley (CD 5),72,300,0,372,0
Precinct,501 - The Plains (CD 5),327,591,0,918,0
Precinct,502 - New Baltimore (CD 5),135,548,1,684,0
Precinct,503 - Broad Run (CD 5),125,454,0,579,0
Precinct,504 - Vint Hill (CD 5),157,519,0,676,0
Precinct,Ab - Central Absentee Precinct (CD 1),2321,2714,3,5038,0
Precinct,Ab - Central Absentee Precinct (CD 5),11517,10848,21,22386,0
Precinct,Provisional (CD 1),22,19,0,41,0
Precinct,Provisional (CD 5),75,69,0,144,0
Locality,Floyd County,3407,5908,13,9328,0
Precinct,101 - Locust Grove,184,697,1,882,0
Precinct,201 - Little River,91,615,2,708,0
Precinct,301 - Courthouse,138,413,2,553,0
Precinct,401 - Burks Fork,130,676,0,806,0
Precinct,501 - Indian Valley,118,790,0,908,0
Precinct,Ab - Central Absentee Precinct,2725,2695,8,5428,0
Precinct,Provisional,21,22,0,43,0
Locality,Fluvanna County,7830,7880,9,15719,0
Precinct,101 - Palmyra,333,766,0,1099,0
Precinct,201 - Columbia,280,752,0,1032,0
Precinct,301 - Fork Union,335,696,1,1032,0
Precinct,401 - Cunningham,252,996,1,1249,0
Precinct,501 - Rivanna,270,543,2,815,0
Precinct,Ab - Central Absentee Precinct,6315,4085,5,10405,0
Precinct,Provisional,45,42,0,87,0
Locality,Franklin City,2549,1410,2,3961,0
Precinct,101 - Precinct 1-1,111,292,0,403,0
Precinct,201 - Precinct 2-1,157,204,0,361,0
Precinct,301 - Precinct 3-1,189,25,0,214,0
Precinct,401 - Precinct 4-1,158,33,0,191,0
Precinct,501 - Precinct 5-1,164,7,0,171,0
Precinct,601 - Precinct 6-1,157,137,0,294,0
Precinct,Ab - Central Absentee Precinct,1591,709,2,2302,0
Precinct,Provisional,22,3,0,25,0
Locality,Franklin County,9907,19505,27,29439,0
Precinct,102 - Burnt Chimney,226,925,1,1152,0
Precinct,103 - Scruggs,317,1349,1,1667,0
Precinct,201 - Glade Hill,230,868,0,1098,0
Precinct,202 - Penhook,184,559,0,743,0
Precinct,203 - Hodgesville,56,133,0,189,0
Precinct,204 - Dudley,157,546,0,703,0
Precinct,301 - Snow Creek,96,447,0,543,0
Precinct,302 - Fork Mountain,97,406,0,503,0
Precinct,303 - Sontag,286,562,2,850,0
Precinct,304 - Dickinson,124,268,0,392,0
Precinct,401 - Henry,169,773,2,944,0
Precinct,402 - Ferrum,146,402,1,549,0
Precinct,403 - Endicott,104,498,2,604,0
Precinct,501 - Waidsboro,164,444,1,609,0
Precinct,502 - Callaway,173,716,0,889,0
Precinct,503 - Bowmans,128,377,1,506,0
Precinct,504 - Gogginsville,148,596,1,745,0
Precinct,601 - Boones Mill,213,767,2,982,0
Precinct,602 - Bonbrook,219,795,1,1015,0
Precinct,603 - Coopers Cove,151,615,2,768,0
Precinct,701 - Rocky Mount East,270,528,0,798,0
Precinct,702 - Rocky Mount West,240,357,1,598,0
Precinct,703 - Rocky Mount South,156,271,1,428,0
Precinct,Ab - Central Absentee Precinct,5814,6251,8,12073,0
Precinct,Provisional,39,52,0,91,0
Locality,Frederick County,17962,29940,44,47946,0
Precinct,101 - Russells,116,702,1,819,0
Precinct,102 - Gore,229,1131,1,1361,0
Precinct,103 - Kernstown,196,720,1,917,0
Precinct,104 - Cedar Creek,186,652,1,839,0
Precinct,201 - Gainesborough,81,582,0,663,0
Precinct,202 - Albin,94,520,0,614,0
Precinct,203 - Redland,168,891,1,1060,0
Precinct,204 - Nain,97,499,0,596,0
Precinct,301 - Clear Brook,107,525,0,632,0
Precinct,302 - Neff's Town,384,851,2,1237,0
Precinct,303 - White Hall,196,748,3,947,0
Precinct,401 - Carpers Valley,231,589,2,822,0
Precinct,402 - Shenandoah,134,459,1,594,0
Precinct,403 - Parkin's Mill,280,756,3,1039,0
Precinct,404 - Armel,240,612,1,853,0
Precinct,501 - Stephens City,251,666,1,918,0
Precinct,502 - Newtown,350,968,2,1320,0
Precinct,503 - Canterburg,318,850,1,1169,0
Precinct,601 - Millbrook,202,527,1,730,0
Precinct,602 - Ash Hollow,295,555,0,850,0
Precinct,603 - Greenwood,415,971,2,1388,0
Precinct,Ab - Central Absentee Precinct,13228,14992,20,28240,0
Precinct,Provisional,164,174,0,338,0
Locality,Fredericksburg City,8495,4080,13,12588,0
Precinct,101 - Precinct 1 - District One,601,553,4,1158,0
Precinct,201 - Precinct 1 - District Two,391,430,2,823,0
Precinct,301 - Precinct 1 - District Three,387,450,1,838,0
Precinct,401 - Precinct 1 - District Four,317,175,2,494,0
Precinct,402 - Precinct 2 - District Four,285,181,1,467,0
Precinct,Ab - Central Absentee Precinct,6458,2277,3,8738,0
Precinct,Provisional,56,14,0,70,0
Locality,Galax City,919,1679,1,2599,0
Precinct,1 - East,146,374,1,521,0
Precinct,2 - North,95,261,0,356,0
Precinct,3 - South,69,238,0,307,0
Precinct,Ab - Central Absentee Precinct,608,803,0,1411,0
Precinct,Provisional,1,3,0,4,0
Locality,Giles County,2713,6306,6,9025,0
Precinct,101 - Glen Lyn,18,82,0,100,0
Precinct,102 - Rich Creek,98,302,0,400,0
Precinct,103 - Narrows,194,758,1,953,0
Precinct,201 - Pearisburg,181,716,0,897,0
Precinct,202 - Staffordsville,52,212,0,264,0
Precinct,203 - White Gate,23,168,0,191,0
Precinct,301 - Eggleston,114,321,1,436,0
Precinct,302 - Pembroke,222,796,1,1019,0
Precinct,303 - Newport,144,445,0,589,0
Precinct,Ab - Central Absentee Precinct,1667,2506,3,4176,0
Precinct,Provisional,0,0,0,0,0
Locality,Gloucester County,7521,14605,17,22143,0
Precinct,101 - Harcum,184,705,0,889,0
Precinct,102 - Salem,201,663,0,864,0
Precinct,103 - Peasley,111,480,1,592,0
Precinct,201 - Courthouse,160,459,0,619,0
Precinct,202 - Botetourt,229,779,1,1009,0
Precinct,301 - White Marsh,199,770,1,970,0
Precinct,302 - Roanes,235,855,1,1091,0
Precinct,401 - Hayes,291,841,3,1135,0
Precinct,402 - Sarahs Creek,258,754,3,1015,0
Precinct,501 - Achilles,243,1336,3,1582,0
Precinct,502 - Walker,201,746,0,947,0
Precinct,Ab - Central Absentee Precinct,5177,6199,4,11380,0
Precinct,Provisional,32,18,0,50,0
Locality,Goochland County,6730,9972,15,16717,0
Precinct,101 - Fife,146,431,1,578,0
Precinct,102 - Hadensville,190,643,2,835,0
Precinct,201 - Three Square,99,163,0,262,0
Precinct,202 - Sandy Hook,224,529,0,753,0
Precinct,301 - Goochland Court House 1,120,375,1,496,0
Precinct,302 - Goochland Court House 2,64,204,0,268,0
Precinct,401 - Shallow Well,197,593,0,790,0
Precinct,402 - Centerville,127,408,0,535,0
Precinct,501 - Manakin,196,701,0,897,0
Precinct,502 - Blair Road,173,451,1,625,0
Precinct,Ab - Central Absentee Precinct,5178,5450,10,10638,0
Precinct,Provisional,16,24,0,40,0
Locality,Grayson County,1946,5972,7,7925,0
Precinct,101 - Bridle Creek,50,181,0,231,0
Precinct,102 - Flatridge,27,106,0,133,0
Precinct,103 - Grant,44,193,0,237,0
Precinct,104 - Mouth Of Wilson,30,100,0,130,0
Precinct,105 - Mount Rogers,28,166,0,194,0
Precinct,106 - Rugby,44,165,0,209,0
Precinct,107 - Troutdale,12,106,0,118,0
Precinct,108 - Comers Rock,41,116,0,157,0
Precinct,202 - Elk Creek,50,271,1,322,0
Precinct,203 - Independence,121,566,0,687,0
Precinct,301 - Baywood,55,399,0,454,0
Precinct,302 - Fairview,95,563,0,658,0
Precinct,401 - Fries,80,256,1,337,0
Precinct,402 - Providence,79,593,0,672,0
Precinct,403 - Oldtown,55,254,0,309,0
Precinct,Ab - Central Absentee Precinct,1129,1925,5,3059,0
Precinct,Provisional,6,12,0,18,0
Locality,Greene County,4529,6661,6,11196,0
Precinct,101 - Dyke,91,412,0,503,0
Precinct,102 - Swift Run,150,526,0,676,0
Precinct,201 - Ruckersville,323,830,0,1153,0
Precinct,301 - Stanardsville,196,682,1,879,0
Precinct,401 - Midway,251,716,2,969,0
Precinct,Ab - Central Absentee Precinct,3504,3479,3,6986,0
Precinct,Provisional,14,16,0,30,0
Locality,Greensville County,2716,1822,4,4542,0
Precinct,101 - Precinct 1-a,187,134,0,321,0
Precinct,102 - Precinct 1-b,42,104,0,146,0
Precinct,103 - Precinct 1-c,161,32,0,193,0
Precinct,201 - Precinct 2-a,214,96,0,310,0
Precinct,202 - Precinct 2-b,137,280,0,417,0
Precinct,302 - Precinct 3-a,303,186,3,492,0
Precinct,401 - Precinct 4-a,60,148,0,208,0
Precinct,402 - Precinct 4-b,189,127,0,316,0
Precinct,403 - Precinct 4-c,60,79,0,139,0
Precinct,AB - Central Absentee Precinct,1363,636,1,2000,0
Precinct,Provisional,0,0,0,0,0
Locality,Halifax County,8258,9824,6,18088,0
Precinct,101 - Childrey,142,338,0,480,0
Precinct,102 - Liberty,68,188,0,256,0
Precinct,103 - Republican Grove,155,276,0,431,0
Precinct,201 - Clays Mill,51,220,0,271,0
Precinct,202 - Crossroads,95,242,0,337,0
Precinct,203 - Clover,173,285,0,458,0
Precinct,302 - Meadville,99,84,1,184,0
Precinct,304 - Vernon Hill,79,266,0,345,0
Precinct,305 - Sinai,201,134,0,335,0
Precinct,401 - Courthouse,104,168,0,272,0
Precinct,403 - Center,108,208,0,316,0
Precinct,502 - Dan River,165,332,0,497,0
Precinct,503 - Scottsburg,87,359,0,446,0
Precinct,601 - Black Walnut,74,288,0,362,0
Precinct,603 - Mt Carmel,182,387,0,569,0
Precinct,605 - Union,48,147,0,195,0
Precinct,701 - Hyco,119,448,0,567,0
Precinct,702 - Midway,81,424,0,505,0
Precinct,703 - Virgilina,59,321,0,380,0
Precinct,801 - South Boston,327,142,0,469,0
Precinct,Ab - Central Absentee Precinct,5819,4557,5,10381,0
Precinct,Provisional,22,10,0,32,0
Locality,Hampton City,46627,17777,86,64490,0
Precinct,101 - Aberdeen (CD 3),416,120,2,538,0
Precinct,102 - Bassette (CD 3),479,71,0,550,0
Precinct,103 - City Hall (CD 3),324,104,0,428,0
Precinct,104 - Cooper (CD 3),662,189,3,854,0
Precinct,105 - East Hampton (CD 3),224,98,1,323,0
Precinct,106 - Armstrong (CD 3),362,292,0,654,0
Precinct,107 - Lindsay (CD 3),332,123,0,455,0
Precinct,108 - Thomas (CD 3),497,110,3,610,0
Precinct,109 - Phenix (CD 3),590,83,1,674,0
Precinct,110 - Phoebus (CD 2),132,123,0,255,0
Precinct,111 - Hampton Library (CD 3),110,110,0,220,0
Precinct,112 - Smith (CD 3),487,333,0,820,0
Precinct,115 - Wythe (CD 3),216,252,0,468,0
Precinct,116 - Jones (CD 3),261,90,1,352,0
Precinct,117 - Kecoughtan (CD 3),382,227,4,613,0
Precinct,118 - Mallory (CD 3),513,114,2,629,0
Precinct,201 - Booker (CD 2),366,585,2,953,0
Precinct,202 - Bryan (CD 2),373,470,1,844,0
Precinct,203 - Burbank (CD 2),327,310,1,638,0
Precinct,204 - Forrest (CD 3),362,277,1,640,0
Precinct,205 - Asbury (CD 2),384,1070,1,1455,0
Precinct,208 - Kraft (CD 3),559,598,3,1160,0
Precinct,209 - Langley (CD 2),374,435,4,813,0
Precinct,210 - Machen (CD 3),564,311,3,878,0
Precinct,212 - Bethel (CD 3),412,327,0,739,0
Precinct,213 - Phillips (CD 2),434,748,1,1183,0
Precinct,214 - Tucker Capps (CD 3),496,394,1,891,0
Precinct,215 - Tyler (CD 3),170,59,0,229,0
Precinct,215 - Tyler (CD 2),6,6,0,12,0
Precinct,216 - Sandy Bottom (CD 3),252,250,2,504,0
Precinct,217 - Syms (CD 3),152,255,1,408,0
Precinct,Ab - Central Absentee Precinct (CD 2),6686,3362,7,10055,0
Precinct,Ab - Central Absentee Precinct (CD 3),28370,5773,40,34183,0
Precinct,Provisional (CD 2),65,44,1,110,0
Precinct,Provisional (CD 3),288,64,0,352,0
Locality,Hanover County,25864,43893,69,69826,0
Precinct,101 - Ashland,265,342,3,610,0
Precinct,104 - Sliding Hill,202,459,1,662,0
Precinct,105 - Berkley,301,272,1,574,0
Precinct,106 - Kersey Creek,128,248,0,376,0
Precinct,107 - Chickahominy,147,343,0,490,0
Precinct,201 - Beaverdam,175,982,5,1162,0
Precinct,202 - Blunts,188,486,1,675,0
Precinct,203 - Wilmington Parish,151,624,4,779,0
Precinct,206 - Courthouse,109,320,1,430,0
Precinct,208 - Oak Knoll,103,451,1,555,0
Precinct,209 - West Hanover,67,234,0,301,0
Precinct,210 - Oak Hill,48,156,0,204,0
Precinct,301 - Clay,145,437,1,583,0
Precinct,303 - Shady Grove,181,548,0,729,0
Precinct,304 - Atlee,425,998,3,1426,0
Precinct,305 - Cool Spring,161,495,0,656,0
Precinct,401 - Battlefield,134,733,1,868,0
Precinct,403 - Cold Harbor,328,1026,2,1356,0
Precinct,404 - Black Creek,156,1131,1,1288,0
Precinct,405 - Pebble Creek,205,436,1,642,0
Precinct,406 - Beaverdam Creek,92,202,0,294,0
Precinct,502 - Rural Point,166,649,1,816,0
Precinct,503 - Newman,213,551,3,767,0
Precinct,504 - Studley,125,644,0,769,0
Precinct,505 - Totopotomoy,82,482,1,565,0
Precinct,506 - Georgetown,100,416,1,517,0
Precinct,507 - Laurel Meadow,160,629,0,789,0
Precinct,601 - Village,344,888,0,1232,0
Precinct,602 - Lee Davis,236,720,2,958,0
Precinct,603 - Mechanicsville,296,529,1,826,0
Precinct,604 - Hanover Grove,139,390,0,529,0
Precinct,701 - Farrington,161,671,1,833,0
Precinct,702 - Montpelier,278,687,2,967,0
Precinct,703 - Rockville,262,821,1,1084,0
Precinct,704 - Elmont,245,674,0,919,0
Precinct,705 - South Anna,151,500,0,651,0
Precinct,Ab - Central Absentee Precinct,19077,23644,30,42751,0
Precinct,Provisional,118,75,0,193,0
Locality,Harrisonburg City,11116,5634,17,16767,0
Precinct,101 - Northeast,517,381,2,900,0
Precinct,102 - East Central,218,174,0,392,0
Precinct,103 - Southeast,476,416,1,893,0
Precinct,104 - East,427,439,0,866,0
Precinct,105 - South East Central,166,95,0,261,0
Precinct,201 - Northwest,349,412,2,763,0
Precinct,202 - Southwest,364,409,2,775,0
Precinct,203 - West,305,373,0,678,0
Precinct,Ab - Central Absentee Precinct,8226,2894,10,11130,0
Precinct,Provisional,68,41,0,109,0
Locality,Henrico County,117199,62686,177,180062,0
Precinct,101 - Coalpit (CD 7),507,799,0,1306,0
Precinct,102 - Dumbarton (CD 7),587,299,2,888,0
Precinct,103 - Glen Allen (CD 7),414,814,2,1230,0
Precinct,105 - Greendale (CD 7),630,558,4,1192,0
Precinct,106 - Hermitage (CD 7),520,552,0,1072,0
Precinct,108 - Hungary Creek (CD 7),428,620,1,1049,0
Precinct,109 - Hunton (CD 7),157,350,0,507,0
Precinct,110 - Johnson (CD 7),696,488,3,1187,0
Precinct,111 - Lakeside (CD 7),650,690,3,1343,0
Precinct,112 - Longan (CD 7),495,587,1,1083,0
Precinct,113 - Maude Trevvett (CD 7),217,269,1,487,0
Precinct,114 - Monument Hills (CD 7),224,270,1,495,0
Precinct,115 - Staples Mill (CD 7),386,632,2,1020,0
Precinct,117 - Westwood (CD 7),340,361,1,702,0
Precinct,201 - Adams (CD 4),464,50,0,514,0
Precinct,202 - Azalea (CD 7),931,116,1,1048,0
Precinct,203 - Belmont (CD 7),559,380,0,939,0
Precinct,204 - Brookland (CD 7),148,170,1,319,0
Precinct,205 - Canterbury (CD 7),109,129,1,239,0
Precinct,206 - Central Gardens (CD 4),659,31,1,691,0
Precinct,207 - Chamberlayne (CD 7),486,298,0,784,0
Precinct,208 - Fairfield (CD 4),542,40,1,583,0
Precinct,209 - Glen Lea (CD 4),428,121,0,549,0
Precinct,210 - Greenwood (CD 7),323,163,0,486,0
Precinct,211 - Highland Gardens (CD 4),287,31,1,319,0
Precinct,212 - Hollybrook (CD 7),197,116,0,313,0
Precinct,213 - Hungary (CD 7),386,167,1,554,0
Precinct,214 - Longdale (CD 7),413,287,1,701,0
Precinct,215 - Maplewood (CD 4),677,63,2,742,0
Precinct,216 - Moody (CD 7),200,225,0,425,0
Precinct,217 - Mountain (CD 7),160,144,0,304,0
Precinct,218 - Oakview (CD 7),38,39,0,77,0
Precinct,219 - Randolph (CD 7),108,27,0,135,0
Precinct,220 - Ratcliffe (CD 4),854,95,1,950,0
Precinct,221 - Stratford Hall (CD 7),68,89,0,157,0
Precinct,222 - Wilder (CD 7),342,152,1,495,0
Precinct,223 - Yellow Tavern (CD 7),456,445,3,904,0
Precinct,224 - Essex Village (CD 4),341,15,1,357,0
Precinct,301 - Causeway (CD 7),341,507,0,848,0
Precinct,302 - Cedarfield (CD 7),247,486,4,737,0
Precinct,303 - Innsbrook (CD 7),441,551,3,995,0
Precinct,304 - Jackson Davis (CD 7),260,392,3,655,0
Precinct,305 - Nuckols Farm (CD 7),394,778,4,1176,0
Precinct,306 - Pocahontas (CD 7),377,482,1,860,0
Precinct,307 - Ridge (CD 7),301,340,1,642,0
Precinct,308 - Rivers Edge (CD 7),449,715,0,1164,0
Precinct,309 - Sadler (CD 7),402,570,1,973,0
Precinct,310 - Shady Grove (CD 7),456,866,0,1322,0
Precinct,311 - Short Pump (CD 7),254,387,0,641,0
Precinct,312 - Springfield (CD 7),394,344,0,738,0
Precinct,313 - Stoney Run (CD 7),414,753,0,1167,0
Precinct,314 - Three Chopt (CD 7),451,665,2,1118,0
Precinct,315 - Tucker (CD 7),718,363,3,1084,0
Precinct,316 - Colonial Trail (CD 7),331,348,0,679,0
Precinct,401 - Quioccasin (CD 7),441,530,1,972,0
Precinct,402 - Crestview (CD 7),521,488,0,1009,0
Precinct,403 - Derbyshire (CD 7),295,579,0,874,0
Precinct,404 - Freeman (CD 7),310,452,2,764,0
Precinct,405 - Gayton (CD 7),272,576,1,849,0
Precinct,406 - Godwin (CD 7),259,436,0,695,0
Precinct,407 - Lakewood (CD 7),257,441,1,699,0
Precinct,408 - Lauderdale (CD 7),454,518,2,974,0
Precinct,409 - Maybeury (CD 7),400,584,1,985,0
Precinct,410 - Mooreland (CD 7),198,503,0,701,0
Precinct,411 - Pemberton (CD 7),450,410,3,863,0
Precinct,412 - Pinchbeck (CD 7),540,565,3,1108,0
Precinct,413 - Ridgefield (CD 7),422,780,4,1206,0
Precinct,414 - Rollingwood (CD 7),338,488,2,828,0
Precinct,415 - Skipwith (CD 7),273,296,2,571,0
Precinct,416 - Spottswood (CD 7),214,282,1,497,0
Precinct,417 - Tuckahoe (CD 7),297,720,0,1017,0
Precinct,418 - Welborne (CD 7),372,401,1,774,0
Precinct,419 - West End (CD 7),359,630,1,990,0
Precinct,501 - Antioch (CD 4),195,821,0,1016,0
Precinct,502 - Cedar Fork (CD 4),326,82,0,408,0
Precinct,503 - Chickahominy (CD 4),301,545,0,846,0
Precinct,504 - Donahoe (CD 4),363,294,1,658,0
Precinct,505 - Dorey (CD 4),363,508,0,871,0
Precinct,506 - Eanes (CD 4),530,267,0,797,0
Precinct,507 - Elko (CD 4),63,354,0,417,0
Precinct,508 - Highland Springs (CD 4),516,139,3,658,0
Precinct,509 - Laburnum (CD 4),424,190,2,616,0
Precinct,510 - Mehfoud (CD 4),392,276,2,670,0
Precinct,511 - Montrose (CD 4),698,169,0,867,0
Precinct,512 - Nine Mile (CD 4),308,197,1,506,0
Precinct,513 - Pleasants (CD 4),807,123,2,932,0
Precinct,514 - Rolfe (CD 4),671,121,1,793,0
Precinct,515 - Sandston (CD 4),344,721,1,1066,0
Precinct,516 - Sullivans (CD 4),561,320,1,882,0
Precinct,517 - Town Hall (CD 4),142,292,1,435,0
Precinct,518 - Whitlocks (CD 4),256,670,1,927,0
Precinct,AB - Central Absentee Precinct (CD 4),24941,4226,18,29185,0
Precinct,Ab - Central Absentee Precinct (CD 7),55928,23164,57,79149,0
Precinct,Provisional (CD 4),232,48,0,280,0
Precinct,Provisional (CD 7),509,251,2,762,0
Locality,Henry County,10616,15051,27,25694,0
Precinct,101 - Bassett Number Two (CD 9),125,153,0,278,0
Precinct,102 - Gunville (CD 9),158,496,1,655,0
Precinct,103 - Scott's Tanyard (CD 9),228,851,2,1081,0
Precinct,201 - Fieldale (CD 9),105,227,1,333,0
Precinct,202 - Horsepasture #1 (CD 9),182,470,0,652,0
Precinct,203 - Horsepasture #2 (CD 9),231,156,1,388,0
Precinct,204 - Spencer (CD 9),189,613,2,804,0
Precinct,302 - Axton (CD 5),150,271,0,421,0
Precinct,303 - Irisburg (CD 5),222,480,1,703,0
Precinct,304 - Mount Olivet (CD 5),176,306,0,482,0
Precinct,304 - Mount Olivet (CD 9),1,0,0,1,0
Precinct,305 - Mountain Valley (CD 5),126,298,0,424,0
Precinct,401 - Collinsville Number 1 (CD 9),104,253,0,357,0
Precinct,402 - Daniels Creek (CD 9),133,265,0,398,0
Precinct,404 - Collinsville Number 2 (CD 9),186,400,1,587,0
Precinct,405 - Mountain View (CD 5),123,248,1,372,0
Precinct,501 - Bassett Number One (CD 9),129,218,0,347,0
Precinct,502 - Figsboro (CD 9),105,378,0,483,0
Precinct,503 - Stanleytown (CD 9),156,618,2,776,0
Precinct,504 - Oak Level (CD 9),96,239,0,335,0
Precinct,505 - Dyers Store (CD 5),13,31,0,44,0
Precinct,505 - Dyers Store (CD 9),51,218,0,269,0
Precinct,601 - Fontaine (CD 9),171,379,1,551,0
Precinct,602 - Hillcrest (CD 9),94,162,0,256,0
Precinct,603 - Ridgeway #1 (CD 5),200,590,0,790,0
Precinct,604 - Ridgeway #2 (CD 9),148,447,0,595,0
Precinct,Ab - Central Absentee Precinct (CD 5),2341,1566,1,3908,0
Precinct,Ab - Central Absentee Precinct (CD 9),4595,4659,13,9267,0
Precinct,Provisional (CD 5),20,11,0,31,0
Precinct,Provisional (CD 9),58,48,0,106,0
Locality,Highland County,504,1020,1,1525,0
Precinct,1 - Monterey,87,195,1,283,0
Precinct,3 - Wilsons Mill,14,71,0,85,0
Precinct,5 - Blue Grass,60,140,0,200,0
Precinct,7 - Mill Gap,35,93,0,128,0
Precinct,8 - Mcdowell,50,214,0,264,0
Precinct,10 - Headwaters,12,72,0,84,0
Precinct,AB - Central Absentee Precinct,246,233,0,479,0
Precinct,Provisional,0,2,0,2,0
Locality,Hopewell City,5695,3847,7,9549,0
Precinct,101 - Ward One,228,270,1,499,0
Precinct,201 - Ward Two,375,100,0,475,0
Precinct,301 - Ward Three,244,495,0,739,0
Precinct,401 - Ward Four,350,385,0,735,0
Precinct,501 - Ward Five,229,356,2,587,0
Precinct,601 - Ward Six,427,115,1,543,0
Precinct,701 - Ward Seven,262,219,0,481,0
Precinct,Ab - Central Absentee Precinct,3509,1879,3,5391,0
Precinct,Provisional,71,28,0,99,0
Locality,Isle of Wight County,9821,13546,23,23390,0
Precinct,101 - Smithfield,267,813,3,1083,0
Precinct,102 - Cypress Creek,222,652,1,875,0
Precinct,201 - Bartlett,256,870,5,1131,0
Precinct,202 - Carrollton,316,716,2,1034,0
Precinct,301 - Rushmere,335,501,0,836,0
Precinct,302 - Pons,332,328,1,661,0
Precinct,401 - Courthouse,75,298,0,373,0
Precinct,402 - Windsor,163,595,1,759,0
Precinct,403 - Longview,214,457,0,671,0
Precinct,501 - Walters,121,512,0,633,0
Precinct,502 - Camps Mill,109,151,0,260,0
Precinct,503 - Carrsville,130,325,0,455,0
Precinct,504 - Zuni,138,544,1,683,0
Precinct,505 - Raynor,53,287,1,341,0
Precinct,Ab - Central Absentee Precinct,7024,6464,8,13496,0
Precinct,Provisional,66,33,0,99,0
Locality,James City County,25685,23600,41,49326,0
Precinct,101 - Berkeley A (CD 1),165,518,2,685,0
Precinct,102 - Berkeley B (CD 1),184,454,0,638,0
Precinct,103 - Berkeley C (CD 1),169,578,0,747,0
Precinct,104- Berkeley D (CD 2),84,182,0,266,0
Precinct,201 - Jamestown A (CD 2),113,166,2,281,0
Precinct,202 - Jamestown B (CD 1),265,306,0,571,0
Precinct,202 - Jamestown B (CD 2),1,2,0,3,0
Precinct,203 - Jamestown C (CD 1),158,357,0,515,0
Precinct,204 - Jamestown D (CD 1),122,346,0,468,0
Precinct,301 - Powhatan A (CD 1),167,420,1,588,0
Precinct,302 - Powhatan B (CD 1),145,174,1,320,0
Precinct,303 - Powhatan C (CD 1),129,443,1,573,0
Precinct,304 - Powhatan D (CD 1),310,463,0,773,0
Precinct,401 - Stonehouse A (CD 1),376,989,1,1366,0
Precinct,402 - Stonehouse B (CD 1),319,784,1,1104,0
Precinct,403 - Stonehouse C (CD 1),221,777,2,1000,0
Precinct,501 - Roberts A (CD 2),374,249,0,623,0
Precinct,502 - Roberts B (CD 2),111,542,1,654,0
Precinct,503 - Roberts C (CD 2),153,89,0,242,0
Precinct,504 - Roberts D (CD 1),0,2,0,2,0
Precinct,504 - Roberts D (CD 2),236,508,1,745,0
Precinct,AB - Central Absentee Precinct (CD 2),4737,2823,5,7565,0
Precinct,Ab - Central Absentee Precinct (CD 1),16991,12369,22,29382,0
Precinct,Provisional (CD 1),120,44,1,165,0
Precinct,Provisional (CD 2),35,15,0,50,0
Locality,King and Queen County,1705,2372,8,4085,0
Precinct,101 - Owenton,244,255,2,501,0
Precinct,201 - Clarks,136,370,1,507,0
Precinct,301 - Shacklefords,137,302,0,439,0
Precinct,401 - Courthouse,101,250,1,352,0
Precinct,501 - Oldmill,66,324,1,391,0
Precinct,Ab - Central Absentee Precinct,1017,867,3,1887,0
Precinct,Provisional,4,4,0,8,0
Locality,King George County,5758,8384,15,14157,0
Precinct,101 - Courthouse,217,653,0,870,0
Precinct,102 - Passapatanzy,167,463,3,633,0
Precinct,201 - Monroe,206,685,2,893,0
Precinct,301 - Dahlgren,311,662,4,977,0
Precinct,401 - Shiloh,299,719,1,1019,0
Precinct,Ab - Central Absentee Precinct,4543,5192,5,9740,0
Precinct,Provisional,15,10,0,25,0
Locality,King William County,3447,7079,9,10535,0
Precinct,101 - West Point,350,859,2,1211,0
Precinct,201 - Sweet Hall,99,360,0,459,0
Precinct,202 - Courthouse,142,383,1,526,0
Precinct,301 - Aylett,228,975,1,1204,0
Precinct,401 - Manquin,253,940,0,1193,0
Precinct,501 - Mangohick,250,888,1,1139,0
Precinct,Ab - Central Absentee Precinct,2095,2636,4,4735,0
Precinct,Provisional,30,38,0,68,0
Locality,Lancaster County,3457,3648,3,7108,0
Precinct,101 - Precinct 1-1,183,432,0,615,0
Precinct,201 - Precinct 2-1,197,228,0,425,0
Precinct,301 - Precinct 3-1,104,392,0,496,0
Precinct,302 - Precinct 3-2,49,178,0,227,0
Precinct,401 - Precinct 4-1,252,227,0,479,0
Precinct,501 - Precinct 5-1,169,512,1,682,0
Precinct,Ab - Central Absentee Precinct,2501,1679,2,4182,0
Precinct,Provisional,2,0,0,2,0
Locality,Lee County,2240,7600,10,9850,0
Precinct,101 - Elydale,65,324,1,390,0
Precinct,102 - Ewing,49,322,0,371,0
Precinct,103 - Rose Hill,128,562,2,692,0
Precinct,201 - Blackwater,36,137,0,173,0
Precinct,202 - Flatwoods,93,433,0,526,0
Precinct,203 - Jonesville,125,539,0,664,0
Precinct,301 - Ben Hur,133,619,1,753,0
Precinct,302 - Woodway,132,459,1,592,0
Precinct,401 - Stickleyville,81,284,0,365,0
Precinct,402 - Jasper,41,224,0,265,0
Precinct,403 - Seminary,57,308,0,365,0
Precinct,404 - Dryden,102,495,1,598,0
Precinct,501 - Saint Charles,83,186,0,269,0
Precinct,502 - Pennington,111,484,0,595,0
Precinct,503 - Robbins Chapel,20,85,0,105,0
Precinct,504 - Keokee,42,118,0,160,0
Precinct,Ab - Central Absentee Precinct,937,2016,4,2957,0
Precinct,Provisional,5,5,0,10,0
Locality,Lexington City,1853,895,3,2751,0
Precinct,1 - Lexington,252,376,2,630,0
Precinct,Ab - Central Absentee Precinct,1597,517,1,2115,0
Precinct,Provisional,4,2,0,6,0
Locality,Loudoun County,137814,84991,178,222983,0
Precinct,107 - Little River,274,421,2,697,0
Precinct,108 - Mercer,317,383,0,700,0
Precinct,112 - Freedom,199,206,1,406,0
Precinct,114 - Dulles South,196,242,0,438,0
Precinct,117 - Carter,232,162,2,396,0
Precinct,118 - Moorefield,339,358,0,697,0
Precinct,119 - Arcola,310,265,0,575,0
Precinct,120 - Lunsford,362,358,0,720,0
Precinct,121 - Town Hall,267,282,2,551,0
Precinct,122 - Hutchison Farm,318,396,1,715,0
Precinct,123 - Cardinal Ridge,200,222,1,423,0
Precinct,124 - Liberty,226,211,0,437,0
Precinct,125 - Rock Ridge,409,287,0,696,0
Precinct,126-Goshen Post,361,353,2,716,0
Precinct,207 - River Bend,192,305,2,499,0
Precinct,208 - Algonkian,265,324,0,589,0
Precinct,209 - Potomac Falls,260,367,1,628,0
Precinct,210 - Cascades,460,414,0,874,0
Precinct,213 - Countryside,173,140,0,313,0
Precinct,214 - Sugarland North,328,438,1,767,0
Precinct,215 - Sugarland South,508,472,0,980,0
Precinct,216 - Lowes Island,336,430,1,767,0
Precinct,217 - South Bank,282,383,2,667,0
Precinct,218 - University Center,380,309,0,689,0
Precinct,219 - Galilee Church,342,366,0,708,0
Precinct,301 - Purcellville,202,574,2,778,0
Precinct,302 - Round Hill,345,782,1,1128,0
Precinct,303 - Hillsboro,246,654,1,901,0
Precinct,305 - Philomont,168,398,1,567,0
Precinct,307 - Middleburg,290,326,0,616,0
Precinct,308 - St Louis,238,336,0,574,0
Precinct,309 - Aldie,171,265,1,437,0
Precinct,310 - Mountain View,297,762,1,1060,0
Precinct,311 - Round Hill Elementary,338,826,1,1165,0
Precinct,312 - Briar Woods,368,364,2,734,0
Precinct,313 - Pinebrook,374,408,0,782,0
Precinct,314 - Legacy,372,367,1,740,0
Precinct,315 - Firehouse,115,288,1,404,0
Precinct,316 - Creighton's Corner,443,451,1,895,0
Precinct,318 - Madison's Trust,247,614,0,861,0
Precinct,319 - John Champe,390,508,0,898,0
Precinct,320 - Stone Hill,534,356,0,890,0
Precinct,321 - Brambleton Middle,252,238,0,490,0
Precinct,322-Buffalo Trail,296,276,2,574,0
Precinct,401 - West Lovettsville,431,1114,6,1551,0
Precinct,402 - Waterford,324,766,2,1092,0
Precinct,403 - Lucketts,347,670,3,1020,0
Precinct,407 - Harper Park,177,262,0,439,0
Precinct,408 - Evergreen,307,530,2,839,0
Precinct,409 - Clarkes Gap,204,572,0,776,0
Precinct,411 - East Lovettsville,238,709,0,947,0
Precinct,413 - Tuscarora,25,32,0,57,0
Precinct,414 - Red Rock,289,281,0,570,0
Precinct,416 - Hamilton,324,839,2,1165,0
Precinct,420 - River Creek,176,401,0,577,0
Precinct,421 - Between The Hills,55,137,0,192,0
Precinct,422 - Sycolin Creek,168,446,1,615,0
Precinct,501 - West Leesburg,248,363,0,611,0
Precinct,502 - East Leesburg,440,347,0,787,0
Precinct,503 - Dry Mill,134,258,0,392,0
Precinct,504 - Smarts Mill,283,413,1,697,0
Precinct,505 - Cool Spring,286,437,1,724,0
Precinct,506 - Brandon Park,255,230,1,486,0
Precinct,507 - Greenway,139,207,0,346,0
Precinct,508 - Balls Bluff,423,524,0,947,0
Precinct,509 - Tolbert,537,443,1,981,0
Precinct,510 - Heritage,132,253,1,386,0
Precinct,615 - Hillside,378,447,2,827,0
Precinct,616 - Eagle Ridge,331,441,2,774,0
Precinct,617 - Oak Grove,320,147,0,467,0
Precinct,619 - Ridgetop,176,140,0,316,0
Precinct,620 - Russell Branch,397,471,0,868,0
Precinct,621 - Dominion Trail,448,527,4,979,0
Precinct,622 - Farmwell Station,453,395,2,850,0
Precinct,623 - Weller,373,418,0,791,0
Precinct,625 - Mill Run,139,216,0,355,0
Precinct,626 - Ashby Ponds,201,275,0,476,0
Precinct,627 - Ashbrook,169,129,0,298,0
Precinct,628 - Moorefield Station,519,485,0,1004,0
Precinct,629 - Discovery,117,124,0,241,0
Precinct,701 - Sully,380,339,1,720,0
Precinct,702 - Park View,400,331,2,733,0
Precinct,703 - Rolling Ridge,552,311,2,865,0
Precinct,705 - Forest Grove,522,432,0,954,0
Precinct,707 - Claude Moore Park,300,220,2,522,0
Precinct,708 - Seneca,243,328,2,573,0
Precinct,709 - Mirror Ridge,416,306,2,724,0
Precinct,710 - Sterling,350,286,0,636,0
Precinct,808 - Stone Bridge,403,494,2,899,0
Precinct,810 - Cedar Lane,370,430,2,802,0
Precinct,813 - Seldens Landing,351,327,1,679,0
Precinct,814 - Newton - Lee,251,546,1,798,0
Precinct,815 - Belmont Ridge,233,295,1,529,0
Precinct,817 - Sanders Corner,407,535,1,943,0
Precinct,818 - Broad Run,284,332,0,616,0
Precinct,819 - Heritage Church,276,380,1,657,0
Precinct,820 - Belmont Station,293,332,0,625,0
Precinct,822 - Riverside,243,289,0,532,0
Precinct,Ab - Central Absentee Precinct,107800,46907,93,154800,0
Precinct,Provisional,555,235,1,791,0
Locality,Louisa County,8700,13039,20,21759,0
Precinct,101 - Zion,274,760,1,1035,0
Precinct,102 - Mechanicsville,168,459,1,628,0
Precinct,201 - Louisa #1,158,375,1,534,0
Precinct,202 - Louisa #2,144,487,1,632,0
Precinct,301 - Patrick Henry No 1,352,593,2,947,0
Precinct,302 - Patrick Henry #2,114,226,1,341,0
Precinct,401 - Mineral,176,771,2,949,0
Precinct,402 - Yanceyville,98,223,0,321,0
Precinct,501 - Fredericks Hall,140,202,0,342,0
Precinct,502 - Cuckoo,115,431,2,548,0
Precinct,503 - Elk Creek,86,420,1,507,0
Precinct,601 - Bumpass,130,682,0,812,0
Precinct,602 - Locust Creek,173,831,0,1004,0
Precinct,701 - Sheltons Mill,189,799,1,989,0
Precinct,702 - South Anna,131,498,0,629,0
Precinct,Ab - Central Absentee Precinct,6207,5251,7,11465,0
Precinct,Provisional,45,31,0,76,0
Locality,Lunenburg County,2531,3362,4,5897,0
Precinct,101 - Plymouth,80,251,0,331,0
Precinct,201 - Browns Store,93,238,0,331,0
Precinct,301 - Rosebud,57,227,0,284,0
Precinct,302 - Flat Rock,96,248,0,344,0
Precinct,401 - Arrowhead Gun Club,32,168,0,200,0
Precinct,402 - Pleasant Grove,80,252,0,332,0
Precinct,501 - Reedy Creek,68,103,1,172,0
Precinct,502 - Peoples Community Center,122,89,0,211,0
Precinct,601 - Hounds Creek,206,185,0,391,0
Precinct,701 - Meherrin Fire Department,94,139,0,233,0
Precinct,702 - Victoria Public Library,73,155,0,228,0
Precinct,Ab - Central Absentee Precinct,1519,1305,3,2827,0
Precinct,Provisional,11,2,0,13,0
Locality,Lynchburg City,18587,17208,53,35848,0
Precinct,101 - First Ward First Precinct,574,1001,6,1581,0
Precinct,102 - First Ward Second Precinct,372,1090,0,1462,0
Precinct,103 - First Ward Third Precinct,246,623,1,870,0
Precinct,104 - First Ward Fourth Precinct,191,213,4,408,0
Precinct,105 - First Ward Fifth Precinct,270,362,0,632,0
Precinct,201 - Second Ward First Precinct,774,425,2,1201,0
Precinct,202 - Second Ward Second Precinct,641,294,4,939,0
Precinct,203 - Second Ward Third Precinct,285,115,0,400,0
Precinct,204 - Second Ward Fourth Precinct,243,241,0,484,0
Precinct,301 - Third Ward First Precinct,261,317,0,578,0
Precinct,302 - Third Ward Second Precinct,99,1225,5,1329,0
Precinct,303 - Third Ward Third Precinct,258,478,0,736,0
Precinct,304 - Third Ward Fourth Precinct,239,496,1,736,0
Precinct,305 - Third Ward Fifth Precinct,334,1054,0,1388,0
Precinct,401 - Fourth Ward First Precinct,443,1411,1,1855,0
Precinct,402 - Fourth Ward Second Precinct,209,465,2,676,0
Precinct,403 - Fourth Ward Third Precinct,490,893,3,1386,0
Precinct,404 - Fourth Ward Fourth Precinct,415,706,3,1124,0
Precinct,Ab - Central Absentee Precinct,12125,5719,21,17865,0
Precinct,Provisional,118,80,0,198,0
Locality,Madison County,2925,5156,7,8088,0
Precinct,1 - Oak Park,142,360,0,502,0
Precinct,2 - Radiant,169,491,1,661,0
Precinct,3 - Rochelle,101,345,0,446,0
Precinct,4 - Graves Mill,13,43,0,56,0
Precinct,5 - Madison,139,508,1,648,0
Precinct,6 - Wolftown,132,347,0,479,0
Precinct,7 - Brightwood,144,701,3,848,0
Precinct,8 - Criglersville,69,318,0,387,0
Precinct,9 - Etlan,47,215,0,262,0
Precinct,Ab - Central Absentee Precinct,1961,1825,2,3788,0
Precinct,Provisional,8,3,0,11,0
Locality,Manassas City,10547,6227,14,16788,0
Precinct,1 - Dean,479,317,1,797,0
Precinct,2 - Weems,549,460,1,1010,0
Precinct,3 - Metz,401,459,2,862,0
Precinct,4 - Haydon,390,429,1,820,0
Precinct,5 - Baldwin,360,379,2,741,0
Precinct,6 - Round,266,352,0,618,0
Precinct,Ab - Central Absentee Precinct,8035,3805,7,11847,0
Precinct,Provisional,67,26,0,93,0
Locality,Manassas Park City,4084,1929,5,6018,0
Precinct,1 - Precinct One,294,235,1,530,0
Precinct,2 - Precinct Two,366,245,0,611,0
Precinct,3 - Precinct Three,248,206,1,455,0
Precinct,Ab - Central Absentee Precinct,3155,1236,3,4394,0
Precinct,Provisional,21,7,0,28,0
Locality,Martinsville City,3957,1881,5,5843,0
Precinct,1 - Precinct #1,176,16,0,192,0
Precinct,2 - Precinct #2,247,223,0,470,0
Precinct,3 - Precinct #3,198,107,2,307,0
Precinct,4 - Precinct #4,289,154,0,443,0
Precinct,5 - Precinct #5,237,424,0,661,0
Precinct,6 - Precinct #6,113,0,0,113,0
Precinct,Ab - Central Absentee Precinct,2679,957,3,3639,0
Precinct,Provisional,18,0,0,18,0
Locality,Mathews County,1943,3856,5,5804,0
Precinct,1 - Chesapeake,74,316,1,391,0
Precinct,2 - Westville,113,431,0,544,0
Precinct,3 - Piankatank,135,502,1,638,0
Precinct,Ab - Central Absentee Precinct,1618,2603,3,4224,0
Precinct,Provisional,3,4,0,7,0
Locality,Mecklenburg County,7004,8871,13,15888,0
Precinct,101 - Wrights Store,141,188,0,329,0
Precinct,102 - Pearsons Store,38,107,0,145,0
Precinct,103 - South Clarksville,207,256,0,463,0
Precinct,201 - Boydton,75,123,0,198,0
Precinct,202 - Bluestone Senior High School,75,37,0,112,0
Precinct,203 - Chase City Vfw Post,193,36,0,229,0
Precinct,301 - Bracey,143,564,0,707,0
Precinct,302 - Lacrosse,158,286,0,444,0
Precinct,401 - American Legion Hall,373,232,0,605,0
Precinct,402 - Park View Middle School,66,57,1,124,0
Precinct,501 - South Hill,336,415,1,752,0
Precinct,601 - Baskerville,72,213,1,286,0
Precinct,602 - Union Level,45,206,0,251,0
Precinct,603 - Smith Crossroads,50,130,0,180,0
Precinct,604 - Lake Gaston,52,200,0,252,0
Precinct,701 - Chase City,165,253,0,418,0
Precinct,702 - Sunshine,93,251,1,345,0
Precinct,801 - Finchley,38,76,0,114,0
Precinct,802 - Bluestone,98,289,0,387,0
Precinct,803 - Chase City Elementary School,109,214,0,323,0
Precinct,901 - Averett,18,146,0,164,0
Precinct,902 - Buffalo Springs,65,188,1,254,0
Precinct,903 - Clarksville,168,441,0,609,0
Precinct,Ab - Central Absentee Precinct,4188,3943,8,8139,0
Precinct,Provisional,38,20,0,58,0
Locality,Middlesex County,2658,4080,2,6740,0
Precinct,101 - Saluda,47,122,0,169,0
Precinct,102 - Urbanna,122,268,0,390,0
Precinct,201 - New Market,175,690,0,865,0
Precinct,302 - Church View,196,410,0,606,0
Precinct,401- Harmony Village,154,356,2,512,0
Precinct,501 - Wilton,145,558,0,703,0
Precinct,Ab - Central Absentee Precinct,1812,1663,0,3475,0
Precinct,Provisional,7,13,0,20,0
Locality,Montgomery County,24589,19992,52,44633,0
Precinct,101 - Precinct A-1,238,490,1,729,0
Precinct,102 - Precinct A-2,297,198,0,495,0
Precinct,103 - Precinct A-3,320,326,3,649,0
Precinct,201 - Precinct B-1,43,105,0,148,0
Precinct,202 - Precinct B-2,298,626,2,926,0
Precinct,203 - Precinct B-3,178,410,5,593,0
Precinct,204 - Precinct B-4,275,624,0,899,0
Precinct,301 - Precinct C-1,217,912,1,1130,0
Precinct,302 - Precinct C-2,197,622,2,821,0
Precinct,303 - Precinct C-3,140,395,0,535,0
Precinct,304 - Precinct C-4,254,582,2,838,0
Precinct,401 - Precinct D-1,118,352,0,470,0
Precinct,402 - Precinct D-2,167,847,0,1014,0
Precinct,403 - Precinct D-3,155,784,2,941,0
Precinct,404 - Precinct D-4,126,477,0,603,0
Precinct,405 - Precinct D-5,202,558,1,761,0
Precinct,501 - Precinct E-1,299,543,1,843,0
Precinct,502 - Precinct E-2,240,561,0,801,0
Precinct,503 - Precinct E-3,199,94,0,293,0
Precinct,601 - Precinct F-1,294,286,0,580,0
Precinct,602 - Precinct F-2,368,285,0,653,0
Precinct,603 - Precinct F-3,83,84,1,168,0
Precinct,701 - Precinct G-1,384,361,0,745,0
Precinct,702 - Precinct G-2,355,205,0,560,0
Precinct,Ab - Central Absentee Precinct,19069,9229,31,28329,0
Precinct,Provisional,73,36,0,109,0
Locality,Nelson County,4673,4526,8,9207,0
Precinct,101 - Rockfish,351,652,1,1004,0
Precinct,201 - Lovingston,149,343,0,492,0
Precinct,202 - Schuyler,124,250,1,375,0
Precinct,301 - Shipman,184,449,2,635,0
Precinct,302 - Gladstone,58,129,0,187,0
Precinct,401 - Roseland,179,582,0,761,0
Precinct,402 - Montebello,40,73,0,113,0
Precinct,501 - Faber,96,200,0,296,0
Precinct,502 - Nellysford,202,395,0,597,0
Precinct,Ab - Central Absentee Precinct,3283,1445,4,4732,0
Precinct,Provisional,7,8,0,15,0
Locality,New Kent County,4764,9449,9,14222,0
Precinct,102 - Tunstall,86,423,0,509,0
Precinct,103 - Southern Branch,177,1052,0,1229,0
Precinct,201 - Quinton,221,731,1,953,0
Precinct,202 - Kentwood,136,627,2,765,0
Precinct,301 - Watkins,210,491,0,701,0
Precinct,302 - Cumberland,162,652,0,814,0
Precinct,401 - Providence Forge,183,721,0,904,0
Precinct,403 - Mountcastle,110,391,0,501,0
Precinct,501 - Eltham,170,492,0,662,0
Precinct,502 - Chickahominy River,147,839,1,987,0
Precinct,Ab - Central Absentee Precinct,3134,3003,5,6142,0
Precinct,Provisional,28,27,0,55,0
Locality,Newport News City,53265,25428,95,78788,0
Precinct,101 - Denbigh (CD 3),723,379,0,1102,0
Precinct,102 - Epes (CD 3),870,274,2,1146,0
Precinct,103 - Jenkins (CD 3),775,497,4,1276,0
Precinct,104 - Mcintosh (CD 3),529,254,1,784,0
Precinct,105 - Oyster Point (CD 3),128,112,0,240,0
Precinct,106 - Reservoir (CD 3),824,444,2,1270,0
Precinct,107 - Richneck (CD 3),517,555,2,1074,0
Precinct,108 - Lee Hall (CD 3),603,292,2,897,0
Precinct,109 - Windsor (CD 3),365,334,4,703,0
Precinct,110 - Greenwood (CD 3),614,334,1,949,0
Precinct,201 - Bland (CD 3),144,69,1,214,0
Precinct,202 - Boulevard (CD 3),393,545,2,940,0
Precinct,203 - Charles (CD 3),503,821,0,1324,0
Precinct,204 - Wellesley (CD 3),271,263,0,534,0
Precinct,205 - Deep Creek (CD 3),330,766,2,1098,0
Precinct,208 - Hidenwood (CD 3),212,478,0,690,0
Precinct,209 - Hilton (CD 3),311,511,4,826,0
Precinct,210 - Nelson (CD 3),583,834,2,1419,0
Precinct,211 - Palmer (CD 2),39,36,0,75,0
Precinct,211 - Palmer (CD 3),472,352,1,825,0
Precinct,212 - Riverside (CD 3),225,426,1,652,0
Precinct,213 - Sanford (CD 3),152,364,0,516,0
Precinct,215 - Warwick (CD 3),272,247,0,519,0
Precinct,216 - Yates (CD 3),171,371,0,542,0
Precinct,217 - Riverview (CD 3),269,507,0,776,0
Precinct,218 - Kiln Creek (CD 2),13,21,0,34,0
Precinct,218 - Kiln Creek (CD 3),415,568,2,985,0
Precinct,219 - Deer Park (CD 3),629,284,1,914,0
Precinct,302 - Briarfield (CD 3),460,186,1,647,0
Precinct,303 - Carver (CD 3),311,148,0,459,0
Precinct,304 - Chestnut (CD 3),314,15,1,330,0
Precinct,305 - Downtown (CD 3),131,52,2,185,0
Precinct,306 - Dunbar (CD 3),134,13,0,147,0
Precinct,307 - Huntington (CD 3),268,14,1,283,0
Precinct,308 - Jefferson (CD 3),272,16,0,288,0
Precinct,309 - Magruder (CD 3),270,23,0,293,0
Precinct,310 - Marshall (CD 3),347,23,1,371,0
Precinct,311 - Newmarket (CD 3),489,247,2,738,0
Precinct,312 - Newsome Park (CD 3),171,6,0,177,0
Precinct,313 - Reed (CD 3),448,23,1,472,0
Precinct,314 - River (CD 3),236,208,0,444,0
Precinct,315 - Sedgefield (CD 3),349,410,0,759,0
Precinct,316 - South Morrison (CD 3),395,253,2,650,0
Precinct,317 - Washington (CD 3),156,3,0,159,0
Precinct,318 - Wilson (CD 3),288,35,1,324,0
Precinct,319 - Saunders (CD 3),469,491,0,960,0
Precinct,320 - Watkins (CD 3),549,759,1,1309,0
Precinct,Ab - Central Absentee Precinct (CD 2),177,52,0,229,0
Precinct,Ab - Central Absentee Precinct (CD 3),35232,11414,46,46692,0
Precinct,Provisional (CD 2),2,1,0,3,0
Precinct,Provisional (CD 3),445,98,2,545,0
Locality,Norfolk City,66152,23084,144,89380,0
Precinct,101 - Granby (CD 3),546,286,3,835,0
Precinct,102 - Ocean View School (CD 2),202,267,2,471,0
Precinct,103 - Northside (CD 2),312,373,2,687,0
Precinct,104 - Titustown (CD 3),24,1,0,25,0
Precinct,104 - Titustown (CD 2),338,77,1,416,0
Precinct,106 - Second Presbyterian (CD 2),456,281,2,739,0
Precinct,201 - Larchmont School (CD 3),369,285,1,655,0
Precinct,203 - Ghent Square (CD 3),159,144,1,304,0
Precinct,207 - Lambert's Point (CD 3),560,126,4,690,0
Precinct,208 - Larchmont Library (CD 3),142,198,0,340,0
Precinct,210 - Maury (CD 3),330,191,2,523,0
Precinct,211 - Chrysler Museum (CD 3),386,270,1,657,0
Precinct,212 - Park Place (CD 3),516,72,0,588,0
Precinct,213 - Taylor Elementary School (CD 3),472,232,4,708,0
Precinct,214 - Stuart (CD 3),357,232,2,591,0
Precinct,215 - Suburban Park (CD 2),290,331,0,621,0
Precinct,217 - Wesley (CD 2),449,257,3,709,0
Precinct,218 - Willard (CD 3),338,390,3,731,0
Precinct,301 - Ballentine (CD 3),460,106,3,569,0
Precinct,302 - Tanners Creek (CD 3),344,110,3,457,0
Precinct,303 - Broad Creek (CD 3),523,46,1,570,0
Precinct,304 - Coleman Place School (CD 3),330,96,1,427,0
Precinct,305 - Lafayette-winona (CD 3),338,147,0,485,0
Precinct,306 - Lindenwood (CD 3),384,54,5,443,0
Precinct,309 - Norview (CD 3),749,289,5,1043,0
Precinct,310 - Rosemont (CD 3),764,91,0,855,0
Precinct,311 - Sherwood (CD 3),735,471,5,1211,0
Precinct,313 - Union Chapel (CD 3),370,22,0,392,0
Precinct,402 - Berkley (CD 3),372,25,1,398,0
Precinct,404 - Campostella (CD 3),539,39,3,581,0
Precinct,405 - Chesterfield (CD 3),522,47,0,569,0
Precinct,406 - Barron Black (CD 2),274,231,0,505,0
Precinct,408 - Easton (CD 3),362,362,2,726,0
Precinct,409 - Fairlawn (CD 3),266,298,0,564,0
Precinct,411 - Ruffner Academy (CD 3),392,17,0,409,0
Precinct,412 - Ingleside (CD 3),438,117,2,557,0
Precinct,413 - Poplar Halls (CD 3),499,146,1,646,0
Precinct,414 - Young Park (CD 3),564,46,1,611,0
Precinct,415 - Lake Taylor High School (CD 3),342,266,1,609,0
Precinct,501 - Bayview (CD 2),376,467,5,848,0
Precinct,503 - East Ocean View (CD 2),389,453,1,843,0
Precinct,504 - Larrymore (CD 2),353,295,1,649,0
Precinct,505 - Little Creek (CD 2),294,376,2,672,0
Precinct,506 - Ocean View Center (CD 2),461,382,4,847,0
Precinct,507 - Pretlow (CD 2),341,337,5,683,0
Precinct,509 - Tarrallton (CD 2),339,546,2,887,0
Precinct,510 - Third Presbyterian (CD 2),409,592,0,1001,0
Precinct,511 - Crossroads (CD 2),466,431,3,900,0
Precinct,512 - Azalea Gardens (CD 2),245,233,0,478,0
Precinct,Ab - Central Absentee Precinct (CD 2),13154,5914,21,19089,0
Precinct,Ab - Central Absentee Precinct (CD 3),32877,5884,35,38796,0
Precinct,Provisional (CD 2),192,55,0,247,0
Precinct,Provisional (CD 3),443,80,0,523,0
Locality,Northampton County,3889,2795,3,6687,0
Precinct,101 - Precinct 1-1,203,348,1,552,0
Precinct,201 - Precinct 2-1,236,166,1,403,0
Precinct,301 - Precinct 3-1,206,176,0,382,0
Precinct,401 - Precinct 4-1,134,232,0,366,0
Precinct,501 - Precinct 5-1,197,313,0,510,0
Precinct,Ab - Central Absentee Precinct,2900,1553,1,4454,0
Precinct,Provisional,13,7,0,20,0
Locality,Northumberland County,3386,4306,4,7696,0
Precinct,101 - 1a,150,369,0,519,0
Precinct,201 - 2a,149,417,0,566,0
Precinct,301 - 3a,221,140,0,361,0
Precinct,401 - 4a,161,579,0,740,0
Precinct,501 - 5a,168,623,1,792,0
Precinct,Ab - Central Absentee Precinct,2526,2170,3,4699,0
Precinct,Provisional,11,8,0,19,0
Locality,Norton City,591,988,4,1583,0
Precinct,1 - East Ward,589,986,4,1579,0
Precinct,Provisional,2,2,0,4,0
Locality,Nottoway County,3136,3869,8,7013,0
Precinct,101 - Precinct 1-1,102,271,0,373,0
Precinct,102 - Precinct 1-2,96,209,0,305,0
Precinct,201 - Precinct 2-1,203,327,0,530,0
Precinct,202 - Precinct 2-2,43,173,1,217,0
Precinct,301 - Precinct 3-1,140,136,0,276,0
Precinct,302 - Precinct 3-2,50,178,0,228,0
Precinct,401 - Precinct 4-1,213,75,0,288,0
Precinct,402 - Precinct 4-2,91,344,0,435,0
Precinct,501 - Precinct 5-1,183,267,1,451,0
Precinct,Ab - Central Absentee Precinct,2015,1889,6,3910,0
Precinct,Provisional,0,0,0,0,0
Locality,Orange County,8392,12170,17,20579,0
Precinct,101 - One West,254,810,2,1066,0
Precinct,102 - One East,326,692,0,1018,0
Precinct,201 - Two West,184,864,1,1049,0
Precinct,202 - Two East,217,921,2,1140,0
Precinct,301 - Three West,318,627,2,947,0
Precinct,302 - Three East,78,354,0,432,0
Precinct,401 - Four West,203,1009,2,1214,0
Precinct,402 - Four East,403,835,0,1238,0
Precinct,501 - Five South,384,897,0,1281,0
Precinct,502 - Five North,398,933,3,1334,0
Precinct,Ab - Central Absentee Precinct,5593,4206,5,9804,0
Precinct,Provisional,34,22,0,56,0
Locality,Page County,3420,8968,15,12403,0
Precinct,101 - West Luray,222,965,4,1191,0
Precinct,201 - East Luray,250,1061,4,1315,0
Precinct,301 - Marksville,219,1459,2,1680,0
Precinct,401 - Newport,196,1096,2,1294,0
Precinct,501 - Shenandoah,290,1534,2,1826,0
Precinct,Ab - Central Absentee Precinct,2219,2828,1,5048,0
Precinct,Provisional,24,25,0,49,0
Locality,Patrick County,2310,6875,13,9198,0
Precinct,101 - Ararat,88,359,0,447,0
Precinct,102 - Claudville,66,302,1,369,0
Precinct,103 - Willis Gap,79,413,1,493,0
Precinct,201 - Dry Pond,32,192,1,225,0
Precinct,202 - Patrick Springs,88,410,2,500,0
Precinct,203 - Russell Creek,78,327,0,405,0
Precinct,301 - Critz/stella,140,524,1,665,0
Precinct,302 - Liberty,59,382,0,441,0
Precinct,401 - Meadows Of Dan,93,403,0,496,0
Precinct,402 - Stuart Fairgrounds,57,341,2,400,0
Precinct,501 - Stuart Community,49,184,1,234,0
Precinct,502 - Elamsville,92,358,0,450,0
Precinct,503 - Woolwine,76,453,1,530,0
Precinct,Ab - Central Absentee Precinct,1309,2219,3,3531,0
Precinct,Provisional,4,8,0,12,0
Locality,Petersburg City,12413,1505,15,13933,0
Precinct,101 - First Ward First Precinct,499,94,0,593,0
Precinct,201 - Second Ward First Precinct,732,95,3,830,0
Precinct,301 - Third Ward First Precinct,566,185,3,754,0
Precinct,401 - Fourth Ward First Precinct,474,145,0,619,0
Precinct,501 - Fifth Ward First Precinct,528,75,3,606,0
Precinct,601 - Sixth Ward First Precinct,546,35,0,581,0
Precinct,701 - Seventh Ward First Precinct,562,75,0,637,0
Precinct,Ab - Central Absentee Precinct,8421,797,6,9224,0
Precinct,Provisional,85,4,0,89,0
Locality,Pittsylvania County,11509,21993,24,33526,0
Precinct,103 - Twin Springs,163,691,1,855,0
Precinct,105 - Chatham,75,226,0,301,0
Precinct,106 - Tunstall,119,435,1,555,0
Precinct,108 - West Blairs,67,197,0,264,0
Precinct,201 - Callands,131,425,1,557,0
Precinct,202- Bearskin,39,91,0,130,0
Precinct,204 - Sandy Level,92,322,0,414,0
Precinct,206 - Climax,62,230,1,293,0
Precinct,207 - Gretna,201,531,1,733,0
Precinct,301 - Central,150,93,1,244,0
Precinct,305 - Riceville,199,151,1,351,0
Precinct,307 - East Blairs,316,115,1,432,0
Precinct,308 - Mt Airy,130,117,0,247,0
Precinct,309 - East Gretna,102,137,0,239,0
Precinct,402 - Keeling,92,475,1,568,0
Precinct,404 - Kentuck,241,693,0,934,0
Precinct,405 - Ringgold,298,766,1,1065,0
Precinct,501 - Hurt,297,634,1,932,0
Precinct,502 - Motley Sycamore,194,644,1,839,0
Precinct,503 - Renan,137,423,0,560,0
Precinct,603 - Stony Mill,137,619,3,759,0
Precinct,604 - Swansonville,163,406,1,570,0
Precinct,605 - Whitmell,140,424,0,564,0
Precinct,606 - Brosville,267,369,0,636,0
Precinct,607 - Dry Fork,40,200,0,240,0
Precinct,702 - Bachelors Hall,124,636,1,761,0
Precinct,703 - Ferry Road,83,138,1,222,0
Precinct,704 - Mt Hermon,217,559,1,777,0
Precinct,705 - Mt Cross,98,441,0,539,0
Precinct,Ab - Central Absentee Precinct,7059,10755,5,17819,0
Precinct,Provisional,76,50,0,126,0
Locality,Poquoson City,2212,5594,7,7813,0
Precinct,1 - Central,154,644,0,798,0
Precinct,2 - Eastern,181,922,1,1104,0
Precinct,3 - Western,165,722,2,889,0
Precinct,Ab - Central Absentee Precinct,1707,3285,4,4996,0
Precinct,Provisional,5,21,0,26,0
Locality,Portsmouth City,31520,12241,35,43796,0
Precinct,1 - Emanuel A. M. E. Church,378,231,0,609,0
Precinct,5 - Hampton Roads Community Health Center,376,22,0,398,0
Precinct,7- Park View Elementary School,298,132,2,432,0
Precinct,9 - Third Baptist Church,415,112,1,528,0
Precinct,10 - Port Norfolk Recreation Center,234,207,0,441,0
Precinct,11 - Joseph E. Parker Recreation Center,511,15,0,526,0
Precinct,13 - St. Mark Missionary Baptist Church,293,18,0,311,0
Precinct,14 - Brighton Elementary School,429,24,0,453,0
Precinct,16 - Cradock Middle School,431,227,0,658,0
Precinct,17 - Victory Life Fellowship,445,249,3,697,0
Precinct,19 - Victory Elementary School,214,224,2,440,0
Precinct,20 - Noble Street Baptist Church,417,164,0,581,0
Precinct,21 - John F. Kennedy Community Center,315,18,0,333,0
Precinct,22 - St. Mark Deliverance Center,349,363,2,714,0
Precinct,23 - Westhaven Baptist Church,264,530,1,795,0
Precinct,24 - The Senior Station,252,186,2,440,0
Precinct,25 - John Tyler Elementary School,305,354,0,659,0
Precinct,26 - William E. Waters Middle School,475,23,2,500,0
Precinct,27 - Cavalier Manor Recreation Center,449,30,0,479,0
Precinct,28 - Lakeview Elementary School,527,28,1,556,0
Precinct,29 - Woodrow Wilson High School,160,376,0,536,0
Precinct,30 - The Rescue Church,257,570,2,829,0
Precinct,31 - West Park Church Of Christ,605,483,0,1088,0
Precinct,32 - Hodges Manor Elementary School,156,402,0,558,0
Precinct,33- Pinecrest Baptist Church,175,493,0,668,0
Precinct,34- Churchland Branch Library,200,391,3,594,0
Precinct,35 - Churchland Elementary School,316,489,0,805,0
Precinct,36 - Churchland High School,499,676,1,1176,0
Precinct,37 - Churchland Middle School,550,400,0,950,0
Precinct,38 - Grove Baptist Church,798,175,1,974,0
Precinct,39 - Churchland Primary And Intermediate School,457,308,0,765,0
Precinct,Ab - Central Absentee Precinct,19664,4247,11,23922,0
Precinct,Provisional,306,74,1,381,0
Locality,Powhatan County,5660,13972,8,19640,0
Precinct,101 - Subletts,164,763,0,927,0
Precinct,102 - Manakin,153,560,1,714,0
Precinct,103 - Flat Rock,97,493,0,590,0
Precinct,201 - Powhatan Station,140,748,2,890,0
Precinct,202 - Graceland,206,981,1,1188,0
Precinct,301 - Bethesda,159,692,1,852,0
Precinct,302 - Lee's Landing,153,636,1,790,0
Precinct,401 - Powhatan Courthouse,143,955,0,1098,0
Precinct,402 - Mt Zion,114,503,1,618,0
Precinct,501 - Smith Cross Roads,202,598,1,801,0
Precinct,502 - Pineville,147,409,0,556,0
Precinct,503 - Tobaccoville,87,461,0,548,0
Precinct,Ab - Central Absentee Precinct,3883,6155,0,10038,0
Precinct,Provisional,12,18,0,30,0
Locality,Prince Edward County,5195,4291,14,9500,0
Precinct,101 - Farmville,186,225,1,412,0
Precinct,201 - Lockett,314,419,0,733,0
Precinct,301 - Leigh,209,284,0,493,0
Precinct,302 - Mt Pleasant,169,154,4,327,0
Precinct,401 - Hampden,223,315,0,538,0
Precinct,501 - Darlington Hts,145,326,1,472,0
Precinct,502 - Buffalo Hts,75,121,0,196,0
Precinct,601 - Prospect,351,416,1,768,0
Precinct,701 - West End,139,222,0,361,0
Precinct,801 - Center,221,68,0,289,0
Precinct,Ab - Central Absentee Precinct,3134,1736,7,4877,0
Precinct,Provisional,29,5,0,34,0
Locality,Prince George County,7199,9842,10,17051,0
Precinct,101 - Richard Bland (CD 4),159,385,0,544,0
Precinct,102 - Templeton (CD 4),250,1189,1,1440,0
Precinct,103 - Union Branch (CD 4),259,563,2,824,0
Precinct,104 - Rives (CD 4),201,292,0,493,0
Precinct,105 - Harrison (CD 4),71,314,0,385,0
Precinct,201 - Bland (CD 4),207,559,1,767,0
Precinct,202 - Black Water (CD 4),237,614,0,851,0
Precinct,203 - Brandon (CD 4),93,331,0,424,0
Precinct,204 - Courts Bldg (CD 4),271,382,0,653,0
Precinct,205 - Jefferson Park (CD 4),379,263,0,642,0
Precinct,Ab - Central Absentee Precinct (CD 4),5072,4950,6,10028,0
Precinct,Provisional (CD 4),0,0,0,0,0
Locality,Prince William County,144162,80070,183,224415,0
Precinct,101 - Brentsville (CD 1),243,808,0,1051,0
Precinct,102 - Cedar Point (CD 1),311,509,0,820,0
Precinct,103 - Glenkirk (CD 1),212,359,0,571,0
Precinct,104 - Nokesville (CD 1),221,613,0,834,0
Precinct,105 - Limestone (CD 1),316,441,0,757,0
Precinct,106 - Westgate (CD 1),441,240,0,681,0
Precinct,107 - Marsteller (CD 1),310,445,0,755,0
Precinct,108 - Victory (CD 1),457,506,0,963,0
Precinct,109 - Chris Yung (CD 1),357,403,0,760,0
Precinct,110 - Buckland Mills (CD 10),190,238,2,430,0
Precinct,110 - Buckland Mills (CD 1),73,80,0,153,0
Precinct,111 - Bristow Run (CD 1),122,192,0,314,0
Precinct,112 - Burke-nickens (CD 10),281,436,5,722,0
Precinct,112 - Burke-nickens (CD 1),8,15,2,25,0
Precinct,114 - Piney Branch (CD 1),140,217,0,357,0
Precinct,201 - Saunders (CD 11),340,236,0,576,0
Precinct,202 - Marshall (CD 1),187,370,0,557,0
Precinct,203 - Bennett (CD 1),285,453,0,738,0
Precinct,204 - Ellis (CD 1),403,333,0,736,0
Precinct,205 - Buckhall (CD 10),293,516,0,809,0
Precinct,206 - Coles (CD 1),154,392,0,546,0
Precinct,207 - Spriggs (CD 1),380,366,0,746,0
Precinct,208 - Hylton (CD 1),124,327,0,451,0
Precinct,209 - Independent Hill (CD 1),122,374,0,496,0
Precinct,210 - Penn (CD 11),16,34,0,50,0
Precinct,210 - Penn (CD 1),120,310,0,430,0
Precinct,211 - Signal Hill (CD 10),293,496,0,789,0
Precinct,212 - Yorkshire (CD 10),690,505,0,1195,0
Precinct,213 - Saratoga (CD 1),298,180,0,478,0
Precinct,214 - Lucasville (CD 1),176,425,0,601,0
Precinct,215 - Rosa Parks (CD 11),282,255,0,537,0
Precinct,301 - Dumfries (CD 11),289,156,0,445,0
Precinct,302 - Potomac (CD 11),306,91,0,397,0
Precinct,303 - Graham Park (CD 11),292,146,0,438,0
Precinct,304 - Quantico (CD 1),108,119,0,227,0
Precinct,305 - Pattie (CD 1),258,366,0,624,0
Precinct,306 - Washington-reid (CD 1),196,220,0,416,0
Precinct,307 - Henderson (CD 1),206,309,0,515,0
Precinct,308 - Montclair (CD 1),190,269,0,459,0
Precinct,309 - Ashland (CD 1),176,277,0,453,0
Precinct,310 - Forest Park (CD 1),314,215,0,529,0
Precinct,311 - Swans Creek (CD 11),590,309,0,899,0
Precinct,312 - Triangle (CD 1),59,50,0,109,0
Precinct,312 - Triangle (CD 11),289,198,0,487,0
Precinct,313 - Cardinal (CD 1),280,197,0,477,0
Precinct,314 - Cabin Branch (CD 1),208,222,0,430,0
Precinct,315 - Williams (CD 11),226,67,0,293,0
Precinct,401 - Evergreen (CD 10),167,520,0,687,0
Precinct,402 - Battlefield (CD 10),151,416,0,567,0
Precinct,403 - Bull Run (CD 10),181,272,0,453,0
Precinct,404 - Ben Lomond (CD 1),334,233,0,567,0
Precinct,405 - Unity Braxton (CD 1),585,342,0,927,0
Precinct,406 - Alvey (CD 10),36,99,0,135,0
Precinct,407 - Heritage Hunt (CD 10),98,306,0,404,0
Precinct,408 - Sudley (CD 1),331,341,0,672,0
Precinct,409 - Tyler (CD 10),335,385,0,720,0
Precinct,410 - Mountain View (CD 10),191,316,0,507,0
Precinct,411 - Mullen (CD 1),545,261,0,806,0
Precinct,412 - Catharpin (CD 10),107,386,0,493,0
Precinct,413 - Reagan (CD 10),193,478,0,671,0
Precinct,501 - Lake Ridge (CD 1),307,297,0,604,0
Precinct,502 - Occoquan (CD 11),300,229,0,529,0
Precinct,503 - Old Bridge (CD 11),312,202,0,514,0
Precinct,504 - Rockledge (CD 11),286,215,0,501,0
Precinct,505 - Mohican (CD 1),303,357,0,660,0
Precinct,506 - Bethel (CD 11),435,322,0,757,0
Precinct,507 - Chinn (CD 11),290,268,0,558,0
Precinct,508 - Springwoods (CD 1),237,185,0,422,0
Precinct,509 - Mc Coart (CD 1),133,301,0,434,0
Precinct,510 - Yates Ford (CD 10),196,440,0,636,0
Precinct,511 - Westridge (CD 1),305,319,0,624,0
Precinct,512 - York (CD 11),482,188,0,670,0
Precinct,513 - Lynnwood (CD 11),320,340,0,660,0
Precinct,514 - Antietam (CD 11),425,352,0,777,0
Precinct,601 - Dale (CD 11),486,175,0,661,0
Precinct,602 - Beville (CD 11),508,226,0,734,0
Precinct,603 - Hampton (CD 11),374,136,0,510,0
Precinct,604 - Gideon (CD 11),391,184,0,575,0
Precinct,605 - Minnieville (CD 11),374,228,3,605,0
Precinct,606 - Bel Air (CD 11),428,250,2,680,0
Precinct,607 - Kerrydale (CD 11),411,217,0,628,0
Precinct,608 - Enterprise (CD 11),411,217,0,628,0
Precinct,609 - King (CD 1),15,5,0,20,0
Precinct,609 - King (CD 11),408,271,2,681,0
Precinct,610 - Fitzgerald (CD 11),497,221,0,718,0
Precinct,611 - Neabsco (CD 11),363,173,0,536,0
Precinct,701 - Belmont (CD 11),401,361,0,762,0
Precinct,702 - Library (CD 11),395,180,0,575,0
Precinct,703 - Lynn (CD 11),352,108,0,460,0
Precinct,704 - Porter (CD 11),490,163,0,653,0
Precinct,705 - Potomac View (CD 11),392,199,0,591,0
Precinct,706 - Rippon (CD 11),466,271,0,737,0
Precinct,707 - Kilby (CD 11),500,240,0,740,0
Precinct,708 - River Oaks (CD 11),419,144,0,563,0
Precinct,709 - Freedom (CD 11),401,138,0,539,0
Precinct,710 - Powells Creek (CD 11),418,124,0,542,0
Precinct,711 - Grayson (CD 11),601,236,0,837,0
Precinct,712 - Leesylvania (CD 11),251,213,0,464,0
Precinct,Ab - Central Absentee Precinct (CD 1),48075,21464,69,69608,0
Precinct,Ab - Central Absentee Precinct (CD 10),21798,9840,29,31667,0
Precinct,Ab - Central Absentee Precinct (CD 11),44173,21073,65,65311,0
Precinct,Provisional (CD 1),349,168,1,518,0
Precinct,Provisional (CD 10),101,64,0,165,0
Precinct,Provisional (CD 11),497,126,3,626,0
Locality,Pulaski County,5941,11203,14,17158,0
Precinct,101 - Belspring,126,370,1,497,0
Precinct,102 - New River,305,716,0,1021,0
Precinct,103 - West Cloyd,134,465,0,599,0
Precinct,201 - Draper,120,578,2,700,0
Precinct,202 - South Pulaski,33,90,1,124,0
Precinct,203 - Newbern,247,710,0,957,0
Precinct,301 - Dublin,174,695,1,870,0
Precinct,302 - Hiwassee,79,251,0,330,0
Precinct,304 - Snowville,113,573,1,687,0
Precinct,401 - Massie,237,716,1,954,0
Precinct,402 - Walker,83,372,0,455,0
Precinct,501 - Robinson,276,767,1,1044,0
Precinct,Ab - Central Absentee Precinct,3978,4861,6,8845,0
Precinct,Provisional,36,39,0,75,0
Locality,Radford City,3551,2690,9,6250,0
Precinct,1 - East Precinct,289,316,1,606,0
Precinct,2 - Central Precinct,224,384,2,610,0
Precinct,3 - West Precinct,288,529,2,819,0
Precinct,4 - New River Precinct,318,215,0,533,0
Precinct,Ab - Central Absentee Precinct,2417,1239,4,3660,0
Precinct,Provisional,15,7,0,22,0
Locality,Rappahannock County,2219,2734,4,4957,0
Precinct,101 - Washington,134,359,0,493,0
Precinct,201 - Amissville,146,510,1,657,0
Precinct,301 - Sperryville,143,319,0,462,0
Precinct,401 - Scrabble,112,384,0,496,0
Precinct,501 - Chester Gap,75,292,0,367,0
Precinct,502 - Flint Hill,93,224,0,317,0
Precinct,Ab - Central Absentee Precinct,1500,627,3,2130,0
Precinct,Provisional,16,19,0,35,0
Locality,Richmond City,91222,18205,124,109551,0
Precinct,101 - One Hundred One,0,0,0,0,0
Precinct,101 - One Hundred One (CD 4),268,149,0,417,0
Precinct,102 - One Hundred Two,0,0,0,0,0
Precinct,102 - One Hundred Two (CD 4),179,260,1,440,0
Precinct,104 - One Hundred Four,0,0,0,0,0
Precinct,104 - One Hundred Four (CD 4),275,432,1,708,0
Precinct,105 - One Hundred Five,0,0,0,0,0
Precinct,105 - One Hundred Five (CD 4),293,287,0,580,0
Precinct,106 - One Hundred Six,0,0,0,0,0
Precinct,106 - One Hundred Six (CD 4),178,514,1,693,0
Precinct,111 - One Hundred Eleven,0,0,0,0,0
Precinct,111 - One Hundred Eleven (CD 4),255,300,0,555,0
Precinct,112 - One Hundred Twelve,0,0,0,0,0
Precinct,112 - One Hundred Twelve (CD 4),218,211,0,429,0
Precinct,113 - One Hundred Thirteen,0,0,0,0,0
Precinct,113 - One Hundred Thirteen (CD 4),486,211,1,698,0
Precinct,114 - One Hundred Fourteen,0,0,0,0,0
Precinct,114 - One Hundred Fourteen (CD 4),468,238,1,707,0
Precinct,115 - One Hundred Fifteen (CD 4),230,324,0,554,0
Precinct,115 - One Hundred Fifteen,0,0,0,0,0
Precinct,203 - Two Hundred Three,0,0,0,0,0
Precinct,203 - Two Hundred Three (CD 4),142,81,1,224,0
Precinct,204 - Two Hundred Four,0,0,0,0,0
Precinct,204 - Two Hundred Four (CD 4),436,180,2,618,0
Precinct,206 - Two Hundred Six,0,0,0,0,0
Precinct,206 - Two Hundred Six (CD 4),244,45,2,291,0
Precinct,207 - Two Hundred Seven,0,0,0,0,0
Precinct,207 - Two Hundred Seven (CD 4),437,212,0,649,0
Precinct,208 - Two Hundred Eight,0,0,0,0,0
Precinct,208 - Two Hundred Eight (CD 4),373,189,1,563,0
Precinct,213 - Two Hundred Thirteen,0,0,0,0,0
Precinct,213 - Two Hundred Thirteen (CD 4),803,95,1,899,0
Precinct,214 - Two Hundred Fourteen (CD 4),434,72,0,506,0
Precinct,214 - Two Hundred Fourteen,0,0,0,0,0
Precinct,215 - Two Hundred Fifteen,0,0,0,0,0
Precinct,215 - Two Hundred Fifteen (CD 4),305,150,2,457,0
Precinct,301 - Three Hundred One,0,0,0,0,0
Precinct,301 - Three Hundred One (CD 4),315,30,0,345,0
Precinct,302 - Three Hundred Two,0,0,0,0,0
Precinct,302 - Three Hundred Two (CD 4),215,71,0,286,0
Precinct,303 - Three Hundred Three,0,0,0,0,0
Precinct,303 - Three Hundred Three (CD 4),274,27,1,302,0
Precinct,304 - Three Hundred Four,0,0,0,0,0
Precinct,304 - Three Hundred Four (CD 4),441,28,1,470,0
Precinct,305 - Three Hundred Five,0,0,0,0,0
Precinct,305 - Three Hundred Five (CD 4),400,69,3,472,0
Precinct,306 - Three Hundred Six,0,0,0,0,0
Precinct,306 - Three Hundred Six (CD 4),317,40,1,358,0
Precinct,307 - Three Hundred Seven,0,0,0,0,0
Precinct,307 - Three Hundred Seven (CD 4),208,119,0,327,0
Precinct,308 - Three Hundred Eight,0,0,0,0,0
Precinct,308 - Three Hundred Eight (CD 4),216,149,0,365,0
Precinct,309 - Three Hundred Nine,0,0,0,0,0
Precinct,309 - Three Hundred Nine (CD 4),209,138,1,348,0
Precinct,310 - Three Hundred Ten,0,0,0,0,0
Precinct,310 - Three Hundred Ten (CD 4),267,12,1,280,0
Precinct,402 - Four Hundred Two,0,0,0,0,0
Precinct,402 - Four Hundred Two (CD 4),495,328,1,824,0
Precinct,404 - Four Hundred Four,0,0,0,0,0
Precinct,404 - Four Hundred Four (CD 4),502,205,2,709,0
Precinct,409 - Four Hundred Nine,0,0,0,0,0
Precinct,409 - Four Hundred Nine (CD 4),246,338,2,586,0
Precinct,410 - Four Hundred Ten,0,0,0,0,0
Precinct,410 - Four Hundred Ten (CD 4),429,238,0,667,0
Precinct,412 - Four Hundred Twelve,0,0,0,0,0
Precinct,412 - Four Hundred Twelve (CD 4),442,162,0,604,0
Precinct,413 - Four Hundred Thirteen,0,0,0,0,0
Precinct,413 - Four Hundred Thirteen (CD 4),226,219,1,446,0
Precinct,414 - Four Hundred Fourteen,0,0,0,0,0
Precinct,414 - Four Hundred Fourteen (CD 4),269,325,0,594,0
Precinct,415 - Four Hundred Fifteen,0,0,0,0,0
Precinct,415 - Four Hundred Fifteen (CD 4),209,284,0,493,0
Precinct,501 - Five Hundred One,0,0,0,0,0
Precinct,501 - Five Hundred One (CD 4),494,162,1,657,0
Precinct,503 - Five Hundred Three,0,0,0,0,0
Precinct,503 - Five Hundred Three (CD 4),579,109,1,689,0
Precinct,504 - Five Hundred Four,0,0,0,0,0
Precinct,504 - Five Hundred Four (CD 4),723,161,4,888,0
Precinct,505 - Five Hundred Five,0,0,0,0,0
Precinct,505 - Five Hundred Five (CD 4),389,85,1,475,0
Precinct,508 - Five Hundred Eight,0,0,0,0,0
Precinct,508 - Five Hundred Eight (CD 4),303,116,1,420,0
Precinct,509 - Five Hundred Nine,0,0,0,0,0
Precinct,509 - Five Hundred Nine (CD 4),510,57,0,567,0
Precinct,510 - Five Hundred Ten,0,0,0,0,0
Precinct,510 - Five Hundred Ten (CD 4),587,94,1,682,0
Precinct,602 - Six Hundred Two,0,0,0,0,0
Precinct,602 - Six Hundred Two (CD 4),478,17,3,498,0
Precinct,603 - Six Hundred Three,0,0,0,0,0
Precinct,603 - Six Hundred Three (CD 4),500,46,0,546,0
Precinct,604 - Six Hundred Four,0,0,0,0,0
Precinct,604 - Six Hundred Four (CD 4),418,26,0,444,0
Precinct,606 - Six Hundred Six,0,0,0,0,0
Precinct,606 - Six Hundred Six (CD 4),543,39,0,582,0
Precinct,607 - Six Hundred Seven,0,0,0,0,0
Precinct,607 - Six Hundred Seven (CD 4),382,131,1,514,0
Precinct,609 - Six Hundred Nine,0,0,0,0,0
Precinct,609 - Six Hundred Nine (CD 4),829,169,2,1000,0
Precinct,610 - Six Hundred Ten,0,0,0,0,0
Precinct,610 - Six Hundred Ten (CD 4),478,36,1,515,0
Precinct,701 - Seven Hundred One,0,0,0,0,0
Precinct,701 - Seven Hundred One (CD 4),542,29,0,571,0
Precinct,702 - Seven Hundred Two,0,0,0,0,0
Precinct,702 - Seven Hundred Two (CD 4),406,51,1,458,0
Precinct,703 - Seven Hundred Three,0,0,0,0,0
Precinct,703 - Seven Hundred Three (CD 4),545,77,2,624,0
Precinct,705 - Seven Hundred Five,0,0,0,0,0
Precinct,705 - Seven Hundred Five (CD 4),342,80,1,423,0
Precinct,706 - Seven Hundred Six,0,0,0,0,0
Precinct,706 - Seven Hundred Six (CD 4),774,92,1,867,0
Precinct,707 - Seven Hundred Seven,0,0,0,0,0
Precinct,707 - Seven Hundred Seven (CD 4),545,172,1,718,0
Precinct,708 - Seven Hundred Eight,0,0,0,0,0
Precinct,708 - Seven Hundred Eight (CD 4),668,201,1,870,0
Precinct,802 - Eight Hundred Two,0,0,0,0,0
Precinct,802 - Eight Hundred Two (CD 4),435,37,2,474,0
Precinct,806 - Eight Hundred Six,0,0,0,0,0
Precinct,806 - Eight Hundred Six (CD 4),392,65,1,458,0
Precinct,810 - Eight Hundred Ten,0,0,0,0,0
Precinct,810 - Eight Hundred Ten (CD 4),336,77,0,413,0
Precinct,811 - Eight Hundred Eleven,0,0,0,0,0
Precinct,811 - Eight Hundred Eleven (CD 4),543,63,2,608,0
Precinct,812 - Eight Hundred Twelve,0,0,0,0,0
Precinct,812 - Eight Hundred Twelve (CD 4),558,135,1,694,0
Precinct,814 - Eight Hundred Fourteen,0,0,0,0,0
Precinct,814 - Eight Hundred Fourteen (CD 4),317,46,0,363,0
Precinct,902 - Nine Hundred Two,0,0,0,0,0
Precinct,902 - Nine Hundred Two (CD 4),194,33,1,228,0
Precinct,903 - Nine Hundred Three,0,0,0,0,0
Precinct,903 - Nine Hundred Three (CD 4),486,97,1,584,0
Precinct,908 - Nine Hundred Eight,0,0,0,0,0
Precinct,908 - Nine Hundred Eight (CD 4),463,66,0,529,0
Precinct,909 - Nine Hundred Nine,0,0,0,0,0
Precinct,909 - Nine Hundred Nine (CD 4),499,115,1,615,0
Precinct,910 - Nine Hundred Ten,0,0,0,0,0
Precinct,910 - Nine Hundred Ten (CD 4),466,88,1,555,0
Precinct,911 - Nine Hundred Eleven,0,0,0,0,0
Precinct,911 - Nine Hundred Eleven (CD 4),430,32,1,463,0
Precinct,AB - Central Absentee Precinct,0,0,0,0,0
Precinct,AB - Central Absentee Precinct (CD 4),62702,8559,62,71323,0
Precinct,Provisional,0,0,0,0,0
Precinct,Provisional (CD 4),662,110,0,772,0
Locality,Richmond County,1687,2347,3,4037,0
Precinct,101 - Precinct 1-1,163,134,0,297,0
Precinct,201 - Precinct 2-1,107,228,1,336,0
Precinct,301 - Precinct 3-1,61,159,1,221,0
Precinct,401 - Precinct 4-1,101,340,0,441,0
Precinct,501 - Precinct 5-1,102,328,0,430,0
Precinct,Ab - Central Absentee Precinct,1153,1158,1,2312,0
Precinct,Provisional,0,0,0,0,0
Locality,Roanoke City,28345,14499,50,42894,0
Precinct,1 -Peters Creek,370,175,1,546,0
Precinct,2 - Grandview,373,328,1,702,0
Precinct,3 -Preston Park,352,486,1,839,0
Precinct,4 - Williamson Road,356,382,4,742,0
Precinct,5 - East Gate,245,561,0,806,0
Precinct,6 - Hollins Road,348,392,10,750,0
Precinct,7 - Southeast,311,407,1,719,0
Precinct,8 - Lincoln Terrace,401,54,2,457,0
Precinct,9 - Highland,472,258,3,733,0
Precinct,10 - Old Southwest-Wasena,459,378,1,838,0
Precinct,11 - Raleigh Court,387,457,2,846,0
Precinct,12 - South Roanoke,249,391,3,643,0
Precinct,13 - Garden City,330,633,1,964,0
Precinct,14 - Crystal Spring,302,419,1,722,0
Precinct,15 - Grandin Court,310,399,1,710,0
Precinct,16 - Deyerle,220,500,0,720,0
Precinct,17 - Lee-Hi,486,469,0,955,0
Precinct,18 - Summit Hills,396,409,0,805,0
Precinct,19 - Forest Park,499,96,1,596,0
Precinct,20 - Eureka Park,512,87,0,599,0
Precinct,AB - Central Absentee Precinct,20450,7084,16,27550,0
Precinct,Provisional,517,134,1,652,0
Locality,Roanoke County,24043,32642,48,56733,0
Precinct,101 - Catawba (CD 9),95,361,0,456,0
Precinct,102 - Mason Valley (CD 9),92,314,0,406,0
Precinct,103 - Glenvar (CD 9),228,813,0,1041,0
Precinct,104 - Northside (CD 9),182,329,0,511,0
Precinct,105 - Peters Creek (CD 9),272,637,1,910,0
Precinct,106 - Green Hill (CD 9),168,576,0,744,0
Precinct,107 - Bennett Springs (CD 9),108,411,1,520,0
Precinct,108 - Wildwood (CD 9),169,485,0,654,0
Precinct,201 - Plantation (CD 6),227,509,0,736,0
Precinct,202 - Burlington (CD 6),234,338,3,575,0
Precinct,203 - Mountain View (CD 6),235,742,1,978,0
Precinct,204 - Botetourt Springs (CD 9),216,532,0,748,0
Precinct,205 - Orchards (CD 6),150,551,0,701,0
Precinct,206 - Hollins (CD 6),135,282,0,417,0
Precinct,301 - Bent Mountain (CD 9),115,258,1,374,0
Precinct,302 - Poages Mill (CD 6),183,667,0,850,0
Precinct,303 - Windsor Hills (CD 6),119,287,1,407,0
Precinct,304 - Oak Grove (CD 6),173,479,1,653,0
Precinct,305 - Castle Rock (CD 6),235,497,0,732,0
Precinct,306 - Garst Mill (CD 6),122,223,1,346,0
Precinct,401 - South Lindenwood (CD 6),92,272,0,364,0
Precinct,402 - Bonsack (CD 6),51,143,0,194,0
Precinct,403 - North Vinton (CD 6),197,446,2,645,0
Precinct,404 - South Vinton (CD 6),200,426,1,627,0
Precinct,405 - North Lindenwood (CD 6),89,312,0,401,0
Precinct,406 - Mount Pleasant (CD 6),180,650,0,830,0
Precinct,501 - Cotton Hill (CD 6),122,333,0,455,0
Precinct,502 - Penn Forest (CD 6),134,304,1,439,0
Precinct,503 - Cave Spring (CD 6),160,365,0,525,0
Precinct,504 - Ogden (CD 6),231,362,2,595,0
Precinct,505 - Clearbrook (CD 6),118,415,4,537,0
Precinct,506 - Mount Vernon (CD 6),126,265,0,391,0
Precinct,507 - Hunting Hills (CD 6),236,481,0,717,0
Precinct,Ab - Central Absentee Precinct (CD 6),14520,14554,21,29095,0
Precinct,Ab - Central Absentee Precinct (CD 9),4062,3956,7,8025,0
Precinct,Provisional (CD 6),54,46,0,100,0
Precinct,Provisional (CD 9),13,21,0,34,0
Locality,Rockbridge County,4631,7637,6,12274,0
Precinct,101 - Airport,115,329,0,444,0
Precinct,102 - Ben Salem,89,323,1,413,0
Precinct,103 - Plank Road,44,239,0,283,0
Precinct,104 - Effinger,73,240,0,313,0
Precinct,201 - Collierstown,99,315,0,414,0
Precinct,202 - Highland Belle,150,591,0,741,0
Precinct,203 - Vo-tech,63,118,0,181,0
Precinct,301 - Maury River,172,313,0,485,0
Precinct,302 - Natural Bridge,128,411,0,539,0
Precinct,303 - Falling Spring,41,186,0,227,0
Precinct,401 - Fairfield,110,428,0,538,0
Precinct,402 - Mountain View,130,595,1,726,0
Precinct,403 - Vesuvius,53,234,0,287,0
Precinct,501 - Goshen,49,292,0,341,0
Precinct,502 - Meadowview,135,288,0,423,0
Precinct,503 - Rockbridge Baths,95,235,1,331,0
Precinct,504 - Rockbridge,109,397,0,506,0
Precinct,Ab - Central Absentee Precinct,2952,2089,3,5044,0
Precinct,Provisional,24,14,0,38,0
Locality,Rockingham County,13739,29700,29,43468,0
Precinct,101 - Broadway,276,1090,1,1367,0
Precinct,102 - Timberville,197,675,0,872,0
Precinct,103 - Fulks Run,94,822,1,917,0
Precinct,104 - Bergton,59,306,0,365,0
Precinct,105 - Lacey Spring,105,550,0,655,0
Precinct,106 - Tenth Legion,104,517,1,622,0
Precinct,107 - Plains,101,535,1,637,0
Precinct,108 - Little North Mountain,64,389,0,453,0
Precinct,201 - Singers Glen,118,784,0,902,0
Precinct,202 - Edom,235,953,3,1191,0
Precinct,203 - Dayton,169,431,0,600,0
Precinct,204 - Mt Clinton,144,727,0,871,0
Precinct,205 - Silver Lake,175,641,1,817,0
Precinct,301 - Keezletown,153,503,0,656,0
Precinct,302 - Port Republic,156,758,1,915,0
Precinct,303 - Melrose,90,392,0,482,0
Precinct,304 - Grottoes,253,823,3,1079,0
Precinct,305 - Massanetta Springs,296,624,0,920,0
Precinct,306 - Cross Keys,75,271,1,347,0
Precinct,307 - Crossroads,221,614,0,835,0
Precinct,401 - West Bridgewater,152,464,0,616,0
Precinct,402 - Montezuma,109,708,0,817,0
Precinct,403 - Mt Crawford,60,134,0,194,0
Precinct,404 - North River,191,624,0,815,0
Precinct,405 - Ottobine,141,1115,2,1258,0
Precinct,406 - East Bridgewater,224,530,1,755,0
Precinct,501 - Elkton,261,868,0,1129,0
Precinct,502 - Swift Run,243,1403,1,1647,0
Precinct,503 - Mcgaheysville,226,895,1,1122,0
Precinct,504 - South Fork,93,593,0,686,0
Precinct,505 - Stony Run,240,675,0,915,0
Precinct,Ab - Central Absentee Precinct,8665,9241,11,17917,0
Precinct,Provisional,49,45,0,94,0
Locality,Russell County,3288,9962,13,13263,0
Precinct,101 - Moccasin,90,478,0,568,0
Precinct,102 - Copper Creek,98,424,1,523,0
Precinct,103 - South Castlewood,62,288,1,351,0
Precinct,201 - North Castlewood,195,724,1,920,0
Precinct,202 - Dante,77,183,0,260,0
Precinct,301 - Cooks Mill,39,172,0,211,0
Precinct,302 - Daugherty,54,227,2,283,0
Precinct,303 - New Garden,126,464,0,590,0
Precinct,304 - Cleveland,106,270,0,376,0
Precinct,401 - Drill,33,69,0,102,0
Precinct,402 - Swords Creek,140,842,1,983,0
Precinct,403 - Honaker,99,297,0,396,0
Precinct,501 - West Lebanon,208,718,0,926,0
Precinct,601 - East Lebanon,97,451,3,551,0
Precinct,602 - Elk Garden,145,729,0,874,0
Precinct,Ab - Central Absentee Precinct,1709,3606,4,5319,0
Precinct,Provisional,10,20,0,30,0
Locality,Salem City,5697,7235,11,12943,0
Precinct,1 - North Salem No 2,114,255,0,369,0
Precinct,2 - Conehurst,126,242,1,369,0
Precinct,3 - Beverly Heights,62,175,0,237,0
Precinct,4 - West Salem,101,256,2,359,0
Precinct,5 - North Salem No 1,155,397,0,552,0
Precinct,6 - South Salem No 1,114,279,1,394,0
Precinct,7 - South Salem No 2,134,330,0,464,0
Precinct,8 - East Salem,75,140,1,216,0
Precinct,9 - South Side Hills,113,343,1,457,0
Precinct,10 - Hidden Valley,143,422,1,566,0
Precinct,Ab - Central Absentee Precinct,4554,4392,4,8950,0
Precinct,Provisional,6,4,0,10,0
Locality,Scott County,2191,8543,17,10751,0
Precinct,101 - Weber City,62,274,1,337,0
Precinct,102 - Yuma,106,426,2,534,0
Precinct,202 - Weber City East,45,226,0,271,0
Precinct,203 - Hiltons,90,466,1,557,0
Precinct,204 - Clark's,19,172,1,192,0
Precinct,301 - Nickelsville,62,420,0,482,0
Precinct,302 - Snowflake,46,306,2,354,0
Precinct,303 - Twin Springs,61,241,0,302,0
Precinct,304 - Copper Creek,21,97,0,118,0
Precinct,401 - Gate City,145,602,1,748,0
Precinct,501 - Dungannon,64,206,0,270,0
Precinct,502 - Fort Blackmore,52,250,1,303,0
Precinct,503 - Manville,22,160,0,182,0
Precinct,504 - Rye Cove,53,374,0,427,0
Precinct,601 - Clinchport,47,228,0,275,0
Precinct,602 - Duffield-pattonsville,100,559,0,659,0
Precinct,603 - Fairview,36,132,0,168,0
Precinct,Ab - Central Absentee Precinct,1153,3388,7,4548,0
Precinct,Provisional,7,16,1,24,0
Locality,Shenandoah County,7313,16223,12,23548,0
Precinct,101 - Orkney Springs,153,532,0,685,0
Precinct,103 - New Market,320,1333,0,1653,0
Precinct,201 - Conicville,161,1004,1,1166,0
Precinct,202 - Mt Jackson,220,809,0,1029,0
Precinct,302 - Edinburg,191,725,1,917,0
Precinct,303 - St Luke,119,860,0,979,0
Precinct,304 - Fort Valley,97,533,0,630,0
Precinct,401 - Woodstock,314,1001,4,1319,0
Precinct,501 - Cedar Creek,31,91,0,122,0
Precinct,503 - Toms Brook,183,950,0,1133,0
Precinct,504 - Lebanon Church,198,895,0,1093,0
Precinct,601 - Strasburg,418,1378,1,1797,0
Precinct,Ab - Central Absentee Precinct,4851,6048,5,10904,0
Precinct,Provisional,57,64,0,121,0
Locality,Smyth County,3973,10013,15,14001,0
Precinct,101 - Saltville,301,1068,0,1369,0
Precinct,201 - Seven Mile Ford,157,750,0,907,0
Precinct,202 - Rich Valley,118,310,0,428,0
Precinct,301 - Chilhowie,234,891,1,1126,0
Precinct,302 - St Clair,61,329,1,391,0
Precinct,401 - East Park,176,446,1,623,0
Precinct,402 - West Park,93,269,0,362,0
Precinct,501 - Atkins,216,749,3,968,0
Precinct,502 - Wassona,132,323,1,456,0
Precinct,601 - Royal Oak East,150,509,1,660,0
Precinct,602 - Royal Oak West,107,333,1,441,0
Precinct,701 - Adwolfe,150,818,0,968,0
Precinct,702 - Sugar Grove,147,444,0,591,0
Precinct,703 - Konnarock,19,81,0,100,0
Precinct,Ab - Central Absentee Precinct,1912,2693,6,4611,0
Precinct,Provisional,0,0,0,0,0
Locality,Southampton County,4123,5492,0,9615,0
Precinct,101 - Berlin,82,404,0,486,0
Precinct,102 - Ivor,214,402,0,616,0
Precinct,201 - Boykins,276,266,0,542,0
Precinct,202 - Branchville,78,142,0,220,0
Precinct,301 - Capron,146,207,0,353,0
Precinct,302 - Sebrell,100,288,0,388,0
Precinct,401 - Drewryville,150,210,0,360,0
Precinct,501 - Hunterdale,114,365,0,479,0
Precinct,502 - Forks-of-the-river,96,162,0,258,0
Precinct,601 - Courtland,145,289,0,434,0
Precinct,602 - Sedley,46,258,0,304,0
Precinct,701 - Blackwater River,162,122,0,284,0
Precinct,702 - Newsoms,138,331,0,469,0
Precinct,Ab - Central Absentee Precinct,2356,2036,0,4392,0
Precinct,Provisional,20,10,0,30,0
Locality,Spotsylvania County,35485,39120,98,74703,0
Precinct,101 - Partlow (CD 7),215,990,0,1205,0
Precinct,102 - Blaydes Corner (CD 7),255,904,4,1163,0
Precinct,103 - Travelers Rest (CD 7),361,851,1,1213,0
Precinct,103 - Travelers Rest (CD 1),3,1,0,4,0
Precinct,104 - Massaponax (CD 1),247,650,5,902,0
Precinct,201 - Wilderness School (CD 7),299,689,0,988,0
Precinct,202 - Wilderness Fire (CD 7),336,869,1,1206,0
Precinct,203 - Ni River - Elys Ford (CD 7),158,653,0,811,0
Precinct,204 - Chancellor (CD 7),391,739,2,1132,0
Precinct,301 - Plank Road (CD 7),416,642,3,1061,0
Precinct,302 - Hazel Run (CD 7),377,501,4,882,0
Precinct,303 - Riverbend (CD 7),355,855,2,1212,0
Precinct,401 - Summit (CD 1),429,730,0,1159,0
Precinct,402 - Parkside (CD 1),297,392,3,692,0
Precinct,402 - Parkside (CD 7),167,217,0,384,0
Precinct,403 - Lee Hill (CD 1),412,578,3,993,0
Precinct,501 - Belmont (CD 7),201,896,2,1099,0
Precinct,502 - Brokenburg (CD 7),184,738,2,924,0
Precinct,503 - Post Oak (CD 7),184,777,0,961,0
Precinct,504 - Courthouse (CD 7),258,612,2,872,0
Precinct,505 - Brock (CD 7),217,851,1,1069,0
Precinct,601 - Salem (CD 7),415,637,5,1057,0
Precinct,602 - Smith Station (CD 7),604,839,3,1446,0
Precinct,603 - Piedmont (CD 7),302,450,0,752,0
Precinct,701 - Battlefield (CD 1),310,456,3,769,0
Precinct,702 - Brents Mill (CD 1),213,316,1,530,0
Precinct,702 - Brents Mill (CD 7),205,317,1,523,0
Precinct,703 - Fairview (CD 7),159,271,0,430,0
Precinct,703 - Fairview (CD 1),67,95,0,162,0
Precinct,704 - Gayle (CD 7),272,452,2,726,0
Precinct,704 - Gayle (CD 1),29,88,1,118,0
Precinct,Ab - Central Absentee Precinct (CD 1),8296,5175,11,13482,0
Precinct,Ab - Central Absentee Precinct (CD 7),18847,15884,36,34767,0
Precinct,Provisional (CD 1),2,2,0,4,0
Precinct,Provisional (CD 7),2,3,0,5,0
Locality,Stafford County,40566,37389,100,78055,0
Precinct,101 - Hartwood,402,1595,0,1997,0
Precinct,102 - Rocky Run,279,519,0,798,0
Precinct,103 - Simpson,259,645,1,905,0
Precinct,104 - College,462,1002,3,1467,0
Precinct,201 - Rock Hill,381,659,0,1040,0
Precinct,202 - Roseville,400,712,1,1113,0
Precinct,203 - Ruby,267,918,4,1189,0
Precinct,204 - Stefaniga,322,708,4,1034,0
Precinct,301 - Griffis,467,297,1,765,0
Precinct,302 - Widewater,553,699,2,1254,0
Precinct,303 - Harbour,324,563,4,891,0
Precinct,304 - Barrett,291,303,2,596,0
Precinct,401 - Aquia,241,128,0,369,0
Precinct,402 - Courthouse,566,519,3,1088,0
Precinct,403 - Brooke,397,912,4,1313,0
Precinct,404 - Government Island,409,738,1,1148,0
Precinct,501 - Grafton,392,971,2,1365,0
Precinct,502 - Falmouth,357,633,2,992,0
Precinct,503 - Drew,397,730,2,1129,0
Precinct,504 - Gayle,358,301,1,660,0
Precinct,601 - Ferry Farm,282,704,0,986,0
Precinct,602 - Chatham,423,781,2,1206,0
Precinct,603 - White Oak,360,1201,3,1564,0
Precinct,604 - England Run,454,306,1,761,0
Precinct,701 - Woodlands,514,768,0,1282,0
Precinct,702 - Whitson,519,458,1,978,0
Precinct,703 - Hampton,465,800,2,1267,0
Precinct,Ab - Central Absentee Precinct,29797,18706,54,48557,0
Precinct,Provisional,228,113,0,341,0
Locality,Staunton City,7289,5546,15,12850,0
Precinct,101 - Ward No 1,344,583,0,927,0
Precinct,201 - Ward No 2,357,662,1,1020,0
Precinct,301 - Ward No 3,232,513,2,747,0
Precinct,401 - Ward No 4,191,414,0,605,0
Precinct,501 - Ward No 5,250,341,1,592,0
Precinct,Ab - Central Absentee Precinct,5901,3008,11,8920,0
Precinct,Provisional,14,25,0,39,0
Locality,Suffolk City,29275,19955,45,49275,0
Precinct,101 - Belleharbour (CD 3),343,235,0,578,0
Precinct,102 - Driver (CD 3),355,1081,2,1438,0
Precinct,104 - Bennetts Creek (CD 3),348,571,1,920,0
Precinct,201 - Ebenezer (CD 3),226,721,1,948,0
Precinct,202 - Chuckatuck (CD 3),207,597,2,806,0
Precinct,203 - Kings Fork (CD 3),347,340,0,687,0
Precinct,204 - Hillpoint (CD 3),342,350,2,694,0
Precinct,301 - White Marsh (CD 4),101,101,0,202,0
Precinct,302 - John F Kennedy (CD 4),309,31,2,342,0
Precinct,302 - John F Kennedy (CD 3),255,146,0,401,0
Precinct,304 - Nansemond River (CD 3),351,374,1,726,0
Precinct,305 - Shoulders Hill (CD 3),128,184,0,312,0
Precinct,401 - Airport (CD 4),115,350,0,465,0
Precinct,402 - Whaleyville (CD 4),171,639,0,810,0
Precinct,403 - Southside (CD 4),319,43,1,363,0
Precinct,404 - Booker T Washington (CD 4),308,21,2,331,0
Precinct,404 - Booker T Washington (CD 3),179,17,0,196,0
Precinct,405 - Pittmantown (CD 4),82,203,0,285,0
Precinct,501 - Kilbys Mill (CD 4),257,611,1,869,0
Precinct,502 - Holland (CD 4),302,908,1,1211,0
Precinct,504 - Lake Cohoon (CD 4),187,617,0,804,0
Precinct,504 - Lake Cohoon (CD 3),40,162,0,202,0
Precinct,601 - Lakeside (CD 4),371,326,1,698,0
Precinct,602 - Olde Towne (CD 4),4,1,0,5,0
Precinct,602 - Olde Towne (CD 3),164,88,0,252,0
Precinct,603 - Elephants Fork/westhaven (CD 4),112,165,0,277,0
Precinct,604 - Wilroy (CD 3),176,348,0,524,0
Precinct,605 - Hollywood (CD 3),320,21,1,342,0
Precinct,702 - Harbourview (CD 3),364,498,0,862,0
Precinct,704 - Burbage Grant (CD 3),485,419,2,906,0
Precinct,706 - Huntersville (CD 3),739,203,2,944,0
Precinct,AB - Central Absentee Precinct (CD 3),14519,6030,13,20562,0
Precinct,Ab - Central Absentee Precinct (CD 4),6538,3491,10,10039,0
Precinct,Provisional (CD 3),150,42,0,192,0
Precinct,Provisional (CD 4),61,21,0,82,0
Locality,Surry County,2439,1958,3,4400,0
Precinct,101 - Surry,73,206,1,280,0
Precinct,201 - Bacons Castle,142,222,0,364,0
Precinct,301 - Dendron,103,129,0,232,0
Precinct,302 - Walls Bridge,71,125,0,196,0
Precinct,401 - Carsley,156,194,0,350,0
Precinct,501 - Claremont,102,201,0,303,0
Precinct,502 - Spring Grove,69,22,1,92,0
Precinct,AB - Central Absentee Precinct,1722,857,1,2580,0
Precinct,Provisional,1,2,0,3,0
Locality,Sussex County,2924,2146,5,5075,0
Precinct,101 - Waverly,337,97,0,434,0
Precinct,201 - Stony Creek,170,145,0,315,0
Precinct,202 - Little Mill,67,48,0,115,0
Precinct,301 - Courthouse,78,227,0,305,0
Precinct,302 - Wakefield,23,120,1,144,0
Precinct,401 - Mars Hill,274,185,1,460,0
Precinct,402 - West Wakefield,48,9,0,57,0
Precinct,501 - Henry,205,137,0,342,0
Precinct,502 - Yale,69,73,0,142,0
Precinct,601 - Blackwater,91,196,0,287,0
Precinct,602 - Newville,64,124,0,188,0
Precinct,AB - Central Absentee Precinct,1498,785,3,2286,0
Precinct,Provisional,0,0,0,0,0
Locality,Tazewell County,4504,15033,20,19557,0
Precinct,101 - Indian Valley,85,389,0,474,0
Precinct,102 - Tip Top,38,200,0,238,0
Precinct,103 - Mundy Town,81,383,0,464,0
Precinct,104 - Falls Mills,65,340,1,406,0
Precinct,106 - Pocahontas,52,121,0,173,0
Precinct,107 - Amonate,12,50,0,62,0
Precinct,109 - Bishop,18,104,0,122,0
Precinct,112 - Bandy,16,139,1,156,0
Precinct,203 - Burkes Garden,21,68,0,89,0
Precinct,204 - Clear Fork,39,266,0,305,0
Precinct,207 - Freestone,32,109,0,141,0
Precinct,209 - Jeffersonville,190,745,0,935,0
Precinct,214 - Thompson Valley,52,278,0,330,0
Precinct,301 - Cedar Bluff,151,769,1,921,0
Precinct,302 - Baptist Valley,40,219,0,259,0
Precinct,303 - Paint Lick,110,622,0,732,0
Precinct,401 - Richlands,336,1387,4,1727,0
Precinct,402 - Jewell Ridge,36,172,0,208,0
Precinct,501 - Springville,98,592,0,690,0
Precinct,502 - Graham,270,1079,1,1350,0
Precinct,Ab - Central Absentee Precinct,2743,6973,12,9728,0
Precinct,Provisional,19,28,0,47,0
Locality,Virginia Beach City,120753,103037,202,223992,0
Precinct,1 - North Beach,340,906,2,1248,0
Precinct,2 - South Beach,488,664,1,1153,0
Precinct,3 - Ocean Lakes,308,528,1,837,0
Precinct,4 - Linkhorn,284,632,1,917,0
Precinct,5 - Seatack,521,509,1,1031,0
Precinct,6 - Alanton,241,588,2,831,0
Precinct,7 - Kingston,235,529,0,764,0
Precinct,8 - London Bridge,510,727,7,1244,0
Precinct,9 - Trantwood,224,597,0,821,0
Precinct,10 - Great Neck,174,590,0,764,0
Precinct,11 - Cape Henry,353,661,0,1014,0
Precinct,12 - Plaza,578,565,3,1146,0
Precinct,13 - Mt Trashmore,530,770,1,1301,0
Precinct,14 - Malibu,481,829,2,1312,0
Precinct,15 - Old Donation,372,495,2,869,0
Precinct,16 - Aragona,603,800,1,1404,0
Precinct,17 - Ocean Park,162,387,0,549,0
Precinct,18 - Thoroughgood,281,616,2,899,0
Precinct,19 - Lake Smith,212,460,1,673,0
Precinct,20 - Bayside,326,508,1,835,0
Precinct,21 - Davis Corner,609,261,2,872,0
Precinct,22 - Point O View,368,624,1,993,0
Precinct,23 - Arrowhead,462,803,0,1265,0
Precinct,24 - Larkspur,357,446,0,803,0
Precinct,25 - Avalon,585,862,1,1448,0
Precinct,26 - Fairfield,307,592,1,900,0
Precinct,27 - Edwin,338,684,1,1023,0
Precinct,28 - Thalia,328,558,1,887,0
Precinct,29 - Holland,572,456,0,1028,0
Precinct,30 - Red Wing,230,502,0,732,0
Precinct,31 - Sigma,280,968,1,1249,0
Precinct,32 - Creeds,207,727,1,935,0
Precinct,33 - Capps Shop,166,757,0,923,0
Precinct,34 - Blackwater,133,484,0,617,0
Precinct,35 - Courthouse,160,514,0,674,0
Precinct,36 - Windsor Oaks,610,582,3,1195,0
Precinct,37 - Chesapeake Beach,368,499,4,871,0
Precinct,38 - Witchduck,236,601,0,837,0
Precinct,39 - Pembroke,539,657,1,1197,0
Precinct,40 - Bonney,470,571,1,1042,0
Precinct,41 - College Park,775,332,1,1108,0
Precinct,42 - Brandon,492,607,1,1100,0
Precinct,43 - Bellamy,550,426,2,978,0
Precinct,44 - Centerville,453,720,0,1173,0
Precinct,45 - Timberlake,579,369,1,949,0
Precinct,46 - Green Run,500,388,0,888,0
Precinct,47 - Kings Grant,317,871,1,1189,0
Precinct,48 - Wolfsnare,339,632,0,971,0
Precinct,49 - Lynnhaven,239,541,3,783,0
Precinct,50 - Oceana,486,309,1,796,0
Precinct,51 - Stratford Chase,324,576,1,901,0
Precinct,52 - Homestead,461,645,1,1107,0
Precinct,53 - Shannon,291,496,3,790,0
Precinct,54 - Cromwell,314,392,1,707,0
Precinct,55 - Magic Hollow,653,453,3,1109,0
Precinct,56 - Edinburgh,233,422,0,655,0
Precinct,57 - Sherry Park,245,444,0,689,0
Precinct,58 - Glenwood,455,625,0,1080,0
Precinct,59 - Shelton Park,347,437,0,784,0
Precinct,60 - Foxfire,306,950,0,1256,0
Precinct,61 - Baker,842,197,2,1041,0
Precinct,62 - Landstown,435,790,0,1225,0
Precinct,63 - Culver,419,891,1,1311,0
Precinct,64 - Rosemont Forest,376,518,1,895,0
Precinct,65 - Colonial,477,642,2,1121,0
Precinct,66 - Hunt,274,715,1,990,0
Precinct,67 - Eastern Shore,329,291,0,620,0
Precinct,68 - Manor,366,638,0,1004,0
Precinct,69 - Shell,397,243,1,641,0
Precinct,70 - Corporate Landing,490,711,2,1203,0
Precinct,71 - Round Hill,242,283,1,526,0
Precinct,72 - Rudee,287,704,1,992,0
Precinct,73 - Dahlia,494,371,4,869,0
Precinct,74 - Buckner,459,361,2,822,0
Precinct,75 - Colony,255,743,0,998,0
Precinct,76 - Village,546,352,1,899,0
Precinct,77 - Brookwood,499,598,4,1101,0
Precinct,78 - Indian Lakes,352,465,0,817,0
Precinct,79 - Pleasant Hall,537,335,0,872,0
Precinct,80 - Chimney Hill,539,366,1,906,0
Precinct,81 - Rock Lake,496,528,2,1026,0
Precinct,82 - Shelburne,279,642,0,921,0
Precinct,83 - Strawbridge,408,844,0,1252,0
Precinct,84 - Tallwood,496,457,1,954,0
Precinct,85 - Upton,365,844,2,1211,0
Precinct,86 - Haygood,276,518,0,794,0
Precinct,87 - Hillcrest,253,557,1,811,0
Precinct,88 - North Landing,319,573,1,893,0
Precinct,89 - Lake Christopher,287,607,1,895,0
Precinct,90 - Lake Joyce,233,483,2,718,0
Precinct,91 - Lexington,473,430,1,904,0
Precinct,92 - Little Neck,291,647,0,938,0
Precinct,93 - Newtown,774,180,1,955,0
Precinct,94 - Pinewood,258,358,0,616,0
Precinct,95 - Dam Neck,265,492,0,757,0
Precinct,96 - Hilltop,442,329,2,773,0
Precinct,97 - Indian River,453,420,1,874,0
Precinct,98 - Independence,306,235,1,542,0
Precinct,99 - Salem Woods,292,312,0,604,0
Precinct,100 - Sandbridge,138,457,0,595,0
Precinct,Ab - Central Absentee Precinct,81120,47238,94,128452,0
Precinct,Provisional,1007,528,3,1538,0
Locality,Warren County,7075,13874,24,20973,0
Precinct,101 - Fork Town,171,396,1,568,0
Precinct,102 - Otterburn,193,1051,0,1244,0
Precinct,201 - Happy Creek,189,710,0,899,0
Precinct,202 - Linden,259,821,2,1082,0
Precinct,301 - North River,195,510,0,705,0
Precinct,302 - Riverton,163,822,1,986,0
Precinct,401 - East Shenandoah,243,1237,2,1482,0
Precinct,402 - Town - West Shenandoah,119,413,1,533,0
Precinct,501 - South River,238,795,3,1036,0
Precinct,502 - Bentonville,92,472,1,565,0
Precinct,504 - Browntown,85,344,0,429,0
Precinct,Ab - Central Absentee Precinct,5084,6267,13,11364,0
Precinct,Provisional,44,36,0,80,0
Locality,Washington County,7744,20656,27,28427,0
Precinct,101 - East Abingdon,174,658,0,832,0
Precinct,102 - West Abingdon,97,301,1,399,0
Precinct,201 - Clinchburg,87,486,0,573,0
Precinct,202 - Greendale,77,579,2,658,0
Precinct,203 - Hayters Gap,48,301,1,350,0
Precinct,204 Woodland Hills,74,368,0,442,0
Precinct,301 - Watauga,129,630,0,759,0
Precinct,302 - South Abingdon,102,427,2,531,0
Precinct,401 - Glade Spring,164,760,1,925,0
Precinct,402 - Meadowview,191,832,0,1023,0
Precinct,501 - Rhea Valley,222,1115,0,1337,0
Precinct,502 - Damascus,119,468,2,589,0
Precinct,504 - Green Cove,15,128,0,143,0
Precinct,601 - Burson Place,157,924,2,1083,0
Precinct,602 - Mendota,46,224,1,271,0
Precinct,603 - Valley Institute,139,702,2,843,0
Precinct,701 - High Point,101,589,2,692,0
Precinct,702 - Wallace,69,364,0,433,0
Precinct,703 - John Battle,136,593,0,729,0
Precinct,Ab - Central Absentee Precinct,5577,10179,11,15767,0
Precinct,Provisional,20,28,0,48,0
Locality,Waynesboro City,5275,5324,12,10611,0
Precinct,1 - Ward A,317,494,1,812,0
Precinct,2 - Ward B,323,652,2,977,0
Precinct,3 - Ward C,354,597,3,954,0
Precinct,4 - Ward D,333,762,1,1096,0
Precinct,Ab - Central Absentee Precinct,3917,2798,5,6720,0
Precinct,Provisional,31,21,0,52,0
Locality,Westmoreland County,4821,5009,4,9834,0
Precinct,101 - Precinct 1-1,248,194,0,442,0
Precinct,102 - Precinct 1-2,122,114,0,236,0
Precinct,201 - Precinct 2-1,211,273,1,485,0
Precinct,202 - Precinct 2-2,84,294,0,378,0
Precinct,301 - Precinct 3-1,136,263,0,399,0
Precinct,302 - Precinct 3-2,170,294,0,464,0
Precinct,401 - Precinct 4-1,291,845,0,1136,0
Precinct,501 - Precinct 5-1,360,671,1,1032,0
Precinct,Ab - Central Absentee Precinct,3162,2024,2,5188,0
Precinct,Provisional,37,37,0,74,0
Locality,Williamsburg City,4811,2020,10,6841,0
Precinct,1 - Stryker,435,411,2,848,0
Precinct,2 - Matoaka,306,219,2,527,0
Precinct,Ab - Central Absentee Precinct,4037,1384,6,5427,0
Precinct,Provisional,33,6,0,39,0
Locality,Winchester City,6898,5076,6,11980,0
Precinct,101 - Merrimans,240,410,0,650,0
Precinct,102 - Old Town,179,295,2,476,0
Precinct,201 - Virginia Avenue,391,363,0,754,0
Precinct,301 - War Memorial,386,439,1,826,0
Precinct,401 - Frederick Douglass,223,263,1,487,0
Precinct,402 - Rolling Hills,248,479,0,727,0
Precinct,AB - Central Absentee Precinct,5181,2801,2,7984,0
Precinct,Provisional,50,26,0,76,0
Locality,Wise County,4128,12096,21,16245,0
Precinct,101 - Appalachia,146,405,1,552,0
Precinct,102 - Dorchester,97,269,1,367,0
Precinct,103 - Guest River Voting Place,86,270,3,359,0
Precinct,104 - West Pound,150,803,1,954,0
Precinct,201 - North Coeburn,92,384,0,476,0
Precinct,202 - Wise,215,699,1,915,0
Precinct,203 - East Pound,34,191,2,227,0
Precinct,301 - Big Stone Gap,149,458,0,607,0
Precinct,302 - East Stone Gap,162,685,0,847,0
Precinct,401 - Clinch Valley,63,386,0,449,0
Precinct,402 - South Coeburn,137,826,2,965,0
Precinct,403 - St Paul,130,342,0,472,0
Precinct,Ab - Central Absentee Precinct,2654,6354,10,9018,0
Precinct,Provisional,13,24,0,37,0
Locality,Wythe County,4043,10787,12,14842,0
Precinct,101 - Royal Oak,55,258,1,314,0
Precinct,102 - Rural Retreat,238,1103,1,1342,0
Precinct,203 - West Wytheville,239,729,0,968,0
Precinct,303 - East Wytheville,293,715,0,1008,0
Precinct,401 - Fort Chiswell,144,696,1,841,0
Precinct,402 - Max Meadows,150,736,2,888,0
Precinct,501 - Jackson Memorial,127,624,0,751,0
Precinct,502 - Sheffey,153,833,1,987,0
Precinct,601 - Huddle,73,412,0,485,0
Precinct,602 - Zion,116,627,0,743,0
Precinct,603 Evergreen,100,406,0,506,0
Precinct,Ab - Central Absentee Precinct,2355,3648,6,6009,0
Precinct,Provisional,0,0,0,0,0
Locality,York County,18025,20524,20,38569,0
Precinct,101 - Queens Lake,235,416,0,651,0
Precinct,102 - Waller Mill,234,523,1,758,0
Precinct,103 - Magruder,514,608,1,1123,0
Precinct,201 - Coventry,351,671,0,1022,0
Precinct,202 - Kiln Creek,194,356,0,550,0
Precinct,301 - Seaford,225,1106,1,1332,0
Precinct,302 - Yorktown,140,441,0,581,0
Precinct,303 - Edgehill,332,549,1,882,0
Precinct,401 - Harwoods Mill,167,528,1,696,0
Precinct,402 - Dare,174,586,1,761,0
Precinct,403 - Grafton,99,292,0,391,0
Precinct,501 - Tabb,236,633,1,870,0
Precinct,502 - Bethel,319,592,1,912,0
Precinct,Ab - Central Absentee Precinct,14685,13176,12,27873,0
Precinct,Provisional,120,47,0,167,0
