,,Ralph Shearer Northam,"Earl Walker Jackson, Sr.",Write-Ins,Total Votes Cast,Undervotes
,,Democratic,Republican,,,
State,Virginia,1213155,980257,7472,2200884,0
Precinct,Ab - Central Absentee Precinct (CD 3),1208,156,5,1369,0
Precinct,Ab - Central Absentee Precinct (CD 7),353,152,5,510,0
Locality,Accomack County,5136,3938,5,9079,0
Precinct,101 - Chincoteague,491,566,0,1057,0
Precinct,201 - Atlantic,216,255,0,471,0
Precinct,202 - Greenbackville,218,323,1,542,0
Precinct,301 - Oak Hall,382,261,0,643,0
Precinct,401 - Bloxom,128,177,0,305,0
Precinct,402 - Parksley,214,250,0,464,0
Precinct,403 - Saxis,49,48,0,97,0
Precinct,501 - Mappsville,215,115,0,330,0
Precinct,502 - Rue,226,70,0,296,0
Precinct,601 - Accomac,416,305,2,723,0
Precinct,602 - Tangier,44,118,1,163,0
Precinct,701 - Onancock,555,333,0,888,0
Precinct,702 - Onley,265,151,1,417,0
Precinct,801 - Bobtown,251,196,0,447,0
Precinct,802 - Melfa,334,168,0,502,0
Precinct,803 - Wachapreague,182,168,0,350,0
Precinct,901 - Painter,724,307,0,1031,0
Precinct,Ab - Central Absentee Precinct,226,127,0,353,0
Precinct,Provisional,0,0,0,0,0
Locality,Albemarle County,20570,13737,69,34376,0
Precinct,101 - Woodbrook,838,613,3,1454,0
Precinct,103 - Branchlands,366,144,1,511,0
Precinct,104 - Agnor-hurt,722,325,4,1051,0
Precinct,105 - Dunlora,847,484,2,1333,0
Precinct,106 - Northside,744,689,2,1435,0
Precinct,201 - Jack Jouett,619,436,1,1056,0
Precinct,202 - University Hall,744,278,1,1023,0
Precinct,203 - Georgetown,727,248,2,977,0
Precinct,204 - Belfield,369,259,1,629,0
Precinct,301 - Ivy,1332,806,5,2143,0
Precinct,302 - Red Hill,875,505,2,1382,0
Precinct,304 - East Ivy,337,234,3,574,0
Precinct,305 - Country Green,669,392,1,1062,0
Precinct,306 - Porters,403,252,0,655,0
Precinct,307 - Yellow Mountain,188,143,0,331,0
Precinct,401 - Scottsville,334,386,1,721,0
Precinct,402 - Monticello,328,313,0,641,0
Precinct,405 - Cale,1315,563,9,1887,0
Precinct,406 - Stone Robinson,710,837,2,1549,0
Precinct,501 - Keswick,373,291,1,665,0
Precinct,502 - Stony Point,425,365,0,790,0
Precinct,503 - Hollymead,649,538,1,1188,0
Precinct,504 - Free Bridge,1064,613,5,1682,0
Precinct,506 - Baker-butler,826,700,0,1526,0
Precinct,601 - Crozet,1141,774,2,1917,0
Precinct,602 - Free Union,380,309,3,692,0
Precinct,603 - Earlysville,820,802,3,1625,0
Precinct,604 - Brownsville,1118,786,4,1908,0
Precinct,Ab - Central Absentee Precinct,1288,641,10,1939,0
Precinct,Provisional,19,11,0,30,0
Locality,Alexandria City,31047,9163,304,40514,0
Precinct,101 - Ladrey Senior Building,672,293,8,973,0
Precinct,102 - City Hall,831,386,14,1231,0
Precinct,103 - Lyles Crouch School,1244,474,14,1732,0
Precinct,104 - Durant Center,1282,338,21,1641,0
Precinct,105 - Lee Center,1119,339,8,1466,0
Precinct,106 - Cora Kelly Center,1237,265,11,1513,0
Precinct,107 - Mt Vernon Recreation Center,1690,356,17,2063,0
Precinct,108 - George Washington Middle Sch,1566,327,16,1909,0
Precinct,109 - Fire Department Headquarters,1187,407,15,1609,0
Precinct,201 - Maury School,1191,293,17,1501,0
Precinct,202 - George Mason School,1032,425,23,1480,0
Precinct,203 - Agudas Achim Synagogue,1124,291,7,1422,0
Precinct,204 - Blessed Sacrament Church,1056,380,11,1447,0
Precinct,205 - Douglas Macarthur School,1171,454,18,1643,0
Precinct,206 - Chinquapin Park Recreation Ctr,896,290,10,1196,0
Precinct,207 - Temple Beth El Synagogue,1244,471,15,1730,0
Precinct,208 - Nova Arts Center,904,267,9,1180,0
Precinct,209 - James K Polk School,1270,335,7,1612,0
Precinct,210 - St James Church,568,219,3,790,0
Precinct,302 - Patrick Henry Rec Center,779,167,4,950,0
Precinct,303 - Charles E Beatley Library,991,211,1,1203,0
Precinct,304 - Samuel Tucker School,1128,246,10,1384,0
Precinct,305 - John Adams School,1080,242,7,1329,0
Precinct,306 - William Ramsay School,1055,226,7,1288,0
Precinct,307 - South Port,926,251,2,1179,0
Precinct,308 - Cameron Station Community Ctr,1035,419,10,1464,0
Precinct,Ab - Central Absentee Precinct,2715,769,18,3502,0
Precinct,Provisional,54,22,1,77,0
Locality,Alleghany County,2261,1766,10,4037,0
Precinct,101 - Arritt,200,164,0,364,0
Precinct,103 - Dameron,62,82,0,144,0
Precinct,201 - Humpback Bridge,127,128,0,255,0
Precinct,202 - Dolly Ann,177,151,0,328,0
Precinct,301 - Callaghan,106,118,0,224,0
Precinct,302 - Griffith,200,173,4,377,0
Precinct,401 - Low Moor,150,116,0,266,0
Precinct,402 - Jackson Heights,193,159,0,352,0
Precinct,501 - Iron Gate,109,68,1,178,0
Precinct,502 - Peters Switch,236,204,2,442,0
Precinct,601 - District 1,364,208,2,574,0
Precinct,701 - District 2,285,133,0,418,0
Precinct,Ab - Central Absentee Precinct,52,62,1,115,0
Precinct,Provisional,0,0,0,0,0
Locality,Amelia County,1679,2470,4,4153,0
Precinct,101 - Number One,278,379,0,657,0
Precinct,201 - Number Two,338,453,1,792,0
Precinct,301 - Number Three,265,515,0,780,0
Precinct,401 - Number Four,275,513,0,788,0
Precinct,501 - Number Five,431,493,3,927,0
Precinct,Ab - Central Absentee Precinct,91,117,0,208,0
Precinct,Provisional,1,0,0,1,0
Locality,Amherst County,3795,4981,19,8795,0
Precinct,101 - Wright Shop,357,219,1,577,0
Precinct,102 - New Glasgow,290,370,0,660,0
Precinct,103 - Coolwell,90,237,0,327,0
Precinct,201 - Court House,609,700,1,1310,0
Precinct,202 - Temperance,200,286,1,487,0
Precinct,301 - Monroe,213,306,3,522,0
Precinct,302 - Elon,432,858,2,1292,0
Precinct,303 - Pleasant View,113,178,0,291,0
Precinct,401 - Amelon,584,798,7,1389,0
Precinct,402 - Lonco,113,174,1,288,0
Precinct,501 - Madison,623,710,3,1336,0
Precinct,Ab - Central Absentee Precinct,171,144,0,315,0
Precinct,Provisional,0,1,0,1,0
Locality,Appomattox County,1757,3192,16,4965,0
Precinct,101 - Vera,117,234,0,351,0
Precinct,102 - Pamplin,241,391,2,634,0
Precinct,201 - Chap,93,117,1,211,0
Precinct,202 - Spout Spring,250,558,2,810,0
Precinct,301 - Us 460,156,321,0,477,0
Precinct,302 - Stonewall,177,354,0,531,0
Precinct,401 - Courthouse,275,531,2,808,0
Precinct,501 - Oakville,264,439,7,710,0
Precinct,502 - Agee,115,141,1,257,0
Precinct,Ab - Central Absentee Precinct,69,105,1,175,0
Precinct,Provisional,0,1,0,1,0
Locality,Arlington County,51115,14843,406,66364,0
Precinct,1 - Arlington,722,147,4,873,0
Precinct,2 - Ashton Heights,1067,249,10,1326,0
Precinct,3 - Aurora Hills,689,284,3,976,0
Precinct,4 - Ballston,829,292,9,1130,0
Precinct,5 - Barcroft,889,235,7,1131,0
Precinct,6 - Crystal City,625,256,4,885,0
Precinct,7 - Cherrydale,1063,312,10,1385,0
Precinct,8 - Hume,928,363,9,1300,0
Precinct,9 - Columbia,1127,221,11,1359,0
Precinct,10 - Wilson,887,286,14,1187,0
Precinct,11 - East Falls Church,757,273,3,1033,0
Precinct,12 - Fairlington,1029,332,12,1373,0
Precinct,13 - Glen Carlyn,665,166,2,833,0
Precinct,14 - Clarendon,647,230,5,882,0
Precinct,15 - Lyon Park,882,226,5,1113,0
Precinct,16 - Lyon Village,950,278,8,1236,0
Precinct,17 - Overlee Knolls,1164,343,8,1515,0
Precinct,18 - Park Lane,1066,284,7,1357,0
Precinct,19 - Rosslyn,1014,270,12,1296,0
Precinct,20 - Thrifton,1059,416,8,1483,0
Precinct,21 - Virginia Highlands,984,407,7,1398,0
Precinct,22 - Abingdon,1107,321,11,1439,0
Precinct,23 - Westover,1035,310,7,1352,0
Precinct,24 - Woodlawn,1323,305,12,1640,0
Precinct,25 - Arlington Forest,851,219,7,1077,0
Precinct,26 - Fillmore,1140,274,5,1419,0
Precinct,27 - Jefferson,1011,303,5,1319,0
Precinct,28 - Claremont,1089,236,5,1330,0
Precinct,29 - Dominion Hills,1187,328,4,1519,0
Precinct,30 - Glebe,883,158,3,1044,0
Precinct,31 - Lexington,1164,330,11,1505,0
Precinct,32 - Oakridge,402,174,7,583,0
Precinct,33 - Rock Spring,1116,415,7,1538,0
Precinct,34 - Yorktown,999,338,4,1341,0
Precinct,35 - Madison,1095,556,11,1662,0
Precinct,36 - Marshall,1113,350,11,1474,0
Precinct,37 - Nottingham,981,355,8,1344,0
Precinct,38 - Arlington View,750,136,8,894,0
Precinct,39 - Ashlawn,583,207,6,796,0
Precinct,40 - Virginia Square,804,277,14,1095,0
Precinct,41 - Woodbury,748,223,4,975,0
Precinct,42 - Shirlington,737,173,6,916,0
Precinct,43 - Arlington Mill,589,95,2,686,0
Precinct,44 - Dawson Terrace,666,171,6,843,0
Precinct,45 - Buckingham,726,174,4,904,0
Precinct,46 - Central,824,276,13,1113,0
Precinct,47 - Four Mile Run,669,160,4,833,0
Precinct,48 - Courtlands,664,228,5,897,0
Precinct,49 - Monroe,501,132,4,637,0
Precinct,50 - Crystal Plaza,541,252,10,803,0
Precinct,51 - Taylor,263,96,1,360,0
Precinct,52 - Gunston,472,193,3,668,0
Precinct,Ab - Central Absentee Precinct,5980,1187,40,7207,0
Precinct,Provisional,59,21,0,80,0
Locality,Augusta County,5717,14054,42,19813,0
Precinct,101 - Jolivue,173,322,3,498,0
Precinct,102 - Stuarts Draft Elementary,174,340,2,516,0
Precinct,103 - Verona,274,630,2,906,0
Precinct,201 - Crimora,263,734,1,998,0
Precinct,202 - New Hope,190,505,1,696,0
Precinct,203 - Weyers Cave,246,789,3,1038,0
Precinct,301 - Fort Defiance,482,1161,6,1649,0
Precinct,302 - North River,105,330,0,435,0
Precinct,303 - Mount Solon,109,464,0,573,0
Precinct,304 - Churchville Fire Station,116,354,0,470,0
Precinct,401 - Buffalo Gap,176,424,0,600,0
Precinct,402 - Churchville Elementary,164,416,5,585,0
Precinct,403 - Craigsville,79,252,0,331,0
Precinct,404 - Deerfield,42,140,0,182,0
Precinct,405 - Cedar Green,258,494,1,753,0
Precinct,501 - Greenville,231,630,0,861,0
Precinct,502 - Middlebrook,144,383,0,527,0
Precinct,503 - Spottswood,155,355,0,510,0
Precinct,504 - White Hill,240,669,1,910,0
Precinct,601 - Sherando,188,448,2,638,0
Precinct,602 - Stuarts Draft Rescue,371,1013,5,1389,0
Precinct,603 - Lyndhurst,325,698,0,1023,0
Precinct,801 - Dooms,192,523,0,715,0
Precinct,802 - Fishersville,461,920,6,1387,0
Precinct,803 - Wilson,334,626,2,962,0
Precinct,Ab - Central Absentee Precinct,225,430,2,657,0
Precinct,Provisional,0,4,0,4,0
Locality,Bath County,546,639,2,1187,0
Precinct,101 - Warm Springs,93,108,0,201,0
Precinct,102 - Mountain Grove,17,29,0,46,0
Precinct,201 - Hot Springs,96,80,0,176,0
Precinct,301 - Fairview,62,116,0,178,0
Precinct,302 - Burnsville,13,27,0,40,0
Precinct,401 - Millboro,116,140,0,256,0
Precinct,501 - Healing Springs,119,111,2,232,0
Precinct,Ab - Central Absentee Precinct,30,28,0,58,0
Locality,Bedford County,7931,16669,43,24643,0
Precinct,101 - Goodview Elem School (CD 5),292,714,1,1007,0
Precinct,102 - Hardy Vol Fire Co (CD 5),159,311,0,470,0
Precinct,103 - Chamblissburg Baptist Church (CD 5),234,457,3,694,0
Precinct,104 - Stewartsville Rescue Squad (CD 5),229,394,2,625,0
Precinct,201 - Bedford Christian Church (CD 5),121,251,0,372,0
Precinct,202 - Staunton River High School (CD 5),174,298,1,473,0
Precinct,203 - Moneta Elem School (CD 5),365,681,1,1047,0
Precinct,204 - Body Camp Elem School (CD 5),108,191,1,300,0
Precinct,205 - Saunders Vol Fire Co (CD 5),339,550,1,890,0
Precinct,301 - New London Academy (CD 6),422,1243,6,1671,0
Precinct,302 - Bedford Regional Water Auth (CD 5),251,467,1,719,0
Precinct,303 - Bethesda United Methodist Church (CD 5),138,349,0,487,0
Precinct,304 - Forest Youth Athletic Assoc (CD 6),141,383,0,524,0
Precinct,305 - Huddleston Elem School (CD 5),111,255,2,368,0
Precinct,401 - Forest Elementary School (CD 6),310,757,1,1068,0
Precinct,402 - Thomas Jefferson Elem School (CD 6),194,545,0,739,0
Precinct,403 - Knights Of Columbus Bldg (CD 6),442,972,2,1416,0
Precinct,404 - St. Paul Baptist Church (CD 6),330,827,3,1160,0
Precinct,502 - Big Island Elem School (CD 6),119,181,1,301,0
Precinct,503 - Sedalia Center (CD 6),122,227,0,349,0
Precinct,504 - Suck Springs Baptist Church (CD 6),179,396,4,579,0
Precinct,505 - Boonsboro Elementary School (CD 6),398,698,2,1098,0
Precinct,506 - Boonsboro Ruritan Club (CD 6),387,1037,4,1428,0
Precinct,601 - Montvale Elem School (CD 6),215,499,1,715,0
Precinct,602 - Shady Grove Fire Department (CD 5),247,494,0,741,0
Precinct,603 - Thaxton Community Center (CD 5),60,116,0,176,0
Precinct,604 - Bedford Welcome Center (CD 5),430,632,2,1064,0
Precinct,701 - Goode Vol Rescue Squad (CD 5),261,845,1,1107,0
Precinct,702 - Liberty High School (CD 5),206,413,1,620,0
Precinct,703 - Thaxton Elem School (CD 5),141,282,0,423,0
Precinct,704 - Bedford Central Library (CD 5),460,630,0,1090,0
Precinct,Ab - Central Absentee Precinct (CD 5),196,316,1,513,0
Precinct,Ab - Central Absentee Precinct (CD 6),150,256,1,407,0
Precinct,Provisional (CD 5),0,1,0,1,0
Precinct,Provisional (CD 6),0,1,0,1,0
Locality,Bland County,524,1251,6,1781,0
Precinct,101 - Bastian,56,157,1,214,0
Precinct,102 - Ceres,72,151,0,223,0
Precinct,201 - Davis,30,36,0,66,0
Precinct,202 - Seddon,132,282,4,418,0
Precinct,301 - Hollybrook,60,138,0,198,0
Precinct,302 - Mechanicsburg,27,73,0,100,0
Precinct,401 - Rocky Gap,123,364,1,488,0
Precinct,Ab - Central Absentee Precinct,24,50,0,74,0
Precinct,Provisional,0,0,0,0,0
Locality,Botetourt County,4006,7160,37,11203,0
Precinct,101 - Amsterdam,420,654,2,1076,0
Precinct,102 - Asbury,408,855,3,1266,0
Precinct,201 - Blue Ridge,324,770,6,1100,0
Precinct,202 - Rainbow Forest,385,764,4,1153,0
Precinct,301 - Buchanan,274,389,1,664,0
Precinct,302 - Mill Creek,203,373,2,578,0
Precinct,303 - Roaring Run,96,128,0,224,0
Precinct,304 - Springwood,163,248,4,415,0
Precinct,402 - Courthouse,238,324,1,563,0
Precinct,403 - Eagle Rock,153,233,0,386,0
Precinct,404 - Glen Wilton,114,144,1,259,0
Precinct,405 - Oriskany,12,27,0,39,0
Precinct,406 - Town Hall,262,516,3,781,0
Precinct,501 - Coyner Springs,184,329,1,514,0
Precinct,502 - Cloverdale,465,810,5,1280,0
Precinct,503 - Troutville,116,246,1,363,0
Precinct,Ab - Central Absentee Precinct,188,347,3,538,0
Precinct,Provisional,1,3,0,4,0
Locality,Bristol City,1297,2595,8,3900,0
Precinct,1 - First Ward,235,423,0,658,0
Precinct,2 - Second Ward,338,616,4,958,0
Precinct,3 - Third Ward,226,294,1,521,0
Precinct,4 - Fourth Ward,416,1160,3,1579,0
Precinct,Ab - Central Absentee Precinct,82,101,0,183,0
Precinct,Provisional,0,1,0,1,0
Locality,Brunswick County,3025,1414,4,4443,0
Precinct,101 - Brodnax,134,91,0,225,0
Precinct,102 - Rock Store,183,132,0,315,0
Precinct,103 - Tillman,175,196,0,371,0
Precinct,201 - Dromgoole,108,47,0,155,0
Precinct,202 - Edgerton,310,77,0,387,0
Precinct,203 - Fitzhugh,245,88,0,333,0
Precinct,301 - Alberta,52,38,0,90,0
Precinct,302 - Danieltown,258,157,1,416,0
Precinct,303 - Elmore,137,60,0,197,0
Precinct,304 - Seymour,111,63,1,175,0
Precinct,401 - Sturgeon,449,174,0,623,0
Precinct,402 - King's Store,204,46,0,250,0
Precinct,501 - Totaro,530,132,1,663,0
Precinct,Ab - Central Absentee Precinct,129,113,1,243,0
Locality,Buchanan County,1588,3084,5,4677,0
Precinct,102 - Blackey,51,136,0,187,0
Precinct,103 - Hurley,70,342,0,412,0
Precinct,201 - Grassy,30,28,0,58,0
Precinct,202 - Bull,70,174,1,245,0
Precinct,203 - Rocklick,57,211,0,268,0
Precinct,301 - Slate,108,251,0,359,0
Precinct,302 - North Grundy,87,213,0,300,0
Precinct,403 - South Grundy,142,366,0,508,0
Precinct,404 - Oakwood,10,27,0,37,0
Precinct,501 - Prater,137,129,0,266,0
Precinct,502 - Fox,60,30,0,90,0
Precinct,503 - Vansant,102,211,1,314,0
Precinct,601 - Council,73,108,0,181,0
Precinct,602 - Garden,113,190,0,303,0
Precinct,603 - Hurricane,110,94,0,204,0
Precinct,701 - Whitewood,142,218,3,363,0
Precinct,702 - Contrary,99,192,0,291,0
Precinct,Ab - Central Absentee Precinct,127,163,0,290,0
Precinct,Provisional,0,1,0,1,0
Locality,Buckingham County,2084,1934,10,4028,0
Precinct,101 - New Canton,294,236,1,531,0
Precinct,102 - Georgia Creek,52,85,1,138,0
Precinct,201 - White Hall,198,153,0,351,0
Precinct,301 - Curdsville,184,226,1,411,0
Precinct,302 - New Store,106,188,1,295,0
Precinct,401 - Maysville,317,320,3,640,0
Precinct,501 - Wrights,110,130,1,241,0
Precinct,502 - Glenmore,230,137,0,367,0
Precinct,601 - Slate River,323,183,1,507,0
Precinct,701 - Gold Hill,177,190,0,367,0
Precinct,Ab - Central Absentee Precinct,92,86,1,179,0
Precinct,Provisional,1,0,0,1,0
Locality,Buena Vista City,562,657,2,1221,0
Precinct,1 - First Ward,327,361,1,689,0
Precinct,2 - Second Ward,235,296,1,532,0
Locality,Campbell County,5134,10268,30,15432,0
Precinct,101 - Brookville,486,961,1,1448,0
Precinct,102 - New London,337,843,2,1182,0
Precinct,201 - Walker,298,647,2,947,0
Precinct,202 - Bedford Springs,364,909,0,1273,0
Precinct,301 - Evington,168,262,2,432,0
Precinct,302 - Otter River,149,264,1,414,0
Precinct,303 - Altavista,498,568,2,1068,0
Precinct,401 - Three Forks,241,578,0,819,0
Precinct,402 - Court House,423,1003,4,1430,0
Precinct,501 - Spring Hill,324,971,2,1297,0
Precinct,502 - Yellow Branch,276,429,0,705,0
Precinct,601 - Kings,261,551,2,814,0
Precinct,602 - Concord,407,828,3,1238,0
Precinct,701 - Brookneal,250,386,1,637,0
Precinct,702 - Gladys,317,530,2,849,0
Precinct,703 - Morris Church,160,250,0,410,0
Precinct,AB - Central Absentee Precinct,171,284,6,461,0
Precinct,Provisional,4,4,0,8,0
Locality,Caroline County,4373,3278,33,7684,0
Precinct,101 - Bowling Green,337,411,4,752,0
Precinct,102 - Sparta,290,281,0,571,0
Precinct,201 - North Madison,277,223,3,503,0
Precinct,202 - South Madison,381,310,3,694,0
Precinct,301 - Port Royal,146,159,3,308,0
Precinct,302 - Woodford,458,357,2,817,0
Precinct,401 - Dawn,773,296,3,1072,0
Precinct,402 - Carmel Church,263,107,0,370,0
Precinct,501 - West Mattaponi,447,243,3,693,0
Precinct,502 - Milford,309,236,3,548,0
Precinct,601 - Chilesburg,353,283,4,640,0
Precinct,602 - Lake,201,233,5,439,0
Precinct,Ab - Central Absentee Precinct,137,134,0,271,0
Precinct,Provisional,1,5,0,6,0
Locality,Carroll County,2757,4885,13,7655,0
Precinct,101 - Mt Bethel,96,163,0,259,0
Precinct,102 - St Paul,106,323,0,429,0
Precinct,103 - Lambsburg,73,168,0,241,0
Precinct,105 - Fancy Gap,127,257,0,384,0
Precinct,201 - Hillsville B,414,511,2,927,0
Precinct,202 - Laurel Fork,114,192,0,306,0
Precinct,203 - Gladesboro,159,283,2,444,0
Precinct,301 - Hillsville C,404,561,1,966,0
Precinct,302 - Sylvatus,122,211,0,333,0
Precinct,303 - Dugspur,67,131,0,198,0
Precinct,402 - Woodlawn D,247,404,0,651,0
Precinct,403 - Oakland D,132,226,1,359,0
Precinct,405 - Oakland A,123,220,0,343,0
Precinct,406 - Woodlawn F,28,89,0,117,0
Precinct,501 - Vaughan,52,155,2,209,0
Precinct,502 - Gladeville,170,366,1,537,0
Precinct,503 - Woodlawn E,109,196,1,306,0
Precinct,504 - Laurel,100,208,2,310,0
Precinct,Ab - Central Absentee Precinct,114,220,1,335,0
Precinct,Provisional,0,1,0,1,0
Locality,Charles City County,1683,805,6,2494,0
Precinct,101 - Precinct 1-1,476,275,1,752,0
Precinct,201 - Precinct 2-1,495,193,1,689,0
Precinct,301 - Precinct 3-1,567,292,4,863,0
Precinct,Ab - Central Absentee Precinct,144,44,0,188,0
Precinct,Provisional,1,1,0,2,0
Locality,Charlotte County,1662,1947,7,3616,0
Precinct,101 - County Seat,237,270,1,508,0
Precinct,201 - Red Oak Wylliesburg,259,330,1,590,0
Precinct,302 - Drakes Branch,177,225,1,403,0
Precinct,401 - Keysville,240,285,1,526,0
Precinct,501 - Cullen,108,171,1,280,0
Precinct,503 - Red House,119,78,0,197,0
Precinct,602 - Phenix,216,301,2,519,0
Precinct,701 - Bacon,132,102,0,234,0
Precinct,702 - Saxe,109,135,0,244,0
Precinct,Ab - Central Absentee Precinct,65,49,0,114,0
Precinct,Provisional,0,1,0,1,0
Locality,Charlottesville City,9929,2273,41,12243,0
Precinct,101 - Recreation,1340,282,4,1626,0
Precinct,102 - Clark,1330,248,2,1580,0
Precinct,201 - Carver,1063,158,4,1225,0
Precinct,202 - Walker,1580,455,13,2048,0
Precinct,301 - Benjamin Tonsler,889,166,4,1059,0
Precinct,302 - Johnson,1181,361,3,1545,0
Precinct,303 - Buford,539,95,4,638,0
Precinct,401 - Venable,467,126,2,595,0
Precinct,402 - Alumni Hall,740,254,3,997,0
Precinct,Ab - Central Absentee Precinct,793,124,1,918,0
Precinct,Provisional,7,4,1,12,0
Locality,Chesapeake City,34043,28370,153,62566,0
Precinct,1 - Great Bridge,477,670,3,1150,0
Precinct,2 - Bethel,329,683,3,1015,0
Precinct,3 - Camelot,1314,131,0,1445,0
Precinct,4 - Churchland,440,495,5,940,0
Precinct,5 - Crestwood,965,126,2,1093,0
Precinct,6 - Deep Creek,904,729,3,1636,0
Precinct,7 - Greenbrier,648,735,3,1386,0
Precinct,8 - South Norfolk Recreation,565,409,2,976,0
Precinct,9 - Bells Mill,748,959,7,1714,0
Precinct,10 - Oscar Smith,265,236,4,505,0
Precinct,11 - Geneva Park,354,382,6,742,0
Precinct,12 - Georgetown,867,167,1,1035,0
Precinct,13 - Gilmerton,539,500,2,1041,0
Precinct,14 - Grassfield,113,160,0,273,0
Precinct,15 - B M Williams,531,361,2,894,0
Precinct,16 - Hickory Grove,404,738,1,1143,0
Precinct,17 - Indian Creek,303,452,2,757,0
Precinct,18 - Indian River,432,225,4,661,0
Precinct,19 - Jolliff,315,517,1,833,0
Precinct,20 - E W Chittum,659,659,4,1322,0
Precinct,21 - Fellowship,501,526,1,1028,0
Precinct,22 - Norfolk Highlands,276,336,2,614,0
Precinct,23 - Oak Grove,558,430,3,991,0
Precinct,24 - Oaklette,524,300,3,827,0
Precinct,25 - St Julians,286,241,1,528,0
Precinct,26 - Johnson Park,256,116,0,372,0
Precinct,27 - Silverwood,712,670,5,1387,0
Precinct,28 - Sunray I,36,94,1,131,0
Precinct,29 - Tanglewood,360,534,1,895,0
Precinct,30 - South Norfolk,482,27,2,511,0
Precinct,31 - Carver School,920,171,3,1094,0
Precinct,32 - Providence,1118,112,5,1235,0
Precinct,33 - Westover,256,304,2,562,0
Precinct,34 - Hickory Middle School,551,980,4,1535,0
Precinct,35 - Taylor Road,480,184,0,664,0
Precinct,36 - Great Bridge Baptist Church,563,780,5,1348,0
Precinct,37 - Bridgetown,438,520,3,961,0
Precinct,38 - Bailey Creek,413,638,2,1053,0
Precinct,39 - Lake Drummond,226,296,0,522,0
Precinct,40 - River Birch,643,454,2,1099,0
Precinct,41 - John T West,923,669,3,1595,0
Precinct,42 - Parkways,512,368,1,881,0
Precinct,43 - Pleasant Crossing,386,678,3,1067,0
Precinct,44 - Nansemond,450,319,3,772,0
Precinct,45 - Sunray II,294,110,0,404,0
Precinct,46 - Bells Mill II,505,483,0,988,0
Precinct,47 - Green Sea,240,417,1,658,0
Precinct,48 - Jolliff Middle School,986,131,1,1118,0
Precinct,49 - Waterway,844,927,7,1778,0
Precinct,50 - River Walk,673,474,1,1148,0
Precinct,51 - Coopers Way,459,903,5,1367,0
Precinct,52 - Shipyard Road,607,370,1,978,0
Precinct,53 - Fairways,415,303,2,720,0
Precinct,54 - Pughsville,769,270,1,1040,0
Precinct,55 - Georgetown East,673,151,2,826,0
Precinct,56 - Green Tree,514,362,1,877,0
Precinct,57 - Cypress,547,391,0,938,0
Precinct,58 - Expressway,289,89,1,379,0
Precinct,59 - Clearfield,314,315,3,632,0
Precinct,60 - Parker Road,579,812,4,1395,0
Precinct,61 - Centerville,338,672,3,1013,0
Precinct,62 - Fentress,482,688,2,1172,0
Precinct,63 - Poplar Branch,240,508,1,749,0
Precinct,Ab - Central Absentee Precinct,1202,886,7,2095,0
Precinct,Provisional,31,27,0,58,0
Locality,Chesterfield County,54135,48339,635,103109,0
Precinct,101 - Bellwood (CD 4),357,335,7,699,0
Precinct,102 - South Chester (CD 4),717,654,9,1380,0
Precinct,103 - Enon (CD 4),592,846,8,1446,0
Precinct,104 - North Chester (CD 4),640,885,10,1535,0
Precinct,105 - Drewrys Bluff (CD 4),576,317,1,894,0
Precinct,106 - Harrowgate (CD 4),1062,812,7,1881,0
Precinct,107 - Wells (CD 4),698,639,3,1340,0
Precinct,108 - Ecoff (CD 4),819,1102,18,1939,0
Precinct,109 - Elizabeth Scott (CD 4),1068,907,4,1979,0
Precinct,110 - Dutch Gap (CD 4),501,472,3,976,0
Precinct,111 - Iron Bridge (CD 4),1223,977,6,2206,0
Precinct,112 - Carver (CD 4),713,491,11,1215,0
Precinct,201 - Gates (CD 4),561,516,3,1080,0
Precinct,202 - Beulah (CD 4),992,503,5,1500,0
Precinct,203 - Bird (CD 4),538,327,3,868,0
Precinct,204 - Jacobs (CD 4),504,438,9,951,0
Precinct,205 - Falling Creek (CD 4),1128,477,4,1609,0
Precinct,206 - Belmont (CD 7),626,146,2,774,0
Precinct,207 - Chippenham (CD 4),329,145,1,475,0
Precinct,208 - Meadowbrook (CD 4),994,317,1,1312,0
Precinct,209 - Salem Church (CD 4),742,769,6,1517,0
Precinct,210 - Five Forks (CD 4),1075,618,1,1694,0
Precinct,211 - Nash (CD 4),863,1175,13,2051,0
Precinct,212 - St. Luke's (CD 4),419,438,3,860,0
Precinct,213 - Southside (CD 4),1637,442,3,2082,0
Precinct,214 - Hopkins (CD 4),140,33,0,173,0
Precinct,301 - Ettrick (CD 4),1213,257,0,1470,0
Precinct,302 - Deer Run (CD 4),280,341,4,625,0
Precinct,303 - Matoaca (CD 4),999,719,3,1721,0
Precinct,304 - Winfrees Store (CD 4),613,1127,7,1747,0
Precinct,305 - Beach (CD 4),513,648,5,1166,0
Precinct,306 - Winterpock (CD 4),572,1195,13,1780,0
Precinct,307 - Cosby (CD 4),708,880,9,1597,0
Precinct,308 - South Manchester (CD 4),239,191,3,433,0
Precinct,309 - Skinquarter (CD 7),629,1113,12,1754,0
Precinct,310 - Tomahawk (CD 7),755,908,10,1673,0
Precinct,313 - Woolridge (CD 7),905,1111,11,2027,0
Precinct,315 - Bailey Bridge (CD 4),572,967,8,1547,0
Precinct,316 - Spring Run (CD 4),620,775,9,1404,0
Precinct,317 - Birkdale (CD 4),775,943,5,1723,0
Precinct,401 - Harbour Pointe (CD 7),515,476,6,997,0
Precinct,402 - Genito (CD 7),1051,925,10,1986,0
Precinct,403 - Brandermill (CD 7),789,851,15,1655,0
Precinct,404 - Providence (CD 7),819,565,11,1395,0
Precinct,405 - La Prade (CD 7),924,700,13,1637,0
Precinct,406 - Smoketree (CD 7),715,752,14,1481,0
Precinct,407 - Monacan (CD 7),449,441,12,902,0
Precinct,408 - Reams (CD 7),1104,668,10,1782,0
Precinct,409 - Manchester (CD 7),426,366,4,796,0
Precinct,410 - Wagstaff (CD 7),455,388,6,849,0
Precinct,411 - Swift Creek (CD 7),804,741,11,1556,0
Precinct,413 - Shenandoah (CD 7),721,555,9,1285,0
Precinct,414 - Crenshaw (CD 4),874,916,13,1803,0
Precinct,415 - Evergreen (CD 7),788,779,16,1583,0
Precinct,416 - Evergreen West (CD 7),262,264,6,532,0
Precinct,417 - Edgewater (CD 7),256,286,3,545,0
Precinct,501 - Huguenot (CD 7),719,511,13,1243,0
Precinct,502 - Crestwood (CD 7),501,431,8,940,0
Precinct,503 - Midlothian (CD 7),635,700,11,1346,0
Precinct,504 - Robious (CD 7),1049,1149,38,2236,0
Precinct,505 - Bon Air (CD 7),988,752,19,1759,0
Precinct,506 - Greenfield (CD 7),876,679,15,1570,0
Precinct,507 - Salisbury (CD 7),992,1186,23,2201,0
Precinct,508 - Belgrade (CD 7),817,682,9,1508,0
Precinct,509 - Cranbeck (CD 7),476,378,5,859,0
Precinct,510 - Sycamore (CD 7),820,935,11,1766,0
Precinct,511 - Black Heath (CD 7),589,575,12,1176,0
Precinct,513 - Beaufont (CD 7),429,159,5,593,0
Precinct,514 - Watkins (CD 7),878,1023,10,1911,0
Precinct,515 - Davis (CD 7),901,223,4,1128,0
Precinct,516 - Pocoshock (CD 7),606,180,2,788,0
Precinct,517 - Roseland (CD 7),90,132,1,223,0
Precinct,518 - Midlothian North (CD 7),647,883,19,1549,0
Precinct,Ab - Central Absentee Precinct (CD 4),1181,1113,13,2307,0
Precinct,Ab - Central Absentee Precinct (CD 7),1049,979,16,2044,0
Precinct,Provisional (CD 4),13,17,1,31,0
Precinct,Provisional (CD 7),20,23,1,44,0
Locality,Clarke County,2266,2573,8,4847,0
Precinct,101 - Russell,378,601,2,981,0
Precinct,201 - Berryville,429,393,2,824,0
Precinct,301 - Millwood,338,324,0,662,0
Precinct,302 - Pine Grove,144,160,0,304,0
Precinct,401 - White Post,412,477,1,890,0
Precinct,501 - Buckmarsh,311,375,0,686,0
Precinct,502 - Blue Ridge,108,108,2,218,0
Precinct,Ab - Central Absentee Precinct,146,135,1,282,0
Precinct,Provisional,0,0,0,0,0
Locality,Colonial Heights City,1943,2929,20,4892,0
Precinct,1 - First,244,367,2,613,0
Precinct,2 - Second,273,476,2,751,0
Precinct,3 - Third,395,517,2,914,0
Precinct,4 - Fourth,445,576,5,1026,0
Precinct,5 - Fifth,429,778,7,1214,0
Precinct,Ab - Central Absentee Precinct,157,215,2,374,0
Precinct,Provisional,0,0,0,0,0
Locality,Covington City,757,471,3,1231,0
Precinct,101 - Precinct 1-1,96,53,0,149,0
Precinct,201 - Precinct 2-1,150,82,1,233,0
Precinct,301 - Precinct 3-1,144,45,0,189,0
Precinct,401 - Precinct 4-1,182,146,1,329,0
Precinct,501 - Precinct 5-1,163,129,1,293,0
Precinct,Ab - Central Absentee Precinct,22,16,0,38,0
Precinct,Provisional,0,0,0,0,0
Locality,Craig County,606,982,4,1592,0
Precinct,101 - Court House,93,189,0,282,0
Precinct,201 - Ammendale Precinct,96,224,0,320,0
Precinct,202 - North Mountain,27,29,0,56,0
Precinct,301 - Givens & Reynolds Store,94,107,1,202,0
Precinct,302 - Mcguires Store,50,42,1,93,0
Precinct,303 - Marshalls Store,28,53,0,81,0
Precinct,401 - Barbours Creek,38,53,1,92,0
Precinct,402 - Paint Bank,16,9,0,25,0
Precinct,403 - Craig Springs,37,85,1,123,0
Precinct,404 - Forks Of Johns Creek,21,23,0,44,0
Precinct,501 - Craig City,106,168,0,274,0
Precinct,Provisional,0,0,0,0,0
Locality,Culpeper County,4606,7172,23,11801,0
Precinct,101 - West Fairfax,640,722,2,1364,0
Precinct,201 - East Fairfax,472,463,3,938,0
Precinct,302 - Eggbornsville,212,470,0,682,0
Precinct,303 - Cardova,203,360,0,563,0
Precinct,304 - Willow Shade,138,120,1,259,0
Precinct,401 - Eldorado,278,471,2,751,0
Precinct,402 - Browns Store,476,771,2,1249,0
Precinct,501 - Jeffersonton,380,711,3,1094,0
Precinct,502 - Rixeyville,328,665,4,997,0
Precinct,601 - Mitchells,78,117,0,195,0
Precinct,602 - Pearl Sample,423,594,2,1019,0
Precinct,603 - South Ridge,166,174,1,341,0
Precinct,702 - Brandy Station,318,675,0,993,0
Precinct,703 - Lignum,163,327,2,492,0
Precinct,704 - Richardsville,88,167,0,255,0
Precinct,Ab - Central Absentee Precinct,239,360,1,600,0
Precinct,Provisional,4,5,0,9,0
Locality,Cumberland County,1463,1370,6,2839,0
Precinct,101 - Precinct 1,338,308,1,647,0
Precinct,201 - Precinct 2,221,337,0,558,0
Precinct,301 - Precinct 3,348,169,0,517,0
Precinct,401 - Precinct 4,233,267,5,505,0
Precinct,501 - Precinct 5,276,257,0,533,0
Precinct,Ab - Central Absentee Precinct,47,32,0,79,0
Precinct,Provisional,0,0,0,0,0
Locality,Danville City,5585,4566,9,10160,0
Precinct,1 - Ward One,147,28,0,175,0
Precinct,2 - Ward Two,209,113,0,322,0
Precinct,3 - Ward Three,243,44,0,287,0
Precinct,4 - Ward Four,527,565,1,1093,0
Precinct,5 - Ward Five,195,185,1,381,0
Precinct,6 - Ward Six,237,41,0,278,0
Precinct,7 - Ward Seven,332,71,0,403,0
Precinct,8 - Ward Eight,272,190,0,462,0
Precinct,9 - Ward Nine,231,176,0,407,0
Precinct,10 - Ward Ten,304,315,0,619,0
Precinct,11 - Ward Eleven,526,335,2,863,0
Precinct,12 - Ward Twelve,571,410,1,982,0
Precinct,13 - Ward Thirteen,444,343,1,788,0
Precinct,14 - Ward Fourteen,98,16,0,114,0
Precinct,15 - Ward Fifteen,364,373,2,739,0
Precinct,16 - Ward Sixteen,348,533,0,881,0
Precinct,17 - Ward Seventeen,270,561,1,832,0
Precinct,Ab - Central Absentee Precinct,266,263,0,529,0
Precinct,Provisional,1,4,0,5,0
Locality,Dickenson County,1264,2077,5,3346,0
Precinct,101 - South Clintwood,260,478,1,739,0
Precinct,201 - Nora,84,125,0,209,0
Precinct,202 - Frying Pan,29,63,0,92,0
Precinct,203 - Clinchco,123,137,0,260,0
Precinct,301 - West Dante,21,97,0,118,0
Precinct,302 - Herald,50,152,1,203,0
Precinct,303 - Ridge,62,272,1,335,0
Precinct,401 - Haysi-colley,266,243,1,510,0
Precinct,501 - Tarpon,85,70,0,155,0
Precinct,502 - North Clintwood,160,302,1,463,0
Precinct,Ab - Central Absentee Precinct,124,138,0,262,0
Precinct,Provisional,0,0,0,0,0
Locality,Dinwiddie County,4091,3205,19,7315,0
Precinct,101 - White Oak,137,186,0,323,0
Precinct,102 - Rocky Run,197,245,0,442,0
Precinct,103 - Church Road,248,448,2,698,0
Precinct,201 - Rohoic,211,124,2,337,0
Precinct,202 - Sutherland,482,494,2,978,0
Precinct,301 - Reams,146,171,0,317,0
Precinct,302 - New Hope,267,254,2,523,0
Precinct,303 - Little Zion,519,237,2,758,0
Precinct,401 - Dinwiddie,414,344,3,761,0
Precinct,402 - Mckenney,257,191,3,451,0
Precinct,403 - Cherry Hill,222,101,0,323,0
Precinct,501 - Edgehill,104,26,0,130,0
Precinct,502 - Chesdin,737,275,3,1015,0
Precinct,Ab - Central Absentee Precinct,150,109,0,259,0
Precinct,Provisional,0,0,0,0,0
Locality,Emporia City,1070,504,2,1576,0
Precinct,101 - Precinct 1-1,203,64,0,267,0
Precinct,201 - Precinct 2-1,126,17,0,143,0
Precinct,301 - Precinct 3-1,141,100,1,242,0
Precinct,401 - Precinct 4-1,182,120,0,302,0
Precinct,501 - Precinct 5-1,127,17,0,144,0
Precinct,601 - District 6,162,124,1,287,0
Precinct,701 - District 7,129,62,0,191,0
Precinct,Provisional,0,0,0,0,0
Locality,Essex County,1669,1372,3,3044,0
Precinct,101 - Greater Tappahannock,366,288,3,657,0
Precinct,201 - North,466,214,0,680,0
Precinct,301 - South,366,427,0,793,0
Precinct,401 - Central,377,368,0,745,0
Precinct,Ab - Central Absentee Precinct,94,74,0,168,0
Precinct,Provisional,0,1,0,1,0
Locality,Fairfax City,4355,2661,27,7043,0
Precinct,1 - One,576,343,5,924,0
Precinct,2 - Two,642,427,7,1076,0
Precinct,3 - Three,880,512,6,1398,0
Precinct,4 - Four,736,423,3,1162,0
Precinct,5 - Five,623,372,3,998,0
Precinct,6 - Six,551,358,2,911,0
Precinct,Ab - Central Absentee Precinct,344,221,1,566,0
Precinct,Provisional,3,5,0,8,0
Locality,Fairfax County,192855,108222,1173,302250,0
Precinct,104 - Chapel (CD 11),760,479,6,1245,0
Precinct,105 - Fairview (CD 11),1281,821,5,2107,0
Precinct,106 - Heritage (CD 11),853,306,3,1162,0
Precinct,108 - Kings Park (CD 11),702,472,8,1182,0
Precinct,109 - Little Run (CD 11),1045,610,3,1658,0
Precinct,110 - North Springfield (CD 11),1013,651,2,1666,0
Precinct,113 - Canterbury (CD 11),1309,765,11,2085,0
Precinct,115 - Ravensworth (CD 11),474,340,4,818,0
Precinct,116 - Wakefield (CD 11),792,418,4,1214,0
Precinct,117 - Woodson (CD 11),760,528,7,1295,0
Precinct,118 - Lake Braddock (CD 11),1019,544,7,1570,0
Precinct,119 - Laurel (CD 11),1155,755,11,1921,0
Precinct,120 - Sideburn (CD 11),892,799,6,1697,0
Precinct,121 - Villa (CD 11),493,352,7,852,0
Precinct,123 - Robinson (CD 11),1088,703,11,1802,0
Precinct,125 - Signal Hill (CD 11),1001,542,5,1548,0
Precinct,126 - Bonnie Brae (CD 11),649,353,6,1008,0
Precinct,127 - Burke Centre (CD 11),1063,661,4,1728,0
Precinct,128 - Cardinal (CD 11),608,377,10,995,0
Precinct,129 - Keene Mill (CD 11),470,286,9,765,0
Precinct,130 - Terra Centre (CD 11),700,425,2,1127,0
Precinct,131 - Eagle View (CD 11),799,508,2,1309,0
Precinct,132 - Monument (CD 11),710,416,1,1127,0
Precinct,133 - Danbury (CD 11),199,111,2,312,0
Precinct,134 - University (CD 11),620,184,10,814,0
Precinct,202 - Flint Hill (CD 11),900,641,5,1546,0
Precinct,203 - Floris (CD 11),1065,675,4,1744,0
Precinct,204 - Madison (CD 11),253,100,1,354,0
Precinct,208 - Reston #1 (CD 11),816,252,1,1069,0
Precinct,209 - Reston #2 (CD 11),1060,331,6,1397,0
Precinct,213 - Vienna #1 (CD 11),1198,661,7,1866,0
Precinct,214 - Vienna #2 (CD 11),991,526,9,1526,0
Precinct,216 - Vienna #4 (CD 11),468,217,4,689,0
Precinct,218 - Vienna #6 (CD 11),728,309,3,1040,0
Precinct,219 - Westbriar (CD 11),1003,573,2,1578,0
Precinct,220 - Dogwood (CD 11),1099,426,4,1529,0
Precinct,221 - Hunters Woods (CD 11),943,440,4,1387,0
Precinct,222 - Reston #3 (CD 11),810,213,3,1026,0
Precinct,223 - Glade (CD 11),1325,426,6,1757,0
Precinct,224 - South Lakes (CD 11),1595,503,4,2102,0
Precinct,225 - Terraset (CD 11),1079,350,6,1435,0
Precinct,226 - Wolftrap (CD 11),1123,679,6,1808,0
Precinct,227 - Sunrise Valley (CD 11),582,316,6,904,0
Precinct,229 - Fox Mill (CD 10),1401,906,8,2315,0
Precinct,233 - North Point (CD 11),1311,720,7,2038,0
Precinct,234 - Aldrin (CD 11),1392,714,6,2112,0
Precinct,235 - Frying Pan (CD 11),752,317,6,1075,0
Precinct,236 - Stuart (CD 11),412,215,2,629,0
Precinct,237 - Mcnair (CD 11),682,318,1,1001,0
Precinct,238 - Cameron Glen (CD 11),693,409,2,1104,0
Precinct,240 - Colvin (CD 10),569,514,3,1086,0
Precinct,301 - Chain Bridge (CD 10),818,548,3,1369,0
Precinct,302 - Chesterbrook (CD 8),774,457,9,1240,0
Precinct,303 - Churchill (CD 10),457,261,4,722,0
Precinct,304 - Cooper (CD 10),522,426,7,955,0
Precinct,305 - El Nido (CD 8),732,340,5,1077,0
Precinct,306 - Great Falls (CD 10),561,468,5,1034,0
Precinct,307 - Haycock (CD 8),804,417,7,1228,0
Precinct,309 - Kenmore (CD 10),910,625,4,1539,0
Precinct,310 - Kirby (CD 8),615,309,4,928,0
Precinct,311 - Langley (CD 10),584,438,3,1025,0
Precinct,312 - Longfellow (CD 8),772,392,6,1170,0
Precinct,314 - Mclean (CD 10),699,381,6,1086,0
Precinct,315 - Pimmit (CD 8),810,383,4,1197,0
Precinct,316 - Salona #1 (CD 8),313,160,3,476,0
Precinct,317 - Westhampton (CD 8),703,339,13,1055,0
Precinct,318 - Westmoreland (CD 8),469,223,4,696,0
Precinct,319 - Herndon #1 (CD 11),1015,621,9,1645,0
Precinct,320 - Herndon #2 (CD 11),1053,487,8,1548,0
Precinct,321 - Clearview (CD 10),1233,803,9,2045,0
Precinct,322 - Forestville (CD 10),725,707,4,1436,0
Precinct,323 - Shouse (CD 10),657,409,3,1069,0
Precinct,324 - Herndon #3 (CD 11),894,414,10,1318,0
Precinct,325 - Hutchison (CD 11),549,194,2,745,0
Precinct,327 - Sugarland (CD 10),871,586,8,1465,0
Precinct,328 - Hickory (CD 10),782,591,7,1380,0
Precinct,329 - Seneca (CD 10),822,677,3,1502,0
Precinct,331 - Spring Hill (CD 10),629,456,6,1091,0
Precinct,332 - Coates (CD 11),589,200,5,794,0
Precinct,333 - Salona #2 (CD 8),494,290,2,786,0
Precinct,401 - Bush Hill (CD 8),900,525,8,1433,0
Precinct,402 - Cameron (CD 8),299,164,2,465,0
Precinct,404 - Franconia (CD 8),840,384,5,1229,0
Precinct,405 - Groveton (CD 8),492,155,4,651,0
Precinct,406 - Hayfield (CD 8),664,510,9,1183,0
Precinct,408 - Mount Eagle (CD 8),733,214,4,951,0
Precinct,409 - Pioneer (CD 8),1181,509,5,1695,0
Precinct,410 - Rose Hill (CD 8),1121,625,5,1751,0
Precinct,411 - Virginia Hills (CD 8),642,302,1,945,0
Precinct,413 - Fairfield (CD 8),514,102,0,616,0
Precinct,415 - Crestwood (CD 8),591,361,3,955,0
Precinct,417 - Garfield (CD 8),732,391,1,1124,0
Precinct,418 - Lynbrook (CD 8),434,232,1,667,0
Precinct,419 - Lane (CD 8),929,342,0,1271,0
Precinct,420 - Villages (CD 8),1100,478,8,1586,0
Precinct,421 - Kingstowne (CD 8),883,381,4,1268,0
Precinct,422 - Van Dorn (CD 8),877,396,6,1279,0
Precinct,423 - Clermont (CD 8),748,405,6,1159,0
Precinct,424 - Huntley (CD 8),851,392,8,1251,0
Precinct,426 - Greenspring (CD 11),799,395,5,1199,0
Precinct,427 - Island Creek (CD 8),738,323,2,1063,0
Precinct,428 - Pinewood (CD 8),768,193,2,963,0
Precinct,429 - Hybla Valley (CD 8),797,180,2,979,0
Precinct,501 - Baileys (CD 8),861,280,2,1143,0
Precinct,502 - Barcroft (CD 11),482,195,4,681,0
Precinct,503 - Belvedere (CD 11),622,213,0,835,0
Precinct,504 - Bristow (CD 11),581,254,1,836,0
Precinct,505 - Glen Forest (CD 8),662,238,1,901,0
Precinct,506 - Holmes (CD 8),293,65,2,360,0
Precinct,506 - Holmes (CD 11),390,116,1,507,0
Precinct,507 - Lincolnia (CD 8),839,279,7,1125,0
Precinct,508 - Masonville (CD 11),832,375,9,1216,0
Precinct,509 - Plaza (CD 8),347,67,1,415,0
Precinct,510 - Parklawn (CD 8),607,279,2,888,0
Precinct,511 - Ravenwood (CD 11),843,326,4,1173,0
Precinct,512 - Sleepy Hollow (CD 11),478,205,6,689,0
Precinct,513 - Saint Albans (CD 8),286,131,2,419,0
Precinct,513 - Saint Albans (CD 11),525,226,1,752,0
Precinct,515 - Westlawn (CD 8),455,198,2,655,0
Precinct,516 - Weyanoke (CD 8),737,290,3,1030,0
Precinct,517 - Willston (CD 8),418,160,3,581,0
Precinct,518 - Columbia (CD 11),671,360,6,1037,0
Precinct,519 - Hummer (CD 11),473,257,6,736,0
Precinct,520 - Skyline (CD 8),854,219,4,1077,0
Precinct,521 - Brook Hill (CD 8),508,306,2,816,0
Precinct,522 - Camelot (CD 11),483,307,4,794,0
Precinct,523 - Poe (CD 8),708,351,8,1067,0
Precinct,525 - Walnut Hill (CD 8),907,388,5,1300,0
Precinct,526 - Bren Mar (CD 8),899,297,4,1200,0
Precinct,527 - Edsall (CD 8),570,281,2,853,0
Precinct,528 - Ridgelea (CD 11),384,222,0,606,0
Precinct,601 - Belle Haven (CD 8),585,389,8,982,0
Precinct,602 - Belleview (CD 8),726,340,3,1069,0
Precinct,604 - Bucknell (CD 8),934,317,2,1253,0
Precinct,605 - Fort Hunt (CD 8),710,515,5,1230,0
Precinct,606 - Hollin Hall (CD 8),890,484,15,1389,0
Precinct,607 - Huntington (CD 8),985,391,3,1379,0
Precinct,608 - Kirkside (CD 8),799,244,3,1046,0
Precinct,609 - Marlan (CD 8),680,408,9,1097,0
Precinct,610 - Sherwood (CD 8),618,251,5,874,0
Precinct,611 - Stratford (CD 8),976,581,8,1565,0
Precinct,612 - Waynewood (CD 8),457,337,4,798,0
Precinct,613 - Westgate (CD 8),826,837,11,1674,0
Precinct,614 - Riverside (CD 8),610,457,7,1074,0
Precinct,615 - Woodley (CD 8),721,467,6,1194,0
Precinct,616 - Gunston (CD 8),563,487,3,1053,0
Precinct,617 - Lorton (CD 8),565,166,1,732,0
Precinct,618 - Newington (CD 11),1176,747,7,1930,0
Precinct,619 - Belvoir (CD 8),596,365,4,965,0
Precinct,621 - Grosvenor (CD 8),530,205,4,739,0
Precinct,622 - Lorton Station (CD 8),854,274,3,1131,0
Precinct,623 - Alban (CD 8),689,357,3,1049,0
Precinct,625 - Lorton Center (CD 8),494,279,2,775,0
Precinct,626 - Saratoga (CD 8),908,575,6,1489,0
Precinct,627 - Woodlawn (CD 8),840,297,3,1140,0
Precinct,628 - Laurel Hill (CD 11),876,358,6,1240,0
Precinct,629 - South County (CD 11),675,537,4,1216,0
Precinct,701 - Blake (CD 11),1153,574,4,1731,0
Precinct,703 - Fort Buffalo (CD 8),417,124,3,544,0
Precinct,704 - Freedom Hill (CD 11),608,337,3,948,0
Precinct,705 - Graham - Greenway (CD 8),1050,401,4,1455,0
Precinct,707 - Mantua (CD 11),706,363,1,1070,0
Precinct,708 - Marshall (CD 8),1242,496,6,1744,0
Precinct,709 - Mosby (CD 11),837,338,6,1181,0
Precinct,710 - Pine Spring (CD 8),703,252,14,969,0
Precinct,711 - Price (CD 11),622,317,7,946,0
Precinct,712 - Shreve (CD 8),546,218,1,765,0
Precinct,713 - Timber Lane (CD 8),872,321,6,1199,0
Precinct,714 - Walker (CD 11),847,428,4,1279,0
Precinct,717 - Woodburn (CD 11),564,245,2,811,0
Precinct,718 - Pine Ridge (CD 11),580,327,5,912,0
Precinct,719 - Stenwood (CD 11),356,174,0,530,0
Precinct,720 - Thoreau (CD 11),583,321,4,908,0
Precinct,721 - Merrifield (CD 11),890,377,9,1276,0
Precinct,726 - Magarity (CD 8),838,375,7,1220,0
Precinct,727 - Oakton (CD 11),767,509,2,1278,0
Precinct,729 - Nottoway (CD 11),1027,479,9,1515,0
Precinct,730 - Penderbrook (CD 11),754,475,2,1231,0
Precinct,731 - Tysons (CD 11),556,311,2,869,0
Precinct,732 - Oak Marr (CD 11),923,639,3,1565,0
Precinct,733 - Kilmer (CD 11),1054,475,4,1533,0
Precinct,734 - Hunters Branch (CD 11),476,214,2,692,0
Precinct,801 - Burke (CD 11),1141,611,6,1758,0
Precinct,802 - Cedar Lake (CD 11),277,146,2,425,0
Precinct,803 - Clifton (CD 10),876,1027,4,1907,0
Precinct,804 - Colchester (CD 10),404,426,2,832,0
Precinct,805 - Fairfax Station (CD 10),420,384,3,807,0
Precinct,806 - Sydenstricker (CD 11),819,640,5,1464,0
Precinct,807 - Hunt Valley (CD 11),588,455,5,1048,0
Precinct,811 - Pohick (CD 11),551,279,3,833,0
Precinct,812 - Valley (CD 11),726,523,3,1252,0
Precinct,815 - Woodyard (CD 10),638,631,2,1271,0
Precinct,824 - Orange (CD 11),1082,880,8,1970,0
Precinct,825 - Cherry Run (CD 11),780,547,7,1334,0
Precinct,827 - Irving (CD 11),773,472,6,1251,0
Precinct,833 - White Oaks (CD 11),788,439,11,1238,0
Precinct,838 - Sangster (CD 10),624,509,4,1137,0
Precinct,839 - Silverbrook (CD 10),870,766,7,1643,0
Precinct,840 - West Springfield (CD 11),861,554,5,1420,0
Precinct,841 - Popes Head (CD 10),352,430,3,785,0
Precinct,842 - Parkway (CD 11),617,476,3,1096,0
Precinct,843 - Fair Lakes (CD 11),717,484,4,1205,0
Precinct,844 - Centerpointe (CD 11),561,276,3,840,0
Precinct,845 - Fountainhead (CD 10),880,886,10,1776,0
Precinct,846 - Greenbriar East (CD 11),729,469,1,1199,0
Precinct,847 - Greenbriar West (CD 10),554,435,4,993,0
Precinct,848 - Fair Oaks (CD 11),634,374,5,1013,0
Precinct,849 - Newgate North (CD 10),427,344,0,771,0
Precinct,850 - South Run (CD 10),794,689,4,1487,0
Precinct,851 - Willow Springs (CD 11),557,563,6,1126,0
Precinct,854 - Newgate South (CD 10),679,776,9,1464,0
Precinct,901 - Centre Ridge (CD 11),840,503,4,1347,0
Precinct,902 - Brookfield (CD 10),819,522,3,1344,0
Precinct,903 - Cub Run (CD 10),934,696,4,1634,0
Precinct,904 - Stonecroft (CD 10),336,330,3,669,0
Precinct,905 - Franklin (CD 10),264,204,1,469,0
Precinct,908 - Kinross East (CD 10),631,481,2,1114,0
Precinct,909 - Kinross West (CD 10),604,449,3,1056,0
Precinct,910 - London Towne #1 (CD 11),789,412,5,1206,0
Precinct,911 - Navy (CD 10),891,578,2,1471,0
Precinct,913 - Rocky Run (CD 10),992,809,5,1806,0
Precinct,914 - Vale (CD 10),645,461,6,1112,0
Precinct,915 - Virginia Run (CD 10),575,703,6,1284,0
Precinct,916 - Waples Mill (CD 10),1256,925,7,2188,0
Precinct,917 - Stone North (CD 10),462,305,4,771,0
Precinct,918 - Centreville (CD 11),859,554,4,1417,0
Precinct,919 - Green Trails (CD 11),827,515,4,1346,0
Precinct,920 - Chantilly (CD 10),649,421,4,1074,0
Precinct,921 - Deer Park (CD 10),724,724,5,1453,0
Precinct,923 - Bull Run (CD 10),448,549,2,999,0
Precinct,924 - London Towne #2 (CD 11),153,50,0,203,0
Precinct,925 - Old Mill (CD 10),425,303,3,731,0
Precinct,926 - Powell (CD 11),777,471,3,1251,0
Precinct,927 - Lees Corner #1 (CD 10),444,281,3,728,0
Precinct,928 - Poplar Tree (CD 10),647,565,6,1218,0
Precinct,929 - Difficult Run (CD 10),172,169,1,342,0
Precinct,930 - Lees Corner #2 (CD 10),567,421,2,990,0
Precinct,931 - Carson (CD 10),504,310,1,815,0
Precinct,932 - Stone South (CD 10),314,208,3,525,0
Precinct,933 - Compton (CD 11),163,110,1,274,0
Precinct,Ab - Central Absentee Precinct (CD 10),3959,2781,26,6766,0
Precinct,Ab - Central Absentee Precinct (CD 11),7857,3601,42,11500,0
Precinct,Ab - Central Absentee Precinct (CD 8),5277,1867,20,7164,0
Precinct,Provisional (CD 10),34,18,0,52,0
Precinct,Provisional (CD 11),68,42,0,110,0
Precinct,Provisional (CD 8),67,35,0,102,0
Locality,Falls Church City,3695,1159,20,4874,0
Precinct,1 - First Ward,1116,374,9,1499,0
Precinct,2 - Second Ward,828,244,6,1078,0
Precinct,3 - Third Ward,1150,395,3,1548,0
Precinct,Ab - Central Absentee Precinct,594,144,2,740,0
Precinct,Provisional,7,2,0,9,0
Locality,Fauquier County,8468,12267,51,20786,0
Precinct,101 - Kettle Run (CD 5),211,354,2,567,0
Precinct,102 - Catlett (CD 1),371,824,1,1196,0
Precinct,103 - Casanova (CD 5),247,320,0,567,0
Precinct,104 - Lois (CD 1),159,376,1,536,0
Precinct,105 - Opal (CD 5),158,352,1,511,0
Precinct,106 - Baldwin Ridge (CD 5),282,443,1,726,0
Precinct,201 - Courthouse (CD 5),588,711,4,1303,0
Precinct,202 - Airlie (CD 5),496,646,1,1143,0
Precinct,203 - Warrenton (CD 5),593,633,4,1230,0
Precinct,301 - Morrisville (CD 1),274,517,3,794,0
Precinct,302 - Remington (CD 5),383,657,2,1042,0
Precinct,303 - Bealeton (CD 1),436,747,2,1185,0
Precinct,401 - Marshall (CD 5),489,689,2,1180,0
Precinct,402 - Leeds (CD 5),576,522,4,1102,0
Precinct,403 - Waterloo (CD 5),601,866,0,1467,0
Precinct,404 - Springs Valley (CD 5),255,336,1,592,0
Precinct,501 - The Plains (CD 5),535,449,8,992,0
Precinct,502 - New Baltimore (CD 5),407,717,3,1127,0
Precinct,503 - Broad Run (CD 5),434,685,2,1121,0
Precinct,504 - Vint Hill (CD 5),557,910,5,1472,0
Precinct,Ab - Central Absentee Precinct (CD 1),27,60,0,87,0
Precinct,Ab - Central Absentee Precinct (CD 5),387,450,4,841,0
Precinct,Provisional (CD 1),0,1,0,1,0
Precinct,Provisional (CD 5),2,2,0,4,0
Locality,Floyd County,1959,2516,8,4483,0
Precinct,101 - Locust Grove,351,504,1,856,0
Precinct,201 - Little River,440,485,2,927,0
Precinct,301 - Courthouse,433,424,2,859,0
Precinct,401 - Burks Fork,337,463,2,802,0
Precinct,501 - Indian Valley,258,511,0,769,0
Precinct,Ab - Central Absentee Precinct,139,127,1,267,0
Precinct,Provisional,1,2,0,3,0
Locality,Fluvanna County,3699,4034,15,7748,0
Precinct,101 - Palmyra,730,747,2,1479,0
Precinct,201 - Columbia,537,605,1,1143,0
Precinct,301 - Fork Union,586,526,3,1115,0
Precinct,401 - Cunningham,598,913,5,1516,0
Precinct,501 - Rivanna,940,910,4,1854,0
Precinct,Ab - Central Absentee Precinct,307,330,0,637,0
Precinct,Provisional,1,3,0,4,0
Locality,Franklin City,1526,752,6,2284,0
Precinct,101 - Precinct 1-1,262,288,1,551,0
Precinct,201 - Precinct 2-1,221,206,3,430,0
Precinct,301 - Precinct 3-1,301,31,0,332,0
Precinct,401 - Precinct 4-1,223,22,1,246,0
Precinct,501 - Precinct 5-1,231,13,0,244,0
Precinct,601 - Precinct 6-1,227,159,1,387,0
Precinct,Ab - Central Absentee Precinct,61,32,0,93,0
Precinct,Provisional,0,1,0,1,0
Locality,Franklin County,6513,9360,35,15908,0
Precinct,102 - Burnt Chimney,361,688,2,1051,0
Precinct,103 - Scruggs,670,1282,8,1960,0
Precinct,201 - Glade Hill,353,513,3,869,0
Precinct,202 - Penhook,311,476,1,788,0
Precinct,203 - Hodgesville,58,80,0,138,0
Precinct,204 - Dudley,233,327,2,562,0
Precinct,301 - Snow Creek,194,257,1,452,0
Precinct,302 - Fork Mountain,148,213,2,363,0
Precinct,303 - Sontag,380,324,0,704,0
Precinct,304 - Dickinson,213,142,0,355,0
Precinct,401 - Henry,179,443,1,623,0
Precinct,402 - Ferrum,173,221,0,394,0
Precinct,403 - Endicott,160,244,2,406,0
Precinct,501 - Waidsboro,216,279,1,496,0
Precinct,502 - Callaway,260,423,3,686,0
Precinct,503 - Bowmans,153,237,0,390,0
Precinct,504 - Gogginsville,226,394,1,621,0
Precinct,601 - Boones Mill,377,585,3,965,0
Precinct,602 - Bonbrook,310,480,2,792,0
Precinct,603 - Coopers Cove,200,421,0,621,0
Precinct,701 - Rocky Mount East,417,415,1,833,0
Precinct,702 - Rocky Mount West,338,295,1,634,0
Precinct,703 - Rocky Mount South,297,262,1,560,0
Precinct,Ab - Central Absentee Precinct,284,359,0,643,0
Precinct,Provisional,2,0,0,2,0
Locality,Frederick County,7328,12890,52,20270,0
Precinct,101 - Russells,265,613,1,879,0
Precinct,102 - Gore,283,580,2,865,0
Precinct,103 - Kernstown,476,761,3,1240,0
Precinct,104 - Cedar Creek,218,423,1,642,0
Precinct,201 - Gainesborough,155,420,3,578,0
Precinct,202 - Albin,354,604,1,959,0
Precinct,203 - Redland,346,731,3,1080,0
Precinct,204 - Nain,352,638,1,991,0
Precinct,301 - Clear Brook,179,368,1,548,0
Precinct,302 - Neff's Town,349,533,1,883,0
Precinct,303 - White Hall,489,856,2,1347,0
Precinct,401 - Carpers Valley,442,642,3,1087,0
Precinct,402 - Shenandoah,179,363,1,543,0
Precinct,403 - Parkin's Mill,294,570,2,866,0
Precinct,404 - Armel,330,614,1,945,0
Precinct,501 - Stephens City,394,607,5,1006,0
Precinct,502 - Newtown,379,706,5,1090,0
Precinct,503 - Canterburg,377,633,6,1016,0
Precinct,601 - Millbrook,260,443,4,707,0
Precinct,602 - Ash Hollow,371,510,2,883,0
Precinct,603 - Greenwood,558,830,1,1389,0
Precinct,Ab - Central Absentee Precinct,275,441,3,719,0
Precinct,Provisional,3,4,0,7,0
Locality,Fredericksburg City,3844,2107,17,5968,0
Precinct,101 - Precinct 1 - District One,783,604,2,1389,0
Precinct,201 - Precinct 1 - District Two,1150,511,4,1665,0
Precinct,301 - Precinct 1 - District Three,807,573,6,1386,0
Precinct,401 - Precinct 1 - District Four,632,166,0,798,0
Precinct,402 - Precinct 2 - District Four,264,129,4,397,0
Precinct,Ab - Central Absentee Precinct,205,115,1,321,0
Precinct,Provisional,3,9,0,12,0
Locality,Galax City,544,706,3,1253,0
Precinct,1 - East,235,306,2,543,0
Precinct,2 - North,152,186,0,338,0
Precinct,3 - South,128,177,1,306,0
Precinct,Ab - Central Absentee Precinct,29,37,0,66,0
Precinct,Provisional,0,0,0,0,0
Locality,Giles County,2106,2658,7,4771,0
Precinct,101 - Glen Lyn,26,35,0,61,0
Precinct,102 - Rich Creek,89,183,0,272,0
Precinct,103 - Narrows,343,445,3,791,0
Precinct,201 - Pearisburg,513,690,0,1203,0
Precinct,202 - Staffordsville,78,137,0,215,0
Precinct,203 - White Gate,44,105,0,149,0
Precinct,301 - Eggleston,180,208,2,390,0
Precinct,302 - Pembroke,425,474,1,900,0
Precinct,303 - Newport,303,248,1,552,0
Precinct,Ab - Central Absentee Precinct,105,132,0,237,0
Precinct,Provisional,0,1,0,1,0
Locality,Gloucester County,4738,6343,15,11096,0
Precinct,101 - Harcum,341,446,1,788,0
Precinct,102 - Salem,253,382,0,635,0
Precinct,103 - Peasley,166,346,1,513,0
Precinct,201 - Courthouse,432,460,2,894,0
Precinct,202 - Botetourt,558,704,0,1262,0
Precinct,301 - White Marsh,403,579,4,986,0
Precinct,302 - Roanes,478,701,0,1179,0
Precinct,401 - Hayes,405,566,1,972,0
Precinct,402 - Sarahs Creek,474,529,2,1005,0
Precinct,501 - Achilles,606,931,4,1541,0
Precinct,502 - Walker,433,480,0,913,0
Precinct,Ab - Central Absentee Precinct,187,216,0,403,0
Precinct,Provisional,2,3,0,5,0
Locality,Goochland County,4262,4669,53,8984,0
Precinct,101 - Fife,286,299,3,588,0
Precinct,102 - Hadensville,439,504,4,947,0
Precinct,201 - Three Square,182,105,0,287,0
Precinct,202 - Sandy Hook,635,606,6,1247,0
Precinct,301 - Goochland Court House 1,423,422,5,850,0
Precinct,302 - Goochland Court House 2,151,211,3,365,0
Precinct,401 - Shallow Well,448,399,8,855,0
Precinct,402 - Centerville,478,658,4,1140,0
Precinct,501 - Manakin,635,785,8,1428,0
Precinct,502 - Blair Road,381,419,8,808,0
Precinct,Ab - Central Absentee Precinct,204,260,4,468,0
Precinct,Provisional,0,1,0,1,0
Locality,Grayson County,1709,2962,0,4671,0
Precinct,101 - Bridle Creek,91,114,0,205,0
Precinct,102 - Flatridge,52,78,0,130,0
Precinct,103 - Grant,95,123,0,218,0
Precinct,104 - Mouth Of Wilson,53,78,0,131,0
Precinct,105 - Mount Rogers,43,107,0,150,0
Precinct,106 - Rugby,54,99,0,153,0
Precinct,107 - Troutdale,27,77,0,104,0
Precinct,108 - Comers Rock,53,99,0,152,0
Precinct,202 - Elk Creek,114,182,0,296,0
Precinct,203 - Independence,322,530,0,852,0
Precinct,301 - Baywood,161,305,0,466,0
Precinct,302 - Fairview,176,394,0,570,0
Precinct,401 - Fries,107,134,0,241,0
Precinct,402 - Providence,157,340,0,497,0
Precinct,403 - Oldtown,94,130,0,224,0
Precinct,Ab - Central Absentee Precinct,110,172,0,282,0
Locality,Greene County,1905,3301,19,5225,0
Precinct,101 - Dyke,162,343,0,505,0
Precinct,102 - Swift Run,209,405,2,616,0
Precinct,201 - Ruckersville,442,652,7,1101,0
Precinct,301 - Stanardsville,397,791,3,1191,0
Precinct,401 - Midway,564,908,6,1478,0
Precinct,Ab - Central Absentee Precinct,131,200,1,332,0
Precinct,Provisional,0,2,0,2,0
Locality,Greensville County,1943,879,3,2825,0
Precinct,101 - Precinct 1-a,211,79,1,291,0
Precinct,102 - Precinct 1-b,71,48,0,119,0
Precinct,103 - Precinct 1-c,139,25,0,164,0
Precinct,201 - Precinct 2-a,287,81,0,368,0
Precinct,202 - Precinct 2-b,239,182,0,421,0
Precinct,302 - Precinct 3-a,564,224,2,790,0
Precinct,401 - Precinct 4-a,119,88,0,207,0
Precinct,402 - Precinct 4-b,231,85,0,316,0
Precinct,403 - Precinct 4-c,81,66,0,147,0
Precinct,Provisional,1,1,0,2,0
Locality,Halifax County,4722,4764,20,9506,0
Precinct,101 - Childrey,214,214,1,429,0
Precinct,102 - Liberty,114,99,0,213,0
Precinct,103 - Republican Grove,237,181,1,419,0
Precinct,201 - Clays Mill,146,189,2,337,0
Precinct,202 - Crossroads,161,141,0,302,0
Precinct,203 - Clover,257,199,0,456,0
Precinct,302 - Meadville,138,61,0,199,0
Precinct,304 - Vernon Hill,172,163,2,337,0
Precinct,305 - Sinai,382,206,1,589,0
Precinct,401 - Courthouse,390,263,1,654,0
Precinct,403 - Center,266,382,1,649,0
Precinct,502 - Dan River,312,465,0,777,0
Precinct,503 - Scottsburg,130,232,1,363,0
Precinct,601 - Black Walnut,197,243,0,440,0
Precinct,603 - Mt Carmel,328,313,3,644,0
Precinct,605 - Union,89,116,0,205,0
Precinct,701 - Hyco,207,374,0,581,0
Precinct,702 - Midway,117,294,1,412,0
Precinct,703 - Virgilina,94,203,1,298,0
Precinct,801 - South Boston East,358,159,4,521,0
Precinct,802 - South Boston West,265,99,0,364,0
Precinct,Ab - Central Absentee Precinct,146,165,1,312,0
Precinct,Provisional,2,3,0,5,0
Locality,Hampton City,25828,10497,90,36415,0
Precinct,101 - Aberdeen (CD 3),896,150,3,1049,0
Precinct,102 - Bassette (CD 3),1130,86,1,1217,0
Precinct,103 - City Hall (CD 3),575,119,2,696,0
Precinct,104 - Cooper (CD 3),1210,186,1,1397,0
Precinct,105 - East Hampton (CD 3),446,159,0,605,0
Precinct,106 - Armstrong (CD 3),898,424,5,1327,0
Precinct,107 - Lindsay (CD 3),952,189,2,1143,0
Precinct,108 - Thomas (CD 3),1162,157,6,1325,0
Precinct,109 - Phenix (CD 3),1320,107,5,1432,0
Precinct,110 - Phoebus (CD 3),217,118,0,335,0
Precinct,111 - Hampton Library (CD 3),360,191,0,551,0
Precinct,112 - Smith (CD 3),1191,357,4,1552,0
Precinct,115 - Wythe (CD 3),481,313,3,797,0
Precinct,116 - Jones (CD 3),492,116,1,609,0
Precinct,117 - Kecoughtan (CD 3),739,253,2,994,0
Precinct,118 - Mallory (CD 3),1388,186,1,1575,0
Precinct,201 - Booker (CD 2),819,653,4,1476,0
Precinct,202 - Bryan (CD 2),762,494,3,1259,0
Precinct,203 - Burbank (CD 2),525,347,2,874,0
Precinct,204 - Forrest (CD 3),725,339,4,1068,0
Precinct,205 - Asbury (CD 2),934,1055,6,1995,0
Precinct,208 - Kraft (CD 3),1198,696,3,1897,0
Precinct,209 - Langley (CD 2),652,471,5,1128,0
Precinct,210 - Machen (CD 3),4,5,0,9,0
Precinct,210 - Machen (CD 2),1250,382,4,1636,0
Precinct,212 - Bethel (CD 3),1486,525,1,2012,0
Precinct,213 - Phillips (CD 2),1114,938,5,2057,0
Precinct,214 - Tucker Capps (CD 3),900,524,4,1428,0
Precinct,215 - Tyler (CD 3),248,67,1,316,0
Precinct,216 - Sandy Bottom (CD 2),613,292,6,911,0
Precinct,217 - Syms (CD 2),362,292,3,657,0
Precinct,Ab - Central Absentee Precinct (CD 2),227,151,2,380,0
Precinct,Ab - Central Absentee Precinct (CD 3),533,146,1,680,0
Precinct,Provisional (CD 2),7,6,0,13,0
Precinct,Provisional (CD 3),12,3,0,15,0
Locality,Hanover County,15820,22143,240,38203,0
Precinct,101 - Ashland,592,294,5,891,0
Precinct,104 - Sliding Hill,529,539,7,1075,0
Precinct,105 - Berkley,536,260,4,800,0
Precinct,106 - Kersey Creek,294,377,3,674,0
Precinct,107 - Chickahominy,418,524,7,949,0
Precinct,201 - Beaverdam,515,904,6,1425,0
Precinct,202 - Blunts,320,351,3,674,0
Precinct,203 - Wilmington Parish,466,604,3,1073,0
Precinct,206 - Courthouse,295,313,4,612,0
Precinct,208 - Oak Knoll,341,529,8,878,0
Precinct,209 - West Hanover,125,152,1,278,0
Precinct,210 - Oak Hill,142,209,2,353,0
Precinct,301 - Clay,522,802,7,1331,0
Precinct,303 - Shady Grove,472,657,6,1135,0
Precinct,304 - Atlee,892,1199,18,2109,0
Precinct,305 - Cool Spring,536,712,8,1256,0
Precinct,401 - Battlefield,445,953,7,1405,0
Precinct,403 - Cold Harbor,626,973,13,1612,0
Precinct,404 - Black Creek,436,1001,8,1445,0
Precinct,405 - Pebble Creek,322,487,8,817,0
Precinct,406 - Beaverdam Creek,108,151,1,260,0
Precinct,502 - Rural Point,472,730,8,1210,0
Precinct,503 - Newman,413,548,7,968,0
Precinct,504 - Studley,234,581,2,817,0
Precinct,505 - Totopotomoy,235,441,2,678,0
Precinct,506 - Georgetown,351,562,10,923,0
Precinct,507 - Laurel Meadow,403,675,9,1087,0
Precinct,601 - Village,689,1062,14,1765,0
Precinct,602 - Lee Davis,473,746,4,1223,0
Precinct,603 - Mechanicsville,359,451,5,815,0
Precinct,604 - Hanover Grove,329,453,6,788,0
Precinct,701 - Farrington,482,722,6,1210,0
Precinct,702 - Montpelier,512,602,7,1121,0
Precinct,703 - Rockville,474,706,5,1185,0
Precinct,704 - Elmont,589,749,14,1352,0
Precinct,705 - South Anna,272,379,2,653,0
Precinct,Ab - Central Absentee Precinct,595,743,10,1348,0
Precinct,Provisional,6,2,0,8,0
Locality,Harrisonburg City,4349,3499,31,7879,0
Precinct,101 - Northeast,638,481,4,1123,0
Precinct,102 - East Central,689,382,7,1078,0
Precinct,103 - Southeast,504,446,4,954,0
Precinct,104 - East,461,427,7,895,0
Precinct,201 - Northwest,618,567,5,1190,0
Precinct,202 - Southwest,654,547,3,1204,0
Precinct,203 - West,589,471,0,1060,0
Precinct,Ab - Central Absentee Precinct,194,177,1,372,0
Precinct,Provisional,2,1,0,3,0
Locality,Henrico County,64209,36761,603,101573,0
Precinct,101 - Coalpit (CD 7),946,772,10,1728,0
Precinct,102 - Dumbarton (CD 7),1001,346,8,1355,0
Precinct,103 - Glen Allen (CD 7),932,861,16,1809,0
Precinct,104 - Glenside (CD 7),644,169,4,817,0
Precinct,105 - Greendale (CD 7),434,281,4,719,0
Precinct,106 - Hermitage (CD 7),807,508,0,1315,0
Precinct,107 - Hilliard (CD 7),385,200,4,589,0
Precinct,108 - Hungary Creek (CD 7),1125,875,12,2012,0
Precinct,109 - Hunton (CD 7),212,264,1,477,0
Precinct,110 - Johnson (CD 7),243,150,7,400,0
Precinct,111 - Lakeside (CD 7),665,460,5,1130,0
Precinct,112 - Longan (CD 7),711,576,9,1296,0
Precinct,113 - Maude Trevvett (CD 7),363,242,2,607,0
Precinct,114 - Monument Hills (CD 7),337,235,4,576,0
Precinct,115 - Staples Mill (CD 7),1114,921,14,2049,0
Precinct,116 - Summit Court (CD 7),367,258,6,631,0
Precinct,117 - Westwood (CD 7),608,324,14,946,0
Precinct,201 - Adams (CD 3),845,66,1,912,0
Precinct,202 - Azalea (CD 3),1154,140,4,1298,0
Precinct,203 - Belmont (CD 7),768,315,5,1088,0
Precinct,204 - Brookland (CD 7),201,102,5,308,0
Precinct,205 - Canterbury (CD 7),358,156,6,520,0
Precinct,206 - Central Gardens (CD 3),1284,69,0,1353,0
Precinct,207 - Chamberlayne (CD 7),1137,303,4,1444,0
Precinct,208 - Fairfield (CD 3),903,73,2,978,0
Precinct,209 - Glen Lea (CD 3),663,126,2,791,0
Precinct,210 - Greenwood (CD 7),634,125,1,760,0
Precinct,211 - Highland Gardens (CD 3),719,69,3,791,0
Precinct,212 - Hollybrook (CD 7),304,101,2,407,0
Precinct,213 - Hungary (CD 7),659,128,2,789,0
Precinct,214 - Longdale (CD 7),484,231,3,718,0
Precinct,215 - Maplewood (CD 3),1311,83,1,1395,0
Precinct,216 - Moody (CD 7),313,190,2,505,0
Precinct,217 - Mountain (CD 7),191,129,3,323,0
Precinct,218 - Oakview (CD 7),42,30,0,72,0
Precinct,219 - Randolph (CD 7),163,27,1,191,0
Precinct,220 - Ratcliffe (CD 3),1531,88,2,1621,0
Precinct,221 - Stratford Hall (CD 7),98,59,2,159,0
Precinct,222 - Wilder (CD 3),933,190,4,1127,0
Precinct,223 - Yellow Tavern (CD 7),978,534,7,1519,0
Precinct,301 - Causeway (CD 7),489,439,6,934,0
Precinct,302 - Cedarfield (CD 7),755,584,8,1347,0
Precinct,303 - Innsbrook (CD 7),658,569,9,1236,0
Precinct,304 - Jackson Davis (CD 7),429,364,2,795,0
Precinct,305 - Nuckols Farm (CD 7),824,894,11,1729,0
Precinct,306 - Pocahontas (CD 7),583,476,8,1067,0
Precinct,307 - Ridge (CD 7),399,359,7,765,0
Precinct,308 - Rivers Edge (CD 7),629,737,10,1376,0
Precinct,309 - Sadler (CD 7),541,549,10,1100,0
Precinct,310 - Shady Grove (CD 7),702,897,11,1610,0
Precinct,311 - Short Pump (CD 7),704,720,6,1430,0
Precinct,312 - Springfield (CD 7),443,366,3,812,0
Precinct,313 - Stoney Run (CD 7),1022,880,19,1921,0
Precinct,314 - Three Chopt (CD 7),722,583,10,1315,0
Precinct,315 - Tucker (CD 7),848,361,6,1215,0
Precinct,401 - Byrd (CD 7),853,618,10,1481,0
Precinct,402 - Crestview (CD 7),570,386,6,962,0
Precinct,403 - Derbyshire (CD 7),564,522,13,1099,0
Precinct,404 - Freeman (CD 7),499,392,6,897,0
Precinct,405 - Gayton (CD 7),961,857,18,1836,0
Precinct,406 - Godwin (CD 7),779,535,12,1326,0
Precinct,407 - Lakewood (CD 7),574,491,6,1071,0
Precinct,408 - Lauderdale (CD 7),681,499,8,1188,0
Precinct,409 - Maybeury (CD 7),766,607,12,1385,0
Precinct,410 - Mooreland (CD 7),439,480,10,929,0
Precinct,411 - Pemberton (CD 7),578,394,5,977,0
Precinct,412 - Pinchbeck (CD 7),761,635,6,1402,0
Precinct,413 - Ridgefield (CD 7),815,736,13,1564,0
Precinct,414 - Rollingwood (CD 7),646,431,14,1091,0
Precinct,415 - Skipwith (CD 7),428,292,7,727,0
Precinct,416 - Spottswood (CD 7),348,233,10,591,0
Precinct,417 - Tuckahoe (CD 7),1072,974,24,2070,0
Precinct,418 - Welborne (CD 7),452,343,3,798,0
Precinct,419 - West End (CD 7),714,595,11,1320,0
Precinct,501 - Antioch (CD 3),381,627,3,1011,0
Precinct,502 - Cedar Fork (CD 3),482,87,3,572,0
Precinct,503 - Chickahominy (CD 3),634,559,5,1198,0
Precinct,504 - Donahoe (CD 3),484,205,1,690,0
Precinct,505 - Dorey (CD 3),712,565,0,1277,0
Precinct,506 - Eanes (CD 3),685,201,1,887,0
Precinct,507 - Elko (CD 3),133,251,6,390,0
Precinct,508 - Highland Springs (CD 3),708,166,4,878,0
Precinct,509 - Laburnum (CD 3),657,220,1,878,0
Precinct,510 - Mehfoud (CD 3),731,253,2,986,0
Precinct,511 - Montrose (CD 3),1558,237,4,1799,0
Precinct,512 - Nine Mile (CD 3),318,170,5,493,0
Precinct,513 - Pleasants (CD 3),1179,154,3,1336,0
Precinct,514 - Rolfe (CD 3),2130,231,3,2364,0
Precinct,515 - Sandston (CD 3),402,538,11,951,0
Precinct,516 - Sullivans (CD 3),678,279,3,960,0
Precinct,517 - Town Hall (CD 3),269,267,5,541,0
Precinct,518 - Whitlocks (CD 3),541,570,6,1117,0
Precinct,Ab - Central Absentee Precinct (CD 3),827,211,6,1044,0
Precinct,Ab - Central Absentee Precinct (CD 7),1779,1326,29,3134,0
Precinct,Provisional (CD 3),35,7,0,42,0
Precinct,Provisional (CD 7),71,63,0,134,0
Locality,Henry County,5709,7321,25,13055,0
Precinct,101 - Bassett Number Two (CD 9),144,120,1,265,0
Precinct,102 - Gunville (CD 9),170,319,0,489,0
Precinct,103 - Scott's Tanyard (CD 9),315,587,1,903,0
Precinct,201 - Fieldale (CD 9),150,177,1,328,0
Precinct,202 - Horsepasture #1 (CD 9),244,327,4,575,0
Precinct,203 - Horsepasture #2 (CD 9),410,120,2,532,0
Precinct,204 - Spencer (CD 9),238,370,1,609,0
Precinct,302 - Axton (CD 5),247,196,2,445,0
Precinct,303 - Irisburg (CD 5),365,363,0,728,0
Precinct,304 - Mount Olivet (CD 5),560,394,0,954,0
Precinct,304 - Mount Olivet (CD 9),2,0,0,2,0
Precinct,305 - Mountain Valley (CD 5),202,192,0,394,0
Precinct,401 - Collinsville Number 1 (CD 9),165,249,1,415,0
Precinct,402 - Daniels Creek (CD 9),134,252,1,387,0
Precinct,404 - Collinsville Number 2 (CD 9),320,468,1,789,0
Precinct,405 - Mountain View (CD 5),223,224,0,447,0
Precinct,501 - Bassett Number One (CD 9),170,159,1,330,0
Precinct,502 - Figsboro (CD 9),197,310,1,508,0
Precinct,503 - Stanleytown (CD 9),245,493,1,739,0
Precinct,504 - Oak Level (CD 9),103,172,1,276,0
Precinct,505 - Dyers Store (CD 5),10,27,0,37,0
Precinct,505 - Dyers Store (CD 9),132,155,0,287,0
Precinct,601 - Fontaine (CD 9),223,413,3,639,0
Precinct,602 - Hillcrest (CD 9),126,125,0,251,0
Precinct,603 - Ridgeway #1 (CD 5),234,439,0,673,0
Precinct,604 - Ridgeway #2 (CD 9),198,357,3,558,0
Precinct,Ab - Central Absentee Precinct (CD 5),51,81,0,132,0
Precinct,Ab - Central Absentee Precinct (CD 9),130,232,0,362,0
Precinct,Provisional (CD 5),0,0,0,0,0
Precinct,Provisional (CD 9),1,0,0,1,0
Locality,Highland County,369,506,0,875,0
Precinct,1 - Monterey,154,146,0,300,0
Precinct,3 - Wilsons Mill,29,34,0,63,0
Precinct,5 - Blue Grass,51,101,0,152,0
Precinct,7 - Mill Gap,45,61,0,106,0
Precinct,8 - Mcdowell,75,124,0,199,0
Precinct,10 - Headwaters,15,40,0,55,0
Locality,Hopewell City,3015,2163,16,5194,0
Precinct,101 - Ward One,314,252,2,568,0
Precinct,201 - Ward Two,399,73,0,472,0
Precinct,301 - Ward Three,404,586,5,995,0
Precinct,401 - Ward Four,552,443,3,998,0
Precinct,501 - Ward Five,356,414,3,773,0
Precinct,601 - Ward Six,462,67,0,529,0
Precinct,701 - Ward Seven,398,196,1,595,0
Precinct,Ab - Central Absentee Precinct,130,132,2,264,0
Locality,Isle of Wight County,5721,6303,31,12055,0
Precinct,101 - Smithfield,703,809,4,1516,0
Precinct,102 - Cypress Creek,503,661,1,1165,0
Precinct,201 - Bartlett,626,824,2,1452,0
Precinct,202 - Carrollton,577,710,3,1290,0
Precinct,301 - Rushmere,643,432,4,1079,0
Precinct,302 - Pons,732,352,3,1087,0
Precinct,401 - Courthouse,164,272,1,437,0
Precinct,402 - Windsor,360,485,3,848,0
Precinct,403 - Longview,342,400,2,744,0
Precinct,501 - Walters,184,304,1,489,0
Precinct,502 - Camps Mill,151,92,0,243,0
Precinct,503 - Carrsville,174,151,0,325,0
Precinct,504 - Zuni,232,355,3,590,0
Precinct,505 - Raynor,127,201,3,331,0
Precinct,Ab - Central Absentee Precinct,198,254,1,453,0
Precinct,Provisional,5,1,0,6,0
Locality,James City County,13450,13168,72,26690,0
Precinct,101 - Berkeley A,1152,1089,7,2248,0
Precinct,102 - Berkeley B,563,554,7,1124,0
Precinct,103 - Berkeley C,891,1234,4,2129,0
Precinct,201 - Jamestown A,281,184,2,467,0
Precinct,202 - Jamestown B,763,550,5,1318,0
Precinct,203 - Jamestown C,605,573,3,1181,0
Precinct,204 - Jamestown D,961,1054,2,2017,0
Precinct,301 - Powhatan A,895,976,5,1876,0
Precinct,302 - Powhatan B,280,232,0,512,0
Precinct,303 - Powhatan C,282,364,0,646,0
Precinct,304 - Powhatan D,827,588,4,1419,0
Precinct,401 - Stonehouse A,613,750,4,1367,0
Precinct,402 - Stonehouse B,1051,1022,7,2080,0
Precinct,403 - Stonehouse C,677,878,3,1558,0
Precinct,501 - Roberts A,464,175,3,642,0
Precinct,502 - Roberts B,926,995,3,1924,0
Precinct,503 - Roberts C,175,72,1,248,0
Precinct,504 - Roberts D,935,766,7,1708,0
Precinct,Ab - Central Absentee Precinct,1092,1098,5,2195,0
Precinct,Provisional,17,14,0,31,0
Locality,King and Queen County,1166,983,3,2152,0
Precinct,101 - Owenton,266,107,0,373,0
Precinct,201 - Clarks,202,230,0,432,0
Precinct,301 - Shacklefords,205,208,1,414,0
Precinct,401 - Courthouse,286,180,1,467,0
Precinct,501 - Oldmill,146,208,0,354,0
Precinct,Ab - Central Absentee Precinct,61,50,1,112,0
Precinct,Provisional,0,0,0,0,0
Locality,King George County,2667,3897,16,6580,0
Precinct,101 - Courthouse,396,628,2,1026,0
Precinct,102 - Passapatanzy,226,315,0,541,0
Precinct,201 - Monroe,613,1129,4,1746,0
Precinct,301 - Dahlgren,663,786,3,1452,0
Precinct,401 - Shiloh,622,852,5,1479,0
Precinct,Ab - Central Absentee Precinct,147,185,2,334,0
Precinct,Provisional,0,2,0,2,0
Locality,King William County,2274,2861,21,5156,0
Precinct,101 - West Point,484,542,7,1033,0
Precinct,201 - Sweet Hall,143,208,2,353,0
Precinct,202 - Courthouse,367,278,2,647,0
Precinct,301 - Aylett,335,581,3,919,0
Precinct,401 - Manquin,382,609,2,993,0
Precinct,501 - Mangohick,500,554,4,1058,0
Precinct,Ab - Central Absentee Precinct,62,89,1,152,0
Precinct,Provisional,1,0,0,1,0
Locality,Lancaster County,2358,2084,16,4458,0
Precinct,101 - Precinct 1-1,407,421,0,828,0
Precinct,201 - Precinct 2-1,424,273,3,700,0
Precinct,301 - Precinct 3-1,339,337,5,681,0
Precinct,302 - Precinct 3-2,154,151,1,306,0
Precinct,401 - Precinct 4-1,413,207,4,624,0
Precinct,501 - Precinct 5-1,477,519,2,998,0
Precinct,Ab - Central Absentee Precinct,141,173,1,315,0
Precinct,Provisional,3,3,0,6,0
Locality,Lee County,1229,3459,6,4694,0
Precinct,101 - Elydale,65,182,0,247,0
Precinct,102 - Ewing,49,176,0,225,0
Precinct,103 - Rose Hill,89,292,0,381,0
Precinct,201 - Blackwater,25,53,0,78,0
Precinct,202 - Flatwoods,74,283,0,357,0
Precinct,203 - Jonesville,154,412,1,567,0
Precinct,301 - Ben Hur,153,436,1,590,0
Precinct,302 - Woodway,97,282,1,380,0
Precinct,401 - Stickleyville,59,161,0,220,0
Precinct,402 - Jasper,56,95,1,152,0
Precinct,403 - Seminary,41,181,0,222,0
Precinct,404 - Dryden,95,253,0,348,0
Precinct,501 - Saint Charles,73,80,0,153,0
Precinct,502 - Pennington,94,317,1,412,0
Precinct,503 - Robbins Chapel,5,53,0,58,0
Precinct,504 - Keokee,38,63,0,101,0
Precinct,Ab - Central Absentee Precinct,62,140,1,203,0
Precinct,Provisional,0,0,0,0,0
Locality,Lexington City,1058,428,5,1491,0
Precinct,1 - Lexington,987,400,5,1392,0
Precinct,Ab - Central Absentee Precinct,71,27,0,98,0
Precinct,Provisional,0,1,0,1,0
Locality,Loudoun County,48164,40062,265,88491,0
Precinct,107 - Little River,971,889,6,1866,0
Precinct,108 - Mercer,529,439,1,969,0
Precinct,112 - Freedom,745,592,1,1338,0
Precinct,114 - Dulles South,257,232,1,490,0
Precinct,117 - Carter,808,394,4,1206,0
Precinct,118 - Moorefield,389,243,3,635,0
Precinct,119 - Arcola,554,428,6,988,0
Precinct,120 - Lunsford,548,438,1,987,0
Precinct,121 - Town Hall,388,342,4,734,0
Precinct,122 - Hutchison Farm,608,532,8,1148,0
Precinct,207 - River Bend,484,400,0,884,0
Precinct,208 - Algonkian,469,357,0,826,0
Precinct,209 - Potomac Falls,611,458,4,1073,0
Precinct,210 - Cascades,749,514,6,1269,0
Precinct,213 - Countryside,253,175,1,429,0
Precinct,214 - Sugarland North,800,623,4,1427,0
Precinct,215 - Sugarland South,688,485,6,1179,0
Precinct,216 - Lowes Island,578,496,3,1077,0
Precinct,217 - South Bank,683,501,4,1188,0
Precinct,218 - University Center,366,245,1,612,0
Precinct,219 - Galilee Church,445,315,4,764,0
Precinct,301 - Purcellville,671,692,1,1364,0
Precinct,302 - Round Hill,502,603,2,1107,0
Precinct,303 - Hillsboro,490,578,5,1073,0
Precinct,305 - Philomont,240,327,3,570,0
Precinct,307 - Middleburg,334,215,2,551,0
Precinct,308 - St Louis,352,238,2,592,0
Precinct,309 - Aldie,274,211,1,486,0
Precinct,310 - Mountain View,532,695,8,1235,0
Precinct,311 - Round Hill Elementary,399,554,2,955,0
Precinct,312 - Briar Woods,634,704,2,1340,0
Precinct,313 - Pinebrook,397,305,1,703,0
Precinct,314 - Legacy,707,489,6,1202,0
Precinct,315 - Firehouse,200,232,1,433,0
Precinct,316 - Creighton's Corner,585,427,2,1014,0
Precinct,401 - West Lovettsville,573,710,2,1285,0
Precinct,402 - Waterford,550,607,2,1159,0
Precinct,403 - Lucketts,544,584,1,1129,0
Precinct,407 - Harper Park,866,922,4,1792,0
Precinct,408 - Evergreen,444,382,4,830,0
Precinct,409 - Clarkes Gap,578,662,7,1247,0
Precinct,411 - East Lovettsville,513,565,1,1079,0
Precinct,413 - Tuscarora,26,33,0,59,0
Precinct,414 - Red Rock,321,268,3,592,0
Precinct,416 - Hamilton,765,777,2,1544,0
Precinct,417 - Between The Hills,73,113,1,187,0
Precinct,419 - J. L. Simpson,478,629,0,1107,0
Precinct,501 - West Leesburg,726,469,4,1199,0
Precinct,502 - East Leesburg,660,382,0,1042,0
Precinct,503 - Dry Mill,375,283,5,663,0
Precinct,504 - Smarts Mill,666,433,4,1103,0
Precinct,505 - Cool Spring,646,613,4,1263,0
Precinct,506 - Brandon Park,337,231,2,570,0
Precinct,507 - Greenway,400,309,1,710,0
Precinct,508 - Balls Bluff,590,550,2,1142,0
Precinct,509 - Tolbert,546,342,0,888,0
Precinct,510 - Heritage,433,408,3,844,0
Precinct,615 - Hillside,599,478,2,1079,0
Precinct,616 - Eagle Ridge,765,664,2,1431,0
Precinct,617 - Oak Grove,224,84,3,311,0
Precinct,618 - Mill Run,386,309,2,697,0
Precinct,619 - Ridgetop,220,80,1,301,0
Precinct,620 - Russell Branch,669,482,7,1158,0
Precinct,621 - Dominion Trail,736,526,5,1267,0
Precinct,622 - Farmwell Station,825,563,4,1392,0
Precinct,623 - Weller,910,645,5,1560,0
Precinct,624 - Moorefield Station,109,78,0,187,0
Precinct,701 - Sully,593,417,7,1017,0
Precinct,702 - Park View,580,338,5,923,0
Precinct,703 - Rolling Ridge,634,333,3,970,0
Precinct,705 - Forest Grove,741,555,5,1301,0
Precinct,707 - Claude Moore Park,459,242,5,706,0
Precinct,708 - Seneca,546,437,2,985,0
Precinct,709 - Mirror Ridge,625,335,3,963,0
Precinct,710 - Sterling,464,323,3,790,0
Precinct,808 - Stone Bridge,774,628,4,1406,0
Precinct,810 - Cedar Lane,621,447,4,1072,0
Precinct,813 - Seldens Landing,417,271,1,689,0
Precinct,814 - Newton - Lee,576,590,2,1168,0
Precinct,815 - Belmont Ridge,742,455,1,1198,0
Precinct,817 - Sanders Corner,621,603,1,1225,0
Precinct,818 - Broad Run,480,417,3,900,0
Precinct,819 - Heritage Church,390,421,1,812,0
Precinct,820 - Belmont Station,443,380,1,824,0
Precinct,821 - Lansdowne,378,315,3,696,0
Precinct,Ab - Central Absentee Precinct,3253,2947,22,6222,0
Precinct,Provisional,34,59,0,93,0
Locality,Louisa County,4473,5333,22,9828,0
Precinct,101 - Zion,436,535,5,976,0
Precinct,102 - Mechanicsville,257,295,0,552,0
Precinct,201 - Louisa #1,266,320,4,590,0
Precinct,202 - Louisa #2,299,299,4,602,0
Precinct,301 - Patrick Henry No 1,642,433,0,1075,0
Precinct,302 - Patrick Henry #2,141,145,0,286,0
Precinct,401 - Mineral,412,599,1,1012,0
Precinct,402 - Yanceyville,158,157,3,318,0
Precinct,501 - Fredericks Hall,178,141,2,321,0
Precinct,502 - Cuckoo,199,302,1,502,0
Precinct,503 - Elk Creek,181,256,0,437,0
Precinct,601 - Bumpass,190,379,1,570,0
Precinct,602 - Locust Creek,266,473,1,740,0
Precinct,701 - Sheltons Mill,319,428,0,747,0
Precinct,702 - South Anna,267,321,0,588,0
Precinct,Ab - Central Absentee Precinct,260,246,0,506,0
Precinct,Provisional,2,4,0,6,0
Locality,Lunenburg County,1708,1536,8,3252,0
Precinct,101 - Plymouth,165,225,1,391,0
Precinct,201 - Browns Store,182,201,1,384,0
Precinct,301 - Rosebud,99,153,3,255,0
Precinct,302 - Flat Rock,128,121,0,249,0
Precinct,401 - Arrowhead Gun Club,72,104,1,177,0
Precinct,402 - Pleasant Grove,122,168,0,290,0
Precinct,501 - Reedy Creek,137,93,0,230,0
Precinct,502 - Peoples Community Center,210,83,1,294,0
Precinct,601 - Hounds Creek,269,127,0,396,0
Precinct,701 - Meherrin Fire Department,126,89,1,216,0
Precinct,702 - Victoria Public Library,123,130,0,253,0
Precinct,Ab - Central Absentee Precinct,75,42,0,117,0
Precinct,Provisional,0,0,0,0,0
Locality,Lynchburg City,9187,10296,49,19532,0
Precinct,101 - First Ward First Precinct,687,845,3,1535,0
Precinct,102 - First Ward Second Precinct,850,992,6,1848,0
Precinct,103 - First Ward Third Precinct,748,627,2,1377,0
Precinct,104 - First Ward Fourth Precinct,294,205,0,499,0
Precinct,105 - First Ward Fifth Precinct,487,368,3,858,0
Precinct,201 - Second Ward First Precinct,1032,296,5,1333,0
Precinct,202 - Second Ward Second Precinct,779,168,3,950,0
Precinct,203 - Second Ward Third Precinct,311,91,0,402,0
Precinct,204 - Second Ward Fourth Precinct,174,134,1,309,0
Precinct,301 - Third Ward First Precinct,293,290,2,585,0
Precinct,302 - Third Ward Second Precinct,26,1144,2,1172,0
Precinct,303 - Third Ward Third Precinct,298,447,0,745,0
Precinct,304 - Third Ward Fourth Precinct,254,435,1,690,0
Precinct,305 - Third Ward Fifth Precinct,436,864,2,1302,0
Precinct,401 - Fourth Ward First Precinct,592,1141,3,1736,0
Precinct,402 - Fourth Ward Second Precinct,300,459,5,764,0
Precinct,403 - Fourth Ward Third Precinct,513,820,4,1337,0
Precinct,404 - Fourth Ward Fourth Precinct,707,661,5,1373,0
Precinct,Ab - Central Absentee Precinct,406,302,1,709,0
Precinct,Provisional,0,7,1,8,0
Locality,Madison County,1692,2644,8,4344,0
Precinct,1 - Oak Park,202,249,0,451,0
Precinct,2 - Radiant,303,381,2,686,0
Precinct,3 - Rochelle,115,234,1,350,0
Precinct,4 - Graves Mill,10,30,0,40,0
Precinct,5 - Madison,309,515,0,824,0
Precinct,6 - Wolftown,192,260,1,453,0
Precinct,7 - Brightwood,242,499,3,744,0
Precinct,8 - Criglersville,129,252,1,382,0
Precinct,9 - Etlan,91,119,0,210,0
Precinct,Ab - Central Absentee Precinct,99,105,0,204,0
Precinct,Provisional,0,0,0,0,0
Locality,Manassas City,4278,3819,21,8118,0
Precinct,1 - Dean,980,1012,5,1997,0
Precinct,2 - Weems,670,613,6,1289,0
Precinct,3 - Metz,761,644,3,1408,0
Precinct,4 - Haydon,865,746,3,1614,0
Precinct,5 - Baldwin,793,590,4,1387,0
Precinct,Ab - Central Absentee Precinct,208,214,0,422,0
Precinct,Provisional,1,0,0,1,0
Locality,Manassas Park City,1212,873,4,2089,0
Precinct,1 - Precinct One,596,445,2,1043,0
Precinct,2 - Precinct Two,522,355,2,879,0
Precinct,Ab - Central Absentee Precinct,94,73,0,167,0
Locality,Martinsville City,1970,1335,13,3318,0
Precinct,1 - Precinct #1,300,20,0,320,0
Precinct,2 - Precinct #2,341,264,5,610,0
Precinct,3 - Precinct #3,237,132,2,371,0
Precinct,4 - Precinct #4,365,215,1,581,0
Precinct,5 - Precinct #5,482,623,4,1109,0
Precinct,6 - Precinct #6,163,9,0,172,0
Precinct,Ab - Central Absentee Precinct,82,72,1,155,0
Locality,Mathews County,1706,1755,4,3465,0
Precinct,1 - Chesapeake,307,394,2,703,0
Precinct,2 - Westville,594,551,0,1145,0
Precinct,3 - Piankatank,581,635,1,1217,0
Precinct,Ab - Central Absentee Precinct,224,174,1,399,0
Precinct,Provisional,0,1,0,1,0
Locality,Mecklenburg County,3242,4045,2,7289,0
Precinct,101 - Wrights Store,134,130,0,264,0
Precinct,102 - Pearsons Store,38,79,0,117,0
Precinct,103 - South Clarksville,195,210,0,405,0
Precinct,201 - Boydton,129,134,0,263,0
Precinct,202 - Bluestone Senior High School,62,29,0,91,0
Precinct,203 - Chase City Vfw Post,150,52,0,202,0
Precinct,301 - Bracey,173,352,0,525,0
Precinct,302 - Lacrosse,158,155,0,313,0
Precinct,401 - American Legion Hall,368,213,0,581,0
Precinct,402 - Park View Middle School,66,43,0,109,0
Precinct,501 - South Hill,347,419,0,766,0
Precinct,601 - Baskerville,122,195,0,317,0
Precinct,602 - Union Level,47,132,0,179,0
Precinct,603 - Smith Crossroads,55,100,0,155,0
Precinct,604 - Lake Gaston,51,89,0,140,0
Precinct,701 - Chase City,182,197,0,379,0
Precinct,702 - Sunshine,150,155,1,306,0
Precinct,801 - Finchley,46,85,0,131,0
Precinct,802 - Bluestone,144,261,0,405,0
Precinct,803 - Chase City Elementary School,122,175,0,297,0
Precinct,901 - Averett,19,72,0,91,0
Precinct,902 - Buffalo Springs,63,151,0,214,0
Precinct,903 - Clarksville,270,479,1,750,0
Precinct,Ab - Central Absentee Precinct,149,135,0,284,0
Precinct,Provisional,2,3,0,5,0
Locality,Middlesex County,1923,1891,5,3819,0
Precinct,101 - Saluda,144,131,0,275,0
Precinct,102 - Urbanna,244,228,1,473,0
Precinct,201 - New Market,372,483,0,855,0
Precinct,301 - Waterview,139,135,0,274,0
Precinct,302 - Church View,215,140,1,356,0
Precinct,401- Harmony Village,323,269,2,594,0
Precinct,501 - Wilton,383,400,1,784,0
Precinct,Ab - Central Absentee Precinct,103,105,0,208,0
Precinct,Provisional,0,0,0,0,0
Locality,Montgomery County,12767,10084,61,22912,0
Precinct,101 - Precinct A-1,815,525,2,1342,0
Precinct,102 - Precinct A-2,746,271,3,1020,0
Precinct,103 - Precinct A-3,1116,484,2,1602,0
Precinct,201 - Precinct B-1,82,50,1,133,0
Precinct,202 - Precinct B-2,674,553,2,1229,0
Precinct,203 - Precinct B-3,380,416,2,798,0
Precinct,204 - Precinct B-4,679,785,4,1468,0
Precinct,301 - Precinct C-1,390,562,2,954,0
Precinct,302 - Precinct C-2,453,575,2,1030,0
Precinct,303 - Precinct C-3,161,233,0,394,0
Precinct,304 - Precinct C-4,393,524,2,919,0
Precinct,401 - Precinct D-1,316,372,2,690,0
Precinct,402 - Precinct D-2,370,617,2,989,0
Precinct,403 - Precinct D-3,314,412,2,728,0
Precinct,404 - Precinct D-4,184,290,2,476,0
Precinct,405 - Precinct D-5,483,581,4,1068,0
Precinct,501 - Precinct E-1,496,361,5,862,0
Precinct,502 - Precinct E-2,360,389,0,749,0
Precinct,503 - Precinct E-3,456,227,5,688,0
Precinct,601 - Precinct F-1,908,391,4,1303,0
Precinct,602 - Precinct F-2,735,341,0,1076,0
Precinct,701 - Precinct G-1,1126,500,5,1631,0
Precinct,702 - Precinct G-2,500,219,6,725,0
Precinct,Ab - Central Absentee Precinct,616,398,2,1016,0
Precinct,Provisional,14,8,0,22,0
Locality,Nelson County,2971,2270,17,5258,0
Precinct,101 - Rockfish,635,476,3,1114,0
Precinct,201 - Lovingston,306,243,1,550,0
Precinct,202 - Schuyler,192,121,1,314,0
Precinct,301 - Shipman,367,291,3,661,0
Precinct,302 - Gladstone,72,49,0,121,0
Precinct,401 - Roseland,395,431,1,827,0
Precinct,402 - Montebello,31,37,1,69,0
Precinct,501 - Faber,236,150,1,387,0
Precinct,502 - Nellysford,568,383,5,956,0
Precinct,Ab - Central Absentee Precinct,163,87,1,251,0
Precinct,Provisional,6,2,0,8,0
Locality,New Kent County,2954,4223,42,7219,0
Precinct,102 - Tunstall,139,243,2,384,0
Precinct,103 - Southern Branch,336,677,4,1017,0
Precinct,201 - Quinton,422,514,5,941,0
Precinct,202 - Kentwood,243,375,7,625,0
Precinct,301 - Watkins,291,264,0,555,0
Precinct,302 - Cumberland,313,370,2,685,0
Precinct,401 - Providence Forge,440,602,8,1050,0
Precinct,403 - Mountcastle,179,243,2,424,0
Precinct,501 - Eltham,215,290,4,509,0
Precinct,502 - Chickahominy River,258,487,8,753,0
Precinct,Ab - Central Absentee Precinct,118,153,0,271,0
Precinct,Provisional,0,5,0,5,0
Locality,Newport News City,26732,15027,78,41837,0
Precinct,101 - Denbigh (CD 3),1069,321,2,1392,0
Precinct,102 - Epes (CD 3),899,287,1,1187,0
Precinct,103 - Jenkins (CD 3),782,462,2,1246,0
Precinct,104 - Mcintosh (CD 3),678,207,2,887,0
Precinct,105 - Oyster Point (CD 2),198,131,1,330,0
Precinct,106 - Reservoir (CD 3),975,504,2,1481,0
Precinct,107 - Richneck (CD 2),974,607,2,1583,0
Precinct,108 - Lee Hall (CD 3),751,287,1,1039,0
Precinct,109 - Windsor (CD 2),475,291,1,767,0
Precinct,110 - Greenwood (CD 1),822,250,1,1073,0
Precinct,201 - Bland (CD 3),148,76,0,224,0
Precinct,202 - Boulevard (CD 2),591,479,2,1072,0
Precinct,203 - Charles (CD 2),877,857,2,1736,0
Precinct,204 - Wellesley (CD 2),467,308,3,778,0
Precinct,205 - Deep Creek (CD 2),622,805,4,1431,0
Precinct,208 - Hidenwood (CD 2),479,482,2,963,0
Precinct,209 - Hilton (CD 2),640,506,3,1149,0
Precinct,210 - Nelson (CD 2),998,901,2,1901,0
Precinct,211 - Palmer (CD 1),51,31,0,82,0
Precinct,211 - Palmer (CD 2),592,365,3,960,0
Precinct,212 - Riverside (CD 2),438,408,3,849,0
Precinct,213 - Sanford (CD 2),244,350,2,596,0
Precinct,215 - Warwick (CD 2),414,260,3,677,0
Precinct,216 - Yates (CD 2),471,434,0,905,0
Precinct,217 - Riverview (CD 2),649,592,4,1245,0
Precinct,218 - Kiln Creek (CD 1),32,11,0,43,0
Precinct,218 - Kiln Creek (CD 2),1116,728,6,1850,0
Precinct,219 - Deer Park (CD 2),762,353,2,1117,0
Precinct,302 - Briarfield (CD 3),594,180,0,774,0
Precinct,303 - Carver (CD 3),437,115,1,553,0
Precinct,304 - Chestnut (CD 3),394,33,0,427,0
Precinct,305 - Downtown (CD 3),177,55,1,233,0
Precinct,306 - Dunbar (CD 3),112,8,0,120,0
Precinct,307 - Huntington (CD 3),327,21,0,348,0
Precinct,308 - Jefferson (CD 3),381,14,1,396,0
Precinct,309 - Magruder (CD 3),419,30,1,450,0
Precinct,310 - Marshall (CD 3),508,42,0,550,0
Precinct,311 - Newmarket (CD 3),797,258,3,1058,0
Precinct,312 - Newsome Park (CD 3),129,23,0,152,0
Precinct,313 - Reed (CD 3),760,41,2,803,0
Precinct,314 - River (CD 3),395,222,3,620,0
Precinct,315 - Sedgefield (CD 2),490,356,2,848,0
Precinct,316 - South Morrison (CD 3),623,352,1,976,0
Precinct,317 - Washington (CD 3),210,33,0,243,0
Precinct,318 - Wilson (CD 3),464,73,0,537,0
Precinct,319 - Saunders (CD 2),743,562,1,1306,0
Precinct,320 - Watkins (CD 2),808,853,1,1662,0
Precinct,Ab - Central Absentee Precinct (CD 1),15,8,1,24,0
Precinct,Ab - Central Absentee Precinct (CD 2),414,358,2,774,0
Precinct,Ab - Central Absentee Precinct (CD 3),305,83,2,390,0
Precinct,Provisional (CD 1),1,0,0,1,0
Precinct,Provisional (CD 2),9,9,0,18,0
Precinct,Provisional (CD 3),6,5,0,11,0
Locality,Norfolk City,34515,10394,130,45039,0
Precinct,101 - Granby (CD 3),956,337,5,1298,0
Precinct,102 - Ocean View School (CD 2),385,196,3,584,0
Precinct,103 - Northside (CD 2),560,311,3,874,0
Precinct,104 - Titustown (CD 3),378,45,0,423,0
Precinct,106 - Zion Grace (CD 2),922,332,2,1256,0
Precinct,201 - Old Dominion (CD 2),1224,453,7,1684,0
Precinct,203 - Ghent Square (CD 3),453,148,2,603,0
Precinct,207 - Lambert's Point (CD 3),761,82,2,845,0
Precinct,208 - Larchmont Library (CD 2),420,129,2,551,0
Precinct,210 - Maury (CD 3),808,227,6,1041,0
Precinct,211 - Chrysler Museum (CD 3),968,248,3,1219,0
Precinct,212 - Park Place (CD 3),580,36,2,618,0
Precinct,213 - Taylor Elementary School (CD 3),1020,275,5,1300,0
Precinct,214 - Stuart (CD 3),997,236,5,1238,0
Precinct,215 - Suburban Park (CD 2),583,318,1,902,0
Precinct,217 - Wesley (CD 3),426,163,1,590,0
Precinct,218 - Willard (CD 2),1107,532,7,1646,0
Precinct,301 - Ballentine (CD 3),777,114,2,893,0
Precinct,302 - Tanners Creek (CD 3),389,86,0,475,0
Precinct,303 - Bowling Park (CD 3),980,70,1,1051,0
Precinct,304 - Coleman Place School (CD 3),387,91,1,479,0
Precinct,305 - Lafayette-winona (CD 3),656,112,0,768,0
Precinct,306 - Lindenwood (CD 3),531,67,3,601,0
Precinct,309 - Norview (CD 3),1193,232,8,1433,0
Precinct,310 - Rosemont (CD 3),1177,61,2,1240,0
Precinct,311 - Sherwood (CD 3),949,373,10,1332,0
Precinct,313 - Union Chapel (CD 3),404,18,0,422,0
Precinct,402 - Berkley (CD 3),714,41,1,756,0
Precinct,403 - Brambleton (CD 3),266,20,0,286,0
Precinct,404 - Campostella (CD 3),664,51,1,716,0
Precinct,405 - Chesterfield (CD 3),835,38,2,875,0
Precinct,406 - Barron Black (CD 2),483,224,0,707,0
Precinct,408 - Easton (CD 2),593,305,2,900,0
Precinct,409 - Fairlawn (CD 2),500,237,1,738,0
Precinct,411 - Ruffner Academy (CD 3),147,10,1,158,0
Precinct,412 - Ingleside (CD 3),785,114,0,899,0
Precinct,413 - Poplar Halls (CD 3),1027,169,1,1197,0
Precinct,414 - Young Park (CD 3),812,32,1,845,0
Precinct,415 - Lake Taylor High School (CD 3),485,200,1,686,0
Precinct,501 - Bayview (CD 2),649,407,3,1059,0
Precinct,503 - East Ocean View (CD 2),685,277,2,964,0
Precinct,504 - Larrymore (CD 2),638,310,2,950,0
Precinct,505 - Little Creek (CD 2),375,243,3,621,0
Precinct,506 - Ocean View Center (CD 2),802,279,4,1085,0
Precinct,507 - Pretlow (CD 2),595,316,5,916,0
Precinct,509 - Tarrallton (CD 2),604,465,4,1073,0
Precinct,510 - Third Presbyterian (CD 2),674,451,5,1130,0
Precinct,511 - Crossroads (CD 2),558,372,3,933,0
Precinct,512 - Azalea Gardens (CD 2),387,231,2,620,0
Precinct,Ab - Central Absentee Precinct (CD 2),462,197,1,660,0
Precinct,Ab - Central Absentee Precinct (CD 3),769,104,2,875,0
Precinct,Provisional (CD 2),5,4,0,9,0
Precinct,Provisional (CD 3),10,5,0,15,0
Locality,Northampton County,2783,1171,4,3958,0
Precinct,101 - Precinct 1-1,644,283,3,930,0
Precinct,201 - Precinct 2-1,532,131,0,663,0
Precinct,301 - Precinct 3-1,484,159,0,643,0
Precinct,401 - Precinct 4-1,514,222,0,736,0
Precinct,501 - Precinct 5-1,465,309,1,775,0
Precinct,Ab - Central Absentee Precinct,142,67,0,209,0
Precinct,Provisional,2,0,0,2,0
Locality,Northumberland County,2600,2518,25,5143,0
Precinct,101 - 1a,414,374,3,791,0
Precinct,201 - 2a,436,501,5,942,0
Precinct,301 - 3a,349,151,2,502,0
Precinct,302 - 3b,195,52,1,248,0
Precinct,401 - 4a,556,654,6,1216,0
Precinct,501 - 5a,500,613,8,1121,0
Precinct,Ab - Central Absentee Precinct,148,172,0,320,0
Precinct,Provisional,2,1,0,3,0
Locality,Norton City,355,489,4,848,0
Precinct,1 - East Ward,355,488,4,847,0
Precinct,Provisional,0,1,0,1,0
Locality,Nottoway County,2188,1731,8,3927,0
Precinct,101 - Precinct 1-1,241,215,1,457,0
Precinct,102 - Precinct 1-2,167,143,1,311,0
Precinct,201 - Precinct 2-1,260,285,3,548,0
Precinct,202 - Precinct 2-2,97,167,1,265,0
Precinct,301 - Precinct 3-1,289,115,0,404,0
Precinct,302 - Precinct 3-2,151,123,2,276,0
Precinct,401 - Precinct 4-1,320,75,0,395,0
Precinct,402 - Precinct 4-2,172,200,0,372,0
Precinct,501 - Precinct 5-1,415,348,0,763,0
Precinct,Ab - Central Absentee Precinct,76,60,0,136,0
Precinct,Provisional,0,0,0,0,0
Locality,Orange County,4242,5590,27,9859,0
Precinct,101 - One West,485,639,3,1127,0
Precinct,102 - One East,461,496,1,958,0
Precinct,201 - Two West,338,472,0,810,0
Precinct,202 - Two East,287,467,4,758,0
Precinct,301 - Three West,552,559,4,1115,0
Precinct,302 - Three East,160,206,1,367,0
Precinct,401 - Four West,293,610,2,905,0
Precinct,402 - Four East,301,484,1,786,0
Precinct,501 - Five South,562,625,2,1189,0
Precinct,502 - Five North,562,742,6,1310,0
Precinct,Ab - Central Absentee Precinct,238,286,3,527,0
Precinct,Provisional,3,4,0,7,0
Locality,Page County,2284,3664,12,5960,0
Precinct,101 - West Luray,539,674,6,1219,0
Precinct,201 - East Luray,527,749,1,1277,0
Precinct,301 - Marksville,469,743,0,1212,0
Precinct,401 - Newport,307,639,2,948,0
Precinct,501 - Shenandoah,327,715,3,1045,0
Precinct,Ab - Central Absentee Precinct,115,144,0,259,0
Precinct,Provisional,0,0,0,0,0
Locality,Patrick County,1580,3343,3,4926,0
Precinct,101 - Ararat,101,192,0,293,0
Precinct,102 - Claudville,82,213,0,295,0
Precinct,103 - Willis Gap,91,200,0,291,0
Precinct,201 - Dry Pond,36,111,0,147,0
Precinct,202 - Patrick Springs,151,369,1,521,0
Precinct,203 - Russell Creek,119,251,0,370,0
Precinct,301 - Critz/stella,172,338,1,511,0
Precinct,302 - Liberty,77,250,0,327,0
Precinct,401 - Meadows Of Dan,148,258,0,406,0
Precinct,402 - Stuart Administration,180,331,0,511,0
Precinct,501 - Stuart Community,59,163,0,222,0
Precinct,502 - Elamsville,124,232,1,357,0
Precinct,503 - Woolwine,149,291,0,440,0
Precinct,Ab - Central Absentee Precinct,91,143,0,234,0
Precinct,Provisional,0,1,0,1,0
Locality,Petersburg City,7296,879,15,8190,0
Precinct,101 - First Ward First Precinct,639,90,5,734,0
Precinct,201 - Second Ward First Precinct,1240,115,2,1357,0
Precinct,301 - Third Ward First Precinct,1219,246,3,1468,0
Precinct,401 - Fourth Ward First Precinct,807,145,2,954,0
Precinct,501 - Fifth Ward First Precinct,816,66,1,883,0
Precinct,601 - Sixth Ward First Precinct,842,45,0,887,0
Precinct,701 - Seventh Ward First Precinct,1086,86,1,1173,0
Precinct,Ab - Central Absentee Precinct,644,86,1,731,0
Precinct,Provisional,3,0,0,3,0
Locality,Pittsylvania County,6922,10973,30,17925,0
Precinct,103 - Twin Springs,302,1099,3,1404,0
Precinct,105 - Chatham,216,369,2,587,0
Precinct,106 - Tunstall,164,378,2,544,0
Precinct,108 - West Blairs,127,213,1,341,0
Precinct,201 - Callands,186,387,1,574,0
Precinct,202- Bearskin,82,76,0,158,0
Precinct,204 - Sandy Level,150,208,1,359,0
Precinct,206 - Climax,123,272,2,397,0
Precinct,207 - Gretna,387,604,1,992,0
Precinct,301 - Central,334,181,0,515,0
Precinct,305 - Riceville,280,171,0,451,0
Precinct,307 - East Blairs,420,124,0,544,0
Precinct,308 - Mt Airy,164,106,1,271,0
Precinct,309 - East Gretna,158,158,1,317,0
Precinct,402 - Keeling,128,377,1,506,0
Precinct,404 - Kentuck,278,684,2,964,0
Precinct,405 - Ringgold,396,660,0,1056,0
Precinct,501 - Hurt,332,455,2,789,0
Precinct,502 - Motley Sycamore,387,456,2,845,0
Precinct,503 - Renan,202,260,0,462,0
Precinct,603 - Stony Mill,221,386,0,607,0
Precinct,604 - Swansonville,222,277,1,500,0
Precinct,605 - Whitmell,174,323,0,497,0
Precinct,606 - Brosville,267,253,0,520,0
Precinct,607 - Dry Fork,92,195,0,287,0
Precinct,702 - Bachelors Hall,211,606,2,819,0
Precinct,703 - Ferry Road,58,95,1,154,0
Precinct,704 - Mt Hermon,412,788,1,1201,0
Precinct,705 - Mt Cross,140,394,2,536,0
Precinct,Ab - Central Absentee Precinct,308,418,1,727,0
Precinct,Provisional,1,0,0,1,0
Locality,Poquoson City,1469,2899,11,4379,0
Precinct,1 - Central,424,817,5,1246,0
Precinct,2 - Eastern,452,981,0,1433,0
Precinct,3 - Western,530,977,5,1512,0
Precinct,Ab - Central Absentee Precinct,63,124,1,188,0
Precinct,Provisional,0,0,0,0,0
Locality,Portsmouth City,18850,6697,70,25617,0
Precinct,1 - One,648,187,2,837,0
Precinct,5 - Five,526,31,2,559,0
Precinct,7- Seven,401,116,1,518,0
Precinct,9 - Nine,658,145,1,804,0
Precinct,10 - Ten,332,160,3,495,0
Precinct,11 - Eleven,589,24,1,614,0
Precinct,13 - Thirteen,390,26,0,416,0
Precinct,14 - Fourteen,658,40,0,698,0
Precinct,16 - Sixteen,391,178,0,569,0
Precinct,17 - Seventeen,490,206,1,697,0
Precinct,19 - Nineteen,271,142,0,413,0
Precinct,20 - Twenty,390,161,2,553,0
Precinct,21 - Twenty-one,436,44,0,480,0
Precinct,22 - Twenty-two,357,265,6,628,0
Precinct,23 - Twenty-three,353,322,3,678,0
Precinct,24 - Twenty-four,393,179,4,576,0
Precinct,25 - Twenty-five,572,285,4,861,0
Precinct,26 - Twenty-six,817,55,2,874,0
Precinct,27 - Twenty-seven,836,56,2,894,0
Precinct,28 - Twenty Eight,1274,69,1,1344,0
Precinct,29 - Twenty- Nine,251,313,2,566,0
Precinct,30 - Thirty,242,317,1,560,0
Precinct,31 - Thirty-one,640,306,1,947,0
Precinct,32 - Thirty-two,400,333,2,735,0
Precinct,33- Thirty-three,299,323,1,623,0
Precinct,34- Thirty-four,491,371,5,867,0
Precinct,35 - Thirty-five,567,418,6,991,0
Precinct,36 - Thirty-six,1127,613,6,1746,0
Precinct,37 - Thirty-seven,947,364,1,1312,0
Precinct,38 - Thirty-eight,1077,155,4,1236,0
Precinct,39 - Thirty-nine,1255,329,4,1588,0
Precinct,Ab - Central Absentee Precinct,766,163,2,931,0
Precinct,Provisional,6,1,0,7,0
Locality,Powhatan County,3620,6335,53,10008,0
Precinct,101 - Subletts,428,778,6,1212,0
Precinct,102 - Manakin,354,448,8,810,0
Precinct,103 - Flat Rock,211,411,5,627,0
Precinct,201 - Powhatan Station,253,608,4,865,0
Precinct,202 - Graceland,331,705,4,1040,0
Precinct,301 - Bethesda,333,567,7,907,0
Precinct,302 - Lee's Landing,264,487,3,754,0
Precinct,401 - Powhatan Courthouse,416,938,6,1360,0
Precinct,402 - Mt Zion,185,311,1,497,0
Precinct,501 - Smith Cross Roads,380,395,6,781,0
Precinct,502 - Pineville,206,224,0,430,0
Precinct,503 - Tobaccoville,111,232,0,343,0
Precinct,Ab - Central Absentee Precinct,147,229,3,379,0
Precinct,Provisional,1,2,0,3,0
Locality,Prince Edward County,3024,2084,12,5120,0
Precinct,101 - Farmville,339,228,1,568,0
Precinct,201 - Lockett,436,337,1,774,0
Precinct,301 - Leigh,281,170,1,452,0
Precinct,302 - Mt Pleasant,194,81,0,275,0
Precinct,401 - Hampden,325,216,1,542,0
Precinct,501 - Darlington Hts,165,222,0,387,0
Precinct,502 - Buffalo Hts,135,128,1,264,0
Precinct,601 - Prospect,454,329,4,787,0
Precinct,701 - West End,382,227,1,610,0
Precinct,801 - Center,234,68,1,303,0
Precinct,Ab - Central Absentee Precinct,78,78,1,157,0
Precinct,Provisional,1,0,0,1,0
Locality,Prince George County,4443,4704,31,9178,0
Precinct,101 - Richard Bland (CD 4),321,355,4,680,0
Precinct,102 - Templeton (CD 4),585,968,5,1558,0
Precinct,103 - Union Branch (CD 4),533,452,4,989,0
Precinct,104 - Rives (CD 4),16,4,0,20,0
Precinct,104 - Rives (CD 3),373,225,0,598,0
Precinct,105 - Harrison (CD 3),133,205,1,339,0
Precinct,201 - Bland (CD 3),595,811,7,1413,0
Precinct,202 - Black Water (CD 3),402,555,1,958,0
Precinct,203 - Brandon (CD 3),172,233,0,405,0
Precinct,204 - Courts Bldg (CD 4),648,488,3,1139,0
Precinct,205 - Jefferson Park (CD 4),476,206,4,686,0
Precinct,Ab - Central Absentee Precinct (CD 3),89,111,0,200,0
Precinct,Ab - Central Absentee Precinct (CD 4),99,91,2,192,0
Precinct,Provisional (CD 3),0,0,0,0,0
Precinct,Provisional (CD 4),1,0,0,1,0
Locality,Prince William County,54009,41913,278,96200,0
Precinct,101 - Brentsville (CD 1),440,817,2,1259,0
Precinct,102 - Cedar Point (CD 1),759,876,3,1638,0
Precinct,103 - Glenkirk (CD 1),520,575,2,1097,0
Precinct,104 - Nokesville (CD 1),257,583,6,846,0
Precinct,105 - Limestone (CD 1),673,723,6,1402,0
Precinct,106 - Westgate (CD 1),367,177,4,548,0
Precinct,107 - Marsteller (CD 1),921,836,5,1762,0
Precinct,108 - Victory (CD 1),691,704,7,1402,0
Precinct,109 - Piney Branch (CD 1),475,491,0,966,0
Precinct,110 - Buckland Mills (CD 10),723,733,2,1458,0
Precinct,110 - Buckland Mills (CD 1),176,204,2,382,0
Precinct,111 - Bristow Run (CD 1),787,869,6,1662,0
Precinct,201 - Saunders (CD 1),31,23,0,54,0
Precinct,201 - Saunders (CD 11),818,430,2,1250,0
Precinct,202 - Marshall (CD 1),669,803,6,1478,0
Precinct,203 - Bennett (CD 1),915,1240,8,2163,0
Precinct,204 - Ellis (CD 1),455,438,6,899,0
Precinct,205 - Buckhall (CD 10),527,611,3,1141,0
Precinct,206 - Coles (CD 1),483,563,4,1050,0
Precinct,207 - Spriggs (CD 1),767,449,9,1225,0
Precinct,208 - Hylton (CD 11),220,125,1,346,0
Precinct,208 - Hylton (CD 1),655,779,1,1435,0
Precinct,209 - Independent Hill (CD 1),355,593,4,952,0
Precinct,210 - Penn (CD 11),171,82,0,253,0
Precinct,210 - Penn (CD 1),530,696,4,1230,0
Precinct,211 - Signal Hill (CD 10),376,453,2,831,0
Precinct,212 - Yorkshire (CD 10),595,491,4,1090,0
Precinct,301 - Dumfries (CD 11),520,195,2,717,0
Precinct,302 - Potomac (CD 11),821,229,2,1052,0
Precinct,303 - Graham Park (CD 11),809,453,3,1265,0
Precinct,304 - Quantico (CD 1),52,70,0,122,0
Precinct,305 - Pattie (CD 1),654,542,3,1199,0
Precinct,306 - Washington-reid (CD 1),820,566,4,1390,0
Precinct,307 - Henderson (CD 1),1062,855,7,1924,0
Precinct,308 - Montclair (CD 1),880,756,5,1641,0
Precinct,309 - Ashland (CD 1),489,403,5,897,0
Precinct,310 - Forest Park (CD 1),593,303,1,897,0
Precinct,311 - Swans Creek (CD 11),951,342,5,1298,0
Precinct,312 - Triangle (CD 1),139,56,0,195,0
Precinct,401 - Evergreen (CD 10),692,983,5,1680,0
Precinct,402 - Battlefield (CD 10),543,1101,3,1647,0
Precinct,403 - Bull Run (CD 10),392,447,2,841,0
Precinct,404 - Ashton (CD 1),580,286,4,870,0
Precinct,405 - Stonewall (CD 1),528,320,3,851,0
Precinct,406 - Alvey (CD 10),990,1173,4,2167,0
Precinct,407 - Heritage Hunt (CD 10),1037,982,2,2021,0
Precinct,408 - Sudley (CD 1),396,387,2,785,0
Precinct,409 - Haymarket (CD 10),507,491,4,1002,0
Precinct,410 - Mountain View (CD 10),531,805,3,1339,0
Precinct,411 - Mullen (CD 1),669,354,4,1027,0
Precinct,501 - Lake Ridge (CD 1),732,465,2,1199,0
Precinct,502 - Occoquan (CD 11),376,242,2,620,0
Precinct,503 - Old Bridge (CD 11),735,683,3,1421,0
Precinct,504 - Rockledge (CD 11),837,579,7,1423,0
Precinct,505 - Mohican (CD 11),465,242,0,707,0
Precinct,505 - Mohican (CD 1),507,410,1,918,0
Precinct,506 - Bethel (CD 11),885,603,4,1492,0
Precinct,507 - Chinn (CD 11),623,374,1,998,0
Precinct,508 - Springwoods (CD 11),391,180,1,572,0
Precinct,508 - Springwoods (CD 1),463,247,1,711,0
Precinct,509 - Mc Coart (CD 1),662,564,2,1228,0
Precinct,510 - Yates Ford (CD 1),200,251,3,454,0
Precinct,510 - Yates Ford (CD 10),353,410,6,769,0
Precinct,511 - Westridge (CD 1),613,488,6,1107,0
Precinct,512 - York (CD 11),650,206,2,858,0
Precinct,601 - Dale (CD 11),529,164,0,693,0
Precinct,602 - Beville (CD 11),842,368,2,1212,0
Precinct,603 - Godwin (CD 11),892,332,4,1228,0
Precinct,604 - Gideon (CD 11),561,221,2,784,0
Precinct,605 - Minnieville (CD 11),561,331,4,896,0
Precinct,606 - Bel Air (CD 11),574,318,5,897,0
Precinct,607 - Kerrydale (CD 11),712,300,2,1014,0
Precinct,608 - Enterprise (CD 11),628,287,2,917,0
Precinct,609 - King (CD 1),0,0,0,0,0
Precinct,609 - King (CD 11),778,347,4,1129,0
Precinct,610 - Fitzgerald (CD 11),724,286,3,1013,0
Precinct,701 - Belmont (CD 11),577,399,3,979,0
Precinct,702 - Library (CD 11),955,406,0,1361,0
Precinct,703 - Lynn (CD 11),519,158,2,679,0
Precinct,704 - Porter (CD 11),820,391,6,1217,0
Precinct,705 - Potomac View (CD 11),304,231,1,536,0
Precinct,706 - Rippon (CD 11),835,429,2,1266,0
Precinct,707 - Kilby (CD 11),504,204,0,708,0
Precinct,708 - River Oaks (CD 11),1198,263,2,1463,0
Precinct,709 - Freedom (CD 11),660,159,4,823,0
Precinct,Ab - Central Absentee Precinct (CD 1),1291,1272,8,2571,0
Precinct,Ab - Central Absentee Precinct (CD 10),752,904,6,1662,0
Precinct,Ab - Central Absentee Precinct (CD 11),1263,715,3,1981,0
Precinct,Provisional (CD 1),9,13,0,22,0
Precinct,Provisional (CD 10),0,2,0,2,0
Precinct,Provisional (CD 11),18,6,0,24,0
Precinct,Provisional (CD 3),13,1,0,14,0
Locality,Pulaski County,3437,4509,19,7965,0
Precinct,101 - Belspring,171,183,2,356,0
Precinct,102 - New River,542,464,2,1008,0
Precinct,103 - West Cloyd,217,279,0,496,0
Precinct,201 - Draper,240,397,0,637,0
Precinct,202 - South Pulaski,52,65,0,117,0
Precinct,203 - Newbern,427,478,5,910,0
Precinct,301 - Dublin,330,510,1,841,0
Precinct,302 - Hiwassee,56,120,0,176,0
Precinct,304 - Snowville,181,335,1,517,0
Precinct,401 - Massie,422,642,2,1066,0
Precinct,402 - Walker,120,276,0,396,0
Precinct,501 - Robinson,540,597,5,1142,0
Precinct,Ab - Central Absentee Precinct,139,158,1,298,0
Precinct,Provisional,0,5,0,5,0
Locality,Radford City,1634,1240,11,2885,0
Precinct,1 - East Precinct,493,333,4,830,0
Precinct,2 - Central Precinct,564,403,5,972,0
Precinct,3 - West Precinct,487,449,2,938,0
Precinct,Ab - Central Absentee Precinct,90,55,0,145,0
Locality,Rappahannock County,1433,1442,10,2885,0
Precinct,101 - Washington,347,291,1,639,0
Precinct,201 - Amissville,235,351,1,587,0
Precinct,301 - Sperryville,332,231,5,568,0
Precinct,401 - Scrabble,277,248,2,527,0
Precinct,501 - Chester Gap,65,145,0,210,0
Precinct,502 - Flint Hill,177,176,1,354,0
Locality,Richmond City,46897,10056,289,57242,0
Precinct,101 - One Hundred One (CD 7),792,451,9,1252,0
Precinct,102 - One Hundred Two,430,278,4,712,0
Precinct,104 - One Hundred Four (CD 7),652,442,12,1106,0
Precinct,105 - One Hundred Five (CD 7),611,290,12,913,0
Precinct,106 - One Hundred Six (CD 7),621,502,9,1132,0
Precinct,111 - One Hundred Eleven (CD 7),606,296,8,910,0
Precinct,112 - One Hundred Twelve (CD 7),504,210,10,724,0
Precinct,113 - One Hundred Thirteen (CD 3),828,180,5,1013,0
Precinct,114 - One Hundred Fourteen (CD 3),1001,236,7,1244,0
Precinct,203 - Two Hundred Three (CD 3),850,165,5,1020,0
Precinct,204 - Two Hundred Four (CD 3),836,222,9,1067,0
Precinct,206 - Two Hundred Six (CD 3),761,131,3,895,0
Precinct,207 - Two Hundred Seven (CD 3),870,239,16,1125,0
Precinct,208 - Two Hundred Eight (CD 3),989,191,12,1192,0
Precinct,213 - Two Hundred Thirteen (CD 3),853,89,1,943,0
Precinct,301 - Three Hundred One (CD 3),505,28,2,535,0
Precinct,302 - Three Hundred Two (CD 3),632,86,1,719,0
Precinct,303 - Three Hundred Three (CD 3),530,34,1,565,0
Precinct,304 - Three Hundred Four (CD 3),671,55,1,727,0
Precinct,305 - Three Hundred Five (CD 3),614,50,1,665,0
Precinct,306 - Three Hundred Six (CD 3),453,38,0,491,0
Precinct,307 - Three Hundred Seven (CD 3),728,147,4,879,0
Precinct,308 - Three Hundred Eight (CD 3),804,163,10,977,0
Precinct,309 - Three Hundred Nine (CD 7),500,177,3,680,0
Precinct,310 - Three Hundred Ten (CD 3),216,26,0,242,0
Precinct,402 - Four Hundred Two (CD 3),1232,396,16,1644,0
Precinct,404 - Four Hundred Four (CD 3),901,245,2,1148,0
Precinct,409 - Four Hundred Nine (CD 7),1216,595,7,1818,0
Precinct,410 - Four Hundred Ten (CD 7),734,255,5,994,0
Precinct,412 - Four Hundred Twelve (CD 3),233,56,3,292,0
Precinct,412 - Four Hundred Twelve (CD 7),406,104,1,511,0
Precinct,413 - Four Hundred Thirteen (CD 7),780,316,7,1103,0
Precinct,414 - Four Hundred Fourteen (CD 7),783,387,5,1175,0
Precinct,501 - Five Hundred One (CD 3),1002,165,4,1171,0
Precinct,503 - Five Hundred Three (CD 3),1079,120,1,1200,0
Precinct,504 - Five Hundred Four (CD 3),1080,145,4,1229,0
Precinct,505 - Five Hundred Five (CD 3),409,47,3,459,0
Precinct,508 - Five Hundred Eight (CD 3),568,82,1,651,0
Precinct,509 - Five Hundred Nine (CD 3),653,55,1,709,0
Precinct,510 - Five Hundred Ten (CD 3),817,86,2,905,0
Precinct,602 - Six Hundred Two (CD 3),471,17,0,488,0
Precinct,603 - Six Hundred Three (CD 3),609,40,2,651,0
Precinct,604 - Six Hundred Four (CD 3),449,34,0,483,0
Precinct,606 - Six Hundred Six (CD 3),831,56,26,913,0
Precinct,607 - Six Hundred Seven (CD 3),404,83,3,490,0
Precinct,609 - Six Hundred Nine (CD 3),469,55,2,526,0
Precinct,610 - Six Hundred Ten (CD 3),505,31,2,538,0
Precinct,701 - Seven Hundred One (CD 3),566,43,1,610,0
Precinct,702 - Seven Hundred Two (CD 3),516,84,3,603,0
Precinct,703 - Seven Hundred Three (CD 3),517,71,1,589,0
Precinct,705 - Seven Hundred Five (CD 3),523,75,3,601,0
Precinct,706 - Seven Hundred Six (CD 3),897,141,3,1041,0
Precinct,707 - Seven Hundred Seven (CD 3),1167,204,12,1383,0
Precinct,708 - Seven Hundred Eight (CD 3),600,118,5,723,0
Precinct,802 - Eight Hundred Two (CD 3),546,37,1,584,0
Precinct,806 - Eight Hundred Six (CD 3),764,75,1,840,0
Precinct,810 - Eight Hundred Ten (CD 3),603,68,1,672,0
Precinct,811 - Eight Hundred Eleven (CD 3),632,70,0,702,0
Precinct,812 - Eight Hundred Twelve (CD 3),970,191,0,1161,0
Precinct,814 - Eight Hundred Fourteen (CD 3),563,62,1,626,0
Precinct,902 - Nine Hundred Two (CD 3),294,28,0,322,0
Precinct,903 - Nine Hundred Three (CD 3),722,101,0,823,0
Precinct,908 - Nine Hundred Eight (CD 7),240,29,0,269,0
Precinct,908 - Nine Hundred Eight (CD 3),465,33,1,499,0
Precinct,909 - Nine Hundred Nine (CD 3),857,75,3,935,0
Precinct,910 - Nine Hundred Ten (CD 3),675,94,1,770,0
Precinct,911 - Nine Hundred Eleven (CD 3),715,51,0,766,0
Precinct,Ab - Central Absentee Precinct (CD 3),1208,156,5,1369,0
Precinct,Ab - Central Absentee Precinct (CD 7),353,152,5,510,0
Precinct,Provisional (CD 3),13,1,0,14,0
Precinct,Provisional (CD 7),3,1,0,4,0
Locality,Richmond County,1092,1142,3,2237,0
Precinct,101 - Precinct 1-1,345,173,0,518,0
Precinct,201 - Precinct 2-1,147,227,0,374,0
Precinct,301 - Precinct 3-1,178,201,1,380,0
Precinct,401 - Precinct 4-1,229,241,0,470,0
Precinct,501 - Precinct 5-1,158,240,1,399,0
Precinct,Ab - Central Absentee Precinct,35,60,1,96,0
Precinct,Provisional,0,0,0,0,0
Locality,Roanoke City,13402,7770,71,21243,0
Precinct,1 - Highland 1,272,85,0,357,0
Precinct,2 - Highland 2,423,152,1,576,0
Precinct,5 - Jefferson 1,255,204,0,459,0
Precinct,7 - Jefferson-riverdale,275,246,2,523,0
Precinct,8 - Jefferson 2,292,171,2,465,0
Precinct,9 - Tinker,408,392,7,807,0
Precinct,10 - Williamson Road 1,251,227,3,481,0
Precinct,11 - Williamson Road 2,189,215,0,404,0
Precinct,12 - Williamson Road 3,213,77,1,291,0
Precinct,13 - Williamson Road 4,316,161,0,477,0
Precinct,14 - Williamson Road 5,257,198,4,459,0
Precinct,15 - Williamson Road 6,229,231,3,463,0
Precinct,16 - Lincoln Terrace,299,45,0,344,0
Precinct,17 - Monterey,376,416,2,794,0
Precinct,18 - Peters Creek,986,294,3,1283,0
Precinct,19 - Melrose,330,23,1,354,0
Precinct,20 - Eureka Park,500,52,1,553,0
Precinct,21 - Villa Heights,677,76,1,754,0
Precinct,22 - Washington Heights,809,267,2,1078,0
Precinct,23 - Westside,430,76,2,508,0
Precinct,24 - Raleigh Court 1,422,203,0,625,0
Precinct,26 - Raleigh Court 2,359,223,4,586,0
Precinct,27 - Raleigh Court 3,430,182,4,616,0
Precinct,28 - Raleigh Court 4,319,207,0,526,0
Precinct,29 - Raleigh Court 5,344,198,3,545,0
Precinct,30 - Wasena,283,201,2,486,0
Precinct,31 - Fishburn Park,307,322,6,635,0
Precinct,32 - Grandin Court,376,264,3,643,0
Precinct,33 - South Roanoke 1,460,387,2,849,0
Precinct,34 - South Roanoke 2,505,489,8,1002,0
Precinct,35 - Lee-hi,797,674,2,1473,0
Precinct,37 - Garden City,404,482,1,887,0
Precinct,AB - Central Absentee Precinct,583,313,1,897,0
Precinct,Provisional,26,17,0,43,0
Locality,Roanoke County,12978,17487,100,30565,0
Precinct,101 - Catawba (CD 9),126,223,1,350,0
Precinct,102 - Mason Valley (CD 9),127,242,0,369,0
Precinct,103 - Glenvar (CD 9),298,546,1,845,0
Precinct,104 - Northside (CD 9),311,356,1,668,0
Precinct,105 - Peters Creek (CD 9),565,793,3,1361,0
Precinct,106 - Green Hill (CD 9),597,765,5,1367,0
Precinct,107 - Bennett Springs (CD 9),141,321,0,462,0
Precinct,108 - Wildwood (CD 9),229,400,2,631,0
Precinct,201 - Plantation (CD 6),380,444,3,827,0
Precinct,202 - Burlington (CD 6),237,276,1,514,0
Precinct,203 - Mountain View (CD 6),569,860,2,1431,0
Precinct,204 - Botetourt Springs (CD 9),555,589,5,1149,0
Precinct,205 - Orchards (CD 6),600,988,4,1592,0
Precinct,206 - Hollins (CD 6),229,249,2,480,0
Precinct,301 - Bent Mountain (CD 9),157,195,3,355,0
Precinct,302 - Poages Mill (CD 6),570,910,3,1483,0
Precinct,303 - Windsor Hills (CD 6),411,479,5,895,0
Precinct,304 - Oak Grove (CD 6),654,881,4,1539,0
Precinct,305 - Castle Rock (CD 6),796,937,6,1739,0
Precinct,306 - Garst Mill (CD 6),345,339,0,684,0
Precinct,402 - Bonsack (CD 6),117,209,0,326,0
Precinct,403 - North Vinton (CD 6),322,440,4,766,0
Precinct,404 - South Vinton (CD 6),470,492,3,965,0
Precinct,405 - Lindenwood (CD 6),659,1023,2,1684,0
Precinct,406 - Mount Pleasant (CD 6),383,745,3,1131,0
Precinct,501 - Cotton Hill (CD 6),312,462,4,778,0
Precinct,502 - Penn Forest (CD 6),343,354,2,699,0
Precinct,503 - Cave Spring (CD 6),418,513,4,935,0
Precinct,504 - Ogden (CD 6),302,336,4,642,0
Precinct,505 - Clearbrook (CD 6),241,369,0,610,0
Precinct,506 - Mount Vernon (CD 6),340,333,1,674,0
Precinct,507 - Hunting Hills (CD 6),566,737,10,1313,0
Precinct,Ab - Central Absentee Precinct (CD 6),467,552,6,1025,0
Precinct,Ab - Central Absentee Precinct (CD 9),140,126,2,268,0
Precinct,Provisional (CD 6),0,2,2,4,0
Precinct,Provisional (CD 9),1,1,2,4,0
Locality,Rockbridge County,3293,3267,13,6573,0
Precinct,101 - Airport,350,244,2,596,0
Precinct,102 - Ben Salem,204,206,0,410,0
Precinct,103 - Plank Road,101,125,1,227,0
Precinct,104 - Effinger,117,131,0,248,0
Precinct,201 - Collierstown,232,188,1,421,0
Precinct,202 - Highland Belle,409,365,1,775,0
Precinct,203 - Vo-tech,124,92,1,217,0
Precinct,301 - Maury River,204,144,2,350,0
Precinct,302 - Natural Bridge,163,168,0,331,0
Precinct,303 - Falling Spring,65,109,0,174,0
Precinct,401 - Fairfield,194,219,0,413,0
Precinct,402 - Mountain View,252,306,0,558,0
Precinct,403 - Vesuvius,45,130,0,175,0
Precinct,501 - Goshen,76,130,1,207,0
Precinct,502 - Meadowview,228,154,2,384,0
Precinct,503 - Rockbridge Baths,160,127,0,287,0
Precinct,504 - Rockbridge,219,249,2,470,0
Precinct,Ab - Central Absentee Precinct,150,178,0,328,0
Precinct,Provisional,0,2,0,2,0
Locality,Rockingham County,6166,15501,100,21767,0
Precinct,101 - Broadway,340,734,3,1077,0
Precinct,102 - Timberville,128,313,2,443,0
Precinct,103 - Fulks Run,106,433,2,541,0
Precinct,104 - Bergton,36,193,1,230,0
Precinct,105 - Lacey Spring,86,368,0,454,0
Precinct,106 - Tenth Legion,92,313,0,405,0
Precinct,107 - Plains,108,364,5,477,0
Precinct,108 - Little North Mountain,73,259,1,333,0
Precinct,201 - Singers Glen,146,515,1,662,0
Precinct,202 - Edom,273,727,2,1002,0
Precinct,203 - Dayton,158,365,2,525,0
Precinct,204 - Mt Clinton,201,612,7,820,0
Precinct,205 - Silver Lake,298,743,3,1044,0
Precinct,301 - Keezletown,142,407,1,550,0
Precinct,302 - Port Republic,212,548,0,760,0
Precinct,303 - Melrose,117,336,0,453,0
Precinct,304 - Grottoes,181,454,3,638,0
Precinct,305 - Massanetta Springs,856,1381,10,2247,0
Precinct,306 - Cross Keys,77,215,1,293,0
Precinct,401 - Bridgewater,562,996,6,1564,0
Precinct,402 - Montezuma,207,645,6,858,0
Precinct,403 - Mt Crawford,39,78,0,117,0
Precinct,404 - North River,145,527,3,675,0
Precinct,405 - Ottobine,165,663,0,828,0
Precinct,501 - Elkton,206,477,2,685,0
Precinct,502 - Swift Run,197,750,0,947,0
Precinct,503 - Mcgaheysville,261,644,6,911,0
Precinct,504 - South Fork,97,358,1,456,0
Precinct,505 - Stony Run,364,541,1,906,0
Precinct,Ab - Central Absentee Precinct,283,523,2,808,0
Precinct,Provisional,10,19,29,58,0
Locality,Russell County,1990,3897,10,5897,0
Precinct,101 - Moccasin,94,285,1,380,0
Precinct,102 - Copper Creek,105,202,0,307,0
Precinct,103 - South Castlewood,99,178,0,277,0
Precinct,201 - North Castlewood,228,446,0,674,0
Precinct,202 - Dante,58,94,0,152,0
Precinct,301 - Cooks Mill,42,61,0,103,0
Precinct,302 - Daugherty,57,106,0,163,0
Precinct,303 - New Garden,127,208,0,335,0
Precinct,304 - Cleveland,100,163,0,263,0
Precinct,401 - Drill,28,25,0,53,0
Precinct,402 - Swords Creek,163,382,0,545,0
Precinct,403 - Honaker,105,146,0,251,0
Precinct,501 - West Lebanon,330,624,4,958,0
Precinct,601 - East Lebanon,142,369,0,511,0
Precinct,602 - Elk Garden,178,436,2,616,0
Precinct,Ab - Central Absentee Precinct,133,170,0,303,0
Precinct,Provisional,1,2,3,6,0
Locality,Salem City,3158,3842,29,7029,0
Precinct,1 - North Salem No 2,454,486,2,942,0
Precinct,2 - Conehurst,164,191,0,355,0
Precinct,3 - Beverly Heights,210,303,1,514,0
Precinct,4 - West Salem,310,424,2,736,0
Precinct,5 - North Salem No 1,406,429,7,842,0
Precinct,6 - South Salem No 1,203,195,0,398,0
Precinct,7 - South Salem No 2,284,340,4,628,0
Precinct,8 - East Salem,103,153,2,258,0
Precinct,9 - South Side Hills,382,561,6,949,0
Precinct,10 - Hidden Valley,466,597,4,1067,0
Precinct,Ab - Central Absentee Precinct,176,163,1,340,0
Precinct,Provisional,0,0,0,0,0
Locality,Scott County,1157,4012,7,5176,0
Precinct,101 - Weber City,77,307,2,386,0
Precinct,102 - Yuma,119,361,0,480,0
Precinct,202 - Weber City East,67,243,0,310,0
Precinct,203 - Hiltons,96,384,0,480,0
Precinct,204 - Clark's,30,90,0,120,0
Precinct,301 - Nickelsville,65,269,0,334,0
Precinct,302 - Snowflake,57,202,0,259,0
Precinct,303 - Twin Springs,47,177,1,225,0
Precinct,304 - Copper Creek,21,46,0,67,0
Precinct,401 - Gate City,186,720,1,907,0
Precinct,501 - Dungannon,36,98,0,134,0
Precinct,502 - Fort Blackmore,59,136,0,195,0
Precinct,503 - Manville,29,101,0,130,0
Precinct,504 - Rye Cove,46,209,1,256,0
Precinct,601 - Clinchport,26,143,0,169,0
Precinct,602 - Duffield-pattonsville,94,329,1,424,0
Precinct,603 - Fairview,34,57,0,91,0
Precinct,Ab - Central Absentee Precinct,67,140,1,208,0
Precinct,Provisional,1,0,0,1,0
Locality,Shenandoah County,4124,7236,24,11384,0
Precinct,101 - Orkney Springs,218,341,2,561,0
Precinct,103 - New Market,406,868,1,1275,0
Precinct,201 - Conicville,243,621,4,868,0
Precinct,202 - Mt Jackson,245,481,0,726,0
Precinct,302 - Edinburg,277,555,3,835,0
Precinct,303 - St Luke,246,547,0,793,0
Precinct,304 - Fort Valley,148,322,3,473,0
Precinct,401 - Woodstock,771,1033,6,1810,0
Precinct,501 - Cedar Creek,25,55,0,80,0
Precinct,503 - Toms Brook,489,797,2,1288,0
Precinct,504 - Lebanon Church,253,491,0,744,0
Precinct,601 - Strasburg,580,872,2,1454,0
Precinct,Ab - Central Absentee Precinct,220,250,1,471,0
Precinct,Provisional,3,3,0,6,0
Locality,Smyth County,2400,4908,21,7329,0
Precinct,101 - Saltville,349,587,2,938,0
Precinct,201 - Seven Mile Ford,154,424,3,581,0
Precinct,202 - Rich Valley,118,154,0,272,0
Precinct,301 - Chilhowie,219,626,2,847,0
Precinct,302 - St Clair,60,187,0,247,0
Precinct,401 - East Park,255,371,2,628,0
Precinct,402 - West Park,126,174,2,302,0
Precinct,501 - Atkins,182,474,4,660,0
Precinct,502 - Wassona,240,322,1,563,0
Precinct,601 - Royal Oak East,197,416,0,613,0
Precinct,602 - Royal Oak West,101,243,1,345,0
Precinct,701 - Adwolfe,126,473,3,602,0
Precinct,702 - Sugar Grove,142,259,1,402,0
Precinct,703 - Konnarock,19,45,0,64,0
Precinct,Ab - Central Absentee Precinct,112,153,0,265,0
Precinct,Provisional,0,0,0,0,0
Locality,Southampton County,2716,2325,4,5045,0
Precinct,101 - Berlin,112,216,0,328,0
Precinct,102 - Ivor,256,255,0,511,0
Precinct,201 - Boykins,360,159,0,519,0
Precinct,202 - Branchville,82,88,0,170,0
Precinct,301 - Capron,253,164,1,418,0
Precinct,302 - Sebrell,216,179,1,396,0
Precinct,401 - Drewryville,201,86,0,287,0
Precinct,501 - Hunterdale,290,324,1,615,0
Precinct,502 - Forks-of-the-river,140,127,0,267,0
Precinct,601 - Courtland,288,263,0,551,0
Precinct,602 - Sedley,65,147,0,212,0
Precinct,701 - Blackwater River,182,73,0,255,0
Precinct,702 - Newsoms,204,196,0,400,0
Precinct,Ab - Central Absentee Precinct,67,48,1,116,0
Precinct,Provisional,0,0,0,0,0
Locality,Spotsylvania County,13868,17410,83,31361,0
Precinct,101 - Partlow (CD 7),369,507,3,879,0
Precinct,102 - Blaydes Corner (CD 7),336,542,4,882,0
Precinct,103 - Travelers Rest (CD 7),569,636,3,1208,0
Precinct,104 - Massaponax (CD 1),0,1,0,1,0
Precinct,104 - Massaponax (CD 7),480,677,2,1159,0
Precinct,201 - Wilderness School (CD 7),440,611,6,1057,0
Precinct,202 - Wilderness Fire (CD 7),402,623,3,1028,0
Precinct,203 - Ni River / Elys Ford (CD 7),359,680,3,1042,0
Precinct,204 - Chancellor (CD 7),619,652,4,1275,0
Precinct,301 - Plank Road (CD 1),554,728,3,1285,0
Precinct,302 - Hazel Run (CD 1),667,717,3,1387,0
Precinct,303 - Riverbend (CD 7),1,3,0,4,0
Precinct,303 - Riverbend (CD 1),656,985,4,1645,0
Precinct,401 - Summit (CD 7),6,5,0,11,0
Precinct,401 - Summit (CD 1),572,594,0,1166,0
Precinct,402 - Parkside (CD 1),298,369,0,667,0
Precinct,402 - Parkside (CD 7),274,236,2,512,0
Precinct,403 - Lee Hill (CD 1),130,117,1,248,0
Precinct,403 - Lee Hill (CD 7),659,748,7,1414,0
Precinct,501 - Belmont (CD 7),272,470,0,742,0
Precinct,502 - Brokenburg (CD 7),259,395,2,656,0
Precinct,503 - Post Oak (CD 7),239,524,0,763,0
Precinct,504 - Courthouse (CD 7),507,633,2,1142,0
Precinct,505 - Brock (CD 7),467,749,1,1217,0
Precinct,601 - Salem (CD 7),582,757,3,1342,0
Precinct,602 - Smith Station (CD 7),857,829,5,1691,0
Precinct,603 - Piedmont (CD 7),396,412,3,811,0
Precinct,701 - Battlefield (CD 1),534,543,7,1084,0
Precinct,702 - Brents Mill (CD 1),275,344,1,620,0
Precinct,702 - Brents Mill (CD 7),276,314,3,593,0
Precinct,703 - Fairview (CD 7),332,292,0,624,0
Precinct,704 - Gayle (CD 7),758,831,3,1592,0
Precinct,Ab - Central Absentee Precinct (CD 1),200,244,1,445,0
Precinct,Ab - Central Absentee Precinct (CD 7),523,634,4,1161,0
Precinct,Provisional (CD 1),0,3,0,3,0
Precinct,Provisional (CD 7),0,5,0,5,0
Locality,Stafford County,15513,18106,127,33746,0
Precinct,101 - Hartwood,665,1252,6,1923,0
Precinct,102 - Rocky Run,418,436,5,859,0
Precinct,103 - Simpson,424,582,1,1007,0
Precinct,104 - College,584,798,9,1391,0
Precinct,201 - Rock Hill,473,606,3,1082,0
Precinct,202 - Roseville,672,819,8,1499,0
Precinct,203 - Ruby,351,648,6,1005,0
Precinct,204 - Stefaniga,670,902,4,1576,0
Precinct,301 - Griffis,396,276,1,673,0
Precinct,302 - Widewater,640,518,3,1161,0
Precinct,303 - Harbour,368,548,5,921,0
Precinct,304 - Barrett,286,231,2,519,0
Precinct,401 - Aquia,195,162,2,359,0
Precinct,402 - Courthouse,796,626,5,1427,0
Precinct,403 - Brooke,698,934,5,1637,0
Precinct,404 - Government Island,504,695,5,1204,0
Precinct,501 - Grafton,759,1001,7,1767,0
Precinct,502 - Falmouth,636,646,8,1290,0
Precinct,503 - Drew,457,530,4,991,0
Precinct,504 - Gayle,677,477,3,1157,0
Precinct,601 - Ferry Farm,576,701,3,1280,0
Precinct,602 - Chatham,664,704,5,1373,0
Precinct,603 - White Oak,562,829,4,1395,0
Precinct,604 - England Run,255,165,1,421,0
Precinct,701 - Woodlands,751,833,4,1588,0
Precinct,702 - Whitson,574,536,3,1113,0
Precinct,703 - Hampton,785,870,7,1662,0
Precinct,Ab - Central Absentee Precinct,670,770,8,1448,0
Precinct,Provisional,7,11,0,18,0
Locality,Staunton City,3268,3012,19,6299,0
Precinct,101 - Ward No 1,487,554,4,1045,0
Precinct,201 - Ward Two,562,702,2,1266,0
Precinct,301 - Ward No 3,617,597,9,1223,0
Precinct,401 - Ward No 4,610,582,2,1194,0
Precinct,501 - Ward No 5,821,423,2,1246,0
Precinct,Ab - Central Absentee Precinct,171,154,0,325,0
Locality,Suffolk City,14037,9699,35,23771,0
Precinct,101 - Belleharbour,434,160,2,596,0
Precinct,102 - Driver,924,1083,4,2011,0
Precinct,104 - Bennetts Creek,545,479,1,1025,0
Precinct,201 - Ebenezer,418,595,1,1014,0
Precinct,202 - Chuckatuck,464,476,0,940,0
Precinct,203 - Kings Fork,736,390,1,1127,0
Precinct,204 - Hillpoint,527,300,3,830,0
Precinct,301 - White Marsh,234,102,0,336,0
Precinct,302 - John F Kennedy,866,188,0,1054,0
Precinct,304 - Nansemond River,671,386,1,1058,0
Precinct,305 - Shoulders Hill,275,156,1,432,0
Precinct,401 - Airport,365,303,2,670,0
Precinct,402 - Whaleyville,262,490,0,752,0
Precinct,403 - Southside,347,55,0,402,0
Precinct,404 - Booker T Washington,585,90,0,675,0
Precinct,405 - Pittmantown,156,118,1,275,0
Precinct,501 - Kilbys Mill,595,686,0,1281,0
Precinct,502 - Holland,583,581,1,1165,0
Precinct,504 - Lake Cohoon,540,722,2,1264,0
Precinct,601 - Lakeside,654,402,1,1057,0
Precinct,602 - Olde Towne,161,86,2,249,0
Precinct,603 - Elephants Fork/westhaven,161,187,1,349,0
Precinct,604 - Wilroy,357,336,0,693,0
Precinct,605 - Hollywood,391,40,0,431,0
Precinct,702 - Harbourview,615,499,2,1116,0
Precinct,704 - Burbage Grant,780,357,1,1138,0
Precinct,706 - Huntersville,687,130,2,819,0
Precinct,Ab - Central Absentee Precinct,701,300,1,1002,0
Precinct,Provisional,3,2,5,10,0
Locality,Surry County,1644,998,6,2648,0
Precinct,101 - Surry,286,304,3,593,0
Precinct,201 - Bacons Castle,382,155,0,537,0
Precinct,301 - Dendron,173,104,0,277,0
Precinct,302 - Walls Bridge,163,85,0,248,0
Precinct,401 - Carsley,321,165,1,487,0
Precinct,501 - Claremont,179,158,2,339,0
Precinct,502 - Spring Grove,140,27,0,167,0
Precinct,Provisional,0,0,0,0,0
Locality,Sussex County,2073,1094,9,3176,0
Precinct,101 - Waverly,385,110,1,496,0
Precinct,201 - Stony Creek,337,99,1,437,0
Precinct,202 - Little Mill,71,23,0,94,0
Precinct,301 - Courthouse,199,203,1,403,0
Precinct,302 - Wakefield,42,75,1,118,0
Precinct,401 - Mars Hill,314,136,0,450,0
Precinct,402 - West Wakefield,69,8,0,77,0
Precinct,501 - Henry,286,115,3,404,0
Precinct,502 - Yale,118,54,0,172,0
Precinct,601 - Blackwater,165,176,2,343,0
Precinct,602 - Newville,87,95,0,182,0
Locality,Tazewell County,2559,7179,14,9752,0
Precinct,101 - Abbs Valley,70,95,0,165,0
Precinct,102 - Tip Top,58,171,1,230,0
Precinct,103 - Boissevain,40,63,0,103,0
Precinct,104 - Falls Mills,34,165,0,199,0
Precinct,106 - Pocahontas,53,62,0,115,0
Precinct,107 - Amonate,17,27,0,44,0
Precinct,109 - Bishop,33,62,1,96,0
Precinct,110 - Adria,59,180,1,240,0
Precinct,111 - Gap Store,74,151,0,225,0
Precinct,112 - Bandy,24,76,0,100,0
Precinct,203 - Burkes Garden,36,67,0,103,0
Precinct,204 - Clear Fork,73,223,1,297,0
Precinct,207 - Freestone,28,84,0,112,0
Precinct,209 - Jeffersonville,450,1041,2,1493,0
Precinct,214 - Thompson Valley,80,259,0,339,0
Precinct,301 - Cedar Bluff,249,876,1,1126,0
Precinct,302 - Baptist Valley,69,135,1,205,0
Precinct,303 - Wardell,106,336,0,442,0
Precinct,305 - Pounding Mill,77,283,0,360,0
Precinct,401 - Richlands,292,829,3,1124,0
Precinct,402 - Jewell Ridge,32,85,0,117,0
Precinct,404 - Raven,111,241,1,353,0
Precinct,501 - Springville,103,498,0,601,0
Precinct,502 - Graham,277,941,0,1218,0
Precinct,Ab - Central Absentee Precinct,113,229,1,343,0
Precinct,Provisional,1,0,1,2,0
Locality,Virginia Beach City,57485,47715,257,105457,0
Precinct,1 - North Beach,910,657,2,1569,0
Precinct,2 - South Beach,471,444,3,918,0
Precinct,3 - Ocean Lakes,689,621,6,1316,0
Precinct,4 - Linkhorn,630,614,2,1246,0
Precinct,5 - Seatack,574,279,1,854,0
Precinct,6 - Alanton,780,688,3,1471,0
Precinct,7 - Kingston,512,499,4,1015,0
Precinct,8 - London Bridge,568,537,0,1105,0
Precinct,9 - Trantwood,683,685,2,1370,0
Precinct,10 - Great Neck,781,825,3,1609,0
Precinct,11 - Cape Henry,1034,553,5,1592,0
Precinct,12 - Plaza,659,427,4,1090,0
Precinct,13 - Mt Trashmore,673,692,5,1370,0
Precinct,14 - Malibu,678,559,1,1238,0
Precinct,15 - Old Donation,399,341,1,741,0
Precinct,16 - Aragona,673,547,6,1226,0
Precinct,17 - Ocean Park,578,420,2,1000,0
Precinct,18 - Thoroughgood,850,744,6,1600,0
Precinct,19 - Lake Smith,363,345,2,710,0
Precinct,20 - Bayside,456,404,1,861,0
Precinct,21 - Davis Corner,898,248,7,1153,0
Precinct,22 - Point O View,420,509,1,930,0
Precinct,23 - Arrowhead,624,592,0,1216,0
Precinct,24 - Larkspur,505,391,1,897,0
Precinct,25 - Avalon,784,828,2,1614,0
Precinct,26 - Fairfield,636,579,2,1217,0
Precinct,27 - Edwin,721,673,9,1403,0
Precinct,28 - Thalia,471,445,5,921,0
Precinct,29 - Holland,533,333,3,869,0
Precinct,30 - Red Wing,564,539,0,1103,0
Precinct,31 - Sigma,669,914,3,1586,0
Precinct,32 - Creeds,242,345,0,587,0
Precinct,33 - Capps Shop,255,425,0,680,0
Precinct,34 - Blackwater,152,233,2,387,0
Precinct,35 - Courthouse,708,736,3,1447,0
Precinct,36 - Windsor Oaks,773,491,1,1265,0
Precinct,37 - Chesapeake Beach,382,310,0,692,0
Precinct,38 - Witchduck,891,865,7,1763,0
Precinct,39 - Pembroke,656,491,2,1149,0
Precinct,40 - Bonney,337,367,1,705,0
Precinct,41 - College Park,1031,383,2,1416,0
Precinct,42 - Brandon,619,544,3,1166,0
Precinct,43 - Bellamy,518,329,3,850,0
Precinct,44 - Centerville,641,633,4,1278,0
Precinct,45 - Timberlake,570,283,2,855,0
Precinct,46 - Green Run,558,249,3,810,0
Precinct,47 - Kings Grant,761,848,4,1613,0
Precinct,48 - Wolfsnare,669,685,2,1356,0
Precinct,49 - Lynnhaven,738,626,4,1368,0
Precinct,50 - Oceana,294,140,1,435,0
Precinct,51 - Stratford Chase,511,589,4,1104,0
Precinct,52 - Homestead,771,782,1,1554,0
Precinct,53 - Shannon,533,485,1,1019,0
Precinct,54 - Cromwell,452,322,2,776,0
Precinct,55 - Magic Hollow,574,276,3,853,0
Precinct,56 - Edinburgh,315,304,1,620,0
Precinct,57 - Sherry Park,378,393,1,772,0
Precinct,58 - Glenwood,608,485,5,1098,0
Precinct,59 - Shelton Park,377,353,1,731,0
Precinct,60 - Foxfire,591,698,2,1291,0
Precinct,61 - Baker,680,88,2,770,0
Precinct,62 - Landstown,587,608,5,1200,0
Precinct,63 - Culver,629,653,3,1285,0
Precinct,64 - Rosemont Forest,760,602,5,1367,0
Precinct,65 - Colonial,522,481,2,1005,0
Precinct,66 - Hunt,492,537,2,1031,0
Precinct,67 - Eastern Shore,566,437,5,1008,0
Precinct,68 - Manor,607,631,3,1241,0
Precinct,69 - Shell,612,232,3,847,0
Precinct,70 - Corporate Landing,442,442,1,885,0
Precinct,71 - Round Hill,958,532,4,1494,0
Precinct,72 - Rudee,571,514,8,1093,0
Precinct,73 - Dahlia,842,442,4,1288,0
Precinct,74 - Buckner,515,251,2,768,0
Precinct,75 - Colony,754,687,0,1441,0
Precinct,76 - Village,437,235,1,673,0
Precinct,77 - Brookwood,503,394,2,899,0
Precinct,78 - Indian Lakes,517,432,1,950,0
Precinct,79 - Pleasant Hall,489,234,3,726,0
Precinct,80 - Chimney Hill,546,229,2,777,0
Precinct,81 - Rock Lake,632,400,5,1037,0
Precinct,82 - Shelburne,401,481,3,885,0
Precinct,83 - Strawbridge,544,635,2,1181,0
Precinct,84 - Tallwood,560,442,1,1003,0
Precinct,85 - Upton,644,731,5,1380,0
Precinct,86 - Haygood,710,552,3,1265,0
Precinct,87 - Hillcrest,521,505,2,1028,0
Precinct,88 - North Landing,387,470,0,857,0
Precinct,89 - Lake Christopher,594,590,2,1186,0
Precinct,90 - Lake Joyce,372,363,3,738,0
Precinct,91 - Lexington,559,331,1,891,0
Precinct,92 - Little Neck,506,475,2,983,0
Precinct,93 - Newtown,480,68,0,548,0
Precinct,94 - Pinewood,314,269,0,583,0
Precinct,Ab - Central Absentee Precinct,2502,2081,13,4596,0
Precinct,Provisional,39,59,0,98,0
Locality,Warren County,3789,5712,29,9530,0
Precinct,101 - Fork Town,287,337,1,625,0
Precinct,102 - Otterburn,418,767,3,1188,0
Precinct,201 - Happy Creek,439,653,3,1095,0
Precinct,202 - Linden,379,532,8,919,0
Precinct,301 - North River,331,398,4,733,0
Precinct,302 - Riverton,317,491,1,809,0
Precinct,401 - East Shenandoah,409,865,2,1276,0
Precinct,402 - Town - West Shenandoah,310,393,3,706,0
Precinct,501 - South River,407,603,2,1012,0
Precinct,502 - Bentonville,147,254,0,401,0
Precinct,504 - Browntown,158,183,1,342,0
Precinct,Ab - Central Absentee Precinct,187,233,1,421,0
Precinct,Provisional,0,3,0,3,0
Locality,Washington County,4104,10028,18,14150,0
Precinct,101 - East Abingdon,447,775,1,1223,0
Precinct,102 - West Abingdon,285,406,4,695,0
Precinct,201 - Clinchburg,80,292,0,372,0
Precinct,202 - Greendale,152,470,2,624,0
Precinct,203 - Hayters Gap,66,206,1,273,0
Precinct,204 Woodland Hills,204,499,0,703,0
Precinct,301 - Watauga,311,856,2,1169,0
Precinct,302 - South Abingdon,411,671,0,1082,0
Precinct,401 - Glade Spring,216,569,0,785,0
Precinct,402 - Meadowview,311,697,2,1010,0
Precinct,501 - Rhea Valley,292,818,1,1111,0
Precinct,502 - Damascus,217,373,1,591,0
Precinct,504 - Green Cove,21,86,0,107,0
Precinct,601 - Burson Place,169,686,1,856,0
Precinct,602 - Mendota,30,163,0,193,0
Precinct,603 - Valley Institute,152,524,0,676,0
Precinct,701 - High Point,171,590,2,763,0
Precinct,702 - Wallace,99,294,0,393,0
Precinct,703 - John Battle,244,661,0,905,0
Precinct,Ab - Central Absentee Precinct,226,386,1,613,0
Precinct,Provisional,0,6,0,6,0
Locality,Waynesboro City,2139,2700,12,4851,0
Precinct,1 - Ward A,285,302,0,587,0
Precinct,2 - Ward B,638,834,5,1477,0
Precinct,3 - Ward C,409,487,3,899,0
Precinct,4 - Ward D,695,993,4,1692,0
Precinct,Ab - Central Absentee Precinct,112,84,0,196,0
Locality,Westmoreland County,2320,2001,8,4329,0
Precinct,101 - Precinct 1-1,370,138,1,509,0
Precinct,102 - Precinct 1-2,195,114,0,309,0
Precinct,201 - Precinct 2-1,537,403,4,944,0
Precinct,301 - Precinct 3-1,323,352,1,676,0
Precinct,401 - Precinct 4-1,310,478,2,790,0
Precinct,501 - Precinct 5-1,416,370,0,786,0
Precinct,Ab - Central Absentee Precinct,169,146,0,315,0
Precinct,Provisional,0,0,0,0,0
Locality,Williamsburg City,2970,1313,22,4305,0
Precinct,1 - Stryker,1290,564,9,1863,0
Precinct,2 - Matoaka,1518,642,13,2173,0
Precinct,Ab - Central Absentee Precinct,160,107,0,267,0
Precinct,Provisional,2,0,0,2,0
Locality,Winchester City,2929,2668,22,5619,0
Precinct,101 - Merrimans,761,617,7,1385,0
Precinct,102 - Old Town,536,453,1,990,0
Precinct,201 - Virginia Avenue,429,323,2,754,0
Precinct,301 - War Memorial,386,387,2,775,0
Precinct,401 - Frederick Douglass,192,211,0,403,0
Precinct,402 - Rolling Hills,451,507,8,966,0
Precinct,AB - Central Absentee Precinct,174,169,1,344,0
Precinct,Provisional,0,1,1,2,0
Locality,Wise County,2296,5699,24,8019,0
Precinct,101 - Appalachia,192,285,3,480,0
Precinct,102 - Dorchester,113,181,0,294,0
Precinct,103 - Guest River Voting Place,91,234,1,326,0
Precinct,104 - West Pound,282,736,3,1021,0
Precinct,201 - North Coeburn,91,272,1,364,0
Precinct,202 - Wise,324,846,1,1171,0
Precinct,203 - East Pound,57,157,1,215,0
Precinct,301 - Big Stone Gap,293,607,4,904,0
Precinct,302 - East Stone Gap,242,769,0,1011,0
Precinct,401 - Clinch Valley,156,659,5,820,0
Precinct,402 - South Coeburn,191,641,4,836,0
Precinct,403 - St Paul,137,161,0,298,0
Precinct,Ab - Central Absentee Precinct,126,151,1,278,0
Precinct,Provisional,1,0,0,1,0
Locality,Wythe County,2794,4795,29,7618,0
Precinct,101 - Royal Oak,75,205,2,282,0
Precinct,102 - Rural Retreat,315,654,2,971,0
Precinct,203 - West Wytheville,574,679,8,1261,0
Precinct,303 - East Wytheville,605,736,6,1347,0
Precinct,401 - Fort Chiswell,197,431,0,628,0
Precinct,402 - Max Meadows,190,403,3,596,0
Precinct,501 - Jackson Memorial,142,283,0,425,0
Precinct,502 - Sheffey,219,478,5,702,0
Precinct,601 - Huddle,105,188,0,293,0
Precinct,602 - Zion,165,323,1,489,0
Precinct,603  Evergreen,104,269,1,374,0
Precinct,Ab - Central Absentee Precinct,103,146,1,250,0
Locality,York County,9262,11661,69,20992,0
Precinct,101 - Queens Lake,648,611,0,1259,0
Precinct,102 - Waller Mill,647,667,2,1316,0
Precinct,103 - Magruder,950,578,6,1534,0
Precinct,201 - Coventry,809,1078,5,1892,0
Precinct,202 - Kiln Creek,415,542,2,959,0
Precinct,301 - Seaford,611,1272,6,1889,0
Precinct,302 - Yorktown,671,715,8,1394,0
Precinct,303 - Edgehill,685,632,9,1326,0
Precinct,401 - Harwoods Mill,702,1144,8,1854,0
Precinct,402 - Dare,671,1190,2,1863,0
Precinct,403 - Grafton,379,479,1,859,0
Precinct,501 - Tabb,831,1236,9,2076,0
Precinct,502 - Bethel,801,993,10,1804,0
Precinct,Ab - Central Absentee Precinct,436,515,1,952,0
Precinct,Provisional,6,9,0,15,0
