,,Hillary R. Clinton,Donald J. Trump,Gary Johnson,Evan McMullin,Jill Stein,Write-Ins,Total Votes Cast,Undervotes
,,Democratic,Republican,Libertarian,Independent,Green,,,
State,Virginia,1981473,1769443,118274,54054,27638,33749,3984631,0
Locality,Accomack County,6740,8583,264,112,66,53,15818,0
Precinct,101 - Chincoteague,444,1188,26,10,7,5,1680,0
Precinct,201 - Atlantic,175,553,13,7,1,1,750,0
Precinct,202 - Greenbackville,302,697,17,4,7,3,1030,0
Precinct,301 - New Church,713,592,21,4,3,5,1338,0
Precinct,401 - Bloxom,141,342,9,3,1,0,496,0
Precinct,402 - Parksley,218,489,16,7,5,1,736,0
Precinct,403 - Saxis,42,153,1,3,1,0,200,0
Precinct,501 - Mappsville,397,243,10,1,7,5,663,0
Precinct,502 - Rue,385,119,9,4,2,2,521,0
Precinct,601 - Accomac,486,637,16,13,8,4,1164,0
Precinct,602 - Tangier,27,221,1,1,1,2,253,0
Precinct,701 - Nandua,805,976,35,19,7,14,1856,0
Precinct,801 - Bobtown,202,369,12,3,4,4,594,0
Precinct,802 - Melfa,436,392,14,5,0,3,850,0
Precinct,803 - Wachapreague,138,349,6,2,0,1,496,0
Precinct,901 - Painter,1042,618,24,10,4,0,1698,0
Precinct,Ab - Central Absentee Precinct,784,644,32,16,8,3,1487,0
Precinct,Provisional,3,1,2,0,0,0,6,0
Locality,Albemarle County,33345,19259,2105,1059,450,508,56726,0
Precinct,101 - Woodbrook,1192,680,82,23,14,21,2012,0
Precinct,103 - Branchlands,546,208,23,5,10,5,797,0
Precinct,104 - Agnor-hurt,1106,406,47,33,23,12,1627,0
Precinct,105 - Dunlora,1363,592,61,61,17,19,2113,0
Precinct,106 - Northside,1161,901,101,60,9,16,2248,0
Precinct,201 - Jack Jouett,897,531,38,32,13,17,1528,0
Precinct,202 - University Hall,1851,407,149,48,22,19,2496,0
Precinct,203 - Georgetown,1338,398,66,40,21,23,1886,0
Precinct,204 - Belfield,431,290,37,16,2,8,784,0
Precinct,301 - Ivy,1692,818,78,44,19,12,2663,0
Precinct,302 - Red Hill,1103,738,56,17,18,19,1951,0
Precinct,304 - East Ivy,397,245,25,18,3,4,692,0
Precinct,305 - Country Green,957,555,57,37,18,19,1643,0
Precinct,306 - Porters,588,388,32,6,21,6,1041,0
Precinct,307 - Yellow Mountain,261,202,17,13,5,8,506,0
Precinct,401 - Scottsville,445,590,41,12,12,6,1106,0
Precinct,402 - Monticello,445,547,25,8,11,10,1046,0
Precinct,405 - Cale,2198,805,142,77,33,33,3288,0
Precinct,406 - Stone Robinson,909,997,73,40,14,19,2052,0
Precinct,501 - Keswick,538,397,21,9,7,12,984,0
Precinct,502 - Stony Point,534,530,38,19,6,10,1137,0
Precinct,503 - Hollymead,971,654,69,49,13,21,1777,0
Precinct,504 - Free Bridge,1627,823,114,49,20,27,2660,0
Precinct,506 - Baker-butler,1117,938,89,62,21,17,2244,0
Precinct,601 - Crozet,1576,1081,122,36,22,25,2862,0
Precinct,602 - Free Union,484,444,25,11,6,9,979,0
Precinct,603 - Earlysville,1061,1045,82,43,15,23,2269,0
Precinct,604 - Brownsville,1802,1192,152,69,14,26,3255,0
Precinct,Ab - Central Absentee Precinct,4707,1828,238,120,39,61,6993,0
Precinct,Provisional,48,29,5,2,2,1,87,0
Locality,Alexandria City,57242,13285,2020,1398,592,1233,75770,0
Precinct,101 - Ladrey Senior Building,971,349,39,29,12,23,1423,0
Precinct,102 - City Hall,879,413,52,22,7,56,1429,0
Precinct,103 - Lyles Crouch School,1504,497,58,36,17,35,2147,0
Precinct,104 - Durant Center,1293,271,59,47,9,38,1717,0
Precinct,105 - Lee Center,1696,480,79,53,15,43,2366,0
Precinct,106 - Cora Kelly Center,2301,380,95,75,19,32,2902,0
Precinct,107 - Mt Vernon Recreation Center,2384,486,88,79,23,52,3112,0
Precinct,108 - George Washington Middle Sch,2165,397,91,85,25,49,2812,0
Precinct,109 - Fire Department Headquarters,1012,351,65,46,13,28,1515,0
Precinct,110 - Charles Houston Center,1488,246,66,42,23,22,1887,0
Precinct,201 - Maury School,1294,299,49,36,14,37,1729,0
Precinct,202 - George Mason School,1228,404,45,55,7,58,1797,0
Precinct,203 - Agudas Achim Synagogue,1482,296,45,52,14,28,1917,0
Precinct,204 - Blessed Sacrament Church,1186,391,49,40,14,50,1730,0
Precinct,205 - Douglas Macarthur School,1566,500,77,54,9,58,2264,0
Precinct,206 - Chinquapin Park Recreation Ctr,1239,356,44,31,13,26,1709,0
Precinct,207 - Temple Beth El Synagogue,1557,519,68,46,17,40,2247,0
Precinct,208 - Nova Arts Center,1722,389,60,37,30,23,2261,0
Precinct,209 - James K Polk School,1835,414,49,40,17,23,2378,0
Precinct,210 - The Hermitage,805,274,29,32,8,14,1162,0
Precinct,302 - Patrick Henry Rec Center,1407,247,48,31,22,19,1774,0
Precinct,303 - Charles E Beatley Library,1599,298,38,17,19,27,1998,0
Precinct,304 - Samuel Tucker School,2246,413,71,47,31,30,2838,0
Precinct,305 - John Adams School,1843,320,38,28,20,24,2273,0
Precinct,306 - William Ramsay School,1985,285,37,20,21,19,2367,0
Precinct,307 - South Port,1376,350,26,18,18,14,1802,0
Precinct,308 - Cameron Station Community Ctr,1408,545,67,42,16,41,2119,0
Precinct,Ab - Central Absentee Precinct,15677,3069,484,251,138,321,19940,0
Precinct,Provisional,94,46,4,7,1,3,155,0
Locality,Alleghany County,2166,4874,164,69,35,17,7325,0
Precinct,101 - Arritt,138,521,12,7,2,1,681,0
Precinct,103 - Dameron,51,196,2,4,1,0,254,0
Precinct,201 - Humpback Bridge,103,290,3,8,0,4,408,0
Precinct,202 - Dolly Ann,129,360,18,3,0,2,512,0
Precinct,301 - Callaghan,74,325,7,0,1,0,407,0
Precinct,302 - Griffith,176,450,20,2,1,1,650,0
Precinct,401 - Low Moor,137,335,11,6,2,1,492,0
Precinct,402 - Jackson Heights,141,461,14,12,3,1,632,0
Precinct,501 - Iron Gate,104,155,9,3,1,1,273,0
Precinct,502 - Peters Switch,188,551,16,7,6,0,768,0
Precinct,601 - District 1,397,527,27,6,6,1,964,0
Precinct,701 - District 2,324,371,15,9,8,5,732,0
Precinct,Ab - Central Absentee Precinct,203,331,10,2,4,0,550,0
Precinct,Provisional,1,1,0,0,0,0,2,0
Locality,Amelia County,2128,4708,129,41,11,23,7040,0
Precinct,101 - Number One,334,740,27,8,3,2,1114,0
Precinct,201 - Number Two,400,834,21,10,2,7,1274,0
Precinct,301 - Number Three,302,892,22,1,1,4,1222,0
Precinct,401 - Number Four,302,839,23,9,1,6,1180,0
Precinct,501 - Number Five,497,888,22,6,4,1,1418,0
Precinct,Ab - Central Absentee Precinct,287,511,14,7,0,3,822,0
Precinct,Provisional,6,4,0,0,0,0,10,0
Locality,Amherst County,5057,9719,317,159,65,79,15396,0
Precinct,101 - Wright Shop,549,435,13,6,1,2,1006,0
Precinct,102 - New Glasgow,426,799,22,18,5,6,1276,0
Precinct,103 - Coolwell,121,492,14,10,2,2,641,0
Precinct,201 - Court House,721,1112,56,27,14,10,1940,0
Precinct,202 - Temperance,200,569,13,7,4,6,799,0
Precinct,301 - Monroe,217,594,21,10,2,3,847,0
Precinct,302 - Elon,474,1450,36,12,8,12,1992,0
Precinct,303 - Pleasant View,110,322,11,2,2,3,450,0
Precinct,401 - Amelon,711,1487,53,26,14,12,2303,0
Precinct,402 - Lonco,194,386,8,9,0,4,601,0
Precinct,501 - Madison,815,1419,50,20,6,9,2319,0
Precinct,Ab - Central Absentee Precinct,519,654,20,12,7,10,1222,0
Precinct,Provisional,0,0,0,0,0,0,0,0
Locality,Appomattox County,2023,5715,136,50,31,56,8011,0
Precinct,101 - Vera,104,450,10,3,3,2,572,0
Precinct,102 - Pamplin,282,704,13,7,5,4,1015,0
Precinct,201 - Chap,147,210,5,3,5,1,371,0
Precinct,202 - Spout Spring,208,964,18,2,1,6,1199,0
Precinct,301 - Us 460,164,545,8,6,3,7,733,0
Precinct,302 - Stonewall,214,625,14,8,1,8,870,0
Precinct,401 - Courthouse,329,914,35,9,7,14,1308,0
Precinct,501 - Oakville,299,688,15,3,0,7,1012,0
Precinct,502 - Agee,139,254,4,3,2,3,405,0
Precinct,Ab - Central Absentee Precinct,137,360,14,6,4,4,525,0
Precinct,Provisional,0,1,0,0,0,0,1,0
Locality,Arlington County,92016,20186,3827,2594,819,1914,121356,0
Precinct,1 - Arlington,1297,245,25,20,16,17,1620,0
Precinct,2 - Ashton Heights,1257,275,48,40,12,26,1658,0
Precinct,3 - Aurora Hills,730,249,47,42,7,25,1100,0
Precinct,4 - Ballston,1180,322,98,41,14,34,1689,0
Precinct,5 - Barcroft,1077,280,55,24,7,23,1466,0
Precinct,6 - Crystal City,939,333,35,31,8,22,1368,0
Precinct,7 - Cherrydale,1170,298,55,51,7,31,1612,0
Precinct,8 - Hume,1512,412,83,39,10,38,2094,0
Precinct,9 - Columbia,1450,344,62,41,20,23,1940,0
Precinct,10 - Wilson,1589,376,81,50,24,39,2159,0
Precinct,11 - East Falls Church,786,260,32,22,5,32,1137,0
Precinct,12 - Fairlington,1184,333,63,64,8,47,1699,0
Precinct,13 - Glen Carlyn,906,256,29,14,9,10,1224,0
Precinct,14 - Clarendon,984,224,80,27,8,22,1345,0
Precinct,15 - Lyon Park,1359,341,68,64,10,41,1883,0
Precinct,16 - Lyon Village,1236,311,71,48,9,31,1706,0
Precinct,17 - Overlee Knolls,1251,337,61,50,15,23,1737,0
Precinct,18 - Park Lane,1701,401,122,67,15,44,2350,0
Precinct,19 - Rosslyn,1466,319,63,35,18,41,1942,0
Precinct,20 - Thrifton,893,345,51,37,15,38,1379,0
Precinct,21 - Virginia Highlands,1718,486,95,102,26,44,2471,0
Precinct,22 - Abingdon,1331,274,65,67,10,43,1790,0
Precinct,23 - Westover,1239,310,47,36,12,35,1679,0
Precinct,24 - Woodlawn,1492,354,79,58,10,25,2018,0
Precinct,25 - Arlington Forest,995,293,40,21,9,16,1374,0
Precinct,26 - Fillmore,1771,372,89,43,24,32,2331,0
Precinct,27 - Jefferson,1149,353,55,46,13,33,1649,0
Precinct,28 - Claremont,1628,323,63,31,20,26,2091,0
Precinct,29 - Dominion Hills,1135,281,48,53,9,21,1547,0
Precinct,30 - Glebe,1373,215,50,41,12,19,1710,0
Precinct,31 - Lexington,1190,320,42,33,13,36,1634,0
Precinct,32 - Oakridge,523,202,26,32,5,21,809,0
Precinct,33 - Rock Spring,1015,383,46,36,8,40,1528,0
Precinct,34 - Yorktown,1012,314,46,43,12,33,1460,0
Precinct,35 - Madison,887,488,40,28,14,35,1492,0
Precinct,36 - Marshall,1228,412,60,27,11,50,1788,0
Precinct,37 - Nottingham,1003,362,44,33,13,32,1487,0
Precinct,38 - Arlington View,1223,204,41,35,20,11,1534,0
Precinct,39 - Ashlawn,689,225,20,18,10,22,984,0
Precinct,40 - Virginia Square,1461,399,107,75,11,41,2094,0
Precinct,41 - Woodbury,1166,259,82,41,13,29,1590,0
Precinct,42 - Shirlington,1104,270,42,39,17,29,1501,0
Precinct,43 - Arlington Mill,1263,171,16,16,11,5,1482,0
Precinct,44 - Dawson Terrace,1021,177,47,35,12,21,1313,0
Precinct,45 - Buckingham,1218,251,56,32,18,9,1584,0
Precinct,46 - Central,1537,386,100,58,12,37,2130,0
Precinct,47 - Four Mile Run,1102,193,33,37,10,13,1388,0
Precinct,48 - Courtlands,922,296,53,41,10,22,1344,0
Precinct,49 - Monroe,845,174,60,19,5,23,1126,0
Precinct,50 - Crystal Plaza,1077,323,58,43,6,24,1531,0
Precinct,51 - Taylor,387,95,16,5,2,4,509,0
Precinct,52 - Gunston,1068,241,38,51,14,20,1432,0
Precinct,Ab - Central Absentee Precinct,31140,4488,885,507,189,456,37665,0
Precinct,Provisional,137,31,9,5,1,0,183,0
Locality,Augusta County,8177,26163,1099,502,200,202,36343,0
Precinct,101 - Jolivue,266,594,21,14,3,5,903,0
Precinct,102 - Stuarts Draft Elementary,310,769,35,18,4,10,1146,0
Precinct,103 - Verona,405,1307,50,31,11,8,1812,0
Precinct,201 - Crimora,349,1512,56,29,13,7,1966,0
Precinct,202 - New Hope,218,845,40,10,7,7,1127,0
Precinct,203 - Weyers Cave,416,1279,65,28,13,12,1813,0
Precinct,301 - Fort Defiance,623,1866,93,39,14,19,2654,0
Precinct,302 - North River,113,536,24,12,3,2,690,0
Precinct,303 - Mount Solon,120,777,28,7,2,2,936,0
Precinct,304 - Churchville Fire Station,151,647,19,8,5,0,830,0
Precinct,401 - Buffalo Gap,194,763,18,8,5,3,991,0
Precinct,402 - Churchville Elementary,153,723,29,8,9,5,927,0
Precinct,403 - Craigsville,113,525,11,6,7,8,670,0
Precinct,404 - Deerfield,32,268,5,1,4,0,310,0
Precinct,405 - Cedar Green,331,861,44,14,7,9,1266,0
Precinct,501 - Greenville,264,1211,38,10,3,9,1535,0
Precinct,502 - Middlebrook,166,570,23,12,6,4,781,0
Precinct,503 - Spottswood,162,640,16,3,1,2,824,0
Precinct,504 - White Hill,341,1323,49,17,7,9,1746,0
Precinct,601 - Sherando,232,856,31,17,6,9,1151,0
Precinct,602 - Ridgeview,527,1866,66,34,10,11,2514,0
Precinct,603 - Lyndhurst,425,1165,55,38,12,11,1706,0
Precinct,801 - Dooms,256,989,43,19,9,2,1318,0
Precinct,802 - Fishersville,629,1510,77,47,11,13,2287,0
Precinct,803 - Wilson,545,1122,67,38,18,18,1808,0
Precinct,Ab - Central Absentee Precinct,827,1628,96,34,10,17,2612,0
Precinct,Provisional,9,11,0,0,0,0,20,0
Locality,Bath County,603,1548,56,22,15,9,2253,0
Precinct,101 - Warm Springs,107,243,7,2,0,2,361,0
Precinct,102 - Mountain Grove,11,60,0,2,2,0,75,0
Precinct,201 - Hot Springs,127,180,11,4,2,2,326,0
Precinct,301 - Fairview,39,268,10,5,2,0,324,0
Precinct,302 - Burnsville,19,81,1,0,0,0,101,0
Precinct,401 - Millboro,117,313,7,4,2,1,444,0
Precinct,501 - Healing Springs,108,288,14,4,4,1,419,0
Precinct,Ab - Central Absentee Precinct,75,115,6,1,2,3,202,0
Precinct,Provisional,0,0,0,0,1,0,1,0
Locality,Bedford County,9768,30659,1074,627,176,221,42525,0
Precinct,101 - Goodview Elem School (CD 5),310,1366,42,17,3,11,1749,0
Precinct,102 - Hardy Vol Fire Co (CD 5),163,553,14,9,1,6,746,0
Precinct,103 - Chamblissburg Baptist Church (CD 5),263,942,45,8,5,5,1268,0
Precinct,104 - Stewartsville Rescue Squad (CD 5),222,864,26,7,5,3,1127,0
Precinct,201 - Bedford Christian Church (CD 5),155,454,19,9,4,5,646,0
Precinct,202 - Staunton River High School (CD 5),179,641,18,7,2,3,850,0
Precinct,203 - Moneta Elem School (CD 5),406,1303,38,13,13,10,1783,0
Precinct,204 - Quaker Baptist Church (CD 5),135,411,9,9,1,2,567,0
Precinct,205 - Saunders Vol Fire Co (CD 5),305,913,28,10,7,6,1269,0
Precinct,301 - New London Academy (CD 6),439,2055,68,47,2,6,2617,0
Precinct,302 - Bedford Regional Water Auth (CD 5),258,893,23,12,5,4,1195,0
Precinct,303 - Bethesda United Methodist Church (CD 5),161,574,17,7,1,3,763,0
Precinct,304 - Forest Youth Athletic Assoc (CD 6),185,578,18,16,1,7,805,0
Precinct,305 - Huddleston Elem School (CD 5),129,489,14,9,2,3,646,0
Precinct,401 - Forest Elementary School (CD 6),414,1285,47,39,3,14,1802,0
Precinct,402 - Thomas Jefferson Elem School (CD 6),283,827,35,32,5,4,1186,0
Precinct,403 - Knights Of Columbus Bldg (CD 6),526,1632,62,57,11,8,2296,0
Precinct,404 - St. Paul Baptist Church (CD 6),320,1210,29,37,9,1,1606,0
Precinct,502 - Big Island Elem School (CD 6),100,336,12,5,1,5,459,0
Precinct,503 - Sedalia Center (CD 6),124,455,19,3,4,6,611,0
Precinct,504 - Suck Springs Baptist Church (CD 6),189,659,19,10,2,4,883,0
Precinct,505 - Boonsboro Elementary School (CD 6),462,1142,67,14,5,19,1709,0
Precinct,506 - Boonsboro Ruritan Club (CD 6),505,1767,70,62,13,11,2428,0
Precinct,601 - Montvale Elem School (CD 6),237,890,20,17,9,6,1179,0
Precinct,602 - Shady Grove Fire Department (CD 5),241,992,30,11,9,5,1288,0
Precinct,603 - Thaxton Baptist Church #1 (CD 5),65,260,5,5,3,1,339,0
Precinct,604 - Bedford Welcome Center (CD 5),499,1191,51,21,10,8,1780,0
Precinct,701 - Goode Vol Rescue Squad (CD 5),269,1349,28,31,10,7,1694,0
Precinct,702 - Liberty High School (CD 5),225,656,13,10,3,4,911,0
Precinct,703 - Thaxton Baptist Church #2 (CD 5),145,544,24,5,5,3,726,0
Precinct,704 - Bedford Central Library (CD 5),640,1109,56,27,9,9,1850,0
Precinct,Ab - Central Absentee Precinct (CD 5),649,1246,43,22,7,13,1980,0
Precinct,Ab - Central Absentee Precinct (CD 6),556,1058,65,38,6,19,1742,0
Precinct,Provisional (CD 5),5,9,0,1,0,0,15,0
Precinct,Provisional (CD 6),4,6,0,0,0,0,10,0
Locality,Bland County,453,2573,61,21,17,14,3139,0
Precinct,101 - Bastian,48,315,8,1,4,2,378,0
Precinct,102 - Ceres,52,314,8,0,2,1,377,0
Precinct,201 - Davis,21,100,1,0,2,0,124,0
Precinct,202 - Seddon,101,551,17,4,1,8,682,0
Precinct,301 - Hollybrook,47,319,6,3,1,1,377,0
Precinct,302 - Mechanicsburg,24,164,4,2,0,0,194,0
Precinct,401 - Rocky Gap,117,652,12,9,5,2,797,0
Precinct,Ab - Central Absentee Precinct,43,157,5,2,2,0,209,0
Precinct,Provisional,0,1,0,0,0,0,1,0
Locality,Botetourt County,4494,13375,497,185,101,87,18739,0
Precinct,101 - Daleville,489,1179,50,17,9,13,1757,0
Precinct,102 - Greenfield,390,1419,55,13,12,12,1901,0
Precinct,201 - Blue Ridge,415,1347,54,17,7,7,1847,0
Precinct,202 - Rainbow Forest,394,1358,46,21,6,4,1829,0
Precinct,301 - Buchanan,361,1162,40,16,9,3,1591,0
Precinct,302 - Mill Creek,328,1111,37,11,10,7,1504,0
Precinct,403 - Eagle Rock,205,782,27,8,8,2,1032,0
Precinct,406 - Fincastle,493,1495,57,23,12,17,2097,0
Precinct,501 - Troutville,251,820,19,11,6,0,1107,0
Precinct,502 - Cloverdale,598,1638,58,24,12,14,2344,0
Precinct,Ab - Central Absentee Precinct,568,1058,52,23,10,8,1719,0
Precinct,Provisional,2,6,2,1,0,0,11,0
Locality,Bristol City,1835,4892,136,64,50,55,7032,0
Precinct,1 - First Ward,278,818,17,9,8,5,1135,0
Precinct,2 - Second Ward,454,969,42,20,16,25,1526,0
Precinct,3 - Third Ward,343,651,27,9,7,6,1043,0
Precinct,4 - Fourth Ward,490,1967,45,17,14,14,2547,0
Precinct,Ab - Central Absentee Precinct,267,479,5,9,5,5,770,0
Precinct,Provisional,3,8,0,0,0,0,11,0
Locality,Brunswick County,4481,3046,72,30,25,15,7669,0
Precinct,101 - Brodnax,189,158,3,2,3,1,356,0
Precinct,102 - Rock Store,241,309,8,3,2,0,563,0
Precinct,103 - Tillman,228,413,12,1,3,0,657,0
Precinct,201 - Dromgoole,118,93,2,0,0,0,213,0
Precinct,202 - Edgerton,485,176,6,1,2,0,670,0
Precinct,203 - Fitzhugh,350,171,4,3,0,0,528,0
Precinct,301 - Alberta,75,74,1,1,1,0,152,0
Precinct,302 - Danieltown,330,311,5,2,0,2,650,0
Precinct,303 - Elmore,166,144,2,1,1,0,314,0
Precinct,304 - Seymour,176,130,3,2,1,0,312,0
Precinct,401 - Sturgeon,653,371,6,1,0,2,1033,0
Precinct,402 - King's Store,271,93,0,0,0,0,364,0
Precinct,501 - Totaro,784,237,9,7,5,5,1047,0
Precinct,Ab - Central Absentee Precinct,407,366,11,6,7,4,801,0
Precinct,Provisional,8,0,0,0,0,1,9,0
Locality,Buchanan County,1721,7296,122,59,24,25,9247,0
Precinct,102 - Blackey,52,342,2,1,0,0,397,0
Precinct,103 - Hurley,105,746,5,4,2,3,865,0
Precinct,201 - Grassy,27,73,2,0,0,0,102,0
Precinct,202 - Bull,83,434,8,3,1,3,532,0
Precinct,203 - Rocklick,89,496,7,3,0,2,597,0
Precinct,301 - Slate,134,537,5,3,2,2,683,0
Precinct,302 - North Grundy,109,467,9,5,8,1,599,0
Precinct,403 - South Grundy,140,662,20,14,2,2,840,0
Precinct,404 - Oakwood,13,57,2,0,0,0,72,0
Precinct,501 - Prater,117,412,9,1,1,1,541,0
Precinct,502 - Fox,55,102,1,1,0,0,159,0
Precinct,503 - Vansant,96,415,10,4,3,3,531,0
Precinct,601 - Council,75,277,4,0,0,0,356,0
Precinct,602 - Garden,88,404,6,3,0,1,502,0
Precinct,603 - Hurricane,88,244,2,1,1,2,338,0
Precinct,701 - Whitewood,139,517,5,6,1,2,670,0
Precinct,702 - Contrary,69,435,13,2,0,0,519,0
Precinct,Ab - Central Absentee Precinct,242,674,12,8,3,3,942,0
Precinct,Provisional,0,2,0,0,0,0,2,0
Locality,Buckingham County,3128,3950,102,58,27,30,7295,0
Precinct,101 - New Canton,437,488,14,5,1,2,947,0
Precinct,102 - Georgia Creek,82,159,2,2,1,2,248,0
Precinct,201 - White Hall,287,294,3,5,0,1,590,0
Precinct,301 - Curdsville,243,411,9,9,1,10,683,0
Precinct,302 - New Store,124,368,9,3,1,1,506,0
Precinct,401 - Maysville,406,638,19,11,5,1,1080,0
Precinct,501 - Wrights,145,318,6,4,2,2,477,0
Precinct,502 - Glenmore,300,306,9,7,9,2,633,0
Precinct,601 - Slate River,549,355,22,1,2,7,936,0
Precinct,701 - Gold Hill,327,334,5,6,1,1,674,0
Precinct,Ab - Central Absentee Precinct,228,278,4,5,4,1,520,0
Precinct,Provisional,0,1,0,0,0,0,1,0
Locality,Buena Vista City,693,1430,83,174,13,14,2407,0
Precinct,1 - First Ward,365,825,33,58,8,4,1293,0
Precinct,2 - Second Ward,328,605,50,116,5,10,1114,0
Precinct,Provisional,0,0,0,0,0,0,0,0
Locality,Campbell County,6664,19551,665,419,102,134,27535,0
Precinct,101 - Brookville,440,1528,49,49,12,7,2085,0
Precinct,102 - New London,420,1629,72,40,12,8,2181,0
Precinct,201 - Walker,421,1181,53,46,8,19,1728,0
Precinct,202 - Bedford Springs,425,1650,60,34,4,14,2187,0
Precinct,301 - Evington,175,573,17,5,0,2,772,0
Precinct,302 - Otter River,163,546,11,11,2,3,736,0
Precinct,303 - Altavista,653,1135,59,15,7,13,1882,0
Precinct,401 - Three Forks,216,1000,20,13,4,3,1256,0
Precinct,402 - Court House,447,1721,62,26,4,14,2274,0
Precinct,501 - Spring Hill,424,1722,73,55,11,14,2299,0
Precinct,502 - Yellow Branch,371,921,29,17,4,3,1345,0
Precinct,601 - Kings,401,1025,43,26,3,0,1498,0
Precinct,602 - Concord,474,1420,39,22,11,9,1975,0
Precinct,701 - Brookneal,348,696,10,3,5,5,1067,0
Precinct,702 - Gladys,462,1039,10,12,4,4,1531,0
Precinct,703 - Morris Church,173,454,11,10,2,6,656,0
Precinct,AB - Central Absentee Precinct,648,1293,47,35,9,10,2042,0
Precinct,Provisional,3,18,0,0,0,0,21,0
Locality,Caroline County,6432,7147,368,154,99,663,14863,0
Precinct,101 - Bowling Green,387,715,35,17,6,6,1166,0
Precinct,102 - Sparta,328,558,9,5,6,5,911,0
Precinct,201 - North Madison,476,495,31,12,8,5,1027,0
Precinct,202 - South Madison,469,723,44,19,15,0,1270,0
Precinct,301 - Port Royal,217,361,11,13,6,612,1220,0
Precinct,302 - Woodford,617,769,28,15,11,7,1447,0
Precinct,401 - Dawn,990,651,52,8,6,0,1707,0
Precinct,402 - Carmel Church,355,214,13,4,2,6,594,0
Precinct,501 - West Mattaponi,666,451,19,13,9,4,1162,0
Precinct,502 - Milford,403,498,15,12,4,3,935,0
Precinct,601 - Chilesburg,525,603,50,15,9,4,1206,0
Precinct,602 - Lake,338,475,26,8,4,6,857,0
Precinct,Ab - Central Absentee Precinct,654,630,35,13,13,5,1350,0
Precinct,Provisional,7,4,0,0,0,0,11,0
Locality,Carroll County,2559,10663,220,88,69,69,13668,0
Precinct,101 - Mt Bethel,92,426,7,0,6,1,532,0
Precinct,102 - St Paul,104,618,10,6,2,6,746,0
Precinct,103 - Lambsburg,70,331,5,5,1,1,413,0
Precinct,105 - Fancy Gap,119,446,12,4,3,9,593,0
Precinct,201 - Hillsville B,309,1014,24,10,12,5,1374,0
Precinct,202 - Laurel Fork,100,387,8,3,3,7,508,0
Precinct,203 - Gladesboro,161,549,10,5,4,3,732,0
Precinct,301 - Hillsville C,334,1216,23,9,8,8,1598,0
Precinct,302 - Sylvatus,99,477,13,3,2,2,596,0
Precinct,303 - Dugspur,42,253,2,2,2,3,304,0
Precinct,402 - Woodlawn D,226,893,30,11,8,5,1173,0
Precinct,403 - Oakland D,98,505,11,5,3,2,624,0
Precinct,405 - Oakland A,106,428,11,2,4,0,551,0
Precinct,406 - Woodlawn F,38,159,3,1,0,1,202,0
Precinct,501 - Vaughan,56,329,8,2,1,0,396,0
Precinct,502 - Gladeville,148,805,14,4,3,10,984,0
Precinct,503 - Woodlawn E,79,446,6,1,1,0,533,0
Precinct,504 - Laurel,91,491,8,1,5,2,598,0
Precinct,Ab - Central Absentee Precinct,285,880,15,14,1,4,1199,0
Precinct,Provisional,2,10,0,0,0,0,12,0
Locality,Charles City County,2496,1476,67,39,15,14,4107,0
Precinct,101 - Precinct 1-1,635,545,30,8,6,5,1229,0
Precinct,201 - Precinct 2-1,749,340,15,6,4,3,1117,0
Precinct,301 - Precinct 3-1,668,441,15,16,5,4,1149,0
Precinct,Ab - Central Absentee Precinct,444,149,7,9,0,2,611,0
Precinct,Provisional,0,1,0,0,0,0,1,0
Locality,Charlotte County,2155,3479,111,38,11,14,5808,0
Precinct,101 - County Seat,324,511,19,7,1,1,863,0
Precinct,201 - Red Oak Wylliesburg,305,492,8,4,3,0,812,0
Precinct,302 - Drakes Branch,233,404,12,5,1,1,656,0
Precinct,401 - Keysville,274,505,20,7,2,4,812,0
Precinct,501 - Cullen/Red House,269,451,7,4,0,1,732,0
Precinct,602 - Phenix,247,548,15,3,1,2,816,0
Precinct,702 - Bacon/Saxe,291,373,17,6,1,4,692,0
Precinct,Ab - Central Absentee Precinct,212,195,13,2,2,1,425,0
Precinct,Provisional,0,0,0,0,0,0,0,0
Locality,Charlottesville City,17901,2960,785,383,230,213,22472,0
Precinct,101 - Recreation,1952,369,78,34,31,25,2489,0
Precinct,102 - Clark,1967,334,77,45,34,19,2476,0
Precinct,201 - Carver,1778,172,67,27,21,16,2081,0
Precinct,202 - Walker,1977,485,86,52,36,24,2660,0
Precinct,301 - Benjamin Tonsler,1702,184,61,37,18,12,2014,0
Precinct,302 - Johnson,1876,425,96,64,16,26,2503,0
Precinct,303 - Buford,1265,155,74,26,12,15,1547,0
Precinct,401 - Venable,1312,219,90,30,8,16,1675,0
Precinct,402 - Alumni Hall,1300,265,70,35,17,35,1722,0
Precinct,Ab - Central Absentee Precinct,2736,343,85,31,37,25,3257,0
Precinct,Provisional,36,9,1,2,0,0,48,0
Locality,Chesapeake City,52627,54047,3458,1146,698,729,112705,0
Precinct,1 - Great Bridge (CD 4),536,1135,84,14,7,13,1789,0
Precinct,2 - Bethel (CD 4),316,1302,61,17,7,7,1710,0
Precinct,3 - Camelot (CD 3),1802,137,22,11,18,6,1996,0
Precinct,4 - Churchland (CD 3),407,857,61,14,8,7,1354,0
Precinct,5 - Crestwood (CD 3),1340,183,28,12,12,3,1578,0
Precinct,6 - Deep Creek (CD 4),1360,1421,117,30,10,19,2957,0
Precinct,7 - Greenbrier (CD 4),693,1153,66,34,8,16,1970,0
Precinct,8 - South Norfolk Recreation (CD 3),897,868,41,19,12,12,1849,0
Precinct,9 - Bells Mill (CD 4),900,1835,101,28,16,18,2898,0
Precinct,10 - Oscar Smith (CD 3),390,424,48,10,4,7,883,0
Precinct,11 - Geneva Park (CD 3),606,834,56,9,8,7,1520,0
Precinct,12 - Georgetown (CD 3),1170,211,17,6,10,6,1420,0
Precinct,13 - Gilmerton (CD 3),622,817,54,22,14,6,1535,0
Precinct,14 - Grassfield (CD 4),159,317,8,6,2,5,497,0
Precinct,15 - B M Williams (CD 3),909,606,43,18,18,3,1597,0
Precinct,16 - Hickory Grove (CD 4),446,1358,49,17,11,6,1887,0
Precinct,17 - Indian Creek (CD 4),255,964,41,8,9,7,1284,0
Precinct,18 - Indian River (CD 3),820,426,63,18,13,4,1344,0
Precinct,19 - Jolliff (CD 4),354,791,47,17,5,7,1221,0
Precinct,19 - Jolliff (CD 3),0,0,0,0,0,0,0,0
Precinct,20 - E W Chittum (CD 4),728,1030,53,14,9,10,1844,0
Precinct,20 - E W Chittum (CD 3),3,9,1,0,0,0,13,0
Precinct,21 - Fellowship (CD 3),673,988,54,17,5,10,1747,0
Precinct,22 - Norfolk Highlands (CD 3),434,691,40,11,8,10,1194,0
Precinct,23 - Oak Grove (CD 4),853,750,58,25,14,15,1715,0
Precinct,24 - Oaklette (CD 3),887,638,49,19,22,9,1624,0
Precinct,25 - St Julians (CD 3),430,417,31,7,5,6,896,0
Precinct,26 - Johnson Park (CD 3),508,249,22,8,10,9,806,0
Precinct,27 - Silverwood (CD 3),768,1154,67,25,19,20,2053,0
Precinct,28 - Sunray I (CD 4),54,182,9,0,0,3,248,0
Precinct,29 - Tanglewood (CD 3),385,949,52,21,11,6,1424,0
Precinct,30 - South Norfolk (CD 3),805,35,10,2,8,1,861,0
Precinct,31 - Carver School (CD 3),1457,282,27,6,11,4,1787,0
Precinct,32 - Providence (CD 3),1926,103,18,6,9,9,2071,0
Precinct,33 - Westover (CD 3),345,559,29,11,9,10,963,0
Precinct,34 - Hickory Middle School (CD 4),536,1682,102,23,14,26,2383,0
Precinct,35 - Taylor Road (CD 3),725,335,42,15,9,5,1131,0
Precinct,36 - Great Bridge Baptist Church (CD 4),762,1577,76,24,15,14,2468,0
Precinct,37 - Bridgetown (CD 4),477,832,63,12,5,6,1395,0
Precinct,38 - Bailey Creek (CD 3),399,1049,62,20,7,14,1551,0
Precinct,39 - Lake Drummond (CD 4),195,490,27,6,5,6,729,0
Precinct,40 - River Birch (CD 3),1028,904,74,25,8,13,2052,0
Precinct,41 - John T West (CD 4),1206,1090,78,36,22,23,2455,0
Precinct,42 - Parkways (CD 3),820,613,44,20,10,9,1516,0
Precinct,43 - Pleasant Crossing (CD 4),334,1009,49,17,7,10,1426,0
Precinct,44 - Nansemond (CD 3),613,516,19,9,6,4,1167,0
Precinct,45 - Sunray II (CD 4),356,210,15,5,5,3,594,0
Precinct,45 - Sunray Ii (CD 3),0,0,0,0,0,0,0,0
Precinct,46 - Bells Mill II (CD 4),574,852,48,20,6,18,1518,0
Precinct,47 - Green Sea (CD 4),238,632,53,8,4,6,941,0
Precinct,48 - Jolliff Middle School (CD 4),1537,181,23,8,11,17,1777,0
Precinct,49 - Waterway (CD 4),1186,1465,87,32,27,22,2819,0
Precinct,50 - River Walk (CD 4),851,688,68,27,16,19,1669,0
Precinct,51 - Coopers Way (CD 4),457,1519,58,19,10,7,2070,0
Precinct,52 - Shipyard Road (CD 4),896,687,62,21,10,11,1687,0
Precinct,53 - Fairways (CD 3),551,486,37,15,19,8,1116,0
Precinct,54 - Pughsville (CD 3),1082,466,44,10,10,12,1624,0
Precinct,55 - Georgetown East (CD 3),736,247,13,8,9,2,1015,0
Precinct,56 - Green Tree (CD 3),779,553,33,18,7,17,1407,0
Precinct,57 - Cypress (CD 3),854,642,68,28,10,14,1616,0
Precinct,58 - Expressway (CD 4),433,198,23,8,5,4,671,0
Precinct,59 - Clearfield (CD 4),484,615,36,21,6,8,1170,0
Precinct,60 - Parker Road (CD 4),636,1486,75,29,11,24,2261,0
Precinct,61 - Centerville (CD 4),379,1034,46,20,9,12,1500,0
Precinct,62 - Fentress (CD 4),546,1219,77,22,11,19,1894,0
Precinct,63 - Poplar Branch (CD 4),251,877,47,6,5,8,1194,0
Precinct,AB - Central Absentee Precinct (CD 3),4171,1847,120,51,32,35,6256,0
Precinct,Ab - Central Absentee Precinct (CD 4),4233,4316,257,79,33,52,8970,0
Precinct,Provisional (CD 3),23,14,2,1,1,0,41,0
Precinct,Provisional (CD 4),41,41,3,1,1,0,87,0
Locality,Chesterfield County,81074,85045,6247,2004,990,1101,176461,0
Precinct,101 - Bellwood (CD 4),631,711,35,11,5,9,1402,0
Precinct,102 - South Chester (CD 4),955,1149,70,22,18,18,2232,0
Precinct,103 - Enon (CD 4),1026,1648,66,16,17,18,2791,0
Precinct,104 - North Chester (CD 4),828,1505,83,31,14,6,2467,0
Precinct,105 - Drewrys Bluff (CD 7),1017,672,43,15,16,10,1773,0
Precinct,106 - Harrowgate (CD 4),1561,1479,74,33,15,20,3182,0
Precinct,107 - Wells (CD 4),1032,1015,57,17,10,15,2146,0
Precinct,108 - Ecoff (CD 4),1033,1701,79,41,16,17,2887,0
Precinct,109 - Elizabeth Scott (CD 4),1453,1649,90,25,13,23,3253,0
Precinct,110 - Dutch Gap (CD 4),620,769,46,18,7,13,1473,0
Precinct,111 - Iron Bridge (CD 4),1425,1656,91,34,18,25,3249,0
Precinct,112 - Carver (CD 4),885,873,55,23,6,12,1854,0
Precinct,201 - Gates (CD 4),680,954,57,13,9,7,1720,0
Precinct,202 - Beulah (CD 7),1452,812,57,21,12,17,2371,0
Precinct,203 - Bird (CD 4),288,416,20,7,5,9,745,0
Precinct,204 - Jacobs (CD 7),720,662,47,19,16,13,1477,0
Precinct,205 - Falling Creek (CD 7),1627,741,43,11,20,10,2452,0
Precinct,206 - Belmont (CD 7),1108,215,33,11,17,5,1389,0
Precinct,207 - Chippenham (CD 7),568,192,16,4,6,5,791,0
Precinct,208 - Meadowbrook (CD 7),1448,593,44,6,12,5,2108,0
Precinct,209 - Salem Church (CD 4),1139,1388,107,24,15,12,2685,0
Precinct,210 - Five Forks (CD 7),1695,1037,99,31,20,18,2900,0
Precinct,211 - Nash (CD 4),953,1794,102,14,8,10,2881,0
Precinct,212 - St. Luke's (CD 7),572,659,30,14,5,4,1284,0
Precinct,213 - Southside (CD 7),2479,656,64,12,20,17,3248,0
Precinct,214 - Hopkins (CD 7),288,44,10,0,2,3,347,0
Precinct,215 - North Bird (CD 7),587,269,24,5,8,2,895,0
Precinct,301 - Ettrick (CD 4),2411,455,33,11,20,26,2956,0
Precinct,302 - Deer Run (CD 7),350,603,43,13,5,5,1019,0
Precinct,303 - Matoaca (CD 4),1261,1400,34,12,14,9,2730,0
Precinct,304 - Winfrees Store (CD 4),707,1996,56,12,5,8,2784,0
Precinct,305 - Beach (CD 4),203,711,28,10,2,6,960,0
Precinct,306 - Winterpock (CD 7),657,2039,84,29,11,9,2829,0
Precinct,307 - Cosby (CD 7),1197,1629,116,49,21,17,3029,0
Precinct,308 - South Manchester (CD 7),441,373,29,16,9,7,875,0
Precinct,309 - Skinquarter (CD 7),1142,2315,158,41,11,21,3688,0
Precinct,310 - Tomahawk (CD 7),933,1318,112,37,15,17,2432,0
Precinct,313 - Woolridge (CD 7),1197,1681,127,43,13,27,3088,0
Precinct,315 - Bailey Bridge (CD 7),676,1675,85,24,12,8,2480,0
Precinct,316 - Spring Run (CD 7),887,1345,101,39,13,16,2401,0
Precinct,317 - Birkdale (CD 7),1034,1639,79,36,8,8,2804,0
Precinct,318 - West Beach (CD 7),311,478,18,6,5,2,820,0
Precinct,401 - Harbour Pointe (CD 7),578,766,67,16,5,15,1447,0
Precinct,402 - Genito (CD 7),1693,1871,133,40,26,25,3788,0
Precinct,403 - Brandermill (CD 7),1069,1234,115,32,21,27,2498,0
Precinct,404 - Providence (CD 7),1077,904,99,31,7,11,2129,0
Precinct,405 - La Prade (CD 7),987,1125,105,20,9,6,2252,0
Precinct,406 - Smoketree (CD 7),745,1040,111,27,13,13,1949,0
Precinct,407 - Monacan (CD 7),537,712,53,22,7,16,1347,0
Precinct,408 - Reams (CD 7),1676,1099,102,40,23,15,2955,0
Precinct,409 - Manchester (CD 7),629,532,37,20,2,5,1225,0
Precinct,410 - Wagstaff (CD 7),622,650,52,22,11,7,1364,0
Precinct,411 - Swift Creek (CD 7),966,1149,113,28,14,14,2284,0
Precinct,413 - Shenandoah (CD 7),948,890,95,32,26,9,2000,0
Precinct,414 - Crenshaw (CD 7),1418,1821,119,32,29,12,3431,0
Precinct,415 - Evergreen (CD 7),1018,1229,110,47,24,15,2443,0
Precinct,416 - Evergreen West (CD 7),571,532,42,22,4,5,1176,0
Precinct,417 - Edgewater (CD 7),474,547,58,9,9,6,1103,0
Precinct,501 - Huguenot (CD 7),805,657,78,47,17,13,1617,0
Precinct,502 - Crestwood (CD 7),560,583,66,10,17,5,1241,0
Precinct,503 - Midlothian (CD 7),850,1255,96,26,5,14,2246,0
Precinct,504 - Robious (CD 7),1293,1729,154,57,15,23,3271,0
Precinct,505 - Bon Air (CD 7),1134,1041,111,37,19,22,2364,0
Precinct,506 - Greenfield (CD 7),1121,964,128,37,14,14,2278,0
Precinct,507 - Salisbury (CD 7),1086,1696,155,35,6,21,2999,0
Precinct,508 - Belgrade (CD 7),1006,1092,108,23,12,14,2255,0
Precinct,509 - Cranbeck (CD 7),826,620,63,25,14,7,1555,0
Precinct,510 - Sycamore (CD 7),929,1280,137,52,15,23,2436,0
Precinct,511 - Black Heath (CD 7),597,844,91,14,6,24,1576,0
Precinct,513 - Beaufont (CD 7),775,304,38,12,12,11,1152,0
Precinct,514 - Watkins (CD 7),1034,1443,143,59,22,17,2718,0
Precinct,515 - Davis (CD 7),1416,360,34,11,16,4,1841,0
Precinct,516 - Pocoshock (CD 7),913,278,27,15,6,6,1245,0
Precinct,517 - Roseland (CD 7),275,437,39,10,2,7,770,0
Precinct,518 - Midlothian North (CD 7),873,1432,113,37,5,23,2483,0
Precinct,Ab - Central Absentee Precinct (CD 4),2880,2952,139,50,11,38,6070,0
Precinct,Ab - Central Absentee Precinct (CD 7),6138,4997,465,150,51,104,11905,0
Precinct,Provisional (CD 4),29,26,0,0,0,1,56,0
Precinct,Provisional (CD 7),49,38,6,1,1,0,95,0
Locality,Clarke County,3051,4661,261,111,55,74,8213,0
Precinct,101 - Russell,423,1006,39,19,9,12,1508,0
Precinct,201 - Berryville,572,630,55,24,13,7,1301,0
Precinct,301 - Millwood,378,588,39,11,5,11,1032,0
Precinct,302 - Pine Grove,161,278,17,8,3,5,472,0
Precinct,401 - White Post,506,814,44,7,7,16,1394,0
Precinct,501 - Buckmarsh,380,605,32,10,10,3,1040,0
Precinct,502 - Blue Ridge,144,231,11,11,2,7,406,0
Precinct,Ab - Central Absentee Precinct,483,505,24,21,6,13,1052,0
Precinct,Provisional,4,4,0,0,0,0,8,0
Locality,Colonial Heights City,2367,5681,247,88,44,30,8457,0
Precinct,1 - First,394,667,38,13,13,4,1129,0
Precinct,2 - Second,304,870,39,12,8,3,1236,0
Precinct,3 - Third,451,963,35,18,10,10,1487,0
Precinct,4 - Fourth,536,1103,46,15,6,8,1714,0
Precinct,5 - Fifth,351,1250,55,18,4,4,1682,0
Precinct,Ab - Central Absentee Precinct,331,828,34,12,3,1,1209,0
Precinct,Provisional,0,0,0,0,0,0,0,0
Locality,Covington City,914,1349,73,25,8,13,2382,0
Precinct,101 - Precinct 1-1,127,197,9,4,1,0,338,0
Precinct,201 - Precinct 2-1,170,211,12,3,1,6,403,0
Precinct,301 - Precinct 3-1,216,149,13,1,3,0,382,0
Precinct,401 - Precinct 4-1,178,339,15,9,0,4,545,0
Precinct,501 - Precinct 5-1,148,359,18,6,1,1,533,0
Precinct,Ab - Central Absentee Precinct,75,94,6,2,2,2,181,0
Precinct,Provisional,0,0,0,0,0,0,0,0
Locality,Craig County,541,2140,54,30,20,9,2794,0
Precinct,101 - Court House,86,415,9,4,4,2,520,0
Precinct,201 - Ammendale Precinct,95,485,12,8,2,2,604,0
Precinct,301 - Givens & Reynolds Store,91,226,7,4,2,0,330,0
Precinct,303 - Marshalls Store,70,180,6,4,2,1,263,0
Precinct,401 - Barbours Creek,45,169,6,6,4,3,233,0
Precinct,402 - Paint Bank,16,31,1,0,0,0,48,0
Precinct,403 - Craig Springs,55,185,5,0,1,0,246,0
Precinct,501 - Craig City,83,448,8,4,5,1,549,0
Precinct,Provisional,0,1,0,0,0,0,1,0
Locality,Culpeper County,7759,13349,584,242,176,108,22218,0
Precinct,101 - West Fairfax,1076,1254,75,33,24,12,2474,0
Precinct,201 - East Fairfax,1092,983,54,15,17,12,2173,0
Precinct,302 - Eggbornsville,328,909,28,16,11,4,1296,0
Precinct,303 - Cardova,283,669,26,7,9,1,995,0
Precinct,304 - Willow Shade,204,274,10,7,3,3,501,0
Precinct,401 - Eldorado,362,877,23,10,14,6,1292,0
Precinct,402 - Browns Store,566,1294,45,25,11,8,1949,0
Precinct,501 - Jeffersonton,490,1136,54,27,8,9,1724,0
Precinct,502 - Rixeyville,414,1104,49,22,12,8,1609,0
Precinct,601 - Mitchells,91,172,5,2,4,0,274,0
Precinct,602 - Pearl Sample,617,1087,45,21,6,7,1783,0
Precinct,603 - South Ridge,257,301,24,12,4,6,604,0
Precinct,702 - Brandy Station,430,1126,46,7,12,12,1633,0
Precinct,703 - Lignum,254,589,27,3,7,2,882,0
Precinct,704 - Richardsville,105,338,3,5,3,0,454,0
Precinct,Ab - Central Absentee Precinct,1179,1230,70,30,31,18,2558,0
Precinct,Provisional,11,6,0,0,0,0,17,0
Locality,Cumberland County,2036,2697,95,32,24,22,4906,0
Precinct,101 - Precinct 1,393,568,24,3,6,6,1000,0
Precinct,201 - Precinct 2,295,638,21,8,6,7,975,0
Precinct,301 - Precinct 3,506,345,13,7,3,3,877,0
Precinct,401 - Precinct 4,322,535,15,6,1,3,882,0
Precinct,501 - Precinct 5,370,422,18,5,4,3,822,0
Precinct,Ab - Central Absentee Precinct,148,187,3,3,4,0,345,0
Precinct,Provisional,2,2,1,0,0,0,5,0
Locality,Danville City,11059,7303,315,117,73,85,18952,0
Precinct,1 - Ward One,384,49,4,2,2,2,443,0
Precinct,2 - Ward Two,322,186,10,12,4,5,539,0
Precinct,3 - Ward Three,728,283,26,10,6,5,1058,0
Precinct,4 - Ward Four,953,857,37,16,3,7,1873,0
Precinct,6 - Ward Six,468,57,4,0,1,2,532,0
Precinct,7 - Ward Seven,800,133,7,7,5,2,954,0
Precinct,8 - Ward Eight,586,283,12,4,2,2,889,0
Precinct,9 - Ward Nine,430,347,9,4,2,0,792,0
Precinct,10 - Ward Ten,602,448,20,5,6,1,1082,0
Precinct,11 - Ward Eleven,976,483,24,10,9,7,1509,0
Precinct,12 - Ward Twelve,971,615,26,5,8,6,1631,0
Precinct,13 - Ward Thirteen,894,440,23,9,9,9,1384,0
Precinct,14 - Ward Fourteen,234,6,0,0,2,0,242,0
Precinct,15 - Ward Fifteen,622,603,25,1,4,6,1261,0
Precinct,16 - Ward Sixteen,578,817,27,11,2,5,1440,0
Precinct,17 - Ward Seventeen,335,854,17,3,5,4,1218,0
Precinct,Ab - Central Absentee Precinct,1168,835,44,18,3,22,2090,0
Precinct,Provisional,8,7,0,0,0,0,15,0
Locality,Dickenson County,1335,4932,81,43,14,35,6440,0
Precinct,101 - South Clintwood,241,901,20,7,3,10,1182,0
Precinct,201 - Nora,63,305,4,5,1,3,381,0
Precinct,202 - Frying Pan,21,138,1,0,0,2,162,0
Precinct,203 - Clinchco,119,418,4,6,2,3,552,0
Precinct,301 - West Dante,16,161,4,1,1,0,183,0
Precinct,302 - Herald,36,307,0,2,0,4,349,0
Precinct,303 - Ridge,92,528,7,2,1,2,632,0
Precinct,401 - Haysi-colley,264,748,17,6,1,4,1040,0
Precinct,501 - Tarpon,78,200,9,3,1,1,292,0
Precinct,502 - North Clintwood,163,689,11,5,1,5,874,0
Precinct,Ab - Central Absentee Precinct,242,537,4,6,3,1,793,0
Precinct,Provisional,0,0,0,0,0,0,0,0
Locality,Dinwiddie County,5765,7447,196,79,46,42,13575,0
Precinct,101 - White Oak,113,374,5,6,2,2,502,0
Precinct,102 - Rocky Run,209,582,11,7,1,2,812,0
Precinct,103 - Church Road,211,944,18,11,0,3,1187,0
Precinct,201 - Rohoic,360,309,9,2,1,0,681,0
Precinct,202 - Sutherland,604,1038,25,9,4,5,1685,0
Precinct,301 - Reams,179,333,17,3,3,0,535,0
Precinct,302 - New Hope,341,548,10,5,5,0,909,0
Precinct,303 - Little Zion,600,532,15,8,4,5,1164,0
Precinct,401 - Dinwiddie,465,734,13,12,5,3,1232,0
Precinct,402 - Mckenney,300,428,12,4,5,5,754,0
Precinct,403 - Cherry Hill,270,237,4,0,1,3,515,0
Precinct,501 - Edgehill,166,70,7,0,1,0,244,0
Precinct,502 - Chesdin,1162,601,32,6,7,5,1813,0
Precinct,Ab - Central Absentee Precinct,785,717,18,6,7,9,1542,0
Precinct,Provisional,0,0,0,0,0,0,0,0
Locality,Emporia City,1530,789,26,8,10,4,2367,0
Precinct,101 - Precinct 1-1,292,91,1,0,1,1,386,0
Precinct,201 - Precinct 2-1,240,13,0,1,0,1,255,0
Precinct,301 - Precinct 3-1,156,179,8,5,2,1,351,0
Precinct,401 - Precinct 4-1,246,212,1,1,3,0,463,0
Precinct,501 - Precinct 5-1,229,6,2,0,2,0,239,0
Precinct,601 - District 6,153,209,11,0,1,0,374,0
Precinct,701 - District 7,213,79,3,1,1,1,298,0
Precinct,Provisional,1,0,0,0,0,0,1,0
Locality,Essex County,2542,2657,113,25,18,53,5408,0
Precinct,101 - Greater Tappahannock,537,503,22,7,5,7,1081,0
Precinct,201 - North,721,395,15,1,3,38,1173,0
Precinct,301 - South,457,825,33,6,5,3,1329,0
Precinct,401 - Central,521,619,28,7,2,3,1180,0
Precinct,Ab - Central Absentee Precinct,305,315,15,4,3,2,644,0
Precinct,Provisional,1,0,0,0,0,0,1,0
Locality,Fairfax City,7367,3702,427,263,107,162,12028,0
Precinct,1 - One,919,478,72,40,15,21,1545,0
Precinct,2 - Two,797,523,55,32,7,22,1436,0
Precinct,3 - Three,1180,650,77,43,21,28,1999,0
Precinct,4 - Four,962,490,66,45,13,29,1605,0
Precinct,5 - Five,846,434,39,35,21,17,1392,0
Precinct,6 - Six,912,446,50,31,10,17,1466,0
Precinct,Ab - Central Absentee Precinct,1747,674,68,37,19,27,2572,0
Precinct,Provisional,4,7,0,0,1,1,13,0
Locality,Fairfax County,355133,157710,15664,10369,4477,7830,551183,0
Precinct,104 - Chapel (CD 11),860,545,58,36,6,21,1526,0
Precinct,105 - Fairview (CD 11),1819,992,93,57,33,49,3043,0
Precinct,106 - Heritage (CD 11),1763,546,56,20,37,13,2435,0
Precinct,108 - Kings Park (CD 11),943,539,56,38,10,20,1606,0
Precinct,109 - Little Run (CD 11),567,306,29,19,4,15,940,0
Precinct,110 - North Springfield (CD 11),1738,828,65,41,33,26,2731,0
Precinct,113 - Canterbury (CD 11),1601,793,83,52,15,38,2582,0
Precinct,114 - Olde Creek (CD 11),736,406,39,24,7,23,1235,0
Precinct,115 - Ravensworth (CD 11),716,421,51,30,8,16,1242,0
Precinct,116 - Wakefield (CD 11),954,432,40,39,9,24,1498,0
Precinct,117 - Woodson (CD 11),1026,617,55,37,10,28,1773,0
Precinct,118 - Lake Braddock (CD 11),1726,658,99,51,21,31,2586,0
Precinct,119 - Laurel (CD 11),1604,842,93,79,19,26,2663,0
Precinct,120 - Sideburn (CD 11),1061,823,61,45,18,44,2052,0
Precinct,121 - Villa (CD 11),814,457,33,38,16,13,1371,0
Precinct,123 - Robinson (CD 11),1599,887,102,54,23,47,2712,0
Precinct,125 - Signal Hill (CD 11),1151,642,56,30,11,35,1925,0
Precinct,126 - Bonnie Brae (CD 11),997,450,67,30,18,17,1579,0
Precinct,127 - Burke Centre (CD 11),1802,890,93,73,30,36,2924,0
Precinct,128 - Cardinal (CD 11),942,470,34,30,20,34,1530,0
Precinct,129 - Keene Mill (CD 11),718,360,33,21,9,10,1151,0
Precinct,130 - Terra Centre (CD 11),950,539,55,41,11,24,1620,0
Precinct,131 - Eagle View (CD 11),1262,686,73,45,22,22,2110,0
Precinct,132 - Monument (CD 11),1581,665,65,40,28,18,2397,0
Precinct,133 - Danbury (CD 11),316,132,16,7,8,5,484,0
Precinct,134 - University (CD 11),1998,403,145,39,42,21,2648,0
Precinct,201 - Armstrong (CD 11),1458,667,69,51,17,38,2300,0
Precinct,202 - Flint Hill (CD 11),1058,677,59,49,10,40,1893,0
Precinct,203 - Floris (CD 11),1450,836,53,30,22,23,2414,0
Precinct,204 - Madison (CD 11),402,128,15,14,6,7,572,0
Precinct,208 - Reston #1 (CD 11),1441,433,69,32,25,28,2028,0
Precinct,209 - Reston #2 (CD 11),1489,377,61,39,30,21,2017,0
Precinct,213 - Vienna #1 (CD 11),1476,777,86,69,26,44,2478,0
Precinct,214 - Vienna #2 (CD 11),1184,609,59,54,18,35,1959,0
Precinct,216 - Vienna #4 (CD 11),692,310,33,25,8,13,1081,0
Precinct,218 - Vienna #6 (CD 11),957,356,35,37,7,26,1418,0
Precinct,219 - Westbriar (CD 11),1373,651,80,47,9,33,2193,0
Precinct,220 - Dogwood (CD 11),1880,576,76,52,29,28,2641,0
Precinct,221 - Hunters Woods (CD 11),1103,499,44,23,7,27,1703,0
Precinct,222 - Reston #3 (CD 11),1090,230,40,20,21,14,1415,0
Precinct,223 - Glade (CD 11),1708,561,93,66,24,29,2481,0
Precinct,224 - South Lakes (CD 11),1984,637,88,42,30,38,2819,0
Precinct,225 - Hughes (CD 11),1777,458,83,42,31,30,2421,0
Precinct,226 - Wolftrap (CD 11),1297,742,79,71,13,59,2261,0
Precinct,227 - Sunrise Valley (CD 11),700,348,26,23,10,29,1136,0
Precinct,229 - Fox Mill (CD 10),1729,1055,89,57,19,41,2990,0
Precinct,233 - North Point (CD 11),1224,729,55,29,17,44,2098,0
Precinct,234 - Aldrin (CD 11),1121,513,43,40,11,33,1761,0
Precinct,235 - Frying Pan (CD 11),1345,468,51,31,20,14,1929,0
Precinct,236 - Stuart (CD 11),559,266,30,19,8,16,898,0
Precinct,237 - Mcnair (CD 11),1594,495,72,34,27,20,2242,0
Precinct,238 - Cameron Glen (CD 11),1147,661,77,26,22,33,1966,0
Precinct,240 - Colvin (CD 10),844,611,41,29,4,28,1557,0
Precinct,301 - Chain Bridge (CD 10),941,656,40,31,14,39,1721,0
Precinct,302 - Chesterbrook (CD 8),911,475,40,39,4,29,1498,0
Precinct,303 - Churchill (CD 10),532,276,21,16,4,28,877,0
Precinct,304 - Cooper (CD 10),638,441,23,21,6,30,1159,0
Precinct,305 - El Nido (CD 8),813,369,29,36,9,26,1282,0
Precinct,306 - Great Falls (CD 10),626,551,33,9,6,32,1257,0
Precinct,307 - Haycock (CD 8),937,396,40,39,9,44,1465,0
Precinct,309 - Kenmore (CD 10),1117,694,60,37,15,36,1959,0
Precinct,310 - Kirby (CD 8),749,323,28,44,11,25,1180,0
Precinct,311 - Langley (CD 10),614,429,19,23,5,31,1121,0
Precinct,312 - Longfellow (CD 8),919,440,35,66,10,31,1501,0
Precinct,314 - Mclean (CD 10),727,462,33,33,15,22,1292,0
Precinct,315 - Pimmit (CD 8),1342,648,53,66,26,23,2158,0
Precinct,316 - Salona #1 (CD 8),320,203,17,5,3,9,557,0
Precinct,317 - Westhampton (CD 8),855,415,47,22,13,24,1376,0
Precinct,318 - Westmoreland (CD 8),516,267,28,22,9,11,853,0
Precinct,319 - Herndon #1 (CD 11),1622,784,85,69,20,42,2622,0
Precinct,320 - Herndon #2 (CD 11),1870,679,90,50,20,26,2735,0
Precinct,321 - Clearview (CD 10),1498,917,91,92,20,39,2657,0
Precinct,322 - Forestville (CD 10),870,910,49,34,16,52,1931,0
Precinct,323 - Shouse (CD 10),807,471,40,17,7,26,1368,0
Precinct,324 - Herndon #3 (CD 11),1539,593,82,43,39,23,2319,0
Precinct,325 - Hutchison (CD 11),1118,289,36,13,17,14,1487,0
Precinct,327 - Sugarland (CD 10),1324,823,74,45,15,36,2317,0
Precinct,328 - Hickory (CD 10),988,792,51,36,12,40,1919,0
Precinct,329 - Seneca (CD 10),1076,910,50,25,12,36,2109,0
Precinct,331 - Spring Hill (CD 10),676,426,43,37,4,25,1211,0
Precinct,332 - Coates (CD 11),1607,485,55,33,29,27,2236,0
Precinct,333 - Salona #2 (CD 8),562,307,27,28,6,19,949,0
Precinct,401 - Bush Hill (CD 8),1324,663,54,53,16,30,2140,0
Precinct,402 - Cameron (CD 8),506,200,21,14,5,22,768,0
Precinct,403 - Forestdale (CD 8),609,222,15,11,6,10,873,0
Precinct,404 - Franconia (CD 8),1519,518,63,36,23,22,2181,0
Precinct,405 - Groveton (CD 8),1005,257,34,10,12,11,1329,0
Precinct,406 - Hayfield (CD 8),838,614,37,35,9,21,1554,0
Precinct,408 - Mount Eagle (CD 8),1196,260,52,26,14,22,1570,0
Precinct,409 - Pioneer (CD 8),1743,599,42,30,23,22,2459,0
Precinct,410 - Rose Hill (CD 8),1727,930,81,53,27,32,2850,0
Precinct,411 - Virginia Hills (CD 8),1014,404,41,36,13,13,1521,0
Precinct,413 - Fairfield (CD 8),1259,178,15,8,13,10,1483,0
Precinct,415 - Crestwood (CD 8),1113,520,52,33,25,13,1756,0
Precinct,417 - Garfield (CD 8),1644,605,42,25,19,21,2356,0
Precinct,418 - Lynbrook (CD 8),1008,332,38,24,12,5,1419,0
Precinct,419 - Lane (CD 8),1533,468,58,46,26,27,2158,0
Precinct,420 - Villages (CD 8),1673,653,84,49,19,33,2511,0
Precinct,421 - Kingstowne (CD 8),1510,559,70,41,18,28,2226,0
Precinct,422 - Van Dorn (CD 8),1606,542,69,47,10,22,2296,0
Precinct,423 - Clermont (CD 8),1093,517,56,36,11,33,1746,0
Precinct,424 - Huntley (CD 8),1110,487,59,37,9,22,1724,0
Precinct,426 - Greenspring (CD 11),844,452,8,17,1,20,1342,0
Precinct,427 - Island Creek (CD 8),1129,456,48,33,11,26,1703,0
Precinct,428 - Pinewood (CD 8),1434,244,35,24,14,15,1766,0
Precinct,429 - Hybla Valley (CD 8),1744,269,24,12,12,9,2070,0
Precinct,501 - Baileys (CD 8),1564,396,43,43,16,25,2087,0
Precinct,502 - Barcroft (CD 11),558,238,17,10,5,16,844,0
Precinct,503 - Belvedere (CD 11),681,256,23,20,10,12,1002,0
Precinct,504 - Bristow (CD 11),1293,380,28,20,21,13,1755,0
Precinct,505 - Glen Forest (CD 8),1309,394,31,30,20,14,1798,0
Precinct,506 - Holmes #1 (CD 8),346,84,7,0,3,3,443,0
Precinct,507 - Lincolnia (CD 8),1402,448,50,31,16,20,1967,0
Precinct,508 - Masonville (CD 11),1160,509,58,39,17,17,1800,0
Precinct,509 - Plaza (CD 8),561,102,13,7,11,6,700,0
Precinct,510 - Parklawn (CD 8),948,397,24,17,18,20,1424,0
Precinct,511 - Ravenwood (CD 11),1051,382,51,31,14,39,1568,0
Precinct,512 - Sleepy Hollow (CD 11),599,258,20,29,7,22,935,0
Precinct,513 - Saint Albans (CD 8),340,168,12,10,6,12,548,0
Precinct,513 - Saint Albans (CD 11),679,293,25,21,3,17,1038,0
Precinct,514 - Crossroads (CD 8),596,101,10,8,5,7,727,0
Precinct,515 - Westlawn (CD 8),827,288,26,16,12,8,1177,0
Precinct,516 - Weyanoke (CD 8),1443,404,41,27,22,21,1958,0
Precinct,517 - Willston (CD 8),935,235,28,15,14,8,1235,0
Precinct,518 - Columbia (CD 11),1219,500,41,32,23,15,1830,0
Precinct,519 - Hummer (CD 11),761,374,32,20,8,12,1207,0
Precinct,520 - Skyline (CD 8),1184,235,22,22,21,13,1497,0
Precinct,521 - Brook Hill (CD 8),934,458,22,23,12,18,1467,0
Precinct,522 - Camelot (CD 11),538,354,29,21,6,13,961,0
Precinct,523 - Poe (CD 8),1066,461,34,23,13,26,1623,0
Precinct,525 - Walnut Hill (CD 8),1494,599,45,49,19,32,2238,0
Precinct,526 - Bren Mar (CD 8),1652,417,58,28,12,27,2194,0
Precinct,527 - Edsall (CD 8),932,381,38,22,9,11,1393,0
Precinct,528 - Ridgelea (CD 11),471,281,27,17,5,19,820,0
Precinct,530 - Holmes #2 (CD 11),911,204,29,11,14,10,1179,0
Precinct,601 - Belle Haven (CD 8),816,471,33,38,16,30,1404,0
Precinct,602 - Belleview (CD 8),940,405,50,33,12,33,1473,0
Precinct,604 - Bucknell (CD 8),1592,391,63,27,25,22,2120,0
Precinct,605 - Fort Hunt (CD 8),839,532,32,29,10,56,1498,0
Precinct,606 - Hollin Hall (CD 8),968,533,48,33,8,45,1635,0
Precinct,607 - Huntington (CD 8),1717,488,89,45,30,26,2395,0
Precinct,608 - Kirkside (CD 8),872,262,24,25,9,20,1212,0
Precinct,609 - Marlan (CD 8),825,464,46,28,15,42,1420,0
Precinct,610 - Sherwood (CD 8),868,299,30,17,5,25,1244,0
Precinct,611 - Stratford (CD 8),972,614,56,49,17,42,1750,0
Precinct,612 - Waynewood (CD 8),531,303,21,19,3,19,896,0
Precinct,613 - Westgate (CD 8),1096,1038,83,47,18,61,2343,0
Precinct,614 - Riverside (CD 8),720,516,41,44,10,32,1363,0
Precinct,615 - Woodley (CD 8),1068,586,48,35,13,44,1794,0
Precinct,616 - Gunston (CD 8),806,735,44,32,9,17,1643,0
Precinct,617 - Lorton (CD 8),1106,269,15,18,12,14,1434,0
Precinct,618 - Newington (CD 11),2085,984,94,83,31,47,3324,0
Precinct,619 - Belvoir (CD 8),894,463,39,26,14,19,1455,0
Precinct,621 - Grosvenor (CD 8),1056,293,46,40,22,14,1471,0
Precinct,622 - Lorton Station (CD 8),1616,451,47,30,18,18,2180,0
Precinct,623 - Alban (CD 8),1308,511,64,37,21,19,1960,0
Precinct,625 - Lorton Center (CD 8),843,366,33,22,19,11,1294,0
Precinct,626 - Saratoga (CD 8),1461,739,63,41,23,37,2364,0
Precinct,627 - Woodlawn (CD 8),1831,561,59,35,18,18,2522,0
Precinct,628 - Laurel Hill (CD 11),1741,630,50,27,19,25,2492,0
Precinct,629 - South County (CD 11),1063,736,45,25,14,26,1909,0
Precinct,701 - Blake (CD 11),1848,697,86,80,27,23,2761,0
Precinct,703 - Fort Buffalo (CD 8),972,260,39,34,11,19,1335,0
Precinct,704 - Freedom Hill (CD 11),904,423,29,14,13,29,1412,0
Precinct,705 - Graham - Greenway (CD 8),1713,546,66,49,21,33,2428,0
Precinct,707 - Mantua (CD 11),884,431,34,23,11,17,1400,0
Precinct,708 - Marshall (CD 8),2171,625,101,67,36,36,3036,0
Precinct,709 - Mosby (CD 11),1387,470,60,42,22,32,2013,0
Precinct,710 - Pine Spring (CD 8),1057,351,61,47,14,26,1556,0
Precinct,711 - Price (CD 11),813,411,43,22,10,18,1317,0
Precinct,712 - Shreve (CD 8),646,251,36,31,11,12,987,0
Precinct,713 - Timber Lane (CD 8),1426,445,53,44,20,26,2014,0
Precinct,714 - Walker (CD 11),1365,596,55,43,15,19,2093,0
Precinct,717 - Woodburn (CD 11),863,297,38,40,15,14,1267,0
Precinct,718 - Pine Ridge (CD 11),1024,418,38,22,15,17,1534,0
Precinct,720 - Thoreau (CD 11),1189,531,59,42,14,34,1869,0
Precinct,721 - Merrifield (CD 11),2586,712,151,80,44,44,3617,0
Precinct,726 - Magarity (CD 8),1469,533,64,62,30,27,2185,0
Precinct,727 - Oakton (CD 11),861,593,40,46,15,35,1590,0
Precinct,729 - Nottoway (CD 11),1312,523,63,55,27,34,2014,0
Precinct,730 - Penderbrook (CD 11),1468,710,77,47,29,26,2357,0
Precinct,731 - Tysons (CD 11),1058,398,54,32,15,21,1578,0
Precinct,732 - Oak Marr (CD 11),1210,819,68,54,20,42,2213,0
Precinct,733 - Kilmer (CD 11),1682,606,64,35,25,35,2447,0
Precinct,734 - Hunters Branch (CD 11),905,260,51,30,11,12,1269,0
Precinct,735 - Rotonda (CD 11),545,226,8,14,21,7,821,0
Precinct,801 - Burke (CD 11),1916,833,92,71,21,34,2967,0
Precinct,802 - Cedar Lake (CD 11),527,238,20,20,5,11,821,0
Precinct,803 - Clifton (CD 10),1081,1425,78,50,12,45,2691,0
Precinct,804 - Colchester (CD 10),605,538,29,19,7,19,1217,0
Precinct,805 - Fairfax Station (CD 10),506,443,24,23,7,16,1019,0
Precinct,806 - Sydenstricker (CD 11),1187,741,70,58,14,31,2101,0
Precinct,807 - Hunt Valley (CD 11),802,485,47,40,9,18,1401,0
Precinct,811 - Pohick (CD 11),864,342,33,25,12,15,1291,0
Precinct,812 - Valley (CD 11),1082,608,53,40,10,21,1814,0
Precinct,815 - Woodyard (CD 10),812,854,47,30,6,47,1796,0
Precinct,824 - Orange (CD 11),1421,944,90,71,22,39,2587,0
Precinct,825 - Cherry Run (CD 11),1028,700,50,41,7,35,1861,0
Precinct,827 - Irving (CD 11),953,587,37,43,18,36,1674,0
Precinct,833 - White Oaks (CD 11),1274,574,61,38,14,18,1979,0
Precinct,838 - Sangster (CD 10),736,540,37,28,7,26,1374,0
Precinct,839 - Silverbrook (CD 10),1126,909,69,41,12,38,2195,0
Precinct,840 - West Springfield (CD 11),1134,628,40,55,17,44,1918,0
Precinct,841 - Popes Head (CD 10),464,484,29,28,6,21,1032,0
Precinct,842 - Parkway (CD 11),797,609,33,36,11,35,1521,0
Precinct,843 - Fair Lakes (CD 11),1309,618,80,37,21,16,2081,0
Precinct,844 - Centerpointe (CD 11),1238,436,76,33,32,19,1834,0
Precinct,845 - Fountainhead (CD 10),1136,1163,72,31,8,42,2452,0
Precinct,846 - Greenbriar East (CD 11),1395,661,81,47,19,25,2228,0
Precinct,847 - Greenbriar West (CD 10),874,545,51,27,14,22,1533,0
Precinct,848 - Fair Oaks (CD 11),1350,615,59,27,22,19,2092,0
Precinct,849 - Newgate North (CD 10),608,449,40,20,4,19,1140,0
Precinct,850 - South Run (CD 10),923,786,43,38,6,32,1828,0
Precinct,851 - Willow Springs (CD 11),905,676,44,25,13,26,1689,0
Precinct,854 - Newgate South (CD 10),883,916,52,46,22,39,1958,0
Precinct,901 - Centre Ridge (CD 11),1379,578,71,31,29,15,2103,0
Precinct,902 - Brookfield (CD 10),1736,732,69,42,26,19,2624,0
Precinct,903 - Cub Run (CD 10),1324,890,92,66,21,32,2425,0
Precinct,904 - Stonecroft (CD 10),529,448,51,31,5,10,1074,0
Precinct,905 - Franklin (CD 10),391,198,27,17,3,11,647,0
Precinct,908 - Hidden Meadow (CD 10),820,580,48,35,11,21,1515,0
Precinct,909 - Oak Hill (CD 10),898,480,44,23,10,15,1470,0
Precinct,910 - London Towne (CD 11),1644,630,75,54,24,26,2453,0
Precinct,911 - Navy (CD 10),1251,724,50,36,16,29,2106,0
Precinct,913 - Rocky Run (CD 10),1440,1047,84,43,27,46,2687,0
Precinct,914 - Vale (CD 10),765,548,50,30,10,36,1439,0
Precinct,915 - Virginia Run (CD 10),781,856,52,23,9,25,1746,0
Precinct,916 - Waples Mill (CD 10),1416,1064,84,50,18,42,2674,0
Precinct,917 - Stone North (CD 10),758,391,56,19,5,21,1250,0
Precinct,918 - Centreville (CD 11),1821,801,105,61,30,34,2852,0
Precinct,919 - Green Trails (CD 11),1636,814,77,59,29,31,2646,0
Precinct,920 - Chantilly (CD 10),1132,627,46,25,9,30,1869,0
Precinct,921 - Deer Park (CD 10),1052,881,84,49,23,24,2113,0
Precinct,923 - Bull Run (CD 10),603,670,39,27,6,23,1368,0
Precinct,924 - Spindle (CD 11),886,330,48,29,15,15,1323,0
Precinct,925 - Old Mill (CD 10),722,446,52,20,12,10,1262,0
Precinct,925 - Old Mill (CD 11),0,0,0,0,0,0,0,0
Precinct,926 - Powell (CD 11),1914,820,101,36,23,25,2919,0
Precinct,927 - Armfield (CD 10),786,427,39,18,7,17,1294,0
Precinct,928 - Poplar Tree (CD 10),1033,662,56,24,11,31,1817,0
Precinct,929 - Difficult Run (CD 10),211,203,15,6,3,15,453,0
Precinct,930 - Lees Corner (CD 10),819,480,56,43,20,20,1438,0
Precinct,931 - Carson (CD 10),893,447,50,34,18,18,1460,0
Precinct,932 - Stone South (CD 10),731,300,35,24,13,12,1115,0
Precinct,933 - Compton (CD 11),302,165,13,13,7,5,505,0
Precinct,Ab - Central Absentee Precinct (CD 10),17488,8233,809,428,136,455,27549,0
Precinct,Ab - Central Absentee Precinct (CD 11),40351,13165,1487,890,351,735,56979,0
Precinct,Ab - Central Absentee Precinct (CD 8),26158,7795,869,562,239,509,36132,0
Precinct,Provisional (CD 10),72,38,8,0,0,3,121,0
Precinct,Provisional (CD 11),201,90,16,6,5,3,321,0
Precinct,Provisional (CD 8),187,55,11,11,0,2,266,0
Locality,Falls Church City,5819,1324,237,228,70,79,7757,0
Precinct,1 - First Ward,1259,365,55,71,20,27,1797,0
Precinct,2 - Second Ward,1044,275,39,51,15,32,1456,0
Precinct,3 - Third Ward,1318,390,72,61,18,17,1876,0
Precinct,Ab - Central Absentee Precinct,2189,293,70,45,17,3,2617,0
Precinct,Provisional,9,1,1,0,0,0,11,0
Locality,Fauquier County,12971,22127,1191,597,267,314,37467,0
Precinct,101 - Kettle Run (CD 5),200,626,22,19,5,3,875,0
Precinct,102 - Catlett (CD 1),475,1476,58,23,7,14,2053,0
Precinct,103 - Casanova (CD 5),323,554,18,4,5,4,908,0
Precinct,104 - Lois (CD 1),242,633,20,13,6,9,923,0
Precinct,105 - Opal (CD 5),237,624,25,17,1,8,912,0
Precinct,106 - Baldwin Ridge (CD 5),386,634,43,31,8,8,1110,0
Precinct,201 - Courthouse (CD 5),917,1115,76,36,28,22,2194,0
Precinct,202 - Airlie (CD 5),615,1073,69,25,9,16,1807,0
Precinct,203 - Warrenton (CD 5),853,985,69,45,16,24,1992,0
Precinct,301 - Morrisville (CD 1),342,1057,35,11,10,12,1467,0
Precinct,302 - Remington (CD 5),604,1234,65,35,13,15,1966,0
Precinct,303 - Bealeton (CD 1),828,1401,110,27,20,11,2397,0
Precinct,401 - Marshall (CD 5),694,1116,71,20,27,16,1944,0
Precinct,402 - Leeds (CD 5),690,885,40,18,9,18,1660,0
Precinct,403 - Waterloo (CD 5),636,1239,60,24,17,16,1992,0
Precinct,404 - Springs Valley (CD 5),322,584,22,18,3,8,957,0
Precinct,501 - The Plains (CD 5),718,796,36,26,11,8,1595,0
Precinct,502 - New Baltimore (CD 5),518,1121,57,41,11,15,1763,0
Precinct,503 - Broad Run (CD 5),494,915,40,22,10,20,1501,0
Precinct,504 - Vint Hill (CD 5),870,1675,88,50,19,29,2731,0
Precinct,Ab - Central Absentee Precinct (CD 1),210,324,22,12,10,6,584,0
Precinct,Ab - Central Absentee Precinct (CD 5),1786,2043,144,80,22,32,4107,0
Precinct,Provisional (CD 1),1,4,0,0,0,0,5,0
Precinct,Provisional (CD 5),10,13,1,0,0,0,24,0
Locality,Floyd County,2300,5293,185,91,107,75,8051,0
Precinct,101 - Locust Grove,382,993,31,17,13,10,1446,0
Precinct,201 - Little River,456,963,40,26,26,15,1526,0
Precinct,301 - Courthouse,449,774,36,14,23,13,1309,0
Precinct,401 - Burks Fork,309,950,31,7,18,9,1324,0
Precinct,501 - Indian Valley,271,1055,15,16,9,7,1373,0
Precinct,Ab - Central Absentee Precinct,433,554,32,11,18,21,1069,0
Precinct,Provisional,0,4,0,0,0,0,4,0
Locality,Fluvanna County,5760,7025,425,218,80,89,13597,0
Precinct,101 - Palmyra,1224,1373,95,35,17,15,2759,0
Precinct,201 - Columbia,729,997,47,24,10,12,1819,0
Precinct,301 - Fork Union,905,959,43,24,8,12,1951,0
Precinct,401 - Cunningham,780,1556,71,39,14,23,2483,0
Precinct,501 - Rivanna,1138,1330,99,68,22,16,2673,0
Precinct,Ab - Central Absentee Precinct,975,803,70,28,9,11,1896,0
Precinct,Provisional,9,7,0,0,0,0,16,0
Locality,Franklin City,2519,1421,72,15,16,18,4061,0
Precinct,101 - Precinct 1-1,247,516,24,3,2,5,797,0
Precinct,201 - Precinct 2-1,288,366,20,6,2,3,685,0
Precinct,301 - Precinct 3-1,526,45,4,0,3,0,578,0
Precinct,401 - Precinct 4-1,415,44,6,0,0,0,465,0
Precinct,501 - Precinct 5-1,466,9,1,0,1,1,478,0
Precinct,601 - Precinct 6-1,374,278,16,4,5,9,686,0
Precinct,Ab - Central Absentee Precinct,200,163,1,2,3,0,369,0
Precinct,Provisional,3,0,0,0,0,0,3,0
Locality,Franklin County,7257,18569,602,274,115,154,26971,0
Precinct,102 - Burnt Chimney,437,1248,54,14,6,11,1770,0
Precinct,103 - Scruggs,651,2009,64,20,7,9,2760,0
Precinct,201 - Glade Hill,315,1081,26,9,4,9,1444,0
Precinct,202 - Penhook,307,744,18,7,1,12,1089,0
Precinct,203 - Hodgesville,73,184,4,1,1,2,265,0
Precinct,204 - Dudley,245,646,20,10,3,1,925,0
Precinct,301 - Snow Creek,142,563,12,6,3,4,730,0
Precinct,302 - Fork Mountain,117,473,13,7,1,5,616,0
Precinct,303 - Sontag,466,723,33,13,7,3,1245,0
Precinct,304 - Dickinson,220,274,8,4,4,0,510,0
Precinct,401 - Henry,206,979,20,9,6,6,1226,0
Precinct,402 - Ferrum,200,479,16,8,7,3,713,0
Precinct,403 - Endicott,135,509,16,9,5,8,682,0
Precinct,501 - Waidsboro,201,605,22,7,2,3,840,0
Precinct,502 - Callaway,257,855,21,11,4,5,1153,0
Precinct,503 - Bowmans,154,422,24,4,6,8,618,0
Precinct,504 - Gogginsville,218,696,15,11,3,8,951,0
Precinct,601 - Boones Mill,349,1042,38,23,8,8,1468,0
Precinct,602 - Bonbrook,301,1000,36,16,12,4,1369,0
Precinct,603 - Coopers Cove,193,789,21,14,3,5,1025,0
Precinct,701 - Rocky Mount East,504,856,29,18,6,10,1423,0
Precinct,702 - Rocky Mount West,435,559,27,19,5,4,1049,0
Precinct,703 - Rocky Mount South,366,514,18,10,1,10,919,0
Precinct,Ab - Central Absentee Precinct,762,1310,47,24,10,16,2169,0
Precinct,Provisional,3,9,0,0,0,0,12,0
Locality,Frederick County,11932,26083,1280,543,325,277,40440,0
Precinct,101 - Russells,314,1112,46,10,7,5,1494,0
Precinct,102 - Gore,343,1353,45,11,21,14,1787,0
Precinct,103 - Kernstown,560,1224,60,24,20,13,1901,0
Precinct,104 - Cedar Creek,324,798,38,12,20,7,1199,0
Precinct,201 - Gainesborough,175,857,21,14,4,6,1077,0
Precinct,202 - Albin,402,1105,30,27,6,12,1582,0
Precinct,203 - Redland,527,1493,57,27,13,17,2134,0
Precinct,204 - Nain,426,1153,36,29,9,10,1663,0
Precinct,301 - Clear Brook,239,802,38,11,3,6,1099,0
Precinct,302 - Neff's Town,795,1308,83,28,25,19,2258,0
Precinct,303 - White Hall,637,1605,57,21,12,25,2357,0
Precinct,401 - Carpers Valley,597,1145,48,31,17,10,1848,0
Precinct,402 - Shenandoah,279,640,41,12,10,3,985,0
Precinct,403 - Parkin's Mill,529,1072,65,41,18,13,1738,0
Precinct,404 - Armel,546,1050,66,30,13,14,1719,0
Precinct,501 - Stephens City,609,1199,85,29,16,9,1947,0
Precinct,502 - Newtown,724,1432,99,32,18,10,2315,0
Precinct,503 - Canterburg,625,1328,56,17,17,9,2052,0
Precinct,601 - Millbrook,453,808,48,11,6,14,1340,0
Precinct,602 - Ash Hollow,659,999,67,35,23,13,1796,0
Precinct,603 - Greenwood,927,1641,87,40,27,21,2743,0
Precinct,Ab - Central Absentee Precinct,1230,1945,105,51,18,27,3376,0
Precinct,Provisional,12,14,2,0,2,0,30,0
Locality,Fredericksburg City,6707,3744,389,189,137,98,11264,0
Precinct,101 - Precinct 1 - District One,1417,1026,83,41,41,18,2626,0
Precinct,201 - Precinct 1 - District Two,1411,841,99,46,35,28,2460,0
Precinct,301 - Precinct 1 - District Three,1226,862,101,47,25,24,2285,0
Precinct,401 - Precinct 1 - District Four,1058,283,39,17,18,9,1424,0
Precinct,402 - Precinct 2 - District Four,654,260,28,20,6,6,974,0
Precinct,Ab - Central Absentee Precinct,924,459,38,18,12,13,1464,0
Precinct,Provisional,17,13,1,0,0,0,31,0
Locality,Galax City,681,1603,45,28,7,12,2376,0
Precinct,1 - East,279,593,24,9,4,8,917,0
Precinct,2 - North,184,442,4,9,2,1,642,0
Precinct,3 - South,132,390,10,6,1,2,541,0
Precinct,Ab - Central Absentee Precinct,85,178,7,4,0,1,275,0
Precinct,Provisional,1,0,0,0,0,0,1,0
Locality,Giles County,1950,5910,201,78,39,34,8212,0
Precinct,101 - Glen Lyn,20,92,1,0,1,1,115,0
Precinct,102 - Rich Creek,87,369,13,3,4,2,478,0
Precinct,103 - Narrows,316,1150,45,17,4,9,1541,0
Precinct,201 - Pearisburg,417,1422,52,17,8,9,1925,0
Precinct,202 - Staffordsville,70,247,11,2,2,2,334,0
Precinct,203 - White Gate,27,165,3,2,0,1,198,0
Precinct,301 - Eggleston,171,420,11,5,8,1,616,0
Precinct,302 - Pembroke,341,1075,30,16,9,2,1473,0
Precinct,303 - Newport,280,513,21,7,2,2,825,0
Precinct,Ab - Central Absentee Precinct,220,457,14,9,1,5,706,0
Precinct,Provisional,1,0,0,0,0,0,1,0
Locality,Gloucester County,5404,13096,693,213,134,79,19619,0
Precinct,101 - Harcum,354,950,48,24,10,5,1391,0
Precinct,102 - Salem,295,831,48,8,3,7,1192,0
Precinct,103 - Peasley,195,634,28,9,8,5,879,0
Precinct,201 - Courthouse,466,896,46,14,10,7,1439,0
Precinct,202 - Botetourt,604,1368,74,29,19,8,2102,0
Precinct,301 - White Marsh,327,1127,63,15,9,6,1547,0
Precinct,302 - Roanes,520,1416,54,30,14,8,2042,0
Precinct,401 - Hayes,579,1229,59,11,15,5,1898,0
Precinct,402 - Sarahs Creek,510,1009,61,28,13,3,1624,0
Precinct,501 - Achilles,511,1647,74,14,13,11,2270,0
Precinct,502 - Walker,415,1086,74,15,7,4,1601,0
Precinct,Ab - Central Absentee Precinct,623,894,62,16,13,10,1618,0
Precinct,Provisional,5,9,2,0,0,0,16,0
Locality,Goochland County,4889,8384,474,145,54,91,14037,0
Precinct,101 - Fife,366,533,24,9,4,1,937,0
Precinct,102 - Hadensville,480,912,45,15,6,8,1466,0
Precinct,201 - Three Square,207,215,12,3,2,8,447,0
Precinct,202 - Sandy Hook,763,1008,54,23,10,8,1866,0
Precinct,301 - Goochland Court House 1,408,738,33,8,2,4,1193,0
Precinct,302 - Goochland Court House 2,161,343,14,7,6,3,534,0
Precinct,401 - Shallow Well,458,673,41,19,3,6,1200,0
Precinct,402 - Centerville,531,1238,56,24,4,11,1864,0
Precinct,501 - Manakin,566,1205,81,10,7,20,1889,0
Precinct,502 - Blair Road,331,713,56,10,2,10,1122,0
Precinct,Ab - Central Absentee Precinct,613,796,58,17,7,12,1503,0
Precinct,Provisional,5,10,0,0,1,0,16,0
Locality,Grayson County,1407,5592,110,93,55,28,7285,0
Precinct,101 - Bridle Creek,71,186,4,5,5,1,272,0
Precinct,102 - Flatridge,38,126,2,0,1,0,167,0
Precinct,103 - Grant,76,198,5,2,3,2,286,0
Precinct,104 - Mouth Of Wilson,58,109,6,5,2,2,182,0
Precinct,105 - Mount Rogers,35,178,3,4,0,0,220,0
Precinct,106 - Rugby,46,169,7,4,0,1,227,0
Precinct,107 - Troutdale,17,110,1,1,0,4,133,0
Precinct,108 - Comers Rock,41,138,3,2,2,1,187,0
Precinct,202 - Elk Creek,79,352,6,6,7,0,450,0
Precinct,203 - Independence,244,889,19,17,8,4,1181,0
Precinct,301 - Baywood,124,582,10,6,3,1,726,0
Precinct,302 - Fairview,143,742,8,12,7,3,915,0
Precinct,401 - Fries,98,287,5,4,1,2,397,0
Precinct,402 - Providence,100,667,7,8,10,2,794,0
Precinct,403 - Oldtown,73,290,7,5,2,2,379,0
Precinct,Ab - Central Absentee Precinct,164,569,17,12,4,3,769,0
Precinct,Provisional,0,0,0,0,0,0,0,0
Locality,Greene County,2924,5945,406,167,66,100,9608,0
Precinct,101 - Dyke,220,615,21,7,6,10,879,0
Precinct,102 - Swift Run,341,757,66,22,8,17,1211,0
Precinct,201 - Ruckersville,643,1274,96,50,13,23,2099,0
Precinct,301 - Stanardsville,523,1311,66,16,16,13,1945,0
Precinct,401 - Midway,757,1426,112,54,15,27,2391,0
Precinct,Ab - Central Absentee Precinct,439,560,44,17,8,10,1078,0
Precinct,Provisional,1,2,1,1,0,0,5,0
Locality,Greensville County,2558,1737,50,12,6,0,4363,0
Precinct,101 - Precinct 1-a,317,158,5,3,0,0,483,0
Precinct,102 - Precinct 1-b,86,114,5,0,1,0,206,0
Precinct,103 - Precinct 1-c,305,44,2,0,3,0,354,0
Precinct,201 - Precinct 2-a,421,167,3,3,1,0,595,0
Precinct,202 - Precinct 2-b,284,400,5,0,1,0,690,0
Precinct,302 - Precinct 3-a,753,398,12,3,0,0,1166,0
Precinct,401 - Precinct 4-a,110,204,7,2,0,0,323,0
Precinct,402 - Precinct 4-b,195,111,5,1,0,0,312,0
Precinct,403 - Precinct 4-c,87,140,6,0,0,0,233,0
Precinct,Provisional,0,1,0,0,0,0,1,0
Locality,Halifax County,6897,9704,237,77,44,42,17001,0
Precinct,101 - Childrey,292,428,9,4,0,0,733,0
Precinct,102 - Liberty,149,218,3,4,1,0,375,0
Precinct,103 - Republican Grove,366,395,6,3,6,5,781,0
Precinct,201 - Clays Mill,172,365,5,2,0,1,545,0
Precinct,202 - Crossroads,212,294,6,2,0,0,514,0
Precinct,203 - Clover,404,416,7,1,4,1,833,0
Precinct,302 - Meadville,227,111,5,7,2,1,353,0
Precinct,304 - Vernon Hill,200,367,1,3,2,3,576,0
Precinct,305 - Sinai,649,399,11,1,3,4,1067,0
Precinct,401 - Courthouse,452,444,14,6,5,3,924,0
Precinct,403 - Center,271,580,22,9,3,2,887,0
Precinct,502 - Dan River,419,841,37,9,4,4,1314,0
Precinct,503 - Scottsburg,129,497,11,4,0,1,642,0
Precinct,601 - Black Walnut,222,514,7,3,1,0,747,0
Precinct,603 - Mt Carmel,485,596,15,5,2,0,1103,0
Precinct,605 - Union,107,205,5,2,2,0,321,0
Precinct,701 - Hyco,265,760,9,2,0,1,1037,0
Precinct,702 - Midway,104,578,13,1,0,3,699,0
Precinct,703 - Virgilina,98,375,8,1,0,0,482,0
Precinct,801 - South Boston East,597,251,12,3,4,1,868,0
Precinct,802 - South Boston West,362,178,6,1,2,2,551,0
Precinct,Ab - Central Absentee Precinct,708,886,25,4,3,10,1636,0
Precinct,Provisional,7,6,0,0,0,0,13,0
Locality,Hampton City,41312,17902,1658,551,474,459,62356,0
Precinct,101 - Aberdeen (CD 3),1228,216,34,12,23,11,1524,0
Precinct,102 - Bassette (CD 3),1644,117,13,21,6,15,1816,0
Precinct,103 - City Hall (CD 3),890,183,36,3,10,8,1130,0
Precinct,104 - Cooper (CD 3),2092,349,60,26,24,32,2583,0
Precinct,105 - East Hampton (CD 3),1813,245,26,9,18,7,2118,0
Precinct,106 - Armstrong (CD 3),1159,636,80,25,23,20,1943,0
Precinct,107 - Lindsay (CD 3),1288,276,19,11,9,5,1608,0
Precinct,108 - Thomas (CD 3),1851,268,30,20,16,6,2191,0
Precinct,109 - Phenix (CD 3),1841,129,25,13,8,10,2026,0
Precinct,110 - Phoebus (CD 2),301,200,19,3,2,1,526,0
Precinct,111 - Hampton Library (CD 3),401,296,40,5,12,3,757,0
Precinct,112 - Smith (CD 3),1636,610,60,19,23,25,2373,0
Precinct,115 - Wythe (CD 3),560,505,44,11,4,8,1132,0
Precinct,116 - Jones (CD 3),654,237,24,11,8,8,942,0
Precinct,117 - Kecoughtan (CD 3),1082,380,39,17,11,14,1543,0
Precinct,118 - Mallory (CD 3),1832,241,20,12,12,18,2135,0
Precinct,201 - Booker (CD 2),924,1065,105,19,10,16,2139,0
Precinct,202 - Bryan (CD 2),1004,919,84,17,27,13,2064,0
Precinct,203 - Burbank (CD 2),845,585,47,13,14,20,1524,0
Precinct,204 - Forrest (CD 3),1073,541,43,15,14,6,1692,0
Precinct,205 - Asbury (CD 2),982,1773,102,33,28,14,2932,0
Precinct,208 - Kraft (CD 3),1604,1176,111,25,32,22,2970,0
Precinct,209 - Langley (CD 2),940,825,57,14,16,20,1872,0
Precinct,210 - Machen (CD 3),1993,678,81,41,19,14,2826,0
Precinct,212 - Bethel (CD 3),1877,740,79,28,23,15,2762,0
Precinct,213 - Phillips (CD 2),1192,1381,120,42,19,34,2788,0
Precinct,214 - Tucker Capps (CD 3),1376,839,62,20,20,19,2336,0
Precinct,215 - Tyler (CD 3),471,85,10,3,2,3,574,0
Precinct,215 - Tyler (CD 2),20,12,1,0,0,1,34,0
Precinct,216 - Sandy Bottom (CD 3),855,439,37,15,8,18,1372,0
Precinct,217 - Syms (CD 3),444,505,33,4,1,7,994,0
Precinct,Ab - Central Absentee Precinct (CD 2),884,559,43,18,8,12,1524,0
Precinct,Ab - Central Absentee Precinct (CD 3),4433,843,69,24,23,34,5426,0
Precinct,Provisional (CD 2),32,29,4,2,0,0,67,0
Precinct,Provisional (CD 3),91,20,1,0,1,0,113,0
Locality,Hanover County,19382,39630,2310,741,314,376,62753,0
Precinct,101 - Ashland,722,623,51,11,11,10,1428,0
Precinct,104 - Sliding Hill,613,878,61,24,7,16,1599,0
Precinct,105 - Berkley,796,499,49,19,12,6,1381,0
Precinct,106 - Kersey Creek,325,604,33,15,1,7,985,0
Precinct,107 - Chickahominy,476,721,73,21,5,10,1306,0
Precinct,201 - Beaverdam,498,1498,70,16,7,13,2102,0
Precinct,202 - Blunts,363,645,31,4,2,4,1049,0
Precinct,203 - Wilmington Parish,447,1015,47,15,8,5,1537,0
Precinct,206 - Courthouse,477,643,38,19,6,6,1189,0
Precinct,208 - Oak Knoll,409,944,57,18,8,7,1443,0
Precinct,209 - West Hanover,145,279,18,4,4,1,451,0
Precinct,210 - Oak Hill,146,368,22,4,2,3,545,0
Precinct,301 - Clay,508,1277,55,19,8,10,1877,0
Precinct,303 - Shady Grove,481,1072,50,24,10,8,1645,0
Precinct,304 - Atlee,1221,2138,174,53,22,20,3628,0
Precinct,305 - Cool Spring,618,1117,78,30,2,17,1862,0
Precinct,401 - Battlefield,391,1563,58,18,5,7,2042,0
Precinct,403 - Cold Harbor,658,1687,92,22,16,15,2490,0
Precinct,404 - Black Creek,404,1694,39,30,7,12,2186,0
Precinct,405 - Pebble Creek,361,759,31,20,1,10,1182,0
Precinct,406 - Beaverdam Creek,132,319,22,7,6,1,487,0
Precinct,502 - Rural Point,542,1271,45,21,12,17,1908,0
Precinct,503 - Newman,523,1000,79,19,5,11,1637,0
Precinct,504 - Studley,236,954,40,20,12,9,1271,0
Precinct,505 - Totopotomoy,211,740,35,5,4,6,1001,0
Precinct,506 - Georgetown,369,923,63,18,4,9,1386,0
Precinct,507 - Laurel Meadow,460,1185,77,20,4,12,1758,0
Precinct,601 - Village,726,1863,105,22,21,11,2748,0
Precinct,602 - Lee Davis,557,1410,73,14,16,5,2075,0
Precinct,603 - Mechanicsville,565,838,56,24,13,8,1504,0
Precinct,604 - Hanover Grove,342,882,50,13,1,7,1295,0
Precinct,701 - Farrington,478,1190,55,20,10,9,1762,0
Precinct,702 - Montpelier,582,984,66,12,7,9,1660,0
Precinct,703 - Rockville,520,1110,57,15,9,13,1724,0
Precinct,704 - Elmont,684,1165,76,33,12,11,1981,0
Precinct,705 - South Anna,308,654,34,18,7,3,1024,0
Precinct,Ab - Central Absentee Precinct,2066,3080,247,73,27,46,5539,0
Precinct,Provisional,22,38,3,1,0,2,66,0
Locality,Harrisonburg City,10212,6262,810,310,255,144,17993,0
Precinct,101 - Northeast,1432,753,117,41,26,15,2384,0
Precinct,102 - East Central,693,263,49,21,18,12,1056,0
Precinct,103 - Southeast,1302,842,113,34,32,28,2351,0
Precinct,104 - East,1257,880,116,25,32,15,2325,0
Precinct,105 - South East Central,1235,736,115,30,23,13,2152,0
Precinct,201 - Northwest,1079,801,76,46,29,23,2054,0
Precinct,202 - Southwest,1266,829,89,48,51,16,2299,0
Precinct,203 - West,1156,620,84,48,34,12,1954,0
Precinct,Ab - Central Absentee Precinct,788,534,50,17,10,10,1409,0
Precinct,Provisional,4,4,1,0,0,0,9,0
Locality,Henrico County,93935,59857,5657,1997,1081,1127,163654,0
Precinct,101 - Coalpit (CD 7),1272,1193,97,49,16,17,2644,0
Precinct,102 - Dumbarton (CD 7),1469,505,69,28,21,16,2108,0
Precinct,103 - Glen Allen (CD 7),1238,1389,106,41,10,21,2805,0
Precinct,104 - Glenside (CD 7),1105,326,31,3,16,9,1490,0
Precinct,105 - Greendale (CD 7),664,464,50,18,17,8,1221,0
Precinct,106 - Hermitage (CD 7),1181,842,101,31,18,22,2195,0
Precinct,107 - Hilliard (CD 7),491,363,44,19,8,5,930,0
Precinct,108 - Hungary Creek (CD 7),1336,1288,105,42,17,16,2804,0
Precinct,109 - Hunton (CD 7),284,441,31,9,8,4,777,0
Precinct,110 - Johnson (CD 7),404,310,27,9,13,2,765,0
Precinct,111 - Lakeside (CD 7),889,783,91,17,26,22,1828,0
Precinct,112 - Longan (CD 7),1002,919,69,30,22,15,2057,0
Precinct,113 - Maude Trevvett (CD 7),393,392,40,7,5,6,843,0
Precinct,114 - Monument Hills (CD 7),385,330,60,25,5,6,811,0
Precinct,115 - Staples Mill (CD 7),1210,1353,106,48,15,22,2754,0
Precinct,116 - Summit Court (CD 7),525,405,62,15,15,10,1032,0
Precinct,117 - Westwood (CD 7),764,554,64,19,13,8,1422,0
Precinct,201 - Adams (CD 4),1273,71,6,1,11,2,1364,0
Precinct,202 - Azalea (CD 7),2053,125,27,15,15,14,2249,0
Precinct,203 - Belmont (CD 7),1078,479,63,29,15,8,1672,0
Precinct,204 - Brookland (CD 7),235,235,15,4,3,2,494,0
Precinct,205 - Canterbury (CD 7),259,286,43,3,2,4,597,0
Precinct,206 - Central Gardens (CD 4),1724,35,9,8,9,26,1811,0
Precinct,207 - Chamberlayne (CD 7),1327,431,51,23,15,5,1852,0
Precinct,208 - Fairfield (CD 4),1568,60,8,3,8,7,1654,0
Precinct,209 - Glen Lea (CD 4),982,180,15,4,9,12,1202,0
Precinct,210 - Greenwood (CD 7),875,202,34,10,7,7,1135,0
Precinct,211 - Highland Gardens (CD 4),689,32,8,1,4,7,741,0
Precinct,212 - Hollybrook (CD 7),389,170,18,7,6,3,593,0
Precinct,213 - Hungary (CD 7),825,194,33,18,8,5,1083,0
Precinct,214 - Longdale (CD 7),710,384,55,18,12,5,1184,0
Precinct,215 - Maplewood (CD 4),1793,79,11,7,17,4,1911,0
Precinct,216 - Moody (CD 7),383,318,30,11,8,1,751,0
Precinct,217 - Mountain (CD 7),293,228,25,12,1,2,561,0
Precinct,218 - Oakview (CD 7),62,56,4,1,3,2,128,0
Precinct,219 - Randolph (CD 7),202,46,4,1,2,0,255,0
Precinct,220 - Ratcliffe (CD 4),2132,127,29,17,17,13,2335,0
Precinct,221 - Stratford Hall (CD 7),156,101,11,9,5,1,283,0
Precinct,222 - Wilder (CD 7),1051,233,30,11,9,7,1341,0
Precinct,223 - Yellow Tavern (CD 7),1324,869,58,25,13,10,2299,0
Precinct,224 - Essex Village (CD 4),619,9,4,3,1,5,641,0
Precinct,301 - Causeway (CD 7),615,624,63,26,3,15,1346,0
Precinct,302 - Cedarfield (CD 7),769,942,104,38,8,20,1881,0
Precinct,303 - Innsbrook (CD 7),1046,862,76,37,11,18,2050,0
Precinct,304 - Jackson Davis (CD 7),486,625,48,22,6,13,1200,0
Precinct,305 - Nuckols Farm (CD 7),920,1117,114,45,12,21,2229,0
Precinct,306 - Pocahontas (CD 7),937,812,68,24,9,7,1857,0
Precinct,307 - Ridge (CD 7),505,546,41,22,7,9,1130,0
Precinct,308 - Rivers Edge (CD 7),910,1022,97,31,4,22,2086,0
Precinct,309 - Sadler (CD 7),1076,917,81,28,7,9,2118,0
Precinct,310 - Shady Grove (CD 7),946,1239,80,28,7,21,2321,0
Precinct,311 - Short Pump (CD 7),1343,1259,85,31,15,32,2765,0
Precinct,312 - Springfield (CD 7),780,562,63,32,6,10,1453,0
Precinct,313 - Stoney Run (CD 7),1278,1331,128,53,16,24,2830,0
Precinct,314 - Three Chopt (CD 7),908,963,93,40,20,13,2037,0
Precinct,315 - Tucker (CD 7),1451,608,92,55,22,14,2242,0
Precinct,401 - Quioccasin (CD 7),1024,893,105,41,15,16,2094,0
Precinct,402 - Crestview (CD 7),907,643,83,27,15,15,1690,0
Precinct,403 - Derbyshire (CD 7),566,786,70,14,6,19,1461,0
Precinct,404 - Freeman (CD 7),606,574,73,33,10,16,1312,0
Precinct,405 - Gayton (CD 7),956,1202,121,40,14,24,2357,0
Precinct,406 - Godwin (CD 7),810,783,99,30,9,14,1745,0
Precinct,407 - Lakewood (CD 7),666,803,81,14,9,7,1580,0
Precinct,408 - Lauderdale (CD 7),893,790,64,28,12,13,1800,0
Precinct,409 - Maybeury (CD 7),865,919,98,21,21,17,1941,0
Precinct,410 - Mooreland (CD 7),411,687,61,18,5,12,1194,0
Precinct,411 - Pemberton (CD 7),879,623,71,23,22,7,1625,0
Precinct,412 - Pinchbeck (CD 7),1096,913,100,22,19,17,2167,0
Precinct,413 - Ridgefield (CD 7),999,1104,95,56,16,19,2289,0
Precinct,414 - Rollingwood (CD 7),701,586,103,26,1,7,1424,0
Precinct,415 - Skipwith (CD 7),583,451,42,12,5,7,1100,0
Precinct,416 - Spottswood (CD 7),385,362,50,10,3,7,817,0
Precinct,417 - Tuckahoe (CD 7),940,1390,169,33,8,15,2555,0
Precinct,418 - Welborne (CD 7),730,485,75,11,14,13,1328,0
Precinct,419 - West End (CD 7),919,920,90,28,7,16,1980,0
Precinct,501 - Antioch (CD 4),363,1054,27,7,2,10,1463,0
Precinct,502 - Cedar Fork (CD 4),700,124,19,4,4,6,857,0
Precinct,503 - Chickahominy (CD 4),741,898,39,19,14,11,1722,0
Precinct,504 - Donahoe (CD 4),733,431,21,15,13,7,1220,0
Precinct,505 - Dorey (CD 4),881,871,48,15,5,5,1825,0
Precinct,506 - Eanes (CD 4),1181,379,32,5,11,11,1619,0
Precinct,507 - Elko (CD 4),103,450,18,2,3,0,576,0
Precinct,508 - Highland Springs (CD 4),1232,256,26,5,15,3,1537,0
Precinct,509 - Laburnum (CD 4),1093,386,20,10,10,5,1524,0
Precinct,510 - Mehfoud (CD 4),461,403,11,9,14,3,901,0
Precinct,511 - Montrose (CD 4),2256,285,37,10,15,14,2617,0
Precinct,512 - Nine Mile (CD 4),503,326,31,9,7,3,879,0
Precinct,513 - Pleasants (CD 4),1830,226,16,6,12,8,2098,0
Precinct,514 - Rolfe (CD 4),2947,306,37,23,21,11,3345,0
Precinct,515 - Sandston (CD 4),461,997,43,10,8,10,1529,0
Precinct,516 - Sullivans (CD 4),903,467,27,6,11,1,1415,0
Precinct,517 - Town Hall (CD 4),286,399,20,6,8,5,724,0
Precinct,518 - Whitlocks (CD 4),558,916,29,15,14,4,1536,0
Precinct,AB - Central Absentee Precinct (CD 4),3379,779,43,21,16,19,4257,0
Precinct,Ab - Central Absentee Precinct (CD 7),7484,4571,468,144,60,111,12838,0
Precinct,Provisional (CD 4),115,22,1,1,1,5,145,0
Precinct,Provisional (CD 7),205,161,17,5,8,5,401,0
Locality,Henry County,8198,15208,378,147,98,77,24106,0
Precinct,101 - Bassett Number Two (CD 9),246,264,6,5,2,1,524,0
Precinct,102 - Gunville (CD 9),163,774,10,10,3,0,960,0
Precinct,103 - Scott's Tanyard (CD 9),370,1200,20,11,6,3,1610,0
Precinct,201 - Fieldale (CD 9),218,403,12,4,3,0,640,0
Precinct,202 - Horsepasture #1 (CD 9),348,673,12,10,3,1,1047,0
Precinct,203 - Horsepasture #2 (CD 9),673,282,8,1,8,3,975,0
Precinct,204 - Spencer (CD 9),323,855,14,4,2,4,1202,0
Precinct,302 - Axton (CD 5),367,334,14,5,0,1,721,0
Precinct,303 - Irisburg (CD 5),558,713,25,8,7,1,1312,0
Precinct,304 - Mount Olivet (CD 5),711,622,22,5,21,6,1387,0
Precinct,304 - Mount Olivet (CD 9),3,0,0,0,0,0,3,0
Precinct,305 - Mountain Valley (CD 5),295,344,10,4,3,3,659,0
Precinct,401 - Collinsville Number 1 (CD 9),179,527,11,7,1,4,729,0
Precinct,402 - Daniels Creek (CD 9),254,522,18,7,3,2,806,0
Precinct,404 - Collinsville Number 2 (CD 9),427,763,30,9,3,6,1238,0
Precinct,405 - Mountain View (CD 5),314,430,14,1,2,4,765,0
Precinct,501 - Bassett Number One (CD 9),263,330,10,3,3,4,613,0
Precinct,502 - Figsboro (CD 9),216,627,13,8,0,1,865,0
Precinct,503 - Stanleytown (CD 9),221,1049,19,10,6,5,1310,0
Precinct,504 - Oak Level (CD 9),125,326,14,3,1,1,470,0
Precinct,505 - Dyers Store (CD 5),9,47,0,0,0,0,56,0
Precinct,505 - Dyers Store (CD 9),150,266,8,0,0,1,425,0
Precinct,601 - Fontaine (CD 9),296,722,13,6,4,8,1049,0
Precinct,602 - Hillcrest (CD 9),183,260,5,6,3,0,457,0
Precinct,603 - Ridgeway #1 (CD 5),295,932,16,4,3,4,1254,0
Precinct,604 - Ridgeway #2 (CD 9),207,694,10,5,3,3,922,0
Precinct,Ab - Central Absentee Precinct (CD 5),248,315,8,3,1,2,577,0
Precinct,Ab - Central Absentee Precinct (CD 9),536,932,36,8,7,9,1528,0
Precinct,Provisional (CD 5),0,0,0,0,0,0,0,0
Precinct,Provisional (CD 9),0,2,0,0,0,0,2,0
Locality,Highland County,371,958,33,21,8,0,1391,0
Precinct,1 - Monterey,145,300,16,9,3,0,473,0
Precinct,3 - Wilsons Mill,26,74,4,1,1,0,106,0
Precinct,5 - Blue Grass,76,163,6,5,0,0,250,0
Precinct,7 - Mill Gap,40,90,3,1,1,0,135,0
Precinct,8 - Mcdowell,71,249,4,4,2,0,330,0
Precinct,10 - Headwaters,13,82,0,1,1,0,97,0
Precinct,Provisional,0,0,0,0,0,0,0,0
Locality,Hopewell City,4724,3885,212,91,58,38,9008,0
Precinct,101 - Ward One,455,482,32,7,8,2,986,0
Precinct,201 - Ward Two,799,135,8,3,5,3,953,0
Precinct,301 - Ward Three,386,910,39,17,7,12,1371,0
Precinct,401 - Ward Four,816,760,32,21,7,0,1636,0
Precinct,501 - Ward Five,432,723,39,16,10,10,1230,0
Precinct,601 - Ward Six,848,152,22,4,7,3,1036,0
Precinct,701 - Ward Seven,591,365,23,12,12,3,1006,0
Precinct,Ab - Central Absentee Precinct,395,358,17,11,2,5,788,0
Precinct,Provisional,2,0,0,0,0,0,2,0
Locality,Isle of Wight County,7881,12204,589,207,81,113,21075,0
Precinct,101 - Smithfield,741,1455,72,32,13,17,2330,0
Precinct,102 - Cypress Creek,646,1083,54,21,7,17,1828,0
Precinct,201 - Bartlett,684,1410,83,20,10,17,2224,0
Precinct,202 - Carrollton,812,1314,103,31,11,8,2279,0
Precinct,301 - Rushmere,886,737,33,8,7,9,1680,0
Precinct,302 - Pons,1124,620,24,12,3,2,1785,0
Precinct,401 - Courthouse,194,539,12,4,0,3,752,0
Precinct,402 - Windsor,456,966,37,20,5,4,1488,0
Precinct,403 - Longview,453,735,37,10,5,7,1247,0
Precinct,501 - Walters,184,614,18,6,4,3,829,0
Precinct,502 - Camps Mill,238,186,5,4,1,2,436,0
Precinct,503 - Carrsville,198,335,17,4,3,1,558,0
Precinct,504 - Zuni,291,759,20,13,4,8,1095,0
Precinct,505 - Raynor,139,449,12,9,0,0,609,0
Precinct,Ab - Central Absentee Precinct,832,995,61,13,8,15,1924,0
Precinct,Provisional,3,7,1,0,0,0,11,0
Locality,James City County,19105,21306,1395,686,281,400,43173,0
Precinct,101 - Berkeley A,907,1208,100,55,18,31,2319,0
Precinct,102 - Berkeley B,700,823,97,48,10,21,1699,0
Precinct,103 - Berkeley C,1119,1713,65,51,6,34,2988,0
Precinct,104- Berkeley D,330,304,24,14,10,3,685,0
Precinct,201 - Jamestown A,396,293,24,16,11,7,747,0
Precinct,202 - Jamestown B,1242,856,99,42,22,21,2282,0
Precinct,203 - Jamestown C,790,943,59,43,14,20,1869,0
Precinct,204 - Jamestown D,952,1344,65,46,17,21,2445,0
Precinct,301 - Powhatan A,1046,1361,75,31,8,32,2553,0
Precinct,302 - Powhatan B,488,332,37,22,7,5,891,0
Precinct,303 - Powhatan C,342,677,26,8,2,3,1058,0
Precinct,304 - Powhatan D,1182,992,79,19,15,11,2298,0
Precinct,401 - Stonehouse A,976,1497,109,44,22,14,2662,0
Precinct,402 - Stonehouse B,1334,1721,91,41,25,27,3239,0
Precinct,403 - Stonehouse C,851,1337,69,39,17,19,2332,0
Precinct,501 - Roberts A,807,335,33,14,9,3,1201,0
Precinct,502 - Roberts B,796,1284,50,24,10,29,2193,0
Precinct,503 - Roberts C,284,137,17,9,2,1,450,0
Precinct,504 - Roberts D,1040,984,86,36,20,23,2189,0
Precinct,Ab - Central Absentee Precinct,3509,3143,190,84,36,75,7037,0
Precinct,Provisional,14,22,0,0,0,0,36,0
Locality,King and Queen County,1468,2099,75,13,18,24,3697,0
Precinct,101 - Owenton,357,265,6,2,3,2,635,0
Precinct,201 - Clarks,226,458,20,3,5,13,725,0
Precinct,301 - Shacklefords,271,374,11,2,3,4,665,0
Precinct,401 - Courthouse,297,375,18,0,4,2,696,0
Precinct,501 - Oldmill,144,460,12,3,1,1,621,0
Precinct,Ab - Central Absentee Precinct,172,167,8,3,2,2,354,0
Precinct,Provisional,1,0,0,0,0,0,1,0
Locality,King George County,4007,7341,367,177,83,84,12059,0
Precinct,101 - Courthouse,581,1203,76,41,16,9,1926,0
Precinct,102 - Passapatanzy,333,658,23,11,4,7,1036,0
Precinct,201 - Monroe,775,1775,90,49,24,19,2732,0
Precinct,301 - Dahlgren,919,1329,67,32,18,20,2385,0
Precinct,401 - Shiloh,835,1531,54,27,12,17,2476,0
Precinct,Ab - Central Absentee Precinct,559,842,57,17,9,12,1496,0
Precinct,Provisional,5,3,0,0,0,0,8,0
Locality,King William County,2760,5975,261,71,44,50,9161,0
Precinct,101 - West Point,476,1002,80,18,9,4,1589,0
Precinct,201 - Sweet Hall,188,381,21,6,3,3,602,0
Precinct,202 - Courthouse,431,648,17,7,5,3,1111,0
Precinct,301 - Aylett,370,1235,40,15,8,10,1678,0
Precinct,401 - Manquin,470,1186,47,9,9,7,1728,0
Precinct,501 - Mangohick,618,1194,28,9,8,13,1870,0
Precinct,Ab - Central Absentee Precinct,200,321,27,7,1,10,566,0
Precinct,Provisional,7,8,1,0,1,0,17,0
Locality,Lancaster County,2869,3523,141,41,35,36,6645,0
Precinct,101 - Precinct 1-1,429,673,23,11,4,6,1146,0
Precinct,201 - Precinct 2-1,646,400,20,6,0,5,1077,0
Precinct,301 - Precinct 3-1,261,598,26,5,12,8,910,0
Precinct,302 - Precinct 3-2,137,275,7,3,6,1,429,0
Precinct,401 - Precinct 4-1,624,367,13,2,6,2,1014,0
Precinct,501 - Precinct 5-1,427,779,26,9,2,6,1249,0
Precinct,Ab - Central Absentee Precinct,338,428,26,5,5,8,810,0
Precinct,Provisional,7,3,0,0,0,0,10,0
Locality,Lee County,1627,7543,106,45,33,45,9399,0
Precinct,101 - Elydale,90,368,2,3,1,0,464,0
Precinct,102 - Ewing,70,362,10,6,2,0,450,0
Precinct,103 - Rose Hill,146,688,7,6,2,4,853,0
Precinct,201 - Blackwater,33,130,1,0,1,2,167,0
Precinct,202 - Flatwoods,75,592,11,2,1,5,686,0
Precinct,203 - Jonesville,183,799,15,6,0,7,1010,0
Precinct,301 - Ben Hur,182,864,10,6,5,9,1076,0
Precinct,302 - Woodway,89,577,0,4,9,4,683,0
Precinct,401 - Stickleyville,78,307,4,2,2,0,393,0
Precinct,402 - Jasper,54,262,4,1,3,1,325,0
Precinct,403 - Seminary,53,313,3,1,1,3,374,0
Precinct,404 - Dryden,123,576,10,2,0,4,715,0
Precinct,501 - Saint Charles,103,238,0,0,0,0,341,0
Precinct,502 - Pennington,138,659,10,4,3,2,816,0
Precinct,503 - Robbins Chapel,9,100,1,1,2,0,113,0
Precinct,504 - Keokee,34,142,1,1,0,0,178,0
Precinct,Ab - Central Absentee Precinct,167,565,17,0,1,4,754,0
Precinct,Provisional,0,1,0,0,0,0,1,0
Locality,Lexington City,1514,766,92,56,20,17,2465,0
Precinct,1 - Lexington,1229,634,78,52,18,17,2028,0
Precinct,Ab - Central Absentee Precinct,285,132,14,4,2,0,437,0
Precinct,Provisional,0,0,0,0,0,0,0,0
Locality,Loudoun County,100795,69949,5674,3413,1316,1950,183097,0
Precinct,107 - Little River,932,718,66,30,16,26,1788,0
Precinct,108 - Mercer,978,707,43,30,8,14,1780,0
Precinct,112 - Freedom,768,421,21,21,3,9,1243,0
Precinct,114 - Dulles South,934,525,26,23,22,13,1543,0
Precinct,117 - Carter,640,237,25,19,11,9,941,0
Precinct,118 - Moorefield,1047,534,44,36,5,13,1679,0
Precinct,119 - Arcola,1794,1095,104,55,22,21,3091,0
Precinct,120 - Lunsford,1043,660,48,20,10,15,1796,0
Precinct,121 - Town Hall,636,455,41,32,9,10,1183,0
Precinct,122 - Hutchison Farm,1146,709,52,43,10,22,1982,0
Precinct,123 - Cardinal Ridge,597,434,39,25,8,12,1115,0
Precinct,124 - Liberty,708,437,31,20,9,8,1213,0
Precinct,125 - Rock Ridge,1113,440,30,25,11,16,1635,0
Precinct,207 - River Bend,599,467,40,25,11,10,1152,0
Precinct,208 - Algonkian,684,504,43,38,15,16,1300,0
Precinct,209 - Potomac Falls,1025,612,56,35,16,21,1765,0
Precinct,210 - Cascades,1231,735,87,38,22,22,2135,0
Precinct,213 - Countryside,429,270,33,16,7,7,762,0
Precinct,214 - Sugarland North,1157,782,76,55,12,26,2108,0
Precinct,215 - Sugarland South,1210,660,76,35,15,19,2015,0
Precinct,216 - Lowes Island,850,673,39,22,13,31,1628,0
Precinct,217 - South Bank,1113,710,48,37,13,20,1941,0
Precinct,218 - University Center,834,399,55,22,19,4,1333,0
Precinct,219 - Galilee Church,876,547,76,36,15,16,1566,0
Precinct,301 - Purcellville,932,1038,83,60,10,32,2155,0
Precinct,302 - Round Hill,719,999,71,37,10,18,1854,0
Precinct,303 - Hillsboro,636,936,39,26,10,25,1672,0
Precinct,305 - Philomont,345,438,27,11,7,13,841,0
Precinct,307 - Middleburg,495,338,17,9,7,7,873,0
Precinct,308 - St Louis,474,384,29,10,4,11,912,0
Precinct,309 - Aldie,303,346,19,8,7,7,690,0
Precinct,310 - Mountain View,805,1093,89,73,18,22,2100,0
Precinct,311 - Round Hill Elementary,658,986,57,42,14,33,1790,0
Precinct,312 - Briar Woods,1114,635,58,18,13,15,1853,0
Precinct,313 - Pinebrook,2135,1355,102,57,30,24,3703,0
Precinct,314 - Legacy,2015,968,64,35,21,23,3126,0
Precinct,315 - Firehouse,228,358,15,7,1,7,616,0
Precinct,316 - Creighton's Corner,1662,957,88,68,24,18,2817,0
Precinct,318 - Madison's Trust,614,851,56,35,9,18,1583,0
Precinct,401 - West Lovettsville,851,1229,88,42,11,15,2236,0
Precinct,402 - Waterford,731,945,68,22,14,21,1801,0
Precinct,403 - Lucketts,929,1095,63,28,17,12,2144,0
Precinct,407 - Harper Park,620,486,32,21,3,12,1174,0
Precinct,408 - Evergreen,818,616,48,22,11,18,1533,0
Precinct,409 - Clarkes Gap,730,1044,47,30,11,18,1880,0
Precinct,411 - East Lovettsville,586,816,53,27,13,16,1511,0
Precinct,413 - Tuscarora,38,49,3,0,3,0,93,0
Precinct,414 - Red Rock,637,405,27,16,4,8,1097,0
Precinct,416 - Hamilton,962,1200,64,42,15,26,2309,0
Precinct,419 - J. L. Simpson,705,997,43,38,9,19,1811,0
Precinct,420 - River Creek,686,802,28,14,6,20,1556,0
Precinct,421 - Between The Hills,88,153,6,6,4,1,258,0
Precinct,501 - West Leesburg,933,698,53,44,15,32,1775,0
Precinct,502 - East Leesburg,1273,559,72,40,19,12,1975,0
Precinct,503 - Dry Mill,472,392,49,27,10,9,959,0
Precinct,504 - Smarts Mill,960,662,92,45,14,24,1797,0
Precinct,505 - Cool Spring,990,856,81,42,13,25,2007,0
Precinct,506 - Brandon Park,714,391,53,32,21,12,1223,0
Precinct,507 - Greenway,524,413,45,28,7,12,1029,0
Precinct,508 - Balls Bluff,1032,800,74,45,18,27,1996,0
Precinct,509 - Tolbert,1345,654,55,22,18,13,2107,0
Precinct,510 - Heritage,578,540,30,22,4,14,1188,0
Precinct,615 - Hillside,986,701,60,44,17,19,1827,0
Precinct,616 - Eagle Ridge,1087,697,71,33,18,18,1924,0
Precinct,617 - Oak Grove,635,167,16,11,8,4,841,0
Precinct,619 - Ridgetop,626,243,32,13,8,7,929,0
Precinct,620 - Russell Branch,1193,849,67,55,15,23,2202,0
Precinct,621 - Dominion Trail,1326,824,72,55,8,27,2312,0
Precinct,622 - Farmwell Station,1266,626,52,33,11,11,1999,0
Precinct,623 - Weller,804,607,28,19,6,10,1474,0
Precinct,625 - Mill Run,402,346,26,15,1,11,801,0
Precinct,626 - Ashby Ponds,411,359,7,9,2,10,798,0
Precinct,627 - Ashbrook,903,428,45,16,16,10,1418,0
Precinct,628 - Moorefield Station,1144,596,66,34,14,13,1867,0
Precinct,629 - Discovery,301,223,8,5,4,5,546,0
Precinct,701 - Sully,1086,611,53,34,15,17,1816,0
Precinct,702 - Park View,912,505,42,27,17,12,1515,0
Precinct,703 - Rolling Ridge,1260,509,57,31,31,12,1900,0
Precinct,705 - Forest Grove,1313,775,75,40,12,19,2234,0
Precinct,707 - Claude Moore Park,930,421,39,26,9,10,1435,0
Precinct,708 - Seneca,885,593,38,27,18,22,1583,0
Precinct,709 - Mirror Ridge,1173,472,55,42,21,20,1783,0
Precinct,710 - Sterling,939,494,50,25,17,12,1537,0
Precinct,808 - Stone Bridge,1218,884,103,69,16,28,2318,0
Precinct,810 - Cedar Lane,1108,689,66,49,13,29,1954,0
Precinct,813 - Seldens Landing,881,523,48,21,6,12,1491,0
Precinct,814 - Newton - Lee,992,898,37,30,5,31,1993,0
Precinct,815 - Belmont Ridge,892,692,33,27,1,29,1674,0
Precinct,817 - Sanders Corner,1250,972,75,55,29,43,2424,0
Precinct,818 - Broad Run,868,603,48,28,10,19,1576,0
Precinct,819 - Heritage Church,784,627,42,30,16,12,1511,0
Precinct,820 - Belmont Station,919,631,40,40,7,10,1647,0
Precinct,822 - Riverside,696,492,35,16,6,20,1265,0
Precinct,Ab - Central Absentee Precinct,18822,10617,992,562,190,403,31586,0
Precinct,Provisional,102,60,9,3,2,3,179,0
Locality,Louisa County,6212,10528,505,163,124,99,17631,0
Precinct,101 - Zion,697,977,59,10,10,15,1768,0
Precinct,102 - Mechanicsville,349,528,31,16,6,4,934,0
Precinct,201 - Louisa #1,369,624,26,14,15,8,1056,0
Precinct,202 - Louisa #2,334,614,35,12,10,7,1012,0
Precinct,301 - Patrick Henry No 1,926,808,44,12,7,9,1806,0
Precinct,302 - Patrick Henry #2,183,281,12,4,6,3,489,0
Precinct,401 - Mineral,480,1105,37,14,6,4,1646,0
Precinct,402 - Yanceyville,202,290,11,6,14,3,526,0
Precinct,501 - Fredericks Hall,229,285,15,2,5,3,539,0
Precinct,502 - Cuckoo,268,557,29,5,5,6,870,0
Precinct,503 - Elk Creek,153,436,16,8,4,1,618,0
Precinct,601 - Bumpass,193,690,21,4,6,6,920,0
Precinct,602 - Locust Creek,326,824,48,13,8,4,1223,0
Precinct,701 - Sheltons Mill,372,911,41,15,6,3,1348,0
Precinct,702 - South Anna,320,614,21,11,5,7,978,0
Precinct,Ab - Central Absentee Precinct,807,983,59,17,11,16,1893,0
Precinct,Provisional,4,1,0,0,0,0,5,0
Locality,Lunenburg County,2227,3204,88,32,25,10,5586,0
Precinct,101 - Plymouth,165,440,14,3,2,1,625,0
Precinct,201 - Browns Store,192,356,14,5,0,3,570,0
Precinct,301 - Rosebud,79,306,5,2,3,0,395,0
Precinct,302 - Flat Rock,170,267,7,1,0,3,448,0
Precinct,401 - Arrowhead Gun Club,55,214,4,2,5,0,280,0
Precinct,402 - Pleasant Grove,141,351,7,4,5,0,508,0
Precinct,501 - Reedy Creek,199,162,9,1,0,3,374,0
Precinct,502 - Peoples Community Center,278,121,4,6,3,0,412,0
Precinct,601 - Hounds Creek,430,271,6,1,2,0,710,0
Precinct,701 - Meherrin Fire Department,148,186,3,2,4,0,343,0
Precinct,702 - Victoria Public Library,151,256,6,1,0,0,414,0
Precinct,Ab - Central Absentee Precinct,219,274,9,4,1,0,507,0
Precinct,Provisional,0,0,0,0,0,0,0,0
Locality,Lynchburg City,14792,17982,1379,998,208,312,35671,0
Precinct,101 - First Ward First Precinct,1198,1453,110,95,14,27,2897,0
Precinct,102 - First Ward Second Precinct,951,1384,117,73,19,22,2566,0
Precinct,103 - First Ward Third Precinct,749,934,69,36,4,12,1804,0
Precinct,104 - First Ward Fourth Precinct,503,349,50,14,11,8,935,0
Precinct,105 - First Ward Fifth Precinct,603,446,68,30,6,10,1163,0
Precinct,201 - Second Ward First Precinct,1805,489,69,46,19,30,2458,0
Precinct,202 - Second Ward Second Precinct,1459,339,55,26,13,14,1906,0
Precinct,203 - Second Ward Third Precinct,563,141,8,7,1,3,723,0
Precinct,204 - Second Ward Fourth Precinct,348,281,17,6,4,5,661,0
Precinct,301 - Third Ward First Precinct,520,458,57,37,11,8,1091,0
Precinct,302 - Third Ward Second Precinct,140,2739,137,156,4,29,3205,0
Precinct,303 - Third Ward Third Precinct,446,722,63,41,10,13,1295,0
Precinct,304 - Third Ward Fourth Precinct,399,691,52,39,10,14,1205,0
Precinct,305 - Third Ward Fifth Precinct,670,1672,78,81,7,20,2528,0
Precinct,401 - Fourth Ward First Precinct,857,1855,102,93,12,24,2943,0
Precinct,402 - Fourth Ward Second Precinct,432,607,38,20,5,9,1111,0
Precinct,403 - Fourth Ward Third Precinct,901,1251,134,92,21,21,2420,0
Precinct,404 - Fourth Ward Fourth Precinct,973,1100,82,48,18,24,2245,0
Precinct,Ab - Central Absentee Precinct,1270,1068,72,58,18,19,2505,0
Precinct,Provisional,5,3,1,0,1,0,10,0
Locality,Madison County,2203,4419,184,87,43,43,6979,0
Precinct,1 - Oak Park,277,420,20,8,4,3,732,0
Precinct,2 - Radiant,347,665,28,12,7,8,1067,0
Precinct,3 - Rochelle,136,359,11,6,3,2,517,0
Precinct,4 - Graves Mill,13,44,4,1,1,0,63,0
Precinct,5 - Madison,390,743,38,13,7,5,1196,0
Precinct,6 - Wolftown,205,420,27,12,3,1,668,0
Precinct,7 - Brightwood,285,852,21,20,5,6,1189,0
Precinct,8 - Criglersville,177,359,9,7,2,7,561,0
Precinct,9 - Etlan,75,234,9,1,4,3,326,0
Precinct,Ab - Central Absentee Precinct,297,322,17,7,7,8,658,0
Precinct,Provisional,1,1,0,0,0,0,2,0
Locality,Manassas City,8423,5953,488,246,147,154,15411,0
Precinct,1 - Dean,1488,1294,90,54,22,27,2975,0
Precinct,2 - Weems,1150,819,85,37,24,32,2147,0
Precinct,3 - Metz,1274,936,66,39,22,28,2365,0
Precinct,4 - Haydon,1350,1004,81,34,30,12,2511,0
Precinct,5 - Baldwin,1501,797,85,42,27,24,2476,0
Precinct,Ab - Central Absentee Precinct,1645,1100,81,40,22,31,2919,0
Precinct,Provisional,15,3,0,0,0,0,18,0
Locality,Manassas Park City,3204,1733,162,57,45,31,5232,0
Precinct,1 - Precinct One,912,419,36,22,15,7,1411,0
Precinct,2 - Precinct Two,813,468,48,13,6,6,1354,0
Precinct,3 - Precinct Three,846,425,41,14,13,12,1351,0
Precinct,Ab - Central Absentee Precinct,628,418,37,8,11,6,1108,0
Precinct,Provisional,5,3,0,0,0,0,8,0
Locality,Martinsville City,3533,2149,114,51,29,31,5907,0
Precinct,1 - Precinct #1,531,22,2,3,2,1,561,0
Precinct,2 - Precinct #2,643,418,27,16,13,5,1122,0
Precinct,3 - Precinct #3,487,221,9,6,0,4,727,0
Precinct,4 - Precinct #4,731,359,14,6,3,4,1117,0
Precinct,5 - Precinct #5,505,913,54,15,6,11,1504,0
Precinct,6 - Precinct #6,303,2,0,3,2,0,310,0
Precinct,Ab - Central Absentee Precinct,331,214,7,2,3,6,563,0
Precinct,Provisional,2,0,1,0,0,0,3,0
Locality,Mathews County,1563,3517,147,36,31,17,5311,0
Precinct,1 - Chesapeake,256,667,38,9,6,1,977,0
Precinct,2 - Westville,424,1034,42,4,10,8,1522,0
Precinct,3 - Piankatank,496,1107,44,12,13,5,1677,0
Precinct,Ab - Central Absentee Precinct,387,707,23,11,2,3,1133,0
Precinct,Provisional,0,2,0,0,0,0,2,0
Locality,Mecklenburg County,6285,8288,239,54,30,49,14945,0
Precinct,101 - Wrights Store,241,219,7,0,0,1,468,0
Precinct,102 - Pearsons Store,50,117,2,2,0,0,171,0
Precinct,103 - South Clarksville,454,374,8,5,1,1,843,0
Precinct,201 - Boydton,225,215,10,1,0,1,452,0
Precinct,202 - Bluestone Senior High School,112,74,3,0,1,0,190,0
Precinct,203 - Chase City Vfw Post,316,73,4,0,0,4,397,0
Precinct,301 - Bracey,248,731,16,4,1,2,1002,0
Precinct,302 - Lacrosse,287,374,5,1,1,2,670,0
Precinct,401 - American Legion Hall,770,401,9,1,3,3,1187,0
Precinct,402 - Park View Middle School,125,68,0,0,2,2,197,0
Precinct,501 - South Hill,594,788,26,8,3,5,1424,0
Precinct,601 - Baskerville,197,389,9,3,2,3,603,0
Precinct,602 - Union Level,61,262,7,3,1,0,334,0
Precinct,603 - Smith Crossroads,83,164,7,0,0,0,254,0
Precinct,604 - Lake Gaston,110,222,4,0,0,1,337,0
Precinct,701 - Chase City,256,384,9,5,3,6,663,0
Precinct,702 - Sunshine,203,322,7,2,1,2,537,0
Precinct,801 - Finchley,87,110,1,1,0,1,200,0
Precinct,802 - Bluestone,234,499,6,1,0,2,742,0
Precinct,803 - Chase City Elementary School,230,300,12,3,2,0,547,0
Precinct,901 - Averett,20,168,0,0,0,0,188,0
Precinct,902 - Buffalo Springs,75,248,13,3,0,2,341,0
Precinct,903 - Clarksville,342,786,35,7,4,5,1179,0
Precinct,Ab - Central Absentee Precinct,950,995,39,4,5,6,1999,0
Precinct,Provisional,15,5,0,0,0,0,20,0
Locality,Middlesex County,2108,3670,140,50,33,16,6017,0
Precinct,101 - Saluda,146,235,14,5,2,0,402,0
Precinct,102 - Urbanna,212,418,21,3,5,2,661,0
Precinct,201 - New Market,276,903,22,12,5,5,1223,0
Precinct,302 - Church View,419,539,17,7,2,2,986,0
Precinct,401- Harmony Village,406,513,23,5,6,1,954,0
Precinct,501 - Wilton,370,741,22,13,11,4,1161,0
Precinct,Ab - Central Absentee Precinct,278,319,21,5,2,1,626,0
Precinct,Provisional,1,2,0,0,0,1,4,0
Locality,Montgomery County,20021,19459,2026,798,401,326,43031,0
Precinct,101 - Precinct A-1,941,761,91,33,15,12,1853,0
Precinct,102 - Precinct A-2,1175,404,123,45,33,19,1799,0
Precinct,103 - Precinct A-3,1571,733,129,57,31,21,2542,0
Precinct,201 - Precinct B-1,103,135,5,2,0,4,249,0
Precinct,202 - Precinct B-2,920,1149,118,34,27,17,2265,0
Precinct,203 - Precinct B-3,515,748,62,29,3,7,1364,0
Precinct,204 - Precinct B-4,1072,1268,96,60,23,24,2543,0
Precinct,301 - Precinct C-1,390,1251,26,19,10,8,1704,0
Precinct,302 - Precinct C-2,503,1109,55,26,11,6,1710,0
Precinct,303 - Precinct C-3,133,430,24,8,3,1,599,0
Precinct,304 - Precinct C-4,566,1075,69,30,5,4,1749,0
Precinct,401 - Precinct D-1,370,609,48,25,10,9,1071,0
Precinct,402 - Precinct D-2,360,1150,52,18,7,7,1594,0
Precinct,403 - Precinct D-3,321,979,31,19,13,1,1364,0
Precinct,404 - Precinct D-4,175,544,24,13,4,4,764,0
Precinct,405 - Precinct D-5,657,1126,62,28,15,12,1900,0
Precinct,501 - Precinct E-1,958,909,74,31,17,15,2004,0
Precinct,502 - Precinct E-2,445,716,40,31,17,11,1260,0
Precinct,503 - Precinct E-3,1081,509,129,18,14,15,1766,0
Precinct,601 - Precinct F-1,1437,581,156,44,40,23,2281,0
Precinct,602 - Precinct F-2,1330,570,127,60,18,16,2121,0
Precinct,603 - Precinct F-3,343,263,65,11,8,8,698,0
Precinct,701 - Precinct G-1,1632,741,143,79,29,31,2655,0
Precinct,702 - Precinct G-2,1170,458,147,28,29,21,1853,0
Precinct,Ab - Central Absentee Precinct,1847,1237,130,50,19,30,3313,0
Precinct,Provisional,6,4,0,0,0,0,10,0
Locality,Nelson County,3689,4154,244,95,81,55,8318,0
Precinct,101 - Rockfish,704,772,54,24,28,2,1584,0
Precinct,201 - Lovingston,363,450,26,10,8,11,868,0
Precinct,202 - Schuyler,240,274,11,4,4,4,537,0
Precinct,301 - Shipman,524,627,32,5,7,4,1199,0
Precinct,302 - Gladstone,86,111,7,4,1,4,213,0
Precinct,401 - Roseland,476,784,30,14,8,2,1314,0
Precinct,402 - Montebello,36,77,3,2,0,1,119,0
Precinct,501 - Faber,268,295,16,6,9,4,598,0
Precinct,502 - Nellysford,654,556,36,17,12,11,1286,0
Precinct,Ab - Central Absentee Precinct,326,204,25,9,4,12,580,0
Precinct,Provisional,12,4,4,0,0,0,20,0
Locality,New Kent County,3546,8118,348,102,52,76,12242,0
Precinct,102 - Tunstall,133,461,14,4,1,0,613,0
Precinct,103 - Southern Branch,354,1237,44,9,6,13,1663,0
Precinct,201 - Quinton,504,969,53,21,4,17,1568,0
Precinct,202 - Kentwood,191,687,29,8,6,6,927,0
Precinct,301 - Watkins,386,533,20,7,3,9,958,0
Precinct,302 - Cumberland,371,779,37,13,10,3,1213,0
Precinct,401 - Providence Forge,505,1005,39,12,6,9,1576,0
Precinct,403 - Mountcastle,187,454,27,3,3,3,677,0
Precinct,501 - Eltham,270,568,25,5,8,1,877,0
Precinct,502 - Chickahominy River,255,879,26,8,4,3,1175,0
Precinct,Ab - Central Absentee Precinct,389,545,33,12,1,12,992,0
Precinct,Provisional,1,1,1,0,0,0,3,0
Locality,Newport News City,45618,25468,2531,931,591,576,75715,0
Precinct,101 - Denbigh (CD 3),1839,537,53,24,26,23,2502,0
Precinct,102 - Epes (CD 3),1952,454,60,19,25,9,2519,0
Precinct,103 - Jenkins (CD 3),1435,799,100,27,21,23,2405,0
Precinct,104 - Mcintosh (CD 3),1264,373,58,26,12,8,1741,0
Precinct,105 - Oyster Point (CD 3),326,221,32,10,8,4,601,0
Precinct,106 - Reservoir (CD 3),1878,844,69,35,27,24,2877,0
Precinct,107 - Richneck (CD 3),1513,925,86,38,20,20,2602,0
Precinct,108 - Lee Hall (CD 3),1300,467,58,19,15,7,1866,0
Precinct,109 - Windsor (CD 3),752,480,39,12,16,10,1309,0
Precinct,110 - Greenwood (CD 3),1616,529,79,14,26,12,2276,0
Precinct,201 - Bland (CD 3),333,139,16,6,4,4,502,0
Precinct,202 - Boulevard (CD 3),754,846,84,31,18,26,1759,0
Precinct,203 - Charles (CD 3),1154,1431,111,41,16,20,2773,0
Precinct,204 - Wellesley (CD 3),1007,698,103,34,19,15,1876,0
Precinct,205 - Deep Creek (CD 3),769,1224,93,35,19,23,2163,0
Precinct,208 - Hidenwood (CD 3),452,687,48,12,3,11,1213,0
Precinct,209 - Hilton (CD 3),740,790,86,32,14,13,1675,0
Precinct,210 - Nelson (CD 3),1292,1372,107,42,17,22,2852,0
Precinct,211 - Palmer (CD 3),1135,707,93,33,22,10,2000,0
Precinct,212 - Riverside (CD 3),421,589,57,27,8,14,1116,0
Precinct,213 - Sanford (CD 3),289,472,29,25,5,3,823,0
Precinct,215 - Warwick (CD 3),531,401,35,23,12,6,1008,0
Precinct,216 - Yates (CD 3),536,618,53,16,5,5,1233,0
Precinct,217 - Riverview (CD 3),718,930,65,20,5,20,1758,0
Precinct,218 - Kiln Creek (CD 3),1578,1176,107,50,12,22,2945,0
Precinct,219 - Deer Park (CD 3),1606,657,130,30,21,24,2468,0
Precinct,302 - Briarfield (CD 3),1137,279,25,15,9,7,1472,0
Precinct,303 - Carver (CD 3),710,246,23,11,7,4,1001,0
Precinct,304 - Chestnut (CD 3),651,13,7,2,4,7,684,0
Precinct,305 - Downtown (CD 3),384,85,12,6,5,3,495,0
Precinct,306 - Dunbar (CD 3),285,5,6,2,3,1,302,0
Precinct,307 - Huntington (CD 3),592,12,0,2,0,6,612,0
Precinct,308 - Jefferson (CD 3),571,11,5,3,5,4,599,0
Precinct,309 - Magruder (CD 3),654,10,6,5,7,4,686,0
Precinct,310 - Marshall (CD 3),887,20,6,7,5,7,932,0
Precinct,311 - Newmarket (CD 3),1262,444,32,15,8,7,1768,0
Precinct,312 - Newsome Park (CD 3),239,3,0,0,1,0,243,0
Precinct,313 - Reed (CD 3),1270,29,7,3,4,6,1319,0
Precinct,314 - River (CD 3),550,363,43,7,7,7,977,0
Precinct,315 - Sedgefield (CD 3),631,644,67,16,7,8,1373,0
Precinct,316 - South Morrison (CD 3),1058,553,62,21,24,27,1745,0
Precinct,317 - Washington (CD 3),375,8,1,0,2,2,388,0
Precinct,318 - Wilson (CD 3),703,64,14,5,5,3,794,0
Precinct,319 - Saunders (CD 3),1238,972,71,31,25,15,2352,0
Precinct,320 - Watkins (CD 3),1409,1523,135,32,24,22,3145,0
Precinct,Ab - Central Absentee Precinct (CD 3),3774,1799,154,65,42,56,5890,0
Precinct,Provisional (CD 3),48,19,4,2,1,2,76,0
Locality,Norfolk City,57023,21552,2717,761,797,538,83388,0
Precinct,101 - Granby (CD 3),1323,599,91,24,23,14,2074,0
Precinct,101 - Granby (CD 2),12,8,0,0,0,0,20,0
Precinct,102 - Ocean View School (CD 2),535,448,64,8,10,7,1072,0
Precinct,103 - Northside (CD 2),662,673,66,24,12,6,1443,0
Precinct,104 - Titustown (CD 3),410,15,11,7,8,4,455,0
Precinct,104 - Titustown (CD 2),297,110,8,5,6,3,429,0
Precinct,106 - Zion Grace (CD 2),1199,656,79,17,19,21,1991,0
Precinct,201 - Old Dominion (CD 3),2008,861,138,43,35,19,3104,0
Precinct,203 - Ghent Square (CD 3),578,223,42,20,3,11,877,0
Precinct,207 - Lambert's Point (CD 3),1757,209,73,9,33,12,2093,0
Precinct,208 - Larchmont Library (CD 3),352,262,32,14,2,5,667,0
Precinct,210 - Maury (CD 3),1106,375,68,29,17,15,1610,0
Precinct,211 - Chrysler Museum (CD 3),1356,593,104,23,32,20,2128,0
Precinct,212 - Park Place (CD 3),1086,40,16,10,11,5,1168,0
Precinct,213 - Taylor Elementary School (CD 3),1380,422,110,32,42,25,2011,0
Precinct,214 - Stuart (CD 3),1342,383,79,17,23,6,1850,0
Precinct,215 - Suburban Park (CD 2),811,558,42,28,14,14,1467,0
Precinct,217 - Wesley (CD 2),862,424,48,7,19,8,1368,0
Precinct,218 - Willard (CD 3),1222,926,114,30,15,22,2329,0
Precinct,301 - Ballentine (CD 3),1264,198,26,4,21,7,1520,0
Precinct,302 - Tanners Creek (CD 3),762,158,29,10,10,4,973,0
Precinct,303 - Bowling Park (CD 3),1798,63,18,2,11,6,1898,0
Precinct,304 - Coleman Place School (CD 3),719,153,9,4,6,9,900,0
Precinct,305 - Lafayette-winona (CD 3),977,203,26,8,14,6,1234,0
Precinct,306 - Lindenwood (CD 3),900,82,13,8,9,5,1017,0
Precinct,309 - Norview (CD 3),1978,480,65,20,27,18,2588,0
Precinct,310 - Rosemont (CD 3),2014,98,29,9,12,7,2169,0
Precinct,311 - Sherwood (CD 3),1655,786,89,19,25,18,2592,0
Precinct,313 - Union Chapel (CD 3),770,13,4,5,6,1,799,0
Precinct,402 - Berkley (CD 3),1221,13,9,3,10,0,1256,0
Precinct,403 - Brambleton (CD 3),839,12,4,6,3,1,865,0
Precinct,404 - Campostella (CD 3),1207,50,9,5,6,3,1280,0
Precinct,405 - Chesterfield (CD 3),1362,42,7,1,14,8,1434,0
Precinct,406 - Barron Black (CD 2),643,436,38,4,16,5,1142,0
Precinct,408 - Easton (CD 3),925,627,48,11,11,9,1631,0
Precinct,409 - Fairlawn (CD 3),710,472,53,15,11,5,1266,0
Precinct,411 - Ruffner Academy (CD 3),498,16,4,0,0,4,522,0
Precinct,412 - Ingleside (CD 3),1181,151,28,6,6,8,1380,0
Precinct,413 - Poplar Halls (CD 3),1593,308,27,13,5,10,1956,0
Precinct,414 - Young Park (CD 3),1519,26,12,8,11,5,1581,0
Precinct,415 - Lake Taylor High School (CD 3),903,450,39,14,9,22,1437,0
Precinct,501 - Bayview (CD 2),934,828,108,13,17,12,1912,0
Precinct,503 - East Ocean View (CD 2),1040,810,72,20,23,20,1985,0
Precinct,504 - Larrymore (CD 2),858,561,49,15,20,6,1509,0
Precinct,505 - Little Creek (CD 2),538,579,51,5,7,5,1185,0
Precinct,506 - Ocean View Center (CD 2),1262,647,79,23,26,13,2050,0
Precinct,507 - Pretlow (CD 2),907,673,77,24,31,12,1724,0
Precinct,509 - Tarrallton (CD 2),703,977,72,20,13,15,1800,0
Precinct,510 - Third Presbyterian (CD 2),790,998,106,23,17,15,1949,0
Precinct,511 - Crossroads (CD 2),851,788,77,25,25,8,1774,0
Precinct,512 - Azalea Gardens (CD 2),513,481,26,10,9,9,1048,0
Precinct,Ab - Central Absentee Precinct (CD 2),1167,565,93,23,13,7,1868,0
Precinct,Ab - Central Absentee Precinct (CD 3),3627,997,133,38,27,35,4857,0
Precinct,Provisional (CD 2),17,15,0,0,0,0,32,0
Precinct,Provisional (CD 3),80,11,3,0,2,3,99,0
Locality,Northampton County,3255,2686,116,37,40,38,6172,0
Precinct,101 - Precinct 1-1,584,623,29,11,11,7,1265,0
Precinct,201 - Precinct 2-1,713,316,20,5,8,3,1065,0
Precinct,301 - Precinct 3-1,640,287,13,2,2,8,952,0
Precinct,401 - Precinct 4-1,457,540,17,2,7,5,1028,0
Precinct,501 - Precinct 5-1,476,545,25,10,6,8,1070,0
Precinct,Ab - Central Absentee Precinct,385,375,12,7,6,7,792,0
Precinct,Provisional,0,0,0,0,0,0,0,0
Locality,Northumberland County,2852,4302,136,51,21,36,7398,0
Precinct,101 - 1a,413,650,20,7,8,2,1100,0
Precinct,201 - 2a,414,851,20,16,4,7,1312,0
Precinct,301 - 3a,495,230,8,4,2,0,739,0
Precinct,302 - 3b,286,79,2,0,0,1,368,0
Precinct,401 - 4a,481,1021,49,13,1,10,1575,0
Precinct,501 - 5a,438,999,25,7,4,9,1482,0
Precinct,Ab - Central Absentee Precinct,325,472,12,4,2,7,822,0
Precinct,Provisional,0,0,0,0,0,0,0,0
Locality,Norton City,383,1021,24,22,6,4,1460,0
Precinct,1 - East Ward,383,1021,24,22,6,4,1460,0
Precinct,Provisional,0,0,0,0,0,0,0,0
Locality,Nottoway County,2829,3712,116,35,25,27,6744,0
Precinct,101 - Precinct 1-1,262,437,12,7,3,0,721,0
Precinct,102 - Precinct 1-2,180,348,5,2,2,2,539,0
Precinct,201 - Precinct 2-1,330,561,12,7,8,7,925,0
Precinct,202 - Precinct 2-2,86,302,10,3,0,4,405,0
Precinct,301 - Precinct 3-1,371,208,7,2,1,0,589,0
Precinct,302 - Precinct 3-2,158,233,5,3,1,0,400,0
Precinct,401 - Precinct 4-1,482,140,8,0,2,1,633,0
Precinct,402 - Precinct 4-2,197,401,12,2,4,1,617,0
Precinct,501 - Precinct 5-1,491,642,30,9,2,6,1180,0
Precinct,Ab - Central Absentee Precinct,272,440,15,0,2,6,735,0
Precinct,Provisional,0,0,0,0,0,0,0,0
Locality,Orange County,5957,10521,399,178,116,99,17270,0
Precinct,101 - One West,570,989,39,15,9,12,1634,0
Precinct,102 - One East,604,814,46,19,20,8,1511,0
Precinct,201 - Two West,458,1107,22,12,8,9,1616,0
Precinct,202 - Two East,347,1028,28,5,9,5,1422,0
Precinct,301 - Three West,855,1002,50,13,14,14,1948,0
Precinct,302 - Three East,205,381,11,7,5,1,610,0
Precinct,401 - Four West,352,1197,28,16,4,7,1604,0
Precinct,402 - Four East,569,888,60,17,17,8,1559,0
Precinct,501 - Five South,662,1064,34,22,15,8,1805,0
Precinct,502 - Five North,696,1270,38,26,8,11,2049,0
Precinct,Ab - Central Absentee Precinct,637,771,42,26,6,16,1498,0
Precinct,Provisional,2,10,1,0,1,0,14,0
Locality,Page County,2514,7831,198,89,38,70,10740,0
Precinct,101 - West Luray,531,1287,47,26,5,13,1909,0
Precinct,201 - East Luray,544,1469,49,21,9,28,2120,0
Precinct,301 - Marksville,406,1670,33,14,10,11,2144,0
Precinct,401 - Newport,342,1296,30,9,2,4,1683,0
Precinct,501 - Shenandoah,328,1593,26,13,9,8,1977,0
Precinct,Ab - Central Absentee Precinct,363,513,13,6,3,6,904,0
Precinct,Provisional,0,3,0,0,0,0,3,0
Locality,Patrick County,1768,6454,147,71,49,36,8525,0
Precinct,101 - Ararat,113,375,10,3,2,1,504,0
Precinct,102 - Claudville,72,381,7,2,1,0,463,0
Precinct,103 - Willis Gap,90,385,5,3,1,0,484,0
Precinct,201 - Dry Pond,44,244,8,0,1,1,298,0
Precinct,202 - Patrick Springs,164,640,13,7,4,3,831,0
Precinct,203 - Russell Creek,119,502,5,11,2,1,640,0
Precinct,301 - Critz/stella,236,711,8,12,3,4,974,0
Precinct,302 - Liberty,66,512,14,4,6,1,603,0
Precinct,401 - Meadows Of Dan,166,431,17,5,3,2,624,0
Precinct,402 - Stuart Administration,166,589,16,5,9,4,789,0
Precinct,501 - Stuart Community,68,262,10,3,0,0,343,0
Precinct,502 - Elamsville,109,425,9,4,6,13,566,0
Precinct,503 - Woolwine,133,502,11,2,6,3,657,0
Precinct,Ab - Central Absentee Precinct,222,495,14,10,5,3,749,0
Precinct,Provisional,0,0,0,0,0,0,0,0
Locality,Petersburg City,12021,1451,139,58,67,50,13786,0
Precinct,101 - First Ward First Precinct,1210,125,7,8,5,4,1359,0
Precinct,201 - Second Ward First Precinct,1724,175,24,15,12,6,1956,0
Precinct,301 - Third Ward First Precinct,1615,400,40,11,14,11,2091,0
Precinct,401 - Fourth Ward First Precinct,1249,219,22,4,9,4,1507,0
Precinct,501 - Fifth Ward First Precinct,1361,99,14,5,10,10,1499,0
Precinct,601 - Sixth Ward First Precinct,1301,36,3,5,5,2,1352,0
Precinct,701 - Seventh Ward First Precinct,1513,146,11,7,6,7,1690,0
Precinct,Ab - Central Absentee Precinct,2032,248,18,3,6,6,2313,0
Precinct,Provisional,16,3,0,0,0,0,19,0
Locality,Pittsylvania County,9199,21554,442,202,106,95,31598,0
Precinct,103 - Twin Springs,351,1833,47,17,3,8,2259,0
Precinct,105 - Chatham,189,561,21,8,8,5,792,0
Precinct,106 - Tunstall,181,765,12,7,4,4,973,0
Precinct,108 - West Blairs,151,401,9,4,2,0,567,0
Precinct,201 - Callands,181,640,6,6,0,2,835,0
Precinct,202- Bearskin,77,166,0,2,1,0,246,0
Precinct,204 - Sandy Level,123,417,12,6,2,3,563,0
Precinct,206 - Climax,118,488,6,3,4,2,621,0
Precinct,207 - Gretna,347,1167,19,5,4,3,1545,0
Precinct,301 - Central,439,293,12,5,0,2,751,0
Precinct,305 - Riceville,378,291,6,3,2,2,682,0
Precinct,307 - East Blairs,696,233,7,2,6,0,944,0
Precinct,308 - Mt Airy,228,181,7,8,2,0,426,0
Precinct,309 - East Gretna,244,251,7,2,3,2,509,0
Precinct,402 - Keeling,152,721,11,5,2,1,892,0
Precinct,404 - Kentuck,370,1266,28,9,8,3,1684,0
Precinct,405 - Ringgold,487,1259,19,7,5,3,1780,0
Precinct,501 - Hurt,390,982,17,13,7,4,1413,0
Precinct,502 - Motley Sycamore,433,1038,23,14,6,9,1523,0
Precinct,503 - Renan,221,573,14,6,3,5,822,0
Precinct,603 - Stony Mill,263,863,13,3,3,4,1149,0
Precinct,604 - Swansonville,302,599,10,7,3,2,923,0
Precinct,605 - Whitmell,230,631,12,2,2,2,879,0
Precinct,606 - Brosville,425,458,10,5,1,4,903,0
Precinct,607 - Dry Fork,82,325,5,1,1,0,414,0
Precinct,702 - Bachelors Hall,180,1075,20,4,5,3,1287,0
Precinct,703 - Ferry Road,92,191,1,3,1,2,290,0
Precinct,704 - Mt Hermon,494,1491,27,22,5,7,2046,0
Precinct,705 - Mt Cross,154,720,15,4,4,2,899,0
Precinct,Ab - Central Absentee Precinct,1217,1663,46,19,9,11,2965,0
Precinct,Provisional,4,12,0,0,0,0,16,0
Locality,Poquoson City,1601,5092,307,76,43,58,7177,0
Precinct,1 - Central,424,1432,82,24,9,18,1989,0
Precinct,2 - Eastern,451,1630,90,22,13,10,2216,0
Precinct,3 - Western,470,1485,89,18,16,20,2098,0
Precinct,Ab - Central Absentee Precinct,254,541,46,12,5,10,868,0
Precinct,Provisional,2,4,0,0,0,0,6,0
Locality,Portsmouth City,28497,12795,1096,331,323,223,43265,0
Precinct,1 - Emanuel A. M. E. Church,804,386,67,9,16,6,1288,0
Precinct,5 - Hampton Roads Community Health Center,866,15,5,3,2,0,891,0
Precinct,7- Park View Elementary School,627,191,31,11,4,7,871,0
Precinct,9 - Third Baptist Church,1032,189,26,6,12,4,1269,0
Precinct,10 - Port Norfolk Recreation Center,421,265,43,8,4,1,742,0
Precinct,11 - Mt. Hermon Village,960,19,6,4,5,6,1000,0
Precinct,13 - St. Mark Missionary Baptist Church,762,14,3,1,4,5,789,0
Precinct,14 - Emily N. Spong Preschool,1011,30,10,7,7,5,1070,0
Precinct,16 - Cradock Middle School,814,322,35,10,16,10,1207,0
Precinct,17 - Victory Life Fellowship,902,428,31,6,18,7,1392,0
Precinct,19 - Fairview Heights Baptist Church,360,348,18,8,8,3,745,0
Precinct,20 - Noble Street Baptist Church,660,251,28,6,11,4,960,0
Precinct,21 - John F. Kennedy Community Center,729,19,2,1,7,2,760,0
Precinct,22 - Forward Church,626,498,38,16,11,6,1195,0
Precinct,23 - Westhaven Baptist Church,411,691,55,14,14,6,1191,0
Precinct,24 - Willett Hall,603,318,33,8,7,1,970,0
Precinct,25 - John Tyler Elementary School,625,516,47,15,9,6,1218,0
Precinct,26 - William E. Waters Middle School,1165,28,9,6,6,1,1215,0
Precinct,27 - Cavalier Manor Recreation Center,1155,32,14,5,7,3,1216,0
Precinct,28 - Lakeview Elementary School,1452,40,7,10,10,8,1527,0
Precinct,29 - Saint Andrew's United Methodist Church,247,584,37,6,10,3,887,0
Precinct,30 - The Rescue Church,305,756,35,13,10,6,1125,0
Precinct,31 - West Park Church Of Christ,1061,663,41,17,13,9,1804,0
Precinct,32 - Hodges Manor Elementary School,355,587,25,6,3,11,987,0
Precinct,33- Pinecrest Baptist Church,214,627,42,6,5,4,898,0
Precinct,34- Churchland Branch Library,467,665,62,9,12,7,1222,0
Precinct,35 - Churchland Elementary School,567,819,61,21,8,11,1487,0
Precinct,36 - Scottish Rite Temple,1304,1177,80,28,24,19,2632,0
Precinct,37 - Churchland Middle School,1302,618,57,21,15,9,2022,0
Precinct,38 - Grove Baptist Church,1926,237,33,17,15,16,2244,0
Precinct,39 - River Shore Baptist Church,1529,580,41,15,12,10,2187,0
Precinct,Ab - Central Absentee Precinct,3200,860,72,18,17,27,4194,0
Precinct,Provisional,35,22,2,0,1,0,60,0
Locality,Powhatan County,4060,11885,639,151,73,92,16900,0
Precinct,101 - Subletts,381,1269,71,17,9,13,1760,0
Precinct,102 - Manakin,295,811,43,6,1,5,1161,0
Precinct,103 - Flat Rock,198,747,29,14,9,5,1002,0
Precinct,201 - Powhatan Station,225,1067,53,10,9,14,1378,0
Precinct,202 - Graceland,378,1298,63,14,10,5,1768,0
Precinct,301 - Bethesda,338,1048,56,8,4,5,1459,0
Precinct,302 - Lee's Landing,259,795,49,4,5,1,1113,0
Precinct,401 - Powhatan Courthouse,439,1675,105,20,6,7,2252,0
Precinct,402 - Mt Zion,192,613,28,12,5,7,857,0
Precinct,501 - Smith Cross Roads,486,744,36,13,5,4,1288,0
Precinct,502 - Pineville,255,395,25,12,1,4,692,0
Precinct,503 - Tobaccoville,118,491,17,1,0,3,630,0
Precinct,Ab - Central Absentee Precinct,493,922,64,19,9,19,1526,0
Precinct,Provisional,3,10,0,1,0,0,14,0
Locality,Prince Edward County,4591,4101,286,85,53,27,9143,0
Precinct,101 - Farmville,540,465,45,13,10,2,1075,0
Precinct,201 - Lockett,576,679,22,22,6,2,1307,0
Precinct,301 - Leigh,395,355,24,3,4,2,783,0
Precinct,302 - Mt Pleasant,237,172,5,4,1,1,420,0
Precinct,401 - Hampden,426,422,22,6,1,5,882,0
Precinct,501 - Darlington Hts,228,365,14,2,2,2,613,0
Precinct,502 - Buffalo Hts,154,215,12,7,2,0,390,0
Precinct,601 - Prospect,697,478,26,6,9,2,1218,0
Precinct,701 - West End,503,439,59,9,8,3,1021,0
Precinct,801 - Center,487,151,36,5,7,2,688,0
Precinct,Ab - Central Absentee Precinct,347,358,21,8,3,6,743,0
Precinct,Provisional,1,2,0,0,0,0,3,0
Locality,Prince George County,6419,9157,374,120,70,44,16184,0
Precinct,101 - Richard Bland (CD 4),274,548,29,9,3,4,867,0
Precinct,102 - Templeton (CD 4),578,1771,57,19,3,5,2433,0
Precinct,103 - Union Branch (CD 4),621,861,30,13,6,5,1536,0
Precinct,104 - Rives (CD 4),581,459,31,2,6,0,1079,0
Precinct,105 - Harrison (CD 4),135,420,8,3,3,2,571,0
Precinct,201 - Bland (CD 4),733,1347,55,8,4,1,2148,0
Precinct,202 - Black Water (CD 4),445,1017,32,14,8,4,1520,0
Precinct,203 - Brandon (CD 4),183,414,10,3,1,0,611,0
Precinct,204 - Courts Bldg (CD 4),941,857,40,24,16,8,1886,0
Precinct,205 - Jefferson Park (CD 4),938,468,29,9,11,7,1462,0
Precinct,Ab - Central Absentee Precinct (CD 4),990,995,53,16,9,8,2071,0
Precinct,Provisional (CD 4),0,0,0,0,0,0,0,0
Locality,Prince William County,113144,71721,5374,2995,1497,1807,196538,0
Precinct,101 - Brentsville (CD 1),392,1119,54,28,9,14,1616,0
Precinct,102 - Cedar Point (CD 1),1166,1223,97,46,25,30,2587,0
Precinct,103 - Glenkirk (CD 1),796,873,39,40,13,12,1773,0
Precinct,104 - Nokesville (CD 1),632,1083,55,20,13,24,1827,0
Precinct,105 - Limestone (CD 1),1117,1077,74,45,16,20,2349,0
Precinct,106 - Westgate (CD 1),1002,324,39,19,22,10,1416,0
Precinct,107 - Marsteller (CD 1),1297,1154,71,28,14,31,2595,0
Precinct,108 - Victory (CD 1),1273,1013,72,54,11,38,2461,0
Precinct,109 - Piney Branch (CD 1),1061,775,66,32,17,12,1963,0
Precinct,110 - Buckland Mills (CD 10),558,403,19,17,6,5,1008,0
Precinct,110 - Buckland Mills (CD 1),182,207,9,9,0,2,409,0
Precinct,111 - Bristow Run (CD 1),1306,1298,97,59,21,25,2806,0
Precinct,112 - Burke-nickens (CD 10),812,784,50,17,20,12,1695,0
Precinct,112 - Burke-nickens (CD 1),21,35,0,0,1,0,57,0
Precinct,201 - Saunders (CD 11),968,407,43,21,12,9,1460,0
Precinct,202 - Marshall (CD 1),781,1059,72,28,15,17,1972,0
Precinct,203 - Bennett (CD 1),926,955,71,35,15,22,2024,0
Precinct,204 - Ellis (CD 1),884,660,50,21,20,23,1658,0
Precinct,205 - Buckhall (CD 10),751,793,62,32,8,11,1657,0
Precinct,206 - Coles (CD 1),548,791,45,21,18,9,1432,0
Precinct,207 - Spriggs (CD 1),1329,857,63,33,19,24,2325,0
Precinct,208 - Hylton (CD 1),489,801,36,18,10,6,1360,0
Precinct,209 - Independent Hill (CD 1),399,864,33,18,11,16,1341,0
Precinct,210 - Penn (CD 11),74,45,5,1,0,0,125,0
Precinct,210 - Penn (CD 1),593,815,50,25,8,13,1504,0
Precinct,211 - Signal Hill (CD 10),610,675,39,25,7,10,1366,0
Precinct,212 - Yorkshire (CD 10),1486,836,80,35,17,20,2474,0
Precinct,213 - Saratoga (CD 1),717,323,25,10,9,7,1091,0
Precinct,214 - Lucasville (CD 1),373,704,54,13,13,8,1165,0
Precinct,215 - Rosa Parks (CD 11),861,443,33,21,9,8,1375,0
Precinct,301 - Dumfries (CD 11),1032,320,41,14,19,19,1445,0
Precinct,302 - Potomac (CD 11),1781,395,43,25,13,19,2276,0
Precinct,303 - Graham Park (CD 11),744,247,18,17,11,11,1048,0
Precinct,304 - Quantico (CD 1),178,195,15,4,2,2,396,0
Precinct,305 - Pattie (CD 1),883,709,50,38,17,20,1717,0
Precinct,306 - Washington-reid (CD 1),935,734,34,23,15,23,1764,0
Precinct,307 - Henderson (CD 1),732,679,54,25,15,21,1526,0
Precinct,308 - Montclair (CD 1),498,472,29,38,4,13,1054,0
Precinct,309 - Ashland (CD 1),652,562,41,31,8,19,1313,0
Precinct,310 - Forest Park (CD 1),968,429,29,23,14,8,1471,0
Precinct,311 - Swans Creek (CD 11),1515,494,45,29,15,16,2114,0
Precinct,312 - Triangle (CD 1),262,99,12,2,3,4,382,0
Precinct,312 - Triangle (CD 11),918,406,31,21,9,7,1392,0
Precinct,313 - Cardinal (CD 1),710,361,32,20,12,3,1138,0
Precinct,314 - Cabin Branch (CD 1),714,465,34,28,10,8,1259,0
Precinct,401 - Evergreen (CD 10),607,994,74,27,9,15,1726,0
Precinct,402 - Battlefield (CD 10),556,918,36,40,10,24,1584,0
Precinct,403 - Bull Run (CD 10),676,614,41,19,4,13,1367,0
Precinct,404 - Ben Lomond (CD 1),1097,536,87,24,28,20,1792,0
Precinct,405 - Stonewall (CD 1),1298,615,75,39,21,15,2063,0
Precinct,406 - Alvey (CD 10),224,254,5,11,3,3,500,0
Precinct,407 - Heritage Hunt (CD 10),758,952,30,17,3,22,1782,0
Precinct,408 - Sudley (CD 1),649,529,47,29,12,9,1275,0
Precinct,409 - Tyler (CD 10),1019,824,69,28,19,14,1973,0
Precinct,410 - Mountain View (CD 10),761,900,45,26,14,16,1762,0
Precinct,411 - Mullen (CD 1),1227,418,53,23,17,8,1746,0
Precinct,412 - Catharpin (CD 10),401,687,28,22,6,4,1148,0
Precinct,413 - Reagan (CD 10),731,940,59,41,11,23,1805,0
Precinct,501 - Lake Ridge (CD 1),828,574,43,31,12,12,1500,0
Precinct,502 - Occoquan (CD 11),668,409,41,26,11,13,1168,0
Precinct,503 - Old Bridge (CD 11),936,337,45,24,9,13,1364,0
Precinct,504 - Rockledge (CD 11),640,390,36,21,9,13,1109,0
Precinct,505 - Mohican (CD 1),898,571,52,33,19,14,1587,0
Precinct,506 - Bethel (CD 11),1305,650,47,33,24,20,2079,0
Precinct,507 - Chinn (CD 11),895,470,38,27,14,24,1468,0
Precinct,508 - Springwoods (CD 1),753,319,38,31,10,14,1165,0
Precinct,509 - Mc Coart (CD 1),696,843,56,31,9,12,1647,0
Precinct,510 - Yates Ford (CD 10),438,628,36,23,8,19,1152,0
Precinct,511 - Westridge (CD 1),904,621,55,33,13,22,1648,0
Precinct,512 - York (CD 11),1253,325,43,26,17,7,1671,0
Precinct,513 - Lynnwood (CD 11),849,674,47,47,23,29,1669,0
Precinct,514 - Antietam (CD 11),1067,572,80,37,20,23,1799,0
Precinct,601 - Dale (CD 11),1087,296,36,19,15,14,1467,0
Precinct,602 - Beville (CD 11),1536,526,44,16,12,14,2148,0
Precinct,603 - Hampton (CD 11),951,224,28,12,9,9,1233,0
Precinct,604 - Gideon (CD 11),1018,310,28,15,14,6,1391,0
Precinct,605 - Minnieville (CD 11),982,446,46,23,21,9,1527,0
Precinct,606 - Bel Air (CD 11),984,469,42,12,12,10,1529,0
Precinct,607 - Kerrydale (CD 11),1227,463,42,25,27,9,1793,0
Precinct,608 - Enterprise (CD 11),1073,402,35,13,6,11,1540,0
Precinct,609 - King (CD 1),0,0,0,0,0,3,3,0
Precinct,609 - King (CD 11),1209,540,55,25,8,14,1851,0
Precinct,610 - Fitzgerald (CD 11),1161,389,33,14,13,10,1620,0
Precinct,611 - Neabsco (CD 11),870,286,20,8,11,11,1206,0
Precinct,701 - Belmont (CD 11),1015,600,38,18,15,9,1695,0
Precinct,702 - Library (CD 11),1150,336,43,25,24,14,1592,0
Precinct,703 - Lynn (CD 11),826,179,26,15,12,9,1067,0
Precinct,704 - Porter (CD 11),1230,269,41,7,16,16,1579,0
Precinct,705 - Potomac View (CD 11),672,383,17,6,9,8,1095,0
Precinct,706 - Rippon (CD 11),1130,512,42,16,12,8,1720,0
Precinct,707 - Kilby (CD 11),978,361,16,25,12,13,1405,0
Precinct,708 - River Oaks (CD 11),1261,275,32,17,13,10,1608,0
Precinct,709 - Freedom (CD 11),1309,242,31,14,11,4,1611,0
Precinct,710 - Powells Creek (CD 11),1113,229,23,18,31,11,1425,0
Precinct,711 - Grayson (CD 11),1372,362,36,11,19,23,1823,0
Precinct,712 - Leesylvania (CD 11),881,520,32,24,8,15,1480,0
Precinct,Ab - Central Absentee Precinct (CD 1),10993,7669,589,333,106,199,19889,0
Precinct,Ab - Central Absentee Precinct (CD 10),5300,5349,299,187,49,131,11315,0
Precinct,Ab - Central Absentee Precinct (CD 11),13660,4505,374,218,109,163,19029,0
Precinct,Provisional (CD 1),42,31,5,1,2,1,82,0
Precinct,Provisional (CD 10),23,12,2,0,0,1,38,0
Precinct,Provisional (CD 11),31,9,2,0,0,0,42,0
Locality,Pulaski County,4172,10322,351,171,107,44,15167,0
Precinct,101 - Belspring,156,421,4,8,6,2,597,0
Precinct,102 - New River,645,1005,49,26,21,4,1750,0
Precinct,103 - West Cloyd,237,706,19,9,6,3,980,0
Precinct,201 - Draper,238,754,14,12,6,4,1028,0
Precinct,202 - South Pulaski,69,169,4,2,0,0,244,0
Precinct,203 - Newbern,466,1116,38,20,13,7,1660,0
Precinct,301 - Dublin,375,1137,31,19,3,5,1570,0
Precinct,302 - Hiwassee,58,280,5,3,4,0,350,0
Precinct,304 - Snowville,201,648,21,7,5,2,884,0
Precinct,401 - Massie,538,1409,51,27,10,6,2041,0
Precinct,402 - Walker,122,553,13,7,0,0,695,0
Precinct,501 - Robinson,669,1470,74,19,26,3,2261,0
Precinct,Ab - Central Absentee Precinct,396,646,27,12,7,8,1096,0
Precinct,Provisional,2,8,1,0,0,0,11,0
Locality,Radford City,2925,2638,301,113,58,50,6085,0
Precinct,1 - East Precinct,1339,865,155,28,27,17,2431,0
Precinct,2 - Central Precinct,701,672,56,30,15,21,1495,0
Precinct,3 - West Precinct,612,906,74,45,13,9,1659,0
Precinct,Ab - Central Absentee Precinct,271,194,16,10,3,3,497,0
Precinct,Provisional,2,1,0,0,0,0,3,0
Locality,Rappahannock County,1747,2539,93,42,36,26,4483,0
Precinct,101 - Washington,363,478,11,6,4,8,870,0
Precinct,201 - Amissville,236,569,30,5,3,0,843,0
Precinct,301 - Sperryville,340,397,14,7,7,6,771,0
Precinct,401 - Scrabble,265,416,13,5,8,1,708,0
Precinct,501 - Chester Gap,77,280,10,6,3,1,377,0
Precinct,502 - Flint Hill,183,241,8,9,8,5,454,0
Precinct,Ab - Central Absentee Precinct,279,153,7,4,3,5,451,0
Precinct,Provisional,4,5,0,0,0,0,9,0
Locality,Richmond City,81259,15581,3617,1124,1134,769,103484,0
Precinct,101 - One Hundred One (CD 7),0,0,0,0,0,0,0,0
Precinct,101 - One Hundred One,0,0,0,0,0,0,0,0
Precinct,101 - One Hundred One (CD 4),1260,674,134,27,11,29,2135,0
Precinct,102 - One Hundred Two,0,0,0,0,0,0,0,0
Precinct,102 - One Hundred Two (CD 4),500,390,69,19,6,4,988,0
Precinct,104 - One Hundred Four,0,0,0,0,0,0,0,0
Precinct,104 - One Hundred Four (CD 7),0,0,0,0,0,0,0,0
Precinct,104 - One Hundred Four (CD 4),750,595,114,28,5,17,1509,0
Precinct,105 - One Hundred Five,0,0,0,0,0,0,0,0
Precinct,105 - One Hundred Five (CD 7),0,0,0,0,0,0,0,0
Precinct,105 - One Hundred Five (CD 4),830,450,99,32,8,17,1436,0
Precinct,106 - One Hundred Six,0,0,0,0,0,0,0,0
Precinct,106 - One Hundred Six (CD 7),0,0,0,0,0,0,0,0
Precinct,106 - One Hundred Six (CD 4),568,776,109,33,5,24,1515,0
Precinct,111 - One Hundred Eleven (CD 7),0,0,0,0,0,0,0,0
Precinct,111 - One Hundred Eleven,0,0,0,0,0,0,0,0
Precinct,111 - One Hundred Eleven (CD 4),757,445,67,21,7,8,1305,0
Precinct,112 - One Hundred Twelve (CD 7),0,0,0,0,0,0,0,0
Precinct,112 - One Hundred Twelve,0,0,0,0,0,0,0,0
Precinct,112 - One Hundred Twelve (CD 4),699,323,59,16,4,7,1108,0
Precinct,113 - One Hundred Thirteen (CD 3),0,0,0,0,0,0,0,0
Precinct,113 - One Hundred Thirteen,0,0,0,0,0,0,0,0
Precinct,113 - One Hundred Thirteen (CD 4),1256,262,91,25,28,14,1676,0
Precinct,114 - One Hundred Fourteen,0,0,0,0,0,0,0,0
Precinct,114 - One Hundred Fourteen (CD 3),0,0,0,0,0,0,0,0
Precinct,114 - One Hundred Fourteen (CD 4),1447,360,142,22,31,29,2031,0
Precinct,203 - Two Hundred Three (CD 3),0,0,0,0,0,0,0,0
Precinct,203 - Two Hundred Three,0,0,0,0,0,0,0,0
Precinct,203 - Two Hundred Three (CD 4),1545,398,98,34,19,12,2106,0
Precinct,204 - Two Hundred Four (CD 3),0,0,0,0,0,0,0,0
Precinct,204 - Two Hundred Four,0,0,0,0,0,0,0,0
Precinct,204 - Two Hundred Four (CD 4),1320,339,107,32,33,16,1847,0
Precinct,206 - Two Hundred Six (CD 3),0,0,0,0,0,0,0,0
Precinct,206 - Two Hundred Six,0,0,0,0,0,0,0,0
Precinct,206 - Two Hundred Six (CD 4),2308,229,94,11,49,16,2707,0
Precinct,207 - Two Hundred Seven (CD 3),0,0,0,0,0,0,0,0
Precinct,207 - Two Hundred Seven,0,0,0,0,0,0,0,0
Precinct,207 - Two Hundred Seven (CD 4),1370,362,106,20,23,21,1902,0
Precinct,208 - Two Hundred Eight (CD 3),0,0,0,0,0,0,0,0
Precinct,208 - Two Hundred Eight,0,0,0,0,0,0,0,0
Precinct,208 - Two Hundred Eight (CD 4),1476,331,105,34,19,16,1981,0
Precinct,213 - Two Hundred Thirteen (CD 3),0,0,0,0,0,0,0,0
Precinct,213 - Two Hundred Thirteen,0,0,0,0,0,0,0,0
Precinct,213 - Two Hundred Thirteen (CD 4),2181,183,86,17,66,21,2554,0
Precinct,301 - Three Hundred One,0,0,0,0,0,0,0,0
Precinct,301 - Three Hundred One (CD 3),0,0,0,0,0,0,0,0
Precinct,301 - Three Hundred One (CD 4),861,25,11,3,8,4,912,0
Precinct,302 - Three Hundred Two (CD 3),0,0,0,0,0,0,0,0
Precinct,302 - Three Hundred Two,0,0,0,0,0,0,0,0
Precinct,302 - Three Hundred Two (CD 4),863,92,26,14,9,3,1007,0
Precinct,303 - Three Hundred Three,0,0,0,0,0,0,0,0
Precinct,303 - Three Hundred Three (CD 3),0,0,0,0,0,0,0,0
Precinct,303 - Three Hundred Three (CD 4),762,38,18,7,9,2,836,0
Precinct,304 - Three Hundred Four (CD 3),0,0,0,0,0,0,0,0
Precinct,304 - Three Hundred Four,0,0,0,0,0,0,0,0
Precinct,304 - Three Hundred Four (CD 4),1111,30,13,3,16,11,1184,0
Precinct,305 - Three Hundred Five (CD 3),0,0,0,0,0,0,0,0
Precinct,305 - Three Hundred Five,0,0,0,0,0,0,0,0
Precinct,305 - Three Hundred Five (CD 4),1076,82,38,24,17,13,1250,0
Precinct,306 - Three Hundred Six,0,0,0,0,0,0,0,0
Precinct,306 - Three Hundred Six (CD 3),0,0,0,0,0,0,0,0
Precinct,306 - Three Hundred Six (CD 4),964,53,28,9,17,4,1075,0
Precinct,307 - Three Hundred Seven (CD 3),0,0,0,0,0,0,0,0
Precinct,307 - Three Hundred Seven,0,0,0,0,0,0,0,0
Precinct,307 - Three Hundred Seven (CD 4),955,195,49,16,10,11,1236,0
Precinct,308 - Three Hundred Eight,0,0,0,0,0,0,0,0
Precinct,308 - Three Hundred Eight (CD 3),0,0,0,0,0,0,0,0
Precinct,308 - Three Hundred Eight (CD 4),1005,230,56,17,9,12,1329,0
Precinct,309 - Three Hundred Nine (CD 7),0,0,0,0,0,0,0,0
Precinct,309 - Three Hundred Nine,0,0,0,0,0,0,0,0
Precinct,309 - Three Hundred Nine (CD 4),629,318,36,12,6,4,1005,0
Precinct,310 - Three Hundred Ten,0,0,0,0,0,0,0,0
Precinct,310 - Three Hundred Ten (CD 3),0,0,0,0,0,0,0,0
Precinct,310 - Three Hundred Ten (CD 4),608,4,3,0,3,4,622,0
Precinct,402 - Four Hundred Two,0,0,0,0,0,0,0,0
Precinct,402 - Four Hundred Two (CD 3),0,0,0,0,0,0,0,0
Precinct,402 - Four Hundred Two (CD 4),1540,496,134,31,23,21,2245,0
Precinct,404 - Four Hundred Four (CD 3),0,0,0,0,0,0,0,0
Precinct,404 - Four Hundred Four,0,0,0,0,0,0,0,0
Precinct,404 - Four Hundred Four (CD 4),1393,381,68,23,30,13,1908,0
Precinct,409 - Four Hundred Nine (CD 7),0,0,0,0,0,0,0,0
Precinct,409 - Four Hundred Nine,0,0,0,0,0,0,0,0
Precinct,409 - Four Hundred Nine (CD 4),1443,956,106,27,18,23,2573,0
Precinct,410 - Four Hundred Ten (CD 7),0,0,0,0,0,0,0,0
Precinct,410 - Four Hundred Ten,0,0,0,0,0,0,0,0
Precinct,410 - Four Hundred Ten (CD 4),1044,410,44,22,16,10,1546,0
Precinct,412 - Four Hundred Twelve,0,0,0,0,0,0,0,0
Precinct,412 - Four Hundred Twelve (CD 3),0,0,0,0,0,0,0,0
Precinct,412 - Four Hundred Twelve (CD 7),0,0,0,0,0,0,0,0
Precinct,412 - Four Hundred Twelve (CD 4),1018,306,45,20,12,10,1411,0
Precinct,413 - Four Hundred Thirteen (CD 7),0,0,0,0,0,0,0,0
Precinct,413 - Four Hundred Thirteen,0,0,0,0,0,0,0,0
Precinct,413 - Four Hundred Thirteen (CD 4),904,429,63,19,16,8,1439,0
Precinct,414 - Four Hundred Fourteen,0,0,0,0,0,0,0,0
Precinct,414 - Four Hundred Fourteen (CD 7),0,0,0,0,0,0,0,0
Precinct,414 - Four Hundred Fourteen (CD 4),900,559,73,28,14,10,1584,0
Precinct,501 - Five Hundred One (CD 3),0,0,0,0,0,0,0,0
Precinct,501 - Five Hundred One,0,0,0,0,0,0,0,0
Precinct,501 - Five Hundred One (CD 4),1528,215,79,13,29,11,1875,0
Precinct,503 - Five Hundred Three (CD 3),0,0,0,0,0,0,0,0
Precinct,503 - Five Hundred Three,0,0,0,0,0,0,0,0
Precinct,503 - Five Hundred Three (CD 4),1553,140,66,15,10,6,1790,0
Precinct,504 - Five Hundred Four (CD 3),0,0,0,0,0,0,0,0
Precinct,504 - Five Hundred Four,0,0,0,0,0,0,0,0
Precinct,504 - Five Hundred Four (CD 4),1931,261,113,30,44,28,2407,0
Precinct,505 - Five Hundred Five (CD 3),0,0,0,0,0,0,0,0
Precinct,505 - Five Hundred Five,0,0,0,0,0,0,0,0
Precinct,505 - Five Hundred Five (CD 4),897,138,55,9,33,9,1141,0
Precinct,508 - Five Hundred Eight (CD 3),0,0,0,0,0,0,0,0
Precinct,508 - Five Hundred Eight,0,0,0,0,0,0,0,0
Precinct,508 - Five Hundred Eight (CD 4),713,132,46,16,16,14,937,0
Precinct,509 - Five Hundred Nine (CD 3),0,0,0,0,0,0,0,0
Precinct,509 - Five Hundred Nine,0,0,0,0,0,0,0,0
Precinct,509 - Five Hundred Nine (CD 4),1231,73,28,11,11,6,1360,0
Precinct,510 - Five Hundred Ten,0,0,0,0,0,0,0,0
Precinct,510 - Five Hundred Ten (CD 3),0,0,0,0,0,0,0,0
Precinct,510 - Five Hundred Ten (CD 4),1279,99,48,19,19,17,1481,0
Precinct,602 - Six Hundred Two,0,0,0,0,0,0,0,0
Precinct,602 - Six Hundred Two (CD 3),0,0,0,0,0,0,0,0
Precinct,602 - Six Hundred Two (CD 4),970,13,2,5,5,22,1017,0
Precinct,603 - Six Hundred Three,0,0,0,0,0,0,0,0
Precinct,603 - Six Hundred Three (CD 3),0,0,0,0,0,0,0,0
Precinct,603 - Six Hundred Three (CD 4),1082,30,10,9,20,4,1155,0
Precinct,604 - Six Hundred Four (CD 3),0,0,0,0,0,0,0,0
Precinct,604 - Six Hundred Four,0,0,0,0,0,0,0,0
Precinct,604 - Six Hundred Four (CD 4),835,32,10,3,10,3,893,0
Precinct,606 - Six Hundred Six (CD 3),0,0,0,0,0,0,0,0
Precinct,606 - Six Hundred Six,0,0,0,0,0,0,0,0
Precinct,606 - Six Hundred Six (CD 4),1281,47,12,9,9,7,1365,0
Precinct,607 - Six Hundred Seven (CD 3),0,0,0,0,0,0,0,0
Precinct,607 - Six Hundred Seven,0,0,0,0,0,0,0,0
Precinct,607 - Six Hundred Seven (CD 4),1342,241,56,18,30,12,1699,0
Precinct,609 - Six Hundred Nine (CD 3),0,0,0,0,0,0,0,0
Precinct,609 - Six Hundred Nine,0,0,0,0,0,0,0,0
Precinct,609 - Six Hundred Nine (CD 4),1482,180,67,10,32,9,1780,0
Precinct,610 - Six Hundred Ten (CD 3),0,0,0,0,0,0,0,0
Precinct,610 - Six Hundred Ten,0,0,0,0,0,0,0,0
Precinct,610 - Six Hundred Ten (CD 4),982,22,2,8,5,3,1022,0
Precinct,701 - Seven Hundred One,0,0,0,0,0,0,0,0
Precinct,701 - Seven Hundred One (CD 3),0,0,0,0,0,0,0,0
Precinct,701 - Seven Hundred One (CD 4),1142,16,6,3,7,2,1176,0
Precinct,702 - Seven Hundred Two (CD 3),0,0,0,0,0,0,0,0
Precinct,702 - Seven Hundred Two,0,0,0,0,0,0,0,0
Precinct,702 - Seven Hundred Two (CD 4),994,35,22,19,15,7,1092,0
Precinct,703 - Seven Hundred Three,0,0,0,0,0,0,0,0
Precinct,703 - Seven Hundred Three (CD 3),0,0,0,0,0,0,0,0
Precinct,703 - Seven Hundred Three (CD 4),1012,36,32,27,10,10,1127,0
Precinct,705 - Seven Hundred Five (CD 3),0,0,0,0,0,0,0,0
Precinct,705 - Seven Hundred Five,0,0,0,0,0,0,0,0
Precinct,705 - Seven Hundred Five (CD 4),886,88,42,18,21,15,1070,0
Precinct,706 - Seven Hundred Six,0,0,0,0,0,0,0,0
Precinct,706 - Seven Hundred Six (CD 3),0,0,0,0,0,0,0,0
Precinct,706 - Seven Hundred Six (CD 4),1629,96,30,11,24,14,1804,0
Precinct,707 - Seven Hundred Seven (CD 3),0,0,0,0,0,0,0,0
Precinct,707 - Seven Hundred Seven,0,0,0,0,0,0,0,0
Precinct,707 - Seven Hundred Seven (CD 4),1872,245,87,29,32,18,2283,0
Precinct,708 - Seven Hundred Eight (CD 3),0,0,0,0,0,0,0,0
Precinct,708 - Seven Hundred Eight,0,0,0,0,0,0,0,0
Precinct,708 - Seven Hundred Eight (CD 4),1554,332,122,31,31,18,2088,0
Precinct,802 - Eight Hundred Two,0,0,0,0,0,0,0,0
Precinct,802 - Eight Hundred Two (CD 3),0,0,0,0,0,0,0,0
Precinct,802 - Eight Hundred Two (CD 4),999,19,12,6,9,6,1051,0
Precinct,806 - Eight Hundred Six,0,0,0,0,0,0,0,0
Precinct,806 - Eight Hundred Six (CD 3),0,0,0,0,0,0,0,0
Precinct,806 - Eight Hundred Six (CD 4),1298,129,4,5,13,7,1456,0
Precinct,810 - Eight Hundred Ten,0,0,0,0,0,0,0,0
Precinct,810 - Eight Hundred Ten (CD 3),0,0,0,0,0,0,0,0
Precinct,810 - Eight Hundred Ten (CD 4),945,114,8,6,10,7,1090,0
Precinct,811 - Eight Hundred Eleven,0,0,0,0,0,0,0,0
Precinct,811 - Eight Hundred Eleven (CD 3),0,0,0,0,0,0,0,0
Precinct,811 - Eight Hundred Eleven (CD 4),1233,94,8,12,12,8,1367,0
Precinct,812 - Eight Hundred Twelve (CD 3),0,0,0,0,0,0,0,0
Precinct,812 - Eight Hundred Twelve,0,0,0,0,0,0,0,0
Precinct,812 - Eight Hundred Twelve (CD 4),1518,233,17,9,12,9,1798,0
Precinct,814 - Eight Hundred Fourteen (CD 3),0,0,0,0,0,0,0,0
Precinct,814 - Eight Hundred Fourteen,0,0,0,0,0,0,0,0
Precinct,814 - Eight Hundred Fourteen (CD 4),903,49,5,8,9,2,976,0
Precinct,902 - Nine Hundred Two,0,0,0,0,0,0,0,0
Precinct,902 - Nine Hundred Two (CD 3),0,0,0,0,0,0,0,0
Precinct,902 - Nine Hundred Two (CD 4),528,39,7,6,5,0,585,0
Precinct,903 - Nine Hundred Three,0,0,0,0,0,0,0,0
Precinct,903 - Nine Hundred Three (CD 3),0,0,0,0,0,0,0,0
Precinct,903 - Nine Hundred Three (CD 4),1319,158,11,8,8,4,1508,0
Precinct,908 - Nine Hundred Eight (CD 7),0,0,0,0,0,0,0,0
Precinct,908 - Nine Hundred Eight (CD 3),0,0,0,0,0,0,0,0
Precinct,908 - Nine Hundred Eight,0,0,0,0,0,0,0,0
Precinct,908 - Nine Hundred Eight (CD 4),1249,118,27,12,9,4,1419,0
Precinct,909 - Nine Hundred Nine (CD 3),0,0,0,0,0,0,0,0
Precinct,909 - Nine Hundred Nine,0,0,0,0,0,0,0,0
Precinct,909 - Nine Hundred Nine (CD 4),1381,138,20,16,18,8,1581,0
Precinct,910 - Nine Hundred Ten (CD 3),0,0,0,0,0,0,0,0
Precinct,910 - Nine Hundred Ten,0,0,0,0,0,0,0,0
Precinct,910 - Nine Hundred Ten (CD 4),1140,131,15,6,14,4,1310,0
Precinct,911 - Nine Hundred Eleven (CD 3),0,0,0,0,0,0,0,0
Precinct,911 - Nine Hundred Eleven,0,0,0,0,0,0,0,0
Precinct,911 - Nine Hundred Eleven (CD 4),1167,64,7,12,9,7,1266,0
Precinct,AB - Central Absentee Precinct,0,0,0,0,0,0,0,0
Precinct,AB - Central Absentee Precinct (CD 4),5964,1095,248,57,46,53,7463,0
Precinct,Provisional,0,0,0,0,0,0,0,0
Precinct,Provisional (CD 4),77,8,2,2,0,1,90,0
Locality,Richmond County,1347,2213,57,21,13,10,3661,0
Precinct,101 - Precinct 1-1,458,268,4,3,3,3,739,0
Precinct,201 - Precinct 2-1,200,455,14,3,5,0,677,0
Precinct,301 - Precinct 3-1,198,361,12,4,2,3,580,0
Precinct,401 - Precinct 4-1,198,497,9,3,1,1,709,0
Precinct,501 - Precinct 5-1,182,476,8,5,1,1,673,0
Precinct,Ab - Central Absentee Precinct,111,156,10,3,1,2,283,0
Precinct,Provisional,0,0,0,0,0,0,0,0
Locality,Roanoke City,22286,14789,1316,413,411,251,39466,0
Precinct,1 -Peters Creek,1220,303,18,9,21,10,1581,0
Precinct,2 - Grandview,1037,539,40,16,20,15,1667,0
Precinct,3 -Preston Park,701,1003,63,16,12,8,1803,0
Precinct,4 - Williamson Road,762,728,58,13,20,9,1590,0
Precinct,5 - East Gate,577,1016,65,7,10,10,1685,0
Precinct,6 - Hollins Road,839,827,75,21,15,11,1788,0
Precinct,7 - Southeast,537,704,62,17,22,20,1362,0
Precinct,8 - Lincoln Terrace,1132,84,20,4,11,5,1256,0
Precinct,9 - Highland,1034,375,87,16,29,15,1556,0
Precinct,10 - Old Southwest-Wasena,1016,565,98,24,45,17,1765,0
Precinct,11 - Raleigh Court,1120,731,75,30,20,14,1990,0
Precinct,12 - South Roanoke,689,804,53,40,10,10,1606,0
Precinct,13 - Garden City,551,1057,80,16,18,3,1725,0
Precinct,14 - Crystal Spring,949,854,72,33,19,11,1938,0
Precinct,15 - Grandin Court,878,782,72,29,27,17,1805,0
Precinct,16 - Deyerle,756,950,44,14,8,11,1783,0
Precinct,17 - Lee-Hi,917,694,91,20,24,10,1756,0
Precinct,18 - Virginia Heights-Norwich,1200,469,48,16,22,13,1768,0
Precinct,18 - Summit Hills,880,636,51,22,11,4,1604,0
Precinct,19 - Forest Park,829,88,14,7,7,2,947,0
Precinct,20 - Eureka Park,1744,137,22,2,11,2,1918,0
Precinct,AB - Central Absentee Precinct,2889,1418,107,40,29,34,4517,0
Precinct,Provisional,29,25,1,1,0,0,56,0
Locality,Roanoke County,17200,31408,1620,678,286,297,51489,0
Precinct,101 - Catawba (CD 9),130,424,21,5,2,3,585,0
Precinct,102 - Mason Valley (CD 9),118,393,24,5,1,6,547,0
Precinct,103 - Glenvar (CD 9),393,952,35,14,9,7,1410,0
Precinct,104 - Northside (CD 9),433,617,28,9,7,7,1101,0
Precinct,105 - Peters Creek (CD 9),696,1371,71,28,10,20,2196,0
Precinct,106 - Green Hill (CD 9),604,1390,54,33,8,6,2095,0
Precinct,107 - Bennett Springs (CD 9),155,553,23,6,5,1,743,0
Precinct,108 - Wildwood (CD 9),294,736,38,11,6,5,1090,0
Precinct,201 - Plantation (CD 6),463,897,50,26,8,5,1449,0
Precinct,202 - Burlington (CD 6),386,539,30,20,13,6,994,0
Precinct,203 - Mountain View (CD 6),649,1422,61,33,4,3,2172,0
Precinct,204 - Botetourt Springs (CD 9),659,971,48,25,7,8,1718,0
Precinct,205 - Orchards (CD 6),656,1579,54,39,8,4,2340,0
Precinct,206 - Hollins (CD 6),353,455,20,11,6,4,849,0
Precinct,301 - Bent Mountain (CD 9),148,330,14,8,4,4,508,0
Precinct,302 - Poages Mill (CD 6),655,1471,78,28,13,12,2257,0
Precinct,303 - Windsor Hills (CD 6),494,724,45,24,3,2,1292,0
Precinct,304 - Oak Grove (CD 6),820,1265,68,28,10,18,2209,0
Precinct,305 - Castle Rock (CD 6),928,1369,101,35,14,19,2466,0
Precinct,306 - Garst Mill (CD 6),486,545,46,17,10,10,1114,0
Precinct,402 - Bonsack (CD 6),133,328,10,7,3,3,484,0
Precinct,403 - North Vinton (CD 6),428,940,52,18,10,8,1456,0
Precinct,404 - South Vinton (CD 6),563,1087,43,7,14,9,1723,0
Precinct,405 - Lindenwood (CD 6),740,1809,71,20,4,11,2655,0
Precinct,406 - Mount Pleasant (CD 6),469,1305,56,25,16,8,1879,0
Precinct,501 - Cotton Hill (CD 6),431,719,35,23,9,13,1230,0
Precinct,502 - Penn Forest (CD 6),388,640,35,17,8,5,1093,0
Precinct,503 - Cave Spring (CD 6),485,831,40,27,6,11,1400,0
Precinct,504 - Ogden (CD 6),567,614,68,22,15,12,1298,0
Precinct,505 - Clearbrook (CD 6),273,717,26,6,5,3,1030,0
Precinct,506 - Mount Vernon (CD 6),415,628,47,14,10,6,1120,0
Precinct,507 - Hunting Hills (CD 6),715,1144,62,27,17,15,1980,0
Precinct,Ab - Central Absentee Precinct (CD 6),1622,2069,125,48,13,31,3908,0
Precinct,Ab - Central Absentee Precinct (CD 9),441,561,39,12,8,12,1073,0
Precinct,Provisional (CD 6),7,12,2,0,0,0,21,0
Precinct,Provisional (CD 9),3,1,0,0,0,0,4,0
Locality,Rockbridge County,3508,6680,271,171,66,99,10795,0
Precinct,101 - Airport,344,458,32,14,1,9,858,0
Precinct,102 - Ben Salem,206,404,11,15,5,7,648,0
Precinct,103 - Plank Road,90,234,11,4,2,0,341,0
Precinct,104 - Effinger,100,259,8,6,7,4,384,0
Precinct,201 - Collierstown,224,356,14,11,3,10,618,0
Precinct,202 - Highland Belle,404,657,26,25,3,8,1123,0
Precinct,203 - Vo-tech,167,139,13,5,1,1,326,0
Precinct,301 - Maury River,199,372,8,7,2,2,590,0
Precinct,302 - Natural Bridge,168,443,25,5,4,4,649,0
Precinct,303 - Falling Spring,73,216,9,5,0,3,306,0
Precinct,401 - Fairfield,181,444,12,4,8,3,652,0
Precinct,402 - Mountain View,218,672,21,11,5,8,935,0
Precinct,403 - Vesuvius,76,244,3,7,3,3,336,0
Precinct,501 - Goshen,60,272,3,6,3,2,346,0
Precinct,502 - Meadowview,244,317,21,12,4,9,607,0
Precinct,503 - Rockbridge Baths,140,260,7,1,3,4,415,0
Precinct,504 - Rockbridge,213,465,21,12,6,4,721,0
Precinct,Ab - Central Absentee Precinct,399,459,26,21,6,18,929,0
Precinct,Provisional,2,9,0,0,0,0,11,0
Locality,Rockingham County,9366,25990,1088,610,208,225,37487,0
Precinct,101 - Broadway,424,1214,65,24,9,9,1745,0
Precinct,102 - Timberville,230,659,35,12,9,3,948,0
Precinct,103 - Fulks Run,119,816,18,11,4,3,971,0
Precinct,104 - Bergton,42,282,8,1,1,3,337,0
Precinct,105 - Lacey Spring,112,636,21,14,2,2,787,0
Precinct,106 - Tenth Legion,134,526,21,14,3,4,702,0
Precinct,107 - Plains,148,617,24,14,1,5,809,0
Precinct,108 - Little North Mountain,103,428,10,18,0,4,563,0
Precinct,201 - Singers Glen,216,827,32,15,6,8,1104,0
Precinct,202 - Edom,491,1125,56,24,15,10,1721,0
Precinct,203 - Dayton,232,487,31,17,6,2,775,0
Precinct,204 - Mt Clinton,259,900,29,19,5,10,1222,0
Precinct,205 - Silver Lake,480,964,46,47,10,6,1553,0
Precinct,301 - Keezletown,199,586,34,10,4,9,842,0
Precinct,302 - Port Republic,285,989,31,15,3,6,1329,0
Precinct,303 - Melrose,134,527,17,13,5,1,697,0
Precinct,304 - Grottoes,260,915,27,16,3,4,1225,0
Precinct,305 - Massanetta Springs,587,848,54,31,11,8,1539,0
Precinct,306 - Cross Keys,95,311,10,8,5,9,438,0
Precinct,307 - Crossroads,685,1060,61,34,10,14,1864,0
Precinct,401 - Bridgewater,809,1408,65,57,22,14,2375,0
Precinct,402 - Montezuma,270,894,27,25,4,8,1228,0
Precinct,403 - Mt Crawford,56,129,8,7,3,0,203,0
Precinct,404 - North River,321,884,30,28,8,4,1275,0
Precinct,405 - Ottobine,191,1229,27,12,7,9,1475,0
Precinct,501 - Elkton,301,952,35,15,4,8,1315,0
Precinct,502 - Swift Run,252,1538,26,14,11,5,1846,0
Precinct,503 - Mcgaheysville,368,1161,62,27,7,6,1631,0
Precinct,504 - South Fork,134,681,19,8,0,6,848,0
Precinct,505 - Stony Run,479,889,42,27,15,7,1459,0
Precinct,Ab - Central Absentee Precinct,945,1487,117,33,15,38,2635,0
Precinct,Provisional,5,21,0,0,0,0,26,0
Locality,Russell County,2330,9521,190,104,58,43,12246,0
Precinct,101 - Moccasin,111,654,8,8,2,6,789,0
Precinct,102 - Copper Creek,106,524,10,4,4,1,649,0
Precinct,103 - South Castlewood,86,368,11,2,4,0,471,0
Precinct,201 - North Castlewood,264,1037,23,11,4,7,1346,0
Precinct,202 - Dante,58,217,1,5,1,2,284,0
Precinct,301 - Cooks Mill,51,190,1,0,3,0,245,0
Precinct,302 - Daugherty,60,280,7,5,3,0,355,0
Precinct,303 - New Garden,141,620,13,5,8,2,789,0
Precinct,304 - Cleveland,113,337,8,9,5,4,476,0
Precinct,401 - Drill,25,91,5,0,1,1,123,0
Precinct,402 - Swords Creek,134,1062,13,6,4,2,1221,0
Precinct,403 - Honaker,112,389,8,4,1,3,517,0
Precinct,501 - West Lebanon,383,1281,33,22,11,9,1739,0
Precinct,601 - East Lebanon,168,734,21,7,4,1,935,0
Precinct,602 - Elk Garden,191,949,13,10,3,1,1167,0
Precinct,Ab - Central Absentee Precinct,327,785,14,6,0,4,1136,0
Precinct,Provisional,0,3,1,0,0,0,4,0
Locality,Salem City,4202,7226,442,158,92,105,12225,0
Precinct,1 - North Salem No 2,598,713,63,19,13,10,1416,0
Precinct,2 - Conehurst,258,424,29,6,5,8,730,0
Precinct,3 - Beverly Heights,185,497,20,17,4,8,731,0
Precinct,4 - West Salem,307,682,49,16,7,13,1074,0
Precinct,5 - North Salem No 1,565,813,59,11,10,11,1469,0
Precinct,6 - South Salem No 1,279,453,25,9,5,3,774,0
Precinct,7 - South Salem No 2,332,693,47,12,11,16,1111,0
Precinct,8 - East Salem,159,293,16,9,7,2,486,0
Precinct,9 - South Side Hills,415,984,50,17,9,10,1485,0
Precinct,10 - Hidden Valley,548,972,45,28,7,16,1616,0
Precinct,Ab - Central Absentee Precinct,556,702,39,14,14,8,1333,0
Precinct,Provisional,0,0,0,0,0,0,0,0
Locality,Scott County,1581,8247,142,53,39,38,10100,0
Precinct,101 - Weber City,115,535,14,5,4,5,678,0
Precinct,102 - Yuma,141,677,8,8,1,4,839,0
Precinct,202 - Weber City East,77,428,6,5,3,3,522,0
Precinct,203 - Hiltons,117,700,13,7,1,5,843,0
Precinct,204 - Clark's,23,183,1,1,0,2,210,0
Precinct,301 - Nickelsville,76,499,6,0,1,0,582,0
Precinct,302 - Snowflake,63,403,2,0,3,1,472,0
Precinct,303 - Twin Springs,81,352,5,2,1,1,442,0
Precinct,304 - Copper Creek,29,105,2,0,1,0,137,0
Precinct,401 - Gate City,259,1251,35,5,9,8,1567,0
Precinct,501 - Dungannon,77,252,2,3,0,2,336,0
Precinct,502 - Fort Blackmore,60,325,1,1,0,0,387,0
Precinct,503 - Manville,27,199,5,2,1,0,234,0
Precinct,504 - Rye Cove,57,455,2,1,0,1,516,0
Precinct,601 - Clinchport,37,324,5,4,2,0,372,0
Precinct,602 - Duffield-pattonsville,123,654,16,3,6,1,803,0
Precinct,603 - Fairview,41,142,3,1,1,0,188,0
Precinct,Ab - Central Absentee Precinct,176,758,16,5,5,5,965,0
Precinct,Provisional,2,5,0,0,0,0,7,0
Locality,Shenandoah County,5273,14094,556,286,149,155,20513,0
Precinct,101 - Orkney Springs,238,588,17,8,5,9,865,0
Precinct,103 - New Market,497,1560,70,32,24,19,2202,0
Precinct,201 - Conicville,306,1203,31,18,8,10,1576,0
Precinct,202 - Mt Jackson,334,952,39,9,13,10,1357,0
Precinct,302 - Edinburg,309,1018,47,25,10,14,1423,0
Precinct,303 - St Luke,264,1094,23,9,6,7,1403,0
Precinct,304 - Fort Valley,153,553,28,12,8,5,759,0
Precinct,401 - Woodstock,883,1743,97,57,22,25,2827,0
Precinct,501 - Cedar Creek,43,73,2,0,0,0,118,0
Precinct,503 - Toms Brook,457,1408,50,31,8,17,1971,0
Precinct,504 - Lebanon Church,288,998,32,15,6,7,1346,0
Precinct,601 - Strasburg,853,1877,76,41,30,14,2891,0
Precinct,Ab - Central Absentee Precinct,644,1011,43,29,7,18,1752,0
Precinct,Provisional,4,16,1,0,2,0,23,0
Locality,Smyth County,2665,9750,258,113,53,51,12890,0
Precinct,101 - Saltville,306,1219,18,7,3,6,1559,0
Precinct,201 - Seven Mile Ford,193,937,26,5,5,2,1168,0
Precinct,202 - Rich Valley,116,339,6,4,2,1,468,0
Precinct,301 - Chilhowie,248,1162,27,12,4,7,1460,0
Precinct,302 - St Clair,44,345,3,3,4,2,401,0
Precinct,401 - East Park,262,758,30,11,4,7,1072,0
Precinct,402 - West Park,168,355,21,6,1,2,553,0
Precinct,501 - Atkins,174,871,20,16,5,2,1088,0
Precinct,502 - Wassona,256,466,19,12,2,4,759,0
Precinct,601 - Royal Oak East,226,789,16,11,8,7,1057,0
Precinct,602 - Royal Oak West,112,424,8,4,3,1,552,0
Precinct,701 - Adwolfe,139,965,19,5,5,7,1140,0
Precinct,702 - Sugar Grove,145,492,17,5,2,2,663,0
Precinct,703 - Konnarock,16,80,4,0,0,0,100,0
Precinct,Ab - Central Absentee Precinct,256,545,23,11,5,1,841,0
Precinct,Provisional,4,3,1,1,0,0,9,0
Locality,Southampton County,3595,5035,156,62,24,6,8878,0
Precinct,101 - Berlin,95,504,20,7,0,1,627,0
Precinct,102 - Ivor,331,491,15,7,3,0,847,0
Precinct,201 - Boykins,480,337,8,2,2,0,829,0
Precinct,202 - Branchville,115,154,5,3,0,1,278,0
Precinct,301 - Capron,309,330,14,4,1,1,659,0
Precinct,302 - Sebrell,247,362,11,2,3,1,626,0
Precinct,401 - Drewryville,255,228,6,4,0,0,493,0
Precinct,501 - Hunterdale,302,698,23,8,5,0,1036,0
Precinct,502 - Forks-of-the-river,202,238,6,1,1,0,448,0
Precinct,601 - Courtland,375,514,14,8,2,0,913,0
Precinct,602 - Sedley,70,291,7,1,1,1,371,0
Precinct,701 - Blackwater River,308,164,6,2,0,0,480,0
Precinct,702 - Newsoms,232,424,11,3,2,1,673,0
Precinct,Ab - Central Absentee Precinct,274,300,10,10,4,0,598,0
Precinct,Provisional,0,0,0,0,0,0,0,0
Locality,Spotsylvania County,24207,34623,1910,900,450,472,62562,0
Precinct,101 - Partlow (CD 7),360,1139,40,10,8,12,1569,0
Precinct,102 - Blaydes Corner (CD 7),462,1178,33,14,7,10,1704,0
Precinct,103 - Travelers Rest (CD 7),716,1257,64,24,16,16,2093,0
Precinct,103 - Travelers Rest (CD 1),16,23,0,1,0,0,40,0
Precinct,104 - Massaponax (CD 1),724,1182,72,35,26,17,2056,0
Precinct,201 - Wilderness School (CD 7),727,1074,66,26,13,14,1920,0
Precinct,202 - Wilderness Fire (CD 7),555,1153,80,28,13,12,1841,0
Precinct,203 - Ni River / Elys Ford (CD 7),451,1160,43,16,8,17,1695,0
Precinct,204 - Chancellor (CD 7),1047,1254,91,45,22,23,2482,0
Precinct,301 - Plank Road (CD 7),884,1232,83,28,26,14,2267,0
Precinct,302 - Hazel Run (CD 7),1062,1267,70,34,29,20,2482,0
Precinct,303 - Riverbend (CD 7),924,1585,56,49,17,18,2649,0
Precinct,401 - Summit (CD 1),1034,1192,79,33,13,21,2372,0
Precinct,402 - Parkside (CD 1),882,842,57,45,11,12,1849,0
Precinct,402 - Parkside (CD 7),204,212,7,7,1,5,436,0
Precinct,403 - Lee Hill (CD 1),1279,1394,97,53,21,22,2866,0
Precinct,501 - Belmont (CD 7),352,996,43,18,10,3,1422,0
Precinct,502 - Brokenburg (CD 7),309,921,30,13,3,5,1281,0
Precinct,503 - Post Oak (CD 7),328,1070,25,15,7,7,1452,0
Precinct,504 - Courthouse (CD 7),682,1214,58,25,17,15,2011,0
Precinct,505 - Brock (CD 7),563,1350,59,27,14,20,2033,0
Precinct,601 - Salem (CD 7),1015,1213,103,40,30,22,2423,0
Precinct,602 - Smith Station (CD 7),1416,1510,103,43,23,16,3111,0
Precinct,603 - Piedmont (CD 7),628,862,65,22,13,7,1597,0
Precinct,701 - Battlefield (CD 1),867,910,58,29,17,11,1892,0
Precinct,702 - Brents Mill (CD 1),537,574,53,27,18,5,1214,0
Precinct,702 - Brents Mill (CD 7),392,533,45,23,13,5,1011,0
Precinct,703 - Fairview (CD 7),453,398,34,16,7,7,915,0
Precinct,703 - Fairview (CD 1),140,160,16,7,3,2,328,0
Precinct,704 - Gayle (CD 7),834,912,45,37,3,14,1845,0
Precinct,704 - Gayle (CD 1),361,449,9,6,3,4,832,0
Precinct,Ab - Central Absentee Precinct (CD 1),1160,1038,56,32,16,31,2333,0
Precinct,Ab - Central Absentee Precinct (CD 7),2840,3365,170,72,22,65,6534,0
Precinct,Provisional (CD 1),0,1,0,0,0,0,1,0
Precinct,Provisional (CD 7),3,3,0,0,0,0,6,0
Locality,Stafford County,27908,33868,2140,1006,488,524,65934,0
Precinct,101 - Hartwood,965,2214,100,63,25,26,3393,0
Precinct,102 - Rocky Run,689,837,43,24,8,2,1603,0
Precinct,103 - Simpson,740,1212,65,23,14,16,2070,0
Precinct,104 - College,1009,1492,81,47,18,15,2662,0
Precinct,201 - Rock Hill,750,1060,65,26,15,14,1930,0
Precinct,202 - Roseville,1037,1256,106,40,22,20,2481,0
Precinct,203 - Ruby,453,1279,83,17,17,8,1857,0
Precinct,204 - Stefaniga,895,1424,56,31,10,18,2434,0
Precinct,301 - Griffis,1013,563,44,14,13,8,1655,0
Precinct,302 - Widewater,1302,1107,89,28,16,17,2559,0
Precinct,303 - Harbour,519,796,60,22,11,13,1421,0
Precinct,304 - Barrett,502,471,31,16,8,4,1032,0
Precinct,401 - Aquia,462,269,21,12,5,5,774,0
Precinct,402 - Courthouse,1534,1054,87,36,23,19,2753,0
Precinct,403 - Brooke,830,1507,81,27,19,17,2481,0
Precinct,404 - Government Island,625,980,64,36,18,29,1752,0
Precinct,501 - Grafton,977,1721,81,37,17,28,2861,0
Precinct,502 - Falmouth,767,994,51,45,9,27,1893,0
Precinct,503 - Drew,750,1077,78,23,25,15,1968,0
Precinct,504 - Gayle,938,727,37,30,16,9,1757,0
Precinct,601 - Ferry Farm,673,1172,60,25,14,22,1966,0
Precinct,602 - Chatham,932,1174,98,32,24,26,2286,0
Precinct,603 - White Oak,698,1591,67,25,15,14,2410,0
Precinct,604 - England Run,735,428,42,22,23,5,1255,0
Precinct,701 - Woodlands,1065,1325,75,49,15,25,2554,0
Precinct,702 - Whitson,1170,841,79,41,20,14,2165,0
Precinct,703 - Hampton,1231,1468,95,69,11,27,2901,0
Precinct,Ab - Central Absentee Precinct,4618,3801,298,146,57,81,9001,0
Precinct,Provisional,29,28,3,0,0,0,60,0
Locality,Staunton City,5333,5133,419,159,109,102,11255,0
Precinct,101 - Ward No 1,866,978,72,35,15,10,1976,0
Precinct,201 - Ward Two,947,1276,83,22,40,14,2382,0
Precinct,301 - Ward No 3,843,996,94,27,18,20,1998,0
Precinct,401 - Ward No 4,775,765,65,35,10,26,1676,0
Precinct,501 - Ward No 5,1184,637,73,30,17,24,1965,0
Precinct,Ab - Central Absentee Precinct,718,481,32,10,9,8,1258,0
Precinct,Provisional,0,0,0,0,0,0,0,0
Locality,Suffolk City,23280,18006,1098,436,223,197,43240,0
Precinct,101 - Belleharbour (CD 3),768,344,45,14,11,6,1188,0
Precinct,102 - Driver (CD 3),886,1735,85,49,14,17,2786,0
Precinct,104 - Bennetts Creek (CD 3),817,841,66,32,22,14,1792,0
Precinct,201 - Ebenezer (CD 3),400,917,34,21,7,4,1383,0
Precinct,202 - Chuckatuck (CD 3),507,821,40,10,8,6,1392,0
Precinct,203 - Kings Fork (CD 3),1129,695,55,16,11,7,1913,0
Precinct,204 - Hillpoint (CD 3),893,562,40,21,6,4,1526,0
Precinct,301 - White Marsh (CD 4),333,174,5,5,1,0,518,0
Precinct,302 - John F Kennedy (CD 4),886,22,6,3,4,2,923,0
Precinct,302 - John F Kennedy (CD 3),613,198,17,2,3,3,836,0
Precinct,304 - Nansemond River (CD 3),1015,620,51,30,17,5,1738,0
Precinct,305 - Shoulders Hill (CD 3),448,296,20,7,5,1,777,0
Precinct,401 - Airport (CD 4),353,612,26,9,3,3,1006,0
Precinct,402 - Whaleyville (CD 4),265,822,45,8,3,7,1150,0
Precinct,403 - Southside (CD 4),722,43,2,4,2,2,775,0
Precinct,403 - Southside (CD 3),0,0,0,0,0,0,0,0
Precinct,404 - Booker T Washington (CD 4),963,61,8,9,2,1,1044,0
Precinct,404 - Booker T Washington (CD 3),274,7,0,0,3,2,286,0
Precinct,405 - Pittmantown (CD 4),198,250,9,3,2,4,466,0
Precinct,501 - Kilbys Mill (CD 4),732,1314,56,17,7,9,2135,0
Precinct,502 - Holland (CD 4),626,1178,52,14,8,4,1882,0
Precinct,504 - Lake Cohoon (CD 4),371,858,32,20,6,8,1295,0
Precinct,504 - Lake Cohoon (CD 3),158,452,17,2,1,3,633,0
Precinct,601 - Lakeside (CD 4),977,631,58,23,6,4,1699,0
Precinct,602 - Olde Towne (CD 4),8,0,0,0,0,0,8,0
Precinct,602 - Olde Towne (CD 3),300,172,13,5,4,2,496,0
Precinct,603 - Elephants Fork/westhaven (CD 4),224,275,16,5,2,2,524,0
Precinct,604 - Wilroy (CD 3),488,595,50,15,7,9,1164,0
Precinct,605 - Hollywood (CD 3),724,24,9,2,2,5,766,0
Precinct,702 - Harbourview (CD 3),907,887,57,25,7,14,1897,0
Precinct,704 - Burbage Grant (CD 3),1165,592,61,21,10,7,1856,0
Precinct,706 - Huntersville (CD 3),1488,271,26,13,20,15,1833,0
Precinct,AB - Central Absentee Precinct (CD 3),2252,1151,69,22,15,25,3534,0
Precinct,Ab - Central Absentee Precinct (CD 4),1365,568,28,6,3,2,1972,0
Precinct,Provisional (CD 3),24,16,0,3,1,0,44,0
Precinct,Provisional (CD 4),1,2,0,0,0,0,3,0
Locality,Surry County,2272,1819,81,29,17,10,4228,0
Precinct,101 - Surry,327,512,26,9,3,1,878,0
Precinct,201 - Bacons Castle,517,306,8,4,4,4,843,0
Precinct,301 - Dendron,229,195,9,4,1,2,440,0
Precinct,302 - Walls Bridge,232,161,8,4,2,0,407,0
Precinct,401 - Carsley,457,353,14,3,4,3,834,0
Precinct,501 - Claremont,259,253,13,3,2,0,530,0
Precinct,502 - Spring Grove,48,5,0,1,0,0,54,0
Precinct,Provisional,203,34,3,1,1,0,242,0
Locality,Sussex County,2879,2055,63,22,22,3,5044,0
Precinct,101 - Waverly,612,151,3,2,3,1,772,0
Precinct,201 - Stony Creek,412,168,8,2,2,0,592,0
Precinct,202 - Little Mill,94,63,1,0,0,0,158,0
Precinct,301 - Courthouse,207,378,5,6,2,1,599,0
Precinct,302 - Wakefield,23,153,6,0,1,0,183,0
Precinct,401 - Mars Hill,420,248,12,4,3,0,687,0
Precinct,402 - West Wakefield,79,15,1,0,1,0,96,0
Precinct,501 - Henry,342,187,8,2,1,0,540,0
Precinct,502 - Yale,164,83,3,0,1,0,251,0
Precinct,601 - Blackwater,189,316,5,1,5,0,516,0
Precinct,602 - Newville,115,161,5,1,1,1,284,0
Precinct,AB - Central Absentee Precinct,219,132,6,4,2,0,363,0
Precinct,Provisional,3,0,0,0,0,0,3,0
Locality,Tazewell County,2895,15168,260,127,53,63,18566,0
Precinct,101 - Abbs Valley,52,280,10,3,0,1,346,0
Precinct,102 - Tip Top,69,358,6,1,0,1,435,0
Precinct,103 - Boissevain,48,205,5,3,0,0,261,0
Precinct,104 - Falls Mills,47,405,8,2,1,3,466,0
Precinct,106 - Pocahontas,62,152,6,4,0,1,225,0
Precinct,107 - Amonate,12,78,1,1,0,0,92,0
Precinct,109 - Bishop,21,150,3,0,0,0,174,0
Precinct,110 - Adria,45,381,6,1,1,0,434,0
Precinct,111 - Gap Store,53,348,8,1,1,0,411,0
Precinct,112 - Bandy,22,168,4,0,0,0,194,0
Precinct,203 - Burkes Garden,16,101,0,0,0,0,117,0
Precinct,204 - Clear Fork,52,408,9,3,0,3,475,0
Precinct,207 - Freestone,26,129,3,2,0,1,161,0
Precinct,209 - Jeffersonville,450,1801,35,19,8,4,2317,0
Precinct,214 - Thompson Valley,66,422,7,6,1,1,503,0
Precinct,301 - Cedar Bluff,223,1638,24,7,6,6,1904,0
Precinct,302 - Baptist Valley,55,313,1,2,0,0,371,0
Precinct,303 - Wardell,109,689,8,7,4,1,818,0
Precinct,305 - Pounding Mill,83,511,2,8,1,0,605,0
Precinct,401 - Richlands,356,1740,36,17,7,11,2167,0
Precinct,402 - Jewell Ridge,28,204,0,2,2,0,236,0
Precinct,404 - Raven,96,623,4,7,3,3,736,0
Precinct,501 - Springville,129,1061,15,9,3,8,1225,0
Precinct,502 - Graham,399,1733,33,14,9,11,2199,0
Precinct,Ab - Central Absentee Precinct,376,1262,26,8,6,8,1686,0
Precinct,Provisional,0,8,0,0,0,0,8,0
Locality,Virginia Beach City,91032,98224,8255,2237,1737,1777,203262,0
Precinct,1 - North Beach,793,1392,71,16,9,17,2298,0
Precinct,2 - South Beach,859,991,115,26,27,26,2044,0
Precinct,3 - Ocean Lakes,562,832,66,13,11,13,1497,0
Precinct,4 - Linkhorn,692,1003,71,15,13,13,1807,0
Precinct,5 - Seatack,1037,785,90,23,31,25,1991,0
Precinct,6 - Alanton,709,1142,76,27,11,18,1983,0
Precinct,7 - Kingston,436,772,71,18,6,11,1314,0
Precinct,8 - London Bridge,894,1077,113,25,31,21,2161,0
Precinct,9 - Trantwood,622,1092,69,24,9,10,1826,0
Precinct,10 - Great Neck,582,1313,75,14,9,15,2008,0
Precinct,11 - Cape Henry,888,1091,80,17,12,21,2109,0
Precinct,12 - Plaza,959,864,100,29,31,19,2002,0
Precinct,13 - Mt Trashmore,956,1166,125,22,21,14,2304,0
Precinct,14 - Malibu,820,1082,94,22,16,19,2053,0
Precinct,15 - Old Donation,600,715,95,16,14,8,1448,0
Precinct,16 - Aragona,1071,1204,132,18,26,16,2467,0
Precinct,17 - Ocean Park,589,782,78,23,15,9,1496,0
Precinct,18 - Thoroughgood,868,1108,80,25,16,41,2138,0
Precinct,19 - Lake Smith,389,654,46,7,8,8,1112,0
Precinct,20 - Bayside,664,881,46,18,14,4,1627,0
Precinct,21 - Davis Corner,1315,403,50,13,20,20,1821,0
Precinct,22 - Point O View,608,880,53,24,19,14,1598,0
Precinct,23 - Arrowhead,710,1077,79,24,32,14,1936,0
Precinct,24 - Larkspur,627,651,64,15,12,6,1375,0
Precinct,25 - Avalon,1168,1284,110,32,28,27,2649,0
Precinct,26 - Fairfield,694,862,76,28,15,19,1694,0
Precinct,27 - Edwin,717,1054,81,24,8,20,1904,0
Precinct,28 - Thalia,543,786,68,23,14,19,1453,0
Precinct,29 - Holland,1038,678,88,32,31,14,1881,0
Precinct,30 - Red Wing,549,977,68,11,15,16,1636,0
Precinct,31 - Sigma,824,1804,95,36,8,20,2787,0
Precinct,32 - Creeds,190,785,32,8,7,8,1030,0
Precinct,33 - Capps Shop,215,836,23,6,3,2,1085,0
Precinct,34 - Blackwater,146,503,22,3,1,1,676,0
Precinct,35 - Courthouse,551,1148,58,18,12,16,1803,0
Precinct,36 - Windsor Oaks,1227,889,106,24,13,17,2276,0
Precinct,37 - Chesapeake Beach,658,724,95,19,16,8,1520,0
Precinct,38 - Witchduck,817,1384,72,25,11,19,2328,0
Precinct,39 - Pembroke,1063,1111,112,24,19,18,2347,0
Precinct,40 - Bonney,699,713,64,24,15,21,1536,0
Precinct,41 - College Park,1599,544,71,15,21,15,2265,0
Precinct,42 - Brandon,947,900,75,27,19,16,1984,0
Precinct,43 - Bellamy,936,609,87,36,21,13,1702,0
Precinct,44 - Centerville,880,1157,100,27,28,25,2217,0
Precinct,45 - Timberlake,1186,537,76,21,10,12,1842,0
Precinct,46 - Green Run,1040,557,43,17,12,9,1678,0
Precinct,47 - Kings Grant,790,1382,85,36,24,28,2345,0
Precinct,48 - Wolfsnare,840,1184,88,21,10,21,2164,0
Precinct,49 - Lynnhaven,595,1078,64,20,10,18,1785,0
Precinct,50 - Oceana,796,411,68,18,15,19,1327,0
Precinct,51 - Stratford Chase,667,919,72,16,23,30,1727,0
Precinct,52 - Homestead,1001,1137,99,22,21,16,2296,0
Precinct,53 - Shannon,672,830,49,18,12,6,1587,0
Precinct,54 - Cromwell,673,645,75,14,11,13,1431,0
Precinct,55 - Magic Hollow,1145,645,102,20,29,25,1966,0
Precinct,56 - Edinburgh,357,588,50,6,13,6,1020,0
Precinct,57 - Sherry Park,487,703,49,13,16,8,1276,0
Precinct,58 - Glenwood,917,879,77,19,16,12,1920,0
Precinct,59 - Shelton Park,640,635,49,19,10,20,1373,0
Precinct,60 - Foxfire,679,1362,80,18,13,20,2172,0
Precinct,61 - Baker,1523,222,43,19,21,15,1843,0
Precinct,62 - Landstown,872,1066,71,28,18,16,2071,0
Precinct,63 - Culver,875,1272,112,27,22,14,2322,0
Precinct,64 - Rosemont Forest,1229,1182,94,27,14,9,2555,0
Precinct,65 - Colonial,795,844,79,37,15,17,1787,0
Precinct,66 - Hunt,579,1035,80,16,20,22,1752,0
Precinct,67 - Eastern Shore,458,401,65,7,12,13,956,0
Precinct,68 - Manor,702,934,81,16,12,14,1759,0
Precinct,69 - Shell,1006,409,49,16,10,14,1504,0
Precinct,70 - Corporate Landing,910,1070,125,18,25,24,2172,0
Precinct,71 - Round Hill,494,417,43,10,1,4,969,0
Precinct,72 - Rudee,645,1111,79,18,22,13,1888,0
Precinct,73 - Dahlia,936,527,74,17,19,22,1595,0
Precinct,74 - Buckner,969,562,55,15,17,10,1628,0
Precinct,75 - Colony,734,1197,91,21,11,13,2067,0
Precinct,76 - Village,989,517,96,15,16,10,1643,0
Precinct,77 - Brookwood,797,823,90,25,25,24,1784,0
Precinct,78 - Indian Lakes,766,695,70,23,15,4,1573,0
Precinct,79 - Pleasant Hall,976,500,74,20,21,12,1603,0
Precinct,80 - Chimney Hill,902,514,64,26,32,15,1553,0
Precinct,81 - Rock Lake,1088,787,83,22,15,10,2005,0
Precinct,82 - Shelburne,569,823,62,20,15,23,1512,0
Precinct,83 - Strawbridge,668,1198,111,37,18,18,2050,0
Precinct,84 - Tallwood,981,738,82,34,21,19,1875,0
Precinct,85 - Upton,825,1379,98,27,22,21,2372,0
Precinct,86 - Haygood,822,985,48,19,7,27,1908,0
Precinct,87 - Hillcrest,690,890,60,18,12,23,1693,0
Precinct,88 - North Landing,611,855,54,19,14,9,1562,0
Precinct,89 - Lake Christopher,728,900,77,27,9,13,1754,0
Precinct,90 - Lake Joyce,441,728,58,13,9,12,1261,0
Precinct,91 - Lexington,981,653,67,22,20,11,1754,0
Precinct,92 - Little Neck,506,801,54,19,15,14,1409,0
Precinct,93 - Newtown,1415,248,43,18,12,15,1751,0
Precinct,94 - Pinewood,393,554,45,13,14,8,1027,0
Precinct,95 - Dam Neck,460,657,51,6,7,10,1191,0
Precinct,96 - Hilltop,681,531,64,11,21,20,1328,0
Precinct,97 - Indian River,970,567,78,16,12,22,1665,0
Precinct,98 - Independence,552,345,51,13,11,7,979,0
Precinct,Ab - Central Absentee Precinct,14149,13964,955,260,165,246,29739,0
Precinct,Provisional,149,126,11,8,7,5,306,0
Locality,Warren County,5169,11773,495,222,149,152,17960,0
Precinct,101 - Fork Town,360,637,29,13,13,6,1058,0
Precinct,102 - Otterburn,479,1521,50,27,11,9,2097,0
Precinct,201 - Happy Creek,539,1167,50,28,9,19,1812,0
Precinct,202 - Linden,466,1033,79,21,22,21,1642,0
Precinct,301 - North River,484,888,49,15,12,11,1459,0
Precinct,302 - Riverton,379,1077,22,11,4,12,1505,0
Precinct,401 - East Shenandoah,510,1732,59,41,26,26,2394,0
Precinct,402 - Town - West Shenandoah,320,727,25,15,14,12,1113,0
Precinct,501 - South River,639,1167,60,25,15,12,1918,0
Precinct,502 - Bentonville,167,495,23,4,7,3,699,0
Precinct,504 - Browntown,150,383,9,7,2,3,554,0
Precinct,Ab - Central Absentee Precinct,672,935,39,15,14,18,1693,0
Precinct,Provisional,4,11,1,0,0,0,16,0
Locality,Washington County,5553,19320,537,229,93,115,25847,0
Precinct,101 - East Abingdon,580,1420,55,17,11,18,2101,0
Precinct,102 - West Abingdon,342,749,22,14,4,2,1133,0
Precinct,201 - Clinchburg,101,588,13,5,2,2,711,0
Precinct,202 - Greendale,180,941,12,13,4,2,1152,0
Precinct,203 - Hayters Gap,63,357,4,7,1,1,433,0
Precinct,204 Woodland Hills,242,776,14,11,5,2,1050,0
Precinct,301 - Watauga,396,1361,46,20,2,8,1833,0
Precinct,302 - South Abingdon,507,1108,41,19,14,14,1703,0
Precinct,401 - Glade Spring,287,1052,29,8,2,4,1382,0
Precinct,402 - Meadowview,373,1218,36,12,5,12,1656,0
Precinct,501 - Rhea Valley,323,1644,30,11,8,7,2023,0
Precinct,502 - Damascus,259,687,27,9,5,2,989,0
Precinct,504 - Green Cove,30,133,4,0,2,1,170,0
Precinct,601 - Burson Place,197,1407,40,13,6,2,1665,0
Precinct,602 - Mendota,46,273,9,5,2,11,346,0
Precinct,603 - Valley Institute,200,1005,20,9,2,7,1243,0
Precinct,701 - High Point,190,1102,24,10,0,4,1330,0
Precinct,702 - Wallace,110,544,13,8,1,1,677,0
Precinct,703 - John Battle,274,1201,40,16,6,7,1544,0
Precinct,Ab - Central Absentee Precinct,848,1743,57,22,11,8,2689,0
Precinct,Provisional,5,11,1,0,0,0,17,0
Locality,Waynesboro City,3764,4801,336,145,74,84,9204,0
Precinct,1 - Ward A,634,701,44,13,16,13,1421,0
Precinct,2 - Ward B,969,1225,104,35,23,24,2380,0
Precinct,3 - Ward C,740,962,65,36,20,12,1835,0
Precinct,4 - Ward D,1088,1569,97,58,14,28,2854,0
Precinct,Ab - Central Absentee Precinct,331,341,25,3,1,7,708,0
Precinct,Provisional,2,3,1,0,0,0,6,0
Locality,Westmoreland County,3836,4448,157,50,40,43,8574,0
Precinct,101 - Precinct 1-1,638,269,17,3,2,1,930,0
Precinct,102 - Precinct 1-2,319,231,7,4,1,0,562,0
Precinct,201 - Precinct 2-1,521,462,17,4,4,5,1013,0
Precinct,202 - Precinct 2-2,199,349,8,4,3,1,564,0
Precinct,301 - Precinct 3-1,361,426,14,6,1,0,808,0
Precinct,302 - Precinct 3-2,272,316,7,5,2,4,606,0
Precinct,401 - Precinct 4-1,411,1034,34,10,11,7,1507,0
Precinct,501 - Precinct 5-1,541,836,34,10,10,12,1443,0
Precinct,Ab - Central Absentee Precinct,564,514,17,4,6,13,1118,0
Precinct,Provisional,10,11,2,0,0,0,23,0
Locality,Williamsburg City,5206,1925,231,100,84,80,7626,0
Precinct,1 - Stryker,2193,880,102,43,40,34,3292,0
Precinct,2 - Matoaka,2411,723,108,48,35,36,3361,0
Precinct,Ab - Central Absentee Precinct,595,318,20,9,9,10,961,0
Precinct,Provisional,7,4,1,0,0,0,12,0
Locality,Winchester City,5164,4790,400,128,99,86,10667,0
Precinct,101 - Merrimans,896,884,73,15,11,20,1899,0
Precinct,102 - Old Town,642,711,62,23,21,14,1473,0
Precinct,201 - Virginia Avenue,985,637,70,24,28,8,1752,0
Precinct,301 - War Memorial,838,773,86,15,18,15,1745,0
Precinct,401 - Frederick Douglass,379,430,26,11,6,7,859,0
Precinct,402 - Rolling Hills,714,861,40,29,7,13,1664,0
Precinct,AB - Central Absentee Precinct,707,491,43,11,8,9,1269,0
Precinct,Provisional,3,3,0,0,0,0,6,0
Locality,Wise County,2701,12086,182,65,77,52,15163,0
Precinct,101 - Appalachia,188,680,12,5,8,3,896,0
Precinct,102 - Dorchester,102,486,5,2,1,4,600,0
Precinct,103 - Guest River Voting Place,92,474,2,2,1,1,572,0
Precinct,104 - West Pound,250,1280,16,6,10,4,1566,0
Precinct,201 - North Coeburn,119,634,6,4,4,2,769,0
Precinct,202 - Wise,426,1637,39,5,14,4,2125,0
Precinct,203 - East Pound,50,349,3,1,6,5,414,0
Precinct,301 - Big Stone Gap,362,1282,25,5,9,8,1691,0
Precinct,302 - East Stone Gap,262,1428,20,14,9,9,1742,0
Precinct,401 - Clinch Valley,188,1129,20,6,7,6,1356,0
Precinct,402 - South Coeburn,204,1336,12,5,3,1,1561,0
Precinct,403 - St Paul,137,390,5,3,3,2,540,0
Precinct,Ab - Central Absentee Precinct,321,978,17,7,2,3,1328,0
Precinct,Provisional,0,3,0,0,0,0,3,0
Locality,Wythe County,2770,10046,285,107,49,86,13343,0
Precinct,101 - Royal Oak,55,447,6,7,1,2,518,0
Precinct,102 - Rural Retreat,280,1312,34,17,4,5,1652,0
Precinct,203 - West Wytheville,583,1298,54,20,8,17,1980,0
Precinct,303 - East Wytheville,616,1348,53,12,8,13,2050,0
Precinct,401 - Fort Chiswell,180,915,19,10,2,5,1131,0
Precinct,402 - Max Meadows,169,885,23,5,4,6,1092,0
Precinct,501 - Jackson Memorial,138,625,13,8,2,4,790,0
Precinct,502 - Sheffey,149,966,20,7,5,9,1156,0
Precinct,601 - Huddle,66,468,2,4,3,0,543,0
Precinct,602 - Zion,148,691,21,5,2,4,871,0
Precinct,603 Evergreen,104,515,17,4,7,9,656,0
Precinct,Ab - Central Absentee Precinct,276,574,23,8,3,12,896,0
Precinct,Provisional,6,2,0,0,0,0,8,0
Locality,York County,12999,18837,1186,549,252,295,34118,0
Precinct,101 - Queens Lake,720,812,50,25,16,12,1635,0
Precinct,102 - Waller Mill,847,1127,76,41,23,12,2126,0
Precinct,103 - Magruder,1516,925,108,34,20,21,2624,0
Precinct,201 - Coventry,1208,1642,101,54,32,26,3063,0
Precinct,202 - Kiln Creek,634,817,44,19,9,14,1537,0
Precinct,301 - Seaford,618,2019,85,45,22,28,2817,0
Precinct,302 - Yorktown,697,1191,74,31,12,17,2022,0
Precinct,303 - Edgehill,1005,1066,84,29,18,18,2220,0
Precinct,401 - Harwoods Mill,714,1674,88,43,18,21,2558,0
Precinct,402 - Dare,768,1792,92,41,21,18,2732,0
Precinct,403 - Grafton,466,845,35,17,7,13,1383,0
Precinct,501 - Tabb,955,1705,91,48,16,24,2839,0
Precinct,502 - Bethel,1184,1496,106,51,21,32,2890,0
Precinct,Ab - Central Absentee Precinct,1657,1712,150,71,16,38,3644,0
Precinct,Provisional,10,14,2,0,1,1,28,0
