,,Mark Rankin Herring,John Donley Adams,Write-Ins,Total Votes Cast,Undervotes
,,Democratic,Republican,,,
State,Virginia,1385390,1209540,2614,2597544,0
Locality,Accomack County,4521,6003,5,10529,0
Precinct,101 - Chincoteague,374,776,2,1152,0
Precinct,201 - Atlantic,119,402,0,521,0
Precinct,202 - Greenbackville,194,454,0,648,0
Precinct,301 - New Church,346,374,1,721,0
Precinct,401 - Bloxom,83,225,0,308,0
Precinct,402 - Parksley,159,347,1,507,0
Precinct,403 - Saxis,29,106,0,135,0
Precinct,501 - Mappsville,220,179,0,399,0
Precinct,502 - Rue,236,94,1,331,0
Precinct,601 - Accomac,330,482,0,812,0
Precinct,602 - Tangier,16,155,0,171,0
Precinct,701 - Nandua,641,782,0,1423,0
Precinct,801 - Bobtown,175,305,0,480,0
Precinct,802 - Melfa,300,267,0,567,0
Precinct,803 - Wachapreague,134,274,0,408,0
Precinct,901 - Painter,713,490,0,1203,0
Precinct,Ab - Central Absentee Precinct,452,291,0,743,0
Precinct,Provisional,0,0,0,0,0
Locality,Albemarle County,26594,15439,26,42059,0
Precinct,101 - Woodbrook,1009,593,0,1602,0
Precinct,103 - Branchlands,409,162,0,571,0
Precinct,104 - Agnor-hurt,843,298,0,1141,0
Precinct,105 - Dunlora,1233,524,1,1758,0
Precinct,106 - Northside,976,711,0,1687,0
Precinct,201 - Jack Jouett,766,484,1,1251,0
Precinct,202 - University Hall,1327,347,2,1676,0
Precinct,203 - Georgetown,976,277,1,1254,0
Precinct,204 - Belfield,428,297,0,725,0
Precinct,301 - Ivy,1521,834,0,2355,0
Precinct,302 - Red Hill,1000,578,2,1580,0
Precinct,304 - East Ivy,383,242,0,625,0
Precinct,305 - Country Green,921,432,2,1355,0
Precinct,306 - Porters,478,257,1,736,0
Precinct,307 - Yellow Mountain,215,167,0,382,0
Precinct,401 - Scottsville,380,420,0,800,0
Precinct,402 - Monticello,359,379,0,738,0
Precinct,405 - Cale,1864,596,3,2463,0
Precinct,406 - Stone Robinson,804,915,0,1719,0
Precinct,501 - Keswick,432,328,2,762,0
Precinct,502 - Stony Point,469,432,1,902,0
Precinct,503 - Hollymead,829,549,0,1378,0
Precinct,504 - Free Bridge,1574,742,2,2318,0
Precinct,506 - Baker-butler,957,831,0,1788,0
Precinct,601 - Crozet,1445,847,2,2294,0
Precinct,602 - Free Union,428,352,1,781,0
Precinct,603 - Earlysville,942,886,1,1829,0
Precinct,604 - Brownsville,1619,1055,3,2677,0
Precinct,Ab - Central Absentee Precinct,1980,889,1,2870,0
Precinct,Provisional,27,15,0,42,0
Locality,Alexandria City,40306,11463,54,51823,0
Precinct,101 - Ladrey Senior Building,912,372,0,1284,0
Precinct,102 - City Hall,840,490,1,1331,0
Precinct,103 - Lyles Crouch School,1385,568,1,1954,0
Precinct,104 - Durant Center,1180,309,1,1490,0
Precinct,105 - Lee Center,1590,467,2,2059,0
Precinct,106 - Cora Kelly,1681,318,3,2002,0
Precinct,107 - Mt Vernon Recreation Center,2007,420,4,2431,0
Precinct,108 - George Washington Middle Sch,1962,434,5,2401,0
Precinct,109 - Fire Department Headquarters,994,408,3,1405,0
Precinct,110 - Charles Houston Center,1210,275,2,1487,0
Precinct,111 - Potomac Yard,523,189,0,712,0
Precinct,201 - Maury School,1310,405,0,1715,0
Precinct,202 - George Mason School,1195,553,3,1751,0
Precinct,203 - Agudas Achim Synagogue,1337,337,2,1676,0
Precinct,204 - Blessed Sacrament Church,1156,450,1,1607,0
Precinct,205 - Douglas Macarthur School,1410,522,2,1934,0
Precinct,206 - Chinquapin Park Recreation Ctr,1069,340,1,1410,0
Precinct,207 - Temple Beth El Synagogue,1355,520,1,1876,0
Precinct,208 - Nova Arts Center,1269,283,4,1556,0
Precinct,209 - James K Polk School,1441,363,2,1806,0
Precinct,210 - The Hermitage,657,228,2,887,0
Precinct,302 - Patrick Henry Rec Center,982,195,1,1178,0
Precinct,303 - Charles E Beatley Library,1243,225,1,1469,0
Precinct,304 - Samuel Tucker School,1705,265,0,1970,0
Precinct,305 - John Adams School,1148,230,2,1380,0
Precinct,306 - William Ramsay School,1255,237,1,1493,0
Precinct,307 - South Port,1128,277,2,1407,0
Precinct,308 - Cameron Station Community Ctr,1332,527,1,1860,0
Precinct,Ab - Central Absentee Precinct,4957,1242,6,6205,0
Precinct,Provisional,73,14,0,87,0
Locality,Alleghany County,1487,2886,3,4376,0
Precinct,101 - Arritt,96,292,0,388,0
Precinct,103 - Dameron,39,122,0,161,0
Precinct,201 - Humpback Bridge,74,181,0,255,0
Precinct,202 - Dolly Ann,86,223,0,309,0
Precinct,301 - Callaghan,47,191,0,238,0
Precinct,302 - Griffith,143,307,2,452,0
Precinct,401 - Low Moor,101,213,0,314,0
Precinct,402 - Jackson Heights,115,270,0,385,0
Precinct,501 - Iron Gate,75,91,0,166,0
Precinct,502 - Peters Switch,142,328,1,471,0
Precinct,601 - District 1,290,359,0,649,0
Precinct,701 - District 2,207,200,0,407,0
Precinct,Ab - Central Absentee Precinct,72,109,0,181,0
Precinct,Provisional,0,0,0,0,0
Locality,Amelia County,1391,3190,3,4584,0
Precinct,101 - Number One,205,495,0,700,0
Precinct,201 - Number Two,306,617,0,923,0
Precinct,301 - Number Three,218,645,0,863,0
Precinct,401 - Number Four,217,607,1,825,0
Precinct,501 - Number Five,348,602,1,951,0
Precinct,Ab - Central Absentee Precinct,97,222,1,320,0
Precinct,Provisional,0,2,0,2,0
Locality,Amherst County,3232,6462,14,9708,0
Precinct,101 - Wright Shop,351,268,0,619,0
Precinct,102 - New Glasgow,261,555,1,817,0
Precinct,103 - Coolwell,85,323,0,408,0
Precinct,201 - Court House,524,870,1,1395,0
Precinct,202 - Temperance,153,363,0,516,0
Precinct,301 - Monroe,149,417,0,566,0
Precinct,302 - Elon,318,1088,1,1407,0
Precinct,303 - Pleasant View,90,249,0,339,0
Precinct,401 - Amelon,478,991,1,1470,0
Precinct,402 - Lonco,110,228,0,338,0
Precinct,501 - Madison,513,877,3,1393,0
Precinct,Ab - Central Absentee Precinct,200,233,7,440,0
Precinct,Provisional,0,0,0,0,0
Locality,Appomattox County,1219,3929,4,5152,0
Precinct,101 - Vera,65,324,0,389,0
Precinct,102 - Pamplin,179,496,1,676,0
Precinct,201 - Chap,76,154,0,230,0
Precinct,202 - Spout Spring,147,678,1,826,0
Precinct,301 - Us 460,94,414,0,508,0
Precinct,302 - Stonewall,139,458,1,598,0
Precinct,401 - Courthouse,194,590,1,785,0
Precinct,501 - Oakville,179,483,0,662,0
Precinct,502 - Agee,86,196,0,282,0
Precinct,Ab - Central Absentee Precinct,60,135,0,195,0
Precinct,Provisional,0,1,0,1,0
Locality,Arlington County,67190,17383,89,84662,0
Precinct,1 - Arlington,984,200,4,1188,0
Precinct,2 - Ashton Heights,1253,292,1,1546,0
Precinct,3 - Aurora Hills,761,316,1,1078,0
Precinct,4 - Ballston,1134,288,0,1422,0
Precinct,5 - Barcroft,1013,293,1,1307,0
Precinct,6 - Crystal City,793,263,0,1056,0
Precinct,7 - Cherrydale,1192,340,2,1534,0
Precinct,8 - Hume,1282,403,3,1688,0
Precinct,9 - Columbia,1506,338,3,1847,0
Precinct,10 - Wilson,1336,378,0,1714,0
Precinct,11 - East Falls Church,855,274,0,1129,0
Precinct,12 - Fairlington,1239,373,4,1616,0
Precinct,13 - Glen Carlyn,815,220,0,1035,0
Precinct,14 - Clarendon,891,203,2,1096,0
Precinct,15 - Lyon Park,675,170,1,846,0
Precinct,16 - Lyon Village,1223,355,1,1579,0
Precinct,17 - Overlee Knolls,1303,405,0,1708,0
Precinct,18 - Park Lane,1500,396,0,1896,0
Precinct,19 - Rosslyn,1266,300,4,1570,0
Precinct,20 - Thrifton,1129,460,1,1590,0
Precinct,21 - Virginia Highlands,696,242,2,940,0
Precinct,22 - Abingdon,1368,354,5,1727,0
Precinct,23 - Westover,1222,303,0,1525,0
Precinct,24 - Woodlawn,1569,359,1,1929,0
Precinct,25 - Arlington Forest,1060,308,3,1371,0
Precinct,26 - Fillmore,1484,300,6,1790,0
Precinct,27 - Jefferson,1204,320,0,1524,0
Precinct,28 - Wakefield,1358,282,3,1643,0
Precinct,29 - Dominion Hills,1306,311,1,1618,0
Precinct,30 - Glebe,1111,210,2,1323,0
Precinct,31 - Lexington,1255,359,1,1615,0
Precinct,32 - Oakridge,447,186,0,633,0
Precinct,33 - Rock Spring,1213,469,1,1683,0
Precinct,34 - Yorktown,1118,360,1,1479,0
Precinct,35 - Madison,1157,602,3,1762,0
Precinct,36 - Marshall,1265,402,0,1667,0
Precinct,37 - Nottingham,1099,389,1,1489,0
Precinct,38 - Arlington View,1064,191,2,1257,0
Precinct,39 - Ashlawn,724,212,1,937,0
Precinct,40 - Virginia Square,1278,365,3,1646,0
Precinct,41 - Navy League,965,236,1,1202,0
Precinct,42 - Shirlington,1008,221,2,1231,0
Precinct,43 - Campbell,838,110,0,948,0
Precinct,44 - Dawson Terrace,913,159,1,1073,0
Precinct,45 - Buckingham,859,184,0,1043,0
Precinct,46 - Central,1231,330,1,1562,0
Precinct,47 - Four Mile Run,1007,164,2,1173,0
Precinct,48 - Ausa,772,244,0,1016,0
Precinct,49 - Monroe,681,154,1,836,0
Precinct,50 - Crystal Plaza,785,287,2,1074,0
Precinct,51 - Taylor,322,103,0,425,0
Precinct,52 - Gunston,792,201,3,996,0
Precinct,53 - Met Park,908,272,3,1183,0
Precinct,54 - Garfield Park,502,134,0,636,0
Precinct,Ab - Central Absentee Precinct,10378,1776,9,12163,0
Precinct,Provisional,81,17,0,98,0
Locality,Augusta County,5911,17536,13,23460,0
Precinct,101 - Jolivue,204,394,0,598,0
Precinct,102 - Stuarts Draft Elementary,213,452,0,665,0
Precinct,103 - Verona,271,864,1,1136,0
Precinct,201 - Crimora,249,855,1,1105,0
Precinct,202 - New Hope,171,629,0,800,0
Precinct,203 - Weyers Cave,314,850,1,1165,0
Precinct,301 - Fort Defiance,491,1339,1,1831,0
Precinct,302 - North River,104,403,0,507,0
Precinct,303 - Mount Solon,97,549,1,647,0
Precinct,304 - Churchville Fire Station,128,469,1,598,0
Precinct,401 - Buffalo Gap,136,528,0,664,0
Precinct,402 - Churchville Elementary,135,586,0,721,0
Precinct,403 - Craigsville,76,335,0,411,0
Precinct,404 - Deerfield,40,197,0,237,0
Precinct,405 - Cedar Green,269,658,0,927,0
Precinct,501 - Greenville,206,864,0,1070,0
Precinct,502 - Middlebrook,140,414,0,554,0
Precinct,503 - Spottswood,118,455,0,573,0
Precinct,504 - White Hill,247,902,1,1150,0
Precinct,601 - Sherando,173,547,0,720,0
Precinct,602 - Ridgeview,379,1246,0,1625,0
Precinct,603 - Lyndhurst,339,853,2,1194,0
Precinct,801 - Dooms,200,653,0,853,0
Precinct,802 - Fishersville,493,1109,1,1603,0
Precinct,803 - Wilson,409,742,2,1153,0
Precinct,Ab - Central Absentee Precinct,306,635,1,942,0
Precinct,Provisional,3,8,0,11,0
Locality,Bath County,449,1009,2,1460,0
Precinct,101 - Warm Springs,86,162,1,249,0
Precinct,102 - Mountain Grove,12,45,0,57,0
Precinct,201 - Hot Springs,81,132,0,213,0
Precinct,301 - Fairview,39,185,0,224,0
Precinct,302 - Burnsville,16,34,0,50,0
Precinct,401 - Millboro,85,210,0,295,0
Precinct,501 - Healing Springs,93,204,1,298,0
Precinct,Ab - Central Absentee Precinct,37,37,0,74,0
Precinct,Provisional,0,0,0,0,0
Locality,Bedford County,6804,20800,26,27630,0
Precinct,101 - Goodview Elem School (CD 5),209,840,0,1049,0
Precinct,102 - Hardy Vol Fire Co (CD 5),132,374,0,506,0
Precinct,103 - Chamblissburg Baptist Church (CD 5),197,584,0,781,0
Precinct,104 - Stewartsville Rescue Squad (CD 5),154,550,1,705,0
Precinct,201 - Bedford Christian Church (CD 5),99,309,0,408,0
Precinct,202 - Staunton River High School (CD 5),120,443,0,563,0
Precinct,203 - Moneta Elem School (CD 5),317,882,2,1201,0
Precinct,204 - Quaker Baptist Church (CD 5),93,292,1,386,0
Precinct,205 - Saunders Vol Fire Co (CD 5),264,693,0,957,0
Precinct,301 - New London Academy (CD 6),359,1567,1,1927,0
Precinct,302 - Bedford Regional Water Auth (CD 5),163,631,0,794,0
Precinct,303 - Bethesda United Methodist Church (CD 5),126,381,0,507,0
Precinct,304 - Forest Youth Athletic Assoc (CD 6),130,408,1,539,0
Precinct,305 - Huddleston Elem School (CD 5),77,350,0,427,0
Precinct,401 - Forest Elementary School (CD 6),331,1017,1,1349,0
Precinct,402 - Thomas Jefferson Elem School (CD 6),190,539,4,733,0
Precinct,403 - Knights Of Columbus Bldg (CD 6),414,1187,0,1601,0
Precinct,404 - St. Paul Baptist Church (CD 6),244,933,0,1177,0
Precinct,502 - Big Island Elem School (CD 6),81,230,3,314,0
Precinct,503 - Sedalia Center (CD 6),100,311,1,412,0
Precinct,504 - Suck Springs Baptist Church (CD 6),132,493,1,626,0
Precinct,505 - Boonsboro Elementary School (CD 6),372,898,3,1273,0
Precinct,506 - Boonsboro Ruritan Club (CD 6),375,1291,0,1666,0
Precinct,601 - Montvale Elem School (CD 6),186,596,1,783,0
Precinct,602 - Shady Grove Fire Department (CD 5),184,576,1,761,0
Precinct,603 - Thaxton Baptist Church #1 (CD 5),50,146,1,197,0
Precinct,604 - Bedford Welcome Center (CD 5),336,765,3,1104,0
Precinct,701 - Goode Vol Rescue Squad (CD 5),207,1013,1,1221,0
Precinct,702 - Liberty High School (CD 5),185,486,0,671,0
Precinct,703 - Thaxton Baptist Church #2 (CD 5),101,393,0,494,0
Precinct,704 - Bedford Central Library (CD 5),427,747,0,1174,0
Precinct,Ab - Central Absentee Precinct (CD 5),247,523,0,770,0
Precinct,Ab - Central Absentee Precinct (CD 6),199,343,0,542,0
Precinct,Provisional (CD 5),2,6,0,8,0
Precinct,Provisional (CD 6),1,3,0,4,0
Locality,Bland County,387,1666,2,2055,0
Precinct,101 - Bastian,42,193,0,235,0
Precinct,102 - Ceres,44,227,1,272,0
Precinct,201 - Davis,15,62,0,77,0
Precinct,202 - Seddon,105,398,1,504,0
Precinct,301 - Hollybrook,32,191,0,223,0
Precinct,302 - Mechanicsburg,14,112,0,126,0
Precinct,401 - Rocky Gap,110,413,0,523,0
Precinct,Ab - Central Absentee Precinct,25,68,0,93,0
Precinct,Provisional,0,2,0,2,0
Locality,Botetourt County,3332,9095,15,12442,0
Precinct,101 - Daleville,414,901,0,1315,0
Precinct,102 - Greenfield,324,1100,1,1425,0
Precinct,201 - Blue Ridge,307,910,0,1217,0
Precinct,202 - Rainbow Forest,319,972,3,1294,0
Precinct,301 - Buchanan,246,762,2,1010,0
Precinct,302 - Mill Creek,274,746,1,1021,0
Precinct,403 - Eagle Rock,158,532,2,692,0
Precinct,406 - Fincastle,392,1043,4,1439,0
Precinct,501 - Troutville,179,502,1,682,0
Precinct,502 - Cloverdale,481,1195,1,1677,0
Precinct,Ab - Central Absentee Precinct,235,430,0,665,0
Precinct,Provisional,3,2,0,5,0
Locality,Bristol City,1191,3040,3,4234,0
Precinct,1 - First Ward,182,468,0,650,0
Precinct,2 - Second Ward,342,718,1,1061,0
Precinct,3 - Third Ward,222,334,1,557,0
Precinct,4 - Fourth Ward,358,1337,1,1696,0
Precinct,Ab - Central Absentee Precinct,87,179,0,266,0
Precinct,Provisional,0,4,0,4,0
Locality,Brunswick County,2698,2011,0,4709,0
Precinct,101 - Brodnax,120,109,0,229,0
Precinct,102 - Rock Store,152,209,0,361,0
Precinct,103 - Tillman,138,262,0,400,0
Precinct,201 - Dromgoole,78,75,0,153,0
Precinct,202 - Edgerton,266,125,0,391,0
Precinct,203 - Fitzhugh,223,111,0,334,0
Precinct,301 - Alberta,45,58,0,103,0
Precinct,302 - Danieltown,231,210,0,441,0
Precinct,303 - Elmore,104,97,0,201,0
Precinct,304 - Seymour,109,70,0,179,0
Precinct,401 - Sturgeon,403,265,0,668,0
Precinct,402 - King's Store,174,76,0,250,0
Precinct,501 - Totaro,529,192,0,721,0
Precinct,Ab - Central Absentee Precinct,124,150,0,274,0
Precinct,Provisional,2,2,0,4,0
Locality,Buchanan County,1106,3314,4,4424,0
Precinct,102 - Blackey,24,135,0,159,0
Precinct,103 - Hurley,52,291,1,344,0
Precinct,201 - Grassy,20,37,0,57,0
Precinct,202 - Bull,43,171,0,214,0
Precinct,203 - Rocklick,62,183,0,245,0
Precinct,301 - Slate,87,212,1,300,0
Precinct,302 - North Grundy,56,223,1,280,0
Precinct,403 - South Grundy,88,370,0,458,0
Precinct,404 - Oakwood,8,37,0,45,0
Precinct,501 - Prater,92,159,0,251,0
Precinct,502 - Fox,48,47,0,95,0
Precinct,503 - Vansant,70,203,0,273,0
Precinct,601 - Council,41,135,0,176,0
Precinct,602 - Garden,66,213,0,279,0
Precinct,603 - Hurricane,66,122,0,188,0
Precinct,701 - Whitewood,108,283,0,391,0
Precinct,702 - Contrary,54,236,0,290,0
Precinct,Ab - Central Absentee Precinct,121,257,1,379,0
Precinct,Provisional,0,0,0,0,0
Locality,Buckingham County,1913,2663,3,4579,0
Precinct,101 - New Canton,264,318,1,583,0
Precinct,102 - Georgia Creek,64,117,0,181,0
Precinct,201 - White Hall,179,215,1,395,0
Precinct,301 - Curdsville,161,287,0,448,0
Precinct,302 - New Store,78,248,0,326,0
Precinct,401 - Maysville,259,439,0,698,0
Precinct,501 - Wrights,75,227,0,302,0
Precinct,502 - Glenmore,226,198,0,424,0
Precinct,601 - Slate River,327,252,1,580,0
Precinct,701 - Gold Hill,191,238,0,429,0
Precinct,Ab - Central Absentee Precinct,88,124,0,212,0
Precinct,Provisional,1,0,0,1,0
Locality,Buena Vista City,537,1068,2,1607,0
Precinct,1 - First Ward,293,613,2,908,0
Precinct,2 - Second Ward,244,455,0,699,0
Precinct,Provisional,0,0,0,0,0
Locality,Campbell County,4364,12879,14,17257,0
Precinct,101 - Brookville,365,1120,1,1486,0
Precinct,102 - New London,309,1079,1,1389,0
Precinct,201 - Walker,264,765,1,1030,0
Precinct,202 - Bedford Springs,318,1155,0,1473,0
Precinct,301 - Evington,120,378,0,498,0
Precinct,302 - Otter River,105,358,0,463,0
Precinct,303 - Altavista,405,776,0,1181,0
Precinct,401 - Three Forks,179,755,0,934,0
Precinct,402 - Court House,349,1281,4,1634,0
Precinct,501 - Spring Hill,283,1074,2,1359,0
Precinct,502 - Yellow Branch,255,581,1,837,0
Precinct,601 - Kings,253,626,1,880,0
Precinct,602 - Concord,333,989,0,1322,0
Precinct,701 - Brookneal,218,465,0,683,0
Precinct,702 - Gladys,279,642,1,922,0
Precinct,703 - Morris Church,116,326,1,443,0
Precinct,AB - Central Absentee Precinct,213,509,1,723,0
Precinct,Provisional,0,0,0,0,0
Locality,Caroline County,4082,4234,7,8323,0
Precinct,101 - Bowling Green,272,522,0,794,0
Precinct,102 - Sparta,221,351,0,572,0
Precinct,201 - North Madison,333,290,3,626,0
Precinct,202 - South Madison,366,386,0,752,0
Precinct,301 - Port Royal,131,195,0,326,0
Precinct,302 - Woodford,381,491,2,874,0
Precinct,401 - Dawn,702,408,1,1111,0
Precinct,402 - Carmel Church,242,151,0,393,0
Precinct,501 - West Mattaponi,448,280,0,728,0
Precinct,502 - Milford,230,315,1,546,0
Precinct,601 - Chilesburg,348,351,0,699,0
Precinct,602 - Lake,231,270,0,501,0
Precinct,Ab - Central Absentee Precinct,176,224,0,400,0
Precinct,Provisional,1,0,0,1,0
Locality,Carroll County,1867,6350,5,8222,0
Precinct,101 - Mt Bethel,66,219,1,286,0
Precinct,102 - St Paul,91,346,0,437,0
Precinct,103 - Lambsburg,44,206,0,250,0
Precinct,105 - Fancy Gap,109,308,0,417,0
Precinct,201 - Hillsville B,253,691,0,944,0
Precinct,202 - Laurel Fork,78,257,0,335,0
Precinct,203 - Gladesboro,129,361,0,490,0
Precinct,301 - Hillsville C,235,726,1,962,0
Precinct,302 - Sylvatus,69,299,0,368,0
Precinct,303 - Dugspur,38,161,0,199,0
Precinct,402 - Woodlawn D,183,529,0,712,0
Precinct,403 - Oakland D,90,337,1,428,0
Precinct,405 - Oakland A,84,238,0,322,0
Precinct,406 - Woodlawn F,22,91,0,113,0
Precinct,501 - Vaughan,46,205,0,251,0
Precinct,502 - Gladeville,110,542,0,652,0
Precinct,503 - Woodlawn E,57,265,2,324,0
Precinct,504 - Laurel,51,296,0,347,0
Precinct,Ab - Central Absentee Precinct,110,270,0,380,0
Precinct,Provisional,2,3,0,5,0
Locality,Charles City County,1683,1020,3,2706,0
Precinct,101 - Precinct 1-1,492,366,2,860,0
Precinct,201 - Precinct 2-1,518,253,0,771,0
Precinct,301 - Precinct 3-1,525,329,1,855,0
Precinct,Ab - Central Absentee Precinct,148,71,0,219,0
Precinct,Provisional,0,1,0,1,0
Locality,Charlotte County,1416,2565,7,3988,0
Precinct,101 - County Seat,206,357,0,563,0
Precinct,201 - Red Oak Wylliesburg,200,394,0,594,0
Precinct,302 - Drakes Branch,153,287,0,440,0
Precinct,401 - Keysville,195,398,0,593,0
Precinct,501 - Cullen/Red House,190,296,4,490,0
Precinct,602 - Phenix,197,446,3,646,0
Precinct,702 - Bacon/Saxe,181,281,0,462,0
Precinct,Ab - Central Absentee Precinct,93,106,0,199,0
Precinct,Provisional,1,0,0,1,0
Locality,Charlottesville City,13725,2498,21,16244,0
Precinct,101 - Recreation,1787,328,3,2118,0
Precinct,102 - Clark,1725,280,5,2010,0
Precinct,201 - Carver,1422,162,2,1586,0
Precinct,202 - Walker,1933,495,0,2428,0
Precinct,301 - Benjamin Tonsler,1389,165,1,1555,0
Precinct,302 - Johnson,1725,387,2,2114,0
Precinct,303 - Buford,818,129,0,947,0
Precinct,401 - Venable,684,102,2,788,0
Precinct,402 - Alumni Hall,992,255,3,1250,0
Precinct,Ab - Central Absentee Precinct,1221,189,3,1413,0
Precinct,Provisional,29,6,0,35,0
Locality,Chesapeake City,37506,34486,60,72052,0
Precinct,1 - Great Bridge (CD 4),436,770,0,1206,0
Precinct,2 - Bethel (CD 4),241,869,1,1111,0
Precinct,3 - Camelot (CD 3),1472,103,0,1575,0
Precinct,4 - Churchland (CD 3),339,643,0,982,0
Precinct,5 - Crestwood (CD 3),1067,112,1,1180,0
Precinct,6 - Deep Creek (CD 4),1210,892,0,2102,0
Precinct,7 - Greenbrier (CD 4),608,829,0,1437,0
Precinct,8 - South Norfolk Recreation (CD 3),671,528,1,1200,0
Precinct,9 - Bells Mill (CD 4),767,1379,4,2150,0
Precinct,10 - Oscar Smith (CD 3),279,263,0,542,0
Precinct,11 - Geneva Park (CD 3),380,452,0,832,0
Precinct,12 - Georgetown (CD 3),1004,143,0,1147,0
Precinct,13 - Gilmerton (CD 3),519,497,1,1017,0
Precinct,14 - Grassfield (CD 4),155,217,0,372,0
Precinct,15 - B M Williams (CD 3),638,382,0,1020,0
Precinct,16 - Hickory Grove (CD 4),377,924,0,1301,0
Precinct,17 - Indian Creek (CD 4),241,633,1,875,0
Precinct,18 - Indian River (CD 3),552,251,0,803,0
Precinct,19 - Jolliff (CD 4),330,580,1,911,0
Precinct,20 - E W Chittum (CD 4),625,785,1,1411,0
Precinct,20 - E W Chittum (CD 3),4,9,0,13,0
Precinct,21 - Fellowship (CD 3),569,674,1,1244,0
Precinct,22 - Norfolk Highlands (CD 3),317,379,0,696,0
Precinct,23 - Oak Grove (CD 4),671,528,0,1199,0
Precinct,24 - Oaklette (CD 3),590,365,2,957,0
Precinct,25 - St Julians (CD 3),329,250,1,580,0
Precinct,26 - Johnson Park (CD 3),348,160,1,509,0
Precinct,27 - Silverwood (CD 3),665,811,2,1478,0
Precinct,28 - Sunray I (CD 4),46,127,0,173,0
Precinct,29 - Tanglewood (CD 3),318,629,1,948,0
Precinct,30 - South Norfolk (CD 3),513,28,1,542,0
Precinct,31 - Carver School (CD 3),1056,175,3,1234,0
Precinct,32 - Providence (CD 3),1317,68,0,1385,0
Precinct,33 - Westover (CD 3),250,383,2,635,0
Precinct,34 - Hickory Middle School (CD 4),458,1244,0,1702,0
Precinct,35 - Taylor Road (CD 3),553,237,2,792,0
Precinct,36 - Great Bridge Baptist Church (CD 4),648,1146,2,1796,0
Precinct,37 - Bridgetown (CD 4),403,616,1,1020,0
Precinct,38 - Bailey Creek (CD 3),349,747,0,1096,0
Precinct,39 - Lake Drummond (CD 4),181,328,0,509,0
Precinct,40 - River Birch (CD 3),838,586,0,1424,0
Precinct,41 - John T West (CD 4),1084,783,3,1870,0
Precinct,42 - Parkways (CD 3),607,421,2,1030,0
Precinct,43 - Pleasant Crossing (CD 4),292,741,0,1033,0
Precinct,44 - Nansemond (CD 3),519,366,0,885,0
Precinct,45 - Sunray II (CD 4),335,141,0,476,0
Precinct,46 - Bells Mill II (CD 4),510,567,1,1078,0
Precinct,47 - Green Sea (CD 4),202,468,0,670,0
Precinct,48 - Jolliff Middle School (CD 4),1294,120,3,1417,0
Precinct,49 - Waterway (CD 4),1090,1153,0,2243,0
Precinct,50 - River Walk (CD 4),766,512,3,1281,0
Precinct,51 - Coopers Way (CD 4),381,1030,0,1411,0
Precinct,52 - Shipyard Road (CD 4),768,460,2,1230,0
Precinct,53 - Fairways (CD 3),472,333,1,806,0
Precinct,54 - Pughsville (CD 3),811,318,1,1130,0
Precinct,55 - Georgetown East (CD 3),764,167,0,931,0
Precinct,56 - Green Tree (CD 3),635,346,1,982,0
Precinct,57 - Cypress (CD 3),656,447,2,1105,0
Precinct,58 - Expressway (CD 4),352,128,1,481,0
Precinct,59 - Clearfield (CD 4),462,435,2,899,0
Precinct,60 - Parker Road (CD 4),501,1016,3,1520,0
Precinct,61 - Centerville (CD 4),320,725,0,1045,0
Precinct,62 - Fentress (CD 4),433,839,0,1272,0
Precinct,63 - Poplar Branch (CD 4),215,596,2,813,0
Precinct,AB - Central Absentee Precinct (CD 3),766,454,2,1222,0
Precinct,Ab - Central Absentee Precinct (CD 4),903,1143,1,2047,0
Precinct,Provisional (CD 3),12,9,0,21,0
Precinct,Provisional (CD 4),22,26,0,48,0
Locality,Chesterfield County,57559,60616,96,118271,0
Precinct,101 - Bellwood (CD 4),442,383,1,826,0
Precinct,102 - South Chester (CD 4),637,747,3,1387,0
Precinct,103 - Enon (CD 4),757,1056,2,1815,0
Precinct,104 - North Chester (CD 4),638,999,2,1639,0
Precinct,105 - Drewrys Bluff (CD 7),507,385,1,893,0
Precinct,106 - Harrowgate (CD 4),1160,961,0,2121,0
Precinct,107 - Wells (CD 4),734,719,2,1455,0
Precinct,108 - Ecoff (CD 4),781,1385,0,2166,0
Precinct,109 - Elizabeth Scott (CD 4),1137,1133,0,2270,0
Precinct,110 - Dutch Gap (CD 4),503,550,2,1055,0
Precinct,111 - Iron Bridge (CD 4),1175,1267,4,2446,0
Precinct,112 - Carver (CD 4),691,643,1,1335,0
Precinct,201 - Gates (CD 4),529,651,1,1181,0
Precinct,202 - Beulah (CD 7),1080,585,1,1666,0
Precinct,203 - Bird (CD 4),189,225,0,414,0
Precinct,204 - Jacobs (CD 7),571,472,0,1043,0
Precinct,205 - Falling Creek (CD 7),811,448,0,1259,0
Precinct,206 - Belmont (CD 7),707,139,0,846,0
Precinct,207 - Chippenham (CD 7),359,141,0,500,0
Precinct,208 - Meadowbrook (CD 7),1004,378,3,1385,0
Precinct,209 - Salem Church (CD 4),820,886,0,1706,0
Precinct,210 - Five Forks (CD 7),1329,701,3,2033,0
Precinct,211 - Nash (CD 4),809,1552,1,2362,0
Precinct,212 - St. Luke's (CD 7),395,497,0,892,0
Precinct,213 - Southside (CD 7),1804,485,0,2289,0
Precinct,214 - Hopkins (CD 7),143,21,0,164,0
Precinct,215 - North Bird (CD 7),389,151,0,540,0
Precinct,301 - Ettrick (CD 4),1246,305,1,1552,0
Precinct,302 - Deer Run (CD 7),264,393,0,657,0
Precinct,303 - Matoaca (CD 4),970,902,2,1874,0
Precinct,304 - Winfrees Store (CD 4),513,1381,2,1896,0
Precinct,305 - Beach (CD 4),150,544,1,695,0
Precinct,306 - Winterpock (CD 7),482,1441,3,1926,0
Precinct,307 - Cosby (CD 7),931,1094,1,2026,0
Precinct,308 - South Manchester (CD 7),303,222,1,526,0
Precinct,309 - Skinquarter (CD 7),975,1735,1,2711,0
Precinct,310 - Tomahawk (CD 7),730,1004,5,1739,0
Precinct,313 - Woolridge (CD 7),983,1324,3,2310,0
Precinct,315 - Bailey Bridge (CD 7),557,1222,0,1779,0
Precinct,316 - Spring Run (CD 7),636,834,0,1470,0
Precinct,317 - Birkdale (CD 7),876,1265,3,2144,0
Precinct,318 - West Beach (CD 7),237,334,1,572,0
Precinct,401 - Harbour Pointe (CD 7),493,622,0,1115,0
Precinct,402 - Genito (CD 7),1251,1137,3,2391,0
Precinct,403 - Brandermill (CD 7),848,970,2,1820,0
Precinct,404 - Providence (CD 7),857,675,2,1534,0
Precinct,405 - La Prade (CD 7),834,937,5,1776,0
Precinct,406 - Smoketree (CD 7),646,979,0,1625,0
Precinct,407 - Monacan (CD 7),441,582,1,1024,0
Precinct,408 - Reams (CD 7),1279,758,1,2038,0
Precinct,409 - Manchester (CD 7),497,424,0,921,0
Precinct,410 - Wagstaff (CD 7),472,486,0,958,0
Precinct,411 - Swift Creek (CD 7),812,906,0,1718,0
Precinct,413 - Shenandoah (CD 7),772,663,2,1437,0
Precinct,414 - Crenshaw (CD 7),993,1030,0,2023,0
Precinct,415 - Evergreen (CD 7),801,901,6,1708,0
Precinct,416 - Evergreen West (CD 7),407,397,0,804,0
Precinct,417 - Edgewater (CD 7),392,419,0,811,0
Precinct,501 - Huguenot (CD 7),671,562,1,1234,0
Precinct,502 - Crestwood (CD 7),490,518,1,1009,0
Precinct,503 - Midlothian (CD 7),722,951,1,1674,0
Precinct,504 - Robious (CD 7),1096,1618,0,2714,0
Precinct,505 - Bon Air (CD 7),1005,957,3,1965,0
Precinct,506 - Greenfield (CD 7),926,777,1,1704,0
Precinct,507 - Salisbury (CD 7),893,1566,3,2462,0
Precinct,508 - Belgrade (CD 7),750,829,2,1581,0
Precinct,509 - Cranbeck (CD 7),610,448,1,1059,0
Precinct,510 - Sycamore (CD 7),759,1090,3,1852,0
Precinct,511 - Black Heath (CD 7),494,799,0,1293,0
Precinct,513 - Beaufont (CD 7),494,181,0,675,0
Precinct,514 - Watkins (CD 7),831,1231,3,2065,0
Precinct,515 - Davis (CD 7),980,246,0,1226,0
Precinct,516 - Pocoshock (CD 7),657,194,0,851,0
Precinct,517 - Roseland (CD 7),263,446,0,709,0
Precinct,518 - Midlothian North (CD 7),740,1274,1,2015,0
Precinct,Ab - Central Absentee Precinct (CD 4),894,1152,1,2047,0
Precinct,Ab - Central Absentee Precinct (CD 7),2191,2208,2,4401,0
Precinct,Provisional (CD 4),14,9,0,23,0
Precinct,Provisional (CD 7),330,114,0,444,0
Locality,Clarke County,2409,3122,6,5537,0
Precinct,101 - Russell,382,671,2,1055,0
Precinct,201 - Berryville,449,470,0,919,0
Precinct,301 - Millwood,339,435,0,774,0
Precinct,302 - Pine Grove,131,211,1,343,0
Precinct,401 - White Post,453,552,0,1005,0
Precinct,501 - Buckmarsh,305,425,2,732,0
Precinct,502 - Blue Ridge,128,153,0,281,0
Precinct,Ab - Central Absentee Precinct,220,203,1,424,0
Precinct,Provisional,2,2,0,4,0
Locality,Colonial Heights City,1419,3700,3,5122,0
Precinct,1 - First,239,385,1,625,0
Precinct,2 - Second,211,529,1,741,0
Precinct,3 - Third,275,650,0,925,0
Precinct,4 - Fourth,331,770,0,1101,0
Precinct,5 - Fifth,254,977,1,1232,0
Precinct,Ab - Central Absentee Precinct,109,388,0,497,0
Precinct,Provisional,0,1,0,1,0
Locality,Covington City,543,788,2,1333,0
Precinct,101 - Precinct 1-1,76,117,1,194,0
Precinct,201 - Precinct 2-1,113,130,0,243,0
Precinct,301 - Precinct 3-1,118,84,0,202,0
Precinct,401 - Precinct 4-1,112,235,1,348,0
Precinct,501 - Precinct 5-1,95,199,0,294,0
Precinct,Ab - Central Absentee Precinct,29,23,0,52,0
Precinct,Provisional,0,0,0,0,0
Locality,Craig County,430,1401,0,1831,0
Precinct,101 - Court House,61,261,0,322,0
Precinct,201 - Ammendale Precinct,75,317,0,392,0
Precinct,301 - Givens & Reynolds Store,76,160,0,236,0
Precinct,303 - Marshalls Store,70,125,0,195,0
Precinct,401 - Barbours Creek,37,121,0,158,0
Precinct,402 - Paint Bank,12,24,0,36,0
Precinct,403 - Craig Springs,40,137,0,177,0
Precinct,501 - Craig City,59,256,0,315,0
Precinct,Provisional,0,0,0,0,0
Locality,Culpeper County,4938,8553,16,13507,0
Precinct,101 - West Fairfax,758,768,0,1526,0
Precinct,201 - East Fairfax,655,549,2,1206,0
Precinct,302 - Eggbornsville,232,566,2,800,0
Precinct,303 - Cardova,171,420,0,591,0
Precinct,304 - Willow Shade,133,145,0,278,0
Precinct,401 - Eldorado,265,535,2,802,0
Precinct,402 - Browns Store,479,965,4,1448,0
Precinct,501 - Jeffersonton,368,833,1,1202,0
Precinct,502 - Rixeyville,356,793,1,1150,0
Precinct,601 - Mitchells,53,147,0,200,0
Precinct,602 - Pearl Sample,444,754,1,1199,0
Precinct,603 - South Ridge,154,199,1,354,0
Precinct,702 - Brandy Station,311,761,1,1073,0
Precinct,703 - Lignum,163,411,0,574,0
Precinct,704 - Richardsville,71,245,1,317,0
Precinct,Ab - Central Absentee Precinct,320,455,0,775,0
Precinct,Provisional,5,7,0,12,0
Locality,Cumberland County,1258,1856,3,3117,0
Precinct,101 - Precinct 1,257,420,0,677,0
Precinct,201 - Precinct 2,200,417,1,618,0
Precinct,301 - Precinct 3,318,241,0,559,0
Precinct,401 - Precinct 4,176,385,1,562,0
Precinct,501 - Precinct 5,255,313,1,569,0
Precinct,Ab - Central Absentee Precinct,50,79,0,129,0
Precinct,Provisional,2,1,0,3,0
Locality,Danville City,6208,4685,10,10903,0
Precinct,1 - Ward One,207,35,1,243,0
Precinct,2 - Ward Two,203,127,1,331,0
Precinct,3 - Ward Three,453,201,0,654,0
Precinct,4 - Ward Four,597,573,2,1172,0
Precinct,6 - Ward Six,240,35,0,275,0
Precinct,7 - Ward Seven,443,79,1,523,0
Precinct,8 - Ward Eight,331,168,0,499,0
Precinct,9 - Ward Nine,269,198,0,467,0
Precinct,10 - Ward Ten,344,308,0,652,0
Precinct,11 - Ward Eleven,648,305,0,953,0
Precinct,12 - Ward Twelve,628,455,2,1085,0
Precinct,13 - Ward Thirteen,533,326,0,859,0
Precinct,14 - Ward Fourteen,115,5,0,120,0
Precinct,15 - Ward Fifteen,370,396,1,767,0
Precinct,16 - Ward Sixteen,360,572,0,932,0
Precinct,17 - Ward Seventeen,231,619,1,851,0
Precinct,Ab - Central Absentee Precinct,235,282,1,518,0
Precinct,Provisional,1,1,0,2,0
Locality,Dickenson County,958,2446,5,3409,0
Precinct,101 - South Clintwood,185,487,2,674,0
Precinct,201 - Nora,55,164,1,220,0
Precinct,202 - Frying Pan,18,78,0,96,0
Precinct,203 - Clinchco,77,173,0,250,0
Precinct,301 - West Dante,12,116,0,128,0
Precinct,302 - Herald,29,181,0,210,0
Precinct,303 - Ridge,67,288,0,355,0
Precinct,401 - Haysi-colley,184,309,0,493,0
Precinct,501 - Tarpon,50,111,1,162,0
Precinct,502 - North Clintwood,134,367,0,501,0
Precinct,Ab - Central Absentee Precinct,146,172,1,319,0
Precinct,Provisional,1,0,0,1,0
Locality,Dinwiddie County,3680,4602,5,8287,0
Precinct,101 - White Oak,85,249,0,334,0
Precinct,102 - Rocky Run,142,368,1,511,0
Precinct,103 - Church Road,167,637,0,804,0
Precinct,201 - Rohoic,239,166,0,405,0
Precinct,202 - Sutherland,458,671,0,1129,0
Precinct,301 - Reams,111,204,0,315,0
Precinct,302 - New Hope,210,372,1,583,0
Precinct,303 - Little Zion,448,349,0,797,0
Precinct,401 - Dinwiddie,326,499,0,825,0
Precinct,402 - Mckenney,195,243,1,439,0
Precinct,403 - Cherry Hill,182,163,0,345,0
Precinct,501 - Edgehill,95,38,0,133,0
Precinct,502 - Chesdin,764,335,1,1100,0
Precinct,Ab - Central Absentee Precinct,258,308,1,567,0
Precinct,Provisional,0,0,0,0,0
Locality,Emporia City,913,708,1,1622,0
Precinct,101 - Precinct 1-1,161,86,0,247,0
Precinct,201 - Precinct 2-1,138,17,0,155,0
Precinct,301 - Precinct 3-1,104,132,0,236,0
Precinct,401 - Precinct 4-1,124,160,1,285,0
Precinct,501 - Precinct 5-1,124,10,0,134,0
Precinct,601 - District 6,117,190,0,307,0
Precinct,701 - District 7,110,63,0,173,0
Precinct,AB - Central Absentee Precinct,35,50,0,85,0
Precinct,Provisional,0,0,0,0,0
Locality,Essex County,1700,1997,2,3699,0
Precinct,101 - Greater Tappahannock,348,412,0,760,0
Precinct,201 - North,496,310,1,807,0
Precinct,301 - South,335,614,1,950,0
Precinct,401 - Central,370,516,0,886,0
Precinct,Ab - Central Absentee Precinct,150,145,0,295,0
Precinct,Provisional,1,0,0,1,0
Locality,Fairfax City,5303,2911,8,8222,0
Precinct,1 - One,685,374,4,1063,0
Precinct,2 - Two,698,473,1,1172,0
Precinct,3 - Three,994,574,1,1569,0
Precinct,4 - Four,905,485,0,1390,0
Precinct,5 - Five,729,362,1,1092,0
Precinct,6 - Six,672,371,0,1043,0
Precinct,Ab - Central Absentee Precinct,614,270,1,885,0
Precinct,Provisional,6,2,0,8,0
Locality,Fairfax County,251486,122291,402,374179,0
Precinct,104 - Chapel (CD 11),834,534,0,1368,0
Precinct,105 - Fairview (CD 11),1545,835,1,2381,0
Precinct,106 - Heritage (CD 11),1056,349,0,1405,0
Precinct,108 - Kings Park (CD 11),784,484,2,1270,0
Precinct,109 - Little Run (CD 11),506,285,0,791,0
Precinct,110 - North Springfield (CD 11),1248,633,2,1883,0
Precinct,113 - Canterbury (CD 11),1376,752,5,2133,0
Precinct,114 - Olde Creek (CD 11),627,403,1,1031,0
Precinct,115 - Ravensworth (CD 11),516,367,0,883,0
Precinct,116 - Wakefield (CD 11),891,428,3,1322,0
Precinct,117 - Woodson (CD 11),875,529,2,1406,0
Precinct,118 - Lake Braddock (CD 11),1318,579,2,1899,0
Precinct,119 - Laurel (CD 11),1340,762,1,2103,0
Precinct,120 - Sideburn (CD 11),965,751,3,1719,0
Precinct,121 - Villa (CD 11),605,361,1,967,0
Precinct,123 - Robinson (CD 11),1277,763,3,2043,0
Precinct,125 - Signal Hill (CD 11),1037,584,0,1621,0
Precinct,126 - Bonnie Brae (CD 11),835,379,2,1216,0
Precinct,127 - Burke Centre (CD 11),1428,692,4,2124,0
Precinct,128 - Cardinal (CD 11),761,361,1,1123,0
Precinct,129 - Keene Mill (CD 11),604,324,0,928,0
Precinct,130 - Terra Centre (CD 11),770,458,0,1228,0
Precinct,131 - Eagle View (CD 11),990,501,3,1494,0
Precinct,132 - Monument (CD 11),1174,425,2,1601,0
Precinct,133 - Danbury (CD 11),244,120,0,364,0
Precinct,134 - University (CD 11),1099,185,1,1285,0
Precinct,201 - Armstrong (CD 11),1283,553,2,1838,0
Precinct,202 - Flint Hill (CD 11),996,673,0,1669,0
Precinct,203 - Floris (CD 11),1264,700,0,1964,0
Precinct,204 - Madison (CD 11),278,109,1,388,0
Precinct,208 - Reston #1 (CD 11),1244,371,2,1617,0
Precinct,209 - Reston #2 (CD 11),1265,304,7,1576,0
Precinct,213 - Vienna #1 (CD 11),1414,712,0,2126,0
Precinct,214 - Vienna #2 (CD 11),1099,562,5,1666,0
Precinct,216 - Vienna #4 (CD 11),566,251,0,817,0
Precinct,218 - Vienna #6 (CD 11),802,342,0,1144,0
Precinct,219 - Westbriar (CD 11),1216,632,1,1849,0
Precinct,220 - Dogwood (CD 11),1424,452,0,1876,0
Precinct,221 - Hunters Woods (CD 11),1108,493,0,1601,0
Precinct,222 - Reston #3 (CD 11),1003,208,3,1214,0
Precinct,223 - Glade (CD 11),1539,480,1,2020,0
Precinct,224 - South Lakes (CD 11),1877,542,6,2425,0
Precinct,225 - Hughes (CD 11),1419,337,2,1758,0
Precinct,226 - Wolftrap (CD 11),1237,759,1,1997,0
Precinct,227 - Sunrise Valley (CD 11),647,329,1,977,0
Precinct,229 - Fox Mill (CD 10),1568,924,6,2498,0
Precinct,233 - North Point (CD 11),1126,638,0,1764,0
Precinct,234 - Aldrin (CD 11),1077,447,1,1525,0
Precinct,235 - Frying Pan (CD 11),1014,320,3,1337,0
Precinct,236 - Stuart (CD 11),506,232,2,740,0
Precinct,237 - Mcnair (CD 11),1035,301,1,1337,0
Precinct,238 - Cameron Glen (CD 11),1044,450,2,1496,0
Precinct,240 - Colvin (CD 10),721,529,1,1251,0
Precinct,301 - Chain Bridge (CD 10),926,655,2,1583,0
Precinct,302 - Chesterbrook (CD 8),909,526,1,1436,0
Precinct,303 - Churchill (CD 10),464,307,0,771,0
Precinct,304 - Cooper (CD 10),572,420,0,992,0
Precinct,305 - El Nido (CD 8),796,377,0,1173,0
Precinct,306 - Great Falls (CD 10),567,507,1,1075,0
Precinct,307 - Haycock (CD 8),900,436,1,1337,0
Precinct,309 - Kenmore (CD 10),1023,711,2,1736,0
Precinct,310 - Kirby (CD 8),734,326,1,1061,0
Precinct,311 - Langley (CD 10),585,460,3,1048,0
Precinct,312 - Longfellow (CD 8),878,397,0,1275,0
Precinct,314 - Mclean (CD 10),765,426,0,1191,0
Precinct,315 - Pimmit (CD 8),1073,483,3,1559,0
Precinct,316 - Salona #1 (CD 8),297,197,1,495,0
Precinct,317 - Westhampton (CD 8),828,391,0,1219,0
Precinct,318 - Westmoreland (CD 8),530,250,0,780,0
Precinct,319 - Herndon #1 (CD 11),1310,645,3,1958,0
Precinct,320 - Herndon #2 (CD 11),1346,518,5,1869,0
Precinct,321 - Clearview (CD 10),1284,721,5,2010,0
Precinct,322 - Forestville (CD 10),749,744,2,1495,0
Precinct,323 - Shouse (CD 10),738,462,0,1200,0
Precinct,324 - Herndon #3 (CD 11),1108,399,5,1512,0
Precinct,325 - Hutchison (CD 11),789,166,1,956,0
Precinct,327 - Sugarland (CD 10),1126,677,0,1803,0
Precinct,328 - Hickory (CD 10),865,703,3,1571,0
Precinct,329 - Seneca (CD 10),949,762,0,1711,0
Precinct,331 - Spring Hill (CD 10),661,471,1,1133,0
Precinct,332 - Coates (CD 11),1021,269,3,1293,0
Precinct,333 - Salona #2 (CD 8),560,341,2,903,0
Precinct,401 - Bush Hill (CD 8),1144,592,4,1740,0
Precinct,402 - Cameron (CD 8),425,155,1,581,0
Precinct,403 - Forestdale (CD 8),466,178,1,645,0
Precinct,404 - Franconia (CD 8),1201,417,1,1619,0
Precinct,405 - Groveton (CD 8),658,189,2,849,0
Precinct,406 - Hayfield (CD 8),759,562,1,1322,0
Precinct,408 - Mount Eagle (CD 8),942,261,2,1205,0
Precinct,409 - Pioneer (CD 8),1217,397,1,1615,0
Precinct,410 - Rose Hill (CD 8),1358,705,5,2068,0
Precinct,411 - Virginia Hills (CD 8),790,317,3,1110,0
Precinct,413 - Fairfield (CD 8),768,117,0,885,0
Precinct,415 - Crestwood (CD 8),802,386,3,1191,0
Precinct,417 - Garfield (CD 8),1083,458,1,1542,0
Precinct,418 - Lynbrook (CD 8),660,217,1,878,0
Precinct,419 - Lane (CD 8),1238,376,1,1615,0
Precinct,420 - Villages (CD 8),1391,533,5,1929,0
Precinct,421 - Kingstowne (CD 8),1182,425,0,1607,0
Precinct,422 - Van Dorn (CD 8),1221,463,1,1685,0
Precinct,423 - Clermont (CD 8),936,461,5,1402,0
Precinct,424 - Huntley (CD 8),968,445,2,1415,0
Precinct,426 - Greenspring (CD 11),760,419,0,1179,0
Precinct,427 - Island Creek (CD 8),920,361,2,1283,0
Precinct,428 - Pinewood (CD 8),1086,196,1,1283,0
Precinct,429 - Hybla Valley (CD 8),1070,181,0,1251,0
Precinct,501 - Baileys (CD 8),1209,342,2,1553,0
Precinct,502 - Barcroft (CD 11),553,247,0,800,0
Precinct,503 - Belvedere (CD 11),643,237,1,881,0
Precinct,504 - Bristow (CD 11),789,278,1,1068,0
Precinct,505 - Glen Forest (CD 8),985,279,2,1266,0
Precinct,506 - Holmes #1 (CD 8),178,39,0,217,0
Precinct,507 - Lincolnia (CD 8),1141,365,0,1506,0
Precinct,508 - Masonville (CD 11),995,413,5,1413,0
Precinct,509 - Plaza (CD 8),414,72,2,488,0
Precinct,510 - Parklawn (CD 8),760,313,1,1074,0
Precinct,511 - Ravenwood (CD 11),938,389,2,1329,0
Precinct,512 - Sleepy Hollow (CD 11),546,251,1,798,0
Precinct,513 - Saint Albans (CD 8),314,149,0,463,0
Precinct,513 - Saint Albans (CD 11),582,259,0,841,0
Precinct,514 - Crossroads (CD 8),502,89,2,593,0
Precinct,515 - Westlawn (CD 8),609,191,1,801,0
Precinct,516 - Weyanoke (CD 8),1058,324,2,1384,0
Precinct,517 - Willston (CD 8),578,162,2,742,0
Precinct,518 - Columbia (CD 11),838,379,2,1219,0
Precinct,519 - Hummer (CD 11),563,286,0,849,0
Precinct,520 - Skyline (CD 8),835,181,1,1017,0
Precinct,521 - Brook Hill (CD 8),663,344,1,1008,0
Precinct,522 - Camelot (CD 11),512,319,0,831,0
Precinct,523 - Poe (CD 8),853,389,1,1243,0
Precinct,525 - Walnut Hill (CD 8),1075,459,1,1535,0
Precinct,526 - Bren Mar (CD 8),1209,342,1,1552,0
Precinct,527 - Edsall (CD 8),686,266,2,954,0
Precinct,528 - Ridgelea (CD 11),448,253,2,703,0
Precinct,530 - Holmes #2 (CD 11),669,158,0,827,0
Precinct,601 - Belle Haven (CD 8),664,476,1,1141,0
Precinct,602 - Belleview (CD 8),852,368,3,1223,0
Precinct,604 - Bucknell (CD 8),1183,345,2,1530,0
Precinct,605 - Fort Hunt (CD 8),784,564,0,1348,0
Precinct,606 - Hollin Hall (CD 8),964,537,4,1505,0
Precinct,607 - Huntington (CD 8),1354,457,2,1813,0
Precinct,608 - Kirkside (CD 8),804,316,0,1120,0
Precinct,609 - Marlan (CD 8),750,489,2,1241,0
Precinct,610 - Sherwood (CD 8),706,295,1,1002,0
Precinct,611 - Stratford (CD 8),966,634,1,1601,0
Precinct,612 - Waynewood (CD 8),470,319,1,790,0
Precinct,613 - Westgate (CD 8),907,1000,4,1911,0
Precinct,614 - Riverside (CD 8),670,509,2,1181,0
Precinct,615 - Woodley (CD 8),878,536,2,1416,0
Precinct,616 - Gunston (CD 8),656,570,0,1226,0
Precinct,617 - Lorton (CD 8),748,184,0,932,0
Precinct,618 - Newington (CD 11),1591,827,1,2419,0
Precinct,619 - Belvoir (CD 8),1069,556,1,1626,0
Precinct,621 - Grosvenor (CD 8),759,221,3,983,0
Precinct,622 - Lorton Station (CD 8),1171,317,2,1490,0
Precinct,623 - Alban (CD 8),993,385,2,1380,0
Precinct,626 - Saratoga (CD 8),1112,625,3,1740,0
Precinct,627 - Woodlawn (CD 8),1218,375,0,1593,0
Precinct,628 - Laurel Hill (CD 11),1315,438,2,1755,0
Precinct,629 - South County (CD 11),860,630,1,1491,0
Precinct,630- Army (CD 8),241,135,0,376,0
Precinct,701 - Blake (CD 11),1510,559,2,2071,0
Precinct,703 - Fort Buffalo (CD 8),696,199,3,898,0
Precinct,704 - Freedom Hill (CD 11),795,335,1,1131,0
Precinct,705 - Graham - Greenway (CD 8),1314,447,0,1761,0
Precinct,707 - Mantua (CD 11),811,417,0,1228,0
Precinct,708 - Marshall (CD 8),1754,525,5,2284,0
Precinct,709 - Mosby (CD 11),1071,358,5,1434,0
Precinct,710 - Pine Spring (CD 8),814,294,2,1110,0
Precinct,711 - Price (CD 11),747,363,1,1111,0
Precinct,712 - Shreve (CD 8),598,267,0,865,0
Precinct,713 - Timber Lane (CD 8),1142,342,1,1485,0
Precinct,714 - Walker (CD 11),1080,431,0,1511,0
Precinct,717 - Woodburn (CD 11),686,251,2,939,0
Precinct,718 - Pine Ridge (CD 11),762,336,1,1099,0
Precinct,720 - Thoreau (CD 11),1117,497,3,1617,0
Precinct,721 - Merrifield (CD 11),1271,341,5,1617,0
Precinct,723 - Gallows East (CD 11),608,178,0,786,0
Precinct,726 - Magarity (CD 8),1193,429,1,1623,0
Precinct,727 - Oakton (CD 11),777,544,1,1322,0
Precinct,729 - Nottoway (CD 11),1229,503,2,1734,0
Precinct,730 - Penderbrook (CD 11),1087,529,1,1617,0
Precinct,731 - Tysons (CD 11),755,244,3,1002,0
Precinct,732 - Oak Marr (CD 11),1090,717,1,1808,0
Precinct,733 - Kilmer (CD 11),1421,528,1,1950,0
Precinct,734 - Hunters Branch (CD 11),731,263,1,995,0
Precinct,735 - Rotonda (CD 11),431,179,3,613,0
Precinct,801 - Burke (CD 11),1494,705,5,2204,0
Precinct,802 - Cedar Lake (CD 11),371,140,0,511,0
Precinct,803 - Clifton (CD 10),987,1198,0,2185,0
Precinct,804 - Colchester (CD 10),488,510,1,999,0
Precinct,805 - Fairfax Station (CD 10),451,430,2,883,0
Precinct,806 - Sydenstricker (CD 11),1064,668,1,1733,0
Precinct,807 - Hunt Valley (CD 11),684,471,2,1157,0
Precinct,811 - Pohick (CD 11),727,265,1,993,0
Precinct,812 - Valley (CD 11),933,533,1,1467,0
Precinct,815 - Woodyard (CD 10),669,761,0,1430,0
Precinct,824 - Orange (CD 11),1282,839,2,2123,0
Precinct,825 - Cherry Run (CD 11),898,601,2,1501,0
Precinct,827 - Irving (CD 11),923,546,1,1470,0
Precinct,833 - White Oaks (CD 11),937,446,4,1387,0
Precinct,838 - Sangster (CD 10),662,549,3,1214,0
Precinct,839 - Silverbrook (CD 10),958,850,1,1809,0
Precinct,840 - West Springfield (CD 11),984,574,3,1561,0
Precinct,841 - Popes Head (CD 10),442,456,2,900,0
Precinct,842 - Parkway (CD 11),692,543,4,1239,0
Precinct,843 - Fair Lakes (CD 11),1050,507,3,1560,0
Precinct,844 - Centerpointe (CD 11),837,292,3,1132,0
Precinct,845 - Fountainhead (CD 10),1002,1041,0,2043,0
Precinct,846 - Greenbriar East (CD 11),1112,473,2,1587,0
Precinct,847 - Greenbriar West (CD 10),729,425,2,1156,0
Precinct,848 - Fair Oaks (CD 11),899,410,1,1310,0
Precinct,849 - Newgate (CD 10),1330,1213,2,2545,0
Precinct,850 - South Run (CD 10),820,699,0,1519,0
Precinct,851 - Willow Springs (CD 11),763,548,0,1311,0
Precinct,901 - Centre Ridge (CD 11),950,389,0,1339,0
Precinct,902 - Brookfield (CD 10),1235,562,1,1798,0
Precinct,903 - Cub Run (CD 10),1125,748,3,1876,0
Precinct,904 - Stonecroft (CD 10),390,328,0,718,0
Precinct,905 - Franklin (CD 10),325,199,0,524,0
Precinct,908 - Hidden Meadow (CD 10),733,514,1,1248,0
Precinct,909 - Oak Hill (CD 10),760,434,1,1195,0
Precinct,910 - London Towne (CD 11),1136,474,3,1613,0
Precinct,911 - Navy (CD 10),1100,634,1,1735,0
Precinct,913 - Rocky Run (CD 10),1176,871,1,2048,0
Precinct,914 - Vale (CD 10),766,514,2,1282,0
Precinct,915 - Virginia Run (CD 10),652,752,3,1407,0
Precinct,916 - Waples Mill (CD 10),1342,977,3,2322,0
Precinct,917 - Stone North (CD 10),641,330,1,972,0
Precinct,918 - Centreville (CD 11),1365,545,3,1913,0
Precinct,919 - Green Trails (CD 11),1262,562,1,1825,0
Precinct,920 - Chantilly (CD 10),879,470,0,1349,0
Precinct,921 - Deer Park (CD 10),896,768,2,1666,0
Precinct,923 - Bull Run (CD 10),507,644,0,1151,0
Precinct,924 - Spindle (CD 11),627,212,0,839,0
Precinct,925 - Old Mill (CD 10),528,322,1,851,0
Precinct,926 - Powell (CD 11),1250,531,2,1783,0
Precinct,927 - Armfield (CD 10),564,305,0,869,0
Precinct,928 - Poplar Tree (CD 10),878,603,0,1481,0
Precinct,929 - Difficult Run (CD 10),195,192,0,387,0
Precinct,930 - Lees Corner (CD 10),728,438,0,1166,0
Precinct,931 - Carson (CD 10),811,370,1,1182,0
Precinct,932 - Stone South (CD 10),491,184,1,676,0
Precinct,933 - Compton (CD 11),209,142,0,351,0
Precinct,Ab - Central Absentee Precinct (CD 10),6706,4063,4,10773,0
Precinct,Ab - Central Absentee Precinct (CD 11),15216,5909,18,21143,0
Precinct,Ab - Central Absentee Precinct (CD 8),9407,3499,5,12911,0
Precinct,Provisional (CD 10),53,20,0,73,0
Precinct,Provisional (CD 11),133,53,1,187,0
Precinct,Provisional (CD 8),67,29,0,96,0
Locality,Falls Church City,4653,1307,8,5968,0
Precinct,1 - First Ward,1250,393,0,1643,0
Precinct,2 - Second Ward,955,307,2,1264,0
Precinct,3 - Third Ward,1366,438,2,1806,0
Precinct,Ab - Central Absentee Precinct,1071,166,4,1241,0
Precinct,Provisional,11,3,0,14,0
Locality,Fauquier County,9329,14615,38,23982,0
Precinct,101 - Kettle Run (CD 5),164,457,2,623,0
Precinct,102 - Catlett (CD 1),341,953,0,1294,0
Precinct,103 - Casanova (CD 5),243,362,2,607,0
Precinct,104 - Lois (CD 1),192,400,0,592,0
Precinct,105 - Opal (CD 5),161,397,2,560,0
Precinct,106 - Baldwin Ridge (CD 5),292,474,1,767,0
Precinct,201 - Courthouse (CD 5),697,793,3,1493,0
Precinct,202 - Airlie (CD 5),519,735,2,1256,0
Precinct,203 - Warrenton (CD 5),667,705,1,1373,0
Precinct,301 - Morrisville (CD 1),232,584,2,818,0
Precinct,302 - Remington (CD 5),438,769,0,1207,0
Precinct,303 - Bealeton (CD 1),541,811,2,1354,0
Precinct,401 - Marshall (CD 5),517,763,3,1283,0
Precinct,402 - Leeds (CD 5),584,682,1,1267,0
Precinct,403 - Waterloo (CD 5),551,993,3,1547,0
Precinct,404 - Springs Valley (CD 5),253,441,1,695,0
Precinct,501 - The Plains (CD 5),571,582,3,1156,0
Precinct,502 - New Baltimore (CD 5),431,799,3,1233,0
Precinct,503 - Broad Run (CD 5),428,747,2,1177,0
Precinct,504 - Vint Hill (CD 5),711,1229,0,1940,0
Precinct,Ab - Central Absentee Precinct (CD 1),69,137,2,208,0
Precinct,Ab - Central Absentee Precinct (CD 5),714,796,3,1513,0
Precinct,Provisional (CD 1),2,0,0,2,0
Precinct,Provisional (CD 5),11,6,0,17,0
Locality,Floyd County,1922,3531,4,5457,0
Precinct,101 - Locust Grove,316,676,0,992,0
Precinct,201 - Little River,451,712,1,1164,0
Precinct,301 - Courthouse,399,560,1,960,0
Precinct,401 - Burks Fork,286,653,1,940,0
Precinct,501 - Indian Valley,257,699,1,957,0
Precinct,Ab - Central Absentee Precinct,213,230,0,443,0
Precinct,Provisional,0,1,0,1,0
Locality,Fluvanna County,4243,4935,4,9182,0
Precinct,101 - Palmyra,904,935,0,1839,0
Precinct,201 - Columbia,607,740,2,1349,0
Precinct,301 - Fork Union,613,707,1,1321,0
Precinct,401 - Cunningham,674,1108,0,1782,0
Precinct,501 - Rivanna,1034,1052,1,2087,0
Precinct,Ab - Central Absentee Precinct,409,391,0,800,0
Precinct,Provisional,2,2,0,4,0
Locality,Franklin City,1533,1015,1,2549,0
Precinct,101 - Precinct 1-1,212,393,0,605,0
Precinct,201 - Precinct 2-1,191,274,0,465,0
Precinct,301 - Precinct 3-1,333,25,0,358,0
Precinct,401 - Precinct 4-1,234,28,1,263,0
Precinct,501 - Precinct 5-1,256,10,0,266,0
Precinct,601 - Precinct 6-1,240,208,0,448,0
Precinct,Ab - Central Absentee Precinct,64,76,0,140,0
Precinct,Provisional,3,1,0,4,0
Locality,Franklin County,5230,12179,18,17427,0
Precinct,102 - Burnt Chimney,328,858,1,1187,0
Precinct,103 - Scruggs,562,1582,1,2145,0
Precinct,201 - Glade Hill,229,685,2,916,0
Precinct,202 - Penhook,243,603,0,846,0
Precinct,203 - Hodgesville,56,100,0,156,0
Precinct,204 - Dudley,187,413,0,600,0
Precinct,301 - Snow Creek,109,357,0,466,0
Precinct,302 - Fork Mountain,85,307,0,392,0
Precinct,303 - Sontag,327,377,2,706,0
Precinct,304 - Dickinson,167,189,0,356,0
Precinct,401 - Henry,134,587,2,723,0
Precinct,402 - Ferrum,127,311,1,439,0
Precinct,403 - Endicott,128,324,1,453,0
Precinct,501 - Waidsboro,142,377,1,520,0
Precinct,502 - Callaway,184,566,0,750,0
Precinct,503 - Bowmans,139,290,0,429,0
Precinct,504 - Gogginsville,179,495,1,675,0
Precinct,601 - Boones Mill,288,704,1,993,0
Precinct,602 - Bonbrook,237,625,0,862,0
Precinct,603 - Coopers Cove,139,525,0,664,0
Precinct,701 - Rocky Mount East,346,593,2,941,0
Precinct,702 - Rocky Mount West,299,380,0,679,0
Precinct,703 - Rocky Mount South,274,358,1,633,0
Precinct,Ab - Central Absentee Precinct,321,569,2,892,0
Precinct,Provisional,0,4,0,4,0
Locality,Frederick County,8374,15830,19,24223,0
Precinct,101 - Russells,228,771,1,1000,0
Precinct,102 - Gore,253,737,1,991,0
Precinct,103 - Kernstown,499,862,1,1362,0
Precinct,104 - Cedar Creek,219,497,1,717,0
Precinct,201 - Gainesborough,141,540,1,682,0
Precinct,202 - Albin,333,737,0,1070,0
Precinct,203 - Redland,418,915,0,1333,0
Precinct,204 - Nain,385,815,1,1201,0
Precinct,301 - Clear Brook,171,470,1,642,0
Precinct,302 - Neff's Town,555,727,1,1283,0
Precinct,303 - White Hall,491,1014,1,1506,0
Precinct,401 - Carpers Valley,444,781,0,1225,0
Precinct,402 - Shenandoah,186,379,1,566,0
Precinct,403 - Parkin's Mill,402,682,0,1084,0
Precinct,404 - Armel,401,707,1,1109,0
Precinct,501 - Stephens City,459,771,1,1231,0
Precinct,502 - Newtown,494,871,4,1369,0
Precinct,503 - Canterburg,521,866,0,1387,0
Precinct,601 - Millbrook,277,453,0,730,0
Precinct,602 - Ash Hollow,426,537,0,963,0
Precinct,603 - Greenwood,651,1063,3,1717,0
Precinct,Ab - Central Absentee Precinct,417,628,0,1045,0
Precinct,Provisional,3,7,0,10,0
Locality,Fredericksburg City,4584,2549,8,7141,0
Precinct,101 - Precinct 1 - District One,1004,734,1,1739,0
Precinct,201 - Precinct 1 - District Two,1285,627,6,1918,0
Precinct,301 - Precinct 1 - District Three,877,654,0,1531,0
Precinct,401 - Precinct 1 - District Four,721,198,0,919,0
Precinct,402 - Precinct 2 - District Four,366,158,1,525,0
Precinct,Ab - Central Absentee Precinct,325,177,0,502,0
Precinct,Provisional,6,1,0,7,0
Locality,Galax City,401,933,7,1341,0
Precinct,1 - East,164,372,0,536,0
Precinct,2 - North,124,268,0,392,0
Precinct,3 - South,93,247,7,347,0
Precinct,Ab - Central Absentee Precinct,20,46,0,66,0
Precinct,Provisional,0,0,0,0,0
Locality,Giles County,1648,4097,2,5747,0
Precinct,101 - Glen Lyn,16,48,0,64,0
Precinct,102 - Rich Creek,65,240,0,305,0
Precinct,103 - Narrows,287,757,0,1044,0
Precinct,201 - Pearisburg,376,1058,0,1434,0
Precinct,202 - Staffordsville,50,190,0,240,0
Precinct,203 - White Gate,27,136,0,163,0
Precinct,301 - Eggleston,144,299,0,443,0
Precinct,302 - Pembroke,312,741,1,1054,0
Precinct,303 - Newport,244,386,1,631,0
Precinct,Ab - Central Absentee Precinct,127,241,0,368,0
Precinct,Provisional,0,1,0,1,0
Locality,Gloucester County,4134,8418,6,12558,0
Precinct,101 - Harcum,261,635,0,896,0
Precinct,102 - Salem,220,518,0,738,0
Precinct,103 - Peasley,163,385,2,550,0
Precinct,201 - Courthouse,395,665,2,1062,0
Precinct,202 - Botetourt,482,905,1,1388,0
Precinct,301 - White Marsh,346,693,0,1039,0
Precinct,302 - Roanes,418,911,1,1330,0
Precinct,401 - Hayes,439,794,0,1233,0
Precinct,402 - Sarahs Creek,413,683,0,1096,0
Precinct,501 - Achilles,395,1151,0,1546,0
Precinct,502 - Walker,336,711,0,1047,0
Precinct,Ab - Central Absentee Precinct,262,366,0,628,0
Precinct,Provisional,4,1,0,5,0
Locality,Goochland County,3788,6712,8,10508,0
Precinct,101 - Fife,260,376,2,638,0
Precinct,102 - Hadensville,380,659,1,1040,0
Precinct,201 - Three Square,168,150,0,318,0
Precinct,202 - Sandy Hook,598,788,0,1386,0
Precinct,301 - Goochland Court House 1,371,589,1,961,0
Precinct,302 - Goochland Court House 2,142,271,0,413,0
Precinct,401 - Shallow Well,375,559,0,934,0
Precinct,402 - Centerville,424,1140,3,1567,0
Precinct,501 - Manakin,491,1092,1,1584,0
Precinct,502 - Blair Road,280,697,0,977,0
Precinct,Ab - Central Absentee Precinct,299,391,0,690,0
Precinct,Provisional,0,0,0,0,0
Locality,Grayson County,1052,3440,5,4497,0
Precinct,101 - Bridle Creek,58,146,1,205,0
Precinct,102 - Flatridge,22,100,1,123,0
Precinct,103 - Grant,56,143,0,199,0
Precinct,104 - Mouth Of Wilson,52,93,0,145,0
Precinct,105 - Mount Rogers,27,119,0,146,0
Precinct,106 - Rugby,28,118,0,146,0
Precinct,107 - Troutdale,14,78,0,92,0
Precinct,108 - Comers Rock,39,116,0,155,0
Precinct,202 - Elk Creek,79,224,0,303,0
Precinct,203 - Independence,200,598,0,798,0
Precinct,301 - Baywood,88,351,0,439,0
Precinct,302 - Fairview,101,444,1,546,0
Precinct,401 - Fries,67,157,1,225,0
Precinct,402 - Providence,97,400,1,498,0
Precinct,403 - Oldtown,55,158,0,213,0
Precinct,Ab - Central Absentee Precinct,69,193,0,262,0
Precinct,Provisional,0,2,0,2,0
Locality,Greene County,2283,3977,2,6262,0
Precinct,101 - Dyke,199,390,0,589,0
Precinct,102 - Swift Run,257,473,1,731,0
Precinct,201 - Ruckersville,489,906,1,1396,0
Precinct,301 - Stanardsville,490,878,0,1368,0
Precinct,401 - Midway,671,1038,0,1709,0
Precinct,Ab - Central Absentee Precinct,177,291,0,468,0
Precinct,Provisional,0,1,0,1,0
Locality,Greensville County,1651,1219,1,2871,0
Precinct,101 - Precinct 1-a,182,105,0,287,0
Precinct,102 - Precinct 1-b,49,74,0,123,0
Precinct,103 - Precinct 1-c,157,35,0,192,0
Precinct,201 - Precinct 2-a,258,107,0,365,0
Precinct,202 - Precinct 2-b,195,252,0,447,0
Precinct,302 - Precinct 3-a,484,269,1,754,0
Precinct,401 - Precinct 4-a,65,141,0,206,0
Precinct,402 - Precinct 4-b,205,139,0,344,0
Precinct,403 - Precinct 4-c,56,96,0,152,0
Precinct,Provisional,0,1,0,1,0
Locality,Halifax County,4023,6270,5,10298,0
Precinct,101 - Childrey,204,270,1,475,0
Precinct,102 - Liberty,92,160,0,252,0
Precinct,103 - Republican Grove,212,267,0,479,0
Precinct,201 - Clays Mill,100,261,0,361,0
Precinct,202 - Crossroads,118,224,0,342,0
Precinct,203 - Clover,231,282,0,513,0
Precinct,302 - Meadville,136,66,0,202,0
Precinct,304 - Vernon Hill,122,260,0,382,0
Precinct,305 - Sinai,379,259,1,639,0
Precinct,401 - Courthouse,297,337,1,635,0
Precinct,403 - Center,175,450,0,625,0
Precinct,502 - Dan River,255,571,0,826,0
Precinct,503 - Scottsburg,80,334,0,414,0
Precinct,601 - Black Walnut,164,323,0,487,0
Precinct,603 - Mt Carmel,324,419,0,743,0
Precinct,605 - Union,70,151,0,221,0
Precinct,701 - Hyco,177,458,1,636,0
Precinct,702 - Midway,71,377,0,448,0
Precinct,703 - Virgilina,70,238,0,308,0
Precinct,801 - South Boston,560,266,1,827,0
Precinct,Ab - Central Absentee Precinct,186,295,0,481,0
Precinct,Provisional,0,2,0,2,0
Locality,Hampton City,28499,11583,50,40132,0
Precinct,101 - Aberdeen (CD 3),1023,158,1,1182,0
Precinct,102 - Bassette (CD 3),1239,75,1,1315,0
Precinct,103 - City Hall (CD 3),612,109,0,721,0
Precinct,104 - Cooper (CD 3),1464,217,4,1685,0
Precinct,105 - East Hampton (CD 3),713,197,2,912,0
Precinct,106 - Armstrong (CD 3),925,463,1,1389,0
Precinct,107 - Lindsay (CD 3),1084,203,0,1287,0
Precinct,108 - Thomas (CD 3),1336,173,2,1511,0
Precinct,109 - Phenix (CD 3),1413,103,1,1517,0
Precinct,110 - Phoebus (CD 2),218,133,1,352,0
Precinct,111 - Hampton Library (CD 3),307,238,1,546,0
Precinct,112 - Smith (CD 3),1282,414,4,1700,0
Precinct,115 - Wythe (CD 3),455,362,1,818,0
Precinct,116 - Jones (CD 3),509,129,0,638,0
Precinct,117 - Kecoughtan (CD 3),740,219,1,960,0
Precinct,118 - Mallory (CD 3),1514,156,1,1671,0
Precinct,201 - Booker (CD 2),771,738,1,1510,0
Precinct,202 - Bryan (CD 2),819,607,6,1432,0
Precinct,203 - Burbank (CD 2),626,382,0,1008,0
Precinct,204 - Forrest (CD 3),815,376,1,1192,0
Precinct,205 - Asbury (CD 2),859,1228,0,2087,0
Precinct,208 - Kraft (CD 3),1294,782,5,2081,0
Precinct,209 - Langley (CD 2),726,477,1,1204,0
Precinct,210 - Machen (CD 3),1562,429,5,1996,0
Precinct,212 - Bethel (CD 3),1716,516,2,2234,0
Precinct,213 - Phillips (CD 2),1074,971,4,2049,0
Precinct,214 - Tucker Capps (CD 3),1005,560,0,1565,0
Precinct,215 - Tyler (CD 3),266,71,0,337,0
Precinct,215 - Tyler (CD 2),19,7,0,26,0
Precinct,216 - Sandy Bottom (CD 3),695,297,1,993,0
Precinct,217 - Syms (CD 3),372,357,0,729,0
Precinct,Ab - Central Absentee Precinct (CD 2),207,178,0,385,0
Precinct,Ab - Central Absentee Precinct (CD 3),806,249,3,1058,0
Precinct,Provisional (CD 2),4,1,0,5,0
Precinct,Provisional (CD 3),29,8,0,37,0
Locality,Hanover County,14365,28590,65,43020,0
Precinct,101 - Ashland,572,456,2,1030,0
Precinct,104 - Sliding Hill,512,651,2,1165,0
Precinct,105 - Berkley,569,346,1,916,0
Precinct,106 - Kersey Creek,253,467,1,721,0
Precinct,107 - Chickahominy,408,574,0,982,0
Precinct,201 - Beaverdam,367,1046,1,1414,0
Precinct,202 - Blunts,284,496,0,780,0
Precinct,203 - Wilmington Parish,352,822,2,1176,0
Precinct,206 - Courthouse,415,530,1,946,0
Precinct,208 - Oak Knoll,310,683,5,998,0
Precinct,209 - West Hanover,87,198,0,285,0
Precinct,210 - Oak Hill,123,288,1,412,0
Precinct,301 - Clay,424,981,1,1406,0
Precinct,303 - Shady Grove,388,894,4,1286,0
Precinct,304 - Atlee,1076,1688,9,2773,0
Precinct,305 - Cool Spring,491,869,2,1362,0
Precinct,401 - Battlefield,282,1159,3,1444,0
Precinct,403 - Cold Harbor,484,1155,3,1642,0
Precinct,404 - Black Creek,293,1291,1,1585,0
Precinct,405 - Pebble Creek,295,551,1,847,0
Precinct,406 - Beaverdam Creek,80,187,0,267,0
Precinct,502 - Rural Point,452,931,5,1388,0
Precinct,503 - Newman,373,672,1,1046,0
Precinct,504 - Studley,200,717,1,918,0
Precinct,505 - Totopotomoy,158,551,1,710,0
Precinct,506 - Georgetown,313,784,1,1098,0
Precinct,507 - Laurel Meadow,347,841,1,1189,0
Precinct,601 - Village,554,1421,4,1979,0
Precinct,602 - Lee Davis,437,989,2,1428,0
Precinct,603 - Mechanicsville,374,473,1,848,0
Precinct,604 - Hanover Grove,288,679,1,968,0
Precinct,701 - Farrington,382,908,1,1291,0
Precinct,702 - Montpelier,439,730,0,1169,0
Precinct,703 - Rockville,420,889,1,1310,0
Precinct,704 - Elmont,503,882,2,1387,0
Precinct,705 - South Anna,244,502,2,748,0
Precinct,Ab - Central Absentee Precinct,801,1276,1,2078,0
Precinct,Provisional,15,13,0,28,0
Locality,Harrisonburg City,6430,3769,15,10214,0
Precinct,101 - Northeast,912,470,3,1385,0
Precinct,102 - East Central,539,222,4,765,0
Precinct,103 - Southeast,824,431,2,1257,0
Precinct,104 - East,708,523,1,1232,0
Precinct,105 - South East Central,505,250,2,757,0
Precinct,201 - Northwest,809,586,0,1395,0
Precinct,202 - Southwest,920,553,0,1473,0
Precinct,203 - West,881,492,2,1375,0
Precinct,Ab - Central Absentee Precinct,331,241,1,573,0
Precinct,Provisional,1,1,0,2,0
Locality,Henrico County,68787,45756,114,114657,0
Precinct,101 - Coalpit (CD 7),1019,901,3,1923,0
Precinct,102 - Dumbarton (CD 7),1093,371,3,1467,0
Precinct,103 - Glen Allen (CD 7),1054,1148,2,2204,0
Precinct,104 - Glenside (CD 7),783,207,2,992,0
Precinct,105 - Greendale (CD 7),939,616,5,1560,0
Precinct,106 - Hermitage (CD 7),872,571,5,1448,0
Precinct,108 - Hungary Creek (CD 7),1104,1093,2,2199,0
Precinct,109 - Hunton (CD 7),230,360,1,591,0
Precinct,110 - Johnson (CD 7),301,200,1,502,0
Precinct,111 - Lakeside (CD 7),1164,810,2,1976,0
Precinct,112 - Longan (CD 7),678,679,0,1357,0
Precinct,113 - Maude Trevvett (CD 7),325,330,1,656,0
Precinct,114 - Monument Hills (CD 7),314,330,0,644,0
Precinct,115 - Staples Mill (CD 7),1006,1155,4,2165,0
Precinct,117 - Westwood (CD 7),688,489,3,1180,0
Precinct,201 - Adams (CD 4),1050,40,1,1091,0
Precinct,202 - Azalea (CD 7),1300,90,3,1393,0
Precinct,203 - Belmont (CD 7),858,353,0,1211,0
Precinct,204 - Brookland (CD 7),195,131,0,326,0
Precinct,205 - Canterbury (CD 7),212,302,1,515,0
Precinct,206 - Central Gardens (CD 4),1316,47,0,1363,0
Precinct,207 - Chamberlayne (CD 7),1174,373,0,1547,0
Precinct,208 - Fairfield (CD 4),1082,45,1,1128,0
Precinct,209 - Glen Lea (CD 4),782,122,4,908,0
Precinct,210 - Greenwood (CD 7),697,141,1,839,0
Precinct,211 - Highland Gardens (CD 4),474,32,2,508,0
Precinct,212 - Hollybrook (CD 7),327,133,0,460,0
Precinct,213 - Hungary (CD 7),707,140,0,847,0
Precinct,214 - Longdale (CD 7),561,246,1,808,0
Precinct,215 - Maplewood (CD 4),1461,66,0,1527,0
Precinct,216 - Moody (CD 7),303,263,0,566,0
Precinct,217 - Mountain (CD 7),245,165,0,410,0
Precinct,218 - Oakview (CD 7),38,44,0,82,0
Precinct,219 - Randolph (CD 7),173,32,0,205,0
Precinct,220 - Ratcliffe (CD 4),1579,103,2,1684,0
Precinct,221 - Stratford Hall (CD 7),114,75,1,190,0
Precinct,222 - Wilder (CD 7),996,197,3,1196,0
Precinct,223 - Yellow Tavern (CD 7),1003,634,0,1637,0
Precinct,224 - Essex Village (CD 4),299,11,1,311,0
Precinct,301 - Causeway (CD 7),537,554,0,1091,0
Precinct,302 - Cedarfield (CD 7),648,838,2,1488,0
Precinct,303 - Innsbrook (CD 7),839,707,3,1549,0
Precinct,304 - Jackson Davis (CD 7),403,479,1,883,0
Precinct,305 - Nuckols Farm (CD 7),795,1013,2,1810,0
Precinct,306 - Pocahontas (CD 7),742,637,2,1381,0
Precinct,307 - Ridge (CD 7),396,432,0,828,0
Precinct,308 - Rivers Edge (CD 7),716,918,0,1634,0
Precinct,309 - Sadler (CD 7),803,761,0,1564,0
Precinct,310 - Shady Grove (CD 7),739,1026,2,1767,0
Precinct,311 - Short Pump (CD 7),1042,953,2,1997,0
Precinct,312 - Springfield (CD 7),563,399,1,963,0
Precinct,313 - Stoney Run (CD 7),1080,1055,0,2135,0
Precinct,314 - Three Chopt (CD 7),746,748,2,1496,0
Precinct,315 - Tucker (CD 7),999,375,0,1374,0
Precinct,401 - Quioccasin (CD 7),859,721,1,1581,0
Precinct,402 - Crestview (CD 7),702,454,1,1157,0
Precinct,403 - Derbyshire (CD 7),499,744,0,1243,0
Precinct,404 - Freeman (CD 7),531,501,0,1032,0
Precinct,405 - Gayton (CD 7),811,1128,1,1940,0
Precinct,406 - Godwin (CD 7),738,673,2,1413,0
Precinct,407 - Lakewood (CD 7),477,612,0,1089,0
Precinct,408 - Lauderdale (CD 7),696,574,2,1272,0
Precinct,409 - Maybeury (CD 7),710,787,1,1498,0
Precinct,410 - Mooreland (CD 7),341,663,1,1005,0
Precinct,411 - Pemberton (CD 7),642,526,0,1168,0
Precinct,412 - Pinchbeck (CD 7),848,743,4,1595,0
Precinct,413 - Ridgefield (CD 7),831,891,1,1723,0
Precinct,414 - Rollingwood (CD 7),598,630,1,1229,0
Precinct,415 - Skipwith (CD 7),450,327,3,780,0
Precinct,416 - Spottswood (CD 7),321,349,0,670,0
Precinct,417 - Tuckahoe (CD 7),816,1412,1,2229,0
Precinct,418 - Welborne (CD 7),536,428,3,967,0
Precinct,419 - West End (CD 7),682,722,2,1406,0
Precinct,501 - Antioch (CD 4),271,793,0,1064,0
Precinct,502 - Cedar Fork (CD 4),520,90,0,610,0
Precinct,503 - Chickahominy (CD 4),519,615,1,1135,0
Precinct,504 - Donahoe (CD 4),572,231,1,804,0
Precinct,505 - Dorey (CD 4),708,652,0,1360,0
Precinct,506 - Eanes (CD 4),807,254,2,1063,0
Precinct,507 - Elko (CD 4),71,334,1,406,0
Precinct,508 - Highland Springs (CD 4),767,162,1,930,0
Precinct,509 - Laburnum (CD 4),684,227,0,911,0
Precinct,510 - Mehfoud (CD 4),829,288,0,1117,0
Precinct,511 - Montrose (CD 4),1726,240,1,1967,0
Precinct,512 - Nine Mile (CD 4),324,189,1,514,0
Precinct,513 - Pleasants (CD 4),1233,138,1,1372,0
Precinct,514 - Rolfe (CD 4),2341,239,1,2581,0
Precinct,515 - Sandston (CD 4),352,589,2,943,0
Precinct,516 - Sullivans (CD 4),749,332,1,1082,0
Precinct,517 - Town Hall (CD 4),270,325,0,595,0
Precinct,518 - Whitlocks (CD 4),516,644,0,1160,0
Precinct,AB - Central Absentee Precinct (CD 4),1079,318,3,1400,0
Precinct,Ab - Central Absentee Precinct (CD 7),2720,2243,2,4965,0
Precinct,Provisional (CD 4),18,1,0,19,0
Precinct,Provisional (CD 7),59,27,0,86,0
Locality,Henry County,4870,9073,5,13948,0
Precinct,101 - Bassett Number Two (CD 9),150,141,0,291,0
Precinct,102 - Gunville (CD 9),102,418,0,520,0
Precinct,103 - Scott's Tanyard (CD 9),204,742,1,947,0
Precinct,201 - Fieldale (CD 9),125,214,1,340,0
Precinct,202 - Horsepasture #1 (CD 9),236,390,0,626,0
Precinct,203 - Horsepasture #2 (CD 9),453,162,0,615,0
Precinct,204 - Spencer (CD 9),200,521,0,721,0
Precinct,302 - Axton (CD 5),241,209,0,450,0
Precinct,303 - Irisburg (CD 5),341,416,0,757,0
Precinct,304 - Mount Olivet (CD 5),515,468,0,983,0
Precinct,304 - Mount Olivet (CD 9),1,0,0,1,0
Precinct,305 - Mountain Valley (CD 5),187,240,0,427,0
Precinct,401 - Collinsville Number 1 (CD 9),107,342,0,449,0
Precinct,402 - Daniels Creek (CD 9),124,303,0,427,0
Precinct,404 - Collinsville Number 2 (CD 9),248,561,0,809,0
Precinct,405 - Mountain View (CD 5),198,265,0,463,0
Precinct,501 - Bassett Number One (CD 9),160,186,0,346,0
Precinct,502 - Figsboro (CD 9),129,398,0,527,0
Precinct,503 - Stanleytown (CD 9),143,647,0,790,0
Precinct,504 - Oak Level (CD 9),76,219,0,295,0
Precinct,505 - Dyers Store (CD 5),7,38,0,45,0
Precinct,505 - Dyers Store (CD 9),112,189,0,301,0
Precinct,601 - Fontaine (CD 9),197,477,0,674,0
Precinct,602 - Hillcrest (CD 9),113,155,1,269,0
Precinct,603 - Ridgeway #1 (CD 5),176,520,0,696,0
Precinct,604 - Ridgeway #2 (CD 9),146,438,1,585,0
Precinct,Ab - Central Absentee Precinct (CD 5),54,120,0,174,0
Precinct,Ab - Central Absentee Precinct (CD 9),124,287,1,412,0
Precinct,Provisional (CD 5),0,2,0,2,0
Precinct,Provisional (CD 9),1,5,0,6,0
Locality,Highland County,334,699,1,1034,0
Precinct,1 - Monterey,134,224,0,358,0
Precinct,3 - Wilsons Mill,23,60,0,83,0
Precinct,5 - Blue Grass,66,118,0,184,0
Precinct,7 - Mill Gap,41,78,0,119,0
Precinct,8 - Mcdowell,56,163,1,220,0
Precinct,10 - Headwaters,14,56,0,70,0
Precinct,Provisional,0,0,0,0,0
Locality,Hopewell City,2682,2721,16,5419,0
Precinct,101 - Ward One,269,312,1,582,0
Precinct,201 - Ward Two,367,78,1,446,0
Precinct,301 - Ward Three,260,719,3,982,0
Precinct,401 - Ward Four,560,564,3,1127,0
Precinct,501 - Ward Five,279,500,2,781,0
Precinct,601 - Ward Six,476,107,2,585,0
Precinct,701 - Ward Seven,349,251,1,601,0
Precinct,Ab - Central Absentee Precinct,120,190,3,313,0
Precinct,Provisional,2,0,0,2,0
Locality,Isle of Wight County,5758,8289,14,14061,0
Precinct,101 - Smithfield,597,1098,2,1697,0
Precinct,102 - Cypress Creek,527,826,1,1354,0
Precinct,201 - Bartlett,637,1049,3,1689,0
Precinct,202 - Carrollton,682,913,2,1597,0
Precinct,301 - Rushmere,671,572,1,1244,0
Precinct,302 - Pons,763,427,1,1191,0
Precinct,401 - Courthouse,135,355,0,490,0
Precinct,402 - Windsor,325,627,1,953,0
Precinct,403 - Longview,392,515,0,907,0
Precinct,501 - Walters,150,399,0,549,0
Precinct,502 - Camps Mill,158,122,0,280,0
Precinct,503 - Carrsville,145,218,0,363,0
Precinct,504 - Zuni,203,483,1,687,0
Precinct,505 - Raynor,100,284,1,385,0
Precinct,Ab - Central Absentee Precinct,271,398,0,669,0
Precinct,Provisional,2,3,1,6,0
Locality,James City County,14944,16648,29,31621,0
Precinct,101 - Berkeley A (CD 1),887,1072,3,1962,0
Precinct,102 - Berkeley B (CD 1),615,625,1,1241,0
Precinct,103 - Berkeley C (CD 1),997,1592,3,2592,0
Precinct,104- Berkeley D (CD 2),312,256,0,568,0
Precinct,201 - Jamestown A (CD 2),354,228,0,582,0
Precinct,202 - Jamestown B (CD 1),1002,657,4,1663,0
Precinct,202 - Jamestown B (CD 2),0,0,0,0,0
Precinct,203 - Jamestown C (CD 1),731,802,0,1533,0
Precinct,204 - Jamestown D (CD 1),925,1296,0,2221,0
Precinct,301 - Powhatan A (CD 1),955,1267,1,2223,0
Precinct,302 - Powhatan B (CD 1),301,241,0,542,0
Precinct,303 - Powhatan C (CD 1),244,506,1,751,0
Precinct,304 - Powhatan D (CD 1),955,663,1,1619,0
Precinct,401 - Stonehouse A (CD 1),771,1050,4,1825,0
Precinct,402 - Stonehouse B (CD 1),1204,1416,3,2623,0
Precinct,403 - Stonehouse C (CD 1),732,1037,1,1770,0
Precinct,501 - Roberts A (CD 2),547,232,0,779,0
Precinct,502 - Roberts B (CD 2),815,1282,2,2099,0
Precinct,503 - Roberts C (CD 2),206,77,0,283,0
Precinct,504 - Roberts D (CD 1),0,0,0,0,0
Precinct,504 - Roberts D (CD 2),976,922,3,1901,0
Precinct,AB - Central Absentee Precinct (CD 2),0,0,0,0,0
Precinct,Ab - Central Absentee Precinct (CD 1),1405,1414,2,2821,0
Precinct,Provisional (CD 1),8,7,0,15,0
Precinct,Provisional (CD 2),2,6,0,8,0
Locality,King and Queen County,1024,1438,2,2464,0
Precinct,101 - Owenton,248,176,0,424,0
Precinct,201 - Clarks,178,314,0,492,0
Precinct,301 - Shacklefords,195,279,1,475,0
Precinct,401 - Courthouse,233,272,1,506,0
Precinct,501 - Oldmill,116,315,0,431,0
Precinct,Ab - Central Absentee Precinct,54,82,0,136,0
Precinct,Provisional,0,0,0,0,0
Locality,King George County,2611,4499,7,7117,0
Precinct,101 - Courthouse,436,809,2,1247,0
Precinct,102 - Passapatanzy,226,362,0,588,0
Precinct,201 - Monroe,583,1140,1,1724,0
Precinct,301 - Dahlgren,633,837,1,1471,0
Precinct,401 - Shiloh,566,1026,3,1595,0
Precinct,Ab - Central Absentee Precinct,164,323,0,487,0
Precinct,Provisional,3,2,0,5,0
Locality,King William County,1991,3945,7,5943,0
Precinct,101 - West Point,389,736,3,1128,0
Precinct,201 - Sweet Hall,148,273,1,422,0
Precinct,202 - Courthouse,333,411,0,744,0
Precinct,301 - Aylett,276,793,2,1071,0
Precinct,401 - Manquin,324,809,0,1133,0
Precinct,501 - Mangohick,439,783,1,1223,0
Precinct,Ab - Central Absentee Precinct,78,135,0,213,0
Precinct,Provisional,4,5,0,9,0
Locality,Lancaster County,2010,2757,4,4771,0
Precinct,101 - Precinct 1-1,342,553,0,895,0
Precinct,201 - Precinct 2-1,371,320,2,693,0
Precinct,301 - Precinct 3-1,222,477,0,699,0
Precinct,302 - Precinct 3-2,113,233,0,346,0
Precinct,401 - Precinct 4-1,424,257,1,682,0
Precinct,501 - Precinct 5-1,355,674,1,1030,0
Precinct,Ab - Central Absentee Precinct,182,242,0,424,0
Precinct,Provisional,1,1,0,2,0
Locality,Lee County,1336,5235,7,6578,0
Precinct,101 - Elydale,70,242,0,312,0
Precinct,102 - Ewing,64,255,0,319,0
Precinct,103 - Rose Hill,122,500,1,623,0
Precinct,201 - Blackwater,26,99,0,125,0
Precinct,202 - Flatwoods,79,448,0,527,0
Precinct,203 - Jonesville,178,605,2,785,0
Precinct,301 - Ben Hur,152,668,1,821,0
Precinct,302 - Woodway,94,424,0,518,0
Precinct,401 - Stickleyville,69,222,0,291,0
Precinct,402 - Jasper,32,154,1,187,0
Precinct,403 - Seminary,38,237,0,275,0
Precinct,404 - Dryden,100,360,0,460,0
Precinct,501 - Saint Charles,90,150,1,241,0
Precinct,502 - Pennington,102,461,0,563,0
Precinct,503 - Robbins Chapel,8,78,0,86,0
Precinct,504 - Keokee,37,86,1,124,0
Precinct,Ab - Central Absentee Precinct,75,245,0,320,0
Precinct,Provisional,0,1,0,1,0
Locality,Lexington City,1129,606,2,1737,0
Precinct,1 - Lexington,1014,544,2,1560,0
Precinct,Ab - Central Absentee Precinct,115,62,0,177,0
Precinct,Provisional,0,0,0,0,0
Locality,Loudoun County,69514,47220,90,116824,0
Precinct,107 - Little River,698,508,2,1208,0
Precinct,108 - Mercer,684,435,1,1120,0
Precinct,112 - Freedom,546,311,0,857,0
Precinct,114 - Dulles South,628,340,1,969,0
Precinct,117 - Carter,373,128,1,502,0
Precinct,118 - Moorefield,807,348,2,1157,0
Precinct,119 - Arcola,1304,693,2,1999,0
Precinct,120 - Lunsford,758,455,0,1213,0
Precinct,121 - Town Hall,513,335,1,849,0
Precinct,122 - Hutchison Farm,801,539,2,1342,0
Precinct,123 - Cardinal Ridge,470,347,0,817,0
Precinct,124 - Liberty,509,300,0,809,0
Precinct,125 - Rock Ridge,728,297,0,1025,0
Precinct,207 - River Bend,527,383,0,910,0
Precinct,208 - Algonkian,543,398,0,941,0
Precinct,209 - Potomac Falls,807,453,2,1262,0
Precinct,210 - Cascades,952,533,0,1485,0
Precinct,213 - Countryside,290,195,1,486,0
Precinct,214 - Sugarland North,967,711,0,1678,0
Precinct,215 - Sugarland South,892,485,1,1378,0
Precinct,216 - Lowes Island,761,523,2,1286,0
Precinct,217 - South Bank,943,550,0,1493,0
Precinct,218 - University Center,542,237,1,780,0
Precinct,219 - Galilee Church,692,361,0,1053,0
Precinct,301 - Purcellville,817,800,2,1619,0
Precinct,302 - Round Hill,609,762,1,1372,0
Precinct,303 - Hillsboro,558,704,2,1264,0
Precinct,305 - Philomont,276,354,1,631,0
Precinct,307 - Middleburg,392,260,0,652,0
Precinct,308 - St Louis,369,298,0,667,0
Precinct,309 - Aldie,257,253,0,510,0
Precinct,310 - Mountain View,654,815,0,1469,0
Precinct,311 - Round Hill Elementary,511,732,0,1243,0
Precinct,312 - Briar Woods,844,402,1,1247,0
Precinct,313 - Pinebrook,1083,623,1,1707,0
Precinct,314 - Legacy,756,422,1,1179,0
Precinct,315 - Firehouse,198,262,1,461,0
Precinct,316 - Creighton's Corner,799,407,0,1206,0
Precinct,318 - Madison's Trust,544,629,0,1173,0
Precinct,319 - John Champe,777,505,0,1282,0
Precinct,320 - Stone Hill,869,309,1,1179,0
Precinct,321 - Brambleton Middle,534,224,0,758,0
Precinct,401 - West Lovettsville,745,828,2,1575,0
Precinct,402 - Waterford,610,752,1,1363,0
Precinct,403 - Lucketts,753,791,1,1545,0
Precinct,407 - Harper Park,469,357,0,826,0
Precinct,408 - Evergreen,599,396,0,995,0
Precinct,409 - Clarkes Gap,628,826,0,1454,0
Precinct,411 - East Lovettsville,524,641,0,1165,0
Precinct,413 - Tuscarora,38,36,0,74,0
Precinct,414 - Red Rock,441,277,1,719,0
Precinct,416 - Hamilton,905,930,3,1838,0
Precinct,420 - River Creek,619,664,1,1284,0
Precinct,421 - Between The Hills,67,105,0,172,0
Precinct,422 - Sycolin Creek,589,726,0,1315,0
Precinct,501 - West Leesburg,863,536,0,1399,0
Precinct,502 - East Leesburg,861,384,1,1246,0
Precinct,503 - Dry Mill,454,285,1,740,0
Precinct,504 - Smarts Mill,912,544,3,1459,0
Precinct,505 - Cool Spring,813,667,2,1482,0
Precinct,506 - Brandon Park,468,252,0,720,0
Precinct,507 - Greenway,449,310,1,760,0
Precinct,508 - Balls Bluff,786,553,0,1339,0
Precinct,509 - Tolbert,917,432,3,1352,0
Precinct,510 - Heritage,450,405,0,855,0
Precinct,615 - Hillside,777,543,0,1320,0
Precinct,616 - Eagle Ridge,865,499,1,1365,0
Precinct,617 - Oak Grove,417,119,0,536,0
Precinct,619 - Ridgetop,379,133,1,513,0
Precinct,620 - Russell Branch,962,640,1,1603,0
Precinct,621 - Dominion Trail,1026,565,3,1594,0
Precinct,622 - Farmwell Station,1007,513,2,1522,0
Precinct,623 - Weller,779,511,0,1290,0
Precinct,625 - Mill Run,344,263,0,607,0
Precinct,626 - Ashby Ponds,431,378,1,810,0
Precinct,627 - Ashbrook,733,304,3,1040,0
Precinct,628 - Moorefield Station,805,333,2,1140,0
Precinct,629 - Discovery,190,126,0,316,0
Precinct,701 - Sully,727,395,0,1122,0
Precinct,702 - Park View,653,360,2,1015,0
Precinct,703 - Rolling Ridge,908,305,0,1213,0
Precinct,705 - Forest Grove,855,524,0,1379,0
Precinct,707 - Claude Moore Park,671,229,0,900,0
Precinct,708 - Seneca,701,428,1,1130,0
Precinct,709 - Mirror Ridge,812,362,0,1174,0
Precinct,710 - Sterling,569,311,2,882,0
Precinct,808 - Stone Bridge,987,654,2,1643,0
Precinct,810 - Cedar Lane,865,491,0,1356,0
Precinct,813 - Seldens Landing,615,290,1,906,0
Precinct,814 - Newton - Lee,720,711,1,1432,0
Precinct,815 - Belmont Ridge,884,595,1,1480,0
Precinct,817 - Sanders Corner,938,721,3,1662,0
Precinct,818 - Broad Run,677,443,0,1120,0
Precinct,819 - Heritage Church,617,456,0,1073,0
Precinct,820 - Belmont Station,717,465,0,1182,0
Precinct,822 - Riverside,545,347,0,892,0
Precinct,Ab - Central Absentee Precinct,5729,3833,13,9575,0
Precinct,Provisional,67,50,0,117,0
Locality,Louisa County,4424,7305,10,11739,0
Precinct,101 - Zion,583,763,1,1347,0
Precinct,102 - Mechanicsville,261,381,1,643,0
Precinct,201 - Louisa #1,252,443,0,695,0
Precinct,202 - Louisa #2,265,401,0,666,0
Precinct,301 - Patrick Henry No 1,693,588,0,1281,0
Precinct,302 - Patrick Henry #2,143,184,0,327,0
Precinct,401 - Mineral,359,791,0,1150,0
Precinct,402 - Yanceyville,169,205,0,374,0
Precinct,501 - Fredericks Hall,184,201,1,386,0
Precinct,502 - Cuckoo,179,368,0,547,0
Precinct,503 - Elk Creek,121,369,1,491,0
Precinct,601 - Bumpass,134,498,2,634,0
Precinct,602 - Locust Creek,230,576,0,806,0
Precinct,701 - Sheltons Mill,278,618,1,897,0
Precinct,702 - South Anna,220,445,1,666,0
Precinct,Ab - Central Absentee Precinct,351,472,2,825,0
Precinct,Provisional,2,2,0,4,0
Locality,Lunenburg County,1467,2159,3,3629,0
Precinct,101 - Plymouth,97,283,0,380,0
Precinct,201 - Browns Store,130,285,1,416,0
Precinct,301 - Rosebud,55,226,0,281,0
Precinct,302 - Flat Rock,101,162,1,264,0
Precinct,401 - Arrowhead Gun Club,36,163,0,199,0
Precinct,402 - Pleasant Grove,91,240,0,331,0
Precinct,501 - Reedy Creek,130,115,0,245,0
Precinct,502 - Peoples Community Center,197,109,0,306,0
Precinct,601 - Hounds Creek,285,201,0,486,0
Precinct,701 - Meherrin Fire Department,91,116,0,207,0
Precinct,702 - Victoria Public Library,99,161,0,260,0
Precinct,Ab - Central Absentee Precinct,155,98,1,254,0
Precinct,Provisional,0,0,0,0,0
Locality,Lynchburg City,9822,11248,24,21094,0
Precinct,101 - First Ward First Precinct,807,881,3,1691,0
Precinct,102 - First Ward Second Precinct,858,1123,0,1981,0
Precinct,103 - First Ward Third Precinct,673,785,0,1458,0
Precinct,104 - First Ward Fourth Precinct,344,225,2,571,0
Precinct,105 - First Ward Fifth Precinct,504,393,1,898,0
Precinct,201 - Second Ward First Precinct,1072,296,2,1370,0
Precinct,202 - Second Ward Second Precinct,908,192,4,1104,0
Precinct,203 - Second Ward Third Precinct,316,89,0,405,0
Precinct,204 - Second Ward Fourth Precinct,183,149,0,332,0
Precinct,301 - Third Ward First Precinct,338,258,1,597,0
Precinct,302 - Third Ward Second Precinct,47,1248,3,1298,0
Precinct,303 - Third Ward Third Precinct,301,401,1,703,0
Precinct,304 - Third Ward Fourth Precinct,264,450,0,714,0
Precinct,305 - Third Ward Fifth Precinct,464,967,2,1433,0
Precinct,401 - Fourth Ward First Precinct,662,1262,2,1926,0
Precinct,402 - Fourth Ward Second Precinct,323,439,0,762,0
Precinct,403 - Fourth Ward Third Precinct,556,818,0,1374,0
Precinct,404 - Fourth Ward Fourth Precinct,690,840,1,1531,0
Precinct,Ab - Central Absentee Precinct,511,432,2,945,0
Precinct,Provisional,1,0,0,1,0
Locality,Madison County,1756,3126,6,4888,0
Precinct,1 - Oak Park,246,283,0,529,0
Precinct,2 - Radiant,314,430,1,745,0
Precinct,3 - Rochelle,105,273,0,378,0
Precinct,4 - Graves Mill,13,39,0,52,0
Precinct,5 - Madison,324,511,1,836,0
Precinct,6 - Wolftown,177,302,3,482,0
Precinct,7 - Brightwood,211,639,0,850,0
Precinct,8 - Criglersville,161,285,0,446,0
Precinct,9 - Etlan,75,172,0,247,0
Precinct,Ab - Central Absentee Precinct,130,192,1,323,0
Precinct,Provisional,0,0,0,0,0
Locality,Manassas City,5255,3999,6,9260,0
Precinct,1 - Dean,731,369,1,1101,0
Precinct,2 - Weems,890,625,0,1515,0
Precinct,3 - Metz,915,653,2,1570,0
Precinct,4 - Haydon,757,654,0,1411,0
Precinct,5 - Baldwin,733,476,1,1210,0
Precinct,6 - Round,639,711,1,1351,0
Precinct,Ab - Central Absentee Precinct,586,509,1,1096,0
Precinct,Provisional,4,2,0,6,0
Locality,Manassas Park City,1947,1112,2,3061,0
Precinct,1 - Precinct One,663,315,1,979,0
Precinct,2 - Precinct Two,475,285,0,760,0
Precinct,3 - Precinct Three,551,350,1,902,0
Precinct,Ab - Central Absentee Precinct,254,162,0,416,0
Precinct,Provisional,4,0,0,4,0
Locality,Martinsville City,2179,1505,5,3689,0
Precinct,1 - Precinct #1,367,20,0,387,0
Precinct,2 - Precinct #2,418,301,1,720,0
Precinct,3 - Precinct #3,263,128,0,391,0
Precinct,4 - Precinct #4,421,235,0,656,0
Precinct,5 - Precinct #5,418,711,4,1133,0
Precinct,6 - Precinct #6,182,6,0,188,0
Precinct,Ab - Central Absentee Precinct,110,104,0,214,0
Precinct,Provisional,0,0,0,0,0
Locality,Mathews County,1330,2583,5,3918,0
Precinct,1 - Chesapeake,248,531,0,779,0
Precinct,2 - Westville,433,814,1,1248,0
Precinct,3 - Piankatank,452,918,4,1374,0
Precinct,Ab - Central Absentee Precinct,197,320,0,517,0
Precinct,Provisional,0,0,0,0,0
Locality,Mecklenburg County,3348,5172,0,8520,0
Precinct,101 - Wrights Store,140,156,0,296,0
Precinct,102 - Pearsons Store,33,92,0,125,0
Precinct,103 - South Clarksville,223,256,0,479,0
Precinct,201 - Boydton,136,156,0,292,0
Precinct,202 - Bluestone Senior High School,70,51,0,121,0
Precinct,203 - Chase City Vfw Post,153,53,0,206,0
Precinct,301 - Bracey,151,452,0,603,0
Precinct,302 - Lacrosse,156,200,0,356,0
Precinct,401 - American Legion Hall,449,256,0,705,0
Precinct,402 - Park View Middle School,79,48,0,127,0
Precinct,501 - South Hill,347,506,0,853,0
Precinct,601 - Baskerville,134,244,0,378,0
Precinct,602 - Union Level,32,166,0,198,0
Precinct,603 - Smith Crossroads,53,116,0,169,0
Precinct,604 - Lake Gaston,75,124,0,199,0
Precinct,701 - Chase City,135,251,0,386,0
Precinct,702 - Sunshine,130,220,0,350,0
Precinct,801 - Finchley,49,88,0,137,0
Precinct,802 - Bluestone,141,343,0,484,0
Precinct,803 - Chase City Elementary School,137,207,0,344,0
Precinct,901 - Averett,19,97,0,116,0
Precinct,902 - Buffalo Springs,39,188,0,227,0
Precinct,903 - Clarksville,235,601,0,836,0
Precinct,Ab - Central Absentee Precinct,230,299,0,529,0
Precinct,Provisional,2,2,0,4,0
Locality,Middlesex County,1567,2725,4,4296,0
Precinct,101 - Saluda,114,199,0,313,0
Precinct,102 - Urbanna,182,346,0,528,0
Precinct,201 - New Market,246,679,2,927,0
Precinct,302 - Church View,293,381,0,674,0
Precinct,401- Harmony Village,284,373,2,659,0
Precinct,501 - Wilton,320,574,0,894,0
Precinct,Ab - Central Absentee Precinct,124,172,0,296,0
Precinct,Provisional,4,1,0,5,0
Locality,Montgomery County,14870,13057,19,27946,0
Precinct,101 - Precinct A-1,828,669,0,1497,0
Precinct,102 - Precinct A-2,913,285,2,1200,0
Precinct,103 - Precinct A-3,1380,641,0,2021,0
Precinct,201 - Precinct B-1,82,85,1,168,0
Precinct,202 - Precinct B-2,728,761,1,1490,0
Precinct,203 - Precinct B-3,407,561,0,968,0
Precinct,204 - Precinct B-4,844,932,3,1779,0
Precinct,301 - Precinct C-1,286,711,1,998,0
Precinct,302 - Precinct C-2,399,789,1,1189,0
Precinct,303 - Precinct C-3,131,286,0,417,0
Precinct,304 - Precinct C-4,391,686,1,1078,0
Precinct,401 - Precinct D-1,324,495,0,819,0
Precinct,402 - Precinct D-2,317,830,1,1148,0
Precinct,403 - Precinct D-3,249,568,0,817,0
Precinct,404 - Precinct D-4,146,377,0,523,0
Precinct,405 - Precinct D-5,493,741,0,1234,0
Precinct,501 - Precinct E-1,705,555,0,1260,0
Precinct,502 - Precinct E-2,384,528,0,912,0
Precinct,503 - Precinct E-3,584,247,0,831,0
Precinct,601 - Precinct F-1,1157,443,1,1601,0
Precinct,602 - Precinct F-2,998,363,1,1362,0
Precinct,603 - Precinct F-3,187,113,0,300,0
Precinct,701 - Precinct G-1,1340,585,2,1927,0
Precinct,702 - Precinct G-2,683,216,2,901,0
Precinct,Ab - Central Absentee Precinct,896,581,2,1479,0
Precinct,Provisional,18,9,0,27,0
Locality,Nelson County,3023,3081,7,6111,0
Precinct,101 - Rockfish,656,610,1,1267,0
Precinct,201 - Lovingston,292,347,1,640,0
Precinct,202 - Schuyler,198,181,0,379,0
Precinct,301 - Shipman,373,394,3,770,0
Precinct,302 - Gladstone,52,77,0,129,0
Precinct,401 - Roseland,371,534,0,905,0
Precinct,402 - Montebello,31,54,0,85,0
Precinct,501 - Faber,255,216,1,472,0
Precinct,502 - Nellysford,607,515,1,1123,0
Precinct,Ab - Central Absentee Precinct,186,150,0,336,0
Precinct,Provisional,2,3,0,5,0
Locality,New Kent County,2637,5868,13,8518,0
Precinct,102 - Tunstall,107,326,2,435,0
Precinct,103 - Southern Branch,272,879,1,1152,0
Precinct,201 - Quinton,395,806,1,1202,0
Precinct,202 - Kentwood,149,511,4,664,0
Precinct,301 - Watkins,317,423,0,740,0
Precinct,302 - Cumberland,284,588,0,872,0
Precinct,401 - Providence Forge,410,804,0,1214,0
Precinct,403 - Mountcastle,148,297,1,446,0
Precinct,501 - Eltham,212,378,1,591,0
Precinct,502 - Chickahominy River,202,615,1,818,0
Precinct,Ab - Central Absentee Precinct,137,235,1,373,0
Precinct,Provisional,4,6,1,11,0
Locality,Newport News City,29760,16779,58,46597,0
Precinct,101 - Denbigh (CD 3),1195,313,2,1510,0
Precinct,102 - Epes (CD 3),1098,250,2,1350,0
Precinct,103 - Jenkins (CD 3),909,530,6,1445,0
Precinct,104 - Mcintosh (CD 3),819,233,1,1053,0
Precinct,105 - Oyster Point (CD 3),218,150,1,369,0
Precinct,106 - Reservoir (CD 3),1245,515,3,1763,0
Precinct,107 - Richneck (CD 3),1090,590,1,1681,0
Precinct,108 - Lee Hall (CD 3),953,267,1,1221,0
Precinct,109 - Windsor (CD 3),546,293,1,840,0
Precinct,110 - Greenwood (CD 3),1019,299,2,1320,0
Precinct,201 - Bland (CD 3),182,72,0,254,0
Precinct,202 - Boulevard (CD 3),537,607,1,1145,0
Precinct,203 - Charles (CD 3),976,959,0,1935,0
Precinct,204 - Wellesley (CD 3),531,370,0,901,0
Precinct,205 - Deep Creek (CD 3),600,936,2,1538,0
Precinct,208 - Hidenwood (CD 3),413,560,0,973,0
Precinct,209 - Hilton (CD 3),673,582,0,1255,0
Precinct,210 - Nelson (CD 3),1025,975,2,2002,0
Precinct,211 - Palmer (CD 3),806,466,1,1273,0
Precinct,212 - Riverside (CD 3),360,518,1,879,0
Precinct,213 - Sanford (CD 3),237,370,1,608,0
Precinct,215 - Warwick (CD 3),401,317,0,718,0
Precinct,216 - Yates (CD 3),435,512,2,949,0
Precinct,217 - Riverview (CD 3),625,708,3,1336,0
Precinct,218 - Kiln Creek (CD 3),1257,874,2,2133,0
Precinct,219 - Deer Park (CD 3),1038,428,4,1470,0
Precinct,302 - Briarfield (CD 3),657,162,0,819,0
Precinct,303 - Carver (CD 3),459,135,1,595,0
Precinct,304 - Chestnut (CD 3),418,19,1,438,0
Precinct,305 - Downtown (CD 3),241,53,0,294,0
Precinct,306 - Dunbar (CD 3),113,5,0,118,0
Precinct,307 - Huntington (CD 3),337,8,1,346,0
Precinct,308 - Jefferson (CD 3),343,6,1,350,0
Precinct,309 - Magruder (CD 3),414,14,0,428,0
Precinct,310 - Marshall (CD 3),542,23,0,565,0
Precinct,311 - Newmarket (CD 3),951,249,2,1202,0
Precinct,312 - Newsome Park (CD 3),130,6,0,136,0
Precinct,313 - Reed (CD 3),779,28,0,807,0
Precinct,314 - River (CD 3),405,260,0,665,0
Precinct,315 - Sedgefield (CD 3),503,419,1,923,0
Precinct,316 - South Morrison (CD 3),710,342,2,1054,0
Precinct,317 - Washington (CD 3),229,12,1,242,0
Precinct,318 - Wilson (CD 3),511,63,1,575,0
Precinct,319 - Saunders (CD 3),829,668,1,1498,0
Precinct,320 - Watkins (CD 3),973,987,5,1965,0
Precinct,Ab - Central Absentee Precinct (CD 3),1017,618,2,1637,0
Precinct,Provisional (CD 3),11,8,0,19,0
Locality,Norfolk City,38430,14763,68,53261,0
Precinct,101 - Granby (CD 3),1025,487,4,1516,0
Precinct,101 - Granby (CD 2),5,4,0,9,0
Precinct,102 - Ocean View School (CD 2),374,288,0,662,0
Precinct,103 - Northside (CD 2),520,430,0,950,0
Precinct,104 - Titustown (CD 3),59,4,0,63,0
Precinct,104 - Titustown (CD 2),431,63,0,494,0
Precinct,106 - Second Presbyterian (CD 2),824,533,0,1357,0
Precinct,201 - Larchmont School (CD 3),968,478,0,1446,0
Precinct,203 - Ghent Square (CD 3),471,203,0,674,0
Precinct,207 - Lambert's Point (CD 3),892,92,3,987,0
Precinct,208 - Larchmont Library (CD 3),618,450,1,1069,0
Precinct,210 - Maury (CD 3),957,281,1,1239,0
Precinct,211 - Chrysler Museum (CD 3),1121,509,1,1631,0
Precinct,212 - Park Place (CD 3),691,36,0,727,0
Precinct,213 - Taylor Elementary School (CD 3),1214,346,2,1562,0
Precinct,214 - Stuart (CD 3),1129,313,3,1445,0
Precinct,215 - Suburban Park (CD 2),638,417,1,1056,0
Precinct,217 - Wesley (CD 2),563,241,1,805,0
Precinct,218 - Willard (CD 3),1119,735,2,1856,0
Precinct,301 - Ballentine (CD 3),888,110,1,999,0
Precinct,302 - Tanners Creek (CD 3),495,97,0,592,0
Precinct,303 - Broad Creek (CD 3),1237,48,3,1288,0
Precinct,304 - Coleman Place School (CD 3),469,105,1,575,0
Precinct,305 - Lafayette-winona (CD 3),793,142,1,936,0
Precinct,306 - Lindenwood (CD 3),625,61,1,687,0
Precinct,309 - Norview (CD 3),1351,304,4,1659,0
Precinct,310 - Rosemont (CD 3),1382,75,1,1458,0
Precinct,311 - Sherwood (CD 3),1150,458,6,1614,0
Precinct,313 - Union Chapel (CD 3),466,22,0,488,0
Precinct,402 - Berkley (CD 3),838,19,1,858,0
Precinct,403 - Brambleton (CD 3),341,17,1,359,0
Precinct,404 - Campostella (CD 3),758,34,0,792,0
Precinct,405 - Chesterfield (CD 3),947,36,0,983,0
Precinct,406 - Barron Black (CD 2),477,300,2,779,0
Precinct,408 - Easton (CD 3),631,432,1,1064,0
Precinct,409 - Fairlawn (CD 3),513,307,2,822,0
Precinct,411 - Ruffner Academy (CD 3),201,9,1,211,0
Precinct,412 - Ingleside (CD 3),901,117,1,1019,0
Precinct,413 - Poplar Halls (CD 3),1242,228,0,1470,0
Precinct,414 - Young Park (CD 3),810,47,3,860,0
Precinct,415 - Lake Taylor High School (CD 3),578,257,0,835,0
Precinct,501 - Bayview (CD 2),702,577,1,1280,0
Precinct,503 - East Ocean View (CD 2),809,653,3,1465,0
Precinct,504 - Larrymore (CD 2),677,398,0,1075,0
Precinct,505 - Little Creek (CD 2),373,353,1,727,0
Precinct,506 - Ocean View Center (CD 2),869,420,1,1290,0
Precinct,507 - Pretlow (CD 2),637,459,6,1102,0
Precinct,509 - Tarrallton (CD 2),526,600,1,1127,0
Precinct,510 - Third Presbyterian (CD 2),617,653,4,1274,0
Precinct,511 - Crossroads (CD 2),573,540,1,1114,0
Precinct,512 - Azalea Gardens (CD 2),374,353,0,727,0
Precinct,Ab - Central Absentee Precinct (CD 2),391,293,0,684,0
Precinct,Ab - Central Absentee Precinct (CD 3),1137,318,1,1456,0
Precinct,Provisional (CD 2),8,5,0,13,0
Precinct,Provisional (CD 3),25,6,0,31,0
Locality,Northampton County,2297,2011,3,4311,0
Precinct,101 - Precinct 1-1,473,527,1,1001,0
Precinct,201 - Precinct 2-1,492,239,0,731,0
Precinct,301 - Precinct 3-1,442,192,1,635,0
Precinct,401 - Precinct 4-1,382,429,0,811,0
Precinct,501 - Precinct 5-1,314,436,1,751,0
Precinct,Ab - Central Absentee Precinct,191,188,0,379,0
Precinct,Provisional,3,0,0,3,0
Locality,Northumberland County,1983,3326,3,5312,0
Precinct,101 - 1a,278,501,0,779,0
Precinct,201 - 2a,309,654,0,963,0
Precinct,301 - 3a,308,182,1,491,0
Precinct,302 - 3b,175,60,0,235,0
Precinct,401 - 4a,382,892,2,1276,0
Precinct,501 - 5a,354,805,0,1159,0
Precinct,Ab - Central Absentee Precinct,175,230,0,405,0
Precinct,Provisional,2,2,0,4,0
Locality,Norton City,281,567,1,849,0
Precinct,1 - East Ward,281,566,1,848,0
Precinct,Provisional,0,1,0,1,0
Locality,Nottoway County,1774,2452,3,4229,0
Precinct,101 - Precinct 1-1,167,298,0,465,0
Precinct,102 - Precinct 1-2,123,237,2,362,0
Precinct,201 - Precinct 2-1,185,338,0,523,0
Precinct,202 - Precinct 2-2,70,223,0,293,0
Precinct,301 - Precinct 3-1,268,155,0,423,0
Precinct,302 - Precinct 3-2,116,195,0,311,0
Precinct,401 - Precinct 4-1,310,99,0,409,0
Precinct,402 - Precinct 4-2,111,276,0,387,0
Precinct,501 - Precinct 5-1,322,495,1,818,0
Precinct,Ab - Central Absentee Precinct,102,136,0,238,0
Precinct,Provisional,0,0,0,0,0
Locality,Orange County,4095,6754,8,10857,0
Precinct,101 - One West,437,739,2,1178,0
Precinct,102 - One East,446,587,0,1033,0
Precinct,201 - Two West,304,658,0,962,0
Precinct,202 - Two East,223,603,1,827,0
Precinct,301 - Three West,555,651,0,1206,0
Precinct,302 - Three East,133,264,0,397,0
Precinct,401 - Four West,232,761,0,993,0
Precinct,402 - Four East,366,541,1,908,0
Precinct,501 - Five South,541,706,0,1247,0
Precinct,502 - Five North,569,920,2,1491,0
Precinct,Ab - Central Absentee Precinct,288,320,2,610,0
Precinct,Provisional,1,4,0,5,0
Locality,Page County,1806,4829,6,6641,0
Precinct,101 - West Luray,428,814,0,1242,0
Precinct,201 - East Luray,415,959,1,1375,0
Precinct,301 - Marksville,330,1047,1,1378,0
Precinct,401 - Newport,227,802,3,1032,0
Precinct,501 - Shenandoah,246,964,1,1211,0
Precinct,Ab - Central Absentee Precinct,157,242,0,399,0
Precinct,Provisional,3,1,0,4,0
Locality,Patrick County,1283,4277,7,5567,0
Precinct,101 - Ararat,83,238,0,321,0
Precinct,102 - Claudville,49,269,0,318,0
Precinct,103 - Willis Gap,69,222,0,291,0
Precinct,201 - Dry Pond,42,170,0,212,0
Precinct,202 - Patrick Springs,136,477,1,614,0
Precinct,203 - Russell Creek,100,311,0,411,0
Precinct,301 - Critz/stella,153,420,0,573,0
Precinct,302 - Liberty,53,343,1,397,0
Precinct,401 - Meadows Of Dan,135,300,0,435,0
Precinct,402 - Stuart Fairgrounds,142,437,2,581,0
Precinct,501 - Stuart Community,46,196,1,243,0
Precinct,502 - Elamsville,79,296,0,375,0
Precinct,503 - Woolwine,114,396,2,512,0
Precinct,Ab - Central Absentee Precinct,82,202,0,284,0
Precinct,Provisional,0,0,0,0,0
Locality,Petersburg City,7097,995,10,8102,0
Precinct,101 - First Ward First Precinct,599,76,0,675,0
Precinct,201 - Second Ward First Precinct,1219,115,2,1336,0
Precinct,301 - Third Ward First Precinct,1184,305,3,1492,0
Precinct,401 - Fourth Ward First Precinct,792,156,2,950,0
Precinct,501 - Fifth Ward First Precinct,717,72,1,790,0
Precinct,601 - Sixth Ward First Precinct,731,29,0,760,0
Precinct,701 - Seventh Ward First Precinct,1026,99,1,1126,0
Precinct,Ab - Central Absentee Precinct,824,143,1,968,0
Precinct,Provisional,5,0,0,5,0
Locality,Pittsylvania County,5727,13708,10,19445,0
Precinct,103 - Twin Springs,218,1254,2,1474,0
Precinct,105 - Chatham,174,423,1,598,0
Precinct,106 - Tunstall,143,475,0,618,0
Precinct,108 - West Blairs,112,240,0,352,0
Precinct,201 - Callands,132,468,0,600,0
Precinct,202- Bearskin,45,107,0,152,0
Precinct,204 - Sandy Level,95,299,0,394,0
Precinct,206 - Climax,89,366,0,455,0
Precinct,207 - Gretna,253,840,1,1094,0
Precinct,301 - Central,300,204,1,505,0
Precinct,305 - Riceville,258,225,1,484,0
Precinct,307 - East Blairs,445,128,0,573,0
Precinct,308 - Mt Airy,150,120,0,270,0
Precinct,309 - East Gretna,136,172,1,309,0
Precinct,402 - Keeling,101,499,0,600,0
Precinct,404 - Kentuck,253,832,1,1086,0
Precinct,405 - Ringgold,328,809,0,1137,0
Precinct,501 - Hurt,254,617,0,871,0
Precinct,502 - Motley Sycamore,286,669,0,955,0
Precinct,503 - Renan,127,369,0,496,0
Precinct,603 - Stony Mill,156,503,0,659,0
Precinct,604 - Swansonville,181,357,0,538,0
Precinct,605 - Whitmell,175,418,0,593,0
Precinct,606 - Brosville,264,291,0,555,0
Precinct,607 - Dry Fork,66,221,0,287,0
Precinct,702 - Bachelors Hall,123,741,0,864,0
Precinct,703 - Ferry Road,57,107,0,164,0
Precinct,704 - Mt Hermon,359,921,1,1281,0
Precinct,705 - Mt Cross,110,460,0,570,0
Precinct,Ab - Central Absentee Precinct,337,572,1,910,0
Precinct,Provisional,0,1,0,1,0
Locality,Poquoson City,1261,3531,8,4800,0
Precinct,1 - Central,356,1028,3,1387,0
Precinct,2 - Eastern,367,1109,1,1477,0
Precinct,3 - Western,430,1195,2,1627,0
Precinct,Ab - Central Absentee Precinct,108,196,2,306,0
Precinct,Provisional,0,3,0,3,0
Locality,Portsmouth City,19884,8550,38,28472,0
Precinct,1 - Emanuel A. M. E. Church,700,299,4,1003,0
Precinct,5 - Hampton Roads Community Health Center,538,24,0,562,0
Precinct,7- Park View Elementary School,509,125,0,634,0
Precinct,9 - Third Baptist Church,756,129,0,885,0
Precinct,10 - Port Norfolk Recreation Center,347,196,0,543,0
Precinct,11 - Mt. Hermon Village,638,26,1,665,0
Precinct,13 - St. Mark Missionary Baptist Church,405,19,1,425,0
Precinct,14 - Brighton Elementary School,731,31,0,762,0
Precinct,16 - Cradock Middle School,480,197,1,678,0
Precinct,17 - Victory Life Fellowship,556,273,0,829,0
Precinct,19 - Fairview Heights Baptist Church,278,196,1,475,0
Precinct,20 - Noble Street Baptist Church,482,185,1,668,0
Precinct,21 - John F. Kennedy Community Center,518,19,0,537,0
Precinct,22 - Forward Church,407,291,5,703,0
Precinct,23 - Westhaven Baptist Church,317,408,2,727,0
Precinct,24 - Willett Hall,428,234,0,662,0
Precinct,25 - John Tyler Elementary School,544,384,1,929,0
Precinct,26 - William E. Waters Middle School,966,21,0,987,0
Precinct,27 - Cavalier Manor Recreation Center,890,35,2,927,0
Precinct,28 - Lakeview Elementary School,1348,55,2,1405,0
Precinct,29 - Saint Andrew's United Methodist Church,206,407,1,614,0
Precinct,30 - The Rescue Church,234,427,2,663,0
Precinct,31 - West Park Church Of Christ,704,404,2,1110,0
Precinct,32 - Hodges Manor Elementary School,332,433,2,767,0
Precinct,33- Pinecrest Baptist Church,207,442,1,650,0
Precinct,34- Churchland Branch Library,448,503,2,953,0
Precinct,35 - Churchland Elementary School,482,587,0,1069,0
Precinct,36 - Scottish Rite Temple,1114,865,2,1981,0
Precinct,37 - Churchland Middle School,969,431,0,1400,0
Precinct,38 - Grove Baptist Church,1187,153,2,1342,0
Precinct,39 - Churchland Primary And Intermediate School,1304,444,3,1751,0
Precinct,Ab - Central Absentee Precinct,843,302,0,1145,0
Precinct,Provisional,16,5,0,21,0
Locality,Powhatan County,3017,8443,6,11466,0
Precinct,101 - Subletts,310,987,0,1297,0
Precinct,102 - Manakin,271,728,0,999,0
Precinct,103 - Flat Rock,149,530,0,679,0
Precinct,201 - Powhatan Station,191,764,0,955,0
Precinct,202 - Graceland,273,912,2,1187,0
Precinct,301 - Bethesda,259,695,1,955,0
Precinct,302 - Lee's Landing,230,634,0,864,0
Precinct,401 - Powhatan Courthouse,332,1211,2,1545,0
Precinct,402 - Mt Zion,144,424,0,568,0
Precinct,501 - Smith Cross Roads,355,520,1,876,0
Precinct,502 - Pineville,211,313,0,524,0
Precinct,503 - Tobaccoville,92,298,0,390,0
Precinct,Ab - Central Absentee Precinct,200,427,0,627,0
Precinct,Provisional,0,0,0,0,0
Locality,Prince Edward County,2831,2767,11,5609,0
Precinct,101 - Farmville,347,311,2,660,0
Precinct,201 - Lockett,390,461,2,853,0
Precinct,301 - Leigh,254,238,2,494,0
Precinct,302 - Mt Pleasant,166,108,0,274,0
Precinct,401 - Hampden,277,290,0,567,0
Precinct,501 - Darlington Hts,142,255,1,398,0
Precinct,502 - Buffalo Hts,94,155,0,249,0
Precinct,601 - Prospect,426,358,1,785,0
Precinct,701 - West End,358,316,2,676,0
Precinct,801 - Center,228,83,0,311,0
Precinct,Ab - Central Absentee Precinct,149,191,1,341,0
Precinct,Provisional,0,1,0,1,0
Locality,Prince George County,4099,6128,10,10237,0
Precinct,101 - Richard Bland (CD 4),236,456,1,693,0
Precinct,102 - Templeton (CD 4),411,1260,1,1672,0
Precinct,103 - Union Branch (CD 4),461,611,1,1073,0
Precinct,104 - Rives (CD 4),393,292,0,685,0
Precinct,105 - Harrison (CD 4),85,303,0,388,0
Precinct,201 - Bland (CD 4),529,976,0,1505,0
Precinct,202 - Black Water (CD 4),347,692,1,1040,0
Precinct,203 - Brandon (CD 4),141,308,0,449,0
Precinct,204 - Courts Bldg (CD 4),682,644,2,1328,0
Precinct,205 - Jefferson Park (CD 4),513,230,1,744,0
Precinct,Ab - Central Absentee Precinct (CD 4),301,356,3,660,0
Precinct,Provisional (CD 4),0,0,0,0,0
Locality,Prince William County,73909,48172,166,122247,0
Precinct,101 - Brentsville (CD 1),301,794,7,1102,0
Precinct,102 - Cedar Point (CD 1),972,880,4,1856,0
Precinct,103 - Glenkirk (CD 1),623,679,1,1303,0
Precinct,104 - Nokesville (CD 1),511,771,2,1284,0
Precinct,105 - Limestone (CD 1),923,857,3,1783,0
Precinct,106 - Westgate (CD 1),571,218,0,789,0
Precinct,107 - Marsteller (CD 1),1098,854,3,1955,0
Precinct,108 - Victory (CD 1),1066,767,1,1834,0
Precinct,109 - Piney Branch (CD 1),811,526,2,1339,0
Precinct,110 - Buckland Mills (CD 10),407,333,0,740,0
Precinct,110 - Buckland Mills (CD 1),170,205,1,376,0
Precinct,111 - Bristow Run (CD 1),1066,972,3,2041,0
Precinct,112 - Burke-nickens (CD 10),762,650,1,1413,0
Precinct,112 - Burke-nickens (CD 1),22,33,0,55,0
Precinct,201 - Saunders (CD 11),799,295,1,1095,0
Precinct,202 - Marshall (CD 1),687,876,1,1564,0
Precinct,203 - Bennett (CD 1),753,744,1,1498,0
Precinct,204 - Ellis (CD 1),594,432,0,1026,0
Precinct,205 - Buckhall (CD 10),658,720,2,1380,0
Precinct,206 - Coles (CD 1),519,628,4,1151,0
Precinct,207 - Spriggs (CD 1),1093,675,0,1768,0
Precinct,208 - Hylton (CD 1),438,627,0,1065,0
Precinct,209 - Independent Hill (CD 1),353,648,0,1001,0
Precinct,210 - Penn (CD 11),74,35,0,109,0
Precinct,210 - Penn (CD 1),557,710,0,1267,0
Precinct,211 - Signal Hill (CD 10),555,575,3,1133,0
Precinct,212 - Yorkshire (CD 10),913,543,2,1458,0
Precinct,213 - Saratoga (CD 1),566,252,3,821,0
Precinct,214 - Lucasville (CD 1),317,552,2,871,0
Precinct,215 - Rosa Parks (CD 11),760,323,1,1084,0
Precinct,301 - Dumfries (CD 11),601,215,0,816,0
Precinct,302 - Potomac (CD 11),1297,231,0,1528,0
Precinct,303 - Graham Park (CD 11),476,169,0,645,0
Precinct,304 - Quantico (CD 1),66,65,0,131,0
Precinct,305 - Pattie (CD 1),739,560,6,1305,0
Precinct,306 - Washington-reid (CD 1),833,643,0,1476,0
Precinct,307 - Henderson (CD 1),663,564,5,1232,0
Precinct,308 - Montclair (CD 1),457,394,0,851,0
Precinct,309 - Ashland (CD 1),544,474,0,1018,0
Precinct,310 - Forest Park (CD 1),754,332,3,1089,0
Precinct,311 - Swans Creek (CD 11),1247,393,2,1642,0
Precinct,312 - Triangle (CD 1),175,56,2,233,0
Precinct,312 - Triangle (CD 11),719,318,1,1038,0
Precinct,313 - Cardinal (CD 1),610,285,1,896,0
Precinct,314 - Cabin Branch (CD 1),643,371,1,1015,0
Precinct,401 - Evergreen (CD 10),576,821,1,1398,0
Precinct,402 - Battlefield (CD 10),570,856,2,1428,0
Precinct,403 - Bull Run (CD 10),567,455,0,1022,0
Precinct,404 - Ben Lomond (CD 1),719,288,0,1007,0
Precinct,405 - Stonewall (CD 1),915,414,1,1330,0
Precinct,406 - Alvey (CD 10),367,440,3,810,0
Precinct,407 - Heritage Hunt (CD 10),887,1117,2,2006,0
Precinct,408 - Sudley (CD 1),420,413,2,835,0
Precinct,409 - Tyler (CD 10),759,530,3,1292,0
Precinct,410 - Mountain View (CD 10),708,801,2,1511,0
Precinct,411 - Mullen (CD 1),730,224,0,954,0
Precinct,412 - Catharpin (CD 10),351,552,1,904,0
Precinct,413 - Reagan (CD 10),743,840,5,1588,0
Precinct,501 - Lake Ridge (CD 1),781,458,2,1241,0
Precinct,502 - Occoquan (CD 11),531,284,1,816,0
Precinct,503 - Old Bridge (CD 11),707,265,4,976,0
Precinct,504 - Rockledge (CD 11),610,418,1,1029,0
Precinct,505 - Mohican (CD 1),832,525,1,1358,0
Precinct,506 - Bethel (CD 11),1008,576,1,1585,0
Precinct,507 - Chinn (CD 11),698,411,0,1109,0
Precinct,508 - Springwoods (CD 1),599,260,1,860,0
Precinct,509 - Mc Coart (CD 1),744,800,3,1547,0
Precinct,510 - Yates Ford (CD 10),422,532,1,955,0
Precinct,511 - Westridge (CD 1),829,510,2,1341,0
Precinct,512 - York (CD 11),961,215,4,1180,0
Precinct,513 - Lynnwood (CD 11),721,594,4,1319,0
Precinct,514 - Antietam (CD 11),964,531,1,1496,0
Precinct,601 - Dale (CD 11),706,165,0,871,0
Precinct,602 - Beville (CD 11),1260,430,2,1692,0
Precinct,603 - Hampton (CD 11),631,144,1,776,0
Precinct,604 - Gideon (CD 11),658,226,1,885,0
Precinct,605 - Minnieville (CD 11),723,337,2,1062,0
Precinct,606 - Bel Air (CD 11),677,325,4,1006,0
Precinct,607 - Kerrydale (CD 11),878,323,4,1205,0
Precinct,608 - Enterprise (CD 11),802,287,1,1090,0
Precinct,609 - King (CD 1),6,0,0,6,0
Precinct,609 - King (CD 11),1052,410,5,1467,0
Precinct,610 - Fitzgerald (CD 11),887,304,1,1192,0
Precinct,611 - Neabsco (CD 11),648,198,0,846,0
Precinct,701 - Belmont (CD 11),772,422,2,1196,0
Precinct,702 - Library (CD 11),844,252,1,1097,0
Precinct,703 - Lynn (CD 11),454,113,1,568,0
Precinct,704 - Porter (CD 11),862,154,0,1016,0
Precinct,705 - Potomac View (CD 11),439,260,2,701,0
Precinct,706 - Rippon (CD 11),876,383,0,1259,0
Precinct,707 - Kilby (CD 11),586,213,2,801,0
Precinct,708 - River Oaks (CD 11),1027,196,1,1224,0
Precinct,709 - Freedom (CD 11),1031,193,2,1226,0
Precinct,710 - Powells Creek (CD 11),835,136,2,973,0
Precinct,711 - Grayson (CD 11),864,244,1,1109,0
Precinct,712 - Leesylvania (CD 11),878,419,0,1297,0
Precinct,Ab - Central Absentee Precinct (CD 1),3013,2503,2,5518,0
Precinct,Ab - Central Absentee Precinct (CD 10),1657,1620,2,3279,0
Precinct,Ab - Central Absentee Precinct (CD 11),3308,1492,10,4810,0
Precinct,Provisional (CD 1),19,26,0,45,0
Precinct,Provisional (CD 10),9,7,0,16,0
Precinct,Provisional (CD 11),25,16,0,41,0
Locality,Pulaski County,3590,8042,15,11647,0
Precinct,101 - Belspring,163,299,2,464,0
Precinct,102 - New River,579,772,2,1353,0
Precinct,103 - West Cloyd,211,546,0,757,0
Precinct,201 - Draper,230,629,0,859,0
Precinct,202 - South Pulaski,54,115,0,169,0
Precinct,203 - Newbern,425,872,1,1298,0
Precinct,301 - Dublin,332,909,1,1242,0
Precinct,302 - Hiwassee,49,206,0,255,0
Precinct,304 - Snowville,174,513,0,687,0
Precinct,401 - Massie,489,1154,4,1647,0
Precinct,402 - Walker,115,471,1,587,0
Precinct,501 - Robinson,570,1151,3,1724,0
Precinct,Ab - Central Absentee Precinct,198,398,1,597,0
Precinct,Provisional,1,7,0,8,0
Locality,Radford City,2142,1747,8,3897,0
Precinct,1 - East Precinct,842,477,2,1321,0
Precinct,2 - Central Precinct,625,543,1,1169,0
Precinct,3 - West Precinct,529,647,5,1181,0
Precinct,Ab - Central Absentee Precinct,144,80,0,224,0
Precinct,Provisional,2,0,0,2,0
Locality,Rappahannock County,1498,1762,4,3264,0
Precinct,101 - Washington,311,336,1,648,0
Precinct,201 - Amissville,210,381,0,591,0
Precinct,301 - Sperryville,324,287,1,612,0
Precinct,401 - Scrabble,248,293,1,542,0
Precinct,501 - Chester Gap,73,175,0,248,0
Precinct,502 - Flint Hill,178,172,1,351,0
Precinct,Ab - Central Absentee Precinct,151,116,0,267,0
Precinct,Provisional,3,2,0,5,0
Locality,Richmond City,57170,13518,76,70764,0
Precinct,101 - One Hundred One (CD 4),813,640,2,1455,0
Precinct,102 - One Hundred Two (CD 4),381,413,1,795,0
Precinct,104 - One Hundred Four (CD 4),606,654,1,1261,0
Precinct,105 - One Hundred Five (CD 4),697,430,0,1127,0
Precinct,106 - One Hundred Six (CD 4),427,889,1,1317,0
Precinct,111 - One Hundred Eleven (CD 4),674,382,1,1057,0
Precinct,112 - One Hundred Twelve (CD 4),598,325,1,924,0
Precinct,113 - One Hundred Thirteen (CD 4),1105,247,2,1354,0
Precinct,114 - One Hundred Fourteen (CD 4),1284,345,4,1633,0
Precinct,203 - Two Hundred Three (CD 4),1269,334,1,1604,0
Precinct,204 - Two Hundred Four (CD 4),1087,300,0,1387,0
Precinct,206 - Two Hundred Six (CD 4),662,115,0,777,0
Precinct,207 - Two Hundred Seven (CD 4),1154,341,4,1499,0
Precinct,208 - Two Hundred Eight (CD 4),1021,267,0,1288,0
Precinct,213 - Two Hundred Thirteen (CD 4),1445,69,1,1515,0
Precinct,214 - Two Hundred Fourteen (CD 4),1360,115,2,1477,0
Precinct,301 - Three Hundred One (CD 4),475,30,0,505,0
Precinct,302 - Three Hundred Two (CD 4),676,97,1,774,0
Precinct,303 - Three Hundred Three (CD 4),565,32,1,598,0
Precinct,304 - Three Hundred Four (CD 4),805,32,0,837,0
Precinct,305 - Three Hundred Five (CD 4),801,75,1,877,0
Precinct,306 - Three Hundred Six (CD 4),643,48,2,693,0
Precinct,307 - Three Hundred Seven (CD 4),851,209,0,1060,0
Precinct,308 - Three Hundred Eight (CD 4),897,230,2,1129,0
Precinct,309 - Three Hundred Nine (CD 4),523,254,2,779,0
Precinct,310 - Three Hundred Ten (CD 4),202,7,1,210,0
Precinct,402 - Four Hundred Two (CD 4),1370,510,0,1880,0
Precinct,404 - Four Hundred Four (CD 4),1133,314,3,1450,0
Precinct,409 - Four Hundred Nine (CD 4),1287,879,1,2167,0
Precinct,410 - Four Hundred Ten (CD 4),757,349,0,1106,0
Precinct,412 - Four Hundred Twelve (CD 4),723,230,0,953,0
Precinct,413 - Four Hundred Thirteen (CD 4),836,396,3,1235,0
Precinct,414 - Four Hundred Fourteen (CD 4),809,518,0,1327,0
Precinct,501 - Five Hundred One (CD 4),1290,194,1,1485,0
Precinct,503 - Five Hundred Three (CD 4),1245,126,1,1372,0
Precinct,504 - Five Hundred Four (CD 4),1473,181,1,1655,0
Precinct,505 - Five Hundred Five (CD 4),634,81,0,715,0
Precinct,508 - Five Hundred Eight (CD 4),648,121,2,771,0
Precinct,509 - Five Hundred Nine (CD 4),725,60,0,785,0
Precinct,510 - Five Hundred Ten (CD 4),953,82,2,1037,0
Precinct,602 - Six Hundred Two (CD 4),403,13,0,416,0
Precinct,603 - Six Hundred Three (CD 4),715,40,0,755,0
Precinct,604 - Six Hundred Four (CD 4),504,35,3,542,0
Precinct,606 - Six Hundred Six (CD 4),867,30,0,897,0
Precinct,607 - Six Hundred Seven (CD 4),907,156,1,1064,0
Precinct,609 - Six Hundred Nine (CD 4),977,86,0,1063,0
Precinct,610 - Six Hundred Ten (CD 4),487,21,1,509,0
Precinct,701 - Seven Hundred One (CD 4),474,18,1,493,0
Precinct,702 - Seven Hundred Two (CD 4),595,42,1,638,0
Precinct,703 - Seven Hundred Three (CD 4),743,62,1,806,0
Precinct,705 - Seven Hundred Five (CD 4),739,96,1,836,0
Precinct,706 - Seven Hundred Six (CD 4),1091,99,0,1190,0
Precinct,707 - Seven Hundred Seven (CD 4),1637,250,5,1892,0
Precinct,708 - Seven Hundred Eight (CD 4),1062,180,5,1247,0
Precinct,802 - Eight Hundred Two (CD 4),568,29,0,597,0
Precinct,806 - Eight Hundred Six (CD 4),748,76,1,825,0
Precinct,810 - Eight Hundred Ten (CD 4),608,61,1,670,0
Precinct,811 - Eight Hundred Eleven (CD 4),622,59,0,681,0
Precinct,812 - Eight Hundred Twelve (CD 4),1091,134,1,1226,0
Precinct,814 - Eight Hundred Fourteen (CD 4),608,46,1,655,0
Precinct,902 - Nine Hundred Two (CD 4),310,29,1,340,0
Precinct,903 - Nine Hundred Three (CD 4),741,90,0,831,0
Precinct,908 - Nine Hundred Eight (CD 4),742,63,0,805,0
Precinct,909 - Nine Hundred Nine (CD 4),924,95,1,1020,0
Precinct,910 - Nine Hundred Ten (CD 4),691,88,1,780,0
Precinct,911 - Nine Hundred Eleven (CD 4),798,33,2,833,0
Precinct,AB - Central Absentee Precinct (CD 4),2571,659,3,3233,0
Precinct,Provisional (CD 4),43,7,0,50,0
Locality,Richmond County,856,1503,0,2359,0
Precinct,101 - Precinct 1-1,285,173,0,458,0
Precinct,201 - Precinct 2-1,127,311,0,438,0
Precinct,301 - Precinct 3-1,140,287,0,427,0
Precinct,401 - Precinct 4-1,142,318,0,460,0
Precinct,501 - Precinct 5-1,121,347,0,468,0
Precinct,Ab - Central Absentee Precinct,41,67,0,108,0
Precinct,Provisional,0,0,0,0,0
Locality,Roanoke City,14934,9169,18,24121,0
Precinct,1 -Peters Creek,896,169,0,1065,0
Precinct,2 - Grandview,753,347,1,1101,0
Precinct,3 -Preston Park,463,594,0,1057,0
Precinct,4 - Williamson Road,548,421,0,969,0
Precinct,5 - East Gate,380,580,2,962,0
Precinct,6 - Hollins Road,447,373,1,821,0
Precinct,7 - Southeast,310,353,2,665,0
Precinct,8 - Lincoln Terrace,655,46,0,701,0
Precinct,9 - Highland,701,218,0,919,0
Precinct,10 - Old Southwest-Wasena,835,364,3,1202,0
Precinct,11 - Raleigh Court,944,569,2,1515,0
Precinct,12 - South Roanoke,651,686,0,1337,0
Precinct,13 - Garden City,384,654,1,1039,0
Precinct,14 - Crystal Spring,759,670,0,1429,0
Precinct,15 - Grandin Court,759,586,0,1345,0
Precinct,16 - Deyerle,771,808,2,1581,0
Precinct,17 - Lee-Hi,716,447,2,1165,0
Precinct,18 - Virginia Heights-Norwich,874,280,1,1155,0
Precinct,18 - Summit Hills,637,415,0,1052,0
Precinct,19 - Forest Park,466,59,0,525,0
Precinct,20 - Eureka Park,1176,89,0,1265,0
Precinct,AB - Central Absentee Precinct,791,429,1,1221,0
Precinct,Provisional,18,12,0,30,0
Locality,Roanoke County,12182,20904,53,33139,0
Precinct,101 - Catawba (CD 9),101,287,0,388,0
Precinct,102 - Mason Valley (CD 9),86,267,1,354,0
Precinct,103 - Glenvar (CD 9),282,632,0,914,0
Precinct,104 - Northside (CD 9),351,407,0,758,0
Precinct,105 - Peters Creek (CD 9),584,937,1,1522,0
Precinct,106 - Green Hill (CD 9),497,986,1,1484,0
Precinct,107 - Bennett Springs (CD 9),117,368,0,485,0
Precinct,108 - Wildwood (CD 9),232,481,0,713,0
Precinct,201 - Plantation (CD 6),299,543,3,845,0
Precinct,202 - Burlington (CD 6),257,318,0,575,0
Precinct,203 - Mountain View (CD 6),498,972,17,1487,0
Precinct,204 - Botetourt Springs (CD 9),502,718,3,1223,0
Precinct,205 - Orchards (CD 6),520,1156,1,1677,0
Precinct,206 - Hollins (CD 6),203,278,5,486,0
Precinct,301 - Bent Mountain (CD 9),133,242,1,376,0
Precinct,302 - Poages Mill (CD 6),550,1145,2,1697,0
Precinct,303 - Windsor Hills (CD 6),317,519,3,839,0
Precinct,304 - Oak Grove (CD 6),693,1070,1,1764,0
Precinct,305 - Castle Rock (CD 6),756,1084,2,1842,0
Precinct,306 - Garst Mill (CD 6),338,429,0,767,0
Precinct,402 - Bonsack (CD 6),98,245,2,345,0
Precinct,403 - North Vinton (CD 6),280,574,0,854,0
Precinct,404 - South Vinton (CD 6),384,627,1,1012,0
Precinct,405 - Lindenwood (CD 6),591,1211,0,1802,0
Precinct,406 - Mount Pleasant (CD 6),361,839,0,1200,0
Precinct,501 - Cotton Hill (CD 6),363,582,0,945,0
Precinct,502 - Penn Forest (CD 6),328,460,1,789,0
Precinct,503 - Cave Spring (CD 6),415,635,0,1050,0
Precinct,504 - Ogden (CD 6),348,362,1,711,0
Precinct,505 - Clearbrook (CD 6),225,467,0,692,0
Precinct,506 - Mount Vernon (CD 6),345,393,2,740,0
Precinct,507 - Hunting Hills (CD 6),583,844,2,1429,0
Precinct,Ab - Central Absentee Precinct (CD 6),536,819,3,1358,0
Precinct,Ab - Central Absentee Precinct (CD 9),0,0,0,0,0
Precinct,Provisional (CD 6),7,5,0,12,0
Precinct,Provisional (CD 9),2,2,0,4,0
Locality,Rockbridge County,2907,4946,6,7859,0
Precinct,101 - Airport,317,416,2,735,0
Precinct,102 - Ben Salem,182,331,1,514,0
Precinct,103 - Plank Road,78,191,0,269,0
Precinct,104 - Effinger,100,211,0,311,0
Precinct,201 - Collierstown,194,275,1,470,0
Precinct,202 - Highland Belle,370,540,0,910,0
Precinct,203 - Vo-tech,131,113,0,244,0
Precinct,301 - Maury River,159,258,0,417,0
Precinct,302 - Natural Bridge,121,257,0,378,0
Precinct,303 - Falling Spring,60,165,0,225,0
Precinct,401 - Fairfield,146,339,0,485,0
Precinct,402 - Mountain View,196,446,1,643,0
Precinct,403 - Vesuvius,48,156,0,204,0
Precinct,501 - Goshen,33,171,0,204,0
Precinct,502 - Meadowview,196,252,0,448,0
Precinct,503 - Rockbridge Baths,129,191,1,321,0
Precinct,504 - Rockbridge,213,369,0,582,0
Precinct,Ab - Central Absentee Precinct,230,260,0,490,0
Precinct,Provisional,4,5,0,9,0
Locality,Rockingham County,6943,18138,17,25098,0
Precinct,101 - Broadway,325,841,1,1167,0
Precinct,102 - Timberville,146,406,1,553,0
Precinct,103 - Fulks Run,99,538,0,637,0
Precinct,104 - Bergton,40,214,0,254,0
Precinct,105 - Lacey Spring,93,436,0,529,0
Precinct,106 - Tenth Legion,84,379,0,463,0
Precinct,107 - Plains,118,439,1,558,0
Precinct,108 - Little North Mountain,78,280,1,359,0
Precinct,201 - Singers Glen,177,603,0,780,0
Precinct,202 - Edom,393,839,2,1234,0
Precinct,203 - Dayton,191,410,0,601,0
Precinct,204 - Mt Clinton,206,679,1,886,0
Precinct,205 - Silver Lake,336,833,0,1169,0
Precinct,301 - Keezletown,133,430,0,563,0
Precinct,302 - Port Republic,226,656,0,882,0
Precinct,303 - Melrose,126,395,0,521,0
Precinct,304 - Grottoes,169,563,0,732,0
Precinct,305 - Massanetta Springs,482,634,0,1116,0
Precinct,306 - Cross Keys,87,251,0,338,0
Precinct,307 - Crossroads,575,908,0,1483,0
Precinct,401 - Bridgewater,664,1129,1,1794,0
Precinct,402 - Montezuma,182,704,2,888,0
Precinct,403 - Mt Crawford,42,96,0,138,0
Precinct,404 - North River,226,572,1,799,0
Precinct,405 - Ottobine,134,763,0,897,0
Precinct,501 - Elkton,209,607,1,817,0
Precinct,502 - Swift Run,191,987,1,1179,0
Precinct,503 - Mcgaheysville,279,802,1,1082,0
Precinct,504 - South Fork,87,425,0,512,0
Precinct,505 - Stony Run,392,615,2,1009,0
Precinct,Ab - Central Absentee Precinct,450,696,1,1147,0
Precinct,Provisional,3,8,0,11,0
Locality,Russell County,1483,5160,7,6650,0
Precinct,101 - Moccasin,69,399,0,468,0
Precinct,102 - Copper Creek,83,289,0,372,0
Precinct,103 - South Castlewood,70,211,1,282,0
Precinct,201 - North Castlewood,169,597,0,766,0
Precinct,202 - Dante,29,111,0,140,0
Precinct,301 - Cooks Mill,32,109,0,141,0
Precinct,302 - Daugherty,52,192,0,244,0
Precinct,303 - New Garden,90,311,0,401,0
Precinct,304 - Cleveland,70,178,0,248,0
Precinct,401 - Drill,23,41,1,65,0
Precinct,402 - Swords Creek,83,494,1,578,0
Precinct,403 - Honaker,69,168,2,239,0
Precinct,501 - West Lebanon,237,813,1,1051,0
Precinct,601 - East Lebanon,106,464,1,571,0
Precinct,602 - Elk Garden,128,532,0,660,0
Precinct,Ab - Central Absentee Precinct,173,251,0,424,0
Precinct,Provisional,0,0,0,0,0
Locality,Salem City,3061,5058,6,8125,0
Precinct,1 - North Salem No 2,472,591,2,1065,0
Precinct,2 - Conehurst,164,253,1,418,0
Precinct,3 - Beverly Heights,162,406,0,568,0
Precinct,4 - West Salem,279,549,2,830,0
Precinct,5 - North Salem No 1,447,562,1,1010,0
Precinct,6 - South Salem No 1,210,276,0,486,0
Precinct,7 - South Salem No 2,269,453,0,722,0
Precinct,8 - East Salem,93,182,0,275,0
Precinct,9 - South Side Hills,325,750,0,1075,0
Precinct,10 - Hidden Valley,450,710,0,1160,0
Precinct,Ab - Central Absentee Precinct,190,326,0,516,0
Precinct,Provisional,0,0,0,0,0
Locality,Scott County,1096,4972,9,6077,0
Precinct,101 - Weber City,78,325,1,404,0
Precinct,102 - Yuma,99,416,0,515,0
Precinct,202 - Weber City East,50,284,0,334,0
Precinct,203 - Hiltons,97,448,0,545,0
Precinct,204 - Clark's,23,121,0,144,0
Precinct,301 - Nickelsville,44,326,1,371,0
Precinct,302 - Snowflake,48,257,0,305,0
Precinct,303 - Twin Springs,57,218,3,278,0
Precinct,304 - Copper Creek,18,66,0,84,0
Precinct,401 - Gate City,199,837,3,1039,0
Precinct,501 - Dungannon,59,165,0,224,0
Precinct,502 - Fort Blackmore,52,177,0,229,0
Precinct,503 - Manville,22,122,0,144,0
Precinct,504 - Rye Cove,40,276,1,317,0
Precinct,601 - Clinchport,29,191,0,220,0
Precinct,602 - Duffield-pattonsville,79,401,0,480,0
Precinct,603 - Fairview,33,82,0,115,0
Precinct,Ab - Central Absentee Precinct,69,260,0,329,0
Precinct,Provisional,0,0,0,0,0
Locality,Shenandoah County,3914,9258,12,13184,0
Precinct,101 - Orkney Springs,221,423,0,644,0
Precinct,103 - New Market,402,1085,0,1487,0
Precinct,201 - Conicville,242,770,2,1014,0
Precinct,202 - Mt Jackson,250,613,1,864,0
Precinct,302 - Edinburg,253,717,0,970,0
Precinct,303 - St Luke,210,788,0,998,0
Precinct,304 - Fort Valley,148,393,1,542,0
Precinct,401 - Woodstock,696,1336,3,2035,0
Precinct,501 - Cedar Creek,37,61,0,98,0
Precinct,503 - Toms Brook,391,985,2,1378,0
Precinct,504 - Lebanon Church,235,660,3,898,0
Precinct,601 - Strasburg,567,1043,0,1610,0
Precinct,Ab - Central Absentee Precinct,260,378,0,638,0
Precinct,Provisional,2,6,0,8,0
Locality,Smyth County,1718,6149,2,7869,0
Precinct,101 - Saltville,212,772,0,984,0
Precinct,201 - Seven Mile Ford,121,594,1,716,0
Precinct,202 - Rich Valley,82,200,0,282,0
Precinct,301 - Chilhowie,166,782,0,948,0
Precinct,302 - St Clair,40,235,0,275,0
Precinct,401 - East Park,191,466,0,657,0
Precinct,402 - West Park,105,213,0,318,0
Precinct,501 - Atkins,102,587,0,689,0
Precinct,502 - Wassona,177,349,0,526,0
Precinct,601 - Royal Oak East,152,481,1,634,0
Precinct,602 - Royal Oak West,77,289,0,366,0
Precinct,701 - Adwolfe,87,612,0,699,0
Precinct,702 - Sugar Grove,110,330,0,440,0
Precinct,703 - Konnarock,10,71,0,81,0
Precinct,Ab - Central Absentee Precinct,86,166,0,252,0
Precinct,Provisional,0,2,0,2,0
Locality,Southampton County,2517,3603,4,6124,0
Precinct,101 - Berlin,86,351,1,438,0
Precinct,102 - Ivor,239,360,0,599,0
Precinct,201 - Boykins,345,242,1,588,0
Precinct,202 - Branchville,78,121,0,199,0
Precinct,301 - Capron,248,249,0,497,0
Precinct,302 - Sebrell,176,274,0,450,0
Precinct,401 - Drewryville,177,160,0,337,0
Precinct,501 - Hunterdale,234,518,1,753,0
Precinct,502 - Forks-of-the-river,154,166,0,320,0
Precinct,601 - Courtland,283,398,1,682,0
Precinct,602 - Sedley,50,218,0,268,0
Precinct,701 - Blackwater River,182,117,0,299,0
Precinct,702 - Newsoms,166,305,0,471,0
Precinct,Ab - Central Absentee Precinct,98,123,0,221,0
Precinct,Provisional,1,1,0,2,0
Locality,Spotsylvania County,15713,20869,37,36619,0
Precinct,101 - Partlow (CD 7),264,708,1,973,0
Precinct,102 - Blaydes Corner (CD 7),320,679,3,1002,0
Precinct,103 - Travelers Rest (CD 7),547,748,0,1295,0
Precinct,103 - Travelers Rest (CD 1),13,4,0,17,0
Precinct,104 - Massaponax (CD 1),562,740,2,1304,0
Precinct,201 - Wilderness School (CD 7),467,669,0,1136,0
Precinct,202 - Wilderness Fire (CD 7),431,727,2,1160,0
Precinct,203 - Ni River / Elys Ford (CD 7),382,784,1,1167,0
Precinct,204 - Chancellor (CD 7),684,703,1,1388,0
Precinct,301 - Plank Road (CD 7),576,784,2,1362,0
Precinct,302 - Hazel Run (CD 7),755,737,4,1496,0
Precinct,303 - Riverbend (CD 7),764,1185,3,1952,0
Precinct,401 - Summit (CD 1),709,762,0,1471,0
Precinct,402 - Parkside (CD 1),638,587,2,1227,0
Precinct,402 - Parkside (CD 7),134,131,0,265,0
Precinct,403 - Lee Hill (CD 1),846,983,0,1829,0
Precinct,501 - Belmont (CD 7),261,600,0,861,0
Precinct,502 - Brokenburg (CD 7),206,574,1,781,0
Precinct,503 - Post Oak (CD 7),218,649,0,867,0
Precinct,504 - Courthouse (CD 7),521,763,2,1286,0
Precinct,505 - Brock (CD 7),474,982,0,1456,0
Precinct,601 - Salem (CD 7),702,776,4,1482,0
Precinct,602 - Smith Station (CD 7),978,892,1,1871,0
Precinct,603 - Piedmont (CD 7),395,506,1,902,0
Precinct,701 - Battlefield (CD 1),597,586,1,1184,0
Precinct,702 - Brents Mill (CD 1),369,348,1,718,0
Precinct,702 - Brents Mill (CD 7),314,343,0,657,0
Precinct,703 - Fairview (CD 7),261,204,2,467,0
Precinct,703 - Fairview (CD 1),97,100,0,197,0
Precinct,704 - Gayle (CD 7),602,624,0,1226,0
Precinct,704 - Gayle (CD 1),383,404,0,787,0
Precinct,Ab - Central Absentee Precinct (CD 1),362,383,0,745,0
Precinct,Ab - Central Absentee Precinct (CD 7),875,1201,2,2078,0
Precinct,Provisional (CD 1),3,1,0,4,0
Precinct,Provisional (CD 7),3,2,1,6,0
Locality,Stafford County,18705,21684,38,40427,0
Precinct,101 - Hartwood,728,1567,2,2297,0
Precinct,102 - Rocky Run,632,724,0,1356,0
Precinct,103 - Simpson,562,805,0,1367,0
Precinct,104 - College,738,969,0,1707,0
Precinct,201 - Rock Hill,552,736,2,1290,0
Precinct,202 - Roseville,846,847,2,1695,0
Precinct,203 - Ruby,358,796,1,1155,0
Precinct,204 - Stefaniga,739,1053,1,1793,0
Precinct,301 - Griffis,637,321,0,958,0
Precinct,302 - Widewater,928,650,2,1580,0
Precinct,303 - Harbour,379,597,0,976,0
Precinct,304 - Barrett,333,258,2,593,0
Precinct,401 - Aquia,351,170,0,521,0
Precinct,402 - Courthouse,1122,658,2,1782,0
Precinct,403 - Brooke,684,1062,1,1747,0
Precinct,404 - Government Island,509,723,1,1233,0
Precinct,501 - Grafton,785,1115,1,1901,0
Precinct,502 - Falmouth,612,741,4,1357,0
Precinct,503 - Drew,534,682,2,1218,0
Precinct,504 - Gayle,740,546,2,1288,0
Precinct,601 - Ferry Farm,529,861,0,1390,0
Precinct,602 - Chatham,741,819,2,1562,0
Precinct,603 - White Oak,547,1085,2,1634,0
Precinct,604 - England Run,456,218,4,678,0
Precinct,701 - Woodlands,834,919,1,1754,0
Precinct,702 - Whitson,747,528,0,1275,0
Precinct,703 - Hampton,968,1066,2,2036,0
Precinct,Ab - Central Absentee Precinct,1091,1151,2,2244,0
Precinct,Provisional,23,17,0,40,0
Locality,Staunton City,3990,3522,11,7523,0
Precinct,101 - Ward No 1,633,632,3,1268,0
Precinct,201 - Ward Two,695,818,1,1514,0
Precinct,301 - Ward No 3,746,687,4,1437,0
Precinct,401 - Ward No 4,659,660,2,1321,0
Precinct,501 - Ward No 5,976,509,1,1486,0
Precinct,Ab - Central Absentee Precinct,277,210,0,487,0
Precinct,Provisional,4,6,0,10,0
Locality,Suffolk City,16344,11988,16,28348,0
Precinct,101 - Belleharbour (CD 3),617,248,0,865,0
Precinct,102 - Driver (CD 3),795,1302,1,2098,0
Precinct,104 - Bennetts Creek (CD 3),634,575,0,1209,0
Precinct,201 - Ebenezer (CD 3),337,733,2,1072,0
Precinct,202 - Chuckatuck (CD 3),391,610,1,1002,0
Precinct,203 - Kings Fork (CD 3),923,448,0,1371,0
Precinct,204 - Hillpoint (CD 3),678,332,1,1011,0
Precinct,301 - White Marsh (CD 4),273,113,1,387,0
Precinct,302 - John F Kennedy (CD 4),639,28,0,667,0
Precinct,302 - John F Kennedy (CD 3),465,105,1,571,0
Precinct,304 - Nansemond River (CD 3),861,435,0,1296,0
Precinct,305 - Shoulders Hill (CD 3),361,217,0,578,0
Precinct,401 - Airport (CD 4),324,379,0,703,0
Precinct,402 - Whaleyville (CD 4),223,578,0,801,0
Precinct,403 - Southside (CD 4),451,38,0,489,0
Precinct,404 - Booker T Washington (CD 4),658,45,0,703,0
Precinct,404 - Booker T Washington (CD 3),180,8,0,188,0
Precinct,405 - Pittmantown (CD 4),135,168,0,303,0
Precinct,501 - Kilbys Mill (CD 4),579,862,1,1442,0
Precinct,502 - Holland (CD 4),524,747,1,1272,0
Precinct,504 - Lake Cohoon (CD 4),333,653,0,986,0
Precinct,504 - Lake Cohoon (CD 3),126,313,1,440,0
Precinct,601 - Lakeside (CD 4),674,498,1,1173,0
Precinct,602 - Olde Towne (CD 4),4,2,0,6,0
Precinct,602 - Olde Towne (CD 3),175,104,0,279,0
Precinct,603 - Elephants Fork/westhaven (CD 4),193,200,0,393,0
Precinct,604 - Wilroy (CD 3),400,419,0,819,0
Precinct,605 - Hollywood (CD 3),438,23,0,461,0
Precinct,702 - Harbourview (CD 3),842,641,0,1483,0
Precinct,704 - Burbage Grant (CD 3),971,412,3,1386,0
Precinct,706 - Huntersville (CD 3),1136,154,2,1292,0
Precinct,AB - Central Absentee Precinct (CD 3),636,396,0,1032,0
Precinct,Ab - Central Absentee Precinct (CD 4),364,197,0,561,0
Precinct,Provisional (CD 3),2,2,0,4,0
Precinct,Provisional (CD 4),2,3,0,5,0
Locality,Surry County,1637,1307,3,2947,0
Precinct,101 - Surry,259,378,1,638,0
Precinct,201 - Bacons Castle,373,221,0,594,0
Precinct,301 - Dendron,165,165,1,331,0
Precinct,302 - Walls Bridge,155,116,0,271,0
Precinct,401 - Carsley,327,218,0,545,0
Precinct,501 - Claremont,202,179,1,382,0
Precinct,502 - Spring Grove,156,30,0,186,0
Precinct,Provisional,0,0,0,0,0
Locality,Sussex County,1797,1437,0,3234,0
Precinct,101 - Waverly,360,124,0,484,0
Precinct,201 - Stony Creek,279,130,0,409,0
Precinct,202 - Little Mill,58,42,0,100,0
Precinct,301 - Courthouse,146,265,0,411,0
Precinct,302 - Wakefield,22,101,0,123,0
Precinct,401 - Mars Hill,263,182,0,445,0
Precinct,402 - West Wakefield,49,14,0,63,0
Precinct,501 - Henry,230,143,0,373,0
Precinct,502 - Yale,97,65,0,162,0
Precinct,601 - Blackwater,148,209,0,357,0
Precinct,602 - Newville,83,108,0,191,0
Precinct,AB - Central Absentee Precinct,62,54,0,116,0
Precinct,Provisional,0,0,0,0,0
Locality,Tazewell County,1890,8087,17,9994,0
Precinct,101 - Abbs Valley,19,125,0,144,0
Precinct,102 - Tip Top,38,195,1,234,0
Precinct,103 - Boissevain,34,87,1,122,0
Precinct,104 - Falls Mills,35,184,0,219,0
Precinct,106 - Pocahontas,24,71,0,95,0
Precinct,107 - Amonate,8,40,0,48,0
Precinct,109 - Bishop,13,70,0,83,0
Precinct,110 - Adria,30,196,1,227,0
Precinct,111 - Gap Store,37,183,0,220,0
Precinct,112 - Bandy,18,86,0,104,0
Precinct,203 - Burkes Garden,18,72,0,90,0
Precinct,204 - Clear Fork,35,278,0,313,0
Precinct,207 - Freestone,23,88,0,111,0
Precinct,209 - Jeffersonville,350,1047,5,1402,0
Precinct,214 - Thompson Valley,57,266,0,323,0
Precinct,301 - Cedar Bluff,171,924,2,1097,0
Precinct,302 - Baptist Valley,54,164,0,218,0
Precinct,303 - Wardell,80,389,0,469,0
Precinct,305 - Pounding Mill,44,277,1,322,0
Precinct,401 - Richlands,232,966,2,1200,0
Precinct,402 - Jewell Ridge,21,110,0,131,0
Precinct,404 - Raven,60,321,1,382,0
Precinct,501 - Springville,88,546,1,635,0
Precinct,502 - Graham,250,1048,2,1300,0
Precinct,Ab - Central Absentee Precinct,150,351,0,501,0
Precinct,Provisional,1,3,0,4,0
Locality,Virginia Beach City,63787,63334,126,127247,0
Precinct,1 - North Beach,724,1111,1,1836,0
Precinct,2 - South Beach,632,589,3,1224,0
Precinct,3 - Ocean Lakes,395,492,1,888,0
Precinct,4 - Linkhorn,575,851,1,1427,0
Precinct,5 - Seatack,742,389,2,1133,0
Precinct,6 - Alanton,670,940,1,1611,0
Precinct,7 - Kingston,414,659,0,1073,0
Precinct,8 - London Bridge,708,660,0,1368,0
Precinct,9 - Trantwood,549,932,2,1483,0
Precinct,10 - Great Neck,556,1169,5,1730,0
Precinct,11 - Cape Henry,925,943,2,1870,0
Precinct,12 - Plaza,686,531,3,1220,0
Precinct,13 - Mt Trashmore,788,809,2,1599,0
Precinct,14 - Malibu,674,680,0,1354,0
Precinct,15 - Old Donation,385,404,1,790,0
Precinct,16 - Aragona,766,753,0,1519,0
Precinct,17 - Ocean Park,518,582,0,1100,0
Precinct,18 - Thoroughgood,756,957,1,1714,0
Precinct,19 - Lake Smith,326,477,1,804,0
Precinct,20 - Bayside,512,559,0,1071,0
Precinct,21 - Davis Corner,893,241,1,1135,0
Precinct,22 - Point O View,483,639,1,1123,0
Precinct,23 - Arrowhead,580,740,0,1320,0
Precinct,24 - Larkspur,511,480,1,992,0
Precinct,25 - Avalon,874,952,0,1826,0
Precinct,26 - Fairfield,617,718,1,1336,0
Precinct,27 - Edwin,693,846,2,1541,0
Precinct,28 - Thalia,505,602,0,1107,0
Precinct,29 - Holland,658,406,0,1064,0
Precinct,30 - Red Wing,460,808,1,1269,0
Precinct,31 - Sigma,753,1405,0,2158,0
Precinct,32 - Creeds,178,537,1,716,0
Precinct,33 - Capps Shop,176,619,0,795,0
Precinct,34 - Blackwater,112,327,0,439,0
Precinct,35 - Courthouse,593,1066,0,1659,0
Precinct,36 - Windsor Oaks,906,592,2,1500,0
Precinct,37 - Chesapeake Beach,483,410,2,895,0
Precinct,38 - Witchduck,749,1138,3,1890,0
Precinct,39 - Pembroke,792,712,0,1504,0
Precinct,40 - Bonney,479,471,1,951,0
Precinct,41 - College Park,1274,388,1,1663,0
Precinct,42 - Brandon,702,610,3,1315,0
Precinct,43 - Bellamy,702,407,0,1109,0
Precinct,44 - Centerville,762,808,3,1573,0
Precinct,45 - Timberlake,772,335,1,1108,0
Precinct,46 - Green Run,666,337,1,1004,0
Precinct,47 - Kings Grant,684,1133,1,1818,0
Precinct,48 - Wolfsnare,643,874,1,1518,0
Precinct,49 - Lynnhaven,609,937,0,1546,0
Precinct,50 - Oceana,476,179,0,655,0
Precinct,51 - Stratford Chase,556,661,1,1218,0
Precinct,52 - Homestead,880,897,2,1779,0
Precinct,53 - Shannon,539,646,0,1185,0
Precinct,54 - Cromwell,561,461,0,1022,0
Precinct,55 - Magic Hollow,722,333,1,1056,0
Precinct,56 - Edinburgh,307,400,1,708,0
Precinct,57 - Sherry Park,384,461,2,847,0
Precinct,58 - Glenwood,704,618,1,1323,0
Precinct,59 - Shelton Park,456,425,1,882,0
Precinct,60 - Foxfire,595,959,3,1557,0
Precinct,61 - Baker,904,124,2,1030,0
Precinct,62 - Landstown,690,797,4,1491,0
Precinct,63 - Culver,708,833,0,1541,0
Precinct,64 - Rosemont Forest,1034,824,3,1861,0
Precinct,65 - Colonial,676,572,2,1250,0
Precinct,66 - Hunt,479,738,0,1217,0
Precinct,67 - Eastern Shore,343,232,0,575,0
Precinct,68 - Manor,610,719,1,1330,0
Precinct,69 - Shell,783,310,1,1094,0
Precinct,70 - Corporate Landing,574,550,3,1127,0
Precinct,71 - Round Hill,418,300,1,719,0
Precinct,72 - Rudee,559,730,2,1291,0
Precinct,73 - Dahlia,721,320,1,1042,0
Precinct,74 - Buckner,650,312,2,964,0
Precinct,75 - Colony,664,1011,2,1677,0
Precinct,76 - Village,631,247,1,879,0
Precinct,77 - Brookwood,564,524,1,1089,0
Precinct,78 - Indian Lakes,604,511,2,1117,0
Precinct,79 - Pleasant Hall,729,276,0,1005,0
Precinct,80 - Chimney Hill,676,339,1,1016,0
Precinct,81 - Rock Lake,814,500,2,1316,0
Precinct,82 - Shelburne,474,578,2,1054,0
Precinct,83 - Strawbridge,533,777,1,1311,0
Precinct,84 - Tallwood,720,447,2,1169,0
Precinct,85 - Upton,668,852,2,1522,0
Precinct,86 - Haygood,723,766,2,1491,0
Precinct,87 - Hillcrest,580,658,1,1239,0
Precinct,88 - North Landing,466,574,3,1043,0
Precinct,89 - Lake Christopher,641,678,1,1320,0
Precinct,90 - Lake Joyce,384,487,3,874,0
Precinct,91 - Lexington,741,433,2,1176,0
Precinct,92 - Little Neck,424,651,2,1077,0
Precinct,93 - Newtown,861,159,0,1020,0
Precinct,94 - Pinewood,296,376,1,673,0
Precinct,95 - Dam Neck,337,341,0,678,0
Precinct,96 - Hilltop,465,290,2,757,0
Precinct,97 - Indian River,760,356,2,1118,0
Precinct,98 - Independence,413,257,0,670,0
Precinct,Ab - Central Absentee Precinct,3613,3730,4,7347,0
Precinct,Provisional,67,90,0,157,0
Locality,Warren County,3567,6726,12,10305,0
Precinct,101 - Fork Town,236,372,0,608,0
Precinct,102 - Otterburn,382,898,1,1281,0
Precinct,201 - Happy Creek,372,730,0,1102,0
Precinct,202 - Linden,399,675,4,1078,0
Precinct,301 - North River,312,436,1,749,0
Precinct,302 - Riverton,295,668,0,963,0
Precinct,401 - East Shenandoah,399,953,4,1356,0
Precinct,402 - Town - West Shenandoah,237,456,1,694,0
Precinct,501 - South River,443,676,1,1120,0
Precinct,502 - Bentonville,128,327,0,455,0
Precinct,504 - Browntown,140,248,0,388,0
Precinct,Ab - Central Absentee Precinct,224,284,0,508,0
Precinct,Provisional,0,3,0,3,0
Locality,Washington County,3937,12334,14,16285,0
Precinct,101 - East Abingdon,488,890,0,1378,0
Precinct,102 - West Abingdon,263,486,2,751,0
Precinct,201 - Clinchburg,86,366,0,452,0
Precinct,202 - Greendale,130,600,1,731,0
Precinct,203 - Hayters Gap,49,246,0,295,0
Precinct,204 Woodland Hills,178,598,0,776,0
Precinct,301 - Watauga,308,985,1,1294,0
Precinct,302 - South Abingdon,415,798,1,1214,0
Precinct,401 - Glade Spring,190,651,2,843,0
Precinct,402 - Meadowview,267,799,2,1068,0
Precinct,501 - Rhea Valley,241,1120,1,1362,0
Precinct,502 - Damascus,234,466,0,700,0
Precinct,504 - Green Cove,22,88,0,110,0
Precinct,601 - Burson Place,145,887,0,1032,0
Precinct,602 - Mendota,32,179,0,211,0
Precinct,603 - Valley Institute,145,640,0,785,0
Precinct,701 - High Point,145,763,2,910,0
Precinct,702 - Wallace,88,371,0,459,0
Precinct,703 - John Battle,195,842,1,1038,0
Precinct,Ab - Central Absentee Precinct,315,557,1,873,0
Precinct,Provisional,1,2,0,3,0
Locality,Waynesboro City,2615,3211,4,5830,0
Precinct,1 - Ward A,383,378,1,762,0
Precinct,2 - Ward B,770,875,0,1645,0
Precinct,3 - Ward C,508,614,1,1123,0
Precinct,4 - Ward D,845,1215,1,2061,0
Precinct,Ab - Central Absentee Precinct,109,129,1,239,0
Precinct,Provisional,0,0,0,0,0
Locality,Westmoreland County,2427,2879,4,5310,0
Precinct,101 - Precinct 1-1,394,215,1,610,0
Precinct,102 - Precinct 1-2,196,175,1,372,0
Precinct,201 - Precinct 2-1,366,378,0,744,0
Precinct,202 - Precinct 2-2,149,233,0,382,0
Precinct,301 - Precinct 3-1,249,291,0,540,0
Precinct,302 - Precinct 3-2,193,203,0,396,0
Precinct,401 - Precinct 4-1,270,606,2,878,0
Precinct,501 - Precinct 5-1,408,546,0,954,0
Precinct,Ab - Central Absentee Precinct,202,231,0,433,0
Precinct,Provisional,0,1,0,1,0
Locality,Williamsburg City,3689,1549,4,5242,0
Precinct,1 - Stryker,1665,721,1,2387,0
Precinct,2 - Matoaka,1758,660,2,2420,0
Precinct,Ab - Central Absentee Precinct,265,164,1,430,0
Precinct,Provisional,1,4,0,5,0
Locality,Winchester City,3543,3039,6,6588,0
Precinct,101 - Merrimans,851,715,1,1567,0
Precinct,102 - Old Town,574,530,1,1105,0
Precinct,201 - Virginia Avenue,604,325,1,930,0
Precinct,301 - War Memorial,517,465,1,983,0
Precinct,401 - Frederick Douglass,249,208,0,457,0
Precinct,402 - Rolling Hills,496,577,2,1075,0
Precinct,AB - Central Absentee Precinct,249,219,0,468,0
Precinct,Provisional,3,0,0,3,0
Locality,Wise County,1886,6607,9,8502,0
Precinct,101 - Appalachia,115,338,1,454,0
Precinct,102 - Dorchester,76,249,0,325,0
Precinct,103 - Guest River Voting Place,51,254,0,305,0
Precinct,104 - West Pound,195,682,2,879,0
Precinct,201 - North Coeburn,86,356,1,443,0
Precinct,202 - Wise,328,967,2,1297,0
Precinct,203 - East Pound,32,168,0,200,0
Precinct,301 - Big Stone Gap,273,737,1,1011,0
Precinct,302 - East Stone Gap,204,898,1,1103,0
Precinct,401 - Clinch Valley,172,696,0,868,0
Precinct,402 - South Coeburn,131,749,1,881,0
Precinct,403 - St Paul,81,230,0,311,0
Precinct,Ab - Central Absentee Precinct,141,282,0,423,0
Precinct,Provisional,1,1,0,2,0
Locality,Wythe County,2146,6280,11,8437,0
Precinct,101 - Royal Oak,48,270,0,318,0
Precinct,102 - Rural Retreat,241,896,0,1137,0
Precinct,203 - West Wytheville,435,867,2,1304,0
Precinct,303 - East Wytheville,507,957,0,1464,0
Precinct,401 - Fort Chiswell,139,573,2,714,0
Precinct,402 - Max Meadows,161,533,1,695,0
Precinct,501 - Jackson Memorial,94,360,1,455,0
Precinct,502 - Sheffey,116,571,2,689,0
Precinct,601 - Huddle,60,266,1,327,0
Precinct,602 - Zion,125,450,2,577,0
Precinct,603 Evergreen,97,318,0,415,0
Precinct,Ab - Central Absentee Precinct,120,218,0,338,0
Precinct,Provisional,3,1,0,4,0
Locality,York County,9700,13246,37,22983,0
Precinct,101 - Queens Lake,646,671,1,1318,0
Precinct,102 - Waller Mill,723,827,3,1553,0
Precinct,103 - Magruder,1134,607,4,1745,0
Precinct,201 - Coventry,908,1135,5,2048,0
Precinct,202 - Kiln Creek,500,577,3,1080,0
Precinct,301 - Seaford,524,1522,3,2049,0
Precinct,302 - Yorktown,613,929,1,1543,0
Precinct,303 - Edgehill,750,753,0,1503,0
Precinct,401 - Harwoods Mill,647,1290,4,1941,0
Precinct,402 - Dare,590,1270,3,1863,0
Precinct,403 - Grafton,369,569,0,938,0
Precinct,501 - Tabb,803,1358,3,2164,0
Precinct,502 - Bethel,888,1033,4,1925,0
Precinct,Ab - Central Absentee Precinct,602,695,2,1299,0
Precinct,Provisional,3,10,1,14,0
