,,Ghazala F. Hashmi,"John J. Reid, II",Write-Ins,Total Votes Cast,Total Ballots Cast
,,Democratic,Republican,,,
State,Virginia,1900104,1505395,8678,3414177,3414177
Locality,Accomack County,5658,7303,9,12970,12970
Precinct,101 - Chincoteague,597,1059,1,1657,1657
Precinct,201 - Atlantic,169,428,2,599,599
Precinct,202 - Greenbackville,322,735,1,1058,1058
Precinct,301 - New Church,580,528,0,1108,1108
Precinct,401 - Bloxom,150,343,1,494,494
Precinct,402 - Parksley,208,392,1,601,601
Precinct,403 - Saxis,42,120,0,162,162
Precinct,501 - Mappsville,281,218,0,499,499
Precinct,502 - Rue,320,134,1,455,455
Precinct,601 - Accomac,474,647,0,1121,1121
Precinct,602 - Tangier,12,125,0,137,137
Precinct,701 - Nandua,837,934,0,1771,1771
Precinct,801 - Bobtown,190,388,0,578,578
Precinct,802 - Melfa,358,310,0,668,668
Precinct,803 - Wachapreague,163,315,1,479,479
Precinct,901 - Painter,955,627,1,1583,1583
Locality,Albemarle County,37931,17477,104,55512,55512
Precinct,101 - Woodbrook,1367,616,2,1985,1985
Precinct,103 - Branchlands,493,180,2,675,675
Precinct,104 - Agnor-hurt,1098,332,5,1435,1435
Precinct,105 - Dunlora,2049,559,5,2613,2613
Precinct,106 - Northside,1197,725,5,1927,1927
Precinct,201 - Jack Jouett,1633,812,2,2447,2447
Precinct,202 - University,1622,251,5,1878,1878
Precinct,203 - Georgetown,1425,316,0,1741,1741
Precinct,301 - Ivy,2050,833,5,2888,2888
Precinct,302 - Red Hill,1373,760,2,2135,2135
Precinct,304 - East Ivy,510,264,4,778,778
Precinct,305 - Country Green,1578,552,5,2135,2135
Precinct,306 - Porters,635,400,4,1039,1039
Precinct,307 - Yellow Mountain,529,358,2,889,889
Precinct,401 - Scottsville,603,623,1,1227,1227
Precinct,402 - Monticello,490,507,4,1001,1001
Precinct,405 - Mountain View,2338,599,3,2940,2940
Precinct,406 - Stone Robinson,1385,1098,2,2485,2485
Precinct,407 - Biscuit Run,963,245,2,1210,1210
Precinct,501 - Keswick,600,412,0,1012,1012
Precinct,502 - Stony Point,667,503,3,1173,1173
Precinct,503 - Hollymead,1542,622,1,2165,2165
Precinct,504 - Free Bridge,1177,368,2,1547,1547
Precinct,506 - Baker-butler,2188,1098,5,3291,3291
Precinct,507 - Pantops,1135,432,1,1568,1568
Precinct,601 - Crozet,1743,926,8,2677,2677
Precinct,602 - Free Union,558,438,3,999,999
Precinct,603 - Earlysville,1406,1004,5,2415,2415
Precinct,604 - Brownsville,1538,791,7,2336,2336
Precinct,606 - Mechums River,2039,853,9,2901,2901
Locality,Alexandria City,50422,11785,203,62410,62410
Precinct,101 - Old Town North,1815,543,7,2365,2365
Precinct,102 - City Hall,1397,666,10,2073,2073
Precinct,103 - Lyles Crouch School,1767,617,7,2391,2391
Precinct,104 - Durant Center,1662,431,5,2098,2098
Precinct,105 - Lee Center,1463,359,7,1829,1829
Precinct,106 - Cora Kelly,2142,319,8,2469,2469
Precinct,107 - Mt Vernon Recreation Center,2809,436,10,3255,3255
Precinct,108 - George Washington Middle Sch,2583,492,7,3082,3082
Precinct,109 - Fire Department Headquarters,1410,414,7,1831,1831
Precinct,110 - Charles Houston Center,2267,402,13,2682,2682
Precinct,111 - Potomac Yard,995,229,1,1225,1225
Precinct,201 - Naomi L. Brooks School,1642,350,9,2001,2001
Precinct,202 - Trinity,1570,564,4,2138,2138
Precinct,203 - Charles Barrett Center,1551,372,9,1932,1932
Precinct,204 - Blessed Sacrament Church,1692,491,9,2192,2192
Precinct,205 - Douglas Macarthur School,1944,552,10,2506,2506
Precinct,206 - Alexandria City High School,1525,431,6,1962,1962
Precinct,207 - BETH EL HEBREW CONGREGATION,1957,535,10,2502,2502
Precinct,208 - Nova Arts Center,1308,249,2,1559,1559
Precinct,209 - James K Polk School,1830,393,5,2228,2228
Precinct,210 - F.t. Day School,966,208,1,1175,1175
Precinct,211 - Alex Renew,1774,358,5,2137,2137
Precinct,212 - The View Alexandria,874,183,1,1058,1058
Precinct,302 - Patrick Henry Rec Center,1358,205,6,1569,1569
Precinct,303 - Charles E Beatley Library,1307,217,5,1529,1529
Precinct,304 - Tucker School,1424,247,1,1672,1672
Precinct,305 - John Adams School,1064,146,7,1217,1217
Precinct,306 - William Ramsay School,1125,225,4,1354,1354
Precinct,307 - Tucker West,1456,322,9,1787,1787
Precinct,308 - Cameron Station Community Ctr,2009,552,12,2573,2573
Precinct,309 - Olympus Condo,968,136,4,1108,1108
Precinct,310 - Del Pepper Center,768,141,2,911,911
Locality,Alleghany County,1664,4079,8,5751,5751
Precinct,101 - Arritt,125,437,1,563,563
Precinct,103 - Dameron,44,173,0,217,217
Precinct,201 - Humpback Bridge,90,266,0,356,356
Precinct,202 - Dolly Ann,133,368,0,501,501
Precinct,301 - Callaghan,56,329,1,386,386
Precinct,302 - Griffith,113,361,1,475,475
Precinct,401 - Low Moor,112,303,1,416,416
Precinct,402 - Jackson Heights,130,412,0,542,542
Precinct,501 - Iron Gate,68,128,0,196,196
Precinct,502 - Peters Switch,150,541,1,692,692
Precinct,601 - District 1,294,433,1,728,728
Precinct,701 - District 2,349,328,2,679,679
Locality,Amelia County,1712,4584,18,6314,6314
Precinct,101 - Number 1,284,787,5,1076,1076
Precinct,201 - Number 2,402,911,2,1315,1315
Precinct,301 - Number 3,301,979,3,1283,1283
Precinct,401 - Number 4,337,992,6,1335,1335
Precinct,501 - Number 5,388,915,2,1305,1305
Locality,Amherst County,4121,8905,31,13057,13057
Precinct,101 - Wright Shop,425,408,1,834,834
Precinct,102 - New Glasgow,362,844,1,1207,1207
Precinct,103 - Coolwell,107,410,1,518,518
Precinct,201 - Court House,685,1217,6,1908,1908
Precinct,202 - Temperance,159,613,1,773,773
Precinct,301 - Monroe,216,509,5,730,730
Precinct,302 - Elon,463,1516,7,1986,1986
Precinct,303 - Pleasant View,114,381,0,495,495
Precinct,401 - Amelon,590,1259,2,1851,1851
Precinct,402 - Lonco,175,402,0,577,577
Precinct,501 - Madison,825,1346,7,2178,2178
Locality,Appomattox County,1679,5612,30,7321,7321
Precinct,101 - Vera,106,444,1,551,551
Precinct,102 - Pamplin,235,716,7,958,958
Precinct,201 - Chap,99,211,3,313,313
Precinct,202 - Spout Spring,191,985,3,1179,1179
Precinct,301 - Us 460,130,623,4,757,757
Precinct,302 - Stonewall,193,689,2,884,884
Precinct,401 - Courthouse,343,904,3,1250,1250
Precinct,501 - Oakville,382,1040,7,1429,1429
Locality,Arlington County,80694,18305,232,99231,99231
Precinct,101 - Precinct 101,1126,220,4,1350,1350
Precinct,102 - Precinct 102,1758,325,8,2091,2091
Precinct,103 - Precinct 103,986,334,3,1323,1323
Precinct,104 - Precinct 104,1926,365,6,2297,2297
Precinct,105 - Precinct 105,1588,304,2,1894,1894
Precinct,106 - Precinct 106,1358,335,5,1698,1698
Precinct,107 - Precinct 107,1701,402,12,2115,2115
Precinct,108 - Precinct 108,1694,466,5,2165,2165
Precinct,109 - Precinct 109,1899,388,7,2294,2294
Precinct,110 - Precinct 110,2060,468,6,2534,2534
Precinct,111 - Precinct 111,1195,361,4,1560,1560
Precinct,112 - Precinct 112,1579,374,14,1967,1967
Precinct,113 - Precinct 113,1050,272,1,1323,1323
Precinct,114 - Precinct 114,1311,264,1,1576,1576
Precinct,115 - Precinct 115,896,194,1,1091,1091
Precinct,116 - Precinct 116,1925,400,2,2327,2327
Precinct,117 - Precinct 117,1940,409,6,2355,2355
Precinct,118 - Precinct 118,2814,565,5,3384,3384
Precinct,119 - Precinct 119,2149,506,1,2656,2656
Precinct,120 - Precinct 120,1591,518,6,2115,2115
Precinct,121 - Precinct 121,800,231,1,1032,1032
Precinct,122 - Precinct 122,1724,332,5,2061,2061
Precinct,123 - Precinct 123,1639,354,0,1993,1993
Precinct,124 - Precinct 124,2202,453,4,2659,2659
Precinct,125 - Precinct 125,1544,329,6,1879,1879
Precinct,126 - Precinct 126,1633,290,6,1929,1929
Precinct,127 - Precinct 127,1743,379,5,2127,2127
Precinct,128 - Precinct 128,1844,326,3,2173,2173
Precinct,129 - Precinct 129,1793,374,7,2174,2174
Precinct,130 - Precinct 130,1473,261,3,1737,1737
Precinct,131 - Precinct 131,1736,399,6,2141,2141
Precinct,132 - Precinct 132,586,190,4,780,780
Precinct,133 - Precinct 133,1622,588,6,2216,2216
Precinct,134 - Precinct 134,1503,396,8,1907,1907
Precinct,135 - Precinct 135,1635,689,3,2327,2327
Precinct,136 - Precinct 136,1729,455,4,2188,2188
Precinct,137 - Precinct 137,1562,411,6,1979,1979
Precinct,138 - Precinct 138,1196,231,6,1433,1433
Precinct,139 - Precinct 139,1008,196,3,1207,1207
Precinct,140 - Precinct 140,2182,460,5,2647,2647
Precinct,141 - Precinct 141,1745,361,2,2108,2108
Precinct,142 - Precinct 142,1269,202,4,1475,1475
Precinct,143 - Precinct 143,1040,156,4,1200,1200
Precinct,144 - Precinct 144,1092,227,6,1325,1325
Precinct,145 - Precinct 145,1266,237,2,1505,1505
Precinct,146 - Precinct 146,1878,419,6,2303,2303
Precinct,147 - Precinct 147,1185,189,2,1376,1376
Precinct,148 - Precinct 148,1242,332,5,1579,1579
Precinct,149 - Precinct 149,1174,240,3,1417,1417
Precinct,150 - Precinct 150,1474,333,0,1807,1807
Precinct,151 - Precinct 151,467,79,0,546,546
Precinct,152 - Precinct 152,1008,215,2,1225,1225
Precinct,153 - Precinct 153,1407,356,4,1767,1767
Precinct,154 - Precinct 154,747,145,2,894,894
Locality,Augusta County,9177,24721,117,34015,34015
Precinct,101 - Jolivue,355,632,1,988,988
Precinct,102 - Stuarts Draft Elementary,171,319,1,491,491
Precinct,103 - Verona,367,885,1,1253,1253
Precinct,104 - Wilson,489,778,3,1270,1270
Precinct,201 - Crimora,410,1427,6,1843,1843
Precinct,202 - New Hope,232,797,4,1033,1033
Precinct,203 - Weyers Cave,504,1216,8,1728,1728
Precinct,301 - Fort Defiance,375,946,5,1326,1326
Precinct,302 - North River,226,821,5,1052,1052
Precinct,303 - Mount Solon,153,771,5,929,929
Precinct,304 - Rolla,517,1155,4,1676,1676
Precinct,401 - Buffalo Gap,240,868,2,1110,1110
Precinct,402 - Churchville Elementary,325,1086,7,1418,1418
Precinct,403 - Craigsville,89,581,5,675,675
Precinct,404 - Deerfield,66,253,3,322,322
Precinct,405 - Cedar Green,413,938,1,1352,1352
Precinct,501 - Greenville,340,1179,8,1527,1527
Precinct,502 - Middlebrook,153,461,5,619,619
Precinct,503 - Spottswood,156,683,6,845,845
Precinct,504 - White Hill,452,1508,4,1964,1964
Precinct,601 - Sherando,271,882,0,1153,1153
Precinct,602 - Ridgeview,375,1284,7,1666,1666
Precinct,603 - Lyndhurst,291,673,6,970,970
Precinct,604 - Mount Vernon,391,966,2,1359,1359
Precinct,801 - Dooms,324,918,4,1246,1246
Precinct,802 - Fishersville,897,1523,7,2427,2427
Precinct,803 - Ladd,237,484,3,724,724
Precinct,804 - Goose Creek,358,687,4,1049,1049
Locality,Bath County,448,1451,2,1901,1901
Precinct,101 - Warm Springs,105,224,0,329,329
Precinct,102 - Mountain Grove,9,45,1,55,55
Precinct,201 - Hot Springs,92,234,0,326,326
Precinct,301 - Fairview,51,267,0,318,318
Precinct,302 - Burnsville,11,55,0,66,66
Precinct,401 - Millboro,78,341,0,419,419
Precinct,501 - Healing Springs,102,285,1,388,388
Locality,Bedford County,9484,29469,115,39068,39068
Precinct,101 - Goodview Elem School,360,1195,3,1558,1558
Precinct,102 - Hardy Vol Fire Co,156,518,3,677,677
Precinct,103 - Chamblissburg Baptist Church,259,863,2,1124,1124
Precinct,104 - Barnhardt Baptist Church,193,678,1,872,872
Precinct,105 - Diamond Hill Baptist Church,167,655,0,822,822
Precinct,201 - Bedford Christian Church,123,408,0,531,531
Precinct,202 - Staunton River High School,186,792,3,981,981
Precinct,203 - Eastlake Community Church,423,1223,2,1648,1648
Precinct,204 - Huddleston Elementary School,158,801,1,960,960
Precinct,205 - Saunders Vol Fire Co,395,1118,1,1514,1514
Precinct,301 - New London Academy,383,1531,12,1926,1926
Precinct,302 - Bedford County Gym,335,1063,7,1405,1405
Precinct,303 - Forest Alliance Church,193,677,3,873,873
Precinct,304 - 1 In Christ Church,176,516,4,696,696
Precinct,305 - Forest Fire Station #2,233,852,0,1085,1085
Precinct,401 - Forest Elementary School,540,1578,8,2126,2126
Precinct,402 - Thomas Jefferson Elem School,427,1253,1,1681,1681
Precinct,403 - Pleasant View Baptist Church,458,1127,2,1587,1587
Precinct,404 - Forest Recreation Center,172,417,0,589,589
Precinct,501 - Big Island Elementary School,190,776,5,971,971
Precinct,502 - Suck Spring Baptist Church,182,639,1,822,822
Precinct,503 - Boonsboro Elementary School,571,1106,2,1679,1679
Precinct,504 - Boonsboro Ruritan Club,639,2028,13,2680,2680
Precinct,601 - Montvale Elem School,249,855,5,1109,1109
Precinct,602 - Shady Grove Fire Department,254,1028,7,1289,1289
Precinct,603 - Bedford Moose Lodge,170,584,7,761,761
Precinct,604 - Bedford Elementary School,483,987,3,1473,1473
Precinct,701 - Goode Vol Rescue Squad,378,1526,7,1911,1911
Precinct,702 - Liberty High School,225,763,2,990,990
Precinct,703 - Thaxton Baptist Church,176,673,3,852,852
Precinct,704 - Church Of God,534,956,5,1495,1495
Precinct,705 - Mountain View Church,96,283,2,381,381
Locality,Bland County,400,1985,7,2392,2392
Precinct,101 - Bastian,30,234,0,264,264
Precinct,102 - Ceres,67,261,1,329,329
Precinct,201 - Davis,21,71,0,92,92
Precinct,202 - Seddon,109,439,2,550,550
Precinct,301 - Hollybrook,41,287,2,330,330
Precinct,302 - Mechanicsburg,30,183,1,214,214
Precinct,401 - Rocky Gap,102,510,1,613,613
Locality,Botetourt County,4663,12003,48,16714,16714
Precinct,101 - Daleville,766,1508,6,2280,2280
Precinct,102 - Greenfield,493,1224,7,1724,1724
Precinct,201 - Blue Ridge,425,1226,4,1655,1655
Precinct,202 - Rainbow Forest,457,1212,1,1670,1670
Precinct,301 - Buchanan,306,1080,5,1391,1391
Precinct,302 - Mill Creek,384,1186,4,1574,1574
Precinct,403 - Eagle Rock,232,782,1,1015,1015
Precinct,406 - Fincastle,627,1628,9,2264,2264
Precinct,501 - Troutville,268,673,0,941,941
Precinct,502 - Cloverdale,705,1484,11,2200,2200
Locality,Bristol City,1575,3130,22,4727,4727
Precinct,001 - 1st,300,576,6,882,882
Precinct,002 - 2nd,493,719,2,1214,1214
Precinct,003 - 3rd,303,373,5,681,681
Precinct,004 - 4th,338,911,6,1255,1255
Precinct,005 - 5th,141,551,3,695,695
Locality,Brunswick County,3230,2670,9,5909,5909
Precinct,101 - Brodnax,131,119,2,252,252
Precinct,102 - Rock Store,177,271,4,452,452
Precinct,103 - Tillman,215,389,0,604,604
Precinct,201 - Dromgoole,96,102,0,198,198
Precinct,202 - Edgerton,376,155,0,531,531
Precinct,203 - Fitzhugh,284,196,0,480,480
Precinct,301 - Alberta,59,43,0,102,102
Precinct,302 - Danieltown,234,353,0,587,587
Precinct,303 - Elmore,142,157,1,300,300
Precinct,304 - Seymour,112,144,1,257,257
Precinct,401 - Sturgeon,487,372,0,859,859
Precinct,402 - King's Store,197,97,0,294,294
Precinct,501 - Totaro,720,272,1,993,993
Locality,Buchanan County,908,4373,25,5306,5306
Precinct,102 - Blackey,19,180,0,199,199
Precinct,103 - Hurley,56,403,2,461,461
Precinct,201 - Grassy,17,63,0,80,80
Precinct,202 - Bull,52,277,2,331,331
Precinct,203 - Rocklick,55,294,0,349,349
Precinct,301 - Slate,63,350,1,414,414
Precinct,302 - North Grundy,70,288,2,360,360
Precinct,403 - South Grundy,77,331,5,413,413
Precinct,404 - Oakwood,7,45,0,52,52
Precinct,405 - Grundy,42,204,1,247,247
Precinct,501 - Prater,61,267,0,328,328
Precinct,502 - Fox,33,69,0,102,102
Precinct,503 - Vansant,82,307,0,389,389
Precinct,601 - Council,45,201,0,246,246
Precinct,602 - Garden,51,299,2,352,352
Precinct,603 - Hurricane,54,152,0,206,206
Precinct,701 - Whitewood,69,344,3,416,416
Precinct,702 - Contrary,55,299,7,361,361
Locality,Buckingham County,2328,3670,7,6005,6005
Precinct,101 - New Canton,368,506,0,874,874
Precinct,201 - White Hall,307,528,1,836,836
Precinct,301 - Curdsville,188,392,2,582,582
Precinct,302 - New Store,102,248,0,350,350
Precinct,401 - Maysville,335,567,2,904,904
Precinct,501 - Wrights,71,210,0,281,281
Precinct,502 - Glenmore,287,295,1,583,583
Precinct,601 - Slate River,191,323,0,514,514
Precinct,602 - Georgia Creek,233,211,0,444,444
Precinct,701 - Gold Hill,246,390,1,637,637
Locality,Buena Vista City,633,1429,2,2064,2064
Precinct,001 - 1st Ward,331,859,1,1191,1191
Precinct,002 - 2nd Ward,302,570,1,873,873
Locality,Campbell County,5805,16975,105,22885,22885
Precinct,101 - Brookville,470,1296,4,1770,1770
Precinct,102 - New London,394,1297,9,1700,1700
Precinct,201 - Walker,446,1045,6,1497,1497
Precinct,202 - Bedford Springs,408,1331,6,1745,1745
Precinct,301 - Evington,180,629,2,811,811
Precinct,302 - Otter River,264,878,7,1149,1149
Precinct,303 - Altavista,459,695,4,1158,1158
Precinct,401 - 3 Forks,254,1110,5,1369,1369
Precinct,402 - Court House,525,1840,12,2377,2377
Precinct,501 - Spring Hill,432,1365,10,1807,1807
Precinct,502 - Yellow Branch,340,877,8,1225,1225
Precinct,601 - Kings,360,923,10,1293,1293
Precinct,602 - Concord,455,1428,6,1889,1889
Precinct,701 - Brookneal,113,171,0,284,284
Precinct,702 - Gladys,525,1466,14,2005,2005
Precinct,703 - Morris Church,180,624,2,806,806
Locality,Caroline County,6517,6814,32,13363,13363
Precinct,101 - Bowling Green,555,942,2,1499,1499
Precinct,102 - Sparta,306,598,8,912,912
Precinct,201 - North Madison,565,342,1,908,908
Precinct,202 - South Madison,909,856,2,1767,1767
Precinct,301 - Port Royal,243,335,1,579,579
Precinct,302 - Woodford,451,636,2,1089,1089
Precinct,303 - Wrights Chapel,80,138,1,219,219
Precinct,401 - Dawn,968,740,7,1715,1715
Precinct,402 - Carmel Church,298,250,0,548,548
Precinct,501 - West Mattaponi,632,417,3,1052,1052
Precinct,502 - Milford,429,535,0,964,964
Precinct,601 - Chilesburg,646,562,1,1209,1209
Precinct,602 - Lake,435,463,4,902,902
Locality,Carroll County,2274,8963,24,11261,11261
Precinct,101 - Mt Bethel,82,315,0,397,397
Precinct,102 - St Paul,108,515,0,623,623
Precinct,103 - Lambsburg,55,293,1,349,349
Precinct,105 - Fancy Gap,149,531,6,686,686
Precinct,201 - Hillsville B,338,949,1,1288,1288
Precinct,202 - Laurel Fork,121,392,0,513,513
Precinct,203 - Gladesboro,154,525,0,679,679
Precinct,301 - Hillsville C,291,1101,5,1397,1397
Precinct,302 - Sylvatus,92,440,0,532,532
Precinct,303 - Dugspur,60,239,0,299,299
Precinct,401 - Oakland,205,802,4,1011,1011
Precinct,402 - Woodlawn D,214,937,3,1154,1154
Precinct,501 - Vaughan,53,291,1,345,345
Precinct,502 - Gladeville,166,797,2,965,965
Precinct,503 - Woodlawn E,85,411,0,496,496
Precinct,504 - Laurel,101,425,1,527,527
Locality,Charles City County,1935,1527,5,3467,3467
Precinct,101 - Precinct 1-1,596,577,1,1174,1174
Precinct,201 - Precinct 2-1,641,449,3,1093,1093
Precinct,301 - Precinct 3-1,698,501,1,1200,1200
Locality,Charlotte County,1457,3223,10,4690,4690
Precinct,101 - County Seat,252,507,1,760,760
Precinct,201 - Red Oak Wylliesburg,222,477,1,700,700
Precinct,302 - Drakes Branch,188,392,2,582,582
Precinct,401 - Keysville,203,430,1,634,634
Precinct,501 - Cullen/Red House,195,432,3,630,630
Precinct,602 - Phenix,178,579,1,758,758
Precinct,702 - Bacon/Saxe,219,406,1,626,626
Locality,Charlottesville City,16337,2357,39,18733,18733
Precinct,101 - Key Recreation,2489,326,7,2822,2822
Precinct,102 - Summit,2078,266,4,2348,2348
Precinct,201 - Carver,1489,149,1,1639,1639
Precinct,202 - Trailblazer,1366,213,2,1581,1581
Precinct,301 - Jackson-Via,1925,297,3,2225,2225
Precinct,302 - Johnson,1772,238,4,2014,2014
Precinct,303 - Buford,1457,137,6,1600,1600
Precinct,401 - Charlottesville High School,2289,434,8,2731,2731
Precinct,402 - Walker,1472,297,4,1773,1773
Locality,Chesapeake City,51857,43709,206,95772,95772
Precinct,001 - Great Bridge,684,942,3,1629,1629
Precinct,002 - Bethel,412,1255,2,1669,1669
Precinct,003 - Camelot,1124,126,1,1251,1251
Precinct,004 - Churchland,696,973,12,1681,1681
Precinct,005 - Crestwood,1151,184,2,1337,1337
Precinct,006 - Deep Creek,877,610,6,1493,1493
Precinct,007 - Greenbrier,750,856,1,1607,1607
Precinct,008 - South Norfolk Recreation,973,660,3,1636,1636
Precinct,009 - Bells Mill,856,1491,7,2354,2354
Precinct,010 - Oscar Smith,421,309,3,733,733
Precinct,011 - Geneva Park,472,486,4,962,962
Precinct,012 - Georgetown,1163,172,2,1337,1337
Precinct,013 - Gilmerton,704,659,2,1365,1365
Precinct,014 - Grassfield,1256,1377,9,2642,2642
Precinct,015 - Greenbrier Middle School,1188,579,3,1770,1770
Precinct,016 - Hickory Grove,556,1280,1,1837,1837
Precinct,017 - Indian Creek,367,977,5,1349,1349
Precinct,018 - Indian River,800,382,4,1186,1186
Precinct,019 - Jolliff,474,695,4,1173,1173
Precinct,020 - E W Chittum,973,997,3,1973,1973
Precinct,021 - Fellowship,1024,820,7,1851,1851
Precinct,022 - Norfolk Highlands,428,471,1,900,900
Precinct,023 - Oak Grove,1035,714,3,1752,1752
Precinct,024 - Oaklette,727,480,5,1212,1212
Precinct,025 - St Julians,860,334,3,1197,1197
Precinct,026 - Johnson Park,401,187,6,594,594
Precinct,027 - Silverwood,867,710,2,1579,1579
Precinct,028 - Sunray I,131,188,0,319,319
Precinct,029 - Tanglewood,530,704,1,1235,1235
Precinct,030 - South Norfolk,568,40,0,608,608
Precinct,031 - Carver School,1126,225,5,1356,1356
Precinct,032 - Providence,1475,142,6,1623,1623
Precinct,033 - Westover,344,450,1,795,795
Precinct,034 - Hickory Middle School,776,1510,7,2293,2293
Precinct,035 - Taylor Road,733,266,2,1001,1001
Precinct,036 - Great Bridge Baptist Church,638,967,0,1605,1605
Precinct,037 - Bridgetown,885,1123,2,2010,2010
Precinct,038 - Bailey Creek,552,965,1,1518,1518
Precinct,039 - Lake Drummond,643,632,4,1279,1279
Precinct,041 - John T West,1559,1166,3,2728,2728
Precinct,042 - Parkways,999,484,2,1485,1485
Precinct,043 - Pleasant Crossing,529,1073,5,1607,1607
Precinct,044 - Nansemond,1014,513,3,1530,1530
Precinct,045 - Sunray Ii,219,180,3,402,402
Precinct,046 - Bells Mill Ii,773,798,0,1571,1571
Precinct,048 - Jolliff Middle School,1719,207,8,1934,1934
Precinct,049 - Waterway,1061,791,3,1855,1855
Precinct,050 - River Walk,1021,634,2,1657,1657
Precinct,051 - Coopers Way,1072,1668,4,2744,2744
Precinct,052 - Shipyard Road,1010,599,2,1611,1611
Precinct,053 - Fairways,953,713,1,1667,1667
Precinct,054 - Pughsville,1084,407,4,1495,1495
Precinct,055 - Georgetown East,899,231,1,1131,1131
Precinct,056 - Green Tree,842,519,1,1362,1362
Precinct,057 - Cypress,926,471,1,1398,1398
Precinct,058 - Expressway,411,165,2,578,578
Precinct,059 - Clearfield,897,706,2,1605,1605
Precinct,060 - Parker Road,727,1074,1,1802,1802
Precinct,061 - Centerville,771,1439,7,2217,2217
Precinct,062 - Fentress,637,1058,3,1698,1698
Precinct,063 - Poplar Branch,395,830,1,1226,1226
Precinct,064 - Deep Creek Ii,1171,797,4,1972,1972
Precinct,065 - Waterway Ii,973,971,8,1952,1952
Precinct,066 - Fairways Ii,555,277,2,834,834
Locality,Chesterfield County,97220,72700,330,170250,170250
Precinct,101 - Bellwood,731,467,2,1200,1200
Precinct,102 - South Chester,1052,893,3,1948,1948
Precinct,103 - Enon,1711,1546,7,3264,3264
Precinct,104 - North Chester,1294,1239,8,2541,2541
Precinct,105 - Drewrys Bluff,827,354,2,1183,1183
Precinct,106 - Harrowgate,1781,1129,5,2915,2915
Precinct,108 - Ecoff,1813,1885,4,3702,3702
Precinct,109 - Elizabeth Scott,1927,1418,6,3351,3351
Precinct,110 - Dutch Gap,785,675,1,1461,1461
Precinct,111 - Iron Bridge,917,1048,7,1972,1972
Precinct,112 - Carver,1064,741,1,1806,1806
Precinct,113 - Iron Bridge North,1315,783,6,2104,2104
Precinct,115 - Cresthill,1314,882,9,2205,2205
Precinct,201 - Gates,249,361,2,612,612
Precinct,202 - Beulah,1818,680,6,2504,2504
Precinct,203 - Bird,1327,619,2,1948,1948
Precinct,205 - Falling Creek,1462,461,3,1926,1926
Precinct,207 - Chippenham,2057,477,3,2537,2537
Precinct,208 - Meadowbrook,1649,450,4,2103,2103
Precinct,209 - Salem Church,1230,859,1,2090,2090
Precinct,210 - Five Forks,2345,871,11,3227,3227
Precinct,211 - Nash,1652,2013,5,3670,3670
Precinct,213 - Southside,1024,231,7,1262,1262
Precinct,218 - New Manchester,697,416,2,1115,1115
Precinct,219 - Gates East,555,379,2,936,936
Precinct,220 - Falling Creek East,159,61,0,220,220
Precinct,221 - Oxbridge,1605,1098,7,2710,2710
Precinct,222 - Turner,1285,285,2,1572,1572
Precinct,301 - Ettrick,1901,480,10,2391,2391
Precinct,303 - Matoaca,1363,1362,7,2732,2732
Precinct,304 - Winfrees Store,652,1223,4,1879,1879
Precinct,305 - Beach,247,657,2,906,906
Precinct,306 - Winterpock,820,1973,5,2798,2798
Precinct,307 - Cosby,1352,1052,5,2409,2409
Precinct,309 - Skinquarter,1232,1248,4,2484,2484
Precinct,313 - Woolridge South,1245,1142,4,2391,2391
Precinct,314 - Longhouse,501,981,7,1489,1489
Precinct,315 - Bailey Bridge,1088,1577,4,2669,2669
Precinct,316 - Spring Run,1192,985,5,2182,2182
Precinct,319 - Magnolia,2356,2444,7,4807,4807
Precinct,320 - Dry Creek,2128,1858,8,3994,3994
Precinct,321 - Claypoint,932,717,3,1652,1652
Precinct,322 - Hensley,1711,1549,6,3266,3266
Precinct,401 - Harbour Pointe,880,695,6,1581,1581
Precinct,402 - Genito,1214,851,6,2071,2071
Precinct,403 - Brandermill,1510,1062,3,2575,2575
Precinct,404 - Providence,1343,745,7,2095,2095
Precinct,405 - La Prade,1307,994,3,2304,2304
Precinct,408 - Reams,855,376,1,1232,1232
Precinct,410 - Wagstaff,298,159,0,457,457
Precinct,411 - Swift Creek,1254,982,3,2239,2239
Precinct,412 - Clover Hill,1502,1195,6,2703,2703
Precinct,413 - Shenandoah,1164,687,8,1859,1859
Precinct,414 - Crenshaw,1834,1437,3,3274,3274
Precinct,415 - Evergreen,1388,1067,4,2459,2459
Precinct,418 - Woolridge North,873,764,5,1642,1642
Precinct,419 - North Courthouse,940,505,1,1446,1446
Precinct,420 - New Tomahawk,1257,1077,5,2339,2339
Precinct,421 - Lucks Lane,1842,1575,5,3422,3422
Precinct,422 - Otterdale,2052,1374,4,3430,3430
Precinct,503 - Midlothian,1581,1372,6,2959,2959
Precinct,504 - Robious,2009,1759,3,3771,3771
Precinct,505 - Bon Air,1589,839,2,2430,2430
Precinct,506 - Greenfield,1441,753,3,2197,2197
Precinct,507 - Salisbury,1500,1674,3,3177,3177
Precinct,508 - Belgrade,1441,1011,5,2457,2457
Precinct,509 - Cranbeck,935,472,3,1410,1410
Precinct,510 - Sycamore,566,554,2,1122,1122
Precinct,511 - Black Heath,831,762,5,1598,1598
Precinct,513 - Beaufont,792,215,1,1008,1008
Precinct,514 - Watkins,1472,1401,6,2879,2879
Precinct,515 - Davis,1391,295,4,1690,1690
Precinct,516 - Pocoshock North,509,189,2,700,700
Precinct,517 - Roseland,1020,1103,4,2127,2127
Precinct,518 - Midlothian North,1451,1459,6,2916,2916
Precinct,519 - Buford,179,54,0,233,233
Precinct,520 - Walton Park,832,660,2,1494,1494
Precinct,521 - Rockaway,1803,1014,4,2821,2821
Locality,Clarke County,3250,4326,22,7598,7598
Precinct,101 - Russell,558,1042,4,1604,1604
Precinct,201 - Berryville,716,713,5,1434,1434
Precinct,301 - Millwood,544,678,5,1227,1227
Precinct,302 - Pine Grove,225,293,1,519,519
Precinct,401 - White Post,624,813,5,1442,1442
Precinct,501 - Buckmarsh,402,559,2,963,963
Precinct,502 - Blue Ridge,181,228,0,409,409
Locality,Colonial Heights City,2354,4173,14,6541,6541
Precinct,001 - 1st,350,522,4,876,876
Precinct,002 - 2nd,419,615,1,1035,1035
Precinct,003 - 3rd,519,778,0,1297,1297
Precinct,004 - 4th,585,1032,5,1622,1622
Precinct,005 - 5th,481,1226,4,1711,1711
Locality,Covington City,628,1028,1,1657,1657
Precinct,101 - Precinct 1-1,106,175,0,281,281
Precinct,201 - Precinct 2-1,144,169,1,314,314
Precinct,301 - Precinct 3-1,138,102,0,240,240
Precinct,401 - Precinct 4-1,132,294,0,426,426
Precinct,501 - Precinct 5-1,108,288,0,396,396
Locality,Craig County,441,1802,8,2251,2251
Precinct,101 - Court House,68,328,4,400,400
Precinct,201 - Ammendale,79,398,0,477,477
Precinct,301 - Givens & Reynolds Store,89,214,0,303,303
Precinct,303 - Marshalls Store,53,160,1,214,214
Precinct,401 - Barbours Creek,47,151,0,198,198
Precinct,402 - Paint Bank,12,25,0,37,37
Precinct,403 - Craig Springs,44,185,1,230,230
Precinct,501 - Craig City,49,341,2,392,392
Locality,Culpeper County,8633,13011,38,21682,21682
Precinct,101 - West Fairfax,1360,1144,6,2510,2510
Precinct,201 - East Fairfax,1257,757,3,2017,2017
Precinct,302 - Eggbornsville,349,832,2,1183,1183
Precinct,303 - Cardova,370,727,6,1103,1103
Precinct,304 - Willow Shade,340,344,0,684,684
Precinct,401 - Eldorado,455,925,1,1381,1381
Precinct,402 - Browns Store,911,1465,0,2376,2376
Precinct,501 - Jeffersonton,754,1367,8,2129,2129
Precinct,502 - Rixeyville,541,1341,5,1887,1887
Precinct,601 - Mitchells,81,188,0,269,269
Precinct,602 - Pearl Sample,780,1192,0,1972,1972
Precinct,603 - South Ridge,258,270,0,528,528
Precinct,702 - Brandy Station,822,1444,6,2272,2272
Precinct,703 - Lignum,229,599,1,829,829
Precinct,704 - Richardsville,126,416,0,542,542
Locality,Cumberland County,1728,2652,10,4390,4390
Precinct,101 - Precinct 1,322,644,1,967,967
Precinct,201 - Precinct 2,304,604,3,911,911
Precinct,301 - Precinct 3,440,417,1,858,858
Precinct,401 - Precinct 4,300,579,2,881,881
Precinct,501 - Precinct 5,362,408,3,773,773
Locality,Danville City,7320,4795,32,12147,12147
Precinct,001 - Ward 1,282,62,4,348,348
Precinct,002 - Ward 2,272,131,0,403,403
Precinct,003 - Ward 3,508,232,4,744,744
Precinct,004 - Ward 4,751,616,3,1370,1370
Precinct,006 - Ward 6,293,82,0,375,375
Precinct,007 - Ward 7,448,91,4,543,543
Precinct,008 - Ward 8,405,163,0,568,568
Precinct,009 - Ward 9,307,259,2,568,568
Precinct,010 - Ward 10,458,320,3,781,781
Precinct,011 - Ward 11,730,354,3,1087,1087
Precinct,012 - Ward 12,768,391,1,1160,1160
Precinct,013 - Ward 13,664,317,3,984,984
Precinct,014 - Ward 14,116,9,1,126,126
Precinct,015 - Ward 15,473,424,3,900,900
Precinct,016 - Ward 16,469,647,0,1116,1116
Precinct,017 - Ward 17,376,697,1,1074,1074
Locality,Dickenson County,997,3432,9,4438,4438
Precinct,101 - South Clintwood,242,702,3,947,947
Precinct,201 - Nora,51,238,1,290,290
Precinct,202 - Frying Pan,23,99,0,122,122
Precinct,203 - Clinchco,88,290,1,379,379
Precinct,301 - West Dante,21,135,0,156,156
Precinct,302 - Herald,28,258,1,287,287
Precinct,303 - Ridge,42,247,0,289,289
Precinct,304 - Longs Fork,34,200,1,235,235
Precinct,401 - Haysi-colley,220,522,0,742,742
Precinct,501 - Tarpon,57,120,1,178,178
Precinct,502 - North Clintwood,191,621,1,813,813
Locality,Dinwiddie County,4810,7184,36,12030,12030
Precinct,101 - White Oak,108,382,0,490,490
Precinct,102 - Rocky Run,212,625,1,838,838
Precinct,103 - Church Road,207,1036,3,1246,1246
Precinct,201 - Rohoic,378,236,5,619,619
Precinct,202 - Sutherland,674,1034,8,1716,1716
Precinct,301 - Reams,152,361,1,514,514
Precinct,302 - New Hope,299,572,6,877,877
Precinct,303 - Little Zion,562,727,3,1292,1292
Precinct,401 - Dinwiddie,486,822,2,1310,1310
Precinct,402 - Mckenney,256,465,1,722,722
Precinct,403 - Cherry Hill,203,272,0,475,475
Precinct,501 - Edgehill,368,120,0,488,488
Precinct,502 - Chesdin,905,532,6,1443,1443
Locality,Emporia City,1080,571,3,1654,1654
Precinct,101 - Precinct 1-1,207,97,0,304,304
Precinct,201 - Precinct 2-1,153,26,0,179,179
Precinct,301 - Precinct 3-1,152,133,0,285,285
Precinct,401 - Precinct 4-1,155,103,0,258,258
Precinct,501 - Precinct 5-1,164,6,1,171,171
Precinct,601 - District 6,139,173,2,314,314
Precinct,701 - District 7,110,33,0,143,143
Locality,Essex County,2241,2597,6,4844,4844
Precinct,101 - Greater Tappahannock,551,498,2,1051,1051
Precinct,201 - North,661,549,2,1212,1212
Precinct,301 - South,468,848,2,1318,1318
Precinct,401 - Central,561,702,0,1263,1263
Locality,Fairfax City,7249,3087,29,10365,10365
Precinct,1 - One,1046,421,4,1471,1471
Precinct,2 - Two,1360,607,4,1971,1971
Precinct,3 - Three,1551,672,5,2228,2228
Precinct,4 - Four,1204,517,11,1732,1732
Precinct,5 - Five,1047,443,3,1493,1493
Precinct,6 - Six,1041,427,2,1470,1470
Locality,Fairfax County,318496,125470,1217,445183,445183
Precinct,104 - Chapel,1165,532,3,1700,1700
Precinct,105 - Fairview,2219,906,8,3133,3133
Precinct,106 - Heritage,1279,465,4,1748,1748
Precinct,108 - Kings Park,1462,631,3,2096,2096
Precinct,109 - Little Run,715,316,1,1032,1032
Precinct,110 - North Springfield,1744,756,12,2512,2512
Precinct,113 - Canterbury,1874,698,9,2581,2581
Precinct,114 - Olde Creek,1036,486,4,1526,1526
Precinct,115 - Ravensworth,770,366,3,1139,1139
Precinct,116 - Wakefield,1196,433,3,1632,1632
Precinct,117 - Woodson #1,807,382,3,1192,1192
Precinct,118 - Lake Braddock,1884,651,10,2545,2545
Precinct,119 - Laurel,1896,777,8,2681,2681
Precinct,120 - Sideburn #1,460,256,2,718,718
Precinct,121 - Villa,970,429,5,1404,1404
Precinct,123 - Robinson,2246,863,12,3121,3121
Precinct,125 - Signal Hill,1554,649,4,2207,2207
Precinct,126 - Bonnie Brae,1143,413,4,1560,1560
Precinct,127 - Burke Centre,2032,755,2,2789,2789
Precinct,128 - Cardinal,1027,432,4,1463,1463
Precinct,129 - Keene Mill,859,350,4,1213,1213
Precinct,130 - Terra Centre,1122,463,4,1589,1589
Precinct,131 - Eagle View #1,701,227,1,929,929
Precinct,132 - Monument,1885,552,11,2448,2448
Precinct,134 - University,887,86,1,974,974
Precinct,135 - Irving,1316,539,6,1861,1861
Precinct,136 - Woodson #2,471,230,5,706,706
Precinct,137 - Sideburn #2,965,513,5,1483,1483
Precinct,138 - Eagle View #2,816,447,2,1265,1265
Precinct,201 - Armstrong,1994,526,10,2530,2530
Precinct,202 - Flint Hill #1,684,342,4,1030,1030
Precinct,203 - Floris,1759,813,4,2576,2576
Precinct,204 - Madison,431,136,3,570,570
Precinct,208 - Reston #1,2087,468,5,2560,2560
Precinct,209 - Reston #2,2075,516,6,2597,2597
Precinct,213 - Vienna #1,1984,787,10,2781,2781
Precinct,214 - Vienna #2,1632,659,3,2294,2294
Precinct,216 - Vienna #4,759,257,4,1020,1020
Precinct,218 - Vienna #6,1224,406,4,1634,1634
Precinct,219 - Westbriar #1,781,339,1,1121,1121
Precinct,220 - Dogwood,2028,589,9,2626,2626
Precinct,221 - Hunters Woods,1556,488,11,2055,2055
Precinct,222 - Reston #3,1252,241,4,1497,1497
Precinct,223 - Glade,2025,480,2,2507,2507
Precinct,224 - South Lakes,2467,539,5,3011,3011
Precinct,225 - Hughes,1933,430,7,2370,2370
Precinct,226 - Wolftrap,1659,755,10,2424,2424
Precinct,227 - Sunrise Valley #1,1129,358,4,1491,1491
Precinct,229 - Fox Mill #1,1958,854,7,2819,2819
Precinct,233 - North Point,1142,565,9,1716,1716
Precinct,234 - Aldrin,1570,441,3,2014,2014
Precinct,235 - Frying Pan,1360,441,6,1807,1807
Precinct,236 - Stuart,709,243,1,953,953
Precinct,237 - Mcnair,1838,419,9,2266,2266
Precinct,238 - Cameron Glen,2034,736,3,2773,2773
Precinct,240 - Colvin,1028,551,1,1580,1580
Precinct,241 - Flint Hill #2,730,311,4,1045,1045
Precinct,242 - Westbriar #2,802,373,5,1180,1180
Precinct,243 - Sunrise Valley #2,467,224,2,693,693
Precinct,244 - Fox Mill #2,234,134,0,368,368
Precinct,245 - Piney Run,426,220,1,647,647
Precinct,301 - Chain Bridge,1491,769,10,2270,2270
Precinct,302 - Chesterbrook,1298,573,3,1874,1874
Precinct,303 - Churchill,696,376,2,1074,1074
Precinct,304 - Cooper,852,539,9,1400,1400
Precinct,305 - El Nido,1142,491,5,1638,1638
Precinct,306 - Great Falls,791,543,1,1335,1335
Precinct,307 - Haycock,2072,747,2,2821,2821
Precinct,309 - Kenmore,1452,842,2,2296,2296
Precinct,310 - Kirby,1037,400,7,1444,1444
Precinct,311 - Langley,828,551,3,1382,1382
Precinct,312 - Longfellow,1272,457,5,1734,1734
Precinct,314 - Mclean,1111,564,7,1682,1682
Precinct,315 - Pimmit,1516,579,5,2100,2100
Precinct,316 - Salona,1292,537,11,1840,1840
Precinct,317 - Westhampton,473,217,2,692,692
Precinct,318 - Westmoreland,771,287,4,1062,1062
Precinct,319 - Herndon #1,1855,695,9,2559,2559
Precinct,320 - Herndon #2,1863,597,7,2467,2467
Precinct,321 - Clearview,1908,819,6,2733,2733
Precinct,322 - Forestville,1106,861,6,1973,1973
Precinct,323 - Shouse,1000,439,5,1444,1444
Precinct,324 - Herndon #3,1623,546,5,2174,2174
Precinct,325 - Hutchison,921,192,2,1115,1115
Precinct,327 - Sugarland,1571,777,6,2354,2354
Precinct,328 - Hickory,1315,828,6,2149,2149
Precinct,329 - Seneca,1279,908,3,2190,2190
Precinct,331 - Spring Hill,968,485,2,1455,1455
Precinct,332 - Coates,2426,605,11,3042,3042
Precinct,401 - Bush Hill,1710,623,4,2337,2337
Precinct,402 - Cameron,557,191,0,748,748
Precinct,403 - Forestdale,607,181,2,790,790
Precinct,404 - Edison #1,942,287,3,1232,1232
Precinct,405 - Groveton,835,212,4,1051,1051
Precinct,406 - Hayfield,1204,533,6,1743,1743
Precinct,408 - Mount Eagle,1437,260,5,1702,1702
Precinct,409 - Pioneer,1484,503,3,1990,1990
Precinct,410 - Rose Hill,2203,753,12,2968,2968
Precinct,411 - Virginia Hills,1183,347,9,1539,1539
Precinct,413 - Fairfield,1041,175,1,1217,1217
Precinct,415 - Crestwood,999,484,8,1491,1491
Precinct,417 - Garfield,1495,568,3,2066,2066
Precinct,418 - Lynbrook #1,690,291,0,981,981
Precinct,419 - Lane,1114,316,0,1430,1430
Precinct,420 - Villages,2324,673,8,3005,3005
Precinct,421 - Kingstowne,1643,501,1,2145,2145
Precinct,422 - Van Dorn,1787,517,5,2309,2309
Precinct,423 - Clermont,1374,503,4,1881,1881
Precinct,424 - Huntley,1432,449,1,1882,1882
Precinct,426 - Greenspring,1098,328,1,1427,1427
Precinct,427 - Island Creek,1421,417,8,1846,1846
Precinct,428 - Pinewood,1400,275,4,1679,1679
Precinct,429 - Hybla Valley,1302,240,3,1545,1545
Precinct,431 - West Springfield,1458,586,6,2050,2050
Precinct,432 - Edison #2,1584,400,0,1984,1984
Precinct,433 - Lynbrook #2,53,20,0,73,73
Precinct,501 - Baileys,1609,388,5,2002,2002
Precinct,502 - Barcroft,781,287,3,1071,1071
Precinct,503 - Belvedere,886,266,3,1155,1155
Precinct,504 - Bristow,928,353,0,1281,1281
Precinct,505 - Glen Forest,1184,356,5,1545,1545
Precinct,506 - Holmes,242,82,0,324,324
Precinct,507 - Lincolnia,1446,407,5,1858,1858
Precinct,508 - Masonville,982,376,5,1363,1363
Precinct,509 - Plaza,455,75,3,533,533
Precinct,510 - Parklawn,953,373,7,1333,1333
Precinct,511 - Ravenwood,891,284,3,1178,1178
Precinct,512 - Sleepy Hollow,1557,548,8,2113,2113
Precinct,513 - Saint Albans,1209,447,5,1661,1661
Precinct,514 - Crossroads,616,86,0,702,702
Precinct,515 - Westlawn,787,216,2,1005,1005
Precinct,516 - Weyanoke,1277,409,4,1690,1690
Precinct,517 - Willston,588,219,4,811,811
Precinct,518 - Columbia,972,455,3,1430,1430
Precinct,520 - Skyline,1104,176,6,1286,1286
Precinct,521 - Brook Hill,806,399,3,1208,1208
Precinct,522 - Camelot,1052,465,4,1521,1521
Precinct,523 - Poe,1203,459,4,1666,1666
Precinct,525 - Walnut Hill,1497,624,9,2130,2130
Precinct,526 - Bren Mar,1687,426,6,2119,2119
Precinct,527 - Edsall,827,371,2,1200,1200
Precinct,528 - Ridgelea,284,119,1,404,404
Precinct,530 - Tripps,748,158,4,910,910
Precinct,535 - Fort Buffalo,943,238,4,1185,1185
Precinct,536 - Woodburn,1495,551,3,2049,2049
Precinct,601 - Belle Haven,1064,576,6,1646,1646
Precinct,602 - Belleview,1037,417,6,1460,1460
Precinct,604 - Bucknell,1752,455,3,2210,2210
Precinct,605 - Fort Hunt,1164,616,3,1783,1783
Precinct,606 - Hollin Hall,1449,688,7,2144,2144
Precinct,607 - Huntington,1217,233,6,1456,1456
Precinct,608 - Kirkside,1156,321,1,1478,1478
Precinct,609 - Marlan,1093,555,3,1651,1651
Precinct,610 - Sherwood,1002,322,8,1332,1332
Precinct,611 - Stratford,1550,766,10,2326,2326
Precinct,612 - Waynewood,687,343,6,1036,1036
Precinct,613 - Westgate,1368,1057,9,2434,2434
Precinct,614 - Riverside,995,527,2,1524,1524
Precinct,615 - Woodley,1307,589,4,1900,1900
Precinct,616 - Gunston,658,642,7,1307,1307
Precinct,617 - Lorton,1601,393,6,2000,2000
Precinct,618 - Newington #1,927,459,2,1388,1388
Precinct,621 - Grosvenor,1092,278,5,1375,1375
Precinct,622 - Lorton Station,1648,403,8,2059,2059
Precinct,623 - Alban,1250,417,4,1671,1671
Precinct,627 - Woodlawn #1,775,265,2,1042,1042
Precinct,628 - Laurel Hill #1,1372,430,3,1805,1805
Precinct,629 - South County,1116,415,6,1537,1537
Precinct,630 - Army,1089,402,5,1496,1496
Precinct,631 - Pohick Creek,980,381,1,1362,1362
Precinct,632 - Halley #1,405,298,4,707,707
Precinct,633 - Halley #2,112,91,1,204,204
Precinct,634 - Newington #2,1317,438,4,1759,1759
Precinct,635 - Woodlawn #2,867,218,1,1086,1086
Precinct,636 - Laurel Hill #2,602,151,3,756,756
Precinct,637 - MONTEBELLO,697,224,0,921,921
Precinct,701 - Blake,2100,644,6,2750,2750
Precinct,704 - Freedom Hill,1105,393,6,1504,1504
Precinct,705 - Graham-Greenway,1771,510,9,2290,2290
Precinct,707 - Mantua,1212,455,12,1679,1679
Precinct,708 - Marshall,1725,524,8,2257,2257
Precinct,709 - Mosby #1,998,323,6,1327,1327
Precinct,710 - Pine Spring,1042,340,4,1386,1386
Precinct,711 - Price,937,372,1,1310,1310
Precinct,712 - Shreve,1499,433,6,1938,1938
Precinct,713 - Timber Lane,1536,415,7,1958,1958
Precinct,714 - Walker,1604,538,6,2148,2148
Precinct,718 - Pine Ridge,1046,409,3,1458,1458
Precinct,720 - Thoreau,1524,535,3,2062,2062
Precinct,721 - Merrifield,1932,357,7,2296,2296
Precinct,723 - Gallows East,1036,235,4,1275,1275
Precinct,726 - Magarity,1935,598,3,2536,2536
Precinct,727 - Oakton,1205,583,6,1794,1794
Precinct,729 - Nottoway,1836,544,4,2384,2384
Precinct,731 - Tysons,1082,307,2,1391,1391
Precinct,732 - Oaktree Crossing,1643,931,6,2580,2580
Precinct,733 - Kilmer,2152,594,9,2755,2755
Precinct,734 - Hunters Branch,1396,362,5,1763,1763
Precinct,735 - Rotonda,513,228,3,744,744
Precinct,736 - Bedford,210,26,0,236,236
Precinct,737 - Mosby #2,433,127,3,563,563
Precinct,738 - Jones Branch,789,249,1,1039,1039
Precinct,801 - Burke #1,1145,427,10,1582,1582
Precinct,802 - Cedar Lake,698,220,2,920,920
Precinct,803 - Clifton South,882,855,4,1741,1741
Precinct,804 - Colchester,734,556,4,1294,1294
Precinct,805 - Fairfax Station,680,473,1,1154,1154
Precinct,806 - Sydenstricker,1468,671,7,2146,2146
Precinct,807 - Hunt Valley,1110,540,2,1652,1652
Precinct,811 - Pohick,903,308,1,1212,1212
Precinct,812 - Valley,1422,587,5,2014,2014
Precinct,815 - Woodyard,625,436,6,1067,1067
Precinct,824 - Orange,1859,860,5,2724,2724
Precinct,825 - Cherry Run,1377,644,6,2027,2027
Precinct,833 - White Oaks,1420,572,7,1999,1999
Precinct,838 - Sangster,1060,600,14,1674,1674
Precinct,839 - Silverbrook,1499,892,5,2396,2396
Precinct,841 - Popes Head,625,469,2,1096,1096
Precinct,842 - Parkway,964,581,7,1552,1552
Precinct,843 - Fair Lakes,1441,517,8,1966,1966
Precinct,844 - Centerpointe,1211,357,5,1573,1573
Precinct,845 - Fountainhead,1392,1066,7,2465,2465
Precinct,846 - Greenbriar East,1470,550,5,2025,2025
Precinct,847 - Greenbriar West,996,477,5,1478,1478
Precinct,848 - Fair Oaks,1562,604,8,2174,2174
Precinct,849 - Newgate North,1213,685,4,1902,1902
Precinct,850 - South Run,1304,781,4,2089,2089
Precinct,851 - Willow Springs #1,501,285,2,788,788
Precinct,854 - Newgate South,1149,745,2,1896,1896
Precinct,855 - Saratoga,1567,683,12,2262,2262
Precinct,856 - Penderbrook,1584,607,10,2201,2201
Precinct,857 - Island Pond,77,37,0,114,114
Precinct,858 - Clifton Town,73,64,1,138,138
Precinct,859 - Liberty,737,688,5,1430,1430
Precinct,860 - Sandy Run,419,379,0,798,798
Precinct,861 - Burke #2,947,397,3,1347,1347
Precinct,862 - Willow Springs #2,700,345,3,1048,1048
Precinct,901 - Centre Ridge,1309,519,4,1832,1832
Precinct,902 - Brookfield,1574,696,8,2278,2278
Precinct,903 - Cub Run,1927,938,8,2873,2873
Precinct,904 - Stonecroft,672,426,7,1105,1105
Precinct,905 - Franklin,1347,576,5,1928,1928
Precinct,908 - Hidden Meadow,1122,508,2,1632,1632
Precinct,909 - Oak Hill,1013,449,3,1465,1465
Precinct,910 - London Towne,1539,609,2,2150,2150
Precinct,911 - Navy,1731,801,6,2538,2538
Precinct,913 - Rocky Run,2065,1021,6,3092,3092
Precinct,914 - Vale,1178,640,2,1820,1820
Precinct,915 - Virginia Run,1004,856,2,1862,1862
Precinct,916 - Waples Mill,1898,1104,11,3013,3013
Precinct,917 - Stone,1605,624,2,2231,2231
Precinct,918 - Centreville,1808,709,8,2525,2525
Precinct,919 - Green Trails,1768,705,8,2481,2481
Precinct,920 - Chantilly,835,413,4,1252,1252
Precinct,921 - Deer Park,1335,800,3,2138,2138
Precinct,923 - Bull Run,976,724,10,1710,1710
Precinct,924 - Spindle,777,288,4,1069,1069
Precinct,925 - Old Mill,777,342,0,1119,1119
Precinct,926 - Powell,1614,656,9,2279,2279
Precinct,927 - Armfield,1229,453,2,1684,1684
Precinct,928 - Poplar Tree,1237,634,0,1871,1871
Precinct,929 - Difficult Run,225,163,0,388,388
Precinct,931 - Carson,1082,429,3,1514,1514
Precinct,934 - Fox Valley,590,217,0,807,807
Precinct,935 - Robinson Mill,262,96,2,360,360
Locality,Falls Church City,6157,1361,14,7532,7532
Precinct,001 - 1st Ward,1932,426,3,2361,2361
Precinct,002 - 2nd Ward,1950,476,6,2432,2432
Precinct,003 - 3rd Ward,2275,459,5,2739,2739
Locality,Fauquier County,13985,20374,86,34445,34445
Precinct,101 - Kettle Run,336,781,6,1123,1123
Precinct,102 - Catlett,530,1433,3,1966,1966
Precinct,103 - Casanova,922,1335,4,2261,2261
Precinct,104 - Lois,254,615,0,869,869
Precinct,105 - Opal,267,687,4,958,958
Precinct,201 - Ward 1,503,447,2,952,952
Precinct,202 - Ward 2,462,318,6,786,786
Precinct,203 - Ward 3,442,401,0,843,843
Precinct,204 - Ward 4,438,521,2,961,961
Precinct,205 - Ward 5,444,423,4,871,871
Precinct,206 - Airlie,848,1018,7,1873,1873
Precinct,301 - Morrisville,627,1239,0,1866,1866
Precinct,302 - Botha,665,1198,0,1863,1863
Precinct,303 - Bealeton,780,886,5,1671,1671
Precinct,304 - Remington,87,113,0,200,200
Precinct,401 - Salem,876,1215,11,2102,2102
Precinct,402 - Leeds,1054,1255,8,2317,2317
Precinct,403 - Waterloo,849,1485,5,2339,2339
Precinct,404 - Springs Valley,392,543,3,938,938
Precinct,501 - Hopewell,429,512,1,942,942
Precinct,502 - New Baltimore,1015,1504,8,2527,2527
Precinct,503 - Broad Run,693,1006,3,1702,1702
Precinct,504 - Vint Hill,993,1397,3,2393,2393
Precinct,505 - The Plains,79,42,1,122,122
Locality,Floyd County,2546,4804,36,7386,7386
Precinct,101 - Locust Grove,475,948,10,1433,1433
Precinct,201 - Little River,622,921,3,1546,1546
Precinct,301 - Courthouse,597,804,4,1405,1405
Precinct,401 - Burks Fork,473,985,5,1463,1463
Precinct,501 - Indian Valley,379,1146,14,1539,1539
Locality,Fluvanna County,6454,6892,31,13377,13377
Precinct,101 - Palmyra,1375,1148,7,2530,2530
Precinct,201 - Columbia,1091,1425,8,2524,2524
Precinct,301 - Fork Union,1165,1401,7,2573,2573
Precinct,401 - Cunningham,1044,1610,7,2661,2661
Precinct,501 - Rivanna,1779,1308,2,3089,3089
Locality,Franklin City,1792,1119,4,2915,2915
Precinct,101 - Precinct 1-1,238,431,0,669,669
Precinct,201 - Precinct 2-1,279,331,1,611,611
Precinct,301 - Precinct 3-1,341,38,1,380,380
Precinct,401 - Precinct 4-1,285,77,1,363,363
Precinct,501 - Precinct 5-1,314,30,0,344,344
Precinct,601 - Precinct 6-1,335,212,1,548,548
Locality,Franklin County,6401,16604,53,23058,23058
Precinct,102 - Burnt Chimney,629,1669,9,2307,2307
Precinct,103 - Scruggs,674,1617,3,2294,2294
Precinct,201 - Glade Hill,143,566,0,709,709
Precinct,202 - Penhook,342,790,1,1133,1133
Precinct,203 - Hodgesville,189,626,0,815,815
Precinct,204 - Dudley,353,774,2,1129,1129
Precinct,301 - Snow Creek,137,437,0,574,574
Precinct,302 - Fork Mountain,136,432,1,569,569
Precinct,303 - Sontag,299,691,3,993,993
Precinct,304 - Dickinson,197,416,2,615,615
Precinct,401 - Henry,124,619,2,745,745
Precinct,402 - Ferrum,201,494,1,696,696
Precinct,403 - Endicott,105,355,0,460,460
Precinct,404 - Waidsboro,139,452,4,595,595
Precinct,502 - Callaway,276,855,4,1135,1135
Precinct,503 - Bowmans,316,775,1,1092,1092
Precinct,504 - Gogginsville,310,871,2,1183,1183
Precinct,601 - Boones Mill,371,1041,3,1415,1415
Precinct,602 - Bonbrook,244,863,6,1113,1113
Precinct,603 - Coopers Cove,189,600,0,789,789
Precinct,701 - Rocky Mount East,340,538,4,882,882
Precinct,702 - Rocky Mount West,370,686,0,1056,1056
Precinct,703 - Rocky Mount South,317,437,5,759,759
Locality,Frederick County,15155,23584,75,38814,38814
Precinct,101 - Russells,518,1418,3,1939,1939
Precinct,102 - Gore,484,1328,4,1816,1816
Precinct,103 - Kernstown,721,1260,13,1994,1994
Precinct,104 - Cedar Creek,172,511,2,685,685
Precinct,105 - Middletown,311,402,1,714,714
Precinct,201 - Gainesborough,281,915,1,1197,1197
Precinct,202 - Albin,518,1038,1,1557,1557
Precinct,203 - Redland,697,1414,1,2112,2112
Precinct,204 - Nain,405,860,3,1268,1268
Precinct,205 - White Hall,302,649,5,956,956
Precinct,301 - Clear Brook,342,1083,1,1426,1426
Precinct,302 - Neff's Town,170,205,2,377,377
Precinct,303 - Jordan Springs,1072,1024,7,2103,2103
Precinct,304 - Gibson School,232,181,2,415,415
Precinct,305 - Sunnyside,468,432,0,900,900
Precinct,401 - Armel,528,804,1,1333,1333
Precinct,402 - Shenandoah,894,1156,4,2054,2054
Precinct,403 - Parkin's Mill,707,888,1,1596,1596
Precinct,404 - White Oak School,661,875,2,1538,1538
Precinct,501 - Stephens City,417,535,0,952,952
Precinct,502 - Bass-Hoover,521,720,3,1244,1244
Precinct,503 - Canterburg,1098,1272,2,2372,2372
Precinct,504 - Vaucluse Spring,660,944,1,1605,1605
Precinct,505 - Aylor,420,585,2,1007,1007
Precinct,601 - Millbrook,602,796,4,1402,1402
Precinct,602 - Ash Hollow,739,762,3,1504,1504
Precinct,603 - Greenwood,970,1133,5,2108,2108
Precinct,604 - Carpers Valley,190,296,1,487,487
Precinct,605 - Sulphur Spring,55,98,0,153,153
Locality,Fredericksburg City,7213,3207,24,10444,10444
Precinct,101 - HUGH MERCER,1460,853,6,2319,2319
Precinct,201 - DOROTHY HART,2009,772,4,2785,2785
Precinct,301 - GLADYS WEST,1899,944,9,2852,2852
Precinct,401 - FCPS ADMINISTRATION,1057,338,4,1399,1399
Precinct,402 - V.F.W 3103,788,300,1,1089,1089
Locality,Galax City,565,1301,0,1866,1866
Precinct,001 - East,246,570,0,816,816
Precinct,005 - West,319,731,0,1050,1050
Locality,Giles County,1641,5076,15,6732,6732
Precinct,102 - Rich Creek,92,363,3,458,458
Precinct,103 - Narrows,247,1021,1,1269,1269
Precinct,201 - Pearisburg,420,1398,5,1823,1823
Precinct,202 - Staffordsville,60,263,1,324,324
Precinct,203 - White Gate,32,146,1,179,179
Precinct,301 - Eggleston,180,387,0,567,567
Precinct,302 - Pembroke,338,1010,4,1352,1352
Precinct,303 - Newport,272,488,0,760,760
Locality,Gloucester County,5592,11629,30,17251,17251
Precinct,101 - Harcum,361,985,2,1348,1348
Precinct,102 - Salem,287,735,1,1023,1023
Precinct,103 - Peasley,255,719,3,977,977
Precinct,201 - Courthouse,568,939,0,1507,1507
Precinct,202 - Botetourt,716,1333,0,2049,2049
Precinct,301 - White Marsh,725,1435,2,2162,2162
Precinct,302 - Roanes,467,978,3,1448,1448
Precinct,401 - Hayes,598,1054,9,1661,1661
Precinct,402 - Sarahs Creek,589,915,5,1509,1509
Precinct,501 - Achilles,605,1579,4,2188,2188
Precinct,502 - Walker,421,957,1,1379,1379
Locality,Goochland County,6841,10145,29,17015,17015
Precinct,101 - Fife,419,765,3,1187,1187
Precinct,102 - Hadensville,573,944,4,1521,1521
Precinct,201 - 3 Square,589,754,1,1344,1344
Precinct,202 - Sandy Hook,632,827,6,1465,1465
Precinct,301 - Beaverdam,688,1057,5,1750,1750
Precinct,302 - Randolph,521,696,2,1219,1219
Precinct,401 - Shallow Well,258,597,2,857,857
Precinct,402 - Centerville,903,1444,2,2349,2349
Precinct,403 - West Creek,668,503,1,1172,1172
Precinct,501 - Manakin,624,1147,3,1774,1774
Precinct,502 - Blair,966,1411,0,2377,2377
Locality,Grayson County,1198,4562,53,5813,5813
Precinct,101 - Bridle Creek,107,287,7,401,401
Precinct,102 - Flatridge,26,118,3,147,147
Precinct,103 - Grant,76,193,12,281,281
Precinct,104 - Mouth Of Wilson,37,112,5,154,154
Precinct,105 - Mount Rogers,29,135,2,166,166
Precinct,106 - Rugby,30,133,4,167,167
Precinct,107 - Troutdale,19,75,5,99,99
Precinct,108 - Comers Rock,39,118,1,158,158
Precinct,202 - Elk Creek,80,375,0,455,455
Precinct,203 - Independence,190,753,1,944,944
Precinct,301 - Baywood,118,496,2,616,616
Precinct,302 - Fairview,157,662,6,825,825
Precinct,401 - Fries,97,251,0,348,348
Precinct,402 - Providence,128,612,5,745,745
Precinct,403 - Oldtown,65,242,0,307,307
Locality,Greene County,3859,5581,27,9467,9467
Precinct,101 - Dyke,232,596,1,829,829
Precinct,102 - Swift Run,503,818,6,1327,1327
Precinct,201 - Ruckersville,1060,1167,6,2233,2233
Precinct,301 - Stanardsville,784,1507,8,2299,2299
Precinct,302 - Stanardsville Town,47,55,0,102,102
Precinct,401 - Midway,1233,1438,6,2677,2677
Locality,Greensville County,1828,1480,3,3311,3311
Precinct,101 - Precinct 1-a,166,112,0,278,278
Precinct,102 - Precinct 1-b,61,100,0,161,161
Precinct,103 - Precinct 1-c,243,98,1,342,342
Precinct,201 - Precinct 2-a,267,121,1,389,389
Precinct,202 - Precinct 2-b,217,344,0,561,561
Precinct,302 - Precinct 3-a,488,161,0,649,649
Precinct,401 - Precinct 4-a,68,181,0,249,249
Precinct,402 - Precinct 4-b,213,166,0,379,379
Precinct,403 - Precinct 4-c,105,197,1,303,303
Locality,Halifax County,5090,8132,25,13247,13247
Precinct,101 - Childrey,237,387,1,625,625
Precinct,102 - Liberty,124,211,0,335,335
Precinct,103 - Republican Grove,266,432,1,699,699
Precinct,201 - Clays Mill,124,330,0,454,454
Precinct,202 - Crossroads,149,274,0,423,423
Precinct,203 - Clover,300,394,2,696,696
Precinct,302 - Meadville,163,110,0,273,273
Precinct,304 - Vernon Hill,161,352,1,514,514
Precinct,305 - Sinai,485,398,2,885,885
Precinct,401 - Courthouse,403,449,7,859,859
Precinct,403 - Center,303,593,0,896,896
Precinct,502 - Dan River,393,657,6,1056,1056
Precinct,503 - Scottsburg,107,417,2,526,526
Precinct,601 - Black Walnut,224,436,1,661,661
Precinct,603 - Mt Carmel,372,548,0,920,920
Precinct,605 - Union,96,201,0,297,297
Precinct,701 - Hyco,217,681,0,898,898
Precinct,702 - Midway,93,519,0,612,612
Precinct,703 - Virgilina,69,363,1,433,433
Precinct,801 - South Boston,804,380,1,1185,1185
Locality,Hampton City,34253,12633,115,47001,47001
Precinct,101 - Aberdeen,1280,205,2,1487,1487
Precinct,102 - Bassette,1287,122,3,1412,1412
Precinct,103 - City Hall,847,161,4,1012,1012
Precinct,104 - Cooper,1821,270,2,2093,2093
Precinct,105 - East Hampton,1099,225,3,1327,1327
Precinct,106 - Armstrong,1199,495,4,1698,1698
Precinct,107 - Lindsay,1205,234,3,1442,1442
Precinct,108 - Thomas,1482,228,4,1714,1714
Precinct,109 - Phenix,1555,175,1,1731,1731
Precinct,110 - Phoebus,279,142,3,424,424
Precinct,111 - Hampton Library,439,226,10,675,675
Precinct,112 - Smith,1550,504,7,2061,2061
Precinct,115 - Wythe,683,364,3,1050,1050
Precinct,116 - Jones,602,146,4,752,752
Precinct,117 - Kecoughtan,983,298,3,1284,1284
Precinct,118 - Mallory,1463,212,6,1681,1681
Precinct,201 - Patrick,1079,777,5,1861,1861
Precinct,202 - Bryan,1192,688,3,1883,1883
Precinct,203 - Burbank,859,461,1,1321,1321
Precinct,204 - Forrest,1008,418,1,1427,1427
Precinct,205 - Asbury,1238,1377,4,2619,2619
Precinct,208 - Kraft,1644,816,9,2469,2469
Precinct,209 - Langley,963,549,4,1516,1516
Precinct,210 - Machen,2095,558,6,2659,2659
Precinct,212 - Bethel,2151,550,8,2709,2709
Precinct,213 - Phillips,1398,1023,5,2426,2426
Precinct,214 - Jackson,1216,630,3,1849,1849
Precinct,215 - Peake,372,69,1,442,442
Precinct,216 - Sandy Bottom,795,331,2,1128,1128
Precinct,217 - Syms,469,379,1,849,849
Locality,Hanover County,22572,37432,151,60155,60155
Precinct,101 - Ashland,750,566,4,1320,1320
Precinct,104 - Sliding Hill,733,780,2,1515,1515
Precinct,105 - Berkley,869,552,3,1424,1424
Precinct,106 - Kersey Creek,397,496,1,894,894
Precinct,108 - Honey Meadows,1131,1114,4,2249,2249
Precinct,201 - Beaverdam,542,1538,9,2089,2089
Precinct,202 - Blunts,341,594,0,935,935
Precinct,203 - Wilmington Parish,703,1325,6,2034,2034
Precinct,206 - Courthouse,790,995,3,1788,1788
Precinct,208 - Oak Knoll,496,999,6,1501,1501
Precinct,210 - Oak Hill,322,449,1,772,772
Precinct,301 - Clay,593,1198,2,1793,1793
Precinct,303 - Shady Grove,709,1178,0,1887,1887
Precinct,304 - Atlee,957,1246,8,2211,2211
Precinct,305 - Cool Spring,757,1108,2,1867,1867
Precinct,306 - Rutland,752,849,5,1606,1606
Precinct,401 - Battlefield,508,1514,6,2028,2028
Precinct,403 - Cold Harbor,860,1681,13,2554,2554
Precinct,404 - Black Creek,256,1038,1,1295,1295
Precinct,405 - Pebble Creek,478,712,2,1192,1192
Precinct,407 - Old Church,337,1102,4,1443,1443
Precinct,502 - Rural Point,799,1299,6,2104,2104
Precinct,503 - Newman,633,821,4,1458,1458
Precinct,504 - Studley,268,1036,2,1306,1306
Precinct,505 - Totopotomoy,98,343,5,446,446
Precinct,506 - Georgetown,521,1185,3,1709,1709
Precinct,507 - Laurel Meadow,602,1133,4,1739,1739
Precinct,601 - Village,846,1385,5,2236,2236
Precinct,602 - Lee Davis,638,1142,4,1784,1784
Precinct,603 - Mechanicsville,757,1007,3,1767,1767
Precinct,604 - Hanover Grove,708,1173,3,1884,1884
Precinct,701 - Farrington,610,1253,8,1871,1871
Precinct,702 - Montpelier,684,1277,10,1971,1971
Precinct,703 - Rockville,620,1218,3,1841,1841
Precinct,704 - Elmont,1161,1418,5,2584,2584
Precinct,705 - South Anna,346,708,4,1058,1058
Locality,Harrisonburg City,9285,3781,17,13083,13083
Precinct,101 - Northeast,1168,478,2,1648,1648
Precinct,102 - East Central,998,308,6,1312,1312
Precinct,103 - Southeast,1105,409,2,1516,1516
Precinct,104 - East,1111,478,0,1589,1589
Precinct,105 - South East Central,759,153,3,915,915
Precinct,201 - Northwest,1445,766,1,2212,2212
Precinct,202 - Southwest,1218,582,2,1802,1802
Precinct,203 - West,1481,607,1,2089,2089
Locality,Henrico County,99322,49349,240,148911,148911
Precinct,101 - Coalpit,1659,1117,7,2783,2783
Precinct,102 - Dumbarton,1427,448,3,1878,1878
Precinct,103 - Glen Allen,1691,1482,3,3176,3176
Precinct,104 - Greendale,616,327,4,947,947
Precinct,105 - Hermitage,1472,757,7,2236,2236
Precinct,106 - Holladay,607,434,3,1044,1044
Precinct,107 - Hungary Creek,1510,1222,3,2735,2735
Precinct,108 - Hunton,361,352,1,714,714
Precinct,109 - Johnson,1095,449,7,1551,1551
Precinct,110 - Longan,1403,896,7,2306,2306
Precinct,111 - Maude Trevvett,1648,571,5,2224,2224
Precinct,112 - Monument Hills,457,290,1,748,748
Precinct,113 - Springfield,1495,890,1,2386,2386
Precinct,114 - Staples Mill,1273,1014,0,2287,2287
Precinct,115 - Westwood,1023,524,3,1550,1550
Precinct,201 - Azalea,1570,163,1,1734,1734
Precinct,202 - Belmont,1874,569,2,2445,2445
Precinct,203 - Brookland,538,338,1,877,877
Precinct,204 - Canterbury,431,244,0,675,675
Precinct,205 - Central Gardens,1486,67,1,1554,1554
Precinct,206 - Chamberlayne,1424,399,6,1829,1829
Precinct,207 - Eastbourne,702,42,1,745,745
Precinct,209 - Fairfield,975,58,1,1034,1034
Precinct,210 - Glen Lea,1270,169,0,1439,1439
Precinct,211 - Greenwood,498,74,0,572,572
Precinct,212 - Highland Gardens,894,72,0,966,966
Precinct,214 - Hungary,906,206,1,1113,1113
Precinct,215 - Lakeside,1866,749,5,2620,2620
Precinct,216 - Longdale,1497,529,4,2030,2030
Precinct,217 - Maplewood,1849,73,3,1925,1925
Precinct,218 - Moody,409,209,1,619,619
Precinct,219 - Mountain,375,187,1,563,563
Precinct,220 - North Park,370,283,1,654,654
Precinct,222 - Randolph,174,32,0,206,206
Precinct,223 - Ratcliffe,1972,155,2,2129,2129
Precinct,225 - Wilder,1165,223,0,1388,1388
Precinct,226 - Yellow Tavern,1753,664,4,2421,2421
Precinct,301 - Causeway,1063,672,7,1742,1742
Precinct,302 - Cedarfield,1078,826,3,1907,1907
Precinct,303 - Colonial Trail,1155,589,7,1751,1751
Precinct,304 - Innsbrook,1049,465,1,1515,1515
Precinct,305 - Jackson Davis,701,473,2,1176,1176
Precinct,306 - Nuckols Farm,1527,1265,3,2795,2795
Precinct,307 - Pocahontas,1272,764,3,2039,2039
Precinct,308 - Ridge,557,390,3,950,950
Precinct,309 - Rivers Edge,1422,1024,4,2450,2450
Precinct,310 - Sadler,1580,919,1,2500,2500
Precinct,311 - Shady Grove,1416,1109,2,2527,2527
Precinct,312 - Short Pump,1035,687,5,1727,1727
Precinct,313 - Stoney Run,1689,1134,4,2827,2827
Precinct,314 - 3 Chopt,904,676,1,1581,1581
Precinct,315 - Tucker,1563,449,5,2017,2017
Precinct,401 - Crestview,1072,532,2,1606,1606
Precinct,402 - Derbyshire,765,784,3,1552,1552
Precinct,403 - Freeman,951,614,4,1569,1569
Precinct,404 - Gayton,1336,1133,9,2478,2478
Precinct,405 - Godwin,1113,661,3,1777,1777
Precinct,406 - Lakewood,825,703,1,1529,1529
Precinct,407 - Lauderdale,999,684,4,1687,1687
Precinct,408 - Maybeury,982,857,4,1843,1843
Precinct,409 - Mooreland,524,743,0,1267,1267
Precinct,410 - Pemberton,1040,601,2,1643,1643
Precinct,411 - Pinchbeck,1235,762,4,2001,2001
Precinct,412 - Quioccasin,1344,713,1,2058,2058
Precinct,413 - Ridgefield,1290,967,5,2262,2262
Precinct,414 - Rollingwood,900,637,3,1540,1540
Precinct,415 - Skipwith,730,355,1,1086,1086
Precinct,416 - Spottswood,518,331,3,852,852
Precinct,417 - Tuckahoe,1338,1546,2,2886,2886
Precinct,418 - Welborne,815,499,3,1317,1317
Precinct,419 - West End,1078,841,2,1921,1921
Precinct,501 - Adams,1392,180,2,1574,1574
Precinct,502 - Antioch,467,871,3,1341,1341
Precinct,503 - Cedar Fork,1035,143,3,1181,1181
Precinct,504 - Chickahominy,933,673,3,1609,1609
Precinct,505 - Donahoe,891,325,1,1217,1217
Precinct,506 - Dorey,1551,741,4,2296,2296
Precinct,507 - Eanes,1642,367,2,2011,2011
Precinct,508 - Elko,135,392,2,529,529
Precinct,509 - Highland Springs,1037,174,6,1217,1217
Precinct,510 - Laburnum,996,257,1,1254,1254
Precinct,511 - Mehfoud,1105,373,2,1480,1480
Precinct,512 - Montrose,1455,182,1,1638,1638
Precinct,513 - 9 MILE,541,207,2,750,750
Precinct,514 - Pleasants,1696,178,2,1876,1876
Precinct,515 - Rolfe,2161,210,0,2371,2371
Precinct,516 - Sandston,637,692,4,1333,1333
Precinct,517 - Sullivans,1925,502,3,2430,2430
Precinct,518 - Town Hall,320,402,1,723,723
Precinct,519 - Whitlocks,802,797,1,1600,1600
Locality,Henry County,5959,11383,45,17387,17387
Precinct,101 - Bassett #2,170,229,0,399,399
Precinct,102 - Gunville,171,604,3,778,778
Precinct,103 - Scott's Tanyard,287,1065,1,1353,1353
Precinct,201 - Fieldale,157,306,0,463,463
Precinct,202 - Horsepasture #1,273,610,4,887,887
Precinct,203-Horsepasture #2,493,205,1,699,699
Precinct,204 - Spencer,212,602,3,817,817
Precinct,302 - Axton,267,305,2,574,574
Precinct,303 - Irisburg,414,572,6,992,992
Precinct,304 - Mount Olivet,588,548,2,1138,1138
Precinct,305 - Mountain Valley,206,315,3,524,524
Precinct,401 - Collinsville #1,171,405,1,577,577
Precinct,402 - Daniels Creek,227,381,1,609,609
Precinct,404 - Collinsville #2,351,727,2,1080,1080
Precinct,405 - Mountain View,223,205,0,428,428
Precinct,501 - Bassett #1,186,251,0,437,437
Precinct,502 - Figsboro,168,508,0,676,676
Precinct,503 - Stanleytown,218,825,3,1046,1046
Precinct,504 - Oak Level,93,237,1,331,331
Precinct,505 - Dyers Store,177,435,3,615,615
Precinct,601 - Fontaine,302,658,3,963,963
Precinct,602 - Hillcrest,114,171,0,285,285
Precinct,603 - Ridgeway #1,273,675,2,950,950
Precinct,604 - Ridgeway #2,218,544,4,766,766
Locality,Highland County,339,847,4,1190,1190
Precinct,001 - Monterey,110,256,1,367,367
Precinct,003 - Wilsons Mill,16,74,0,90,90
Precinct,005 - Blue Grass,82,168,0,250,250
Precinct,007 - Mill Gap,54,90,0,144,144
Precinct,008 - Mcdowell,77,259,3,339,339
Locality,Hopewell City,3893,2693,20,6606,6606
Precinct,101 - WARD 1,416,314,1,731,731
Precinct,201 - WARD 2,556,89,4,649,649
Precinct,301 - WARD 3,558,710,2,1270,1270
Precinct,401 - WARD 4,810,588,8,1406,1406
Precinct,501 - WARD 5,451,509,2,962,962
Precinct,601 - WARD 6,568,201,0,769,769
Precinct,701 - WARD 7,534,282,3,819,819
Locality,Isle of Wight County,7812,11235,49,19096,19096
Precinct,101 - Pagan River,761,1205,5,1971,1971
Precinct,102 - Cypress Creek A,882,1250,3,2135,2135
Precinct,103 - Cypress Creek B,52,67,1,120,120
Precinct,201 - Bartlett,1023,1055,3,2081,2081
Precinct,202 - Nike Park A,674,1120,4,1798,1798
Precinct,203 - Nike Park B,69,105,0,174,174
Precinct,301 - Rushmere,577,413,1,991,991
Precinct,302 - Pons,806,584,1,1391,1391
Precinct,303 - Benns Church,594,340,6,940,940
Precinct,304 - New Towne,172,71,1,244,244
Precinct,401 - Bowling Green,268,794,7,1069,1069
Precinct,402 - Windsor,526,988,1,1515,1515
Precinct,403 - Cedar Grove,409,714,5,1128,1128
Precinct,501 - Walters,186,565,1,752,752
Precinct,502 - Beaver Dam,314,495,1,810,810
Precinct,503 - Fire Tower,290,813,2,1105,1105
Precinct,504 - Bethany Church,209,656,7,872,872
Locality,James City County,22471,19923,131,42525,42525
Precinct,101 - Berkeley A,1748,1472,18,3238,3238
Precinct,102 - Berkeley B,1150,990,10,2150,2150
Precinct,103 - Berkeley C,1018,1306,17,2341,2341
Precinct,104- Berkeley D,556,388,2,946,946
Precinct,201 - Jamestown A,893,626,4,1523,1523
Precinct,202 - Jamestown B,1274,629,1,1904,1904
Precinct,203 - Jamestown C,1125,897,4,2026,2026
Precinct,204 - Jamestown D,1516,1490,10,3016,3016
Precinct,301 - Powhatan A,1537,1490,3,3030,3030
Precinct,302 - Powhatan B,506,331,2,839,839
Precinct,303 - Powhatan C,682,1322,5,2009,2009
Precinct,304 - Powhatan D,1342,871,5,2218,2218
Precinct,401 - Stonehouse A,1464,1258,11,2733,2733
Precinct,402 - Stonehouse B,2095,1850,13,3958,3958
Precinct,403 - Stonehouse C,1428,1613,10,3051,3051
Precinct,501 - Roberts A,661,241,3,905,905
Precinct,502 - Roberts B,1545,1746,7,3298,3298
Precinct,503 - Roberts C,1931,1403,6,3340,3340
Locality,King and Queen County,1231,2030,3,3264,3264
Precinct,101 - Owenton,336,328,0,664,664
Precinct,201 - Clarks,183,439,1,623,623
Precinct,301 - Shacklefords,237,395,0,632,632
Precinct,401 - Courthouse,298,402,2,702,702
Precinct,501 - Oldmill,177,466,0,643,643
Locality,King George County,4480,7099,21,11600,11600
Precinct,101 - Courthouse,884,1095,3,1982,1982
Precinct,102 - Passapatanzy,436,749,1,1186,1186
Precinct,201 - Monroe,1098,2044,10,3152,3152
Precinct,301 - Dahlgren,1014,1351,2,2367,2367
Precinct,401 - Shiloh,1048,1860,5,2913,2913
Locality,King William County,2867,6129,16,9012,9012
Precinct,101 - West Point,564,919,3,1486,1486
Precinct,201 - Sweet Hall,202,467,1,670,670
Precinct,202 - Courthouse,418,873,4,1295,1295
Precinct,301 - Aylett,482,1280,1,1763,1763
Precinct,401 - Manquin,573,1302,1,1876,1876
Precinct,501 - Mangohick,628,1288,6,1922,1922
Locality,Lancaster County,2587,3395,13,5995,5995
Precinct,101 - Precinct 1-1,445,749,1,1195,1195
Precinct,201 - Precinct 2-1,526,439,0,965,965
Precinct,301 - Precinct 3-1,340,607,2,949,949
Precinct,302 - Precinct 3-2,149,313,0,462,462
Precinct,401 - Precinct 4-1,590,457,4,1051,1051
Precinct,501 - Precinct 5-1,537,830,6,1373,1373
Locality,Lee County,950,5427,17,6394,6394
Precinct,101 - Elydale,57,239,0,296,296
Precinct,102 - Ewing,41,252,4,297,297
Precinct,103 - Rose Hill,80,489,0,569,569
Precinct,201 - Blackwater,24,110,0,134,134
Precinct,202 - Flatwoods,72,450,4,526,526
Precinct,203 - Jonesville,150,793,0,943,943
Precinct,301 - Ben Hur,105,572,0,677,677
Precinct,302 - Woodway,44,284,2,330,330
Precinct,401 - Stickleyville,74,395,2,471,471
Precinct,402 - Jasper,36,202,1,239,239
Precinct,403 - Seminary,36,296,2,334,334
Precinct,404 - Dryden,74,465,1,540,540
Precinct,501 - Saint Charles,34,167,0,201,201
Precinct,502 - Pennington,94,571,1,666,666
Precinct,503 - Robbins Chapel,15,56,0,71,71
Precinct,504 - Keokee,14,86,0,100,100
Locality,Lexington City,1426,735,1,2162,2162
Precinct,001 - Lexington,1426,735,1,2162,2162
Locality,Loudoun County,104175,63087,359,167621,167621
Precinct,107 - Little River,1202,720,3,1925,1925
Precinct,108 - Mercer,1112,531,2,1645,1645
Precinct,112 - Freedom,972,457,3,1432,1432
Precinct,114 - Dulles South,1015,490,1,1506,1506
Precinct,119 - Arcola,1561,723,3,2287,2287
Precinct,120 - Lunsford,1406,684,3,2093,2093
Precinct,121 - Town Hall,699,369,5,1073,1073
Precinct,122 - Hutchison Farm,1247,693,4,1944,1944
Precinct,123 - Cardinal Ridge,722,383,2,1107,1107
Precinct,124 - Liberty,873,443,1,1317,1317
Precinct,126-Goshen Post,1105,560,3,1668,1668
Precinct,207 - River Bend,782,439,2,1223,1223
Precinct,208 - Algonkian,735,454,1,1190,1190
Precinct,209 - Potomac Falls,1459,738,5,2202,2202
Precinct,210 - Cascades,1303,645,0,1948,1948
Precinct,213 - Countryside,495,223,4,722,722
Precinct,214 - Sugarland North,1047,664,1,1712,1712
Precinct,215 - Sugarland South,1185,577,4,1766,1766
Precinct,216 - Lowes Island,1019,672,0,1691,1691
Precinct,217 - South Bank,1242,718,4,1964,1964
Precinct,218 - University Center,880,379,3,1262,1262
Precinct,219 - Galilee Church,873,503,3,1379,1379
Precinct,220 - Mirror Ridge,1041,474,2,1517,1517
Precinct,221 - Seneca,1017,585,4,1606,1606
Precinct,307 - Middleburg,503,367,2,872,872
Precinct,308 - St Louis,528,396,2,926,926
Precinct,309 - Aldie,336,333,1,670,670
Precinct,312 - Briar Woods,901,360,3,1264,1264
Precinct,313 - Pinebrook,820,431,4,1255,1255
Precinct,314 - Legacy,1218,558,7,1783,1783
Precinct,319 - John Champe,703,344,3,1050,1050
Precinct,321 - Brambleton Middle,1418,527,6,1951,1951
Precinct,322 - Buffalo Trail,1019,472,5,1496,1496
Precinct,323 - Sycolin Creek,802,839,5,1646,1646
Precinct,324 - Madison,776,343,3,1122,1122
Precinct,325 - Creighton,1677,692,2,2371,2371
Precinct,326 - Independence,1175,899,6,2080,2080
Precinct,327 - Willard,522,508,6,1036,1036
Precinct,328 - Hovatter,825,568,4,1397,1397
Precinct,329 - Lightridge,1163,841,3,2007,2007
Precinct,401 - West Lovettsville,1249,1377,5,2631,2631
Precinct,402 - Waterford,953,1037,5,1995,1995
Precinct,403 - Lucketts,869,781,3,1653,1653
Precinct,409 - Clarkes Gap,1030,1137,8,2175,2175
Precinct,411 - East Lovettsville,741,951,3,1695,1695
Precinct,413 - Tuscarora,511,531,2,1044,1044
Precinct,416 - Hamilton,924,916,7,1847,1847
Precinct,421 - Between The Hills,109,141,1,251,251
Precinct,423 - Simpson,159,286,0,445,445
Precinct,424 - Purcellville,1278,1085,4,2367,2367
Precinct,425 - Round Hill,922,1113,6,2041,2041
Precinct,426 - Hillsboro,820,1020,4,1844,1844
Precinct,427 - Philomont,738,950,7,1695,1695
Precinct,428 - Mountain View,1286,1205,8,2499,2499
Precinct,429 - Round Hill Elementary,1108,1291,4,2403,2403
Precinct,430 - Harmony,448,521,3,972,972
Precinct,501 - West Leesburg,1182,653,7,1842,1842
Precinct,502 - East Leesburg,1225,526,3,1754,1754
Precinct,503 - Dry Mill,814,408,1,1223,1223
Precinct,504 - Smarts Mill,1296,737,3,2036,2036
Precinct,505 - Cool Spring,1235,816,5,2056,2056
Precinct,506 - Douglass,691,318,1,1010,1010
Precinct,507 - Greenway,620,376,3,999,999
Precinct,508 - Balls Bluff,1233,706,1,1940,1940
Precinct,509 - Tolbert,1584,735,11,2330,2330
Precinct,510 - Heritage,716,557,2,1275,1275
Precinct,511 - Evergreen,1372,895,5,2272,2272
Precinct,512 - River Creek,790,783,4,1577,1577
Precinct,513 - Red Rock,695,432,4,1131,1131
Precinct,615 - Hillside,1621,880,2,2503,2503
Precinct,616 - Eagle Ridge,1435,702,5,2142,2142
Precinct,620 - Russell Branch,997,521,2,1520,1520
Precinct,621 - Dominion Trail,1417,717,7,2141,2141
Precinct,622 - Farmwell Station,1362,697,4,2063,2063
Precinct,623 - Weller,1647,849,2,2498,2498
Precinct,625 - Mill Run,1104,673,6,1783,1783
Precinct,626 - Ashby Ponds,1174,535,2,1711,1711
Precinct,627 - Ashbrook,747,341,2,1090,1090
Precinct,628 - Moorefield Station,972,356,4,1332,1332
Precinct,629 - Discovery,525,222,0,747,747
Precinct,630 - Croson,1166,578,4,1748,1748
Precinct,631 - Marblehead,767,316,1,1084,1084
Precinct,701 - Sully,900,456,1,1357,1357
Precinct,702 - Park View,1270,585,5,1860,1860
Precinct,703 - Rolling Ridge,1054,367,2,1423,1423
Precinct,705 - Forest Grove,1036,524,1,1561,1561
Precinct,707 - Claude Moore Park,432,171,0,603,603
Precinct,710 - Sterling,678,344,0,1022,1022
Precinct,711 - Guilford,691,237,1,929,929
Precinct,712 - Stone Hill,941,312,2,1255,1255
Precinct,713 - Carter,371,118,0,489,489
Precinct,714 - Rock Ridge,1144,496,7,1647,1647
Precinct,715 - Oak Grove,496,178,1,675,675
Precinct,716 - Ridgetop,607,194,0,801,801
Precinct,808 - Stone Bridge,1493,819,2,2314,2314
Precinct,810 - Cedar Lane,1229,594,4,1827,1827
Precinct,813 - Seldens Landing,952,463,4,1419,1419
Precinct,814 - Newton - Lee,1254,980,5,2239,2239
Precinct,815 - Belmont Ridge,1519,908,7,2434,2434
Precinct,817 - Sanders Corner,1101,653,5,1759,1759
Precinct,818 - East Broad Run,919,401,5,1325,1325
Precinct,819 - West Broad Run,829,548,1,1378,1378
Precinct,820 - Belmont Station,981,563,4,1548,1548
Precinct,822 - Riverside,900,566,7,1473,1473
Precinct,823 - Harper Park,959,572,5,1536,1536
Precinct,824 - Goose Creek,407,218,0,625,625
Precinct,825 - Waxpool,1102,547,4,1653,1653
Locality,Louisa County,7244,11577,42,18863,18863
Precinct,101 - Green Springs #1,1178,1278,4,2460,2460
Precinct,102 - Green Springs #2,376,481,6,863,863
Precinct,201 - Louisa #1,525,648,6,1179,1179
Precinct,202 - Louisa #2,391,631,1,1023,1023
Precinct,203 - Louisa #3,78,116,0,194,194
Precinct,301 - Patrick Henry #1,849,631,4,1484,1484
Precinct,302 - Patrick Henry #2,396,597,1,994,994
Precinct,401 - Mineral,919,1887,4,2810,2810
Precinct,501 - Cuckoo #1,298,384,3,685,685
Precinct,502 - Cuckoo #2,249,541,1,791,791
Precinct,503 - Cuckoo #3,477,1054,2,1533,1533
Precinct,601 - Jackson,615,1621,5,2241,2241
Precinct,701 - Mountain Road #1,366,866,2,1234,1234
Precinct,702 - Mountain Road #2,527,842,3,1372,1372
Locality,Lunenburg County,1702,2726,16,4444,4444
Precinct,101 - Plymouth,156,356,3,515,515
Precinct,201 - Browns Store,254,343,1,598,598
Precinct,301 - Rosebud,71,213,1,285,285
Precinct,302 - Flat Rock,121,255,0,376,376
Precinct,401 - Arrowhead Gun Club,45,180,3,228,228
Precinct,402 - Pleasant Grove,145,292,1,438,438
Precinct,501 - Reedy Creek,158,179,2,339,339
Precinct,502 - Peoples Community Center,222,158,0,380,380
Precinct,601 - Hounds Creek,285,352,2,639,639
Precinct,701 - Meherrin Fire Department,122,184,1,307,307
Precinct,702 - Victoria Public Library,123,214,2,339,339
Locality,Lynchburg City,12738,13699,124,26561,26561
Precinct,101 - First Ward First Precinct,1145,1171,7,2323,2323
Precinct,102 - First Ward Second Precinct,1152,1381,12,2545,2545
Precinct,103 - First Ward Third Precinct,900,924,1,1825,1825
Precinct,104 - First Ward Fourth Precinct,475,264,2,741,741
Precinct,105 - First Ward Fifth Precinct,701,447,4,1152,1152
Precinct,201 - Second Ward First Precinct,1421,535,9,1965,1965
Precinct,202 - Second Ward Second Precinct,1202,416,8,1626,1626
Precinct,203 - Second Ward Third Precinct,325,149,3,477,477
Precinct,204 - Second Ward Fourth Precinct,237,222,1,460,460
Precinct,301 - Third Ward First Precinct,323,313,9,645,645
Precinct,302 - Third Ward Second Precinct,44,1442,8,1494,1494
Precinct,303 - Third Ward Third Precinct,377,456,8,841,841
Precinct,304 - Third Ward Fourth Precinct,376,571,2,949,949
Precinct,305 - Third Ward Fifth Precinct,671,1271,18,1960,1960
Precinct,401 - Fourth Ward First Precinct,1036,1710,11,2757,2757
Precinct,402 - Fourth Ward Second Precinct,466,518,4,988,988
Precinct,403 - Fourth Ward Third Precinct,841,875,7,1723,1723
Precinct,404 - Fourth Ward Fourth Precinct,1046,1034,10,2090,2090
Locality,Madison County,2211,4365,17,6593,6593
Precinct,001 - Oak Park,309,457,0,766,766
Precinct,002 - Radiant,398,702,3,1103,1103
Precinct,003 - Rochelle,168,421,3,592,592
Precinct,004 - Graves Mill/Wolftown,251,468,1,720,720
Precinct,005 - Madison,435,774,3,1212,1212
Precinct,006 - ETLAN,120,266,2,388,388
Precinct,007 - Brightwood,345,906,4,1255,1255
Precinct,008 - Criglersville,185,371,1,557,557
Locality,Manassas City,7406,4245,24,11675,11675
Precinct,001 - Dean,1325,529,4,1858,1858
Precinct,002 - Weems,1289,690,2,1981,1981
Precinct,003 - Metz,1313,851,2,2166,2166
Precinct,004 - Haydon,1228,722,5,1955,1955
Precinct,005 - Baldwin,1167,681,6,1854,1854
Precinct,006 - Round,1084,772,5,1861,1861
Locality,Manassas Park City,2756,1213,8,3977,3977
Precinct,001 - Precinct 1,1131,400,2,1533,1533
Precinct,002 - Precinct 2,683,355,2,1040,1040
Precinct,003 - Precinct 3,942,458,4,1404,1404
Locality,Martinsville City,2404,1523,7,3934,3934
Precinct,001 - Precinct #1,345,31,1,377,377
Precinct,002 - Precinct #2,491,372,2,865,865
Precinct,003 - Precinct #3,322,129,0,451,451
Precinct,004 - Precinct #4,522,241,2,765,765
Precinct,005 - Precinct #5,538,737,2,1277,1277
Precinct,006 - Precinct #6,186,13,0,199,199
Locality,Mathews County,1442,3321,6,4769,4769
Precinct,001 - Chesapeake,313,740,1,1054,1054
Precinct,002 - Westville,535,1180,0,1715,1715
Precinct,003 - Piankatank,594,1401,5,2000,2000
Locality,Mecklenburg County,4462,7287,22,11771,11771
Precinct,101 - Palmer Springs,233,195,1,429,429
Precinct,102 - Antioch Church,41,150,0,191,191
Precinct,103 - Clarksville South,322,309,1,632,632
Precinct,201 - Chase City,439,370,1,810,810
Precinct,202 - Bluestone,84,103,4,191,191
Precinct,301 - Bracey,202,675,0,877,877
Precinct,302 - Lacrosse,213,277,0,490,490
Precinct,401 - South Hill West,629,469,3,1101,1101
Precinct,501 - South Hill East,453,699,0,1152,1152
Precinct,601 - Baskerville,97,231,1,329,329
Precinct,602 - Union Level,50,181,3,234,234
Precinct,603 - Smith Crossroads,129,232,0,361,361
Precinct,604 - Lake Gaston,173,377,0,550,550
Precinct,701 - Midway,85,210,0,295,295
Precinct,702 - Williams Grove,187,357,2,546,546
Precinct,703 - Chase City East,176,263,2,441,441
Precinct,801 - Boydton,124,220,1,345,345
Precinct,802 - Clarksville Vfw,257,500,1,758,758
Precinct,803 - Chase City West,98,348,0,446,446
Precinct,901 - Nelson,28,155,0,183,183
Precinct,902 - Buffalo Junction,99,301,1,401,401
Precinct,903 - Clarksville North,343,665,1,1009,1009
Locality,Middlesex County,2062,3548,4,5614,5614
Precinct,101 - Saluda,165,243,0,408,408
Precinct,102 - Urbanna,271,425,0,696,696
Precinct,201 - New Market,381,913,0,1294,1294
Precinct,302 - Church View,419,554,1,974,974
Precinct,401- Harmony Village,416,578,2,996,996
Precinct,501 - Wilton,410,835,1,1246,1246
Locality,Montgomery County,20605,15588,281,36474,36474
Precinct,101 - Precinct A-1,1013,656,2,1671,1671
Precinct,102 - Precinct A-2,1152,313,4,1469,1469
Precinct,103 - Precinct A-3,134,29,0,163,163
Precinct,104 - Precinct A-4,1214,320,3,1537,1537
Precinct,105 - Precinct A-5,743,529,9,1281,1281
Precinct,201 - Precinct B-1,211,295,4,510,510
Precinct,202 - Precinct B-2,879,775,21,1675,1675
Precinct,203 - Precinct B-3,224,344,6,574,574
Precinct,204 - Precinct B-4,1111,821,21,1953,1953
Precinct,205 - Precinct B-5,624,607,12,1243,1243
Precinct,301 - Precinct C-1,468,1181,15,1664,1664
Precinct,302 - Precinct C-2,336,484,25,845,845
Precinct,303 - Precinct C-3,209,514,7,730,730
Precinct,304 - Precinct C-4,669,611,16,1296,1296
Precinct,305 - Precinct C-5,460,563,12,1035,1035
Precinct,401 - Precinct D-1,458,1245,24,1727,1727
Precinct,402 - Precinct D-2,597,1529,21,2147,2147
Precinct,403 - Precinct D-3,828,989,20,1837,1837
Precinct,404 - Precinct D-4,207,637,12,856,856
Precinct,501 - Precinct E-1,962,548,10,1520,1520
Precinct,502 - Precinct E-2,511,663,11,1185,1185
Precinct,503 - Precinct E-3,1061,140,1,1202,1202
Precinct,504 - Precinct E-4,274,89,2,365,365
Precinct,601 - Precinct F-1,1305,414,7,1726,1726
Precinct,602 - Precinct F-2,1388,326,8,1722,1722
Precinct,603 - Precinct F-3,381,114,0,495,495
Precinct,701 - Precinct G-1,1136,230,2,1368,1368
Precinct,702 - Precinct G-2,1026,310,0,1336,1336
Precinct,703 - Precinct G-3,1024,312,6,1342,1342
Locality,Nelson County,3715,3937,17,7669,7669
Precinct,101 - Rockfish,801,763,3,1567,1567
Precinct,201 - Lovingston,372,463,3,838,838
Precinct,202 - Schuyler,246,301,3,550,550
Precinct,301 - Shipman,474,616,1,1091,1091
Precinct,302 - Gladstone,55,113,0,168,168
Precinct,401 - Roseland,459,712,4,1175,1175
Precinct,402 - Montebello,48,72,0,120,120
Precinct,501 - Faber,317,262,1,580,580
Precinct,502 - Nellysford,943,635,2,1580,1580
Locality,New Kent County,4825,9037,16,13878,13878
Precinct,102 - Tunstall,198,779,1,978,978
Precinct,103 - Southern Branch,380,1023,2,1405,1405
Precinct,201 - Quinton,713,938,2,1653,1653
Precinct,202 - Kentwood,244,702,1,947,947
Precinct,301 - Watkins,1079,1371,4,2454,2454
Precinct,302 - Cumberland,370,722,3,1095,1095
Precinct,401 - Providence Forge,980,1274,2,2256,2256
Precinct,403 - Mountcastle,241,418,0,659,659
Precinct,501 - Eltham,288,724,0,1012,1012
Precinct,502 - Chickahominy River,332,1086,1,1419,1419
Locality,Newport News City,37645,18244,190,56079,56079
Precinct,101 - Denbigh,1405,447,9,1861,1861
Precinct,102 - Stoney Run,1509,370,8,1887,1887
Precinct,104 - Mcintosh,969,294,5,1268,1268
Precinct,106 - Reservoir,951,208,6,1165,1165
Precinct,107 - Richneck,1790,739,11,2540,2540
Precinct,108 - Katherine Johnson,478,173,0,651,651
Precinct,109 - Windsor,721,317,5,1043,1043
Precinct,110 - Greenwood,1381,485,5,1871,1871
Precinct,111 - Stoneybrook,1388,571,8,1967,1967
Precinct,112 - Knollwood Meadows,1373,976,13,2362,2362
Precinct,113 - Sanford,434,427,12,873,873
Precinct,201 - Bland,263,86,1,350,350
Precinct,202 - Boulevard,693,628,6,1327,1327
Precinct,203 - Charles,1337,1076,8,2421,2421
Precinct,204 - Mariners' Museum,757,373,3,1133,1133
Precinct,205 - Deep Creek,916,1038,1,1955,1955
Precinct,208 - Hidenwood,573,648,0,1221,1221
Precinct,211 - Palmer,1154,475,4,1633,1633
Precinct,212 - Riverside,501,528,2,1031,1031
Precinct,216 - Yates,1022,686,8,1716,1716
Precinct,217 - Riverview,813,778,9,1600,1600
Precinct,218 - Kiln Creek,1861,954,14,2829,2829
Precinct,219 - Deer Park,1539,496,5,2040,2040
Precinct,220 -Jenkins,1162,605,7,1774,1774
Precinct,302 - Briarfield,781,193,0,974,974
Precinct,303 - Carver,527,152,0,679,679
Precinct,304 - Chestnut,415,42,1,458,458
Precinct,305 - Downtown,239,65,2,306,306
Precinct,308 - Jefferson,344,24,0,368,368
Precinct,309 - Magruder,458,27,2,487,487
Precinct,310 - Marshall,524,41,2,567,567
Precinct,311 - Newmarket,1140,303,8,1451,1451
Precinct,312 - Newsome Park,283,22,1,306,306
Precinct,313 - Reed,838,47,2,887,887
Precinct,314 - River,519,243,2,764,764
Precinct,315 - Sedgefield,671,433,0,1104,1104
Precinct,316 - South Morrison,888,430,2,1320,1320
Precinct,317 - Washington,429,44,1,474,474
Precinct,318 - Wilson,495,72,0,567,567
Precinct,319 - Saunders,1186,752,4,1942,1942
Precinct,320 - Watkins,1414,1065,9,2488,2488
Precinct,321 - Hilton,949,581,3,1533,1533
Precinct,322 - Warwick,555,330,1,886,886
Locality,Norfolk City,47150,16621,137,63908,63908
Precinct,101 - Granby,1312,531,3,1846,1846
Precinct,102 - Ocean View School,484,335,4,823,823
Precinct,103 - Northside,754,519,3,1276,1276
Precinct,104 - Titustown,547,64,0,611,611
Precinct,106 - 2nd Presbyterian,1178,589,3,1770,1770
Precinct,107 - Wesley,737,328,7,1072,1072
Precinct,201 - Larchmont School,1406,491,2,1899,1899
Precinct,203 - Ghent Square,749,200,0,949,949
Precinct,207 - Lambert's Point,1315,167,8,1490,1490
Precinct,208 - LARCHMONT UMC,784,430,6,1220,1220
Precinct,210 - Maury,1192,313,9,1514,1514
Precinct,211 - Chrysler Museum,1778,603,3,2384,2384
Precinct,212 - Park Place,925,80,1,1006,1006
Precinct,213 - Taylor Elementary School,1588,306,2,1896,1896
Precinct,214 - Virginia Zoo,1498,314,5,1817,1817
Precinct,215 - Suburban Park,815,428,1,1244,1244
Precinct,218 - Willard,1506,815,4,2325,2325
Precinct,301 - Ballentine,1010,171,2,1183,1183
Precinct,302 - Tanners Creek,595,145,0,740,740
Precinct,303 - Broad Creek,1362,98,2,1462,1462
Precinct,304 - Coleman Place School,553,117,2,672,672
Precinct,305 - Lafayette-winona,852,197,0,1049,1049
Precinct,306 - Lindenwood,718,79,3,800,800
Precinct,309 - Norview,1592,414,5,2011,2011
Precinct,310 - Rosemont,1594,109,3,1706,1706
Precinct,311 - Sherwood,1493,537,2,2032,2032
Precinct,313 - Union Chapel,520,41,2,563,563
Precinct,402 - Berkley,893,50,1,944,944
Precinct,404 - Campostella,940,86,4,1030,1030
Precinct,405 - Chesterfield,1173,74,2,1249,1249
Precinct,406 - Barron Black,576,332,0,908,908
Precinct,408 - Eastside,926,529,7,1462,1462
Precinct,409 - Fairlawn,735,341,3,1079,1079
Precinct,411 - Ruffner Academy,502,40,0,542,542
Precinct,412 - Ingleside,975,176,0,1151,1151
Precinct,413 - Poplar Halls,1383,302,4,1689,1689
Precinct,414 - Young Park,848,57,1,906,906
Precinct,415 - Lake Taylor High School,779,328,1,1108,1108
Precinct,501 - Bayview,966,650,0,1616,1616
Precinct,503 - East Ocean View,1245,864,4,2113,2113
Precinct,504 - Larrymore,834,446,3,1283,1283
Precinct,505 - Little Creek,561,418,4,983,983
Precinct,506 - Ocean View Golf Course,1167,565,3,1735,1735
Precinct,507 - Pretlow,875,524,3,1402,1402
Precinct,509 - Tarrallton,698,706,4,1408,1408
Precinct,510 - 3rd Presbyterian,828,763,5,1596,1596
Precinct,511 - Crossroads,825,576,3,1404,1404
Precinct,512 - Azalea Gardens,564,373,3,940,940
Locality,Northampton County,2899,2583,9,5491,5491
Precinct,101 - Precinct 1-1,744,796,1,1541,1541
Precinct,201 - Precinct 2-1,582,389,5,976,976
Precinct,301 - Precinct 3-1,577,335,1,913,913
Precinct,401 - Precinct 4-1,588,590,1,1179,1179
Precinct,501 - Precinct 5-1,408,473,1,882,882
Locality,Northumberland County,2537,4244,8,6789,6789
Precinct,101 - 1a,420,744,5,1169,1169
Precinct,201 - 2a,437,842,1,1280,1280
Precinct,301 - 3a,592,397,0,989,989
Precinct,401 - 4a,541,1124,1,1666,1666
Precinct,501 - 5a,547,1137,1,1685,1685
Locality,Norton City,310,722,6,1038,1038
Precinct,001 - East Ward,310,722,6,1038,1038
Locality,Nottoway County,2384,3614,15,6013,6013
Precinct,101 - Precinct 1-1,314,615,1,930,930
Precinct,201 - Precinct 2-1,307,877,3,1187,1187
Precinct,202 - Precinct 2-2,256,405,3,664,664
Precinct,301 - Precinct 3-1,417,382,1,800,800
Precinct,302 - Precinct 3-2,102,145,2,249,249
Precinct,401 - Precinct 4-1,421,144,3,568,568
Precinct,402 - Precinct 4-2,155,320,1,476,476
Precinct,501 - Precinct 5-1,412,726,1,1139,1139
Locality,Orange County,6926,10265,44,17235,17235
Precinct,101 - 1 WEST,679,996,6,1681,1681
Precinct,102 - 1 EAST,411,789,1,1201,1201
Precinct,103 - 1 TOWN,317,263,1,581,581
Precinct,201 - 2 WEST,470,1028,2,1500,1500
Precinct,202 - 2 EAST,430,1337,5,1772,1772
Precinct,301 - 3 WEST,155,242,0,397,397
Precinct,302 - 3 EAST,288,634,2,924,924
Precinct,303 - 3 TOWN,836,823,6,1665,1665
Precinct,401 - 4 WEST,548,1221,5,1774,1774
Precinct,402 - 4 EAST,794,806,8,1608,1608
Precinct,501 - 5 SOUTH,913,943,2,1858,1858
Precinct,502 - 5 NORTH,1085,1183,6,2274,2274
Locality,Page County,2216,7031,23,9270,9270
Precinct,101 - West Luray,617,1295,4,1916,1916
Precinct,201 - East Luray,572,1344,8,1924,1924
Precinct,301 - Marksville,385,1659,5,2049,2049
Precinct,401 - Newport,331,1265,3,1599,1599
Precinct,501 - Shenandoah,311,1468,3,1782,1782
Locality,Patrick County,1380,5177,11,6568,6568
Precinct,101 - Ararat,93,304,0,397,397
Precinct,102 - Claudville,65,294,2,361,361
Precinct,103 - Willis Gap,62,353,0,415,415
Precinct,201 - Dry Pond,61,258,0,319,319
Precinct,202 - Patrick Springs,120,430,0,550,550
Precinct,203 - Russell Creek,117,411,2,530,530
Precinct,301 - Critz/stella,199,625,2,826,826
Precinct,302 - Liberty,63,422,0,485,485
Precinct,401 - Meadows Of Dan,169,452,0,621,621
Precinct,402 - Stuart Fairgrounds,79,269,1,349,349
Precinct,403 - Stuart Community,70,234,3,307,307
Precinct,502 - Elamsville,130,529,1,660,660
Precinct,503 - Woolwine,152,596,0,748,748
Locality,Petersburg City,8567,1234,61,9862,9862
Precinct,101 - 1st WARD 1st,988,136,10,1134,1134
Precinct,201 - 2nd WARD 1st,1422,170,7,1599,1599
Precinct,301 - 3rd WARD 1st,1590,340,14,1944,1944
Precinct,401 - 4th WARD 1st,1088,223,9,1320,1320
Precinct,501 - 5th WARD 1st,1043,128,5,1176,1176
Precinct,601 - 6th WARD 1st,1127,84,8,1219,1219
Precinct,701 - 7th WARD 1st,1309,153,8,1470,1470
Locality,Pittsylvania County,6943,17588,40,24571,24571
Precinct,103 - Twin Springs,402,1629,5,2036,2036
Precinct,105 - Chatham,179,450,3,632,632
Precinct,106 - Tunstall,211,725,1,937,937
Precinct,108 - West Blairs,180,351,0,531,531
Precinct,201 - Callands,173,589,1,763,763
Precinct,202- Bearskin,154,267,0,421,421
Precinct,204 - Sandy Level,130,411,0,541,541
Precinct,206 - Climax,117,464,1,582,582
Precinct,207 - Gretna,254,837,1,1092,1092
Precinct,301 - Central,375,375,1,751,751
Precinct,305 - Riceville,293,324,3,620,620
Precinct,307 - East Blairs,556,311,2,869,869
Precinct,308 - Mt Airy,234,252,0,486,486
Precinct,309 - East Gretna,142,248,0,390,390
Precinct,402 - Keeling,164,611,0,775,775
Precinct,404 - Kentuck,329,1079,3,1411,1411
Precinct,405 - Ringgold,383,1079,1,1463,1463
Precinct,501 - Hurt,373,865,5,1243,1243
Precinct,502 - Motley Sycamore,430,1108,7,1545,1545
Precinct,503 - Renan,104,476,1,581,581
Precinct,603 - Stony Mill,229,743,2,974,974
Precinct,604 - Swansonville,134,424,0,558,558
Precinct,605 - Whitmell,180,543,1,724,724
Precinct,606 - Brosville,301,435,0,736,736
Precinct,607 - Dry Fork,58,303,0,361,361
Precinct,702 - Bachelors Hall,170,891,1,1062,1062
Precinct,703 - Ferry Road,67,148,0,215,215
Precinct,704 - Mt Hermon,453,1061,1,1515,1515
Precinct,705 - Mt Cross,168,589,0,757,757
Locality,Poquoson City,1706,4524,8,6238,6238
Precinct,001 - Central,572,1455,3,2030,2030
Precinct,002 - Eastern,498,1472,1,1971,1971
Precinct,003 - Western,636,1597,4,2237,2237
Locality,Portsmouth City,22042,8977,85,31104,31104
Precinct,001 - Emanuel A. M. E. Church,932,292,2,1226,1226
Precinct,005 - Charles A. Fisher Memorial Academy,513,47,0,560,560
Precinct,007- Park View Elementary School,614,156,3,773,773
Precinct,009 - 3rd Baptist Church,842,185,3,1030,1030
Precinct,010 - Mount Hermon Preschool Center,402,186,0,588,588
Precinct,011 - Joseph E. Parker Recreation Center,636,57,0,693,693
Precinct,013 - St. Mark Missionary Baptist Church,353,35,0,388,388
Precinct,014 - Brighton Elementary School,732,45,3,780,780
Precinct,016 - Cradock Middle School,565,187,2,754,754
Precinct,017 - Victory Life Fellowship,724,288,4,1016,1016
Precinct,019 - Victory Elementary School,324,173,1,498,498
Precinct,020 - Noble Street Baptist Church,817,193,2,1012,1012
Precinct,021 - Hendricks/Kendall Recreation Center,464,45,1,510,510
Precinct,022 - St. Mark Deliverance Center,527,357,2,886,886
Precinct,023 - Westhaven Baptist Church,403,471,4,878,878
Precinct,024 - The Senior Station,520,240,3,763,763
Precinct,025 - Waterview Elementary School,711,396,2,1109,1109
Precinct,026 - William E. Waters Middle School,916,76,1,993,993
Precinct,027 - Cavalier Manor Recreation Center,816,58,2,876,876
Precinct,028 - Lakeview Elementary School,1430,97,1,1528,1528
Precinct,029 - Manor High School,254,380,4,638,638
Precinct,030 - The Rescue Church,351,474,4,829,829
Precinct,031 - West Park Church Of Christ,804,422,12,1238,1238
Precinct,032 - Hodges Manor Elementary School,444,448,3,895,895
Precinct,033- Pinecrest Baptist Church,278,469,3,750,750
Precinct,034- Churchland Branch Library,608,500,4,1112,1112
Precinct,035 - Churchland Elementary School,672,593,3,1268,1268
Precinct,036 - Churchland High School,1367,905,3,2275,2275
Precinct,037 - Churchland Middle School,1156,488,7,1651,1651
Precinct,038 - Grove Baptist Church,1255,234,2,1491,1491
Precinct,039 - Churchland Primary And Intermediate School,1612,480,4,2096,2096
Locality,Powhatan County,4843,12115,35,16993,16993
Precinct,101 - Subletts,507,1234,3,1744,1744
Precinct,102 - Manakin,524,942,4,1470,1470
Precinct,103 - Flat Rock,157,480,0,637,637
Precinct,201 - Powhatan Station,296,1013,2,1311,1311
Precinct,202 - Graceland,456,1340,2,1798,1798
Precinct,301 - Bethesda,517,1300,3,1820,1820
Precinct,302 - Lee's Landing,555,1214,7,1776,1776
Precinct,401 - Powhatan Courthouse,630,1861,7,2498,2498
Precinct,402 - Mt Zion,243,721,1,965,965
Precinct,501 - Smith Cross Roads,500,913,2,1415,1415
Precinct,502 - Pineville,311,512,0,823,823
Precinct,503 - Tobaccoville,147,585,4,736,736
Locality,Prince Edward County,3648,3711,25,7384,7384
Precinct,101 - Farmville,532,499,6,1037,1037
Precinct,201 - Lockett,490,670,6,1166,1166
Precinct,301 - Leigh,350,433,0,783,783
Precinct,302 - Mt Pleasant,192,167,1,360,360
Precinct,401 - Hampden,384,439,1,824,824
Precinct,501 - Darlington Hts,209,342,2,553,553
Precinct,502 - Buffalo Hts,148,159,1,308,308
Precinct,601 - Prospect,607,543,6,1156,1156
Precinct,701 - West End,466,372,2,840,840
Precinct,801 - Center,270,87,0,357,357
Locality,Prince George County,5480,8122,27,13629,13629
Precinct,101 - Richard Bland,327,539,2,868,868
Precinct,102 - Templeton,597,1904,3,2504,2504
Precinct,103 - Union Branch,616,807,4,1427,1427
Precinct,104 - Rives,454,380,1,835,835
Precinct,105 - Harrison,111,508,1,620,620
Precinct,201 - Bland,998,1440,9,2447,2447
Precinct,202 - Blackwater,499,1000,2,1501,1501
Precinct,203 - Brandon,168,452,2,622,622
Precinct,204 - Courts,1033,760,2,1795,1795
Precinct,205 - Jefferson Park,677,332,1,1010,1010
Locality,Prince William County,108434,56669,348,165451,165451
Precinct,101 - Brentsville,666,1349,2,2017,2017
Precinct,102 - Cedar Point,1021,699,5,1725,1725
Precinct,103 - Glenkirk,1228,945,4,2177,2177
Precinct,104 - Nokesville,1099,1331,4,2434,2434
Precinct,105 - Piney Branch,1059,744,2,1805,1805
Precinct,106 - Unity Reed,339,152,4,495,495
Precinct,107 - Marsteller,1406,872,4,2282,2282
Precinct,108 - Victory,1333,774,4,2111,2111
Precinct,109 - Chris Yung,1252,645,5,1902,1902
Precinct,110 - Buckland Mills,1171,806,8,1985,1985
Precinct,111 - Limestone,1383,990,6,2379,2379
Precinct,112 - Burke-nickens,1527,1122,9,2658,2658
Precinct,113 - Lakes,1172,709,2,1883,1883
Precinct,114 - Bristow Run,1488,1023,7,2518,2518
Precinct,201 - Hylton,1154,453,2,1609,1609
Precinct,202 - West Gate,588,230,0,818,818
Precinct,203 - Bennett,1546,900,10,2456,2456
Precinct,204 - Ellis,753,385,1,1139,1139
Precinct,205 - Buckhall,831,703,5,1539,1539
Precinct,206 - Coles,1141,997,5,2143,2143
Precinct,207 - Spriggs,1196,618,1,1815,1815
Precinct,208 - Colgan,608,562,0,1170,1170
Precinct,209 - Independent Hill,663,953,2,1618,1618
Precinct,210 - Yates Ford,1123,1039,9,2171,2171
Precinct,211 - Signal Hill,762,366,3,1131,1131
Precinct,212 - Yorkshire,778,439,1,1218,1218
Precinct,213 - Parkside,685,406,3,1094,1094
Precinct,214 - Lucasville,974,1016,2,1992,1992
Precinct,215 - Saunders,1222,393,7,1622,1622
Precinct,301 - Dumfries,1043,313,4,1360,1360
Precinct,302 - Potomac,1323,238,1,1562,1562
Precinct,303 - Graham Park,744,232,2,978,978
Precinct,304 - Quantico,108,87,0,195,195
Precinct,305 - Forest Park,1168,654,2,1824,1824
Precinct,306 - 4 Seasons,1255,633,8,1896,1896
Precinct,307 - Henderson,1014,605,3,1622,1622
Precinct,308 - Montclair,707,423,1,1131,1131
Precinct,309 - Ashland,950,544,0,1494,1494
Precinct,310 - Forest Park,1101,364,3,1468,1468
Precinct,311 - Swans Creek,1221,382,2,1605,1605
Precinct,312 - Triangle,1345,462,5,1812,1812
Precinct,313 - Cardinal,1396,517,1,1914,1914
Precinct,314 - Cabin Branch,1027,487,4,1518,1518
Precinct,315 - Williams,1336,249,2,1587,1587
Precinct,316 - Potomac Shores,1728,448,3,2179,2179
Precinct,401 - Evergreen,908,1155,3,2066,2066
Precinct,402 - Gravely,1196,1513,6,2715,2715
Precinct,403 - Bull Run,1132,768,3,1903,1903
Precinct,404 - Unity Braxton,631,252,1,884,884
Precinct,405 - Ben Lomond,953,323,4,1280,1280
Precinct,406 - Alvey,1228,1069,4,2301,2301
Precinct,407 - Heritage Hunt,1624,1329,2,2955,2955
Precinct,408 - Sudley,634,399,4,1037,1037
Precinct,409 - Tyler,1759,1064,2,2825,2825
Precinct,410 - Mountain View,1318,1117,5,2440,2440
Precinct,411 - Mullen,1086,315,3,1404,1404
Precinct,412 - Catharpin,609,952,2,1563,1563
Precinct,413 - Reagan,1093,1000,4,2097,2097
Precinct,414 - Seymour,791,317,2,1110,1110
Precinct,501 - Springwoods,1444,592,0,2036,2036
Precinct,502 - Occoquan,1169,469,2,1640,1640
Precinct,503 - Mohican,768,259,4,1031,1031
Precinct,504 - Rockledge,949,457,4,1410,1410
Precinct,505 - Lake Ridge,1444,627,9,2080,2080
Precinct,506 - Old Bridge,961,442,2,1405,1405
Precinct,507 - Chinn,1476,465,5,1946,1946
Precinct,508 - Purcell,1056,898,4,1958,1958
Precinct,509 - Mc Coart,1325,982,5,2312,2312
Precinct,510 - County Center,341,64,1,406,406
Precinct,511 - Westridge,1535,671,10,2216,2216
Precinct,512 - York,943,230,2,1175,1175
Precinct,513 - Woodbridge,1423,750,6,2179,2179
Precinct,514 - Antietam,1408,615,5,2028,2028
Precinct,515 - Marshall,930,820,10,1760,1760
Precinct,516 - Kerrydale,518,169,1,688,688
Precinct,601 - Dale,1043,245,6,1294,1294
Precinct,602 - Beville,1442,411,11,1864,1864
Precinct,603 - Hampton,1108,348,3,1459,1459
Precinct,604 - Gar-Field,998,216,2,1216,1216
Precinct,605 - Minnieville,695,284,0,979,979
Precinct,606 - Bel Air,976,390,6,1372,1372
Precinct,607 - Hillendale,767,253,1,1021,1021
Precinct,608 - Enterprise,1366,517,2,1885,1885
Precinct,609 - King,887,283,4,1174,1174
Precinct,610 - Fitzgerald,1295,332,3,1630,1630
Precinct,611 - Neabsco,1239,371,2,1612,1612
Precinct,612 - Elm Farm,724,312,3,1039,1039
Precinct,613 - Hoadly,344,98,1,443,443
Precinct,614 - Rosa Parks,1196,384,2,1582,1582
Precinct,615 - Commons,143,16,1,160,160
Precinct,616 - Markham,374,49,0,423,423
Precinct,701 - Belmont,1299,584,3,1886,1886
Precinct,702 - Library,1378,318,4,1700,1700
Precinct,703 - Lynn,721,156,0,877,877
Precinct,704 - Porter,1117,199,4,1320,1320
Precinct,705 - Potomac View,664,285,1,950,950
Precinct,706 - Rippon,1274,440,6,1720,1720
Precinct,707 - Kilby,1006,310,0,1316,1316
Precinct,708 - River Oaks,1386,297,1,1684,1684
Precinct,709 - Freedom,1121,224,1,1346,1346
Precinct,710 - Powells Creek,1254,200,5,1459,1459
Precinct,711 - Grayson,1027,296,0,1323,1323
Precinct,712 - Leesylvania,1304,509,3,1816,1816
Locality,Pulaski County,3684,8739,55,12478,12478
Precinct,101 - Belspring,143,365,3,511,511
Precinct,102 - New River,680,1051,6,1737,1737
Precinct,103 - West Cloyd,161,368,6,535,535
Precinct,201 - Draper,211,795,3,1009,1009
Precinct,202 - South Pulaski,67,96,0,163,163
Precinct,203 - Newbern,454,980,10,1444,1444
Precinct,301 - Dublin,444,1207,7,1658,1658
Precinct,302 - Hiwassee,73,229,0,302,302
Precinct,304 - Snowville,201,648,2,851,851
Precinct,402 - Walker,90,478,0,568,568
Precinct,403 - West Massie,377,845,6,1228,1228
Precinct,404 - East Massie,124,312,1,437,437
Precinct,501 - Robinson,659,1365,11,2035,2035
Locality,Radford City,2551,2042,75,4668,4668
Precinct,001 - East,606,294,3,903,903
Precinct,002 - Central,713,682,37,1432,1432
Precinct,003 - West,679,813,28,1520,1520
Precinct,004 - New River,553,253,7,813,813
Locality,Rappahannock County,1758,2255,19,4032,4032
Precinct,101 - Washington,397,404,3,804,804
Precinct,201 - Amissville,272,603,0,875,875
Precinct,301 - Sperryville,421,371,3,795,795
Precinct,401 - Scrabble,349,421,9,779,779
Precinct,501 - Chester Gap,90,238,2,330,330
Precinct,502 - Flint Hill,229,218,2,449,449
Locality,Richmond City,77011,13489,164,90664,90664
Precinct,101 - One Hundred One,398,214,3,615,615
Precinct,102 - One Hundred Two,560,403,0,963,963
Precinct,104 - One Hundred Four,815,683,5,1503,1503
Precinct,105 - One Hundred Five,958,391,1,1350,1350
Precinct,106 - One Hundred Six,685,892,1,1578,1578
Precinct,111 - One Hundred Eleven,954,389,3,1346,1346
Precinct,112 - One Hundred Twelve,884,279,2,1165,1165
Precinct,113 - One Hundred Thirteen,1868,234,6,2108,2108
Precinct,114 - One Hundred Fourteen,1904,291,3,2198,2198
Precinct,115 - One Hundred Fifteen,615,480,6,1101,1101
Precinct,204 - Two Hundred Four,1191,201,3,1395,1395
Precinct,206 - Two Hundred Six,787,79,0,866,866
Precinct,207 - Two Hundred Seven,1617,251,4,1872,1872
Precinct,208 - Two Hundred Eight,1773,263,2,2038,2038
Precinct,213 - Two Hundred Thirteen,1589,75,4,1668,1668
Precinct,214 - Two Hundred Fourteen,1260,66,2,1328,1328
Precinct,215 - Two Hundred Fifteen,1620,300,2,1922,1922
Precinct,216 - Two Hundred Sixteen,385,18,0,403,403
Precinct,301 - Three Hundred One,627,48,2,677,677
Precinct,302 - Three Hundred Two,749,131,2,882,882
Precinct,303 - Three Hundred Three,778,57,1,836,836
Precinct,304 - Three Hundred Four,1233,90,2,1325,1325
Precinct,305 - Three Hundred Five,1241,132,0,1373,1373
Precinct,306 - Three Hundred Six,585,36,2,623,623
Precinct,307 - Three Hundred Seven,2079,461,7,2547,2547
Precinct,308 - Three Hundred Eight,1125,246,4,1375,1375
Precinct,309 - Three Hundred Nine,497,144,1,642,642
Precinct,310 - Three Hundred Ten,183,23,0,206,206
Precinct,311 - Three Hundred Eleven,467,49,1,517,517
Precinct,402 - Four Hundred Two,2240,477,8,2725,2725
Precinct,404 - Four Hundred Four,1223,214,3,1440,1440
Precinct,409 - Four Hundred Nine,1069,506,0,1575,1575
Precinct,410 - Four Hundred Ten,1066,327,0,1393,1393
Precinct,412 - Four Hundred Twelve,1353,229,0,1582,1582
Precinct,413 - Four Hundred Thirteen,1117,349,2,1468,1468
Precinct,414 - Four Hundred Fourteen,1194,472,1,1667,1667
Precinct,415 - Four Hundred Fifteen,1011,412,2,1425,1425
Precinct,501 - Five Hundred One,1690,214,6,1910,1910
Precinct,503 - Five Hundred Three,1637,172,7,1816,1816
Precinct,504 - Five Hundred Four,1811,160,3,1974,1974
Precinct,505 - Five Hundred Five,1357,96,2,1455,1455
Precinct,508 - Five Hundred Eight,856,98,0,954,954
Precinct,509 - Five Hundred Nine,895,79,0,974,974
Precinct,510 - Five Hundred Ten,1406,138,3,1547,1547
Precinct,602 - Six Hundred Two,553,39,1,593,593
Precinct,603 - Six Hundred Three,707,50,2,759,759
Precinct,604 - Six Hundred Four,806,63,2,871,871
Precinct,606 - Six Hundred Six,1280,70,3,1353,1353
Precinct,607 - Six Hundred Seven,1095,167,5,1267,1267
Precinct,609 - Six Hundred Nine,1242,124,3,1369,1369
Precinct,610 - Six Hundred Ten,607,36,3,646,646
Precinct,611 - Six Hundred Eleven,1066,82,4,1152,1152
Precinct,701 - Seven Hundred One,526,48,0,574,574
Precinct,702 - Seven Hundred Two,1035,73,1,1109,1109
Precinct,703 - Seven Hundred Three,1351,109,0,1460,1460
Precinct,705 - Seven Hundred Five,1259,117,2,1378,1378
Precinct,706 - Seven Hundred Six,1691,163,3,1857,1857
Precinct,707 - Seven Hundred Seven,2275,222,3,2500,2500
Precinct,708 - Seven Hundred Eight,909,79,2,990,990
Precinct,709 - Seven Hundred Nine,782,95,0,877,877
Precinct,802 - Eight Hundred Two,862,59,2,923,923
Precinct,806 - Eight Hundred Six,892,104,1,997,997
Precinct,810 - Eight Hundred Ten,684,82,2,768,768
Precinct,811 - Eight Hundred Eleven,859,88,1,948,948
Precinct,812 - Eight Hundred Twelve,1439,171,5,1615,1615
Precinct,814 - Eight Hundred Fourteen,654,65,2,721,721
Precinct,902 - Nine Hundred Two,329,24,0,353,353
Precinct,903 - Nine Hundred Three,900,120,4,1024,1024
Precinct,908 - Nine Hundred Eight,920,97,3,1020,1020
Precinct,909 - Nine Hundred Nine,1078,112,1,1191,1191
Precinct,910 - Nine Hundred Ten,940,101,2,1043,1043
Precinct,911 - Nine Hundred Eleven,918,60,1,979,979
Locality,Richmond County,1047,2043,6,3096,3096
Precinct,101 - Precinct 1-1,302,304,2,608,608
Precinct,201 - Precinct 2-1,145,361,1,507,507
Precinct,301 - Precinct 3-1,224,437,0,661,661
Precinct,401 - Precinct 4-1,206,463,2,671,671
Precinct,501 - Precinct 5-1,170,478,1,649,649
Locality,Roanoke City,19996,10628,76,30700,30700
Precinct,1 -Peters Creek,1057,299,2,1358,1358
Precinct,2 - Grandview,891,368,4,1263,1263
Precinct,3 -Preston Park,670,622,1,1293,1293
Precinct,4 - Williamson Road,844,497,5,1346,1346
Precinct,5 - East Gate,795,915,3,1713,1713
Precinct,6 - Hollins Road,629,533,4,1166,1166
Precinct,7 - Southeast,664,492,2,1158,1158
Precinct,8 - Lincoln Terrace,879,104,4,987,987
Precinct,9 - Highland,1179,308,7,1494,1494
Precinct,10 - Old Southwest-Wasena,1477,480,1,1958,1958
Precinct,11 - Raleigh Court,1518,634,3,2155,2155
Precinct,12 - South Roanoke,906,860,6,1772,1772
Precinct,13 - Garden City,644,782,3,1429,1429
Precinct,14 - Crystal Spring,1053,708,7,1768,1768
Precinct,15 - Grandin Court,1186,678,5,1869,1869
Precinct,16 - Deyerle,1113,929,5,2047,2047
Precinct,17 - Lee-Hi,1449,639,3,2091,2091
Precinct,18 - Summit Hills,886,511,6,1403,1403
Precinct,19 - Forest Park,975,154,3,1132,1132
Precinct,20 - Eureka Park,1181,115,2,1298,1298
Locality,Roanoke County,17179,25400,113,42692,42692
Precinct,101 - Catawba,449,1165,6,1620,1620
Precinct,102 - Richfield,471,883,3,1357,1357
Precinct,103 - North Glenvar,437,972,4,1413,1413
Precinct,104 - Northside,638,766,6,1410,1410
Precinct,105 - Hanging Rock,650,835,1,1486,1486
Precinct,106 - South Glenvar,210,574,4,788,788
Precinct,107 - Fort Lewis,386,575,3,964,964
Precinct,201 - Plantation,501,724,4,1229,1229
Precinct,202 - Burlington,443,414,2,859,859
Precinct,203 - Mountain View,770,1202,7,1979,1979
Precinct,204 - Green Ridge,607,814,5,1426,1426
Precinct,205 - Orchards,705,1243,1,1949,1949
Precinct,206 - Hollins,318,388,1,707,707
Precinct,301 - Bent Mountain,167,291,2,460,460
Precinct,302 - Back Creek,822,1318,1,2141,2141
Precinct,303 - Windsor Hills,663,624,9,1296,1296
Precinct,304 - Oak Grove,694,911,1,1606,1606
Precinct,305 - East Hidden Valley,622,772,4,1398,1398
Precinct,306 - Garst Mill,647,646,2,1295,1295
Precinct,307 - West Hidden Valley,521,707,2,1230,1230
Precinct,401 - Bonsack,302,628,5,935,935
Precinct,403 - North Vinton,522,792,3,1317,1317
Precinct,404 - South Vinton,491,726,6,1223,1223
Precinct,405 - North Lindenwood,449,934,3,1386,1386
Precinct,405 - South Lindenwood,380,788,6,1174,1174
Precinct,406 - Mount Pleasant,494,1169,4,1667,1667
Precinct,501 - Starkey,550,679,2,1231,1231
Precinct,502 - West Cave Spring,556,701,2,1259,1259
Precinct,503 - East Cave Spring,600,695,3,1298,1298
Precinct,504 - Green Valley,917,751,3,1671,1671
Precinct,505 - Clearbrook,277,611,4,892,892
Precinct,506 - Buck Mountain,147,196,2,345,345
Precinct,507 - Hunting Hills,773,906,2,1681,1681
Locality,Rockbridge County,3365,6710,16,10091,10091
Precinct,101 - Airport,582,578,4,1164,1164
Precinct,102 - Ben Salem,133,289,0,422,422
Precinct,103 - Plank Road,92,270,2,364,364
Precinct,104 - Effinger,124,282,2,408,408
Precinct,201 - Collierstown,130,298,0,428,428
Precinct,202 - Highland Belle,468,842,1,1311,1311
Precinct,203 - Vo-tech,114,105,0,219,219
Precinct,301 - Maury River,231,485,1,717,717
Precinct,302 - Natural Bridge,155,451,0,606,606
Precinct,303 - Falling Spring,78,232,0,310,310
Precinct,401 - Fairfield,197,485,0,682,682
Precinct,402 - Mountain View,276,700,0,976,976
Precinct,403 - Vesuvius,65,241,2,308,308
Precinct,501 - Goshen,55,275,0,330,330
Precinct,502 - Meadowview,285,392,1,678,678
Precinct,503 - Rockbridge Baths,142,271,2,415,415
Precinct,504 - Rockbridge,238,514,1,753,753
Locality,Rockingham County,11207,24665,90,35962,35962
Precinct,101 - Broadway,587,1151,0,1738,1738
Precinct,102 - Timberville,252,627,2,881,881
Precinct,103 - Fulks Run,115,796,2,913,913
Precinct,104 - Bergton,33,275,1,309,309
Precinct,105 - Lacey Spring,306,1123,5,1434,1434
Precinct,106 - Lone Pine,307,1036,7,1350,1350
Precinct,201 - Singers Glen,271,862,1,1134,1134
Precinct,202 - Edom,649,1150,3,1802,1802
Precinct,203 - Dayton,268,487,1,756,756
Precinct,204 - Mt Clinton,331,900,3,1234,1234
Precinct,205 - Silver Lake,696,1058,7,1761,1761
Precinct,301 - Keezletown,256,553,2,811,811
Precinct,302 - Port Republic,265,725,2,992,992
Precinct,303 - Melrose,172,508,3,683,683
Precinct,304 - Grottoes,366,947,3,1316,1316
Precinct,305 - Massanetta Springs,1110,1105,4,2219,2219
Precinct,306 - Crossroads,1008,1240,5,2253,2253
Precinct,401 - West Bridgewater,385,644,4,1033,1033
Precinct,402 - Montezuma,268,918,5,1191,1191
Precinct,403 - Mt Crawford,75,117,0,192,192
Precinct,404 - North River,652,937,4,1593,1593
Precinct,405 - Ottobine,205,1038,7,1250,1250
Precinct,406 - East Bridgewater,688,828,5,1521,1521
Precinct,501 - Elkton,376,915,4,1295,1295
Precinct,502 - Swift Run,244,1511,5,1760,1760
Precinct,503 - Mcgaheysville,506,1257,2,1765,1765
Precinct,504 - South Fork,128,692,1,821,821
Precinct,505 - Stony Run,516,718,2,1236,1236
Precinct,506 - Deep Run,172,547,0,719,719
Locality,Russell County,1554,6995,229,8778,8778
Precinct,101 - Moccasin,108,600,25,733,733
Precinct,102 - Copper Creek,89,411,7,507,507
Precinct,103 - South Castlewood,78,287,2,367,367
Precinct,201 - North Castlewood,195,870,11,1076,1076
Precinct,202 - Dante,34,157,0,191,191
Precinct,301 - Cooks Mill,35,157,3,195,195
Precinct,302 - Daugherty,39,214,8,261,261
Precinct,303 - New Garden,78,465,28,571,571
Precinct,304 - Cleveland,82,259,7,348,348
Precinct,401 - Drill,20,33,1,54,54
Precinct,402 - Swords Creek,99,673,59,831,831
Precinct,403 - Honaker,70,279,14,363,363
Precinct,501 - West Lebanon,347,1151,25,1523,1523
Precinct,601 - East Lebanon,134,609,15,758,758
Precinct,602 - Elk Garden,146,830,24,1000,1000
Locality,Salem City,3954,5438,21,9413,9413
Precinct,001 - North Salem No 2,589,649,4,1242,1242
Precinct,002 - Conehurst,230,316,1,547,547
Precinct,003 - Beverly Heights,212,433,0,645,645
Precinct,004 - West Salem,410,566,5,981,981
Precinct,005 - North Salem No 1,642,677,4,1323,1323
Precinct,006 - South Salem No 1,305,417,1,723,723
Precinct,007 - South Salem No 2,300,492,1,793,793
Precinct,008 - East Salem,142,206,1,349,349
Precinct,009 - South Side Hills,489,846,1,1336,1336
Precinct,010 - Hidden Valley,635,836,3,1474,1474
Locality,Scott County,1135,6112,17,7264,7264
Precinct,101 - Weber City,83,368,3,454,454
Precinct,102 - Yuma,125,580,1,706,706
Precinct,202 - Weber City East,72,405,0,477,477
Precinct,203 - Hiltons,114,585,2,701,701
Precinct,204 - Clark's,20,165,0,185,185
Precinct,301 - Nickelsville,66,385,0,451,451
Precinct,302 - Snowflake,52,317,0,369,369
Precinct,303 - Twin Springs,68,311,0,379,379
Precinct,304 - Copper Creek,11,113,0,124,124
Precinct,401 - Gate City,231,1030,4,1265,1265
Precinct,501 - Dungannon,50,176,1,227,227
Precinct,502 - Fort Blackmore,35,243,0,278,278
Precinct,503 - Manville,23,174,1,198,198
Precinct,504 - Rye Cove,37,374,2,413,413
Precinct,601 - Clinchport,38,235,0,273,273
Precinct,602 - Duffield-pattonsville,83,526,2,611,611
Precinct,603 - Fairview,27,125,1,153,153
Locality,Shenandoah County,5407,12645,46,18098,18098
Precinct,101 - Orkney Springs,369,644,1,1014,1014
Precinct,103 - New Market,563,1481,3,2047,2047
Precinct,201 - Conicville,389,1390,5,1784,1784
Precinct,202 - Mt Jackson,344,852,4,1200,1200
Precinct,302 - Edinburg,323,822,2,1147,1147
Precinct,303 - St Luke,390,1252,2,1644,1644
Precinct,304 - Fort Valley,221,562,1,784,784
Precinct,401 - Woodstock North,517,952,2,1471,1471
Precinct,402 - Woodstock South,404,675,1,1080,1080
Precinct,501 - Cedar Creek,39,96,0,135,135
Precinct,503 - Toms Brook,506,1329,5,1840,1840
Precinct,504 - Lebanon Church,330,1028,4,1362,1362
Precinct,601 - Strasburg West,472,742,11,1225,1225
Precinct,602 - Strasburg East,540,820,5,1365,1365
Locality,Smyth County,2129,7743,59,9931,9931
Precinct,101 - Saltville,247,956,7,1210,1210
Precinct,201 - 7 MILE FORD,146,857,5,1008,1008
Precinct,202 - Rich Valley,87,296,1,384,384
Precinct,301 - Chilhowie,267,1208,14,1489,1489
Precinct,401 - East Park,386,923,11,1320,1320
Precinct,501 - Atkins,158,711,2,871,871
Precinct,502 - Wassona,221,450,4,675,675
Precinct,601 - Royal Oak East,219,608,6,833,833
Precinct,602 - Royal Oak West,107,410,2,519,519
Precinct,701 - Adwolfe,131,822,4,957,957
Precinct,702 - Sugar Grove,148,433,3,584,584
Precinct,703 - Konnarock,12,69,0,81,81
Locality,Southampton County,2780,4602,9,7391,7391
Precinct,101 - Berlin,113,513,0,626,626
Precinct,102 - Ivor,267,507,0,774,774
Precinct,201 - Boykins-Branchville,380,358,0,738,738
Precinct,301 - Capron-Drewryville,308,521,1,830,830
Precinct,302 - Sebrell,201,380,1,582,582
Precinct,501 - Darden Mill,217,430,1,648,648
Precinct,502 - Fairgrounds,236,517,3,756,756
Precinct,601 - Courtland,363,464,2,829,829
Precinct,602 - Sedley,36,168,0,204,204
Precinct,701 - Blackwater River,339,372,0,711,711
Precinct,702 - Newsoms,320,372,1,693,693
Locality,Spotsylvania County,29386,30050,147,59583,59583
Precinct,101 - Partlow Ruritan,456,1359,1,1816,1816
Precinct,102 - Berkeley,544,1342,2,1888,1888
Precinct,103 - John J Wright,1566,1636,6,3208,3208
Precinct,104 - Massaponax High,1305,977,2,2284,2284
Precinct,201 - Wilderness Elementary,701,757,1,1459,1459
Precinct,202 - Fire Rescue 7,1096,1565,14,2675,2675
Precinct,203 - Ni River Middle,1105,1364,5,2474,2474
Precinct,204 - Chancellor Elementary,1167,1012,9,2188,2188
Precinct,301 - Salem Elementary,744,686,1,1431,1431
Precinct,302 - Salem Library,1378,1047,10,2435,2435
Precinct,303 - Riverbend High,1430,1528,13,2971,2971
Precinct,304 - Knights Of Pythias,903,813,6,1722,1722
Precinct,401 - Cosner Park,1129,790,1,1920,1920
Precinct,402 - Germanna Campus,1307,902,8,2217,2217
Precinct,403 - Lee Hill Elementary,1317,993,8,2318,2318
Precinct,404 - New Post Church,786,558,2,1346,1346
Precinct,501 - Belmont Ruritan,509,1087,6,1602,1602
Precinct,502 - Fire Rescue 2,412,1058,2,1472,1472
Precinct,503 - Spotsylvania High,397,1113,2,1512,1512
Precinct,504 - Public Safety,912,1219,11,2142,2142
Precinct,505 - Brock Road Elementary,1301,1825,7,3133,3133
Precinct,601 - Battlefield Elementary,1037,803,4,1844,1844
Precinct,602 - Smith Station Elementary,1361,906,4,2271,2271
Precinct,603 - Chancellor High,737,617,3,1357,1357
Precinct,604 - Courthouse Road Elementary,887,706,4,1597,1597
Precinct,701 - Spotswood Elementary,974,708,6,1688,1688
Precinct,702 - Eastland Church,1050,706,2,1758,1758
Precinct,703 - Lees Parke,1437,661,2,2100,2100
Precinct,704 - Courtland Elementary,1438,1312,5,2755,2755
Locality,Stafford County,33897,28885,110,62892,62892
Precinct,101 - Hartwood,1082,1896,0,2978,2978
Precinct,102 - Simpson,942,1203,0,2145,2145
Precinct,103 - College,1038,730,1,1769,1769
Precinct,104 - Westlake,520,879,1,1400,1400
Precinct,105 - Rocky Run,584,438,1,1023,1023
Precinct,106 - Forge,595,395,2,992,992
Precinct,201 - Rock Hill,1376,1108,4,2488,2488
Precinct,202 - Roseville,854,1256,1,2111,2111
Precinct,203 - Ruby,597,1118,5,1720,1720
Precinct,204 - Stefaniga,1081,1054,6,2141,2141
Precinct,205 - Mount Ararat,484,360,1,845,845
Precinct,301 - Staffordboro,636,225,0,861,861
Precinct,302 - Widewater,696,686,4,1386,1386
Precinct,303 - Barrett Heights,538,322,2,862,862
Precinct,304 - Aquia Episcopal,414,122,1,537,537
Precinct,305 - Griffis,342,162,0,504,504
Precinct,306 - Midway,903,303,6,1212,1212
Precinct,401 - Courthouse,1341,437,2,1780,1780
Precinct,402 - Brooke,652,791,2,1445,1445
Precinct,403 - Harbour,663,643,5,1311,1311
Precinct,404 - Government Island,825,832,4,1661,1661
Precinct,405 - Hope,1335,1161,4,2500,2500
Precinct,406 - Aquia,210,45,0,255,255
Precinct,501 - Grafton,1438,1467,5,2910,2910
Precinct,502 - Falmouth,1103,888,5,1996,1996
Precinct,503 - Drew,1347,1035,4,2386,2386
Precinct,504 - Gayle,1133,691,2,1826,1826
Precinct,505 - Eskimo Hill,377,287,2,666,666
Precinct,601 - Ferry Farm,880,1043,2,1925,1925
Precinct,602 - Chatham,1093,1028,11,2132,2132
Precinct,603 - White Oak,791,1536,4,2331,2331
Precinct,604 - England Run,485,219,4,708,708
Precinct,605 - Melchers,1664,1024,7,2695,2695
Precinct,701 - Park Ridge,1338,856,3,2197,2197
Precinct,702 - Whitson,991,451,1,1443,1443
Precinct,703 - Hampton,1426,1048,6,2480,2480
Precinct,704 - Poole,2123,1146,2,3271,3271
Locality,Staunton City,6386,4358,23,10767,10767
Precinct,101 - Ward No 1,1323,884,5,2212,2212
Precinct,201 - Ward No 2,1155,1157,2,2314,2314
Precinct,301 - Ward No 3,1207,937,9,2153,2153
Precinct,401 - Ward No 4,1145,771,3,1919,1919
Precinct,501 - Ward No 5,1556,609,4,2169,2169
Locality,Suffolk City,24796,16575,87,41458,41458
Precinct,101 - Belleharbour,637,256,2,895,895
Precinct,102 - Driver,1289,1699,8,2996,2996
Precinct,104 - Bennetts Creek,658,454,2,1114,1114
Precinct,105 - Harbourview,1653,968,2,2623,2623
Precinct,201 - Ebenezer,548,911,4,1463,1463
Precinct,202 - Chuckatuck,618,802,8,1428,1428
Precinct,203 - Kings Fork,1475,557,5,2037,2037
Precinct,204 - Hillpoint,1426,568,2,1996,1996
Precinct,301 - White Marsh,286,131,2,419,419
Precinct,302 - John F Kennedy,1293,172,4,1469,1469
Precinct,304 - Nansemond River,1240,628,4,1872,1872
Precinct,305 - Shoulders Hill,582,307,2,891,891
Precinct,306 - Deerfield,828,490,4,1322,1322
Precinct,316 - Potomac Shores,1728,448,3,2179,2179
Precinct,401 - Airport,526,629,1,1156,1156
Precinct,402 - Whaleyville,438,1022,4,1464,1464
Precinct,403 - Southside,615,69,0,684,684
Precinct,404 - Booker T Washington,987,71,2,1060,1060
Precinct,405 - Hollywood,562,47,1,610,610
Precinct,501 - Kilbys Mill,838,1084,5,1927,1927
Precinct,502 - Holland,393,780,3,1176,1176
Precinct,504 - Lake Cohoon,1212,1674,4,2890,2890
Precinct,505 - Pittmantown,377,603,3,983,983
Precinct,601 - Lakeside,900,614,5,1519,1519
Precinct,602 - Olde Towne,284,138,0,422,422
Precinct,603 - Elephants Fork/westhaven,356,232,0,588,588
Precinct,604 - Wilroy,969,611,1,1581,1581
Precinct,605 - Mack Benn Jr,280,89,1,370,370
Precinct,703 - Pughsville,964,203,0,1167,1167
Precinct,704 - Burbage Grant,1307,513,2,1822,1822
Precinct,706 - Huntersville,1255,253,6,1514,1514
Locality,Surry County,1818,1745,8,3571,3571
Precinct,101 - Surry,298,473,3,774,774
Precinct,201 - Bacons Castle,417,270,2,689,689
Precinct,301 - Dendron,353,356,1,710,710
Precinct,401 - Carsley,369,364,1,734,734
Precinct,501 - Claremont,218,241,1,460,460
Precinct,502 - Spring Grove,163,41,0,204,204
Locality,Sussex County,1992,1834,8,3834,3834
Precinct,101 - Waverly,387,105,1,493,493
Precinct,201 - Stony Creek,336,226,1,563,563
Precinct,301 - Courthouse,78,139,2,219,219
Precinct,302 - NEWVILLE 1,47,121,0,168,168
Precinct,401 - Wakefield Firehouse,312,328,0,640,640
Precinct,501 - Henry,295,243,2,540,540
Precinct,601 - Blackwater,218,241,1,460,460
Precinct,602 - Wakefield,71,93,0,164,164
Precinct,701 - Yale,149,232,0,381,381
Precinct,702 - NEWVILLE 2,99,106,1,206,206
Locality,Tazewell County,2096,10374,74,12544,12544
Precinct,101 - Indian Valley,40,333,0,373,373
Precinct,102 - Tip Top,51,260,2,313,313
Precinct,103 - Mundy Town,102,539,3,644,644
Precinct,104 - Falls Mills,43,259,0,302,302
Precinct,106 - Pocahontas,17,135,1,153,153
Precinct,109 - Bishop,19,138,2,159,159
Precinct,112 - Bandy,17,183,0,200,200
Precinct,203 - Burkes Garden,12,81,0,93,93
Precinct,204 - Clear Fork,58,380,2,440,440
Precinct,207 - Freestone,16,95,1,112,112
Precinct,209 - Jeffersonville,449,1359,4,1812,1812
Precinct,214 - Thompson Valley,66,358,2,426,426
Precinct,301 - Cedar Bluff,160,1218,18,1396,1396
Precinct,302 - Baptist Valley,38,185,3,226,226
Precinct,303 - Paint Lick,156,956,14,1126,1126
Precinct,401 - Richlands,365,1738,18,2121,2121
Precinct,402 - Jewell Ridge,16,138,0,154,154
Precinct,501 - Springville,137,784,1,922,922
Precinct,502 - Graham,334,1235,3,1572,1572
Locality,Virginia Beach City,89258,78930,186,168374,168374
Precinct,001 - Precinct 1,1045,1556,1,2602,2602
Precinct,002 - Precinct 2,1087,938,2,2027,2027
Precinct,003 - Precinct 3,636,631,0,1267,1267
Precinct,004 - Precinct 4,853,1160,0,2013,2013
Precinct,005 - Precinct 5,875,614,2,1491,1491
Precinct,006 - Precinct 6,975,1235,1,2211,2211
Precinct,007 - Precinct 7,639,705,1,1345,1345
Precinct,008 - Precinct 8,909,779,5,1693,1693
Precinct,009 - Precinct 9,832,1171,2,2005,2005
Precinct,010 - Precinct 10,878,1534,0,2412,2412
Precinct,011 - Precinct 11,1311,1249,3,2563,2563
Precinct,012 - Precinct 12,1024,743,4,1771,1771
Precinct,013 - Precinct 13,1066,1013,5,2084,2084
Precinct,014 - Precinct 14,994,889,3,1886,1886
Precinct,015 - Precinct 15,677,570,2,1249,1249
Precinct,016 - Precinct 16,853,767,1,1621,1621
Precinct,017 - Precinct 17,753,804,1,1558,1558
Precinct,018 - Precinct 18,1132,1144,1,2277,2277
Precinct,019 - Precinct 19,512,609,1,1122,1122
Precinct,020 - Precinct 20,532,565,1,1098,1098
Precinct,021 - Precinct 21,1250,411,0,1661,1661
Precinct,022 - Precinct 22,646,721,6,1373,1373
Precinct,023 - Precinct 23,855,867,0,1722,1722
Precinct,024 - Precinct 24,393,481,3,877,877
Precinct,025 - Precinct 25,1007,1071,4,2082,2082
Precinct,026 - Precinct 26,602,670,4,1276,1276
Precinct,027 - Precinct 27,495,539,0,1034,1034
Precinct,028 - Precinct 28,644,705,1,1350,1350
Precinct,029 - Precinct 29,980,566,2,1548,1548
Precinct,030 - Precinct 30,808,1052,1,1861,1861
Precinct,031 - Precinct 31,981,1577,3,2561,2561
Precinct,032 - Precinct 32,238,720,1,959,959
Precinct,033 - Precinct 33,245,824,0,1069,1069
Precinct,034 - Precinct 34,162,478,0,640,640
Precinct,035 - Precinct 35,953,1339,0,2292,2292
Precinct,036 - Precinct 36,1344,767,3,2114,2114
Precinct,037 - Precinct 37,733,669,2,1404,1404
Precinct,038 - Precinct 38,928,1050,1,1979,1979
Precinct,039 - Precinct 39,717,578,3,1298,1298
Precinct,040 - Precinct 40,848,542,2,1392,1392
Precinct,041 - Precinct 41,694,231,2,927,927
Precinct,042 - Precinct 42,986,734,3,1723,1723
Precinct,043 - Precinct 43,1019,509,1,1529,1529
Precinct,044 - Precinct 44,966,979,1,1946,1946
Precinct,045 - Precinct 45,1018,467,2,1487,1487
Precinct,046 - Precinct 46,1007,550,3,1560,1560
Precinct,047 - Precinct 47,1032,1355,0,2387,2387
Precinct,048 - Precinct 48,590,601,0,1191,1191
Precinct,049 - Precinct 49,763,918,0,1681,1681
Precinct,050 - Precinct 50,688,342,1,1031,1031
Precinct,051 - Precinct 51,813,781,0,1594,1594
Precinct,52 - Precinct 52,1228,1133,4,2365,2365
Precinct,053 - Precinct 53,960,916,2,1878,1878
Precinct,054 - Precinct 54,717,564,2,1283,1283
Precinct,055 - Precinct 55,1108,520,3,1631,1631
Precinct,056 - Precinct 56,475,489,1,965,965
Precinct,057 - Precinct 57,615,601,1,1217,1217
Precinct,058 - Precinct 58,720,583,3,1306,1306
Precinct,059 - Precinct 59,688,572,1,1261,1261
Precinct,060 - Precinct 60,947,1460,3,2410,2410
Precinct,061 - Precinct 61,1189,196,4,1389,1389
Precinct,062 - Precinct 62,1036,1008,1,2045,2045
Precinct,063 - Precinct 63,1222,1247,5,2474,2474
Precinct,064 - Precinct 64,1270,916,1,2187,2187
Precinct,065 - Precinct 65,1124,831,0,1955,1955
Precinct,066 - Precinct 66,753,931,0,1684,1684
Precinct,067 - Precinct 67,498,309,0,807,807
Precinct,068 - Precinct 68,850,908,2,1760,1760
Precinct,069 - Precinct 69,1140,374,2,1516,1516
Precinct,070 - Precinct 70,950,862,2,1814,1814
Precinct,071 - Precinct 71,919,633,4,1556,1556
Precinct,072 - Precinct 72,803,1128,2,1933,1933
Precinct,073 - Precinct 73,988,415,3,1406,1406
Precinct,074 - Precinct 74,873,463,1,1337,1337
Precinct,075 - Precinct 75,921,1387,1,2309,2309
Precinct,076 - Precinct 76,1002,353,2,1357,1357
Precinct,077 - Precinct 77,860,646,5,1511,1511
Precinct,078 - Precinct 78,923,632,0,1555,1555
Precinct,079 - Precinct 79,1109,432,3,1544,1544
Precinct,080 - Precinct 80,944,377,2,1323,1323
Precinct,081 - Precinct 81,1107,670,1,1778,1778
Precinct,082 - Precinct 82,758,823,1,1582,1582
Precinct,083 - Precinct 83,892,1095,0,1987,1987
Precinct,084 - Precinct 84,1064,576,3,1643,1643
Precinct,085 - Precinct 85,1012,1260,1,2273,2273
Precinct,086 - Precinct 86,1123,964,1,2088,2088
Precinct,087 - Precinct 87,876,844,2,1722,1722
Precinct,088 - Precinct 88,784,880,1,1665,1665
Precinct,089 - Precinct 89,892,882,6,1780,1780
Precinct,090 - Precinct 90,561,666,2,1229,1229
Precinct,091 - Precinct 91,1424,871,3,2298,2298
Precinct,092 - Precinct 92,584,781,3,1368,1368
Precinct,093 - Precinct 93,1239,254,1,1494,1494
Precinct,094 - Precinct 94,598,597,1,1196,1196
Precinct,095 - Precinct 95,589,634,2,1225,1225
Precinct,096 - Precinct 96,649,399,1,1049,1049
Precinct,097 - Precinct 97,1024,523,3,1550,1550
Precinct,098 - Precinct 98,686,314,2,1002,1002
Precinct,099 - Precinct 99,614,294,0,908,908
Precinct,100 - Precinct 100,372,643,0,1015,1015
Precinct,101 - Precinct 101,227,212,0,439,439
Precinct,102 - Precinct 102,188,99,0,287,287
Precinct,103 - Precinct 103,458,193,1,652,652
Precinct,104 - Precinct 104,1083,299,3,1385,1385
Precinct,105 - Precinct 105,265,373,0,638,638
Precinct,106 - Precinct 106,686,325,1,1012,1012
Precinct,107 - Precinct 107,400,499,1,900,900
Precinct,108 - Precinct 108,283,304,1,588,588
Locality,Warren County,5484,10547,83,16114,16114
Precinct,101 - Fork Town,394,604,4,1002,1002
Precinct,102 - Otterburn,592,1531,26,2149,2149
Precinct,201 - Happy Creek,631,1180,2,1813,1813
Precinct,202 - Linden,747,1153,8,1908,1908
Precinct,301 - North River,510,699,8,1217,1217
Precinct,302 - Riverton,539,1279,6,1824,1824
Precinct,401 - East Shenandoah,658,1440,9,2107,2107
Precinct,402 - West Shenandoah,357,665,5,1027,1027
Precinct,501 - South River,683,1110,9,1802,1802
Precinct,502 - Bentonville,187,497,3,687,687
Precinct,504 - Browntown,186,389,3,578,578
Locality,Washington County,5035,15589,188,20812,20812
Precinct,101 - East Abingdon,606,1058,13,1677,1677
Precinct,102 - West Abingdon,416,611,13,1040,1040
Precinct,201 - Clinchburg,114,486,10,610,610
Precinct,202 - Greendale,191,886,11,1088,1088
Precinct,203 - Hayters Gap,62,308,5,375,375
Precinct,204 Woodland Hills,252,757,10,1019,1019
Precinct,301 - Watauga,435,1366,16,1817,1817
Precinct,302 - South Abingdon,637,1078,8,1723,1723
Precinct,401 - Glade Spring,266,893,16,1175,1175
Precinct,402 - Meadowview,337,1124,13,1474,1474
Precinct,501 - Rhea Valley,327,1574,18,1919,1919
Precinct,502 - Damascus,246,588,10,844,844
Precinct,504 - Green Cove,26,126,2,154,154
Precinct,601 - Burson Place,239,1283,8,1530,1530
Precinct,602 - Mendota,38,247,7,292,292
Precinct,603 - Valley Institute,214,832,7,1053,1053
Precinct,701 - High Point,238,1015,8,1261,1261
Precinct,702 - Wallace,102,365,2,469,469
Precinct,703 - John Battle,289,992,11,1292,1292
Locality,Waynesboro City,4327,4110,17,8454,8454
Precinct,001 - Ward A,666,609,1,1276,1276
Precinct,002 - Ward B,1399,1199,8,2606,2606
Precinct,003 - Ward C,1023,983,5,2011,2011
Precinct,004 - Ward D,1239,1319,3,2561,2561
Locality,Westmoreland County,3306,4104,9,7419,7419
Precinct,101 - Precinct 1-1,536,354,1,891,891
Precinct,102 - Precinct 1-2,298,273,1,572,572
Precinct,201 - Precinct 2-1,574,624,1,1199,1199
Precinct,301 - Precinct 3-1,344,423,1,768,768
Precinct,302 - Precinct 3-2,319,491,2,812,812
Precinct,401 - Precinct 4-1,506,1072,2,1580,1580
Precinct,501 - Precinct 5-1,729,867,1,1597,1597
Locality,Williamsburg City,4882,1773,23,6678,6678
Precinct,001 - Stryker,2078,804,13,2895,2895
Precinct,002 - Matoaka,2804,969,10,3783,3783
Locality,Winchester City,5132,3599,22,8753,8753
Precinct,101 - Merrimans,1304,898,3,2205,2205
Precinct,102 - Old Town,850,629,1,1480,1480
Precinct,201 - Virginia Avenue,908,443,3,1354,1354
Precinct,301 - War Memorial,818,583,6,1407,1407
Precinct,401 - Frederick Douglass,425,339,2,766,766
Precinct,402 - Rolling Hills,827,707,7,1541,1541
Locality,Wise County,2136,8766,24,10926,10926
Precinct,101 - Appalachia,118,443,2,563,563
Precinct,102 - Dorchester,64,331,3,398,398
Precinct,103 - Guest River Voting Place,85,341,3,429,429
Precinct,104 - West Pound,185,931,3,1119,1119
Precinct,201 - North Coeburn,93,494,0,587,587
Precinct,202 - Wise,411,1368,5,1784,1784
Precinct,203 - East Pound,56,279,0,335,335
Precinct,301 - Big Stone Gap,378,966,3,1347,1347
Precinct,302 - East Stone Gap,230,1142,2,1374,1374
Precinct,401 - Clinch Valley,243,1080,2,1325,1325
Precinct,402 - South Coeburn,164,1038,1,1203,1203
Precinct,403 - St Paul,109,353,0,462,462
Locality,Wythe County,2410,8498,47,10955,10955
Precinct,101 - Royal Oak,65,378,1,444,444
Precinct,102 - Rural Retreat,259,1195,7,1461,1461
Precinct,203 - West Wytheville,567,1170,8,1745,1745
Precinct,303 - East Wytheville,626,1227,8,1861,1861
Precinct,401 - Fort Chiswell,157,805,6,968,968
Precinct,402 - Max Meadows,155,757,6,918,918
Precinct,501 - Jackson Memorial,118,594,3,715,715
Precinct,502 - Sheffey,160,844,4,1008,1008
Precinct,601 - Huddle,56,419,1,476,476
Precinct,602 - Zion,130,636,1,767,767
Precinct,603 Evergreen,117,473,2,592,592
Locality,York County,15029,16269,99,31397,31397
Precinct,101 - Queens Lake,1024,769,6,1799,1799
Precinct,102 - Waller Mill,1636,1426,9,3071,3071
Precinct,103 - Magruder,1885,994,4,2883,2883
Precinct,201 - Coventry,1468,1271,5,2744,2744
Precinct,202 - Kiln Creek,1008,996,18,2022,2022
Precinct,301 - Seaford,792,2015,6,2813,2813
Precinct,302 - Yorktown,695,808,4,1507,1507
Precinct,303 - Edgehill,1119,901,7,2027,2027
Precinct,401 - Harwoods Mill,1014,1606,11,2631,2631
Precinct,402 - Dare,989,1659,9,2657,2657
Precinct,403 - Grafton,815,995,4,1814,1814
Precinct,501 - Tabb,1257,1571,12,2840,2840
Precinct,502 - Bethel,1327,1258,4,2589,2589
