,,"Joseph Robinette Biden, Jr",Donald J. Trump,Jo Jorgensen,Write-Ins,Total Votes Cast,Undervotes
,,Democratic,Republican,Libertarian,,,
State,Virginia,2413568,1962430,64761,19765,4460524,0
Locality,Accomack County,7578,9172,188,24,16962,0
Precinct,101 - Chincoteague,229,1072,19,1,1321,0
Precinct,201 - Atlantic,88,435,7,1,531,0
Precinct,202 - Greenbackville,141,723,12,0,876,0
Precinct,301 - New Church,277,442,9,1,729,0
Precinct,401 - Bloxom,84,306,5,0,395,0
Precinct,402 - Parksley,106,388,7,0,501,0
Precinct,403 - Saxis,34,152,0,0,186,0
Precinct,501 - Mappsville,132,149,4,1,286,0
Precinct,502 - Rue,99,83,3,0,185,0
Precinct,601 - Accomac,113,370,10,1,494,0
Precinct,602 - Tangier,22,209,4,1,236,0
Precinct,701 - Nandua,129,506,13,2,650,0
Precinct,801 - Bobtown,72,227,2,1,302,0
Precinct,802 - Melfa,138,292,7,2,439,0
Precinct,803 - Wachapreague,60,280,9,1,350,0
Precinct,901 - Painter,348,444,11,0,803,0
Precinct,Ab - Central Absentee Precinct,5495,3084,66,12,8657,0
Precinct,Provisional,11,10,0,0,21,0
Locality,Albemarle County,42466,20804,1014,373,64657,0
Precinct,101 - Woodbrook,365,380,23,10,778,0
Precinct,103 - Branchlands,153,114,7,2,276,0
Precinct,104 - Agnor-hurt,369,280,27,1,677,0
Precinct,105 - Dunlora,344,304,32,6,686,0
Precinct,106 - Northside,456,722,22,5,1205,0
Precinct,201 - Jack Jouett,292,396,23,5,716,0
Precinct,202 - University,357,112,10,13,492,0
Precinct,203 - Georgetown,486,235,18,7,746,0
Precinct,301 - Ivy,479,506,23,10,1018,0
Precinct,302 - Red Hill,411,606,13,6,1036,0
Precinct,304 - East Ivy,125,115,6,7,253,0
Precinct,305 - Country Green,230,293,14,8,545,0
Precinct,306 - Porters,336,402,10,3,751,0
Precinct,307 - Yellow Mountain,124,185,8,2,319,0
Precinct,401 - Scottsville,183,543,14,1,741,0
Precinct,402 - Monticello,133,374,12,4,523,0
Precinct,405 - Mountain View,288,288,28,4,608,0
Precinct,406 - Stone Robinson,224,590,20,8,842,0
Precinct,407 - Biscuit Run,215,167,9,3,394,0
Precinct,501 - Keswick,245,353,11,3,612,0
Precinct,502 - Stony Point,210,396,11,6,623,0
Precinct,503 - Hollymead,426,395,17,6,844,0
Precinct,504 - Free Bridge,230,221,15,1,467,0
Precinct,506 - Baker-butler,333,586,35,4,958,0
Precinct,507 - Pantops,151,214,15,9,389,0
Precinct,601 - Crozet,309,643,22,3,977,0
Precinct,602 - Free Union,226,414,8,2,650,0
Precinct,603 - Earlysville,372,791,14,4,1181,0
Precinct,604 - Brownsville,281,461,19,9,770,0
Precinct,606 - Mechums River,363,501,31,7,902,0
Precinct,Ab - Central Absentee Precinct,33416,9124,492,210,43242,0
Precinct,Provisional,334,93,5,4,436,0
Locality,Alexandria City,66240,14544,1022,702,82508,0
Precinct,101 - Ladrey Senior Building,151,151,7,6,315,0
Precinct,102 - City Hall,111,181,6,9,307,0
Precinct,103 - Lyles Crouch School,303,271,20,12,606,0
Precinct,104 - Durant Center,253,152,15,6,426,0
Precinct,105 - Lee Center,178,139,11,2,330,0
Precinct,106 - Cora Kelly,636,244,19,7,906,0
Precinct,107 - Mt Vernon Recreation Center,413,211,14,12,650,0
Precinct,108 - George Washington Middle Sch,318,151,15,3,487,0
Precinct,109 - Fire Department Headquarters,219,192,15,10,436,0
Precinct,110 - Charles Houston Center,391,140,9,5,545,0
Precinct,111 - Potomac Yard,200,110,11,4,325,0
Precinct,112 - Alex Renew,187,129,2,7,325,0
Precinct,201 - Maury School,266,188,8,11,473,0
Precinct,202 - George Mason School,244,243,11,13,511,0
Precinct,203 - Charles Barrett Center,313,181,14,10,518,0
Precinct,204 - Blessed Sacrament Church,261,205,11,15,492,0
Precinct,205 - Douglas Macarthur School,291,201,15,13,520,0
Precinct,206 - Chinquapin Park Recreation Ctr,225,145,9,15,394,0
Precinct,207 - Temple Beth El Synagogue,375,236,14,13,638,0
Precinct,208 - Nova Arts Center,454,259,22,12,747,0
Precinct,209 - James K Polk School,477,227,13,6,723,0
Precinct,210 - The Hermitage,183,117,12,2,314,0
Precinct,302 - Patrick Henry Rec Center,353,138,12,6,509,0
Precinct,303 - Charles E Beatley Library,286,118,13,3,420,0
Precinct,304 - Samuel Tucker School,406,172,18,4,600,0
Precinct,305 - John Adams School,666,195,12,7,880,0
Precinct,306 - William Ramsay School,638,197,12,6,853,0
Precinct,307 - South Port,453,198,10,6,667,0
Precinct,308 - Cameron Station Community Ctr,335,274,10,11,630,0
Precinct,309 - Olympus Condo,387,131,18,4,540,0
Precinct,Ab - Central Absentee Precinct,55940,8951,639,455,65985,0
Precinct,Provisional,327,97,5,7,436,0
Locality,Alleghany County,2243,5859,89,12,8203,0
Precinct,101 - Arritt,68,542,0,2,612,0
Precinct,103 - Dameron,27,212,2,1,242,0
Precinct,201 - Humpback Bridge,45,286,3,2,336,0
Precinct,202 - Dolly Ann,66,339,7,0,412,0
Precinct,301 - Callaghan,28,348,3,0,379,0
Precinct,302 - Griffith,95,439,3,0,537,0
Precinct,401 - Low Moor,52,302,4,0,358,0
Precinct,402 - Jackson Heights,63,341,4,0,408,0
Precinct,501 - Iron Gate,62,164,3,1,230,0
Precinct,502 - Peters Switch,124,583,6,1,714,0
Precinct,601 - District 1,197,516,12,0,725,0
Precinct,701 - District 2,166,337,18,1,522,0
Precinct,Ab - Central Absentee Precinct,1250,1450,24,4,2728,0
Precinct,Provisional,0,0,0,0,0,0
Locality,Amelia County,2411,5390,80,12,7893,0
Precinct,101 - Number One,114,566,9,0,689,0
Precinct,201 - Number Two,135,555,12,0,702,0
Precinct,301 - Number Three,123,562,8,1,694,0
Precinct,401 - Number Four,90,455,5,0,550,0
Precinct,501 - Number Five,211,640,8,2,861,0
Precinct,Ab - Central Absentee Precinct,1719,2595,37,9,4360,0
Precinct,Provisional,19,17,1,0,37,0
Locality,Amherst County,5672,11041,251,41,17005,0
Precinct,101 - Wright Shop,249,362,10,0,621,0
Precinct,102 - New Glasgow,123,580,8,0,711,0
Precinct,103 - Coolwell,73,378,17,4,472,0
Precinct,201 - Court House,213,645,20,3,881,0
Precinct,202 - Temperance,86,515,3,1,605,0
Precinct,301 - Monroe,89,426,8,2,525,0
Precinct,302 - Elon,209,1073,16,2,1300,0
Precinct,303 - Pleasant View,68,305,5,1,379,0
Precinct,401 - Amelon,252,993,29,5,1279,0
Precinct,402 - Lonco,68,294,8,0,370,0
Precinct,501 - Madison,316,979,40,6,1341,0
Precinct,Ab - Central Absentee Precinct,3871,4487,86,17,8461,0
Precinct,Provisional,55,4,1,0,60,0
Locality,Appomattox County,2418,6702,119,29,9268,0
Precinct,101 - Vera,48,337,3,5,393,0
Precinct,102 - Pamplin,122,511,7,3,643,0
Precinct,201 - Chap,93,171,2,1,267,0
Precinct,202 - Spout Spring,90,619,10,1,720,0
Precinct,301 - Us 460,59,379,7,2,447,0
Precinct,302 - Stonewall,75,503,3,2,583,0
Precinct,401 - Courthouse,141,469,27,1,638,0
Precinct,501 - Oakville,144,491,5,4,644,0
Precinct,502 - Agee,78,220,7,0,305,0
Precinct,Ab - Central Absentee Precinct,1565,2995,47,10,4617,0
Precinct,Provisional,3,7,1,0,11,0
Locality,Arlington County,105344,22318,1836,1201,130699,0
Precinct,1 - Arlington,372,181,9,0,562,0
Precinct,2 - Ashton Heights,265,152,17,7,441,0
Precinct,3 - Aurora Hills,86,69,15,5,175,0
Precinct,4 - Ballston,322,196,15,11,544,0
Precinct,5 - Barcroft,298,165,10,13,486,0
Precinct,6 - Crystal City,168,132,7,6,313,0
Precinct,7 - Cherrydale,269,204,11,5,489,0
Precinct,8 - Hume,328,191,14,10,543,0
Precinct,9 - Columbia,252,153,12,7,424,0
Precinct,10 - Wilson,282,202,10,11,505,0
Precinct,11 - East Falls Church,156,159,6,7,328,0
Precinct,12 - Fairlington,275,194,23,8,500,0
Precinct,13 - Glen Carlyn,247,179,8,4,438,0
Precinct,14 - Clarendon,190,124,13,7,334,0
Precinct,15 - Lyon Park,211,111,10,2,334,0
Precinct,16 - Lyon Village,249,147,10,16,422,0
Precinct,17 - Overlee Knolls,213,191,8,18,430,0
Precinct,18 - Park Lane,230,190,18,11,449,0
Precinct,19 - Rosslyn,233,172,16,8,429,0
Precinct,20 - Thrifton,148,143,14,8,313,0
Precinct,21 - Virginia Highlands,78,62,4,5,149,0
Precinct,22 - Abingdon,289,192,19,12,512,0
Precinct,23 - Westover,303,192,10,7,512,0
Precinct,24 - Woodlawn,254,172,13,7,446,0
Precinct,25 - Arlington Forest,282,152,11,7,452,0
Precinct,26 - Fillmore,327,183,19,5,534,0
Precinct,27 - Jefferson,272,158,13,6,449,0
Precinct,28 - Wakefield,403,193,22,9,627,0
Precinct,29 - Dominion Hills,233,148,19,5,405,0
Precinct,30 - Glebe,404,136,10,2,552,0
Precinct,31 - Lexington,256,154,11,7,428,0
Precinct,32 - Oakridge,102,96,7,5,210,0
Precinct,33 - Rock Spring,184,207,15,9,415,0
Precinct,34 - Yorktown,152,172,10,7,341,0
Precinct,35 - Madison,114,176,9,10,309,0
Precinct,36 - Marshall,241,168,21,10,440,0
Precinct,37 - Nottingham,179,178,16,7,380,0
Precinct,38 - Arlington View,334,131,12,8,485,0
Precinct,39 - Ashlawn,161,131,8,4,304,0
Precinct,40 - Virginia Square,301,219,21,11,552,0
Precinct,41 - Navy League,132,111,11,10,264,0
Precinct,42 - Shirlington,261,126,12,6,405,0
Precinct,43 - Campbell,453,145,1,2,601,0
Precinct,44 - Dawson Terrace,207,127,12,10,356,0
Precinct,45 - Buckingham,289,142,9,5,445,0
Precinct,46 - Central,298,194,20,8,520,0
Precinct,47 - Four Mile Run,272,111,6,6,395,0
Precinct,48 - Ausa,112,101,11,7,231,0
Precinct,49 - Monroe,229,110,13,7,359,0
Precinct,50 - Crystal Plaza,262,183,10,5,460,0
Precinct,51 - Taylor,119,73,4,4,200,0
Precinct,52 - Gunston,270,131,15,6,422,0
Precinct,53 - Met Park,368,204,13,16,601,0
Precinct,54 - Garfield Park,146,73,9,2,230,0
Precinct,Ab - Central Absentee Precinct,91963,13899,1168,792,107822,0
Precinct,Provisional,300,113,6,8,427,0
Locality,Augusta County,10840,30714,608,116,42278,0
Precinct,101 - Jolivue,97,417,6,3,523,0
Precinct,102 - Stuarts Draft Elementary,169,625,14,3,811,0
Precinct,103 - Verona,99,553,19,3,674,0
Precinct,201 - Crimora,149,1046,13,1,1209,0
Precinct,202 - New Hope,107,706,8,2,823,0
Precinct,203 - Weyers Cave,208,936,21,4,1169,0
Precinct,301 - Fort Defiance,162,974,23,5,1164,0
Precinct,302 - North River,67,463,7,4,541,0
Precinct,303 - Mount Solon,69,806,13,2,890,0
Precinct,304 - Churchville Fire Station,58,535,8,1,602,0
Precinct,401 - Buffalo Gap,73,626,12,1,712,0
Precinct,402 - Churchville Elementary,67,580,10,2,659,0
Precinct,403 - Craigsville,84,617,7,1,709,0
Precinct,404 - Deerfield,47,275,1,0,323,0
Precinct,405 - Cedar Green,90,510,13,3,616,0
Precinct,501 - Greenville,110,921,17,4,1052,0
Precinct,502 - Middlebrook,74,556,9,0,639,0
Precinct,503 - Spottswood,97,641,12,2,752,0
Precinct,504 - White Hill,130,917,24,1,1072,0
Precinct,601 - Sherando,116,816,13,1,946,0
Precinct,602 - Ridgeview,184,1139,22,7,1352,0
Precinct,603 - Lyndhurst,158,810,14,4,986,0
Precinct,801 - Dooms,112,711,14,2,839,0
Precinct,802 - Fishersville,169,865,24,4,1062,0
Precinct,803 - Wilson,215,696,22,1,934,0
Precinct,Ab - Central Absentee Precinct,7874,12866,256,55,21051,0
Precinct,Provisional,55,107,6,0,168,0
Locality,Bath County,646,1834,16,5,2501,0
Precinct,101 - Warm Springs,45,216,1,1,263,0
Precinct,102 - Mountain Grove,10,57,0,0,67,0
Precinct,201 - Hot Springs,64,172,2,0,238,0
Precinct,301 - Fairview,26,271,2,1,300,0
Precinct,302 - Burnsville,5,88,1,0,94,0
Precinct,401 - Millboro,70,351,3,0,424,0
Precinct,501 - Healing Springs,68,276,3,1,348,0
Precinct,Ab - Central Absentee Precinct,358,399,4,2,763,0
Precinct,Provisional,0,4,0,0,4,0
Locality,Bedford County,12176,35600,708,185,48669,0
Precinct,101 - Goodview Elem School (CD 5),147,1070,20,4,1241,0
Precinct,102 - Hardy Vol Fire Co (CD 5),116,529,8,0,653,0
Precinct,103 - Chamblissburg Baptist Church (CD 5),96,797,16,1,910,0
Precinct,104 - Stewartsville Rescue Squad (CD 5),121,696,13,1,831,0
Precinct,201 - Bedford Christian Church (CD 5),56,317,11,1,385,0
Precinct,202 - Staunton River High School (CD 5),86,550,10,0,646,0
Precinct,203 - Moneta Elem School (CD 5),139,885,15,3,1042,0
Precinct,204 - Quaker Baptist Church (CD 5),64,357,2,3,426,0
Precinct,205 - Saunders Vol Fire Co (CD 5),125,778,7,3,913,0
Precinct,301 - New London Academy (CD 6),99,743,18,4,864,0
Precinct,302 - Bedford Regional Water Auth (CD 5),59,436,6,3,504,0
Precinct,303 - Bethesda United Methodist Church (CD 5),59,489,5,0,553,0
Precinct,304 - Riverside Church (CD 6),55,392,15,6,468,0
Precinct,305 - Huddleston Elem School (CD 5),61,426,4,0,491,0
Precinct,306 - Forest Fire Station #2 (CD 6),48,468,7,1,524,0
Precinct,401 - Forest Elementary School (CD 6),150,879,21,4,1054,0
Precinct,402 - Thomas Jefferson Elem School (CD 6),112,472,21,8,613,0
Precinct,403 - Knights Of Columbus Bldg (CD 6),205,1034,25,10,1274,0
Precinct,404 - Forest Recreation Center (CD 6),109,811,8,6,934,0
Precinct,502 - Big Island Elem School (CD 6),48,330,6,1,385,0
Precinct,503 - Sedalia Center (CD 6),46,402,7,1,456,0
Precinct,504 - Suck Springs Baptist Church (CD 6),54,523,9,5,591,0
Precinct,505 - Boonsboro Elementary School (CD 6),245,821,23,7,1096,0
Precinct,506 - Boonsboro Ruritan Club (CD 6),230,1275,31,10,1546,0
Precinct,601 - Montvale Elem School (CD 6),124,739,4,4,871,0
Precinct,602 - Shady Grove Fire Department (CD 5),101,889,15,1,1006,0
Precinct,603 - Thaxton Baptist Church #1 (CD 5),17,205,4,0,226,0
Precinct,604 - Bedford Welcome Center (CD 5),146,672,20,0,838,0
Precinct,701 - Goode Vol Rescue Squad (CD 5),109,895,12,3,1019,0
Precinct,702 - Liberty High School (CD 5),56,408,2,3,469,0
Precinct,703 - Thaxton Baptist Church #2 (CD 5),51,394,4,2,451,0
Precinct,704 - Bedford Central Library (CD 5),212,586,24,3,825,0
Precinct,Ab - Central Absentee Precinct (CD 5),4624,8314,151,34,13123,0
Precinct,Ab - Central Absentee Precinct (CD 6),4081,6894,152,53,11180,0
Precinct,Provisional (CD 5),66,61,5,0,132,0
Precinct,Provisional (CD 6),59,63,7,0,129,0
Locality,Bland County,532,2903,40,4,3479,0
Precinct,101 - Bastian,30,232,3,1,266,0
Precinct,102 - Ceres,34,270,5,0,309,0
Precinct,201 - Davis,15,96,0,0,111,0
Precinct,202 - Seddon,41,382,8,0,431,0
Precinct,301 - Hollybrook,25,305,4,2,336,0
Precinct,302 - Mechanicsburg,18,143,0,0,161,0
Precinct,401 - Rocky Gap,55,497,2,0,554,0
Precinct,Ab - Central Absentee Precinct,313,976,18,1,1308,0
Precinct,Provisional,1,2,0,0,3,0
Locality,Botetourt County,5700,15099,264,57,21120,0
Precinct,101 - Daleville,183,697,18,3,901,0
Precinct,102 - Greenfield,123,843,15,8,989,0
Precinct,201 - Blue Ridge,173,921,22,0,1116,0
Precinct,202 - Rainbow Forest,185,860,15,0,1060,0
Precinct,301 - Buchanan,172,898,14,3,1087,0
Precinct,302 - Mill Creek,158,794,16,1,969,0
Precinct,403 - Eagle Rock,98,693,9,0,800,0
Precinct,406 - Fincastle,105,868,15,3,991,0
Precinct,501 - Troutville,90,534,6,4,634,0
Precinct,502 - Cloverdale,168,767,14,3,952,0
Precinct,Ab - Central Absentee Precinct,4231,7212,120,32,11595,0
Precinct,Provisional,14,12,0,0,26,0
Locality,Bristol City,2313,5347,125,21,7806,0
Precinct,1 - First Ward,127,549,16,3,695,0
Precinct,2 - Second Ward,131,512,18,1,662,0
Precinct,3 - Third Ward,106,300,5,3,414,0
Precinct,4 - Fourth Ward,190,1072,23,2,1287,0
Precinct,Ab - Central Absentee Precinct,1746,2898,63,12,4719,0
Precinct,Provisional,13,16,0,0,29,0
Locality,Brunswick County,4552,3357,34,5,7948,0
Precinct,101 - Brodnax,109,145,0,0,254,0
Precinct,102 - Rock Store,106,246,1,0,353,0
Precinct,103 - Tillman,132,308,2,0,442,0
Precinct,201 - Dromgoole,65,76,3,0,144,0
Precinct,202 - Edgerton,184,86,2,0,272,0
Precinct,203 - Fitzhugh,190,125,2,0,317,0
Precinct,301 - Alberta,51,58,2,0,111,0
Precinct,302 - Danieltown,127,269,2,1,399,0
Precinct,303 - Elmore,75,120,0,0,195,0
Precinct,304 - Seymour,93,140,2,0,235,0
Precinct,401 - Sturgeon,239,239,3,1,482,0
Precinct,402 - King's Store,116,69,1,0,186,0
Precinct,501 - Totaro,258,107,2,0,367,0
Precinct,Ab - Central Absentee Precinct,2807,1368,12,3,4190,0
Precinct,Provisional,0,1,0,0,1,0
Locality,Buchanan County,1587,8311,44,11,9953,0
Precinct,102 - Blackey,32,345,1,0,378,0
Precinct,103 - Hurley,56,736,1,1,794,0
Precinct,201 - Grassy,27,95,1,1,124,0
Precinct,202 - Bull,37,367,1,0,405,0
Precinct,203 - Rocklick,47,435,4,0,486,0
Precinct,301 - Slate,51,480,1,0,532,0
Precinct,302 - North Grundy,35,359,4,1,399,0
Precinct,403 - South Grundy,57,470,9,2,538,0
Precinct,404 - Oakwood,10,47,0,0,57,0
Precinct,501 - Prater,60,397,0,1,458,0
Precinct,502 - Fox,47,110,1,0,158,0
Precinct,503 - Vansant,57,338,0,1,396,0
Precinct,601 - Council,43,302,0,0,345,0
Precinct,602 - Garden,59,400,2,1,462,0
Precinct,603 - Hurricane,76,236,2,0,314,0
Precinct,701 - Whitewood,74,494,6,0,574,0
Precinct,702 - Contrary,47,370,1,0,418,0
Precinct,Ab - Central Absentee Precinct,768,2306,10,3,3087,0
Precinct,Provisional,4,24,0,0,28,0
Locality,Buckingham County,3471,4544,93,18,8126,0
Precinct,101 - New Canton,220,405,7,0,632,0
Precinct,102 - Georgia Creek,48,156,1,1,206,0
Precinct,201 - White Hall,104,180,2,0,286,0
Precinct,301 - Curdsville,120,326,5,1,452,0
Precinct,302 - New Store,73,272,4,1,350,0
Precinct,401 - Maysville,135,355,10,1,501,0
Precinct,501 - Wrights,73,230,5,1,309,0
Precinct,502 - Glenmore,99,282,9,1,391,0
Precinct,601 - Slate River,201,319,5,3,528,0
Precinct,701 - Gold Hill,108,219,6,0,333,0
Precinct,Ab - Central Absentee Precinct,2285,1795,39,9,4128,0
Precinct,Provisional,5,5,0,0,10,0
Locality,Buena Vista City,825,1863,72,16,2776,0
Precinct,1 - First Ward,99,416,22,5,542,0
Precinct,2 - Second Ward,89,319,17,4,429,0
Precinct,AB - Central Absentee Precinct,637,1128,33,7,1805,0
Precinct,Provisional,0,0,0,0,0,0
Locality,Campbell County,8070,21245,490,87,29892,0
Precinct,101 - Brookville,206,1025,31,7,1269,0
Precinct,102 - New London,232,1144,32,4,1412,0
Precinct,201 - Walker,202,772,32,0,1006,0
Precinct,202 - Bedford Springs,156,1028,31,3,1218,0
Precinct,301 - Evington,108,464,9,1,582,0
Precinct,302 - Otter River,83,395,6,1,485,0
Precinct,303 - Altavista,265,635,18,1,919,0
Precinct,401 - Three Forks,82,754,21,2,859,0
Precinct,402 - Court House,150,998,32,5,1185,0
Precinct,501 - Spring Hill,189,887,28,9,1113,0
Precinct,502 - Yellow Branch,137,597,14,1,749,0
Precinct,601 - Kings,168,728,11,4,911,0
Precinct,602 - Concord,142,895,20,6,1063,0
Precinct,701 - Brookneal,174,516,8,0,698,0
Precinct,702 - Gladys,154,667,10,2,833,0
Precinct,703 - Morris Church,86,409,7,0,502,0
Precinct,AB - Central Absentee Precinct,5536,9331,180,41,15088,0
Precinct,Provisional,0,0,0,0,0,0
Locality,Caroline County,7657,8336,259,36,16288,0
Precinct,101 - Bowling Green,189,597,14,2,802,0
Precinct,102 - Sparta,181,529,8,1,719,0
Precinct,201 - North Madison,240,391,17,4,652,0
Precinct,202 - South Madison,235,519,32,3,789,0
Precinct,301 - Port Royal,125,269,8,0,402,0
Precinct,302 - Woodford,253,710,12,2,977,0
Precinct,401 - Dawn,420,498,20,4,942,0
Precinct,402 - Carmel Church,131,187,2,0,320,0
Precinct,501 - West Mattaponi,254,314,8,4,580,0
Precinct,502 - Milford,163,410,3,0,576,0
Precinct,601 - Chilesburg,272,574,29,4,879,0
Precinct,602 - Lake,185,440,22,0,647,0
Precinct,Ab - Central Absentee Precinct,4957,2839,84,12,7892,0
Precinct,Provisional,52,59,0,0,111,0
Locality,Carroll County,2842,12659,118,32,15651,0
Precinct,101 - Mt Bethel,65,414,0,1,480,0
Precinct,102 - St Paul,54,558,5,2,619,0
Precinct,103 - Lambsburg,59,358,3,3,423,0
Precinct,105 - Fancy Gap,43,392,6,1,442,0
Precinct,201 - Hillsville B,98,762,7,1,868,0
Precinct,202 - Laurel Fork,55,411,8,2,476,0
Precinct,203 - Gladesboro,80,491,3,0,574,0
Precinct,301 - Hillsville C,118,994,11,1,1124,0
Precinct,302 - Sylvatus,45,460,5,1,511,0
Precinct,303 - Dugspur,23,243,4,2,272,0
Precinct,401 - Oakland,114,875,10,3,1002,0
Precinct,402 - Woodlawn D,77,672,6,3,758,0
Precinct,406 - Woodlawn F,26,133,3,1,163,0
Precinct,501 - Vaughan,43,370,3,0,416,0
Precinct,502 - Gladeville,75,749,4,1,829,0
Precinct,503 - Woodlawn E,57,355,2,0,414,0
Precinct,504 - Laurel,46,469,2,0,517,0
Precinct,Ab - Central Absentee Precinct,1740,3909,33,10,5692,0
Precinct,Provisional,24,44,3,0,71,0
Locality,Charles City County,2624,1761,54,2,4441,0
Precinct,101 - Precinct 1-1,200,450,17,0,667,0
Precinct,201 - Precinct 2-1,187,243,8,0,438,0
Precinct,301 - Precinct 3-1,205,254,8,0,467,0
Precinct,Ab - Central Absentee Precinct,2024,811,21,2,2858,0
Precinct,Provisional,8,3,0,0,11,0
Locality,Charlotte County,2317,3815,48,11,6191,0
Precinct,101 - County Seat,100,296,6,2,404,0
Precinct,201 - Red Oak Wylliesburg,159,399,3,2,563,0
Precinct,302 - Drakes Branch,103,331,3,1,438,0
Precinct,401 - Keysville,134,415,7,1,557,0
Precinct,501 - Cullen/Red House,117,297,6,3,423,0
Precinct,602 - Phenix,85,449,2,0,536,0
Precinct,702 - Bacon/Saxe,87,236,0,1,324,0
Precinct,Ab - Central Absentee Precinct,1532,1390,21,1,2944,0
Precinct,Provisional,0,2,0,0,2,0
Locality,Charlottesville City,20696,3094,311,104,24205,0
Precinct,101 - Key Recreation,380,218,11,10,619,0
Precinct,102 - Clark,638,240,19,8,905,0
Precinct,201 - Carver,518,121,21,10,670,0
Precinct,202 - Walker,504,295,20,8,827,0
Precinct,301 - Benjamin Tonsler,608,126,15,12,761,0
Precinct,302 - Johnson,552,297,40,13,902,0
Precinct,303 - Buford,308,100,14,6,428,0
Precinct,401 - Venable,426,105,15,5,551,0
Precinct,402 - Alumni Hall,360,174,16,7,557,0
Precinct,Ab - Central Absentee Precinct,16289,1399,138,25,17851,0
Precinct,Provisional,113,19,2,0,134,0
Locality,Chesapeake City,66377,58180,2098,453,127108,0
Precinct,1 - Great Bridge (CD 4),123,432,19,2,576,0
Precinct,2 - Bethel (CD 4),115,913,19,3,1050,0
Precinct,3 - Camelot (CD 3),299,53,13,1,366,0
Precinct,4 - Churchland (CD 3),96,389,12,1,498,0
Precinct,5 - Crestwood (CD 3),391,129,11,4,535,0
Precinct,6 - Deep Creek (CD 4),156,358,13,2,529,0
Precinct,7 - Greenbrier (CD 4),106,271,20,5,402,0
Precinct,8 - South Norfolk Recreation (CD 3),287,402,21,0,710,0
Precinct,9 - Bells Mill (CD 4),146,717,26,1,890,0
Precinct,10 - Oscar Smith (CD 3),138,221,14,1,374,0
Precinct,11 - Geneva Park (CD 3),273,427,14,3,717,0
Precinct,12 - Georgetown (CD 3),189,78,6,2,275,0
Precinct,13 - Gilmerton (CD 3),246,484,20,1,751,0
Precinct,14 - Grassfield (CD 4),137,397,20,3,557,0
Precinct,15 - Greenbrier Middle School (CD 3),279,313,24,6,622,0
Precinct,16 - Hickory Grove (CD 4),145,766,18,2,931,0
Precinct,17 - Indian Creek (CD 4),115,685,11,0,811,0
Precinct,18 - Indian River (CD 3),257,218,20,1,496,0
Precinct,19 - Jolliff (CD 4),113,401,14,7,535,0
Precinct,20 - E W Chittum (CD 4),158,409,17,3,587,0
Precinct,21 - Fellowship (CD 3),191,425,18,2,636,0
Precinct,22 - Norfolk Highlands (CD 3),173,338,17,2,530,0
Precinct,23 - Oak Grove (CD 4),209,321,21,2,553,0
Precinct,24 - Oaklette (CD 3),296,312,22,5,635,0
Precinct,25 - St Julians (CD 3),243,263,19,4,529,0
Precinct,26 - Johnson Park (CD 3),201,158,14,3,376,0
Precinct,27 - Silverwood (CD 3),176,347,13,3,539,0
Precinct,28 - Sunray I (CD 4),47,178,4,0,229,0
Precinct,29 - Tanglewood (CD 3),129,404,27,1,561,0
Precinct,30 - South Norfolk (CD 3),246,24,4,2,276,0
Precinct,31 - Carver School (CD 3),424,170,12,3,609,0
Precinct,32 - Providence (CD 3),586,67,10,4,667,0
Precinct,33 - Westover (CD 3),134,391,8,3,536,0
Precinct,34 - Hickory Middle School (CD 4),131,693,20,6,850,0
Precinct,35 - Taylor Road (CD 3),252,154,14,3,423,0
Precinct,36 - Great Bridge Baptist Church (CD 4),185,538,13,7,743,0
Precinct,37 - Bridgetown (CD 4),140,387,15,0,542,0
Precinct,38 - Bailey Creek (CD 3),90,395,19,1,505,0
Precinct,39 - Lake Drummond (CD 4),141,398,23,0,562,0
Precinct,41 - John T West (CD 4),315,570,32,7,924,0
Precinct,42 - Parkways (CD 3),245,237,9,6,497,0
Precinct,43 - Pleasant Crossing (CD 4),91,491,13,4,599,0
Precinct,44 - Nansemond (CD 3),202,249,4,2,457,0
Precinct,45 - Sunray II (CD 4),78,152,5,1,236,0
Precinct,46 - Bells Mill II (CD 4),152,421,15,0,588,0
Precinct,48 - Jolliff Middle School (CD 4),462,110,13,3,588,0
Precinct,49 - Waterway (CD 4),139,369,11,4,523,0
Precinct,50 - River Walk (CD 4),259,348,15,4,626,0
Precinct,51 - Coopers Way (CD 4),164,775,21,4,964,0
Precinct,52 - Shipyard Road (CD 4),130,244,9,2,385,0
Precinct,53 - Fairways (CD 3),315,454,22,9,800,0
Precinct,54 - Pughsville (CD 3),295,172,16,3,486,0
Precinct,55 - Georgetown East (CD 3),101,74,7,1,183,0
Precinct,56 - Green Tree (CD 3),178,253,5,3,439,0
Precinct,57 - Cypress (CD 3),260,236,11,5,512,0
Precinct,58 - Expressway (CD 4),128,84,7,2,221,0
Precinct,59 - Clearfield (CD 4),178,382,15,2,577,0
Precinct,60 - Parker Road (CD 4),103,390,11,1,505,0
Precinct,61 - Centerville (CD 4),139,744,20,2,905,0
Precinct,62 - Fentress (CD 4),183,685,25,2,895,0
Precinct,63 - Poplar Branch (CD 4),60,357,11,1,429,0
Precinct,64 - Deep Creek Ii (CD 4),176,303,17,1,497,0
Precinct,65 - Waterway Ii (CD 4),152,314,19,3,488,0
Precinct,AB - Central Absentee Precinct (CD 3),27418,12035,452,114,40019,0
Precinct,Ab - Central Absentee Precinct (CD 4),26370,23467,668,166,50671,0
Precinct,Provisional (CD 3),178,88,6,1,273,0
Precinct,Provisional (CD 4),143,150,14,1,308,0
Locality,Chesterfield County,106935,93326,2927,696,203884,0
Precinct,101 - Bellwood (CD 4),315,446,13,3,777,0
Precinct,102 - South Chester (CD 4),434,610,20,3,1067,0
Precinct,103 - Enon (CD 4),428,971,31,4,1434,0
Precinct,104 - North Chester (CD 4),291,781,24,6,1102,0
Precinct,105 - Drewrys Bluff (CD 7),406,363,10,1,780,0
Precinct,106 - Harrowgate (CD 4),500,726,24,5,1255,0
Precinct,107 - Wells (CD 4),421,533,15,3,972,0
Precinct,108 - Ecoff (CD 4),267,599,24,6,896,0
Precinct,109 - Elizabeth Scott (CD 4),478,849,29,4,1360,0
Precinct,110 - Dutch Gap (CD 4),222,500,13,3,738,0
Precinct,111 - Iron Bridge (CD 4),129,306,17,1,453,0
Precinct,112 - Carver (CD 4),269,385,14,2,670,0
Precinct,113 - Iron Bridge North (CD 4),219,297,11,8,535,0
Precinct,201 - Gates (CD 4),226,426,15,3,670,0
Precinct,202 - Beulah (CD 7),397,356,17,3,773,0
Precinct,203 - Bird (CD 4),110,209,7,1,327,0
Precinct,204 - Jacobs (CD 7),187,341,10,3,541,0
Precinct,205 - Falling Creek (CD 7),336,204,10,5,555,0
Precinct,206 - Belmont (CD 7),385,103,12,0,500,0
Precinct,207 - Chippenham (CD 7),197,104,4,0,305,0
Precinct,208 - Meadowbrook (CD 7),319,209,8,3,539,0
Precinct,209 - Salem Church (CD 4),392,642,22,3,1059,0
Precinct,210 - Five Forks (CD 7),415,423,24,1,863,0
Precinct,211 - Nash (CD 4),168,616,23,3,810,0
Precinct,212 - St. Luke's (CD 7),163,283,7,5,458,0
Precinct,213 - Southside (CD 7),234,120,6,2,362,0
Precinct,214 - Hopkins (CD 7),108,23,1,0,132,0
Precinct,215 - North Bird (CD 7),189,144,3,0,336,0
Precinct,216 - Ridgedale (CD 7),347,146,13,3,509,0
Precinct,301 - Ettrick (CD 4),448,175,8,0,631,0
Precinct,302 - Deer Run (CD 7),121,328,13,4,466,0
Precinct,303 - Matoaca (CD 4),254,565,17,3,839,0
Precinct,304 - Winfrees Store (CD 4),115,691,14,1,821,0
Precinct,305 - Beach (CD 4),71,362,4,0,437,0
Precinct,306 - Winterpock (CD 7),167,927,10,5,1109,0
Precinct,307 - Cosby (CD 7),463,975,27,3,1468,0
Precinct,308 - South Manchester (CD 7),104,151,7,0,262,0
Precinct,309 - Skinquarter (CD 7),154,531,26,3,714,0
Precinct,310 - Tomahawk (CD 7),300,628,39,5,972,0
Precinct,313 - Woolridge (CD 7),328,826,16,11,1181,0
Precinct,314 - Longhouse (CD 4),55,383,9,5,452,0
Precinct,315 - Bailey Bridge (CD 7),183,755,18,2,958,0
Precinct,316 - Spring Run (CD 7),357,804,25,3,1189,0
Precinct,317 - Birkdale (CD 7),259,660,22,8,949,0
Precinct,318 - West Beach (CD 7),86,292,5,3,386,0
Precinct,319 - Magnolia (CD 7),287,857,26,4,1174,0
Precinct,401 - Harbour Pointe (CD 7),174,398,10,1,583,0
Precinct,402 - Genito (CD 7),113,190,10,2,315,0
Precinct,403 - Brandermill (CD 7),274,548,18,4,844,0
Precinct,404 - Providence (CD 7),295,379,22,3,699,0
Precinct,405 - La Prade (CD 7),161,308,11,3,483,0
Precinct,406 - Smoketree (CD 7),193,422,15,3,633,0
Precinct,407 - Monacan (CD 7),113,302,10,4,429,0
Precinct,408 - Reams (CD 7),337,392,26,3,758,0
Precinct,409 - Manchester (CD 7),296,309,13,2,620,0
Precinct,410 - Wagstaff (CD 7),199,319,20,4,542,0
Precinct,411 - Swift Creek (CD 7),282,557,22,7,868,0
Precinct,412 - Clover Hill (CD 7),243,519,19,2,783,0
Precinct,413 - Shenandoah (CD 7),335,443,21,3,802,0
Precinct,414 - Crenshaw (CD 7),443,827,34,4,1308,0
Precinct,415 - Evergreen (CD 7),253,443,14,8,718,0
Precinct,416 - Evergreen West (CD 7),216,298,15,1,530,0
Precinct,417 - Edgewater (CD 7),155,292,9,3,459,0
Precinct,501 - Huguenot (CD 7),330,410,24,7,771,0
Precinct,502 - Crestwood (CD 7),192,264,10,0,466,0
Precinct,503 - Midlothian (CD 7),212,452,15,2,681,0
Precinct,504 - Robious (CD 7),274,702,16,8,1000,0
Precinct,505 - Bon Air (CD 7),256,421,20,7,704,0
Precinct,506 - Greenfield (CD 7),418,476,34,5,933,0
Precinct,507 - Salisbury (CD 7),285,843,27,12,1167,0
Precinct,508 - Belgrade (CD 7),257,408,20,6,691,0
Precinct,509 - Cranbeck (CD 7),316,342,14,2,674,0
Precinct,510 - Sycamore (CD 7),210,417,25,4,656,0
Precinct,511 - Black Heath (CD 7),209,480,22,3,714,0
Precinct,513 - Beaufont (CD 7),270,168,6,3,447,0
Precinct,514 - Watkins (CD 7),267,557,23,5,852,0
Precinct,515 - Davis (CD 7),461,211,15,3,690,0
Precinct,516 - Pocoshock (CD 7),221,156,6,3,386,0
Precinct,517 - Roseland (CD 7),221,474,17,6,718,0
Precinct,518 - Midlothian North (CD 7),221,587,16,6,830,0
Precinct,Ab - Central Absentee Precinct (CD 4),21230,17173,384,87,38874,0
Precinct,Ab - Central Absentee Precinct (CD 7),64275,39987,1207,324,105793,0
Precinct,Provisional (CD 4),110,62,7,0,179,0
Precinct,Provisional (CD 7),314,165,17,2,498,0
Locality,Clarke County,3920,5192,178,47,9337,0
Precinct,101 - Russell,104,550,15,1,670,0
Precinct,201 - Berryville,156,352,13,6,527,0
Precinct,301 - Millwood,99,368,12,0,479,0
Precinct,302 - Pine Grove,80,191,8,5,284,0
Precinct,401 - White Post,182,580,25,4,791,0
Precinct,501 - Buckmarsh,99,372,6,3,480,0
Precinct,502 - Blue Ridge,71,219,9,1,300,0
Precinct,Ab - Central Absentee Precinct,3121,2554,90,27,5792,0
Precinct,Provisional,8,6,0,0,14,0
Locality,Colonial Heights City,2972,6007,135,32,9146,0
Precinct,1 - First,185,444,14,0,643,0
Precinct,2 - Second,167,446,13,4,630,0
Precinct,3 - Third,196,460,14,3,673,0
Precinct,4 - Fourth,193,489,13,1,696,0
Precinct,5 - Fifth,129,583,17,1,730,0
Precinct,Ab - Central Absentee Precinct,2095,3577,64,23,5759,0
Precinct,Provisional,7,8,0,0,15,0
Locality,Covington City,964,1580,50,9,2603,0
Precinct,101 - Precinct 1-1,81,181,4,0,266,0
Precinct,201 - Precinct 2-1,64,174,7,2,247,0
Precinct,301 - Precinct 3-1,90,130,6,2,228,0
Precinct,401 - Precinct 4-1,74,280,11,1,366,0
Precinct,501 - Precinct 5-1,77,305,2,0,384,0
Precinct,Ab - Central Absentee Precinct,578,510,20,4,1112,0
Precinct,Provisional,0,0,0,0,0,0
Locality,Craig County,587,2536,40,6,3169,0
Precinct,101 - Court House,38,298,5,0,341,0
Precinct,201 - Ammendale Precinct,49,368,8,2,427,0
Precinct,301 - Givens & Reynolds Store,47,242,5,1,295,0
Precinct,303 - Marshalls Store,39,159,1,0,199,0
Precinct,401 - Barbours Creek,28,158,7,1,194,0
Precinct,402 - Paint Bank,10,33,0,0,43,0
Precinct,403 - Craig Springs,24,164,1,0,189,0
Precinct,501 - Craig City,38,299,3,0,340,0
Precinct,AB - Central Absentee Precinct,313,804,10,2,1129,0
Precinct,Provisional,1,11,0,0,12,0
Locality,Culpeper County,10617,16012,406,81,27116,0
Precinct,101 - West Fairfax,384,745,22,6,1157,0
Precinct,201 - East Fairfax,387,585,18,5,995,0
Precinct,302 - Eggbornsville,104,682,17,4,807,0
Precinct,303 - Cardova,121,582,8,1,712,0
Precinct,304 - Willow Shade,100,195,9,2,306,0
Precinct,401 - Eldorado,139,733,17,2,891,0
Precinct,402 - Browns Store,185,972,20,3,1180,0
Precinct,501 - Jeffersonton,206,929,18,7,1160,0
Precinct,502 - Rixeyville,169,848,20,4,1041,0
Precinct,601 - Mitchells,62,165,1,1,229,0
Precinct,602 - Pearl Sample,167,681,22,4,874,0
Precinct,603 - South Ridge,114,218,3,1,336,0
Precinct,702 - Brandy Station,207,940,17,3,1167,0
Precinct,703 - Lignum,125,507,11,1,644,0
Precinct,704 - Richardsville,73,349,6,1,429,0
Precinct,Ab - Central Absentee Precinct,8016,6836,191,36,15079,0
Precinct,Provisional,58,45,6,0,109,0
Locality,Cumberland County,2227,3019,53,11,5310,0
Precinct,101 - Precinct 1,191,539,11,4,745,0
Precinct,201 - Precinct 2,123,434,10,2,569,0
Precinct,301 - Precinct 3,162,232,4,0,398,0
Precinct,401 - Precinct 4,141,429,5,0,575,0
Precinct,501 - Precinct 5,186,340,3,1,530,0
Precinct,Ab - Central Absentee Precinct,1422,1039,20,4,2485,0
Precinct,Provisional,2,6,0,0,8,0
Locality,Danville City,11710,7428,195,56,19389,0
Precinct,1 - Ward One,173,44,5,2,224,0
Precinct,2 - Ward Two,121,96,8,3,228,0
Precinct,3 - Ward Three,249,119,11,1,380,0
Precinct,4 - Ward Four,411,411,9,2,833,0
Precinct,6 - Ward Six,205,33,4,1,243,0
Precinct,7 - Ward Seven,342,85,3,0,430,0
Precinct,8 - Ward Eight,278,130,6,1,415,0
Precinct,9 - Ward Nine,193,196,6,1,396,0
Precinct,10 - Ward Ten,270,221,9,1,501,0
Precinct,11 - Ward Eleven,379,171,10,0,560,0
Precinct,12 - Ward Twelve,346,268,3,1,618,0
Precinct,13 - Ward Thirteen,359,236,11,4,610,0
Precinct,14 - Ward Fourteen,85,6,0,0,91,0
Precinct,15 - Ward Fifteen,261,335,15,0,611,0
Precinct,16 - Ward Sixteen,260,480,9,4,753,0
Precinct,17 - Ward Seventeen,128,379,10,3,520,0
Precinct,Ab - Central Absentee Precinct,7555,4186,74,29,11844,0
Precinct,Provisional,95,32,2,3,132,0
Locality,Dickenson County,1503,5748,44,8,7303,0
Precinct,101 - South Clintwood,59,461,2,0,522,0
Precinct,201 - Nora,34,276,3,0,313,0
Precinct,202 - Frying Pan,15,130,0,0,145,0
Precinct,203 - Clinchco,55,310,3,0,368,0
Precinct,301 - West Dante,12,184,0,0,196,0
Precinct,302 - Herald,22,325,0,1,348,0
Precinct,303 - Ridge,43,335,3,0,381,0
Precinct,401 - Haysi-colley,141,698,7,0,846,0
Precinct,501 - Tarpon,38,138,2,0,178,0
Precinct,502 - North Clintwood,54,428,6,0,488,0
Precinct,Ab - Central Absentee Precinct,1030,2462,18,7,3517,0
Precinct,Provisional,0,1,0,0,1,0
Locality,Dinwiddie County,6224,8695,144,29,15092,0
Precinct,101 - White Oak,49,367,5,0,421,0
Precinct,102 - Rocky Run,68,397,5,1,471,0
Precinct,103 - Church Road,59,647,9,6,721,0
Precinct,201 - Rohoic,184,208,6,2,400,0
Precinct,202 - Sutherland,232,651,9,0,892,0
Precinct,301 - Reams,89,329,5,0,423,0
Precinct,302 - New Hope,108,400,2,1,511,0
Precinct,303 - Little Zion,222,345,4,0,571,0
Precinct,401 - Dinwiddie,126,435,9,0,570,0
Precinct,402 - Mckenney,146,315,4,1,466,0
Precinct,403 - Cherry Hill,117,189,8,0,314,0
Precinct,501 - Edgehill,67,49,1,0,117,0
Precinct,502 - Chesdin,477,377,18,1,873,0
Precinct,Ab - Central Absentee Precinct,4265,3982,59,17,8323,0
Precinct,Provisional,15,4,0,0,19,0
Locality,Emporia City,1612,754,13,2,2381,0
Precinct,101 - Precinct 1-1,162,68,4,0,234,0
Precinct,201 - Precinct 2-1,116,8,1,0,125,0
Precinct,301 - Precinct 3-1,97,107,0,0,204,0
Precinct,401 - Precinct 4-1,115,122,2,0,239,0
Precinct,501 - Precinct 5-1,118,8,1,0,127,0
Precinct,601 - District 6,77,144,1,0,222,0
Precinct,701 - District 7,131,53,1,0,185,0
Precinct,AB - Central Absentee Precinct,796,244,3,2,1045,0
Precinct,Provisional,0,0,0,0,0,0
Locality,Essex County,3038,3075,58,7,6178,0
Precinct,101 - Greater Tappahannock,215,230,12,1,458,0
Precinct,201 - North,300,201,7,1,509,0
Precinct,301 - South,201,534,9,0,744,0
Precinct,401 - Central,183,369,4,0,556,0
Precinct,Ab - Central Absentee Precinct,2131,1736,26,5,3898,0
Precinct,Provisional,8,5,0,0,13,0
Locality,Fairfax City,9174,4007,201,101,13483,0
Precinct,1 - One,301,252,15,13,581,0
Precinct,2 - Two,193,275,17,9,494,0
Precinct,3 - Three,328,355,17,13,713,0
Precinct,4 - Four,156,184,12,2,354,0
Precinct,5 - Five,231,262,11,6,510,0
Precinct,6 - Six,301,280,6,3,590,0
Precinct,Ab - Central Absentee Precinct,7610,2374,123,55,10162,0
Precinct,Provisional,54,25,0,0,79,0
Locality,Fairfax County,419943,168401,8014,4465,600823,0
Precinct,104 - Chapel (CD 11),320,349,15,9,693,0
Precinct,105 - Fairview (CD 11),687,617,25,11,1340,0
Precinct,106 - Heritage (CD 11),730,500,17,8,1255,0
Precinct,108 - Kings Park (CD 11),411,392,21,9,833,0
Precinct,109 - Little Run (CD 11),234,186,4,5,429,0
Precinct,110 - North Springfield (CD 11),658,689,17,17,1381,0
Precinct,113 - Canterbury (CD 11),518,542,20,21,1101,0
Precinct,114 - Olde Creek (CD 11),341,308,12,7,668,0
Precinct,115 - Ravensworth (CD 11),354,381,12,9,756,0
Precinct,116 - Wakefield (CD 11),357,315,13,9,694,0
Precinct,117 - Woodson (CD 11),313,384,14,17,728,0
Precinct,118 - Lake Braddock (CD 11),659,496,26,6,1187,0
Precinct,119 - Laurel (CD 11),594,587,26,10,1217,0
Precinct,120 - Sideburn (CD 11),394,519,21,14,948,0
Precinct,121 - Villa (CD 11),373,374,14,8,769,0
Precinct,123 - Robinson (CD 11),466,520,23,8,1017,0
Precinct,125 - Signal Hill (CD 11),426,401,18,9,854,0
Precinct,126 - Bonnie Brae (CD 11),438,321,12,5,776,0
Precinct,127 - Burke Centre (CD 11),742,527,25,15,1309,0
Precinct,128 - Cardinal (CD 11),428,340,15,11,794,0
Precinct,129 - Keene Mill (CD 11),312,279,10,9,610,0
Precinct,130 - Terra Centre (CD 11),418,361,19,10,808,0
Precinct,131 - Eagle View (CD 11),405,437,28,4,874,0
Precinct,132 - Monument (CD 11),316,288,17,5,626,0
Precinct,133 - Danbury (CD 11),195,111,12,6,324,0
Precinct,134 - University (CD 11),275,52,12,8,347,0
Precinct,201 - Armstrong (CD 11),482,358,23,6,869,0
Precinct,202 - Flint Hill (CD 11),299,391,18,6,714,0
Precinct,203 - Floris (CD 11),465,455,17,1,938,0
Precinct,204 - Madison (CD 11),151,106,4,0,261,0
Precinct,208 - Reston #1 (CD 11),558,352,22,7,939,0
Precinct,209 - Reston #2 (CD 11),622,271,21,11,925,0
Precinct,213 - Vienna #1 (CD 11),447,468,29,14,958,0
Precinct,214 - Vienna #2 (CD 11),311,358,18,18,705,0
Precinct,216 - Vienna #4 (CD 11),206,192,6,5,409,0
Precinct,218 - Vienna #6 (CD 11),232,221,13,4,470,0
Precinct,219 - Westbriar (CD 11),398,386,20,11,815,0
Precinct,220 - Dogwood (CD 11),698,420,23,14,1155,0
Precinct,221 - Hunters Woods (CD 11),338,283,11,7,639,0
Precinct,222 - Reston #3 (CD 11),356,163,18,4,541,0
Precinct,223 - Glade (CD 11),459,316,28,15,818,0
Precinct,224 - South Lakes (CD 11),566,444,29,10,1049,0
Precinct,225 - Hughes (CD 11),587,325,37,4,953,0
Precinct,226 - Wolftrap (CD 11),414,455,16,18,903,0
Precinct,227 - Sunrise Valley (CD 11),239,213,10,4,466,0
Precinct,229 - Fox Mill (CD 10),554,646,32,13,1245,0
Precinct,233 - North Point (CD 11),372,450,17,6,845,0
Precinct,234 - Aldrin (CD 11),344,275,13,8,640,0
Precinct,235 - Frying Pan (CD 11),407,294,11,7,719,0
Precinct,236 - Stuart (CD 11),262,171,18,3,454,0
Precinct,237 - Mcnair (CD 11),533,313,12,9,867,0
Precinct,238 - Cameron Glen (CD 11),233,270,15,7,525,0
Precinct,240 - Colvin (CD 10),232,296,12,8,548,0
Precinct,301 - Chain Bridge (CD 10),231,363,12,10,616,0
Precinct,302 - Chesterbrook (CD 8),170,222,9,8,409,0
Precinct,303 - Churchill (CD 10),197,198,10,7,412,0
Precinct,304 - Cooper (CD 10),160,251,3,7,421,0
Precinct,305 - El Nido (CD 8),246,231,17,12,506,0
Precinct,306 - Great Falls (CD 10),206,360,7,7,580,0
Precinct,307 - Haycock (CD 8),282,240,14,14,550,0
Precinct,309 - Kenmore (CD 10),289,348,11,6,654,0
Precinct,310 - Kirby (CD 8),228,219,12,7,466,0
Precinct,311 - Langley (CD 10),176,257,12,10,455,0
Precinct,312 - Longfellow (CD 8),236,282,9,9,536,0
Precinct,314 - Mclean (CD 10),139,192,10,5,346,0
Precinct,315 - Pimmit (CD 8),407,401,22,2,832,0
Precinct,316 - Salona #1 (CD 8),76,105,6,3,190,0
Precinct,317 - Westhampton (CD 8),188,231,14,8,441,0
Precinct,318 - Westmoreland (CD 8),191,149,5,3,348,0
Precinct,319 - Herndon #1 (CD 11),541,478,30,6,1055,0
Precinct,320 - Herndon #2 (CD 11),582,434,19,15,1050,0
Precinct,321 - Clearview (CD 10),496,531,33,14,1074,0
Precinct,322 - Forestville (CD 10),316,588,23,9,936,0
Precinct,323 - Shouse (CD 10),300,311,6,8,625,0
Precinct,324 - Herndon #3 (CD 11),522,383,20,12,937,0
Precinct,325 - Hutchison (CD 11),532,202,15,3,752,0
Precinct,327 - Sugarland (CD 10),391,464,22,10,887,0
Precinct,328 - Hickory (CD 10),239,392,15,11,657,0
Precinct,329 - Seneca (CD 10),405,541,15,9,970,0
Precinct,331 - Spring Hill (CD 10),196,214,8,4,422,0
Precinct,332 - Coates (CD 11),694,433,29,14,1170,0
Precinct,333 - Salona #2 (CD 8),156,147,11,10,324,0
Precinct,401 - Bush Hill (CD 8),550,481,32,5,1068,0
Precinct,402 - Cameron (CD 8),259,165,8,3,435,0
Precinct,403 - Forestdale (CD 8),247,153,8,5,413,0
Precinct,404 - Franconia (CD 8),484,369,11,8,872,0
Precinct,405 - Groveton (CD 8),405,178,8,5,596,0
Precinct,406 - Hayfield (CD 8),328,421,15,10,774,0
Precinct,408 - Mount Eagle (CD 8),524,215,18,7,764,0
Precinct,409 - Pioneer (CD 8),817,492,19,3,1331,0
Precinct,410 - Rose Hill (CD 8),708,617,26,8,1359,0
Precinct,411 - Virginia Hills (CD 8),532,310,17,6,865,0
Precinct,413 - Fairfield (CD 8),611,181,9,5,806,0
Precinct,415 - Crestwood (CD 8),614,540,15,6,1175,0
Precinct,417 - Garfield (CD 8),809,514,17,15,1355,0
Precinct,418 - Lynbrook (CD 8),566,301,12,2,881,0
Precinct,419 - Lane (CD 8),572,377,22,5,976,0
Precinct,420 - Villages (CD 8),594,408,20,7,1029,0
Precinct,421 - Kingstowne (CD 8),460,336,20,13,829,0
Precinct,422 - Van Dorn (CD 8),537,327,15,9,888,0
Precinct,423 - Clermont (CD 8),498,383,25,8,914,0
Precinct,424 - Huntley (CD 8),475,374,15,5,869,0
Precinct,426 - Greenspring (CD 11),357,233,3,3,596,0
Precinct,427 - Island Creek (CD 8),484,307,24,6,821,0
Precinct,428 - Pinewood (CD 8),630,187,7,4,828,0
Precinct,429 - Hybla Valley (CD 8),823,210,11,6,1050,0
Precinct,501 - Baileys (CD 8),641,253,18,10,922,0
Precinct,502 - Barcroft (CD 11),167,150,2,5,324,0
Precinct,503 - Belvedere (CD 11),205,158,5,14,382,0
Precinct,504 - Bristow (CD 11),529,356,12,3,900,0
Precinct,505 - Glen Forest (CD 8),534,294,9,4,841,0
Precinct,506 - Holmes #1 (CD 8),153,70,5,0,228,0
Precinct,507 - Lincolnia (CD 8),495,289,17,10,811,0
Precinct,508 - Masonville (CD 11),361,339,17,4,721,0
Precinct,509 - Plaza (CD 8),425,102,4,1,532,0
Precinct,510 - Parklawn (CD 8),381,235,11,3,630,0
Precinct,511 - Ravenwood (CD 11),362,269,12,7,650,0
Precinct,512 - Sleepy Hollow (CD 11),264,217,9,4,494,0
Precinct,513 - Saint Albans (CD 8),133,95,6,2,236,0
Precinct,513 - Saint Albans (CD 11),241,174,7,4,426,0
Precinct,514 - Crossroads (CD 8),112,37,3,2,154,0
Precinct,515 - Westlawn (CD 8),357,235,6,2,600,0
Precinct,516 - Weyanoke (CD 8),607,335,14,5,961,0
Precinct,517 - Willston (CD 8),336,230,7,4,577,0
Precinct,518 - Columbia (CD 11),475,386,16,6,883,0
Precinct,519 - Hummer (CD 11),287,259,7,3,556,0
Precinct,520 - Skyline (CD 8),500,176,6,5,687,0
Precinct,521 - Brook Hill (CD 8),358,360,11,10,739,0
Precinct,522 - Camelot (CD 11),219,230,10,4,463,0
Precinct,523 - Poe (CD 8),372,314,9,1,696,0
Precinct,525 - Walnut Hill (CD 8),475,406,16,11,908,0
Precinct,526 - Bren Mar (CD 8),679,322,18,13,1032,0
Precinct,527 - Edsall (CD 8),429,359,12,4,804,0
Precinct,528 - Ridgelea (CD 11),214,200,11,4,429,0
Precinct,530 - Holmes #2 (CD 11),380,145,10,2,537,0
Precinct,601 - Belle Haven (CD 8),336,320,13,20,689,0
Precinct,602 - Belleview (CD 8),257,268,19,7,551,0
Precinct,604 - Bucknell (CD 8),779,317,25,10,1131,0
Precinct,605 - Fort Hunt (CD 8),363,395,17,19,794,0
Precinct,606 - Hollin Hall (CD 8),344,364,13,18,739,0
Precinct,607 - Huntington (CD 8),538,337,19,15,909,0
Precinct,608 - Kirkside (CD 8),290,182,16,12,500,0
Precinct,609 - Marlan (CD 8),203,258,16,6,483,0
Precinct,610 - Sherwood (CD 8),367,188,5,6,566,0
Precinct,611 - Stratford (CD 8),424,446,20,12,902,0
Precinct,612 - Waynewood (CD 8),287,237,3,10,537,0
Precinct,613 - Westgate (CD 8),391,716,22,17,1146,0
Precinct,614 - Riverside (CD 8),281,364,16,1,662,0
Precinct,615 - Woodley (CD 8),476,396,14,13,899,0
Precinct,616 - Gunston (CD 8),403,590,22,7,1022,0
Precinct,617 - Lorton (CD 8),431,179,6,5,621,0
Precinct,618 - Newington (CD 11),881,750,49,9,1689,0
Precinct,619 - Belvoir (CD 8),441,323,18,6,788,0
Precinct,621 - Grosvenor (CD 8),441,231,8,3,683,0
Precinct,622 - Lorton Station (CD 8),715,320,12,12,1059,0
Precinct,623 - Alban (CD 8),631,367,15,8,1021,0
Precinct,626 - Saratoga (CD 8),594,483,24,7,1108,0
Precinct,627 - Woodlawn (CD 8),822,451,23,7,1303,0
Precinct,628 - Laurel Hill (CD 11),687,391,15,9,1102,0
Precinct,629 - South County (CD 11),334,375,9,5,723,0
Precinct,630- Army (CD 8),127,120,1,1,249,0
Precinct,701 - Blake (CD 11),467,361,25,16,869,0
Precinct,703 - Fort Buffalo (CD 8),304,209,10,7,530,0
Precinct,704 - Freedom Hill (CD 11),288,242,7,7,544,0
Precinct,705 - Graham - Greenway (CD 8),458,367,16,8,849,0
Precinct,707 - Mantua (CD 11),261,246,15,7,529,0
Precinct,708 - Marshall (CD 8),418,346,22,10,796,0
Precinct,709 - Mosby (CD 11),450,323,20,11,804,0
Precinct,710 - Pine Spring (CD 8),349,213,12,5,579,0
Precinct,711 - Price (CD 11),291,267,12,7,577,0
Precinct,712 - Shreve (CD 8),174,161,12,5,352,0
Precinct,713 - Timber Lane (CD 8),508,298,12,9,827,0
Precinct,714 - Walker (CD 11),380,366,13,5,764,0
Precinct,717 - Woodburn (CD 11),271,185,13,4,473,0
Precinct,718 - Pine Ridge (CD 11),298,272,20,7,597,0
Precinct,720 - Thoreau (CD 11),295,340,22,7,664,0
Precinct,721 - Merrifield (CD 11),496,267,23,11,797,0
Precinct,723 - Gallows East (CD 11),238,150,9,1,398,0
Precinct,726 - Magarity (CD 8),432,313,22,12,779,0
Precinct,727 - Oakton (CD 11),235,341,10,8,594,0
Precinct,729 - Nottoway (CD 11),198,230,11,9,448,0
Precinct,730 - Penderbrook (CD 11),582,480,16,12,1090,0
Precinct,731 - Tysons (CD 11),479,321,24,6,830,0
Precinct,732 - Oak Marr (CD 11),291,426,24,9,750,0
Precinct,733 - Kilmer (CD 11),424,312,15,7,758,0
Precinct,734 - Hunters Branch (CD 11),146,112,7,3,268,0
Precinct,735 - Rotonda (CD 11),334,199,2,2,537,0
Precinct,801 - Burke (CD 11),727,555,27,9,1318,0
Precinct,802 - Cedar Lake (CD 11),139,128,3,5,275,0
Precinct,803 - Clifton (CD 10),272,764,28,7,1071,0
Precinct,804 - Colchester (CD 10),235,338,10,4,587,0
Precinct,805 - Fairfax Station (CD 10),256,292,17,14,579,0
Precinct,806 - Sydenstricker (CD 11),517,462,23,4,1006,0
Precinct,807 - Hunt Valley (CD 11),354,342,23,10,729,0
Precinct,811 - Pohick (CD 11),376,266,12,4,658,0
Precinct,812 - Valley (CD 11),468,409,15,9,901,0
Precinct,815 - Woodyard (CD 10),346,556,11,7,920,0
Precinct,824 - Orange (CD 11),617,615,28,15,1275,0
Precinct,825 - Cherry Run (CD 11),413,477,17,7,914,0
Precinct,827 - Irving (CD 11),347,364,9,8,728,0
Precinct,833 - White Oaks (CD 11),566,480,23,8,1077,0
Precinct,838 - Sangster (CD 10),304,338,13,6,661,0
Precinct,839 - Silverbrook (CD 10),349,505,16,9,879,0
Precinct,840 - West Springfield (CD 11),503,407,16,18,944,0
Precinct,841 - Popes Head (CD 10),166,317,12,6,501,0
Precinct,842 - Parkway (CD 11),289,409,20,8,726,0
Precinct,843 - Fair Lakes (CD 11),470,367,21,8,866,0
Precinct,844 - Centerpointe (CD 11),293,227,14,8,542,0
Precinct,845 - Fountainhead (CD 10),376,697,18,18,1109,0
Precinct,846 - Greenbriar East (CD 11),430,380,16,8,834,0
Precinct,847 - Greenbriar West (CD 10),315,343,15,5,678,0
Precinct,848 - Fair Oaks (CD 11),308,314,10,3,635,0
Precinct,849 - Newgate (CD 10),525,741,18,7,1291,0
Precinct,850 - South Run (CD 10),268,435,12,6,721,0
Precinct,851 - Willow Springs (CD 11),291,379,11,6,687,0
Precinct,901 - Centre Ridge (CD 11),435,365,15,7,822,0
Precinct,902 - Brookfield (CD 10),713,576,16,4,1309,0
Precinct,903 - Cub Run (CD 10),428,532,26,9,995,0
Precinct,904 - Stonecroft (CD 10),207,285,11,11,514,0
Precinct,905 - Franklin (CD 10),129,127,11,6,273,0
Precinct,908 - Hidden Meadow (CD 10),291,334,13,8,646,0
Precinct,909 - Oak Hill (CD 10),304,306,10,7,627,0
Precinct,910 - London Towne (CD 11),605,437,18,10,1070,0
Precinct,911 - Navy (CD 10),384,440,18,11,853,0
Precinct,913 - Rocky Run (CD 10),410,598,26,8,1042,0
Precinct,914 - Vale (CD 10),263,324,21,10,618,0
Precinct,915 - Virginia Run (CD 10),329,497,19,11,856,0
Precinct,916 - Waples Mill (CD 10),407,600,20,16,1043,0
Precinct,917 - Stone North (CD 10),260,229,14,6,509,0
Precinct,918 - Centreville (CD 11),680,529,21,7,1237,0
Precinct,919 - Green Trails (CD 11),607,459,14,6,1086,0
Precinct,920 - Chantilly (CD 10),352,323,8,9,692,0
Precinct,921 - Deer Park (CD 10),409,524,26,11,970,0
Precinct,923 - Bull Run (CD 10),272,502,8,7,789,0
Precinct,924 - Spindle (CD 11),291,181,12,5,489,0
Precinct,925 - Old Mill (CD 10),290,262,21,4,577,0
Precinct,926 - Powell (CD 11),721,603,18,7,1349,0
Precinct,927 - Armfield (CD 10),242,283,3,3,531,0
Precinct,928 - Poplar Tree (CD 10),359,430,26,11,826,0
Precinct,929 - Difficult Run (CD 10),97,162,3,2,264,0
Precinct,930 - Lees Corner (CD 10),308,298,20,6,632,0
Precinct,931 - Carson (CD 10),384,321,12,8,725,0
Precinct,932 - Stone South (CD 10),259,206,7,10,482,0
Precinct,933 - Compton (CD 11),117,109,5,0,231,0
Precinct,Ab - Central Absentee Precinct (CD 10),61400,21952,883,596,84831,0
Precinct,Ab - Central Absentee Precinct (CD 11),162167,40494,2180,1179,206020,0
Precinct,Ab - Central Absentee Precinct (CD 8),97652,22139,1154,775,121720,0
Precinct,Provisional (CD 10),288,193,7,4,492,0
Precinct,Provisional (CD 11),1147,474,33,9,1663,0
Precinct,Provisional (CD 8),810,276,16,1,1103,0
Locality,Falls Church City,7146,1490,114,69,8819,0
Precinct,1 - First Ward,260,209,16,7,492,0
Precinct,2 - Second Ward,205,148,7,7,367,0
Precinct,3 - Third Ward,183,152,16,8,359,0
Precinct,Ab - Central Absentee Precinct,6481,976,74,46,7577,0
Precinct,Provisional,17,5,1,1,24,0
Locality,Fauquier County,17565,25106,777,213,43661,0
Precinct,101 - Kettle Run (CD 5),73,337,9,5,424,0
Precinct,102 - Catlett (CD 1),140,889,21,4,1054,0
Precinct,103 - Casanova (CD 5),107,390,10,2,509,0
Precinct,104 - Lois (CD 1),85,459,6,2,552,0
Precinct,105 - Opal (CD 5),81,428,14,1,524,0
Precinct,106 - Baldwin Ridge (CD 5),122,420,14,1,557,0
Precinct,201 - Courthouse (CD 5),258,598,37,8,901,0
Precinct,202 - Airlie (CD 5),153,542,16,8,719,0
Precinct,203 - Warrenton (CD 5),222,497,20,3,742,0
Precinct,301 - Morrisville (CD 1),96,752,17,2,867,0
Precinct,302 - Remington (CD 5),234,808,24,4,1070,0
Precinct,303 - Bealeton (CD 1),286,811,20,4,1121,0
Precinct,401 - Marshall (CD 5),268,691,23,5,987,0
Precinct,402 - Leeds (CD 5),250,696,19,8,973,0
Precinct,403 - Waterloo (CD 5),145,708,27,8,888,0
Precinct,404 - Springs Valley (CD 5),63,305,14,2,384,0
Precinct,501 - The Plains (CD 5),337,599,15,3,954,0
Precinct,502 - New Baltimore (CD 5),135,557,13,1,706,0
Precinct,503 - Broad Run (CD 5),136,435,14,4,589,0
Precinct,504 - Vint Hill (CD 5),150,519,21,6,696,0
Precinct,Ab - Central Absentee Precinct (CD 1),2305,2778,73,13,5169,0
Precinct,Ab - Central Absentee Precinct (CD 5),11826,10795,345,119,23085,0
Precinct,Provisional (CD 1),21,19,1,0,41,0
Precinct,Provisional (CD 5),72,73,4,0,149,0
Locality,Floyd County,3004,6225,147,32,9408,0
Precinct,101 - Locust Grove,126,743,17,2,888,0
Precinct,201 - Little River,68,631,12,2,713,0
Precinct,301 - Courthouse,117,431,6,0,554,0
Precinct,401 - Burks Fork,85,715,12,3,815,0
Precinct,501 - Indian Valley,70,827,8,7,912,0
Precinct,Ab - Central Absentee Precinct,2524,2851,91,17,5483,0
Precinct,Provisional,14,27,1,1,43,0
Locality,Fluvanna County,7414,8155,226,45,15840,0
Precinct,101 - Palmyra,298,795,15,4,1112,0
Precinct,201 - Columbia,250,759,19,5,1033,0
Precinct,301 - Fork Union,301,720,14,3,1038,0
Precinct,401 - Cunningham,210,1030,22,2,1264,0
Precinct,501 - Rivanna,231,561,23,0,815,0
Precinct,Ab - Central Absentee Precinct,6083,4248,131,29,10491,0
Precinct,Provisional,41,42,2,2,87,0
Locality,Franklin City,2525,1487,35,11,4058,0
Precinct,101 - Precinct 1-1,91,305,7,3,406,0
Precinct,201 - Precinct 2-1,146,214,6,0,366,0
Precinct,301 - Precinct 3-1,190,28,0,0,218,0
Precinct,401 - Precinct 4-1,158,37,2,0,197,0
Precinct,501 - Precinct 5-1,170,6,1,0,177,0
Precinct,601 - Precinct 6-1,135,156,7,0,298,0
Precinct,Ab - Central Absentee Precinct,1615,737,11,7,2370,0
Precinct,Provisional,20,4,1,1,26,0
Locality,Franklin County,8381,20895,354,72,29702,0
Precinct,102 - Burnt Chimney,167,978,15,3,1163,0
Precinct,103 - Scruggs,242,1423,22,2,1689,0
Precinct,201 - Glade Hill,151,947,5,6,1109,0
Precinct,202 - Penhook,149,592,6,2,749,0
Precinct,203 - Hodgesville,42,146,2,0,190,0
Precinct,204 - Dudley,119,579,9,1,708,0
Precinct,301 - Snow Creek,55,483,7,1,546,0
Precinct,302 - Fork Mountain,63,442,3,0,508,0
Precinct,303 - Sontag,234,609,14,2,859,0
Precinct,304 - Dickinson,98,293,4,0,395,0
Precinct,401 - Henry,109,836,5,2,952,0
Precinct,402 - Ferrum,121,424,8,1,554,0
Precinct,403 - Endicott,71,523,11,2,607,0
Precinct,501 - Waidsboro,104,501,5,1,611,0
Precinct,502 - Callaway,119,761,14,3,897,0
Precinct,503 - Bowmans,95,403,8,2,508,0
Precinct,504 - Gogginsville,118,620,7,1,746,0
Precinct,601 - Boones Mill,153,813,31,1,998,0
Precinct,602 - Bonbrook,153,848,16,6,1023,0
Precinct,603 - Coopers Cove,104,657,11,2,774,0
Precinct,701 - Rocky Mount East,207,591,12,0,810,0
Precinct,702 - Rocky Mount West,185,403,13,2,603,0
Precinct,703 - Rocky Mount South,120,296,8,5,429,0
Precinct,Ab - Central Absentee Precinct,5368,6670,115,26,12179,0
Precinct,Provisional,34,57,3,1,95,0
Locality,Frederick County,17207,30558,781,157,48703,0
Precinct,101 - Russells,83,725,17,1,826,0
Precinct,102 - Gore,183,1165,25,1,1374,0
Precinct,103 - Kernstown,165,738,16,6,925,0
Precinct,104 - Cedar Creek,166,661,19,1,847,0
Precinct,201 - Gainesborough,58,609,10,0,677,0
Precinct,202 - Albin,74,528,12,3,617,0
Precinct,203 - Redland,140,913,20,4,1077,0
Precinct,204 - Nain,77,510,14,3,604,0
Precinct,301 - Clear Brook,84,549,7,1,641,0
Precinct,302 - Neff's Town,353,867,22,5,1247,0
Precinct,303 - White Hall,156,774,20,6,956,0
Precinct,401 - Carpers Valley,196,610,16,7,829,0
Precinct,402 - Shenandoah,121,461,15,0,597,0
Precinct,403 - Parkin's Mill,252,767,31,3,1053,0
Precinct,404 - Armel,207,626,32,0,865,0
Precinct,501 - Stephens City,234,671,18,3,926,0
Precinct,502 - Newtown,290,1020,27,5,1342,0
Precinct,503 - Canterburg,279,876,16,5,1176,0
Precinct,601 - Millbrook,184,535,18,3,740,0
Precinct,602 - Ash Hollow,259,577,20,3,859,0
Precinct,603 - Greenwood,383,982,41,6,1412,0
Precinct,Ab - Central Absentee Precinct,13101,15219,363,89,28772,0
Precinct,Provisional,162,175,2,2,341,0
Locality,Fredericksburg City,8517,4037,240,68,12862,0
Precinct,101 - Precinct 1 - District One,583,566,33,4,1186,0
Precinct,201 - Precinct 1 - District Two,370,438,25,9,842,0
Precinct,301 - Precinct 1 - District Three,370,450,26,6,852,0
Precinct,401 - Precinct 1 - District Four,320,176,9,3,508,0
Precinct,402 - Precinct 2 - District Four,287,189,8,6,490,0
Precinct,Ab - Central Absentee Precinct,6529,2202,139,40,8910,0
Precinct,Provisional,58,16,0,0,74,0
Locality,Galax City,777,1838,18,5,2638,0
Precinct,1 - East,117,408,3,1,529,0
Precinct,2 - North,78,279,3,0,360,0
Precinct,3 - South,45,261,4,2,312,0
Precinct,Ab - Central Absentee Precinct,537,886,8,2,1433,0
Precinct,Provisional,0,4,0,0,4,0
Locality,Giles County,2156,6876,125,19,9176,0
Precinct,101 - Glen Lyn,13,88,2,0,103,0
Precinct,102 - Rich Creek,70,329,6,0,405,0
Precinct,103 - Narrows,122,836,17,0,975,0
Precinct,201 - Pearisburg,100,791,21,2,914,0
Precinct,202 - Staffordsville,23,235,5,2,265,0
Precinct,203 - White Gate,16,174,1,1,192,0
Precinct,301 - Eggleston,86,346,8,1,441,0
Precinct,302 - Pembroke,161,850,13,4,1028,0
Precinct,303 - Newport,122,473,9,1,605,0
Precinct,Ab - Central Absentee Precinct,1443,2754,43,8,4248,0
Precinct,Provisional,0,0,0,0,0,0
Locality,Gloucester County,6964,14875,389,54,22282,0
Precinct,101 - Harcum,155,720,17,1,893,0
Precinct,102 - Salem,185,665,18,0,868,0
Precinct,103 - Peasley,84,486,17,2,589,0
Precinct,201 - Courthouse,137,470,11,3,621,0
Precinct,202 - Botetourt,183,806,28,4,1021,0
Precinct,301 - White Marsh,178,781,12,0,971,0
Precinct,302 - Roanes,199,871,21,4,1095,0
Precinct,401 - Hayes,241,877,30,2,1150,0
Precinct,402 - Sarahs Creek,221,783,17,4,1025,0
Precinct,501 - Achilles,195,1361,25,4,1585,0
Precinct,502 - Walker,165,768,24,0,957,0
Precinct,Ab - Central Absentee Precinct,4993,6267,168,29,11457,0
Precinct,Provisional,28,20,1,1,50,0
Locality,Goochland County,6685,9966,242,57,16950,0
Precinct,101 - Fife,124,447,16,2,589,0
Precinct,102 - Hadensville,155,670,16,7,848,0
Precinct,201 - Three Square,84,179,3,0,266,0
Precinct,202 - Sandy Hook,214,533,13,2,762,0
Precinct,301 - Goochland Court House 1,108,377,14,3,502,0
Precinct,302 - Goochland Court House 2,60,203,9,0,272,0
Precinct,401 - Shallow Well,188,592,15,4,799,0
Precinct,402 - Centerville,124,406,14,1,545,0
Precinct,501 - Manakin,192,698,10,9,909,0
Precinct,502 - Blair Road,161,443,18,4,626,0
Precinct,Ab - Central Absentee Precinct,5260,5393,114,24,10791,0
Precinct,Provisional,15,25,0,1,41,0
Locality,Grayson County,1535,6529,56,11,8131,0
Precinct,101 - Bridle Creek,35,197,1,1,234,0
Precinct,102 - Flatridge,26,109,0,0,135,0
Precinct,103 - Grant,34,204,6,0,244,0
Precinct,104 - Mouth Of Wilson,18,111,1,1,131,0
Precinct,105 - Mount Rogers,20,184,0,0,204,0
Precinct,106 - Rugby,30,181,4,0,215,0
Precinct,107 - Troutdale,9,111,0,0,120,0
Precinct,108 - Comers Rock,28,126,2,1,157,0
Precinct,202 - Elk Creek,26,294,5,0,325,0
Precinct,203 - Independence,69,625,4,1,699,0
Precinct,301 - Baywood,31,430,4,0,465,0
Precinct,302 - Fairview,74,592,7,1,674,0
Precinct,401 - Fries,61,285,0,0,346,0
Precinct,402 - Providence,49,642,2,0,693,0
Precinct,403 - Oldtown,34,275,1,0,310,0
Precinct,Ab - Central Absentee Precinct,987,2146,19,6,3158,0
Precinct,Provisional,4,17,0,0,21,0
Locality,Greene County,4163,6866,241,41,11311,0
Precinct,101 - Dyke,60,435,13,3,511,0
Precinct,102 - Swift Run,122,544,19,3,688,0
Precinct,201 - Ruckersville,267,858,28,2,1155,0
Precinct,301 - Stanardsville,155,712,20,3,890,0
Precinct,401 - Midway,205,742,29,4,980,0
Precinct,Ab - Central Absentee Precinct,3343,3558,131,26,7058,0
Precinct,Provisional,11,17,1,0,29,0
Locality,Greensville County,2627,1914,23,10,4574,0
Precinct,101 - Precinct 1-a,174,141,3,1,319,0
Precinct,102 - Precinct 1-b,37,103,1,1,142,0
Precinct,103 - Precinct 1-c,154,31,4,0,189,0
Precinct,201 - Precinct 2-a,206,107,0,0,313,0
Precinct,202 - Precinct 2-b,123,296,1,2,422,0
Precinct,302 - Precinct 3-a,293,201,4,3,501,0
Precinct,401 - Precinct 4-a,49,161,1,0,211,0
Precinct,402 - Precinct 4-b,183,133,2,0,318,0
Precinct,403 - Precinct 4-c,55,83,2,1,141,0
Precinct,AB - Central Absentee Precinct,1353,658,5,2,2018,0
Precinct,Provisional,0,0,0,0,0,0
Locality,Halifax County,7666,10418,140,24,18248,0
Precinct,101 - Childrey,123,359,5,0,487,0
Precinct,102 - Liberty,65,196,2,0,263,0
Precinct,103 - Republican Grove,142,290,6,0,438,0
Precinct,201 - Clays Mill,39,231,2,0,272,0
Precinct,202 - Crossroads,72,266,2,0,340,0
Precinct,203 - Clover,155,309,1,0,465,0
Precinct,302 - Meadville,93,89,2,0,184,0
Precinct,304 - Vernon Hill,67,283,0,0,350,0
Precinct,305 - Sinai,178,155,2,1,336,0
Precinct,401 - Courthouse,88,178,5,0,271,0
Precinct,403 - Center,93,224,3,1,321,0
Precinct,502 - Dan River,143,347,9,2,501,0
Precinct,503 - Scottsburg,72,372,4,0,448,0
Precinct,601 - Black Walnut,53,306,4,2,365,0
Precinct,603 - Mt Carmel,168,402,3,1,574,0
Precinct,605 - Union,42,152,1,0,195,0
Precinct,701 - Hyco,92,472,6,1,571,0
Precinct,702 - Midway,53,447,8,1,509,0
Precinct,703 - Virgilina,43,333,4,1,381,0
Precinct,801 - South Boston,316,148,7,0,471,0
Precinct,Ab - Central Absentee Precinct,5551,4844,64,14,10473,0
Precinct,Provisional,18,15,0,0,33,0
Locality,Hampton City,46220,18430,1006,245,65901,0
Precinct,101 - Aberdeen (CD 3),400,132,11,4,547,0
Precinct,102 - Bassette (CD 3),474,76,7,1,558,0
Precinct,103 - City Hall (CD 3),311,98,21,4,434,0
Precinct,104 - Cooper (CD 3),656,192,22,4,874,0
Precinct,105 - East Hampton (CD 3),232,94,9,1,336,0
Precinct,106 - Armstrong (CD 3),352,291,16,3,662,0
Precinct,107 - Lindsay (CD 3),318,135,9,0,462,0
Precinct,108 - Thomas (CD 3),492,111,15,3,621,0
Precinct,109 - Phenix (CD 3),583,94,13,5,695,0
Precinct,110 - Phoebus (CD 2),124,128,4,2,258,0
Precinct,111 - Hampton Library (CD 3),103,114,6,1,224,0
Precinct,112 - Smith (CD 3),468,351,26,8,853,0
Precinct,115 - Wythe (CD 3),203,257,11,3,474,0
Precinct,116 - Jones (CD 3),237,110,9,3,359,0
Precinct,117 - Kecoughtan (CD 3),368,235,20,3,626,0
Precinct,118 - Mallory (CD 3),494,129,7,7,637,0
Precinct,201 - Booker (CD 2),320,612,26,6,964,0
Precinct,202 - Bryan (CD 2),322,511,24,8,865,0
Precinct,203 - Burbank (CD 2),313,314,22,4,653,0
Precinct,204 - Forrest (CD 3),343,279,24,4,650,0
Precinct,205 - Asbury (CD 2),361,1084,37,4,1486,0
Precinct,208 - Kraft (CD 3),503,650,30,4,1187,0
Precinct,209 - Langley (CD 2),347,447,25,4,823,0
Precinct,210 - Machen (CD 3),543,333,23,8,907,0
Precinct,212 - Bethel (CD 3),386,344,21,0,751,0
Precinct,213 - Phillips (CD 2),376,785,34,5,1200,0
Precinct,214 - Tucker Capps (CD 3),458,432,25,2,917,0
Precinct,215 - Tyler (CD 3),164,58,6,0,228,0
Precinct,215 - Tyler (CD 2),6,6,0,0,12,0
Precinct,216 - Sandy Bottom (CD 3),234,262,9,6,511,0
Precinct,217 - Syms (CD 3),143,260,7,1,411,0
Precinct,Ab - Central Absentee Precinct (CD 2),6631,3467,133,40,10271,0
Precinct,Ab - Central Absentee Precinct (CD 3),28620,5919,338,92,34969,0
Precinct,Provisional (CD 2),61,49,2,0,112,0
Precinct,Provisional (CD 3),274,71,14,5,364,0
Locality,Hanover County,25307,44318,1103,239,70967,0
Precinct,101 - Ashland,239,360,12,4,615,0
Precinct,104 - Sliding Hill,201,455,17,0,673,0
Precinct,105 - Berkley,279,299,12,2,592,0
Precinct,106 - Kersey Creek,115,258,9,1,383,0
Precinct,107 - Chickahominy,132,349,12,3,496,0
Precinct,201 - Beaverdam,150,1002,22,6,1180,0
Precinct,202 - Blunts,175,494,13,2,684,0
Precinct,203 - Wilmington Parish,139,643,16,1,799,0
Precinct,206 - Courthouse,104,327,7,1,439,0
Precinct,208 - Oak Knoll,88,459,14,1,562,0
Precinct,209 - West Hanover,63,240,1,1,305,0
Precinct,210 - Oak Hill,45,155,5,1,206,0
Precinct,301 - Clay,139,441,8,5,593,0
Precinct,303 - Shady Grove,167,546,18,1,732,0
Precinct,304 - Atlee,406,1002,32,9,1449,0
Precinct,305 - Cool Spring,160,485,12,4,661,0
Precinct,401 - Battlefield,132,743,12,2,889,0
Precinct,403 - Cold Harbor,287,1055,31,3,1376,0
Precinct,404 - Black Creek,147,1152,9,2,1310,0
Precinct,405 - Pebble Creek,185,445,15,3,648,0
Precinct,406 - Beaverdam Creek,90,197,5,3,295,0
Precinct,502 - Rural Point,153,659,11,5,828,0
Precinct,503 - Newman,193,558,20,6,777,0
Precinct,504 - Studley,115,647,12,2,776,0
Precinct,505 - Totopotomoy,83,482,11,1,577,0
Precinct,506 - Georgetown,106,403,15,0,524,0
Precinct,507 - Laurel Meadow,157,645,20,3,825,0
Precinct,601 - Village,295,928,17,7,1247,0
Precinct,602 - Lee Davis,205,745,16,4,970,0
Precinct,603 - Mechanicsville,271,535,26,6,838,0
Precinct,604 - Hanover Grove,119,414,8,1,542,0
Precinct,701 - Farrington,156,665,15,2,838,0
Precinct,702 - Montpelier,272,692,14,2,980,0
Precinct,703 - Rockville,232,844,15,7,1098,0
Precinct,704 - Elmont,212,706,14,8,940,0
Precinct,705 - South Anna,136,505,14,2,657,0
Precinct,Ab - Central Absentee Precinct,19046,23708,588,127,43469,0
Precinct,Provisional,113,75,5,1,194,0
Locality,Harrisonburg City,11022,5591,364,109,17086,0
Precinct,101 - Northeast,508,381,31,4,924,0
Precinct,102 - East Central,213,174,9,5,401,0
Precinct,103 - Southeast,458,423,25,4,910,0
Precinct,104 - East,401,439,31,5,876,0
Precinct,105 - South East Central,168,90,4,4,266,0
Precinct,201 - Northwest,321,432,25,7,785,0
Precinct,202 - Southwest,342,405,32,7,786,0
Precinct,203 - West,290,371,22,7,690,0
Precinct,Ab - Central Absentee Precinct,8254,2830,181,66,11331,0
Precinct,Provisional,67,46,4,0,117,0
Locality,Henrico County,116572,63440,2414,726,183152,0
Precinct,101 - Coalpit (CD 7),463,841,27,3,1334,0
Precinct,102 - Dumbarton (CD 7),565,313,28,2,908,0
Precinct,103 - Glen Allen (CD 7),377,840,23,5,1245,0
Precinct,105 - Greendale (CD 7),579,599,18,10,1206,0
Precinct,106 - Hermitage (CD 7),501,560,29,5,1095,0
Precinct,108 - Hungary Creek (CD 7),392,651,25,0,1068,0
Precinct,109 - Hunton (CD 7),147,359,10,1,517,0
Precinct,110 - Johnson (CD 7),686,499,22,14,1221,0
Precinct,111 - Lakeside (CD 7),612,707,35,11,1365,0
Precinct,112 - Longan (CD 7),466,611,27,5,1109,0
Precinct,113 - Maude Trevvett (CD 7),207,267,10,4,488,0
Precinct,114 - Monument Hills (CD 7),223,257,11,8,499,0
Precinct,115 - Staples Mill (CD 7),356,655,26,5,1042,0
Precinct,117 - Westwood (CD 7),326,364,14,5,709,0
Precinct,201 - Adams (CD 4),461,54,7,2,524,0
Precinct,202 - Azalea (CD 7),922,124,21,2,1069,0
Precinct,203 - Belmont (CD 7),535,389,27,4,955,0
Precinct,204 - Brookland (CD 7),132,182,7,0,321,0
Precinct,205 - Canterbury (CD 7),98,164,1,0,263,0
Precinct,206 - Central Gardens (CD 4),654,35,11,3,703,0
Precinct,207 - Chamberlayne (CD 7),482,305,14,1,802,0
Precinct,208 - Fairfield (CD 4),531,45,6,5,587,0
Precinct,209 - Glen Lea (CD 4),422,127,12,2,563,0
Precinct,210 - Greenwood (CD 7),323,160,13,1,497,0
Precinct,211 - Highland Gardens (CD 4),286,25,8,2,321,0
Precinct,212 - Hollybrook (CD 7),193,123,4,0,320,0
Precinct,213 - Hungary (CD 7),378,168,14,2,562,0
Precinct,214 - Longdale (CD 7),389,311,19,0,719,0
Precinct,215 - Maplewood (CD 4),663,75,10,4,752,0
Precinct,216 - Moody (CD 7),183,231,15,2,431,0
Precinct,217 - Mountain (CD 7),161,145,2,1,309,0
Precinct,218 - Oakview (CD 7),35,41,2,0,78,0
Precinct,219 - Randolph (CD 7),104,33,2,2,141,0
Precinct,220 - Ratcliffe (CD 4),866,94,10,1,971,0
Precinct,221 - Stratford Hall (CD 7),60,91,10,1,162,0
Precinct,222 - Wilder (CD 7),340,159,9,4,512,0
Precinct,223 - Yellow Tavern (CD 7),447,458,15,6,926,0
Precinct,224 - Essex Village (CD 4),339,14,8,2,363,0
Precinct,301 - Causeway (CD 7),338,495,19,5,857,0
Precinct,302 - Cedarfield (CD 7),234,484,22,3,743,0
Precinct,303 - Innsbrook (CD 7),399,582,24,5,1010,0
Precinct,304 - Jackson Davis (CD 7),240,414,7,4,665,0
Precinct,305 - Nuckols Farm (CD 7),395,747,31,15,1188,0
Precinct,306 - Pocahontas (CD 7),364,493,11,7,875,0
Precinct,307 - Ridge (CD 7),279,350,15,5,649,0
Precinct,308 - Rivers Edge (CD 7),424,738,14,6,1182,0
Precinct,309 - Sadler (CD 7),410,556,14,6,986,0
Precinct,310 - Shady Grove (CD 7),441,875,21,6,1343,0
Precinct,311 - Short Pump (CD 7),233,406,11,3,653,0
Precinct,312 - Springfield (CD 7),361,375,13,6,755,0
Precinct,313 - Stoney Run (CD 7),394,763,21,5,1183,0
Precinct,314 - Three Chopt (CD 7),420,690,24,4,1138,0
Precinct,315 - Tucker (CD 7),679,394,27,8,1108,0
Precinct,316 - Colonial Trail (CD 7),314,360,10,2,686,0
Precinct,401 - Quioccasin (CD 7),432,527,18,7,984,0
Precinct,402 - Crestview (CD 7),502,500,21,9,1032,0
Precinct,403 - Derbyshire (CD 7),301,558,13,6,878,0
Precinct,404 - Freeman (CD 7),301,446,20,5,772,0
Precinct,405 - Gayton (CD 7),254,574,19,9,856,0
Precinct,406 - Godwin (CD 7),252,441,6,6,705,0
Precinct,407 - Lakewood (CD 7),250,448,12,7,717,0
Precinct,408 - Lauderdale (CD 7),432,526,25,3,986,0
Precinct,409 - Maybeury (CD 7),391,575,18,9,993,0
Precinct,410 - Mooreland (CD 7),203,484,11,5,703,0
Precinct,411 - Pemberton (CD 7),411,446,13,9,879,0
Precinct,412 - Pinchbeck (CD 7),520,582,26,9,1137,0
Precinct,413 - Ridgefield (CD 7),402,782,27,8,1219,0
Precinct,414 - Rollingwood (CD 7),357,440,31,6,834,0
Precinct,415 - Skipwith (CD 7),262,315,4,3,584,0
Precinct,416 - Spottswood (CD 7),211,281,7,5,504,0
Precinct,417 - Tuckahoe (CD 7),294,696,23,10,1023,0
Precinct,418 - Welborne (CD 7),359,390,24,6,779,0
Precinct,419 - West End (CD 7),347,631,24,8,1010,0
Precinct,501 - Antioch (CD 4),169,855,9,3,1036,0
Precinct,502 - Cedar Fork (CD 4),319,87,8,1,415,0
Precinct,503 - Chickahominy (CD 4),269,571,13,1,854,0
Precinct,504 - Donahoe (CD 4),350,308,14,2,674,0
Precinct,505 - Dorey (CD 4),344,530,18,1,893,0
Precinct,506 - Eanes (CD 4),519,276,12,4,811,0
Precinct,507 - Elko (CD 4),59,357,4,0,420,0
Precinct,508 - Highland Springs (CD 4),509,146,13,3,671,0
Precinct,509 - Laburnum (CD 4),411,205,7,2,625,0
Precinct,510 - Mehfoud (CD 4),385,282,9,4,680,0
Precinct,511 - Montrose (CD 4),710,163,14,3,890,0
Precinct,512 - Nine Mile (CD 4),284,221,13,1,519,0
Precinct,513 - Pleasants (CD 4),794,139,7,2,942,0
Precinct,514 - Rolfe (CD 4),661,131,9,5,806,0
Precinct,515 - Sandston (CD 4),289,777,21,4,1091,0
Precinct,516 - Sullivans (CD 4),559,324,16,5,904,0
Precinct,517 - Town Hall (CD 4),131,307,3,2,443,0
Precinct,518 - Whitlocks (CD 4),222,704,21,0,947,0
Precinct,AB - Central Absentee Precinct (CD 4),25107,4354,197,61,29719,0
Precinct,Ab - Central Absentee Precinct (CD 7),56456,22942,805,273,80476,0
Precinct,Provisional (CD 4),227,50,3,1,281,0
Precinct,Provisional (CD 7),488,271,20,3,782,0
Locality,Henry County,9127,16725,223,30,26105,0
Precinct,101 - Bassett Number Two (CD 9),104,177,1,0,282,0
Precinct,102 - Gunville (CD 9),81,590,6,0,677,0
Precinct,103 - Scott's Tanyard (CD 9),144,947,11,1,1103,0
Precinct,201 - Fieldale (CD 9),73,256,9,1,339,0
Precinct,202 - Horsepasture #1 (CD 9),121,538,4,0,663,0
Precinct,203 - Horsepasture #2 (CD 9),203,180,6,3,392,0
Precinct,204 - Spencer (CD 9),139,666,4,4,813,0
Precinct,302 - Axton (CD 5),118,299,5,0,422,0
Precinct,303 - Irisburg (CD 5),168,534,9,0,711,0
Precinct,304 - Mount Olivet (CD 5),148,333,4,0,485,0
Precinct,304 - Mount Olivet (CD 9),1,0,0,0,1,0
Precinct,305 - Mountain Valley (CD 5),103,318,7,0,428,0
Precinct,401 - Collinsville Number 1 (CD 9),63,299,5,0,367,0
Precinct,402 - Daniels Creek (CD 9),99,302,3,0,404,0
Precinct,404 - Collinsville Number 2 (CD 9),150,429,12,2,593,0
Precinct,405 - Mountain View (CD 5),99,279,2,0,380,0
Precinct,501 - Bassett Number One (CD 9),96,249,8,0,353,0
Precinct,502 - Figsboro (CD 9),69,418,2,0,489,0
Precinct,503 - Stanleytown (CD 9),102,681,4,1,788,0
Precinct,504 - Oak Level (CD 9),70,265,3,0,338,0
Precinct,505 - Dyers Store (CD 5),10,34,0,0,44,0
Precinct,505 - Dyers Store (CD 9),40,225,5,1,271,0
Precinct,601 - Fontaine (CD 9),139,411,6,0,556,0
Precinct,602 - Hillcrest (CD 9),74,186,2,0,262,0
Precinct,603 - Ridgeway #1 (CD 5),153,634,11,2,800,0
Precinct,604 - Ridgeway #2 (CD 9),98,493,3,1,595,0
Precinct,Ab - Central Absentee Precinct (CD 5),2236,1683,28,1,3948,0
Precinct,Ab - Central Absentee Precinct (CD 9),4159,5228,62,13,9462,0
Precinct,Provisional (CD 5),16,15,0,0,31,0
Precinct,Provisional (CD 9),51,56,1,0,108,0
Locality,Highland County,417,1092,22,2,1533,0
Precinct,1 - Monterey,60,223,2,0,285,0
Precinct,3 - Wilsons Mill,9,73,3,0,85,0
Precinct,5 - Blue Grass,47,151,2,0,200,0
Precinct,7 - Mill Gap,29,97,2,1,129,0
Precinct,8 - Mcdowell,33,231,4,0,268,0
Precinct,10 - Headwaters,6,78,0,0,84,0
Precinct,AB - Central Absentee Precinct,233,237,9,1,480,0
Precinct,Provisional,0,2,0,0,2,0
Locality,Hopewell City,5430,4020,131,27,9608,0
Precinct,101 - Ward One,203,291,9,2,505,0
Precinct,201 - Ward Two,369,101,8,1,479,0
Precinct,301 - Ward Three,213,507,22,7,749,0
Precinct,401 - Ward Four,330,388,19,5,742,0
Precinct,501 - Ward Five,207,376,11,0,594,0
Precinct,601 - Ward Six,413,125,10,1,549,0
Precinct,701 - Ward Seven,240,233,10,0,483,0
Precinct,Ab - Central Absentee Precinct,3388,1964,42,11,5405,0
Precinct,Provisional,67,35,0,0,102,0
Locality,Isle of Wight County,9399,13707,328,22,23456,0
Precinct,101 - Smithfield,233,817,29,1,1080,0
Precinct,102 - Cypress Creek,194,669,12,4,879,0
Precinct,201 - Bartlett,238,862,32,1,1133,0
Precinct,202 - Carrollton,287,723,24,0,1034,0
Precinct,301 - Rushmere,309,519,12,0,840,0
Precinct,302 - Pons,314,337,14,0,665,0
Precinct,401 - Courthouse,65,301,8,0,374,0
Precinct,402 - Windsor,142,607,16,0,765,0
Precinct,403 - Longview,199,466,9,0,674,0
Precinct,501 - Walters,95,527,10,1,633,0
Precinct,502 - Camps Mill,104,151,5,0,260,0
Precinct,503 - Carrsville,124,330,2,0,456,0
Precinct,504 - Zuni,116,559,7,0,682,0
Precinct,505 - Raynor,35,306,2,0,343,0
Precinct,Ab - Central Absentee Precinct,6891,6487,146,15,13539,0
Precinct,Provisional,53,46,0,0,99,0
Locality,James City County,25553,23153,710,206,49622,0
Precinct,101 - Berkeley A (CD 1),172,504,15,5,696,0
Precinct,102 - Berkeley B (CD 1),178,445,20,5,648,0
Precinct,103 - Berkeley C (CD 1),151,578,12,3,744,0
Precinct,104- Berkeley D (CD 2),74,184,7,1,266,0
Precinct,201 - Jamestown A (CD 2),101,166,12,3,282,0
Precinct,202 - Jamestown B (CD 1),240,314,15,3,572,0
Precinct,202 - Jamestown B (CD 2),1,2,0,0,3,0
Precinct,203 - Jamestown C (CD 1),146,347,20,3,516,0
Precinct,204 - Jamestown D (CD 1),111,343,14,1,469,0
Precinct,301 - Powhatan A (CD 1),157,424,8,5,594,0
Precinct,302 - Powhatan B (CD 1),137,174,8,2,321,0
Precinct,303 - Powhatan C (CD 1),119,451,6,2,578,0
Precinct,304 - Powhatan D (CD 1),301,448,24,4,777,0
Precinct,401 - Stonehouse A (CD 1),338,1009,27,5,1379,0
Precinct,402 - Stonehouse B (CD 1),288,794,29,2,1113,0
Precinct,403 - Stonehouse C (CD 1),208,773,15,4,1000,0
Precinct,501 - Roberts A (CD 2),345,275,7,0,627,0
Precinct,502 - Roberts B (CD 2),101,545,12,1,659,0
Precinct,503 - Roberts C (CD 2),147,90,4,0,241,0
Precinct,504 - Roberts D (CD 1),0,2,0,0,2,0
Precinct,504 - Roberts D (CD 2),209,517,23,4,753,0
Precinct,AB - Central Absentee Precinct (CD 2),4753,2736,88,33,7610,0
Precinct,Ab - Central Absentee Precinct (CD 1),17129,11971,339,119,29558,0
Precinct,Provisional (CD 1),112,45,5,1,163,0
Precinct,Provisional (CD 2),35,16,0,0,51,0
Locality,King and Queen County,1590,2450,64,11,4115,0
Precinct,101 - Owenton,232,264,7,3,506,0
Precinct,201 - Clarks,116,385,11,0,512,0
Precinct,301 - Shacklefords,122,315,9,1,447,0
Precinct,401 - Courthouse,86,259,7,0,352,0
Precinct,501 - Oldmill,45,337,10,2,394,0
Precinct,Ab - Central Absentee Precinct,984,887,20,5,1896,0
Precinct,Provisional,5,3,0,0,8,0
Locality,King George County,5404,8446,314,60,14224,0
Precinct,101 - Courthouse,180,661,24,6,871,0
Precinct,102 - Passapatanzy,147,468,16,3,634,0
Precinct,201 - Monroe,171,684,35,5,895,0
Precinct,301 - Dahlgren,274,684,24,4,986,0
Precinct,401 - Shiloh,242,754,22,6,1024,0
Precinct,Ab - Central Absentee Precinct,4376,5182,192,36,9786,0
Precinct,Provisional,14,13,1,0,28,0
Locality,King William County,3260,7320,142,14,10736,0
Precinct,101 - West Point,319,877,32,4,1232,0
Precinct,201 - Sweet Hall,87,372,7,1,467,0
Precinct,202 - Courthouse,125,402,8,0,535,0
Precinct,301 - Aylett,180,1021,24,1,1226,0
Precinct,401 - Manquin,221,971,17,0,1209,0
Precinct,501 - Mangohick,242,906,14,1,1163,0
Precinct,Ab - Central Absentee Precinct,2054,2735,38,6,4833,0
Precinct,Provisional,32,36,2,1,71,0
Locality,Lancaster County,3368,3697,71,16,7152,0
Precinct,101 - Precinct 1-1,163,449,9,0,621,0
Precinct,201 - Precinct 2-1,189,230,7,1,427,0
Precinct,301 - Precinct 3-1,95,402,4,0,501,0
Precinct,302 - Precinct 3-2,41,185,3,2,231,0
Precinct,401 - Precinct 4-1,240,232,10,0,482,0
Precinct,501 - Precinct 5-1,159,512,9,3,683,0
Precinct,Ab - Central Absentee Precinct,2478,1687,29,10,4204,0
Precinct,Provisional,3,0,0,0,3,0
Locality,Lee County,1489,8365,78,14,9946,0
Precinct,101 - Elydale,47,347,2,1,397,0
Precinct,102 - Ewing,34,334,9,2,379,0
Precinct,103 - Rose Hill,86,607,12,0,705,0
Precinct,201 - Blackwater,22,148,1,3,174,0
Precinct,202 - Flatwoods,51,472,2,0,525,0
Precinct,203 - Jonesville,65,595,4,1,665,0
Precinct,301 - Ben Hur,60,687,7,0,754,0
Precinct,302 - Woodway,56,535,2,1,594,0
Precinct,401 - Stickleyville,55,311,3,0,369,0
Precinct,402 - Jasper,21,240,3,1,265,0
Precinct,403 - Seminary,30,334,2,0,366,0
Precinct,404 - Dryden,50,552,5,2,609,0
Precinct,501 - Saint Charles,49,220,2,0,271,0
Precinct,502 - Pennington,62,538,4,0,604,0
Precinct,503 - Robbins Chapel,12,90,2,1,105,0
Precinct,504 - Keokee,24,136,0,0,160,0
Precinct,Ab - Central Absentee Precinct,761,2214,17,2,2994,0
Precinct,Provisional,4,5,1,0,10,0
Locality,Lexington City,1791,906,48,17,2762,0
Precinct,1 - Lexington,211,389,25,6,631,0
Precinct,Ab - Central Absentee Precinct,1574,515,23,11,2123,0
Precinct,Provisional,6,2,0,0,8,0
Locality,Loudoun County,138372,82088,3139,1263,224862,0
Precinct,107 - Little River,263,419,13,6,701,0
Precinct,108 - Mercer,309,379,9,5,702,0
Precinct,112 - Freedom,176,220,7,4,407,0
Precinct,114 - Dulles South,187,241,13,2,443,0
Precinct,117 - Carter,228,166,6,3,403,0
Precinct,118 - Moorefield,336,358,6,4,704,0
Precinct,119 - Arcola,299,270,10,2,581,0
Precinct,120 - Lunsford,333,378,12,4,727,0
Precinct,121 - Town Hall,245,286,18,5,554,0
Precinct,122 - Hutchison Farm,301,411,9,2,723,0
Precinct,123 - Cardinal Ridge,184,228,8,6,426,0
Precinct,124 - Liberty,217,216,4,4,441,0
Precinct,125 - Rock Ridge,365,326,6,5,702,0
Precinct,126-Goshen Post,330,371,22,3,726,0
Precinct,207 - River Bend,200,287,12,5,504,0
Precinct,208 - Algonkian,267,307,14,6,594,0
Precinct,209 - Potomac Falls,265,346,19,8,638,0
Precinct,210 - Cascades,439,418,26,8,891,0
Precinct,213 - Countryside,151,157,9,2,319,0
Precinct,214 - Sugarland North,319,421,19,7,766,0
Precinct,215 - Sugarland South,487,485,14,5,991,0
Precinct,216 - Lowes Island,329,415,18,6,768,0
Precinct,217 - South Bank,276,370,14,8,668,0
Precinct,218 - University Center,361,313,20,3,697,0
Precinct,219 - Galilee Church,328,354,35,3,720,0
Precinct,301 - Purcellville,196,554,21,8,779,0
Precinct,302 - Round Hill,347,768,19,3,1137,0
Precinct,303 - Hillsboro,225,660,18,5,908,0
Precinct,305 - Philomont,173,386,8,4,571,0
Precinct,307 - Middleburg,282,326,7,3,618,0
Precinct,308 - St Louis,225,338,10,2,575,0
Precinct,309 - Aldie,171,260,3,4,438,0
Precinct,310 - Mountain View,302,734,25,10,1071,0
Precinct,311 - Round Hill Elementary,330,810,17,12,1169,0
Precinct,312 - Briar Woods,360,372,3,5,740,0
Precinct,313 - Pinebrook,352,413,14,6,785,0
Precinct,314 - Legacy,342,386,11,5,744,0
Precinct,315 - Firehouse,108,288,5,2,403,0
Precinct,316 - Creighton's Corner,431,445,13,11,900,0
Precinct,318 - Madison's Trust,244,589,19,6,858,0
Precinct,319 - John Champe,366,516,11,2,895,0
Precinct,320 - Stone Hill,501,378,14,7,900,0
Precinct,321 - Brambleton Middle,249,233,11,3,496,0
Precinct,322-Buffalo Trail,276,297,11,3,587,0
Precinct,401 - West Lovettsville,423,1089,33,10,1555,0
Precinct,402 - Waterford,299,747,30,13,1089,0
Precinct,403 - Lucketts,353,653,11,10,1027,0
Precinct,407 - Harper Park,179,253,5,4,441,0
Precinct,408 - Evergreen,299,538,12,3,852,0
Precinct,409 - Clarkes Gap,202,555,13,6,776,0
Precinct,411 - East Lovettsville,226,702,17,6,951,0
Precinct,413 - Tuscarora,28,28,1,1,58,0
Precinct,414 - Red Rock,272,288,9,2,571,0
Precinct,416 - Hamilton,319,815,22,12,1168,0
Precinct,420 - River Creek,174,390,4,6,574,0
Precinct,421 - Between The Hills,52,132,8,1,193,0
Precinct,422 - Sycolin Creek,181,415,12,5,613,0
Precinct,501 - West Leesburg,242,341,12,15,610,0
Precinct,502 - East Leesburg,419,344,25,7,795,0
Precinct,503 - Dry Mill,138,247,4,3,392,0
Precinct,504 - Smarts Mill,284,392,20,8,704,0
Precinct,505 - Cool Spring,290,417,14,3,724,0
Precinct,506 - Brandon Park,243,223,17,6,489,0
Precinct,507 - Greenway,122,209,5,12,348,0
Precinct,508 - Balls Bluff,409,506,27,5,947,0
Precinct,509 - Tolbert,507,452,21,8,988,0
Precinct,510 - Heritage,132,247,2,6,387,0
Precinct,615 - Hillside,383,418,18,13,832,0
Precinct,616 - Eagle Ridge,327,423,21,5,776,0
Precinct,617 - Oak Grove,304,163,6,2,475,0
Precinct,619 - Ridgetop,166,149,4,0,319,0
Precinct,620 - Russell Branch,402,453,21,5,881,0
Precinct,621 - Dominion Trail,452,520,11,7,990,0
Precinct,622 - Farmwell Station,429,415,10,5,859,0
Precinct,623 - Weller,361,421,16,3,801,0
Precinct,625 - Mill Run,139,206,6,2,353,0
Precinct,626 - Ashby Ponds,189,282,3,3,477,0
Precinct,627 - Ashbrook,169,127,5,2,303,0
Precinct,628 - Moorefield Station,500,483,26,4,1013,0
Precinct,629 - Discovery,122,119,2,0,243,0
Precinct,701 - Sully,355,357,18,4,734,0
Precinct,702 - Park View,382,345,11,3,741,0
Precinct,703 - Rolling Ridge,537,316,20,7,880,0
Precinct,705 - Forest Grove,503,444,24,7,978,0
Precinct,707 - Claude Moore Park,294,217,11,4,526,0
Precinct,708 - Seneca,232,326,15,7,580,0
Precinct,709 - Mirror Ridge,395,320,16,10,741,0
Precinct,710 - Sterling,333,303,11,6,653,0
Precinct,808 - Stone Bridge,392,476,25,11,904,0
Precinct,810 - Cedar Lane,369,414,18,6,807,0
Precinct,813 - Seldens Landing,349,314,14,8,685,0
Precinct,814 - Newton - Lee,244,540,11,9,804,0
Precinct,815 - Belmont Ridge,224,289,8,8,529,0
Precinct,817 - Sanders Corner,400,511,24,7,942,0
Precinct,818 - Broad Run,276,338,6,0,620,0
Precinct,819 - Heritage Church,277,364,10,4,655,0
Precinct,820 - Belmont Station,282,330,11,6,629,0
Precinct,822 - Riverside,237,284,12,4,537,0
Precinct,Ab - Central Absentee Precinct,109335,44292,1807,730,156164,0
Precinct,Provisional,545,251,11,2,809,0
Locality,Louisa County,8269,13294,295,57,21915,0
Precinct,101 - Zion,238,783,15,2,1038,0
Precinct,102 - Mechanicsville,149,471,17,0,637,0
Precinct,201 - Louisa #1,129,400,6,1,536,0
Precinct,202 - Louisa #2,130,501,11,1,643,0
Precinct,301 - Patrick Henry No 1,322,603,23,4,952,0
Precinct,302 - Patrick Henry #2,100,233,10,0,343,0
Precinct,401 - Mineral,148,791,12,1,952,0
Precinct,402 - Yanceyville,86,225,9,4,324,0
Precinct,501 - Fredericks Hall,126,212,6,2,346,0
Precinct,502 - Cuckoo,98,449,10,1,558,0
Precinct,503 - Elk Creek,76,427,5,2,510,0
Precinct,601 - Bumpass,103,691,16,3,813,0
Precinct,602 - Locust Creek,151,838,14,1,1004,0
Precinct,701 - Sheltons Mill,160,823,11,4,998,0
Precinct,702 - South Anna,119,503,11,1,634,0
Precinct,Ab - Central Absentee Precinct,6092,5313,117,30,11552,0
Precinct,Provisional,42,31,2,0,75,0
Locality,Lunenburg County,2418,3537,40,5,6000,0
Precinct,101 - Plymouth,62,269,2,1,334,0
Precinct,201 - Browns Store,81,251,1,0,333,0
Precinct,301 - Rosebud,47,239,2,0,288,0
Precinct,302 - Flat Rock,81,269,2,0,352,0
Precinct,401 - Arrowhead Gun Club,25,181,0,0,206,0
Precinct,402 - Pleasant Grove,66,266,3,1,336,0
Precinct,501 - Reedy Creek,66,111,3,0,180,0
Precinct,502 - Peoples Community Center,123,91,1,0,215,0
Precinct,601 - Hounds Creek,199,196,2,0,397,0
Precinct,701 - Meherrin Fire Department,91,148,1,0,240,0
Precinct,702 - Victoria Public Library,70,160,1,0,231,0
Precinct,Ab - Central Absentee Precinct,1495,1354,22,3,2874,0
Precinct,Provisional,12,2,0,0,14,0
Locality,Lynchburg City,18048,17097,857,361,36363,0
Precinct,101 - First Ward First Precinct,527,993,60,15,1595,0
Precinct,102 - First Ward Second Precinct,345,1079,46,6,1476,0
Precinct,103 - First Ward Third Precinct,234,618,21,2,875,0
Precinct,104 - First Ward Fourth Precinct,172,218,12,5,407,0
Precinct,105 - First Ward Fifth Precinct,244,355,19,8,626,0
Precinct,201 - Second Ward First Precinct,754,403,42,10,1209,0
Precinct,202 - Second Ward Second Precinct,627,298,24,7,956,0
Precinct,203 - Second Ward Third Precinct,277,115,7,0,399,0
Precinct,204 - Second Ward Fourth Precinct,209,263,8,1,481,0
Precinct,301 - Third Ward First Precinct,244,310,27,2,583,0
Precinct,302 - Third Ward Second Precinct,117,1197,41,13,1368,0
Precinct,303 - Third Ward Third Precinct,230,475,30,5,740,0
Precinct,304 - Third Ward Fourth Precinct,215,496,25,3,739,0
Precinct,305 - Third Ward Fifth Precinct,300,1054,38,10,1402,0
Precinct,401 - Fourth Ward First Precinct,411,1389,56,16,1872,0
Precinct,402 - Fourth Ward Second Precinct,200,458,17,6,681,0
Precinct,403 - Fourth Ward Third Precinct,453,852,71,19,1395,0
Precinct,404 - Fourth Ward Fourth Precinct,388,696,28,18,1130,0
Precinct,Ab - Central Absentee Precinct,11985,5746,281,213,18225,0
Precinct,Provisional,116,82,4,2,204,0
Locality,Madison County,2698,5300,106,25,8129,0
Precinct,1 - Oak Park,128,362,14,1,505,0
Precinct,2 - Radiant,140,514,7,1,662,0
Precinct,3 - Rochelle,84,352,10,1,447,0
Precinct,4 - Graves Mill,13,43,0,0,56,0
Precinct,5 - Madison,114,522,10,4,650,0
Precinct,6 - Wolftown,104,372,7,0,483,0
Precinct,7 - Brightwood,99,732,18,6,855,0
Precinct,8 - Criglersville,62,323,1,2,388,0
Precinct,9 - Etlan,35,221,2,2,260,0
Precinct,Ab - Central Absentee Precinct,1911,1856,37,8,3812,0
Precinct,Provisional,8,3,0,0,11,0
Locality,Manassas City,10356,6256,280,76,16968,0
Precinct,1 - Dean,448,342,18,3,811,0
Precinct,2 - Weems,490,505,28,2,1025,0
Precinct,3 - Metz,372,474,19,5,870,0
Precinct,4 - Haydon,370,432,21,4,827,0
Precinct,5 - Baldwin,361,349,26,11,747,0
Precinct,6 - Round,245,366,11,4,626,0
Precinct,Ab - Central Absentee Precinct,8007,3760,155,46,11968,0
Precinct,Provisional,63,28,2,1,94,0
Locality,Manassas Park City,3992,1979,100,16,6087,0
Precinct,1 - Precinct One,281,238,11,2,532,0
Precinct,2 - Precinct Two,330,269,17,2,618,0
Precinct,3 - Precinct Three,223,226,10,2,461,0
Precinct,Ab - Central Absentee Precinct,3137,1239,61,10,4447,0
Precinct,Provisional,21,7,1,0,29,0
Locality,Martinsville City,3766,2165,73,9,6013,0
Precinct,1 - Precinct #1,176,16,5,0,197,0
Precinct,2 - Precinct #2,205,261,12,1,479,0
Precinct,3 - Precinct #3,168,139,7,0,314,0
Precinct,4 - Precinct #4,267,183,4,0,454,0
Precinct,5 - Precinct #5,195,464,16,3,678,0
Precinct,6 - Precinct #6,114,5,1,0,120,0
Precinct,Ab - Central Absentee Precinct,2624,1096,28,5,3753,0
Precinct,Provisional,17,1,0,0,18,0
Locality,Mathews County,1825,3901,87,13,5826,0
Precinct,1 - Chesapeake,65,318,10,1,394,0
Precinct,2 - Westville,91,439,11,3,544,0
Precinct,3 - Piankatank,106,520,13,1,640,0
Precinct,Ab - Central Absentee Precinct,1561,2619,53,8,4241,0
Precinct,Provisional,2,5,0,0,7,0
Locality,Mecklenburg County,6803,9266,113,22,16204,0
Precinct,101 - Wrights Store,139,186,3,1,329,0
Precinct,102 - Pearsons Store,37,110,1,0,148,0
Precinct,103 - South Clarksville,199,263,5,1,468,0
Precinct,201 - Boydton,77,126,3,1,207,0
Precinct,202 - Bluestone Senior High School,72,42,0,0,114,0
Precinct,203 - Chase City Vfw Post,193,43,1,0,237,0
Precinct,301 - Bracey,128,588,6,2,724,0
Precinct,302 - Lacrosse,144,303,2,0,449,0
Precinct,401 - American Legion Hall,376,241,7,0,624,0
Precinct,402 - Park View Middle School,65,59,0,0,124,0
Precinct,501 - South Hill,324,429,6,2,761,0
Precinct,601 - Baskerville,63,222,0,2,287,0
Precinct,602 - Union Level,35,214,2,0,251,0
Precinct,603 - Smith Crossroads,47,137,1,0,185,0
Precinct,604 - Lake Gaston,44,210,2,1,257,0
Precinct,701 - Chase City,155,273,3,0,431,0
Precinct,702 - Sunshine,89,261,1,0,351,0
Precinct,801 - Finchley,36,79,1,0,116,0
Precinct,802 - Bluestone,82,301,7,0,390,0
Precinct,803 - Chase City Elementary School,107,224,2,0,333,0
Precinct,901 - Averett,10,157,1,0,168,0
Precinct,902 - Buffalo Springs,57,194,5,1,257,0
Precinct,903 - Clarksville,138,471,13,2,624,0
Precinct,Ab - Central Absentee Precinct,4150,4111,41,9,8311,0
Precinct,Provisional,36,22,0,0,58,0
Locality,Middlesex County,2491,4196,77,21,6785,0
Precinct,101 - Saluda,41,127,1,1,170,0
Precinct,102 - Urbanna,108,279,3,1,391,0
Precinct,201 - New Market,128,728,14,2,872,0
Precinct,302 - Church View,163,435,13,4,615,0
Precinct,401- Harmony Village,130,376,9,2,517,0
Precinct,501 - Wilton,126,575,9,0,710,0
Precinct,Ab - Central Absentee Precinct,1788,1664,28,11,3491,0
Precinct,Provisional,7,12,0,0,19,0
Locality,Montgomery County,23218,20629,942,248,45037,0
Precinct,101 - Precinct A-1,216,499,16,3,734,0
Precinct,102 - Precinct A-2,285,193,17,7,502,0
Precinct,103 - Precinct A-3,287,320,29,8,644,0
Precinct,201 - Precinct B-1,37,113,1,0,151,0
Precinct,202 - Precinct B-2,233,663,28,9,933,0
Precinct,203 - Precinct B-3,142,435,14,4,595,0
Precinct,204 - Precinct B-4,228,632,35,10,905,0
Precinct,301 - Precinct C-1,152,967,16,1,1136,0
Precinct,302 - Precinct C-2,151,659,19,1,830,0
Precinct,303 - Precinct C-3,97,423,12,4,536,0
Precinct,304 - Precinct C-4,187,623,26,9,845,0
Precinct,401 - Precinct D-1,97,357,15,4,473,0
Precinct,402 - Precinct D-2,126,881,14,0,1021,0
Precinct,403 - Precinct D-3,108,820,15,4,947,0
Precinct,404 - Precinct D-4,80,515,12,1,608,0
Precinct,405 - Precinct D-5,162,577,26,2,767,0
Precinct,501 - Precinct E-1,255,564,24,3,846,0
Precinct,502 - Precinct E-2,193,594,17,3,807,0
Precinct,503 - Precinct E-3,193,97,11,2,303,0
Precinct,601 - Precinct F-1,284,283,19,6,592,0
Precinct,602 - Precinct F-2,365,268,25,4,662,0
Precinct,603 - Precinct F-3,77,83,11,1,172,0
Precinct,701 - Precinct G-1,362,345,35,12,754,0
Precinct,702 - Precinct G-2,337,198,28,5,568,0
Precinct,Ab - Central Absentee Precinct,18499,9479,472,144,28594,0
Precinct,Provisional,65,41,5,1,112,0
Locality,Nelson County,4327,4812,150,27,9316,0
Precinct,101 - Rockfish,301,687,21,6,1015,0
Precinct,201 - Lovingston,118,373,8,2,501,0
Precinct,202 - Schuyler,91,270,10,3,374,0
Precinct,301 - Shipman,142,489,10,4,645,0
Precinct,302 - Gladstone,48,138,2,0,188,0
Precinct,401 - Roseland,119,632,16,0,767,0
Precinct,402 - Montebello,31,82,0,0,113,0
Precinct,501 - Faber,82,209,6,0,297,0
Precinct,502 - Nellysford,185,399,12,1,597,0
Precinct,Ab - Central Absentee Precinct,3204,1525,64,11,4804,0
Precinct,Provisional,6,8,1,0,15,0
Locality,New Kent County,4621,9631,172,39,14463,0
Precinct,102 - Tunstall,78,434,3,0,515,0
Precinct,103 - Southern Branch,161,1076,9,3,1249,0
Precinct,201 - Quinton,205,749,15,4,973,0
Precinct,202 - Kentwood,124,653,7,1,785,0
Precinct,301 - Watkins,207,501,12,1,721,0
Precinct,302 - Cumberland,136,678,11,2,827,0
Precinct,401 - Providence Forge,162,737,14,5,918,0
Precinct,403 - Mountcastle,96,398,13,4,511,0
Precinct,501 - Eltham,147,528,7,1,683,0
Precinct,502 - Chickahominy River,135,857,11,2,1005,0
Precinct,Ab - Central Absentee Precinct,3143,2989,70,16,6218,0
Precinct,Provisional,27,31,0,0,58,0
Locality,Newport News City,53099,26377,1438,289,81203,0
Precinct,101 - Denbigh (CD 3),690,421,30,4,1145,0
Precinct,102 - Epes (CD 3),864,289,23,8,1184,0
Precinct,103 - Jenkins (CD 3),725,553,36,9,1323,0
Precinct,104 - Mcintosh (CD 3),502,284,21,9,816,0
Precinct,105 - Oyster Point (CD 3),130,115,5,1,251,0
Precinct,106 - Reservoir (CD 3),784,480,37,6,1307,0
Precinct,107 - Richneck (CD 3),501,575,28,5,1109,0
Precinct,108 - Lee Hall (CD 3),591,332,21,2,946,0
Precinct,109 - Windsor (CD 3),340,365,23,4,732,0
Precinct,110 - Greenwood (CD 3),596,352,34,4,986,0
Precinct,201 - Bland (CD 3),144,75,6,1,226,0
Precinct,202 - Boulevard (CD 3),369,568,28,4,969,0
Precinct,203 - Charles (CD 3),435,888,29,4,1356,0
Precinct,204 - Wellesley (CD 3),262,275,14,2,553,0
Precinct,205 - Deep Creek (CD 3),289,807,31,9,1136,0
Precinct,208 - Hidenwood (CD 3),187,500,5,5,697,0
Precinct,209 - Hilton (CD 3),290,506,34,8,838,0
Precinct,210 - Nelson (CD 3),518,891,38,8,1455,0
Precinct,211 - Palmer (CD 2),40,36,2,0,78,0
Precinct,211 - Palmer (CD 3),448,383,23,6,860,0
Precinct,212 - Riverside (CD 3),213,423,28,1,665,0
Precinct,213 - Sanford (CD 3),134,381,14,2,531,0
Precinct,215 - Warwick (CD 3),257,268,14,3,542,0
Precinct,216 - Yates (CD 3),169,373,17,1,560,0
Precinct,217 - Riverview (CD 3),237,537,12,3,789,0
Precinct,218 - Kiln Creek (CD 2),12,21,1,0,34,0
Precinct,218 - Kiln Creek (CD 3),396,582,30,8,1016,0
Precinct,219 - Deer Park (CD 3),614,300,23,11,948,0
Precinct,302 - Briarfield (CD 3),441,201,15,2,659,0
Precinct,303 - Carver (CD 3),302,168,7,3,480,0
Precinct,304 - Chestnut (CD 3),308,22,2,1,333,0
Precinct,305 - Downtown (CD 3),130,58,7,1,196,0
Precinct,306 - Dunbar (CD 3),136,11,3,0,150,0
Precinct,307 - Huntington (CD 3),287,11,1,2,301,0
Precinct,308 - Jefferson (CD 3),275,17,1,0,293,0
Precinct,309 - Magruder (CD 3),271,18,4,1,294,0
Precinct,310 - Marshall (CD 3),349,26,7,5,387,0
Precinct,311 - Newmarket (CD 3),472,270,13,3,758,0
Precinct,312 - Newsome Park (CD 3),179,7,3,0,189,0
Precinct,313 - Reed (CD 3),437,32,6,1,476,0
Precinct,314 - River (CD 3),215,223,21,2,461,0
Precinct,315 - Sedgefield (CD 3),325,438,20,3,786,0
Precinct,316 - South Morrison (CD 3),390,265,18,2,675,0
Precinct,317 - Washington (CD 3),157,7,3,1,168,0
Precinct,318 - Wilson (CD 3),284,37,7,0,328,0
Precinct,319 - Saunders (CD 3),453,520,21,2,996,0
Precinct,320 - Watkins (CD 3),507,794,39,7,1347,0
Precinct,Ab - Central Absentee Precinct (CD 2),182,52,0,0,234,0
Precinct,Ab - Central Absentee Precinct (CD 3),35817,11505,622,121,48065,0
Precinct,Provisional (CD 2),1,2,0,0,3,0
Precinct,Provisional (CD 3),444,113,11,4,572,0
Locality,Norfolk City,64440,23443,1608,390,89881,0
Precinct,101 - Granby (CD 3),510,292,29,6,837,0
Precinct,102 - Ocean View School (CD 2),173,278,16,5,472,0
Precinct,103 - Northside (CD 2),273,390,25,5,693,0
Precinct,104 - Titustown (CD 3),24,2,0,0,26,0
Precinct,104 - Titustown (CD 2),323,88,9,3,423,0
Precinct,106 - Second Presbyterian (CD 2),418,306,19,6,749,0
Precinct,201 - Larchmont School (CD 3),369,271,18,4,662,0
Precinct,203 - Ghent Square (CD 3),161,128,15,4,308,0
Precinct,207 - Lambert's Point (CD 3),543,125,17,9,694,0
Precinct,208 - Larchmont Library (CD 3),127,195,17,2,341,0
Precinct,210 - Maury (CD 3),314,186,22,3,525,0
Precinct,211 - Chrysler Museum (CD 3),367,265,26,4,662,0
Precinct,212 - Park Place (CD 3),501,73,12,7,593,0
Precinct,213 - Taylor Elementary School (CD 3),458,205,36,10,709,0
Precinct,214 - Stuart (CD 3),339,235,15,3,592,0
Precinct,215 - Suburban Park (CD 2),271,340,16,1,628,0
Precinct,217 - Wesley (CD 2),417,267,26,3,713,0
Precinct,218 - Willard (CD 3),303,404,24,5,736,0
Precinct,301 - Ballentine (CD 3),431,130,9,4,574,0
Precinct,302 - Tanners Creek (CD 3),321,124,13,0,458,0
Precinct,303 - Broad Creek (CD 3),511,49,5,6,571,0
Precinct,304 - Coleman Place School (CD 3),316,99,10,1,426,0
Precinct,305 - Lafayette-winona (CD 3),316,161,13,0,490,0
Precinct,306 - Lindenwood (CD 3),378,52,10,5,445,0
Precinct,309 - Norview (CD 3),706,305,33,8,1052,0
Precinct,310 - Rosemont (CD 3),743,103,10,5,861,0
Precinct,311 - Sherwood (CD 3),670,502,46,6,1224,0
Precinct,313 - Union Chapel (CD 3),361,26,6,0,393,0
Precinct,402 - Berkley (CD 3),364,30,2,1,397,0
Precinct,404 - Campostella (CD 3),534,42,10,1,587,0
Precinct,405 - Chesterfield (CD 3),522,51,4,3,580,0
Precinct,406 - Barron Black (CD 2),232,261,10,1,504,0
Precinct,408 - Easton (CD 3),323,393,14,3,733,0
Precinct,409 - Fairlawn (CD 3),253,298,13,8,572,0
Precinct,411 - Ruffner Academy (CD 3),376,22,9,4,411,0
Precinct,412 - Ingleside (CD 3),433,112,12,3,560,0
Precinct,413 - Poplar Halls (CD 3),476,156,16,6,654,0
Precinct,414 - Young Park (CD 3),565,43,7,1,616,0
Precinct,415 - Lake Taylor High School (CD 3),312,280,19,1,612,0
Precinct,501 - Bayview (CD 2),318,505,33,3,859,0
Precinct,503 - East Ocean View (CD 2),351,481,19,2,853,0
Precinct,504 - Larrymore (CD 2),319,313,13,5,650,0
Precinct,505 - Little Creek (CD 2),258,397,24,4,683,0
Precinct,506 - Ocean View Center (CD 2),431,389,25,7,852,0
Precinct,507 - Pretlow (CD 2),300,353,27,8,688,0
Precinct,509 - Tarrallton (CD 2),267,598,22,3,890,0
Precinct,510 - Third Presbyterian (CD 2),356,609,40,4,1009,0
Precinct,511 - Crossroads (CD 2),430,443,23,5,901,0
Precinct,512 - Azalea Gardens (CD 2),206,274,4,1,485,0
Precinct,Ab - Central Absentee Precinct (CD 2),12875,5948,306,72,19201,0
Precinct,Ab - Central Absentee Precinct (CD 3),32688,5704,445,124,38961,0
Precinct,Provisional (CD 2),182,57,6,1,246,0
Precinct,Provisional (CD 3),425,83,8,4,520,0
Locality,Northampton County,3667,2955,100,10,6732,0
Precinct,101 - Precinct 1-1,158,385,13,1,557,0
Precinct,201 - Precinct 2-1,210,174,20,1,405,0
Precinct,301 - Precinct 3-1,193,184,8,0,385,0
Precinct,401 - Precinct 4-1,106,255,8,0,369,0
Precinct,501 - Precinct 5-1,173,327,11,1,512,0
Precinct,Ab - Central Absentee Precinct,2814,1623,40,7,4484,0
Precinct,Provisional,13,7,0,0,20,0
Locality,Northumberland County,3252,4485,56,22,7815,0
Precinct,101 - 1a,129,391,5,1,526,0
Precinct,201 - 2a,135,429,5,2,571,0
Precinct,301 - 3a,210,153,4,0,367,0
Precinct,401 - 4a,148,592,6,3,749,0
Precinct,501 - 5a,151,643,9,2,805,0
Precinct,Ab - Central Absentee Precinct,2467,2269,26,14,4776,0
Precinct,Provisional,12,8,1,0,21,0
Locality,Norton City,464,1109,21,7,1601,0
Precinct,1 - East Ward,463,1106,21,7,1597,0
Precinct,Provisional,1,3,0,0,4,0
Locality,Nottoway County,2971,4027,72,8,7078,0
Precinct,101 - Precinct 1-1,87,285,3,0,375,0
Precinct,102 - Precinct 1-2,84,217,6,0,307,0
Precinct,201 - Precinct 2-1,190,345,5,1,541,0
Precinct,202 - Precinct 2-2,35,178,5,0,218,0
Precinct,301 - Precinct 3-1,127,143,6,0,276,0
Precinct,302 - Precinct 3-2,44,183,4,0,231,0
Precinct,401 - Precinct 4-1,210,81,1,0,292,0
Precinct,402 - Precinct 4-2,81,352,3,0,436,0
Precinct,501 - Precinct 5-1,168,275,9,3,455,0
Precinct,Ab - Central Absentee Precinct,1945,1968,30,4,3947,0
Precinct,Provisional,0,0,0,0,0,0
Locality,Orange County,7995,12426,267,54,20742,0
Precinct,101 - One West,227,826,11,5,1069,0
Precinct,102 - One East,278,727,18,2,1025,0
Precinct,201 - Two West,165,888,8,0,1061,0
Precinct,202 - Two East,174,951,24,3,1152,0
Precinct,301 - Three West,298,641,18,1,958,0
Precinct,302 - Three East,66,362,2,1,431,0
Precinct,401 - Four West,167,1039,20,1,1227,0
Precinct,402 - Four East,363,846,35,4,1248,0
Precinct,501 - Five South,349,921,15,5,1290,0
Precinct,502 - Five North,366,948,17,7,1338,0
Precinct,Ab - Central Absentee Precinct,5510,4252,99,25,9886,0
Precinct,Provisional,32,25,0,0,57,0
Locality,Page County,3007,9345,134,28,12514,0
Precinct,101 - West Luray,172,1005,21,3,1201,0
Precinct,201 - East Luray,186,1120,15,6,1327,0
Precinct,301 - Marksville,155,1515,16,4,1690,0
Precinct,401 - Newport,136,1146,15,2,1299,0
Precinct,501 - Shenandoah,184,1635,24,3,1846,0
Precinct,Ab - Central Absentee Precinct,2149,2895,43,10,5097,0
Precinct,Provisional,25,29,0,0,54,0
Locality,Patrick County,1954,7485,81,14,9534,0
Precinct,101 - Ararat,76,381,4,1,462,0
Precinct,102 - Claudville,47,334,2,0,383,0
Precinct,103 - Willis Gap,63,444,4,0,511,0
Precinct,201 - Dry Pond,29,201,3,1,234,0
Precinct,202 - Patrick Springs,71,446,3,1,521,0
Precinct,203 - Russell Creek,62,348,5,0,415,0
Precinct,301 - Critz/stella,111,567,10,0,688,0
Precinct,302 - Liberty,36,412,3,1,452,0
Precinct,401 - Meadows Of Dan,74,435,1,0,510,0
Precinct,402 - Stuart Fairgrounds,38,374,4,1,417,0
Precinct,501 - Stuart Community,35,199,2,2,238,0
Precinct,502 - Elamsville,57,403,5,0,465,0
Precinct,503 - Woolwine,54,494,5,0,553,0
Precinct,Ab - Central Absentee Precinct,1197,2439,30,7,3673,0
Precinct,Provisional,4,8,0,0,12,0
Locality,Petersburg City,12389,1584,108,37,14118,0
Precinct,101 - First Ward First Precinct,504,91,7,3,605,0
Precinct,201 - Second Ward First Precinct,722,100,16,7,845,0
Precinct,301 - Third Ward First Precinct,549,195,12,5,761,0
Precinct,401 - Fourth Ward First Precinct,472,142,11,3,628,0
Precinct,501 - Fifth Ward First Precinct,534,70,8,1,613,0
Precinct,601 - Sixth Ward First Precinct,555,31,5,0,591,0
Precinct,701 - Seventh Ward First Precinct,555,90,0,1,646,0
Precinct,Ab - Central Absentee Precinct,8421,856,49,17,9343,0
Precinct,Provisional,77,9,0,0,86,0
Locality,Pittsylvania County,10115,23751,285,76,34227,0
Precinct,103 - Twin Springs,131,724,11,3,869,0
Precinct,105 - Chatham,62,241,4,1,308,0
Precinct,106 - Tunstall,80,483,4,2,569,0
Precinct,108 - West Blairs,59,214,1,1,275,0
Precinct,201 - Callands,92,472,6,0,570,0
Precinct,202- Bearskin,32,100,0,0,132,0
Precinct,204 - Sandy Level,72,348,3,1,424,0
Precinct,206 - Climax,51,244,3,0,298,0
Precinct,207 - Gretna,160,580,7,1,748,0
Precinct,301 - Central,141,108,0,2,251,0
Precinct,305 - Riceville,193,165,0,1,359,0
Precinct,307 - East Blairs,312,125,6,0,443,0
Precinct,308 - Mt Airy,127,122,2,0,251,0
Precinct,309 - East Gretna,89,152,1,0,242,0
Precinct,402 - Keeling,74,504,2,1,581,0
Precinct,404 - Kentuck,187,755,5,4,951,0
Precinct,405 - Ringgold,239,839,8,3,1089,0
Precinct,501 - Hurt,218,714,16,6,954,0
Precinct,502 - Motley Sycamore,148,686,19,0,853,0
Precinct,503 - Renan,104,464,6,0,574,0
Precinct,603 - Stony Mill,116,649,6,1,772,0
Precinct,604 - Swansonville,143,439,4,1,587,0
Precinct,605 - Whitmell,115,460,4,2,581,0
Precinct,606 - Brosville,250,391,5,4,650,0
Precinct,607 - Dry Fork,37,208,1,0,246,0
Precinct,702 - Bachelors Hall,80,683,14,3,780,0
Precinct,703 - Ferry Road,66,158,2,0,226,0
Precinct,704 - Mt Hermon,180,603,7,3,793,0
Precinct,705 - Mt Cross,82,473,3,1,559,0
Precinct,Ab - Central Absentee Precinct,6414,11590,134,34,18172,0
Precinct,Provisional,61,57,1,1,120,0
Locality,Poquoson City,2054,5605,160,38,7857,0
Precinct,1 - Central,126,652,13,7,798,0
Precinct,2 - Eastern,147,929,30,2,1108,0
Precinct,3 - Western,143,718,26,6,893,0
Precinct,Ab - Central Absentee Precinct,1635,3285,89,23,5032,0
Precinct,Provisional,3,21,2,0,26,0
Locality,Portsmouth City,30948,12755,723,156,44582,0
Precinct,1 - Emanuel A. M. E. Church,370,227,22,5,624,0
Precinct,5 - Hampton Roads Community Health Center,371,22,7,0,400,0
Precinct,7- Park View Elementary School,286,139,10,3,438,0
Precinct,9 - Third Baptist Church,401,114,15,2,532,0
Precinct,10 - Port Norfolk Recreation Center,227,204,17,2,450,0
Precinct,11 - Joseph E. Parker Recreation Center,510,18,7,0,535,0
Precinct,13 - St. Mark Missionary Baptist Church,287,19,6,1,313,0
Precinct,14 - Brighton Elementary School,431,27,3,2,463,0
Precinct,16 - Cradock Middle School,417,236,23,2,678,0
Precinct,17 - Victory Life Fellowship,410,281,16,3,710,0
Precinct,19 - Victory Elementary School,199,238,13,4,454,0
Precinct,20 - Noble Street Baptist Church,396,184,12,3,595,0
Precinct,21 - John F. Kennedy Community Center,306,26,2,3,337,0
Precinct,22 - St. Mark Deliverance Center,328,385,16,4,733,0
Precinct,23 - Westhaven Baptist Church,209,575,27,4,815,0
Precinct,24 - The Senior Station,235,199,11,2,447,0
Precinct,25 - John Tyler Elementary School,296,370,11,1,678,0
Precinct,26 - William E. Waters Middle School,482,23,4,1,510,0
Precinct,27 - Cavalier Manor Recreation Center,457,31,5,2,495,0
Precinct,28 - Lakeview Elementary School,534,29,4,4,571,0
Precinct,29 - Woodrow Wilson High School,123,409,16,2,550,0
Precinct,30 - The Rescue Church,204,633,21,1,859,0
Precinct,31 - West Park Church Of Christ,554,529,25,1,1109,0
Precinct,32 - Hodges Manor Elementary School,141,410,13,2,566,0
Precinct,33- Pinecrest Baptist Church,139,521,19,2,681,0
Precinct,34- Churchland Branch Library,165,418,21,2,606,0
Precinct,35 - Churchland Elementary School,275,518,22,7,822,0
Precinct,36 - Churchland High School,459,717,24,6,1206,0
Precinct,37 - Churchland Middle School,525,405,30,5,965,0
Precinct,38 - Grove Baptist Church,790,177,22,7,996,0
Precinct,39 - Churchland Primary And Intermediate School,437,317,19,1,774,0
Precinct,Ab - Central Absentee Precinct,19680,4281,251,70,24282,0
Precinct,Provisional,304,73,9,2,388,0
Locality,Powhatan County,5320,14055,321,34,19730,0
Precinct,101 - Subletts,142,758,21,10,931,0
Precinct,102 - Manakin,137,569,11,6,723,0
Precinct,103 - Flat Rock,85,496,13,0,594,0
Precinct,201 - Powhatan Station,120,758,21,3,902,0
Precinct,202 - Graceland,160,1003,25,2,1190,0
Precinct,301 - Bethesda,136,700,23,1,860,0
Precinct,302 - Lee's Landing,139,639,12,3,793,0
Precinct,401 - Powhatan Courthouse,114,967,17,4,1102,0
Precinct,402 - Mt Zion,94,513,10,2,619,0
Precinct,501 - Smith Cross Roads,184,608,14,1,807,0
Precinct,502 - Pineville,137,410,11,0,558,0
Precinct,503 - Tobaccoville,80,454,13,2,549,0
Precinct,Ab - Central Absentee Precinct,3781,6162,129,0,10072,0
Precinct,Provisional,11,18,1,0,30,0
Locality,Prince Edward County,4973,4434,136,31,9574,0
Precinct,101 - Farmville,173,232,12,0,417,0
Precinct,201 - Lockett,290,429,11,1,731,0
Precinct,301 - Leigh,201,288,6,1,496,0
Precinct,302 - Mt Pleasant,161,155,4,10,330,0
Precinct,401 - Hampden,205,324,12,1,542,0
Precinct,501 - Darlington Hts,134,338,5,1,478,0
Precinct,502 - Buffalo Hts,67,127,1,1,196,0
Precinct,601 - Prospect,326,430,17,0,773,0
Precinct,701 - West End,128,225,11,2,366,0
Precinct,801 - Center,212,72,3,3,290,0
Precinct,Ab - Central Absentee Precinct,3048,1810,53,11,4922,0
Precinct,Provisional,28,4,1,0,33,0
Locality,Prince George County,7103,10103,195,31,17432,0
Precinct,101 - Richard Bland (CD 4),141,403,6,3,553,0
Precinct,102 - Templeton (CD 4),220,1210,21,4,1455,0
Precinct,103 - Union Branch (CD 4),246,580,13,4,843,0
Precinct,104 - Rives (CD 4),201,298,8,0,507,0
Precinct,105 - Harrison (CD 4),65,317,8,0,390,0
Precinct,201 - Bland (CD 4),181,580,15,1,777,0
Precinct,202 - Black Water (CD 4),219,628,18,4,869,0
Precinct,203 - Brandon (CD 4),89,343,6,0,438,0
Precinct,204 - Courts Bldg (CD 4),267,395,8,1,671,0
Precinct,205 - Jefferson Park (CD 4),373,269,13,0,655,0
Precinct,Ab - Central Absentee Precinct (CD 4),5101,5080,79,14,10274,0
Precinct,Provisional (CD 4),0,0,0,0,0,0
Locality,Prince William County,142863,81222,3242,729,228056,0
Precinct,101 - Brentsville (CD 1),216,818,21,0,1055,0
Precinct,102 - Cedar Point (CD 1),284,506,26,0,816,0
Precinct,103 - Glenkirk (CD 1),198,355,12,0,565,0
Precinct,104 - Nokesville (CD 1),193,620,22,0,835,0
Precinct,105 - Limestone (CD 1),287,451,19,0,757,0
Precinct,106 - Westgate (CD 1),416,267,8,0,691,0
Precinct,107 - Marsteller (CD 1),287,454,18,0,759,0
Precinct,108 - Victory (CD 1),427,522,21,0,970,0
Precinct,109 - Chris Yung (CD 1),343,397,21,0,761,0
Precinct,110 - Buckland Mills (CD 10),205,210,10,5,430,0
Precinct,110 - Buckland Mills (CD 1),62,99,3,2,166,0
Precinct,111 - Bristow Run (CD 1),128,182,8,0,318,0
Precinct,112 - Burke-nickens (CD 10),278,425,14,5,722,0
Precinct,112 - Burke-nickens (CD 1),9,13,2,1,25,0
Precinct,114 - Piney Branch (CD 1),131,220,7,2,360,0
Precinct,201 - Saunders (CD 11),316,246,17,0,579,0
Precinct,202 - Marshall (CD 1),166,377,15,0,558,0
Precinct,203 - Bennett (CD 1),268,444,25,0,737,0
Precinct,204 - Ellis (CD 1),363,353,24,0,740,0
Precinct,205 - Buckhall (CD 10),259,526,24,0,809,0
Precinct,206 - Coles (CD 1),146,376,23,0,545,0
Precinct,207 - Spriggs (CD 1),347,391,12,0,750,0
Precinct,208 - Hylton (CD 1),119,325,4,0,448,0
Precinct,209 - Independent Hill (CD 1),107,371,18,0,496,0
Precinct,210 - Penn (CD 11),18,22,3,0,43,0
Precinct,210 - Penn (CD 1),110,320,6,4,440,0
Precinct,211 - Signal Hill (CD 10),275,516,1,0,792,0
Precinct,212 - Yorkshire (CD 10),629,553,25,0,1207,0
Precinct,213 - Saratoga (CD 1),291,179,13,0,483,0
Precinct,214 - Lucasville (CD 1),154,430,23,0,607,0
Precinct,215 - Rosa Parks (CD 11),270,257,9,0,536,0
Precinct,301 - Dumfries (CD 11),275,172,8,0,455,0
Precinct,302 - Potomac (CD 11),290,100,5,0,395,0
Precinct,303 - Graham Park (CD 11),279,144,12,0,435,0
Precinct,304 - Quantico (CD 1),97,128,6,0,231,0
Precinct,305 - Pattie (CD 1),249,358,15,0,622,0
Precinct,306 - Washington-reid (CD 1),185,219,9,0,413,0
Precinct,307 - Henderson (CD 1),195,299,16,0,510,0
Precinct,308 - Montclair (CD 1),189,262,7,0,458,0
Precinct,309 - Ashland (CD 1),160,275,9,0,444,0
Precinct,310 - Forest Park (CD 1),286,235,8,0,529,0
Precinct,311 - Swans Creek (CD 11),566,328,9,0,903,0
Precinct,312 - Triangle (CD 1),74,30,4,1,109,0
Precinct,312 - Triangle (CD 11),268,206,12,3,489,0
Precinct,313 - Cardinal (CD 1),275,192,8,0,475,0
Precinct,314 - Cabin Branch (CD 1),198,227,8,0,433,0
Precinct,315 - Williams (CD 11),217,74,5,0,296,0
Precinct,401 - Evergreen (CD 10),157,510,17,0,684,0
Precinct,402 - Battlefield (CD 10),135,416,15,0,566,0
Precinct,403 - Bull Run (CD 10),171,279,9,0,459,0
Precinct,404 - Ben Lomond (CD 1),312,241,21,0,574,0
Precinct,405 - Unity Braxton (CD 1),543,387,14,0,944,0
Precinct,406 - Alvey (CD 10),30,102,0,0,132,0
Precinct,407 - Heritage Hunt (CD 10),82,314,6,0,402,0
Precinct,408 - Sudley (CD 1),322,353,12,0,687,0
Precinct,409 - Tyler (CD 10),305,402,19,0,726,0
Precinct,410 - Mountain View (CD 10),172,316,14,0,502,0
Precinct,411 - Mullen (CD 1),514,282,10,0,806,0
Precinct,412 - Catharpin (CD 10),107,381,9,0,497,0
Precinct,413 - Reagan (CD 10),188,462,18,0,668,0
Precinct,501 - Lake Ridge (CD 1),301,287,14,0,602,0
Precinct,502 - Occoquan (CD 11),292,231,7,0,530,0
Precinct,503 - Old Bridge (CD 11),309,203,8,0,520,0
Precinct,504 - Rockledge (CD 11),264,218,13,0,495,0
Precinct,505 - Mohican (CD 1),289,345,17,0,651,0
Precinct,506 - Bethel (CD 11),411,337,16,0,764,0
Precinct,507 - Chinn (CD 11),296,250,14,0,560,0
Precinct,508 - Springwoods (CD 1),241,175,11,0,427,0
Precinct,509 - Mc Coart (CD 1),124,300,9,0,433,0
Precinct,510 - Yates Ford (CD 10),177,438,16,0,631,0
Precinct,511 - Westridge (CD 1),314,290,12,0,616,0
Precinct,512 - York (CD 11),472,192,13,0,677,0
Precinct,513 - Lynnwood (CD 11),303,329,18,0,650,0
Precinct,514 - Antietam (CD 11),410,338,23,0,771,0
Precinct,601 - Dale (CD 11),455,208,9,0,672,0
Precinct,602 - Beville (CD 11),471,258,11,0,740,0
Precinct,603 - Hampton (CD 11),363,155,3,0,521,0
Precinct,604 - Gideon (CD 11),363,214,11,3,591,0
Precinct,605 - Minnieville (CD 11),348,243,16,4,611,0
Precinct,606 - Bel Air (CD 11),393,284,10,4,691,0
Precinct,607 - Kerrydale (CD 11),359,248,20,0,627,0
Precinct,608 - Enterprise (CD 11),359,248,20,0,627,0
Precinct,609 - King (CD 1),12,6,2,0,20,0
Precinct,609 - King (CD 11),432,234,14,1,681,0
Precinct,610 - Fitzgerald (CD 11),475,235,8,0,718,0
Precinct,611 - Neabsco (CD 11),334,198,6,0,538,0
Precinct,701 - Belmont (CD 11),387,370,12,0,769,0
Precinct,702 - Library (CD 11),377,187,15,0,579,0
Precinct,703 - Lynn (CD 11),339,121,11,0,471,0
Precinct,704 - Porter (CD 11),458,192,11,0,661,0
Precinct,705 - Potomac View (CD 11),370,231,8,0,609,0
Precinct,706 - Rippon (CD 11),448,295,8,0,751,0
Precinct,707 - Kilby (CD 11),478,258,12,0,748,0
Precinct,708 - River Oaks (CD 11),413,148,9,0,570,0
Precinct,709 - Freedom (CD 11),397,144,8,0,549,0
Precinct,710 - Powells Creek (CD 11),410,131,7,0,548,0
Precinct,711 - Grayson (CD 11),569,266,13,0,848,0
Precinct,712 - Leesylvania (CD 11),240,213,9,0,462,0
Precinct,Ab - Central Absentee Precinct (CD 1),46939,22720,781,281,70721,0
Precinct,Ab - Central Absentee Precinct (CD 10),21371,10588,443,123,32525,0
Precinct,Ab - Central Absentee Precinct (CD 11),46040,19579,782,282,66683,0
Precinct,Provisional (CD 1),336,203,19,3,561,0
Precinct,Provisional (CD 10),95,62,5,2,164,0
Precinct,Provisional (CD 11),486,131,9,3,629,0
Locality,Pulaski County,4925,12127,275,49,17376,0
Precinct,101 - Belspring,88,396,21,0,505,0
Precinct,102 - New River,233,783,12,5,1033,0
Precinct,103 - West Cloyd,88,512,8,2,610,0
Precinct,201 - Draper,86,600,18,0,704,0
Precinct,202 - South Pulaski,20,103,4,0,127,0
Precinct,203 - Newbern,172,776,23,6,977,0
Precinct,301 - Dublin,135,721,17,1,874,0
Precinct,302 - Hiwassee,52,278,3,0,333,0
Precinct,304 - Snowville,88,600,6,2,696,0
Precinct,401 - Massie,166,779,21,4,970,0
Precinct,402 - Walker,52,401,5,3,461,0
Precinct,501 - Robinson,187,834,32,1,1054,0
Precinct,Ab - Central Absentee Precinct,3526,5300,104,25,8955,0
Precinct,Provisional,32,44,1,0,77,0
Locality,Radford City,3358,2786,145,31,6320,0
Precinct,1 - East Precinct,274,318,19,4,615,0
Precinct,2 - Central Precinct,196,396,18,4,614,0
Precinct,3 - West Precinct,249,543,30,4,826,0
Precinct,4 - New River Precinct,299,220,12,5,536,0
Precinct,Ab - Central Absentee Precinct,2324,1304,66,13,3707,0
Precinct,Provisional,16,5,0,1,22,0
Locality,Rappahannock County,2096,2812,56,14,4978,0
Precinct,101 - Washington,117,372,2,1,492,0
Precinct,201 - Amissville,123,529,13,1,666,0
Precinct,301 - Sperryville,131,328,1,3,463,0
Precinct,401 - Scrabble,97,393,7,1,498,0
Precinct,501 - Chester Gap,53,309,9,0,371,0
Precinct,502 - Flint Hill,88,224,3,3,318,0
Precinct,Ab - Central Absentee Precinct,1470,639,21,5,2135,0
Precinct,Provisional,17,18,0,0,35,0
Locality,Richmond City,92175,16603,1691,690,111159,0
Precinct,101 - One Hundred One (CD 4),276,134,9,7,426,0
Precinct,102 - One Hundred Two (CD 4),187,241,15,7,450,0
Precinct,104 - One Hundred Four (CD 4),300,402,9,9,720,0
Precinct,105 - One Hundred Five (CD 4),297,261,20,6,584,0
Precinct,106 - One Hundred Six (CD 4),179,484,20,9,692,0
Precinct,111 - One Hundred Eleven (CD 4),263,290,9,2,564,0
Precinct,112 - One Hundred Twelve (CD 4),210,201,13,6,430,0
Precinct,113 - One Hundred Thirteen (CD 4),494,181,27,8,710,0
Precinct,114 - One Hundred Fourteen (CD 4),468,215,22,9,714,0
Precinct,115 - One Hundred Fifteen (CD 4),229,306,17,4,556,0
Precinct,203 - Two Hundred Three (CD 4),138,76,9,5,228,0
Precinct,204 - Two Hundred Four (CD 4),432,171,11,15,629,0
Precinct,206 - Two Hundred Six (CD 4),247,38,9,8,302,0
Precinct,207 - Two Hundred Seven (CD 4),444,179,28,4,655,0
Precinct,208 - Two Hundred Eight (CD 4),381,156,17,12,566,0
Precinct,213 - Two Hundred Thirteen (CD 4),791,77,25,12,905,0
Precinct,214 - Two Hundred Fourteen (CD 4),446,59,11,1,517,0
Precinct,215 - Two Hundred Fifteen (CD 4),310,134,19,1,464,0
Precinct,301 - Three Hundred One (CD 4),326,21,4,3,354,0
Precinct,302 - Three Hundred Two (CD 4),227,57,5,2,291,0
Precinct,303 - Three Hundred Three (CD 4),278,23,2,2,305,0
Precinct,304 - Three Hundred Four (CD 4),437,24,8,4,473,0
Precinct,305 - Three Hundred Five (CD 4),402,54,18,2,476,0
Precinct,306 - Three Hundred Six (CD 4),317,29,11,6,363,0
Precinct,307 - Three Hundred Seven (CD 4),203,108,14,9,334,0
Precinct,308 - Three Hundred Eight (CD 4),223,132,10,7,372,0
Precinct,309 - Three Hundred Nine (CD 4),205,155,0,1,361,0
Precinct,310 - Three Hundred Ten (CD 4),267,5,5,1,278,0
Precinct,402 - Four Hundred Two (CD 4),480,298,41,8,827,0
Precinct,404 - Four Hundred Four (CD 4),476,223,16,7,722,0
Precinct,409 - Four Hundred Nine (CD 4),236,344,14,3,597,0
Precinct,410 - Four Hundred Ten (CD 4),417,232,19,7,675,0
Precinct,412 - Four Hundred Twelve (CD 4),426,169,17,7,619,0
Precinct,413 - Four Hundred Thirteen (CD 4),224,216,11,4,455,0
Precinct,414 - Four Hundred Fourteen (CD 4),266,316,12,4,598,0
Precinct,415 - Four Hundred Fifteen (CD 4),212,280,13,3,508,0
Precinct,501 - Five Hundred One (CD 4),486,149,27,8,670,0
Precinct,503 - Five Hundred Three (CD 4),590,98,23,4,715,0
Precinct,504 - Five Hundred Four (CD 4),736,134,30,10,910,0
Precinct,505 - Five Hundred Five (CD 4),389,82,12,4,487,0
Precinct,508 - Five Hundred Eight (CD 4),298,106,14,6,424,0
Precinct,509 - Five Hundred Nine (CD 4),512,55,9,1,577,0
Precinct,510 - Five Hundred Ten (CD 4),586,91,22,1,700,0
Precinct,602 - Six Hundred Two (CD 4),462,24,15,3,504,0
Precinct,603 - Six Hundred Three (CD 4),502,38,6,5,551,0
Precinct,604 - Six Hundred Four (CD 4),396,35,8,7,446,0
Precinct,606 - Six Hundred Six (CD 4),533,42,12,1,588,0
Precinct,607 - Six Hundred Seven (CD 4),384,125,12,7,528,0
Precinct,609 - Six Hundred Nine (CD 4),819,164,28,6,1017,0
Precinct,610 - Six Hundred Ten (CD 4),482,32,4,5,523,0
Precinct,701 - Seven Hundred One (CD 4),549,30,7,1,587,0
Precinct,702 - Seven Hundred Two (CD 4),421,35,6,6,468,0
Precinct,703 - Seven Hundred Three (CD 4),551,54,15,13,633,0
Precinct,705 - Seven Hundred Five (CD 4),341,67,16,6,430,0
Precinct,706 - Seven Hundred Six (CD 4),778,88,18,1,885,0
Precinct,707 - Seven Hundred Seven (CD 4),555,148,24,5,732,0
Precinct,708 - Seven Hundred Eight (CD 4),654,178,43,11,886,0
Precinct,802 - Eight Hundred Two (CD 4),442,40,5,4,491,0
Precinct,806 - Eight Hundred Six (CD 4),379,76,9,2,466,0
Precinct,810 - Eight Hundred Ten (CD 4),339,78,3,4,424,0
Precinct,811 - Eight Hundred Eleven (CD 4),536,66,9,5,616,0
Precinct,812 - Eight Hundred Twelve (CD 4),546,150,11,2,709,0
Precinct,814 - Eight Hundred Fourteen (CD 4),316,48,4,1,369,0
Precinct,902 - Nine Hundred Two (CD 4),190,42,1,1,234,0
Precinct,903 - Nine Hundred Three (CD 4),478,98,15,3,594,0
Precinct,908 - Nine Hundred Eight (CD 4),464,65,10,2,541,0
Precinct,909 - Nine Hundred Nine (CD 4),495,109,11,8,623,0
Precinct,910 - Nine Hundred Ten (CD 4),470,87,8,4,569,0
Precinct,911 - Nine Hundred Eleven (CD 4),416,42,11,1,470,0
Precinct,AB - Central Absentee Precinct (CD 4),63694,7533,713,336,72276,0
Precinct,Provisional (CD 4),672,103,20,1,796,0
Locality,Richmond County,1513,2547,31,11,4102,0
Precinct,101 - Precinct 1-1,142,151,4,0,297,0
Precinct,201 - Precinct 2-1,90,243,6,1,340,0
Precinct,301 - Precinct 3-1,45,178,2,1,226,0
Precinct,401 - Precinct 4-1,78,367,2,4,451,0
Precinct,501 - Precinct 5-1,75,355,4,0,434,0
Precinct,Ab - Central Absentee Precinct,1083,1253,13,5,2354,0
Precinct,Provisional,0,0,0,0,0,0
Locality,Roanoke City,26773,15607,777,166,43323,0
Precinct,1 -Peters Creek,336,200,14,1,551,0
Precinct,2 - Grandview,331,353,22,5,711,0
Precinct,3 -Preston Park,291,534,27,3,855,0
Precinct,4 - Williamson Road,313,420,13,6,752,0
Precinct,5 - East Gate,194,599,22,1,816,0
Precinct,6 - Hollins Road,277,447,21,1,746,0
Precinct,7 - Southeast,228,479,21,4,732,0
Precinct,8 - Lincoln Terrace,389,64,12,3,468,0
Precinct,9 - Highland,440,267,23,9,739,0
Precinct,10 - Old Southwest-Wasena,411,397,34,4,846,0
Precinct,11 - Raleigh Court,346,468,27,9,850,0
Precinct,12 - South Roanoke,217,407,25,7,656,0
Precinct,13 - Garden City,261,674,36,2,973,0
Precinct,14 - Crystal Spring,251,462,15,1,729,0
Precinct,15 - Grandin Court,278,413,19,5,715,0
Precinct,16 - Deyerle,181,525,14,4,724,0
Precinct,17 - Lee-Hi,417,506,39,7,969,0
Precinct,18 - Summit Hills,357,428,24,2,811,0
Precinct,19 - Forest Park,487,113,8,4,612,0
Precinct,20 - Eureka Park,496,100,13,2,611,0
Precinct,AB - Central Absentee Precinct,19780,7594,334,84,27792,0
Precinct,Provisional,492,157,14,2,665,0
Locality,Roanoke County,21801,34268,910,205,57184,0
Precinct,101 - Catawba (CD 9),68,378,10,0,456,0
Precinct,102 - Mason Valley (CD 9),56,344,7,1,408,0
Precinct,103 - Glenvar (CD 9),184,848,13,4,1049,0
Precinct,104 - Northside (CD 9),140,360,13,1,514,0
Precinct,105 - Peters Creek (CD 9),210,680,20,6,916,0
Precinct,106 - Green Hill (CD 9),120,613,17,3,753,0
Precinct,107 - Bennett Springs (CD 9),83,432,7,2,524,0
Precinct,108 - Wildwood (CD 9),113,527,16,4,660,0
Precinct,201 - Plantation (CD 6),178,531,33,5,747,0
Precinct,202 - Burlington (CD 6),188,369,16,5,578,0
Precinct,203 - Mountain View (CD 6),184,777,15,5,981,0
Precinct,204 - Botetourt Springs (CD 9),167,575,10,2,754,0
Precinct,205 - Orchards (CD 6),106,580,18,0,704,0
Precinct,206 - Hollins (CD 6),108,310,6,2,426,0
Precinct,301 - Bent Mountain (CD 9),93,272,8,0,373,0
Precinct,302 - Poages Mill (CD 6),154,680,16,3,853,0
Precinct,303 - Windsor Hills (CD 6),96,306,15,2,419,0
Precinct,304 - Oak Grove (CD 6),163,484,9,3,659,0
Precinct,305 - Castle Rock (CD 6),193,525,13,6,737,0
Precinct,306 - Garst Mill (CD 6),105,236,9,1,351,0
Precinct,401 - South Lindenwood (CD 6),66,298,4,0,368,0
Precinct,402 - Bonsack (CD 6),42,150,4,1,197,0
Precinct,403 - North Vinton (CD 6),155,476,18,1,650,0
Precinct,404 - South Vinton (CD 6),139,467,24,3,633,0
Precinct,405 - North Lindenwood (CD 6),54,334,11,1,400,0
Precinct,406 - Mount Pleasant (CD 6),124,693,17,4,838,0
Precinct,501 - Cotton Hill (CD 6),97,353,6,2,458,0
Precinct,502 - Penn Forest (CD 6),113,314,11,2,440,0
Precinct,503 - Cave Spring (CD 6),122,388,18,0,528,0
Precinct,504 - Ogden (CD 6),204,377,14,5,600,0
Precinct,505 - Clearbrook (CD 6),87,435,14,3,539,0
Precinct,506 - Mount Vernon (CD 6),94,289,13,0,396,0
Precinct,507 - Hunting Hills (CD 6),190,512,19,1,722,0
Precinct,Ab - Central Absentee Precinct (CD 6),13732,15104,380,103,29319,0
Precinct,Ab - Central Absentee Precinct (CD 9),3818,4175,83,24,8100,0
Precinct,Provisional (CD 6),43,54,2,0,99,0
Precinct,Provisional (CD 9),12,22,1,0,35,0
Locality,Rockbridge County,4086,8088,165,34,12373,0
Precinct,101 - Airport,105,331,8,2,446,0
Precinct,102 - Ben Salem,72,335,7,1,415,0
Precinct,103 - Plank Road,31,244,6,1,282,0
Precinct,104 - Effinger,57,255,3,0,315,0
Precinct,201 - Collierstown,75,334,6,1,416,0
Precinct,202 - Highland Belle,124,607,13,4,748,0
Precinct,203 - Vo-tech,48,126,6,0,180,0
Precinct,301 - Maury River,122,361,8,0,491,0
Precinct,302 - Natural Bridge,80,457,7,0,544,0
Precinct,303 - Falling Spring,22,206,3,2,233,0
Precinct,401 - Fairfield,75,456,7,1,539,0
Precinct,402 - Mountain View,80,644,9,0,733,0
Precinct,403 - Vesuvius,44,243,1,0,288,0
Precinct,501 - Goshen,31,308,2,1,342,0
Precinct,502 - Meadowview,111,299,9,6,425,0
Precinct,503 - Rockbridge Baths,70,261,6,0,337,0
Precinct,504 - Rockbridge,85,414,6,3,508,0
Precinct,Ab - Central Absentee Precinct,2836,2187,58,12,5093,0
Precinct,Provisional,18,20,0,0,38,0
Locality,Rockingham County,12644,30349,653,165,43811,0
Precinct,101 - Broadway,243,1108,23,2,1376,0
Precinct,102 - Timberville,161,693,24,1,879,0
Precinct,103 - Fulks Run,60,850,12,0,922,0
Precinct,104 - Bergton,45,320,2,1,368,0
Precinct,105 - Lacey Spring,80,564,9,3,656,0
Precinct,106 - Tenth Legion,80,532,9,4,625,0
Precinct,107 - Plains,71,563,8,1,643,0
Precinct,108 - Little North Mountain,50,399,4,3,456,0
Precinct,201 - Singers Glen,86,806,10,5,907,0
Precinct,202 - Edom,185,987,23,7,1202,0
Precinct,203 - Dayton,141,440,14,1,596,0
Precinct,204 - Mt Clinton,111,742,13,11,877,0
Precinct,205 - Silver Lake,159,646,13,8,826,0
Precinct,301 - Keezletown,132,513,13,1,659,0
Precinct,302 - Port Republic,114,799,10,3,926,0
Precinct,303 - Melrose,64,413,11,2,490,0
Precinct,304 - Grottoes,202,857,23,2,1084,0
Precinct,305 - Massanetta Springs,260,633,23,5,921,0
Precinct,306 - Cross Keys,65,279,3,3,350,0
Precinct,307 - Crossroads,217,598,17,5,837,0
Precinct,401 - West Bridgewater,126,474,21,3,624,0
Precinct,402 - Montezuma,92,715,16,2,825,0
Precinct,403 - Mt Crawford,55,136,4,0,195,0
Precinct,404 - North River,158,646,12,2,818,0
Precinct,405 - Ottobine,98,1156,12,1,1267,0
Precinct,406 - East Bridgewater,205,537,17,2,761,0
Precinct,501 - Elkton,182,923,29,3,1137,0
Precinct,502 - Swift Run,166,1475,15,5,1661,0
Precinct,503 - Mcgaheysville,184,924,24,2,1134,0
Precinct,504 - South Fork,66,612,8,3,689,0
Precinct,505 - Stony Run,212,690,14,5,921,0
Precinct,Ab - Central Absentee Precinct,8527,9267,217,69,18080,0
Precinct,Provisional,47,52,0,0,99,0
Locality,Russell County,2373,10879,116,18,13386,0
Precinct,101 - Moccasin,60,507,6,1,574,0
Precinct,102 - Copper Creek,66,457,2,0,525,0
Precinct,103 - South Castlewood,40,312,4,1,357,0
Precinct,201 - North Castlewood,123,791,15,0,929,0
Precinct,202 - Dante,42,223,1,0,266,0
Precinct,301 - Cooks Mill,24,188,1,0,213,0
Precinct,302 - Daugherty,37,243,3,0,283,0
Precinct,303 - New Garden,79,519,2,4,604,0
Precinct,304 - Cleveland,69,302,4,1,376,0
Precinct,401 - Drill,19,84,1,0,104,0
Precinct,402 - Swords Creek,75,913,3,1,992,0
Precinct,403 - Honaker,58,336,0,0,394,0
Precinct,501 - West Lebanon,137,785,15,1,938,0
Precinct,601 - East Lebanon,70,479,9,0,558,0
Precinct,602 - Elk Garden,92,778,1,0,871,0
Precinct,Ab - Central Absentee Precinct,1375,3939,48,9,5371,0
Precinct,Provisional,7,23,1,0,31,0
Locality,Salem City,5148,7683,220,0,13051,0
Precinct,1 - North Salem No 2,90,265,13,0,368,0
Precinct,2 - Conehurst,105,254,13,0,372,0
Precinct,3 - Beverly Heights,49,181,6,0,236,0
Precinct,4 - West Salem,72,275,9,0,356,0
Precinct,5 - North Salem No 1,128,413,15,0,556,0
Precinct,6 - South Salem No 1,94,294,13,0,401,0
Precinct,7 - South Salem No 2,115,343,11,0,469,0
Precinct,8 - East Salem,68,145,9,0,222,0
Precinct,9 - South Side Hills,87,365,12,0,464,0
Precinct,10 - Hidden Valley,124,431,10,0,565,0
Precinct,Ab - Central Absentee Precinct,4211,4710,109,0,9030,0
Precinct,Provisional,5,7,0,0,12,0
Locality,Scott County,1692,9063,90,24,10869,0
Precinct,101 - Weber City,41,295,5,1,342,0
Precinct,102 - Yuma,73,459,6,3,541,0
Precinct,202 - Weber City East,35,234,3,2,274,0
Precinct,203 - Hiltons,70,480,4,4,558,0
Precinct,204 - Clark's,10,180,1,0,191,0
Precinct,301 - Nickelsville,43,437,4,0,484,0
Precinct,302 - Snowflake,30,325,0,1,356,0
Precinct,303 - Twin Springs,55,251,1,0,307,0
Precinct,304 - Copper Creek,15,96,7,0,118,0
Precinct,401 - Gate City,100,644,7,1,752,0
Precinct,501 - Dungannon,34,238,2,0,274,0
Precinct,502 - Fort Blackmore,39,267,2,1,309,0
Precinct,503 - Manville,10,171,3,0,184,0
Precinct,504 - Rye Cove,26,405,1,0,432,0
Precinct,601 - Clinchport,31,242,5,1,279,0
Precinct,602 - Duffield-pattonsville,67,592,6,1,666,0
Precinct,603 - Fairview,28,142,0,0,170,0
Precinct,Ab - Central Absentee Precinct,978,3588,33,9,4608,0
Precinct,Provisional,7,17,0,0,24,0
Locality,Shenandoah County,6836,16463,346,39,23684,0
Precinct,101 - Orkney Springs,144,522,19,1,686,0
Precinct,103 - New Market,268,1369,24,5,1666,0
Precinct,201 - Conicville,133,1024,20,1,1178,0
Precinct,202 - Mt Jackson,177,832,24,1,1034,0
Precinct,302 - Edinburg,166,736,16,1,919,0
Precinct,303 - St Luke,100,871,7,3,981,0
Precinct,304 - Fort Valley,81,545,5,0,631,0
Precinct,401 - Woodstock,279,1011,25,8,1323,0
Precinct,501 - Cedar Creek,27,97,0,0,124,0
Precinct,503 - Toms Brook,149,967,23,1,1140,0
Precinct,504 - Lebanon Church,171,914,14,0,1099,0
Precinct,601 - Strasburg,357,1427,27,3,1814,0
Precinct,Ab - Central Absentee Precinct,4729,6083,139,15,10966,0
Precinct,Provisional,55,65,3,0,123,0
Locality,Smyth County,3008,10963,133,32,14136,0
Precinct,101 - Saltville,206,1163,12,4,1385,0
Precinct,201 - Seven Mile Ford,91,817,6,0,914,0
Precinct,202 - Rich Valley,74,352,4,0,430,0
Precinct,301 - Chilhowie,159,962,9,3,1133,0
Precinct,302 - St Clair,43,344,5,2,394,0
Precinct,401 - East Park,120,503,0,0,623,0
Precinct,402 - West Park,65,295,0,0,360,0
Precinct,501 - Atkins,111,854,6,0,971,0
Precinct,502 - Wassona,94,354,8,5,461,0
Precinct,601 - Royal Oak East,95,559,9,1,664,0
Precinct,602 - Royal Oak West,77,355,6,1,439,0
Precinct,701 - Adwolfe,83,885,6,0,974,0
Precinct,702 - Sugar Grove,85,503,8,4,600,0
Precinct,703 - Konnarock,11,92,2,0,105,0
Precinct,Ab - Central Absentee Precinct,1694,2925,52,12,4683,0
Precinct,Provisional,0,0,0,0,0,0
Locality,Southampton County,3969,5730,87,0,9786,0
Precinct,101 - Berlin,74,415,5,0,494,0
Precinct,102 - Ivor,200,424,7,0,631,0
Precinct,201 - Boykins,263,279,9,0,551,0
Precinct,202 - Branchville,69,145,4,0,218,0
Precinct,301 - Capron,134,223,0,0,357,0
Precinct,302 - Sebrell,96,294,3,0,393,0
Precinct,401 - Drewryville,144,229,1,0,374,0
Precinct,501 - Hunterdale,90,386,8,0,484,0
Precinct,502 - Forks-of-the-river,84,175,5,0,264,0
Precinct,601 - Courtland,131,300,7,0,438,0
Precinct,602 - Sedley,39,267,3,0,309,0
Precinct,701 - Blackwater River,161,126,5,0,292,0
Precinct,702 - Newsoms,122,354,1,0,477,0
Precinct,Ab - Central Absentee Precinct,2341,2102,28,0,4471,0
Precinct,Provisional,21,11,1,0,33,0
Locality,Spotsylvania County,34307,39411,1301,298,75317,0
Precinct,101 - Partlow (CD 7),165,1022,28,2,1217,0
Precinct,102 - Blaydes Corner (CD 7),214,936,15,4,1169,0
Precinct,103 - Travelers Rest (CD 7),309,876,26,8,1219,0
Precinct,103 - Travelers Rest (CD 1),4,0,0,0,4,0
Precinct,104 - Massaponax (CD 1),208,668,28,6,910,0
Precinct,201 - Wilderness School (CD 7),270,692,35,5,1002,0
Precinct,202 - Wilderness Fire (CD 7),284,888,34,9,1215,0
Precinct,203 - Ni River - Elys Ford (CD 7),139,656,16,3,814,0
Precinct,204 - Chancellor (CD 7),353,751,29,4,1137,0
Precinct,301 - Plank Road (CD 7),371,661,31,9,1072,0
Precinct,302 - Hazel Run (CD 7),343,509,27,4,883,0
Precinct,303 - Riverbend (CD 7),319,869,25,7,1220,0
Precinct,401 - Summit (CD 1),396,737,29,4,1166,0
Precinct,402 - Parkside (CD 1),273,404,23,1,701,0
Precinct,402 - Parkside (CD 7),156,221,11,2,390,0
Precinct,403 - Lee Hill (CD 1),372,600,27,11,1010,0
Precinct,501 - Belmont (CD 7),173,914,16,2,1105,0
Precinct,502 - Brokenburg (CD 7),154,759,18,0,931,0
Precinct,503 - Post Oak (CD 7),153,803,13,1,970,0
Precinct,504 - Courthouse (CD 7),214,638,21,7,880,0
Precinct,505 - Brock (CD 7),197,846,27,5,1075,0
Precinct,601 - Salem (CD 7),389,646,32,5,1072,0
Precinct,602 - Smith Station (CD 7),576,841,36,8,1461,0
Precinct,603 - Piedmont (CD 7),280,453,19,2,754,0
Precinct,701 - Battlefield (CD 1),295,459,18,4,776,0
Precinct,702 - Brents Mill (CD 1),201,316,11,7,535,0
Precinct,702 - Brents Mill (CD 7),195,320,10,2,527,0
Precinct,703 - Fairview (CD 7),147,273,9,3,432,0
Precinct,703 - Fairview (CD 1),53,104,5,2,164,0
Precinct,704 - Gayle (CD 7),251,456,21,4,732,0
Precinct,704 - Gayle (CD 1),20,92,6,0,118,0
Precinct,Ab - Central Absentee Precinct (CD 1),8231,5134,186,44,13595,0
Precinct,Ab - Central Absentee Precinct (CD 7),18598,15863,469,123,35053,0
Precinct,Provisional (CD 1),2,2,0,0,4,0
Precinct,Provisional (CD 7),2,2,0,0,4,0
Locality,Stafford County,40245,37636,1376,368,79625,0
Precinct,101 - Hartwood,351,1618,45,7,2021,0
Precinct,102 - Rocky Run,265,523,25,8,821,0
Precinct,103 - Simpson,240,649,24,7,920,0
Precinct,104 - College,423,1017,42,18,1500,0
Precinct,201 - Rock Hill,359,661,31,5,1056,0
Precinct,202 - Roseville,382,715,25,8,1130,0
Precinct,203 - Ruby,242,946,31,5,1224,0
Precinct,204 - Stefaniga,313,714,14,6,1047,0
Precinct,301 - Griffis,443,326,14,4,787,0
Precinct,302 - Widewater,513,748,24,8,1293,0
Precinct,303 - Harbour,298,580,26,8,912,0
Precinct,304 - Barrett,274,327,12,1,614,0
Precinct,401 - Aquia,224,136,10,2,372,0
Precinct,402 - Courthouse,544,536,31,4,1115,0
Precinct,403 - Brooke,357,944,34,7,1342,0
Precinct,404 - Government Island,392,729,34,8,1163,0
Precinct,501 - Grafton,360,989,27,5,1381,0
Precinct,502 - Falmouth,333,635,24,12,1004,0
Precinct,503 - Drew,366,735,37,4,1142,0
Precinct,504 - Gayle,356,317,7,4,684,0
Precinct,601 - Ferry Farm,239,721,27,6,993,0
Precinct,602 - Chatham,377,807,29,5,1218,0
Precinct,603 - White Oak,307,1238,37,6,1588,0
Precinct,604 - England Run,430,326,17,3,776,0
Precinct,701 - Woodlands,492,783,24,8,1307,0
Precinct,702 - Whitson,491,476,22,6,995,0
Precinct,703 - Hampton,439,808,23,9,1279,0
Precinct,Ab - Central Absentee Precinct,30218,18509,674,190,49591,0
Precinct,Provisional,217,123,6,4,350,0
Locality,Staunton City,6981,5695,249,65,12990,0
Precinct,101 - Ward No 1,285,626,23,4,938,0
Precinct,201 - Ward No 2,278,707,37,6,1028,0
Precinct,301 - Ward No 3,198,520,30,2,750,0
Precinct,401 - Ward No 4,174,417,15,2,608,0
Precinct,501 - Ward No 5,223,346,20,8,597,0
Precinct,Ab - Central Absentee Precinct,5813,3053,121,43,9030,0
Precinct,Provisional,10,26,3,0,39,0
Locality,Suffolk City,28676,20082,724,160,49642,0
Precinct,101 - Belleharbour (CD 3),329,238,13,4,584,0
Precinct,102 - Driver (CD 3),317,1079,38,7,1441,0
Precinct,104 - Bennetts Creek (CD 3),327,564,31,5,927,0
Precinct,201 - Ebenezer (CD 3),210,728,11,2,951,0
Precinct,202 - Chuckatuck (CD 3),205,601,11,5,822,0
Precinct,203 - Kings Fork (CD 3),336,339,14,2,691,0
Precinct,204 - Hillpoint (CD 3),317,365,10,6,698,0
Precinct,301 - White Marsh (CD 4),93,104,6,1,204,0
Precinct,302 - John F Kennedy (CD 4),303,29,7,2,341,0
Precinct,302 - John F Kennedy (CD 3),241,155,6,4,406,0
Precinct,304 - Nansemond River (CD 3),327,382,21,4,734,0
Precinct,305 - Shoulders Hill (CD 3),123,192,9,0,324,0
Precinct,401 - Airport (CD 4),101,355,11,2,469,0
Precinct,402 - Whaleyville (CD 4),147,654,8,3,812,0
Precinct,403 - Southside (CD 4),315,48,6,2,371,0
Precinct,404 - Booker T Washington (CD 4),304,22,5,0,331,0
Precinct,404 - Booker T Washington (CD 3),176,19,3,0,198,0
Precinct,405 - Pittmantown (CD 4),77,205,3,1,286,0
Precinct,501 - Kilbys Mill (CD 4),210,649,14,1,874,0
Precinct,502 - Holland (CD 4),269,929,20,3,1221,0
Precinct,504 - Lake Cohoon (CD 4),162,634,13,2,811,0
Precinct,504 - Lake Cohoon (CD 3),37,168,1,1,207,0
Precinct,601 - Lakeside (CD 4),360,332,12,2,706,0
Precinct,602 - Olde Towne (CD 4),3,0,2,0,5,0
Precinct,602 - Olde Towne (CD 3),158,90,6,1,255,0
Precinct,603 - Elephants Fork/westhaven (CD 4),99,171,9,2,281,0
Precinct,604 - Wilroy (CD 3),156,346,19,7,528,0
Precinct,605 - Hollywood (CD 3),324,18,2,1,345,0
Precinct,702 - Harbourview (CD 3),349,495,18,2,864,0
Precinct,704 - Burbage Grant (CD 3),454,417,35,9,915,0
Precinct,706 - Huntersville (CD 3),728,204,16,5,953,0
Precinct,AB - Central Absentee Precinct (CD 3),14467,5931,244,43,20685,0
Precinct,Ab - Central Absentee Precinct (CD 4),6455,3543,99,30,10127,0
Precinct,Provisional (CD 3),142,49,1,0,192,0
Precinct,Provisional (CD 4),55,27,0,1,83,0
Locality,Surry County,2397,2025,40,9,4471,0
Precinct,101 - Surry,63,210,6,2,281,0
Precinct,201 - Bacons Castle,133,227,7,0,367,0
Precinct,301 - Dendron,96,137,1,0,234,0
Precinct,302 - Walls Bridge,67,131,1,1,200,0
Precinct,401 - Carsley,151,203,4,0,358,0
Precinct,501 - Claremont,97,208,2,1,308,0
Precinct,502 - Spring Grove,67,22,2,1,92,0
Precinct,AB - Central Absentee Precinct,1722,885,17,4,2628,0
Precinct,Provisional,1,2,0,0,3,0
Locality,Sussex County,2827,2219,35,7,5088,0
Precinct,101 - Waverly,332,101,4,0,437,0
Precinct,201 - Stony Creek,166,143,1,2,312,0
Precinct,202 - Little Mill,62,53,0,0,115,0
Precinct,301 - Courthouse,64,242,1,0,307,0
Precinct,302 - Wakefield,19,125,0,1,145,0
Precinct,401 - Mars Hill,259,193,7,1,460,0
Precinct,402 - West Wakefield,45,12,0,0,57,0
Precinct,501 - Henry,198,145,0,0,343,0
Precinct,502 - Yale,66,73,3,0,142,0
Precinct,601 - Blackwater,90,201,1,0,292,0
Precinct,602 - Newville,56,130,3,1,190,0
Precinct,AB - Central Absentee Precinct,1470,801,15,2,2288,0
Precinct,Provisional,0,0,0,0,0,0
Locality,Tazewell County,3205,16731,159,39,20134,0
Precinct,101 - Indian Valley,40,444,2,0,486,0
Precinct,102 - Tip Top,21,224,1,0,246,0
Precinct,103 - Mundy Town,34,449,4,0,487,0
Precinct,104 - Falls Mills,40,386,2,1,429,0
Precinct,106 - Pocahontas,27,157,2,0,186,0
Precinct,107 - Amonate,7,55,2,0,64,0
Precinct,109 - Bishop,7,120,1,0,128,0
Precinct,112 - Bandy,9,148,1,0,158,0
Precinct,203 - Burkes Garden,10,83,0,0,93,0
Precinct,204 - Clear Fork,18,302,0,0,320,0
Precinct,207 - Freestone,27,112,2,0,141,0
Precinct,209 - Jeffersonville,110,824,0,3,937,0
Precinct,214 - Thompson Valley,28,306,1,0,335,0
Precinct,301 - Cedar Bluff,72,883,6,1,962,0
Precinct,302 - Baptist Valley,32,231,0,3,266,0
Precinct,303 - Paint Lick,59,674,6,2,741,0
Precinct,401 - Richlands,175,1581,29,4,1789,0
Precinct,402 - Jewell Ridge,20,195,0,0,215,0
Precinct,501 - Springville,44,665,7,1,717,0
Precinct,502 - Graham,192,1174,19,4,1389,0
Precinct,Ab - Central Absentee Precinct,2219,7682,72,20,9993,0
Precinct,Provisional,14,36,2,0,52,0
Locality,Virginia Beach City,117393,105087,4208,873,227561,0
Precinct,1 - North Beach,323,929,12,6,1270,0
Precinct,2 - South Beach,448,684,32,5,1169,0
Precinct,3 - Ocean Lakes,276,551,23,1,851,0
Precinct,4 - Linkhorn,266,642,17,4,929,0
Precinct,5 - Seatack,494,535,29,1,1059,0
Precinct,6 - Alanton,218,603,14,5,840,0
Precinct,7 - Kingston,231,523,17,6,777,0
Precinct,8 - London Bridge,463,761,36,11,1271,0
Precinct,9 - Trantwood,205,607,9,9,830,0
Precinct,10 - Great Neck,146,602,22,5,775,0
Precinct,11 - Cape Henry,317,679,19,5,1020,0
Precinct,12 - Plaza,534,584,42,6,1166,0
Precinct,13 - Mt Trashmore,461,802,47,8,1318,0
Precinct,14 - Malibu,440,847,43,5,1335,0
Precinct,15 - Old Donation,321,526,38,10,895,0
Precinct,16 - Aragona,516,866,49,7,1438,0
Precinct,17 - Ocean Park,143,394,22,3,562,0
Precinct,18 - Thoroughgood,262,625,19,8,914,0
Precinct,19 - Lake Smith,202,460,21,2,685,0
Precinct,20 - Bayside,273,561,16,2,852,0
Precinct,21 - Davis Corner,575,283,24,9,891,0
Precinct,22 - Point O View,329,643,34,3,1009,0
Precinct,23 - Arrowhead,421,821,38,5,1285,0
Precinct,24 - Larkspur,337,452,25,4,818,0
Precinct,25 - Avalon,534,902,31,3,1470,0
Precinct,26 - Fairfield,272,625,25,1,923,0
Precinct,27 - Edwin,306,692,28,8,1034,0
Precinct,28 - Thalia,292,570,23,6,891,0
Precinct,29 - Holland,515,503,29,1,1048,0
Precinct,30 - Red Wing,211,508,23,3,745,0
Precinct,31 - Sigma,269,977,14,7,1267,0
Precinct,32 - Creeds,163,763,15,4,945,0
Precinct,33 - Capps Shop,127,800,13,1,941,0
Precinct,34 - Blackwater,103,514,8,1,626,0
Precinct,35 - Courthouse,145,529,10,2,686,0
Precinct,36 - Windsor Oaks,558,621,26,9,1214,0
Precinct,37 - Chesapeake Beach,334,520,32,6,892,0
Precinct,38 - Witchduck,205,621,22,5,853,0
Precinct,39 - Pembroke,500,681,42,6,1229,0
Precinct,40 - Bonney,440,603,34,1,1078,0
Precinct,41 - College Park,730,360,23,9,1122,0
Precinct,42 - Brandon,452,618,36,7,1113,0
Precinct,43 - Bellamy,519,442,30,5,996,0
Precinct,44 - Centerville,410,752,30,4,1196,0
Precinct,45 - Timberlake,545,388,22,5,960,0
Precinct,46 - Green Run,465,419,19,2,905,0
Precinct,47 - Kings Grant,304,882,21,12,1219,0
Precinct,48 - Wolfsnare,317,642,26,2,987,0
Precinct,49 - Lynnhaven,225,570,13,2,810,0
Precinct,50 - Oceana,454,348,19,3,824,0
Precinct,51 - Stratford Chase,301,569,43,5,918,0
Precinct,52 - Homestead,408,675,35,5,1123,0
Precinct,53 - Shannon,266,510,26,4,806,0
Precinct,54 - Cromwell,290,404,25,4,723,0
Precinct,55 - Magic Hollow,604,501,41,5,1151,0
Precinct,56 - Edinburgh,225,433,9,3,670,0
Precinct,57 - Sherry Park,223,462,13,3,701,0
Precinct,58 - Glenwood,405,662,31,4,1102,0
Precinct,59 - Shelton Park,309,464,27,6,806,0
Precinct,60 - Foxfire,279,969,26,7,1281,0
Precinct,61 - Baker,833,200,29,2,1064,0
Precinct,62 - Landstown,401,814,20,4,1239,0
Precinct,63 - Culver,395,892,40,5,1332,0
Precinct,64 - Rosemont Forest,334,537,31,5,907,0
Precinct,65 - Colonial,441,662,21,8,1132,0
Precinct,66 - Hunt,247,718,28,4,997,0
Precinct,67 - Eastern Shore,309,309,8,4,630,0
Precinct,68 - Manor,337,655,28,4,1024,0
Precinct,69 - Shell,378,249,18,3,648,0
Precinct,70 - Corporate Landing,440,752,39,4,1235,0
Precinct,71 - Round Hill,203,309,16,2,530,0
Precinct,72 - Rudee,242,734,25,6,1007,0
Precinct,73 - Dahlia,455,399,33,8,895,0
Precinct,74 - Buckner,424,391,22,8,845,0
Precinct,75 - Colony,231,758,25,2,1016,0
Precinct,76 - Village,512,359,37,7,915,0
Precinct,77 - Brookwood,445,640,36,4,1125,0
Precinct,78 - Indian Lakes,322,467,34,9,832,0
Precinct,79 - Pleasant Hall,506,365,21,6,898,0
Precinct,80 - Chimney Hill,498,386,25,10,919,0
Precinct,81 - Rock Lake,438,572,28,2,1040,0
Precinct,82 - Shelburne,269,652,13,3,937,0
Precinct,83 - Strawbridge,361,881,28,7,1277,0
Precinct,84 - Tallwood,463,472,22,6,963,0
Precinct,85 - Upton,309,879,33,6,1227,0
Precinct,86 - Haygood,244,547,16,4,811,0
Precinct,87 - Hillcrest,242,560,20,5,827,0
Precinct,88 - North Landing,282,600,21,6,909,0
Precinct,89 - Lake Christopher,273,611,20,5,909,0
Precinct,90 - Lake Joyce,217,486,23,5,731,0
Precinct,91 - Lexington,446,446,24,1,917,0
Precinct,92 - Little Neck,282,637,29,3,951,0
Precinct,93 - Newtown,765,182,25,3,975,0
Precinct,94 - Pinewood,230,376,14,3,623,0
Precinct,95 - Dam Neck,229,521,19,2,771,0
Precinct,96 - Hilltop,421,356,22,4,803,0
Precinct,97 - Indian River,419,440,22,4,885,0
Precinct,98 - Independence,287,236,24,3,550,0
Precinct,99 - Salem Woods,276,318,19,4,617,0
Precinct,100 - Sandbridge,119,480,7,1,607,0
Precinct,Ab - Central Absentee Precinct,81003,47179,1665,397,130244,0
Precinct,Provisional,959,581,40,3,1583,0
Locality,Warren County,6603,14069,365,110,21147,0
Precinct,101 - Fork Town,140,423,11,1,575,0
Precinct,102 - Otterburn,143,1085,25,4,1257,0
Precinct,201 - Happy Creek,158,728,16,6,908,0
Precinct,202 - Linden,222,816,44,5,1087,0
Precinct,301 - North River,148,545,20,2,715,0
Precinct,302 - Riverton,134,837,17,3,991,0
Precinct,401 - East Shenandoah,213,1232,31,16,1492,0
Precinct,402 - Town - West Shenandoah,101,421,12,2,536,0
Precinct,501 - South River,208,813,13,6,1040,0
Precinct,502 - Bentonville,70,481,13,3,567,0
Precinct,504 - Browntown,68,356,5,2,431,0
Precinct,Ab - Central Absentee Precinct,4959,6296,155,59,11469,0
Precinct,Provisional,39,36,3,1,79,0
Locality,Washington County,6617,21679,304,85,28685,0
Precinct,101 - East Abingdon,137,689,17,3,846,0
Precinct,102 - West Abingdon,71,324,10,4,409,0
Precinct,201 - Clinchburg,54,514,9,2,579,0
Precinct,202 - Greendale,46,617,6,0,669,0
Precinct,203 - Hayters Gap,31,321,3,3,358,0
Precinct,204 Woodland Hills,50,383,7,1,441,0
Precinct,301 - Watauga,85,676,4,4,769,0
Precinct,302 - South Abingdon,83,433,17,1,534,0
Precinct,401 - Glade Spring,117,793,16,2,928,0
Precinct,402 - Meadowview,131,877,14,2,1024,0
Precinct,501 - Rhea Valley,151,1175,15,5,1346,0
Precinct,502 - Damascus,84,503,8,0,595,0
Precinct,504 - Green Cove,14,132,0,0,146,0
Precinct,601 - Burson Place,87,991,12,2,1092,0
Precinct,602 - Mendota,27,240,3,2,272,0
Precinct,603 - Valley Institute,92,745,6,1,844,0
Precinct,701 - High Point,68,619,6,1,694,0
Precinct,702 - Wallace,42,392,4,0,438,0
Precinct,703 - John Battle,110,627,8,2,747,0
Precinct,Ab - Central Absentee Precinct,5122,10595,137,50,15904,0
Precinct,Provisional,15,33,2,0,50,0
Locality,Waynesboro City,4961,5507,209,40,10717,0
Precinct,1 - Ward A,258,539,26,1,824,0
Precinct,2 - Ward B,268,679,28,10,985,0
Precinct,3 - Ward C,321,618,24,4,967,0
Precinct,4 - Ward D,286,784,31,4,1105,0
Precinct,Ab - Central Absentee Precinct,3799,2866,98,21,6784,0
Precinct,Provisional,29,21,2,0,52,0
Locality,Westmoreland County,4501,5318,90,24,9933,0
Precinct,101 - Precinct 1-1,238,203,3,0,444,0
Precinct,102 - Precinct 1-2,108,125,5,0,238,0
Precinct,201 - Precinct 2-1,196,289,2,1,488,0
Precinct,202 - Precinct 2-2,67,307,4,1,379,0
Precinct,301 - Precinct 3-1,121,270,4,4,399,0
Precinct,302 - Precinct 3-2,144,324,3,0,471,0
Precinct,401 - Precinct 4-1,211,921,13,2,1147,0
Precinct,501 - Precinct 5-1,290,721,26,4,1041,0
Precinct,Ab - Central Absentee Precinct,3086,2125,30,11,5252,0
Precinct,Provisional,40,33,0,1,74,0
Locality,Williamsburg City,4790,1963,92,38,6883,0
Precinct,1 - Stryker,422,401,22,7,852,0
Precinct,2 - Matoaka,299,214,15,6,534,0
Precinct,Ab - Central Absentee Precinct,4035,1341,54,25,5455,0
Precinct,Provisional,34,7,1,0,42,0
Locality,Winchester City,6610,5221,213,62,12106,0
Precinct,101 - Merrimans,208,432,11,4,655,0
Precinct,102 - Old Town,154,306,19,8,487,0
Precinct,201 - Virginia Avenue,363,376,25,1,765,0
Precinct,301 - War Memorial,329,487,18,2,836,0
Precinct,401 - Frederick Douglass,189,287,15,2,493,0
Precinct,402 - Rolling Hills,223,482,15,5,725,0
Precinct,AB - Central Absentee Precinct,5093,2825,107,40,8065,0
Precinct,Provisional,51,26,3,0,80,0
Locality,Wise County,3110,13366,108,31,16615,0
Precinct,101 - Appalachia,91,468,1,1,561,0
Precinct,102 - Dorchester,64,318,2,0,384,0
Precinct,103 - Guest River Voting Place,61,304,1,1,367,0
Precinct,104 - West Pound,91,888,7,0,986,0
Precinct,201 - North Coeburn,56,425,3,0,484,0
Precinct,202 - Wise,147,769,12,5,933,0
Precinct,203 - East Pound,24,212,2,0,238,0
Precinct,301 - Big Stone Gap,104,514,5,2,625,0
Precinct,302 - East Stone Gap,89,757,9,7,862,0
Precinct,401 - Clinch Valley,47,408,4,0,459,0
Precinct,402 - South Coeburn,74,902,3,2,981,0
Precinct,403 - St Paul,78,390,7,0,475,0
Precinct,Ab - Central Absentee Precinct,2172,6984,51,13,9220,0
Precinct,Provisional,12,27,1,0,40,0
Locality,Wythe County,3143,11733,170,26,15072,0
Precinct,101 - Royal Oak,39,274,2,0,315,0
Precinct,102 - Rural Retreat,146,1205,14,1,1366,0
Precinct,203 - West Wytheville,181,785,13,2,981,0
Precinct,303 - East Wytheville,195,802,22,1,1020,0
Precinct,401 - Fort Chiswell,96,743,7,2,848,0
Precinct,402 - Max Meadows,85,799,11,1,896,0
Precinct,501 - Jackson Memorial,76,683,2,0,761,0
Precinct,502 - Sheffey,95,895,11,4,1005,0
Precinct,601 - Huddle,34,446,4,0,484,0
Precinct,602 - Zion,69,674,11,0,754,0
Precinct,603 Evergreen,62,445,11,2,520,0
Precinct,Ab - Central Absentee Precinct,2065,3982,62,13,6122,0
Precinct,Provisional,0,0,0,0,0,0
Locality,York County,17683,20241,680,183,38787,0
Precinct,101 - Queens Lake,222,413,20,0,655,0
Precinct,102 - Waller Mill,212,517,23,7,759,0
Precinct,103 - Magruder,470,618,35,6,1129,0
Precinct,201 - Coventry,331,654,34,6,1025,0
Precinct,202 - Kiln Creek,176,362,12,2,552,0
Precinct,301 - Seaford,203,1090,25,12,1330,0
Precinct,302 - Yorktown,126,437,16,6,585,0
Precinct,303 - Edgehill,315,544,17,9,885,0
Precinct,401 - Harwoods Mill,132,541,27,2,702,0
Precinct,402 - Dare,158,585,17,6,766,0
Precinct,403 - Grafton,93,285,15,0,393,0
Precinct,501 - Tabb,196,643,29,8,876,0
Precinct,502 - Bethel,279,597,35,5,916,0
Precinct,Ab - Central Absentee Precinct,14654,12902,374,114,28044,0
Precinct,Provisional,116,53,1,0,170,0
