,,Mark Robert Warner,Edward Walter Gillespie,Robert Christopher Sarvis,Write-Ins,Total Votes Cast,Undervotes
,,Democratic,Republican,Libertarian,,,
State,Virginia,1073667,1055940,53102,1811,2184520,0
Precinct,Ab - Central Absentee Precinct (CD 3),1075,156,25,1,1257,0
Precinct,Ab - Central Absentee Precinct (CD 7),254,265,6,1,526,0
Locality,Accomack County,4137,5259,256,6,9658,0
Precinct,101 - Chincoteague,353,769,18,0,1140,0
Precinct,201 - Atlantic,148,351,13,0,512,0
Precinct,202 - Greenbackville,174,389,20,2,585,0
Precinct,301 - Oak Hall,337,325,10,0,672,0
Precinct,401 - Bloxom,83,201,9,1,294,0
Precinct,402 - Parksley,151,332,23,1,507,0
Precinct,403 - Saxis,32,79,4,0,115,0
Precinct,501 - Mappsville,203,142,10,0,355,0
Precinct,502 - Rue,227,72,6,0,305,0
Precinct,601 - Accomac,321,428,30,0,779,0
Precinct,602 - Tangier,36,144,1,0,181,0
Precinct,701 - Onancock,416,495,35,1,947,0
Precinct,702 - Onley,206,203,10,0,419,0
Precinct,801 - Bobtown,152,274,17,1,444,0
Precinct,802 - Melfa,271,215,12,0,498,0
Precinct,803 - Wachapreague,115,225,13,0,353,0
Precinct,901 - Painter,669,398,21,0,1088,0
Precinct,Ab - Central Absentee Precinct,243,217,4,0,464,0
Locality,Albemarle County,17924,13930,1170,16,33040,0
Precinct,101 - Woodbrook,708,604,56,1,1369,0
Precinct,103 - Branchlands,291,155,16,0,462,0
Precinct,104 - Agnor-hurt,614,317,36,1,968,0
Precinct,105 - Dunlora,798,478,41,1,1318,0
Precinct,106 - Northside,649,661,45,0,1355,0
Precinct,201 - Jack Jouett,525,430,33,1,989,0
Precinct,202 - University Hall,426,195,42,2,665,0
Precinct,203 - Georgetown,653,259,51,2,965,0
Precinct,204 - Belfield,328,274,21,0,623,0
Precinct,301 - Ivy,1198,814,85,0,2097,0
Precinct,302 - Red Hill,747,526,35,1,1309,0
Precinct,304 - East Ivy,285,247,10,0,542,0
Precinct,305 - Country Green,565,403,34,0,1002,0
Precinct,306 - Porters,368,218,22,0,608,0
Precinct,307 - Yellow Mountain,149,146,21,0,316,0
Precinct,401 - Scottsville,302,355,31,0,688,0
Precinct,402 - Monticello,269,297,27,1,594,0
Precinct,405 - Cale,1166,523,60,0,1749,0
Precinct,406 - Stone Robinson,587,826,42,0,1455,0
Precinct,501 - Keswick,335,270,15,1,621,0
Precinct,502 - Stony Point,359,387,41,0,787,0
Precinct,503 - Hollymead,557,521,42,3,1123,0
Precinct,504 - Free Bridge,1022,674,56,0,1752,0
Precinct,506 - Baker-butler,748,707,55,0,1510,0
Precinct,601 - Crozet,1035,788,75,1,1899,0
Precinct,602 - Free Union,333,318,28,0,679,0
Precinct,603 - Earlysville,731,808,51,0,1590,0
Precinct,604 - Brownsville,1034,902,70,0,2006,0
Precinct,Ab - Central Absentee Precinct,1130,819,29,1,1979,0
Precinct,Provisional,12,8,0,0,20,0
Locality,Alexandria City,29047,11480,859,46,41432,0
Precinct,101 - Ladrey Senior Building,686,347,20,1,1054,0
Precinct,102 - City Hall,775,488,22,4,1289,0
Precinct,103 - Lyles Crouch School,1124,547,35,2,1708,0
Precinct,104 - Durant Center,1254,421,52,0,1727,0
Precinct,105 - Lee Center,1091,442,42,1,1576,0
Precinct,106 - Cora Kelly Center,1177,298,35,1,1511,0
Precinct,107 - Mt Vernon Recreation Center,1567,491,37,3,2098,0
Precinct,108 - George Washington Middle Sch,1463,398,44,5,1910,0
Precinct,109 - Fire Department Headquarters,1236,567,57,1,1861,0
Precinct,201 - Maury School,1071,402,30,5,1508,0
Precinct,202 - George Mason School,1007,547,10,2,1566,0
Precinct,203 - Agudas Achim Synagogue,998,359,29,3,1389,0
Precinct,204 - Blessed Sacrament Church,1003,477,20,0,1500,0
Precinct,205 - Douglas Macarthur School,1122,557,36,1,1716,0
Precinct,206 - Chinquapin Park Recreation Ctr,832,333,18,0,1183,0
Precinct,207 - Temple Beth El Synagogue,1095,573,31,0,1699,0
Precinct,208 - Nova Arts Center,788,303,35,0,1126,0
Precinct,209 - James K Polk School,1154,380,34,0,1568,0
Precinct,210 - St James Church,524,237,9,1,771,0
Precinct,302 - Patrick Henry Rec Center,676,196,16,3,891,0
Precinct,303 - Charles E Beatley Library,945,241,35,0,1221,0
Precinct,304 - Samuel Tucker School,1061,309,32,2,1404,0
Precinct,305 - John Adams School,884,249,28,2,1163,0
Precinct,306 - William Ramsay School,911,226,30,2,1169,0
Precinct,307 - South Port,915,290,30,1,1236,0
Precinct,308 - Cameron Station Community Ctr,964,549,33,1,1547,0
Precinct,Ab - Central Absentee Precinct,2685,1229,59,5,3978,0
Precinct,Provisional,39,24,0,0,63,0
Locality,Alleghany County,2211,1835,105,4,4155,0
Precinct,101 - Arritt,167,158,9,1,335,0
Precinct,103 - Dameron,62,83,4,0,149,0
Precinct,201 - Humpback Bridge,107,108,3,0,218,0
Precinct,202 - Dolly Ann,136,155,11,0,302,0
Precinct,301 - Callaghan,100,118,0,0,218,0
Precinct,302 - Griffith,167,197,14,1,379,0
Precinct,401 - Low Moor,142,116,6,0,264,0
Precinct,402 - Jackson Heights,169,180,10,0,359,0
Precinct,501 - Iron Gate,145,67,3,1,216,0
Precinct,502 - Peters Switch,196,200,6,0,402,0
Precinct,601 - District 1,412,237,15,0,664,0
Precinct,701 - District 2,322,135,23,1,481,0
Precinct,Ab - Central Absentee Precinct,86,81,1,0,168,0
Locality,Amelia County,1377,2588,100,3,4068,0
Precinct,101 - Number One,217,398,17,1,633,0
Precinct,201 - Number Two,288,446,21,0,755,0
Precinct,301 - Number Three,208,551,17,0,776,0
Precinct,401 - Number Four,213,560,25,0,798,0
Precinct,501 - Number Five,353,489,14,2,858,0
Precinct,Ab - Central Absentee Precinct,95,144,6,0,245,0
Precinct,Provisional,3,0,0,0,3,0
Locality,Amherst County,3243,5370,183,2,8798,0
Precinct,101 - Wright Shop,325,219,5,0,549,0
Precinct,102 - New Glasgow,269,415,22,1,707,0
Precinct,103 - Coolwell,79,246,6,0,331,0
Precinct,201 - Court House,504,723,27,0,1254,0
Precinct,202 - Temperance,172,293,0,1,466,0
Precinct,301 - Monroe,177,339,11,0,527,0
Precinct,302 - Elon,347,959,26,0,1332,0
Precinct,303 - Pleasant View,94,200,10,0,304,0
Precinct,401 - Amelon,502,844,26,0,1372,0
Precinct,402 - Lonco,92,186,12,0,290,0
Precinct,501 - Madison,522,777,35,0,1334,0
Precinct,Ab - Central Absentee Precinct,159,166,3,0,328,0
Precinct,Provisional,1,3,0,0,4,0
Locality,Appomattox County,1399,3234,98,5,4736,0
Precinct,101 - Vera,84,256,10,0,350,0
Precinct,102 - Pamplin,205,409,16,1,631,0
Precinct,201 - Chap,88,128,6,0,222,0
Precinct,202 - Spout Spring,185,560,14,0,759,0
Precinct,301 - Us 460,107,317,8,0,432,0
Precinct,302 - Stonewall,138,346,8,0,492,0
Precinct,401 - Courthouse,227,549,19,3,798,0
Precinct,501 - Oakville,203,427,6,0,636,0
Precinct,502 - Agee,85,149,8,1,243,0
Precinct,Ab - Central Absentee Precinct,77,92,3,0,172,0
Precinct,Provisional,0,1,0,0,1,0
Locality,Arlington County,47709,18239,1660,75,67683,0
Precinct,1 - Arlington,680,176,22,2,880,0
Precinct,2 - Ashton Heights,998,293,38,2,1331,0
Precinct,3 - Aurora Hills,646,350,19,1,1016,0
Precinct,4 - Ballston,769,301,40,1,1111,0
Precinct,5 - Barcroft,845,294,31,0,1170,0
Precinct,6 - Crystal City,578,288,29,0,895,0
Precinct,7 - Cherrydale,980,404,31,3,1418,0
Precinct,8 - Hume,884,457,47,4,1392,0
Precinct,9 - Columbia,1099,287,36,5,1427,0
Precinct,10 - Wilson,885,361,37,2,1285,0
Precinct,11 - East Falls Church,766,292,24,0,1082,0
Precinct,12 - Fairlington,975,444,37,0,1456,0
Precinct,13 - Glen Carlyn,666,201,25,3,895,0
Precinct,14 - Clarendon,613,258,31,1,903,0
Precinct,15 - Lyon Park,820,286,27,2,1135,0
Precinct,16 - Lyon Village,874,354,34,0,1262,0
Precinct,17 - Overlee Knolls,1087,421,33,3,1544,0
Precinct,18 - Park Lane,1017,328,51,1,1397,0
Precinct,19 - Rosslyn,903,337,40,0,1280,0
Precinct,20 - Thrifton,1001,532,20,1,1554,0
Precinct,21 - Virginia Highlands,932,476,30,1,1439,0
Precinct,22 - Abingdon,1008,368,45,2,1423,0
Precinct,23 - Westover,966,348,48,2,1364,0
Precinct,24 - Woodlawn,1281,359,37,4,1681,0
Precinct,25 - Arlington Forest,835,261,21,0,1117,0
Precinct,26 - Fillmore,1083,316,44,3,1446,0
Precinct,27 - Jefferson,988,342,40,0,1370,0
Precinct,28 - Claremont,999,263,37,1,1300,0
Precinct,29 - Dominion Hills,1133,376,37,1,1547,0
Precinct,30 - Glebe,888,175,24,2,1089,0
Precinct,31 - Lexington,1103,425,29,3,1560,0
Precinct,32 - Oakridge,372,210,18,1,601,0
Precinct,33 - Rock Spring,1041,515,14,1,1571,0
Precinct,34 - Yorktown,918,386,29,1,1334,0
Precinct,35 - Madison,1038,690,23,2,1753,0
Precinct,36 - Marshall,1016,448,18,1,1483,0
Precinct,37 - Nottingham,905,443,28,1,1377,0
Precinct,38 - Arlington View,742,185,25,0,952,0
Precinct,39 - Ashlawn,611,200,13,1,825,0
Precinct,40 - Virginia Square,727,321,30,3,1081,0
Precinct,41 - Woodbury,717,304,43,2,1066,0
Precinct,42 - Shirlington,657,241,25,0,923,0
Precinct,43 - Arlington Mill,519,104,17,0,640,0
Precinct,44 - Dawson Terrace,610,191,26,0,827,0
Precinct,45 - Buckingham,682,211,21,0,914,0
Precinct,46 - Central,735,359,47,2,1143,0
Precinct,47 - Four Mile Run,623,187,18,0,828,0
Precinct,48 - Courtlands,592,292,36,0,920,0
Precinct,49 - Monroe,481,147,25,0,653,0
Precinct,50 - Crystal Plaza,519,308,29,1,857,0
Precinct,51 - Taylor,231,97,2,0,330,0
Precinct,52 - Gunston,431,208,30,2,671,0
Precinct,Ab - Central Absentee Precinct,5182,1804,97,7,7090,0
Precinct,Provisional,58,15,2,0,75,0
Locality,Augusta County,5153,14011,544,26,19734,0
Precinct,101 - Jolivue,155,314,14,0,483,0
Precinct,102 - Stuarts Draft Elementary,164,372,16,1,553,0
Precinct,103 - Verona,255,624,21,0,900,0
Precinct,201 - Crimora,223,758,17,1,999,0
Precinct,202 - New Hope,170,496,16,1,683,0
Precinct,203 - Weyers Cave,239,761,26,0,1026,0
Precinct,301 - Fort Defiance,433,1120,50,6,1609,0
Precinct,302 - North River,94,292,8,1,395,0
Precinct,303 - Mount Solon,98,449,20,1,568,0
Precinct,304 - Churchville Fire Station,94,379,11,0,484,0
Precinct,401 - Buffalo Gap,142,431,17,1,591,0
Precinct,402 - Churchville Elementary,128,426,18,0,572,0
Precinct,403 - Craigsville,77,212,6,0,295,0
Precinct,404 - Deerfield,38,127,5,0,170,0
Precinct,405 - Cedar Green,222,474,27,7,730,0
Precinct,501 - Greenville,206,661,18,1,886,0
Precinct,502 - Middlebrook,137,355,13,0,505,0
Precinct,503 - Spottswood,121,345,14,0,480,0
Precinct,504 - White Hill,223,650,21,2,896,0
Precinct,601 - Sherando,173,438,16,1,628,0
Precinct,602 - Stuarts Draft Rescue,379,1042,46,1,1468,0
Precinct,603 - Lyndhurst,266,726,31,0,1023,0
Precinct,801 - Dooms,173,505,20,0,698,0
Precinct,802 - Fishersville,429,922,51,0,1402,0
Precinct,803 - Wilson,310,624,27,1,962,0
Precinct,Ab - Central Absentee Precinct,202,505,15,1,723,0
Precinct,Provisional,2,3,0,0,5,0
Locality,Bath County,489,638,44,0,1171,0
Precinct,101 - Warm Springs,92,111,7,0,210,0
Precinct,102 - Mountain Grove,14,31,2,0,47,0
Precinct,201 - Hot Springs,107,68,8,0,183,0
Precinct,301 - Fairview,43,110,6,0,159,0
Precinct,302 - Burnsville,18,29,2,0,49,0
Precinct,401 - Millboro,99,141,6,0,246,0
Precinct,501 - Healing Springs,93,128,9,0,230,0
Precinct,Ab - Central Absentee Precinct,23,20,4,0,47,0
Locality,Bedford County,6855,17280,568,8,24711,0
Precinct,101 - Goodview Elem School (CD 5),245,689,38,0,972,0
Precinct,102 - Hardy Vol Fire Co (CD 5),163,282,12,0,457,0
Precinct,103 - Chamblissburg Baptist Church (CD 5),192,455,17,0,664,0
Precinct,104 - Stewartsville Rescue Squad (CD 5),208,422,24,0,654,0
Precinct,201 - Bedford Christian Church (CD 5),110,269,8,1,388,0
Precinct,202 - Staunton River High School (CD 5),153,311,14,1,479,0
Precinct,203 - Moneta Elem School (CD 5),304,717,20,0,1041,0
Precinct,204 - Body Camp Elem School (CD 5),105,181,10,0,296,0
Precinct,205 - Saunders Vol Fire Co (CD 5),285,612,10,0,907,0
Precinct,301 - New London Academy (CD 6),332,1335,38,3,1708,0
Precinct,302 - Bedford Regional Water Auth (CD 5),218,496,12,0,726,0
Precinct,303 - Bethesda United Methodist Church (CD 5),115,355,2,0,472,0
Precinct,304 - Forest Youth Athletic Assoc (CD 6),124,400,7,0,531,0
Precinct,305 - Huddleston Elem School (CD 5),95,265,7,0,367,0
Precinct,401 - Forest Elementary School (CD 6),240,842,16,0,1098,0
Precinct,402 - Thomas Jefferson Elem School (CD 6),169,521,12,0,702,0
Precinct,403 - Knights Of Columbus Bldg (CD 6),372,980,28,1,1381,0
Precinct,404 - St. Paul Baptist Church (CD 6),253,869,14,1,1137,0
Precinct,502 - Big Island Elem School (CD 6),116,169,12,0,297,0
Precinct,503 - Sedalia Center (CD 6),94,239,12,0,345,0
Precinct,504 - Suck Springs Baptist Church (CD 6),169,404,9,1,583,0
Precinct,505 - Boonsboro Elementary School (CD 6),334,798,29,0,1161,0
Precinct,506 - Boonsboro Ruritan Club (CD 6),342,1075,32,0,1449,0
Precinct,601 - Montvale Elem School (CD 6),200,493,25,0,718,0
Precinct,602 - Shady Grove Fire Department (CD 5),196,485,26,0,707,0
Precinct,603 - Thaxton Community Center (CD 5),57,113,9,0,179,0
Precinct,604 - Bedford Welcome Center (CD 5),378,628,35,0,1041,0
Precinct,701 - Goode Vol Rescue Squad (CD 5),215,894,9,0,1118,0
Precinct,702 - Liberty High School (CD 5),175,419,8,0,602,0
Precinct,703 - Thaxton Elem School (CD 5),131,275,14,0,420,0
Precinct,704 - Bedford Central Library (CD 5),420,610,36,0,1066,0
Precinct,Ab - Central Absentee Precinct (CD 5),216,359,20,0,595,0
Precinct,Ab - Central Absentee Precinct (CD 6),125,311,3,0,439,0
Precinct,Provisional (CD 5),4,4,0,0,8,0
Precinct,Provisional (CD 6),0,3,0,0,3,0
Locality,Bland County,514,1266,38,2,1820,0
Precinct,101 - Bastian,62,157,2,1,222,0
Precinct,102 - Ceres,73,158,8,0,239,0
Precinct,201 - Davis,30,45,1,0,76,0
Precinct,202 - Seddon,150,309,15,0,474,0
Precinct,301 - Hollybrook,47,155,4,0,206,0
Precinct,302 - Mechanicsburg,28,65,2,0,95,0
Precinct,401 - Rocky Gap,103,336,6,1,446,0
Precinct,Ab - Central Absentee Precinct,21,41,0,0,62,0
Locality,Botetourt County,3488,7296,285,8,11077,0
Precinct,101 - Amsterdam,391,699,26,0,1116,0
Precinct,102 - Asbury,363,900,26,1,1290,0
Precinct,201 - Blue Ridge,296,757,27,1,1081,0
Precinct,202 - Rainbow Forest,324,794,26,1,1145,0
Precinct,301 - Buchanan,206,367,19,0,592,0
Precinct,302 - Mill Creek,181,394,18,1,594,0
Precinct,303 - Roaring Run,61,127,12,0,200,0
Precinct,304 - Springwood,121,282,6,1,410,0
Precinct,402 - Courthouse,204,335,23,1,563,0
Precinct,403 - Eagle Rock,137,213,10,0,360,0
Precinct,404 - Glen Wilton,92,140,4,0,236,0
Precinct,405 - Oriskany,11,29,3,0,43,0
Precinct,406 - Town Hall,216,505,20,0,741,0
Precinct,501 - Coyner Springs,166,313,16,1,496,0
Precinct,502 - Cloverdale,437,841,25,1,1304,0
Precinct,503 - Troutville,120,247,15,0,382,0
Precinct,Ab - Central Absentee Precinct,160,350,9,0,519,0
Precinct,Provisional,2,3,0,0,5,0
Locality,Bristol City,1294,2445,64,4,3807,0
Precinct,1 - First Ward,213,396,13,0,622,0
Precinct,2 - Second Ward,347,618,16,2,983,0
Precinct,3 - Third Ward,213,274,11,1,499,0
Precinct,4 - Fourth Ward,431,1073,22,1,1527,0
Precinct,Ab - Central Absentee Precinct,88,83,2,0,173,0
Precinct,Provisional,2,1,0,0,3,0
Locality,Brunswick County,2675,1692,48,0,4415,0
Precinct,101 - Brodnax,121,100,5,0,226,0
Precinct,102 - Rock Store,136,175,4,0,315,0
Precinct,103 - Tillman,135,246,5,0,386,0
Precinct,201 - Dromgoole,90,62,3,0,155,0
Precinct,202 - Edgerton,283,77,1,0,361,0
Precinct,203 - Fitzhugh,225,87,2,0,314,0
Precinct,301 - Alberta,49,49,2,0,100,0
Precinct,302 - Danieltown,227,174,7,0,408,0
Precinct,303 - Elmore,109,88,4,0,201,0
Precinct,304 - Seymour,94,51,0,0,145,0
Precinct,401 - Sturgeon,388,227,3,0,618,0
Precinct,402 - King's Store,179,56,1,0,236,0
Precinct,501 - Totaro,496,158,6,0,660,0
Precinct,Ab - Central Absentee Precinct,132,142,5,0,279,0
Precinct,Provisional,11,0,0,0,11,0
Locality,Buchanan County,1794,2794,43,4,4635,0
Precinct,102 - Blackey,50,143,3,0,196,0
Precinct,103 - Hurley,91,280,2,0,373,0
Precinct,201 - Grassy,41,26,0,0,67,0
Precinct,202 - Bull,98,156,2,0,256,0
Precinct,203 - Rocklick,82,164,4,0,250,0
Precinct,301 - Slate,131,197,3,1,332,0
Precinct,302 - North Grundy,96,189,8,0,293,0
Precinct,403 - South Grundy,162,326,8,1,497,0
Precinct,404 - Oakwood,11,31,0,0,42,0
Precinct,501 - Prater,175,131,1,1,308,0
Precinct,502 - Fox,70,34,0,0,104,0
Precinct,503 - Vansant,135,202,1,0,338,0
Precinct,601 - Council,73,106,2,0,181,0
Precinct,602 - Garden,104,188,2,0,294,0
Precinct,603 - Hurricane,91,92,1,1,185,0
Precinct,701 - Whitewood,150,205,4,0,359,0
Precinct,702 - Contrary,90,170,2,0,262,0
Precinct,Ab - Central Absentee Precinct,144,154,0,0,298,0
Precinct,Provisional,0,0,0,0,0,0
Locality,Buckingham County,1785,2015,105,5,3910,0
Precinct,101 - New Canton,235,248,19,0,502,0
Precinct,102 - Georgia Creek,59,83,5,0,147,0
Precinct,201 - White Hall,173,162,9,0,344,0
Precinct,301 - Curdsville,157,233,12,0,402,0
Precinct,302 - New Store,79,221,5,1,306,0
Precinct,401 - Maysville,248,318,7,3,576,0
Precinct,501 - Wrights,92,150,8,0,250,0
Precinct,502 - Glenmore,194,152,9,0,355,0
Precinct,601 - Slate River,300,178,21,0,499,0
Precinct,701 - Gold Hill,174,180,8,1,363,0
Precinct,Ab - Central Absentee Precinct,72,89,2,0,163,0
Precinct,Provisional,2,1,0,0,3,0
Locality,Buena Vista City,475,692,38,1,1206,0
Precinct,1 - First Ward,268,379,21,1,669,0
Precinct,2 - Second Ward,207,313,17,0,537,0
Precinct,Provisional,0,0,0,0,0,0
Locality,Campbell County,4428,10761,291,15,15495,0
Precinct,101 - Brookville,343,1027,28,2,1400,0
Precinct,102 - New London,275,875,22,2,1174,0
Precinct,201 - Walker,230,694,23,0,947,0
Precinct,202 - Bedford Springs,321,993,23,2,1339,0
Precinct,301 - Evington,141,305,9,2,457,0
Precinct,302 - Otter River,139,269,14,0,422,0
Precinct,303 - Altavista,469,644,18,1,1132,0
Precinct,401 - Three Forks,189,601,16,0,806,0
Precinct,402 - Court House,388,957,26,1,1372,0
Precinct,501 - Spring Hill,253,1006,21,1,1281,0
Precinct,502 - Yellow Branch,264,460,8,0,732,0
Precinct,601 - Kings,234,567,18,2,821,0
Precinct,602 - Concord,361,881,28,0,1270,0
Precinct,701 - Brookneal,211,405,9,0,625,0
Precinct,702 - Gladys,303,546,11,1,861,0
Precinct,703 - Morris Church,137,257,6,0,400,0
Precinct,AB - Central Absentee Precinct,170,271,11,1,453,0
Precinct,Provisional,0,3,0,0,3,0
Locality,Caroline County,3879,3517,174,6,7576,0
Precinct,101 - Bowling Green,266,431,16,1,714,0
Precinct,102 - Sparta,246,280,7,1,534,0
Precinct,201 - North Madison,257,241,8,1,507,0
Precinct,202 - South Madison,321,341,18,0,680,0
Precinct,301 - Port Royal,152,190,9,0,351,0
Precinct,302 - Woodford,416,361,12,0,789,0
Precinct,401 - Dawn,691,351,11,1,1054,0
Precinct,402 - Carmel Church,247,107,9,0,363,0
Precinct,501 - West Mattaponi,391,268,15,0,674,0
Precinct,502 - Milford,263,270,11,0,544,0
Precinct,601 - Chilesburg,290,275,27,1,593,0
Precinct,602 - Lake,177,233,19,1,430,0
Precinct,Ab - Central Absentee Precinct,161,167,12,0,340,0
Precinct,Provisional,1,2,0,0,3,0
Locality,Carroll County,2265,4587,194,8,7054,0
Precinct,101 - Mt Bethel,69,154,13,0,236,0
Precinct,102 - St Paul,76,270,9,0,355,0
Precinct,103 - Lambsburg,62,166,4,0,232,0
Precinct,105 - Fancy Gap,109,231,10,0,350,0
Precinct,201 - Hillsville B,313,514,16,1,844,0
Precinct,202 - Laurel Fork,105,183,9,0,297,0
Precinct,203 - Gladesboro,129,242,8,0,379,0
Precinct,301 - Hillsville C,326,515,28,0,869,0
Precinct,302 - Sylvatus,106,201,10,0,317,0
Precinct,303 - Dugspur,47,125,7,2,181,0
Precinct,402 - Woodlawn D,223,378,17,0,618,0
Precinct,403 - Oakland D,99,231,13,1,344,0
Precinct,405 - Oakland A,94,198,10,0,302,0
Precinct,406 - Woodlawn F,28,79,5,0,112,0
Precinct,501 - Vaughan,53,141,7,0,201,0
Precinct,502 - Gladeville,142,382,14,2,540,0
Precinct,503 - Woodlawn E,89,192,5,1,287,0
Precinct,504 - Laurel,74,213,1,0,288,0
Precinct,Ab - Central Absentee Precinct,120,172,8,1,301,0
Precinct,Provisional,1,0,0,0,1,0
Locality,Charles City County,1593,834,48,3,2478,0
Precinct,101 - Precinct 1-1,433,301,14,2,750,0
Precinct,201 - Precinct 2-1,478,196,11,0,685,0
Precinct,301 - Precinct 3-1,553,281,21,1,856,0
Precinct,Ab - Central Absentee Precinct,129,56,2,0,187,0
Locality,Charlotte County,1462,2062,50,0,3574,0
Precinct,101 - County Seat,225,304,12,0,541,0
Precinct,201 - Red Oak Wylliesburg,181,287,7,0,475,0
Precinct,302 - Drakes Branch,170,241,9,0,420,0
Precinct,401 - Keysville,204,321,10,0,535,0
Precinct,501 - Cullen,109,184,1,0,294,0
Precinct,503 - Red House,97,95,2,0,194,0
Precinct,602 - Phenix,193,309,6,0,508,0
Precinct,701 - Bacon,122,105,1,0,228,0
Precinct,702 - Saxe,99,155,2,0,256,0
Precinct,Ab - Central Absentee Precinct,62,61,0,0,123,0
Precinct,Provisional,0,0,0,0,0,0
Locality,Charlottesville City,8241,2054,413,11,10719,0
Precinct,101 - Recreation,1142,275,64,2,1483,0
Precinct,102 - Clark,1116,227,59,2,1404,0
Precinct,201 - Carver,880,137,54,0,1071,0
Precinct,202 - Walker,1430,440,61,0,1931,0
Precinct,301 - Benjamin Tonsler,785,123,37,1,946,0
Precinct,302 - Johnson,1028,327,64,3,1422,0
Precinct,303 - Buford,349,82,27,0,458,0
Precinct,401 - Venable,245,60,17,0,322,0
Precinct,402 - Alumni Hall,623,251,18,2,894,0
Precinct,Ab - Central Absentee Precinct,636,129,11,1,777,0
Precinct,Provisional,7,3,1,0,11,0
Locality,Chesapeake City,29602,29899,1214,52,60767,0
Precinct,1 - Great Bridge,380,750,25,2,1157,0
Precinct,2 - Bethel,233,754,21,1,1009,0
Precinct,3 - Camelot,1257,75,6,2,1340,0
Precinct,4 - Churchland,314,556,18,1,889,0
Precinct,5 - Crestwood,938,76,12,0,1026,0
Precinct,6 - Deep Creek,861,776,45,1,1683,0
Precinct,7 - Greenbrier,518,786,26,2,1332,0
Precinct,8 - South Norfolk Recreation,501,429,17,0,947,0
Precinct,9 - Bells Mill,630,1092,44,1,1767,0
Precinct,10 - Oscar Smith,214,251,17,0,482,0
Precinct,11 - Geneva Park,318,422,18,2,760,0
Precinct,12 - Georgetown,832,120,10,0,962,0
Precinct,13 - Gilmerton,438,464,27,0,929,0
Precinct,14 - Grassfield,116,185,4,0,305,0
Precinct,15 - B M Williams,468,367,14,0,849,0
Precinct,16 - Hickory Grove,333,818,27,1,1179,0
Precinct,17 - Indian Creek,227,497,20,1,745,0
Precinct,18 - Indian River,392,205,10,1,608,0
Precinct,19 - Jolliff,278,543,20,1,842,0
Precinct,20 - E W Chittum,534,662,21,0,1217,0
Precinct,21 - Fellowship,397,539,16,1,953,0
Precinct,22 - Norfolk Highlands,229,345,22,0,596,0
Precinct,23 - Oak Grove,521,449,23,2,995,0
Precinct,24 - Oaklette,415,310,23,2,750,0
Precinct,25 - St Julians,255,239,11,1,506,0
Precinct,26 - Johnson Park,222,105,8,1,336,0
Precinct,27 - Silverwood,528,758,31,0,1317,0
Precinct,28 - Sunray I,35,88,6,0,129,0
Precinct,29 - Tanglewood,261,555,25,0,841,0
Precinct,30 - South Norfolk,414,15,2,1,432,0
Precinct,31 - Carver School,870,138,7,1,1016,0
Precinct,32 - Providence,1048,65,8,2,1123,0
Precinct,33 - Westover,208,345,19,0,572,0
Precinct,34 - Hickory Middle School,380,1151,27,0,1558,0
Precinct,35 - Taylor Road,442,182,10,1,635,0
Precinct,36 - Great Bridge Baptist Church,444,825,29,1,1299,0
Precinct,37 - Bridgetown,323,623,19,0,965,0
Precinct,38 - Bailey Creek,311,698,22,1,1032,0
Precinct,39 - Lake Drummond,190,300,9,0,499,0
Precinct,40 - River Birch,575,512,34,1,1122,0
Precinct,41 - John T West,868,623,37,2,1530,0
Precinct,42 - Parkways,451,345,12,0,808,0
Precinct,43 - Pleasant Crossing,292,728,19,0,1039,0
Precinct,44 - Nansemond,424,315,8,0,747,0
Precinct,45 - Sunray II,300,111,9,0,420,0
Precinct,46 - Bells Mill II,397,517,34,0,948,0
Precinct,47 - Green Sea,182,422,25,0,629,0
Precinct,48 - Jolliff Middle School,970,65,8,1,1044,0
Precinct,49 - Waterway,763,980,31,3,1777,0
Precinct,50 - River Walk,634,510,23,1,1168,0
Precinct,51 - Coopers Way,339,928,27,0,1294,0
Precinct,52 - Shipyard Road,588,358,22,2,970,0
Precinct,53 - Fairways,349,329,9,1,688,0
Precinct,54 - Pughsville,670,270,16,0,956,0
Precinct,55 - Georgetown East,642,148,7,1,798,0
Precinct,56 - Green Tree,473,340,18,0,831,0
Precinct,57 - Cypress,491,428,15,0,934,0
Precinct,58 - Expressway,299,87,11,2,399,0
Precinct,59 - Clearfield,286,343,14,1,644,0
Precinct,60 - Parker Road,420,929,22,2,1373,0
Precinct,61 - Centerville,251,692,18,1,962,0
Precinct,62 - Fentress,391,754,29,2,1176,0
Precinct,63 - Poplar Branch,168,568,12,0,748,0
Precinct,Ab - Central Absentee Precinct,1077,1035,35,2,2149,0
Precinct,Provisional,27,4,0,0,31,0
Locality,Chesterfield County,44491,53306,3272,72,101141,0
Precinct,101 - Bellwood (CD 4),290,342,25,0,657,0
Precinct,102 - South Chester (CD 4),556,689,46,1,1292,0
Precinct,103 - Enon (CD 4),527,914,47,1,1489,0
Precinct,104 - North Chester (CD 4),487,920,57,1,1465,0
Precinct,105 - Drewrys Bluff (CD 4),435,347,29,1,812,0
Precinct,106 - Harrowgate (CD 4),985,839,66,3,1893,0
Precinct,107 - Wells (CD 4),587,645,44,1,1277,0
Precinct,108 - Ecoff (CD 4),648,1209,53,1,1911,0
Precinct,109 - Elizabeth Scott (CD 4),878,1041,41,1,1961,0
Precinct,110 - Dutch Gap (CD 4),427,447,30,0,904,0
Precinct,111 - Iron Bridge (CD 4),974,1115,63,4,2156,0
Precinct,112 - Carver (CD 4),593,546,43,0,1182,0
Precinct,201 - Gates (CD 4),420,556,36,0,1012,0
Precinct,202 - Beulah (CD 4),874,545,39,4,1462,0
Precinct,203 - Bird (CD 4),453,332,27,1,813,0
Precinct,204 - Jacobs (CD 4),494,441,23,1,959,0
Precinct,205 - Falling Creek (CD 4),992,554,34,1,1581,0
Precinct,206 - Belmont (CD 7),570,148,17,1,736,0
Precinct,207 - Chippenham (CD 4),312,135,11,1,459,0
Precinct,208 - Meadowbrook (CD 4),880,371,36,3,1290,0
Precinct,209 - Salem Church (CD 4),615,808,73,1,1497,0
Precinct,210 - Five Forks (CD 4),977,621,57,0,1655,0
Precinct,211 - Nash (CD 4),660,1349,69,1,2079,0
Precinct,212 - St. Luke's (CD 4),316,478,24,0,818,0
Precinct,213 - Southside (CD 4),1499,474,31,1,2005,0
Precinct,214 - Hopkins (CD 4),140,28,7,0,175,0
Precinct,301 - Ettrick (CD 4),1054,230,23,4,1311,0
Precinct,302 - Deer Run (CD 4),209,328,29,1,567,0
Precinct,303 - Matoaca (CD 4),859,771,33,0,1663,0
Precinct,304 - Winfrees Store (CD 4),482,1199,52,1,1734,0
Precinct,305 - Beach (CD 4),392,712,33,0,1137,0
Precinct,306 - Winterpock (CD 4),416,1241,54,0,1711,0
Precinct,307 - Cosby (CD 4),542,943,51,4,1540,0
Precinct,308 - South Manchester (CD 4),228,181,7,0,416,0
Precinct,309 - Skinquarter (CD 7),514,1282,64,0,1860,0
Precinct,310 - Tomahawk (CD 7),622,1012,59,0,1693,0
Precinct,313 - Woolridge (CD 7),735,1170,57,1,1963,0
Precinct,315 - Bailey Bridge (CD 4),426,1047,41,1,1515,0
Precinct,316 - Spring Run (CD 4),497,761,39,1,1298,0
Precinct,317 - Birkdale (CD 4),672,1113,43,1,1829,0
Precinct,401 - Harbour Pointe (CD 7),398,553,41,0,992,0
Precinct,402 - Genito (CD 7),925,1052,73,2,2052,0
Precinct,403 - Brandermill (CD 7),611,936,74,3,1624,0
Precinct,404 - Providence (CD 7),685,623,55,0,1363,0
Precinct,405 - La Prade (CD 7),709,856,52,1,1618,0
Precinct,406 - Smoketree (CD 7),521,901,57,1,1480,0
Precinct,407 - Monacan (CD 7),329,519,44,0,892,0
Precinct,408 - Reams (CD 7),1004,675,74,0,1753,0
Precinct,409 - Manchester (CD 7),354,385,35,0,774,0
Precinct,410 - Wagstaff (CD 7),370,438,27,1,836,0
Precinct,411 - Swift Creek (CD 7),608,852,54,1,1515,0
Precinct,413 - Shenandoah (CD 7),555,611,48,0,1214,0
Precinct,414 - Crenshaw (CD 4),709,909,87,1,1706,0
Precinct,415 - Evergreen (CD 7),595,837,64,1,1497,0
Precinct,416 - Evergreen West (CD 7),225,289,12,2,528,0
Precinct,417 - Edgewater (CD 7),242,329,22,0,593,0
Precinct,501 - Huguenot (CD 7),524,585,43,1,1153,0
Precinct,502 - Crestwood (CD 7),390,481,37,0,908,0
Precinct,503 - Midlothian (CD 7),501,835,49,1,1386,0
Precinct,504 - Robious (CD 7),802,1400,64,1,2267,0
Precinct,505 - Bon Air (CD 7),764,911,62,1,1738,0
Precinct,506 - Greenfield (CD 7),710,715,62,2,1489,0
Precinct,507 - Salisbury (CD 7),697,1423,64,3,2187,0
Precinct,508 - Belgrade (CD 7),651,831,50,1,1533,0
Precinct,509 - Cranbeck (CD 7),411,394,31,1,837,0
Precinct,510 - Sycamore (CD 7),593,990,73,0,1656,0
Precinct,511 - Black Heath (CD 7),423,740,39,0,1202,0
Precinct,513 - Beaufont (CD 7),354,153,27,0,534,0
Precinct,514 - Watkins (CD 7),667,1130,77,0,1874,0
Precinct,515 - Davis (CD 7),855,235,19,0,1109,0
Precinct,516 - Pocoshock (CD 7),561,147,10,0,718,0
Precinct,517 - Roseland (CD 7),74,169,11,0,254,0
Precinct,518 - Midlothian North (CD 7),498,1103,36,0,1637,0
Precinct,Ab - Central Absentee Precinct (CD 4),1024,1158,37,1,2220,0
Precinct,Ab - Central Absentee Precinct (CD 7),889,1230,49,4,2172,0
Precinct,Provisional (CD 4),17,14,0,0,31,0
Precinct,Provisional (CD 7),9,13,0,0,22,0
Locality,Clarke County,1954,2893,143,3,4993,0
Precinct,101 - Russell,307,673,20,0,1000,0
Precinct,201 - Berryville,382,427,35,1,845,0
Precinct,301 - Millwood,279,374,17,0,670,0
Precinct,302 - Pine Grove,116,203,16,0,335,0
Precinct,401 - White Post,371,538,25,1,935,0
Precinct,501 - Buckmarsh,268,407,17,1,693,0
Precinct,502 - Blue Ridge,102,128,8,0,238,0
Precinct,Ab - Central Absentee Precinct,128,142,5,0,275,0
Precinct,Provisional,1,1,0,0,2,0
Locality,Colonial Heights City,1187,3351,139,2,4679,0
Precinct,1 - First,181,352,22,0,555,0
Precinct,2 - Second,165,478,33,0,676,0
Precinct,3 - Third,238,604,27,2,871,0
Precinct,4 - Fourth,275,724,21,0,1020,0
Precinct,5 - Fifth,236,907,29,0,1172,0
Precinct,Ab - Central Absentee Precinct,92,286,7,0,385,0
Locality,Covington City,731,457,24,1,1213,0
Precinct,101 - Precinct 1-1,108,53,7,0,168,0
Precinct,201 - Precinct 2-1,152,87,5,1,245,0
Precinct,301 - Precinct 3-1,131,41,4,0,176,0
Precinct,401 - Precinct 4-1,157,134,5,0,296,0
Precinct,501 - Precinct 5-1,147,126,3,0,276,0
Precinct,Ab - Central Absentee Precinct,36,16,0,0,52,0
Locality,Craig County,559,1011,49,2,1621,0
Precinct,101 - Court House,92,189,12,2,295,0
Precinct,201 - Ammendale Precinct,78,228,4,0,310,0
Precinct,202 - North Mountain,28,29,3,0,60,0
Precinct,301 - Givens & Reynolds Store,86,103,4,0,193,0
Precinct,302 - Mcguires Store,52,41,2,0,95,0
Precinct,303 - Marshalls Store,25,55,6,0,86,0
Precinct,401 - Barbours Creek,42,72,4,0,118,0
Precinct,402 - Paint Bank,13,14,3,0,30,0
Precinct,403 - Craig Springs,30,93,2,0,125,0
Precinct,404 - Forks Of Johns Creek,20,27,0,0,47,0
Precinct,501 - Craig City,93,159,9,0,261,0
Precinct,Provisional,0,1,0,0,1,0
Locality,Culpeper County,3823,7487,303,8,11621,0
Precinct,101 - West Fairfax,537,715,39,1,1292,0
Precinct,201 - East Fairfax,410,476,22,0,908,0
Precinct,302 - Eggbornsville,160,496,15,0,671,0
Precinct,303 - Cardova,153,380,10,0,543,0
Precinct,304 - Willow Shade,104,146,6,0,256,0
Precinct,401 - Eldorado,237,471,38,0,746,0
Precinct,402 - Browns Store,387,815,26,0,1228,0
Precinct,501 - Jeffersonton,318,748,35,1,1102,0
Precinct,502 - Rixeyville,270,642,28,4,944,0
Precinct,601 - Mitchells,60,131,1,0,192,0
Precinct,602 - Pearl Sample,340,669,18,0,1027,0
Precinct,603 - South Ridge,140,185,10,0,335,0
Precinct,702 - Brandy Station,277,700,22,2,1001,0
Precinct,703 - Lignum,143,339,14,0,496,0
Precinct,704 - Richardsville,72,196,10,0,278,0
Precinct,Ab - Central Absentee Precinct,215,375,9,0,599,0
Precinct,Provisional,0,3,0,0,3,0
Locality,Cumberland County,1228,1451,93,4,2776,0
Precinct,101 - Precinct 1,255,331,27,1,614,0
Precinct,201 - Precinct 2,177,333,20,0,530,0
Precinct,301 - Precinct 3,331,194,10,0,535,0
Precinct,401 - Precinct 4,200,286,20,0,506,0
Precinct,501 - Precinct 5,227,255,14,3,499,0
Precinct,Ab - Central Absentee Precinct,35,52,2,0,89,0
Precinct,Provisional,3,0,0,0,3,0
Locality,Danville City,6259,4436,114,3,10812,0
Precinct,1 - Ward One,204,21,2,0,227,0
Precinct,2 - Ward Two,228,113,5,0,346,0
Precinct,3 - Ward Three,288,18,3,0,309,0
Precinct,4 - Ward Four,579,556,13,0,1148,0
Precinct,5 - Ward Five,184,194,7,0,385,0
Precinct,6 - Ward Six,268,36,1,0,305,0
Precinct,7 - Ward Seven,407,63,2,0,472,0
Precinct,8 - Ward Eight,304,185,4,0,493,0
Precinct,9 - Ward Nine,253,182,4,0,439,0
Precinct,10 - Ward Ten,332,321,8,0,661,0
Precinct,11 - Ward Eleven,581,302,7,0,890,0
Precinct,12 - Ward Twelve,632,397,7,1,1037,0
Precinct,13 - Ward Thirteen,506,307,16,0,829,0
Precinct,14 - Ward Fourteen,123,8,0,0,131,0
Precinct,15 - Ward Fifteen,361,386,6,1,754,0
Precinct,16 - Ward Sixteen,396,540,13,0,949,0
Precinct,17 - Ward Seventeen,283,568,4,0,855,0
Precinct,Ab - Central Absentee Precinct,328,235,12,1,576,0
Precinct,Provisional,2,4,0,0,6,0
Locality,Dickenson County,1416,1897,40,23,3376,0
Precinct,101 - South Clintwood,291,368,7,4,670,0
Precinct,201 - Nora,85,117,3,0,205,0
Precinct,202 - Frying Pan,37,61,2,0,100,0
Precinct,203 - Clinchco,142,131,2,4,279,0
Precinct,301 - West Dante,26,99,2,0,127,0
Precinct,302 - Herald,56,137,1,0,194,0
Precinct,303 - Ridge,78,258,9,3,348,0
Precinct,401 - Haysi-colley,284,220,7,3,514,0
Precinct,501 - Tarpon,85,79,0,0,164,0
Precinct,502 - North Clintwood,172,277,5,8,462,0
Precinct,Ab - Central Absentee Precinct,160,149,2,1,312,0
Precinct,Provisional,0,1,0,0,1,0
Locality,Dinwiddie County,3467,3694,146,16,7323,0
Precinct,101 - White Oak,103,191,10,2,306,0
Precinct,102 - Rocky Run,150,313,10,0,473,0
Precinct,103 - Church Road,169,536,19,1,725,0
Precinct,201 - Rohoic,194,163,5,0,362,0
Precinct,202 - Sutherland,417,552,20,8,997,0
Precinct,301 - Reams,117,184,8,0,309,0
Precinct,302 - New Hope,200,306,3,0,509,0
Precinct,303 - Little Zion,452,269,12,3,736,0
Precinct,401 - Dinwiddie,338,418,15,0,771,0
Precinct,402 - Mckenney,205,210,12,1,428,0
Precinct,403 - Cherry Hill,211,110,4,0,325,0
Precinct,501 - Edgehill,91,32,2,0,125,0
Precinct,502 - Chesdin,664,268,24,0,956,0
Precinct,Ab - Central Absentee Precinct,156,142,2,1,301,0
Locality,Emporia City,855,501,16,1,1373,0
Precinct,101 - Precinct 1-1,199,66,1,0,266,0
Precinct,201 - Precinct 2-1,99,10,2,0,111,0
Precinct,301 - Precinct 3-1,98,104,4,1,207,0
Precinct,401 - Precinct 4-1,135,120,4,0,259,0
Precinct,501 - Precinct 5-1,109,3,1,0,113,0
Precinct,601 - District 6,108,142,3,0,253,0
Precinct,701 - District 7,107,56,1,0,164,0
Precinct,Provisional,0,0,0,0,0,0
Locality,Essex County,1419,1545,57,1,3022,0
Precinct,101 - Greater Tappahannock,294,343,14,0,651,0
Precinct,201 - North,429,219,12,0,660,0
Precinct,301 - South,287,488,18,1,794,0
Precinct,401 - Central,305,405,13,0,723,0
Precinct,Ab - Central Absentee Precinct,102,90,0,0,192,0
Precinct,Provisional,2,0,0,0,2,0
Locality,Fairfax City,3812,3018,160,3,6993,0
Precinct,1 - One,488,427,29,1,945,0
Precinct,2 - Two,560,480,26,0,1066,0
Precinct,3 - Three,778,586,31,0,1395,0
Precinct,4 - Four,653,492,28,1,1174,0
Precinct,5 - Five,537,389,17,0,943,0
Precinct,6 - Six,482,370,23,1,876,0
Precinct,Ab - Central Absentee Precinct,310,273,6,0,589,0
Precinct,Provisional,4,1,0,0,5,0
Locality,Fairfax County,176418,122857,6329,265,305869,0
Precinct,104 - Chapel (CD 11),659,520,33,0,1212,0
Precinct,105 - Fairview (CD 11),1135,905,37,1,2078,0
Precinct,106 - Heritage (CD 11),754,340,41,2,1137,0
Precinct,108 - Kings Park (CD 11),641,523,32,0,1196,0
Precinct,109 - Little Run (CD 11),904,685,30,1,1620,0
Precinct,110 - North Springfield (CD 11),930,678,42,1,1651,0
Precinct,113 - Canterbury (CD 11),1176,842,42,2,2062,0
Precinct,115 - Ravensworth (CD 11),426,360,28,0,814,0
Precinct,116 - Wakefield (CD 11),738,472,15,1,1226,0
Precinct,117 - Woodson (CD 11),698,536,29,0,1263,0
Precinct,118 - Lake Braddock (CD 11),954,587,29,2,1572,0
Precinct,119 - Laurel (CD 11),972,803,41,2,1818,0
Precinct,120 - Sideburn (CD 11),783,816,18,2,1619,0
Precinct,121 - Villa (CD 11),415,367,25,1,808,0
Precinct,123 - Robinson (CD 11),993,819,39,1,1852,0
Precinct,125 - Signal Hill (CD 11),836,640,28,1,1505,0
Precinct,126 - Bonnie Brae (CD 11),575,407,38,2,1022,0
Precinct,127 - Burke Centre (CD 11),994,718,45,2,1759,0
Precinct,128 - Cardinal (CD 11),562,365,31,0,958,0
Precinct,129 - Keene Mill (CD 11),423,308,21,0,752,0
Precinct,130 - Terra Centre (CD 11),639,500,29,2,1170,0
Precinct,131 - Eagle View (CD 11),736,551,28,0,1315,0
Precinct,132 - Monument (CD 11),695,456,29,0,1180,0
Precinct,133 - Danbury (CD 11),187,120,12,0,319,0
Precinct,134 - University (CD 11),368,141,50,0,559,0
Precinct,202 - Flint Hill (CD 11),840,678,25,1,1544,0
Precinct,203 - Floris (CD 11),935,711,28,4,1678,0
Precinct,204 - Madison (CD 11),225,122,11,0,358,0
Precinct,208 - Reston #1 (CD 11),794,264,29,0,1087,0
Precinct,209 - Reston #2 (CD 11),968,343,36,3,1350,0
Precinct,213 - Vienna #1 (CD 11),1140,711,33,1,1885,0
Precinct,214 - Vienna #2 (CD 11),883,616,24,2,1525,0
Precinct,216 - Vienna #4 (CD 11),419,277,16,0,712,0
Precinct,218 - Vienna #6 (CD 11),671,344,25,0,1040,0
Precinct,219 - Westbriar (CD 11),870,669,19,1,1559,0
Precinct,220 - Dogwood (CD 11),1070,484,58,1,1613,0
Precinct,221 - Hunters Woods (CD 11),914,505,24,0,1443,0
Precinct,222 - Reston #3 (CD 11),777,220,24,2,1023,0
Precinct,223 - Glade (CD 11),1289,514,49,1,1853,0
Precinct,224 - South Lakes (CD 11),1471,565,40,1,2077,0
Precinct,225 - Terraset (CD 11),1035,373,44,2,1454,0
Precinct,226 - Wolftrap (CD 11),1016,793,35,1,1845,0
Precinct,227 - Sunrise Valley (CD 11),516,390,15,0,921,0
Precinct,229 - Fox Mill (CD 10),1328,995,44,1,2368,0
Precinct,233 - North Point (CD 11),1207,797,41,1,2046,0
Precinct,234 - Aldrin (CD 11),1320,876,38,0,2234,0
Precinct,235 - Frying Pan (CD 11),698,362,29,2,1091,0
Precinct,236 - Stuart (CD 11),390,227,12,1,630,0
Precinct,237 - Mcnair (CD 11),675,320,32,1,1028,0
Precinct,238 - Cameron Glen (CD 11),660,514,29,1,1204,0
Precinct,240 - Colvin (CD 10),574,622,19,1,1216,0
Precinct,301 - Chain Bridge (CD 10),788,645,13,0,1446,0
Precinct,302 - Chesterbrook (CD 8),698,509,11,1,1219,0
Precinct,303 - Churchill (CD 10),423,296,14,0,733,0
Precinct,304 - Cooper (CD 10),491,477,12,2,982,0
Precinct,305 - El Nido (CD 8),669,380,7,1,1057,0
Precinct,306 - Great Falls (CD 10),505,555,12,3,1075,0
Precinct,307 - Haycock (CD 8),760,469,23,1,1253,0
Precinct,309 - Kenmore (CD 10),852,740,28,0,1620,0
Precinct,310 - Kirby (CD 8),578,378,11,2,969,0
Precinct,311 - Langley (CD 10),532,502,7,0,1041,0
Precinct,312 - Longfellow (CD 8),716,453,17,2,1188,0
Precinct,314 - Mclean (CD 10),663,478,21,1,1163,0
Precinct,315 - Pimmit (CD 8),720,446,47,1,1214,0
Precinct,316 - Salona #1 (CD 8),263,196,4,2,465,0
Precinct,317 - Westhampton (CD 8),639,396,22,0,1057,0
Precinct,318 - Westmoreland (CD 8),431,288,8,0,727,0
Precinct,319 - Herndon #1 (CD 11),923,631,57,1,1612,0
Precinct,320 - Herndon #2 (CD 11),952,510,40,0,1502,0
Precinct,321 - Clearview (CD 10),1152,848,60,1,2061,0
Precinct,322 - Forestville (CD 10),632,840,24,1,1497,0
Precinct,323 - Shouse (CD 10),621,449,17,0,1087,0
Precinct,324 - Herndon #3 (CD 11),795,437,48,5,1285,0
Precinct,325 - Hutchison (CD 11),453,207,19,0,679,0
Precinct,327 - Sugarland (CD 10),800,634,34,1,1469,0
Precinct,328 - Hickory (CD 10),747,688,23,2,1460,0
Precinct,329 - Seneca (CD 10),766,802,19,1,1588,0
Precinct,331 - Spring Hill (CD 10),586,525,14,0,1125,0
Precinct,332 - Coates (CD 11),591,222,25,2,840,0
Precinct,333 - Salona #2 (CD 8),457,350,14,0,821,0
Precinct,401 - Bush Hill (CD 8),841,576,27,0,1444,0
Precinct,402 - Cameron (CD 8),288,179,10,2,479,0
Precinct,404 - Franconia (CD 8),814,433,35,1,1283,0
Precinct,405 - Groveton (CD 8),473,159,13,2,647,0
Precinct,406 - Hayfield (CD 8),617,573,32,1,1223,0
Precinct,408 - Mount Eagle (CD 8),715,237,29,0,981,0
Precinct,409 - Pioneer (CD 8),1124,535,31,2,1692,0
Precinct,410 - Rose Hill (CD 8),955,693,52,1,1701,0
Precinct,411 - Virginia Hills (CD 8),574,322,22,0,918,0
Precinct,413 - Fairfield (CD 8),529,100,8,0,637,0
Precinct,415 - Crestwood (CD 8),513,377,27,1,918,0
Precinct,417 - Garfield (CD 8),644,465,23,0,1132,0
Precinct,418 - Lynbrook (CD 8),390,224,25,1,640,0
Precinct,419 - Lane (CD 8),844,350,22,1,1217,0
Precinct,420 - Villages (CD 8),988,528,26,2,1544,0
Precinct,421 - Kingstowne (CD 8),836,437,25,1,1299,0
Precinct,422 - Van Dorn (CD 8),842,430,26,0,1298,0
Precinct,423 - Clermont (CD 8),702,480,23,1,1206,0
Precinct,424 - Huntley (CD 8),820,428,20,1,1269,0
Precinct,426 - Greenspring (CD 11),709,491,9,1,1210,0
Precinct,427 - Island Creek (CD 8),657,382,21,1,1061,0
Precinct,428 - Pinewood (CD 8),777,180,22,2,981,0
Precinct,429 - Hybla Valley (CD 8),771,181,12,0,964,0
Precinct,501 - Baileys (CD 8),831,307,20,2,1160,0
Precinct,502 - Barcroft (CD 11),491,240,8,1,740,0
Precinct,503 - Belvedere (CD 11),547,240,12,0,799,0
Precinct,504 - Bristow (CD 11),522,284,11,0,817,0
Precinct,505 - Glen Forest (CD 8),608,276,25,2,911,0
Precinct,506 - Holmes (CD 8),112,59,0,0,171,0
Precinct,506 - Holmes (CD 11),475,193,13,1,682,0
Precinct,507 - Lincolnia (CD 8),767,341,24,1,1133,0
Precinct,508 - Masonville (CD 11),751,450,28,2,1231,0
Precinct,509 - Plaza (CD 8),322,84,14,0,420,0
Precinct,510 - Parklawn (CD 8),548,319,25,2,894,0
Precinct,511 - Ravenwood (CD 11),766,421,21,1,1209,0
Precinct,512 - Sleepy Hollow (CD 11),404,232,22,0,658,0
Precinct,513 - Saint Albans (CD 8),284,158,10,0,452,0
Precinct,513 - Saint Albans (CD 11),441,254,16,0,711,0
Precinct,515 - Westlawn (CD 8),399,206,15,0,620,0
Precinct,516 - Weyanoke (CD 8),615,316,24,1,956,0
Precinct,517 - Willston (CD 8),424,186,25,0,635,0
Precinct,518 - Columbia (CD 11),570,430,30,1,1031,0
Precinct,519 - Hummer (CD 11),441,290,7,1,739,0
Precinct,520 - Skyline (CD 8),868,240,14,1,1123,0
Precinct,521 - Brook Hill (CD 8),434,350,17,0,801,0
Precinct,522 - Camelot (CD 11),430,370,10,1,811,0
Precinct,523 - Poe (CD 8),612,375,21,4,1012,0
Precinct,525 - Walnut Hill (CD 8),798,476,37,3,1314,0
Precinct,526 - Bren Mar (CD 8),808,325,23,0,1156,0
Precinct,527 - Edsall (CD 8),517,291,21,1,830,0
Precinct,528 - Ridgelea (CD 11),370,250,10,0,630,0
Precinct,601 - Belle Haven (CD 8),538,502,16,0,1056,0
Precinct,602 - Belleview (CD 8),643,404,27,3,1077,0
Precinct,604 - Bucknell (CD 8),886,316,22,1,1225,0
Precinct,605 - Fort Hunt (CD 8),678,610,16,0,1304,0
Precinct,606 - Hollin Hall (CD 8),819,554,19,2,1394,0
Precinct,607 - Huntington (CD 8),947,452,39,0,1438,0
Precinct,608 - Kirkside (CD 8),725,315,11,0,1051,0
Precinct,609 - Marlan (CD 8),602,520,22,0,1144,0
Precinct,610 - Sherwood (CD 8),582,307,21,0,910,0
Precinct,611 - Stratford (CD 8),896,703,26,2,1627,0
Precinct,612 - Waynewood (CD 8),409,368,14,1,792,0
Precinct,613 - Westgate (CD 8),786,1050,31,2,1869,0
Precinct,614 - Riverside (CD 8),562,529,15,1,1107,0
Precinct,615 - Woodley (CD 8),609,528,26,1,1164,0
Precinct,616 - Gunston (CD 8),458,544,19,0,1021,0
Precinct,617 - Lorton (CD 8),585,188,11,2,786,0
Precinct,618 - Newington (CD 11),1059,756,48,2,1865,0
Precinct,619 - Belvoir (CD 8),558,395,22,0,975,0
Precinct,621 - Grosvenor (CD 8),506,226,21,1,754,0
Precinct,622 - Lorton Station (CD 8),742,312,24,1,1079,0
Precinct,623 - Alban (CD 8),603,416,27,2,1048,0
Precinct,625 - Lorton Center (CD 8),461,327,12,1,801,0
Precinct,626 - Saratoga (CD 8),819,639,30,1,1489,0
Precinct,627 - Woodlawn (CD 8),799,316,21,0,1136,0
Precinct,628 - Laurel Hill (CD 11),788,393,24,1,1206,0
Precinct,629 - South County (CD 11),601,624,19,1,1245,0
Precinct,701 - Blake (CD 11),1014,639,43,1,1697,0
Precinct,703 - Fort Buffalo (CD 8),404,146,14,0,564,0
Precinct,704 - Freedom Hill (CD 11),568,367,16,1,952,0
Precinct,705 - Graham - Greenway (CD 8),966,448,31,4,1449,0
Precinct,707 - Mantua (CD 11),635,424,13,0,1072,0
Precinct,708 - Marshall (CD 8),1196,543,58,4,1801,0
Precinct,709 - Mosby (CD 11),768,380,38,3,1189,0
Precinct,710 - Pine Spring (CD 8),612,286,33,0,931,0
Precinct,711 - Price (CD 11),567,362,21,2,952,0
Precinct,712 - Shreve (CD 8),461,242,21,1,725,0
Precinct,713 - Timber Lane (CD 8),776,351,23,4,1154,0
Precinct,714 - Walker (CD 11),812,478,38,1,1329,0
Precinct,717 - Woodburn (CD 11),546,255,26,0,827,0
Precinct,718 - Pine Ridge (CD 11),522,368,19,0,909,0
Precinct,719 - Stenwood (CD 11),325,176,11,0,512,0
Precinct,720 - Thoreau (CD 11),527,363,19,1,910,0
Precinct,721 - Merrifield (CD 11),902,402,56,0,1360,0
Precinct,726 - Magarity (CD 11),0,0,0,0,0,0
Precinct,726 - Magarity (CD 8),761,442,29,0,1232,0
Precinct,727 - Oakton (CD 11),670,615,22,1,1308,0
Precinct,729 - Nottoway (CD 11),926,519,46,2,1493,0
Precinct,730 - Penderbrook (CD 11),709,539,26,1,1275,0
Precinct,731 - Tysons (CD 11),544,332,24,0,900,0
Precinct,732 - Oak Marr (CD 11),855,742,22,1,1620,0
Precinct,733 - Kilmer (CD 11),997,537,32,0,1566,0
Precinct,734 - Hunters Branch (CD 11),468,249,19,1,737,0
Precinct,801 - Burke (CD 11),1015,693,54,2,1764,0
Precinct,802 - Cedar Lake (CD 11),245,179,12,0,436,0
Precinct,803 - Clifton (CD 10),819,1201,35,4,2059,0
Precinct,804 - Colchester (CD 10),374,481,7,1,863,0
Precinct,805 - Fairfax Station (CD 10),381,437,12,0,830,0
Precinct,806 - Sydenstricker (CD 11),710,689,25,1,1425,0
Precinct,807 - Hunt Valley (CD 11),513,508,33,2,1056,0
Precinct,811 - Pohick (CD 11),440,318,28,0,786,0
Precinct,812 - Valley (CD 11),676,554,16,0,1246,0
Precinct,815 - Woodyard (CD 10),560,784,18,2,1364,0
Precinct,824 - Orange (CD 11),910,930,42,2,1884,0
Precinct,825 - Cherry Run (CD 11),677,655,21,1,1354,0
Precinct,827 - Irving (CD 11),699,544,20,1,1264,0
Precinct,833 - White Oaks (CD 11),695,529,22,2,1248,0
Precinct,838 - Sangster (CD 10),566,592,22,0,1180,0
Precinct,839 - Silverbrook (CD 10),807,864,22,2,1695,0
Precinct,840 - West Springfield (CD 11),735,628,30,0,1393,0
Precinct,841 - Popes Head (CD 10),339,468,12,1,820,0
Precinct,842 - Parkway (CD 11),530,544,22,0,1096,0
Precinct,843 - Fair Lakes (CD 11),674,507,28,0,1209,0
Precinct,844 - Centerpointe (CD 11),515,303,25,2,845,0
Precinct,845 - Fountainhead (CD 10),853,1051,28,4,1936,0
Precinct,846 - Greenbriar East (CD 11),616,490,53,3,1162,0
Precinct,847 - Greenbriar West (CD 10),510,446,26,0,982,0
Precinct,848 - Fair Oaks (CD 11),566,392,26,2,986,0
Precinct,849 - Newgate North (CD 10),368,376,10,1,755,0
Precinct,850 - South Run (CD 10),663,762,18,1,1444,0
Precinct,851 - Willow Springs (CD 11),515,641,14,2,1172,0
Precinct,854 - Newgate South (CD 10),602,852,29,0,1483,0
Precinct,901 - Centre Ridge (CD 11),753,501,49,2,1305,0
Precinct,902 - Brookfield (CD 10),830,575,50,1,1456,0
Precinct,903 - Cub Run (CD 10),815,765,37,4,1621,0
Precinct,904 - Stonecroft (CD 10),285,387,14,0,686,0
Precinct,905 - Franklin (CD 10),277,206,7,0,490,0
Precinct,908 - Kinross East (CD 10),610,517,14,0,1141,0
Precinct,909 - Kinross West (CD 10),556,500,27,1,1084,0
Precinct,910 - London Towne #1 (CD 11),723,469,37,1,1230,0
Precinct,911 - Navy (CD 10),863,617,34,2,1516,0
Precinct,913 - Rocky Run (CD 10),890,906,34,3,1833,0
Precinct,914 - Vale (CD 10),605,568,18,0,1191,0
Precinct,915 - Virginia Run (CD 10),513,782,24,1,1320,0
Precinct,916 - Waples Mill (CD 10),1114,1084,37,3,2238,0
Precinct,917 - Stone North (CD 10),424,343,34,0,801,0
Precinct,918 - Centreville (CD 11),803,567,38,4,1412,0
Precinct,919 - Green Trails (CD 11),764,597,36,1,1398,0
Precinct,920 - Chantilly (CD 10),580,497,18,0,1095,0
Precinct,921 - Deer Park (CD 10),683,838,37,0,1558,0
Precinct,923 - Bull Run (CD 10),368,619,13,3,1003,0
Precinct,924 - London Towne #2 (CD 11),128,49,4,0,181,0
Precinct,925 - Old Mill (CD 10),371,307,21,0,699,0
Precinct,925 - Old Mill (CD 11),0,0,0,0,0,0
Precinct,926 - Powell (CD 11),743,516,41,0,1300,0
Precinct,927 - Lees Corner #1 (CD 10),429,294,20,1,744,0
Precinct,928 - Poplar Tree (CD 10),620,607,16,0,1243,0
Precinct,929 - Difficult Run (CD 10),161,205,5,0,371,0
Precinct,930 - Lees Corner #2 (CD 10),541,468,25,1,1035,0
Precinct,931 - Carson (CD 10),468,327,22,1,818,0
Precinct,932 - Stone South (CD 10),327,218,13,1,559,0
Precinct,933 - Compton (CD 11),133,117,11,0,261,0
Precinct,Ab - Central Absentee Precinct (CD 10),3747,3427,72,4,7250,0
Precinct,Ab - Central Absentee Precinct (CD 11),6888,4394,167,7,11456,0
Precinct,Ab - Central Absentee Precinct (CD 8),4888,2779,93,7,7767,0
Precinct,Provisional (CD 10),30,21,0,1,52,0
Precinct,Provisional (CD 11),39,27,1,0,67,0
Precinct,Provisional (CD 8),25,21,2,0,48,0
Locality,Falls Church City,3599,1309,123,3,5034,0
Precinct,1 - First Ward,1090,416,43,0,1549,0
Precinct,2 - Second Ward,847,336,25,2,1210,0
Precinct,3 - Third Ward,1170,422,42,1,1635,0
Precinct,Ab - Central Absentee Precinct,490,133,13,0,636,0
Precinct,Provisional,2,2,0,0,4,0
Locality,Fauquier County,6985,13219,405,6,20615,0
Precinct,101 - Kettle Run (CD 5),149,404,13,0,566,0
Precinct,102 - Catlett (CD 1),292,831,25,0,1148,0
Precinct,103 - Casanova (CD 5),210,325,11,0,546,0
Precinct,104 - Lois (CD 1),127,366,8,0,501,0
Precinct,105 - Opal (CD 5),134,356,6,0,496,0
Precinct,106 - Baldwin Ridge (CD 5),252,468,15,0,735,0
Precinct,201 - Courthouse (CD 5),516,767,38,0,1321,0
Precinct,202 - Airlie (CD 5),422,715,21,0,1158,0
Precinct,203 - Warrenton (CD 5),514,675,26,2,1217,0
Precinct,301 - Morrisville (CD 1),225,538,20,1,784,0
Precinct,302 - Remington (CD 5),359,727,19,0,1105,0
Precinct,303 - Bealeton (CD 1),336,680,33,1,1050,0
Precinct,401 - Marshall (CD 5),405,695,26,0,1126,0
Precinct,402 - Leeds (CD 5),485,631,16,0,1132,0
Precinct,403 - Waterloo (CD 5),436,967,30,0,1433,0
Precinct,404 - Springs Valley (CD 5),200,380,4,1,585,0
Precinct,501 - The Plains (CD 5),444,542,10,0,996,0
Precinct,502 - New Baltimore (CD 5),314,754,34,0,1102,0
Precinct,503 - Broad Run (CD 5),338,727,10,0,1075,0
Precinct,504 - Vint Hill (CD 5),460,1024,31,1,1516,0
Precinct,Ab - Central Absentee Precinct (CD 1),32,84,2,0,118,0
Precinct,Ab - Central Absentee Precinct (CD 5),332,557,7,0,896,0
Precinct,Provisional (CD 1),2,0,0,0,2,0
Precinct,Provisional (CD 5),1,6,0,0,7,0
Locality,Floyd County,1889,2558,163,11,4621,0
Precinct,101 - Locust Grove,340,527,34,4,905,0
Precinct,201 - Little River,423,499,40,3,965,0
Precinct,301 - Courthouse,459,388,36,1,884,0
Precinct,401 - Burks Fork,313,485,25,3,826,0
Precinct,501 - Indian Valley,222,543,20,0,785,0
Precinct,Ab - Central Absentee Precinct,131,116,8,0,255,0
Precinct,Provisional,1,0,0,0,1,0
Locality,Fluvanna County,3563,4480,274,8,8325,0
Precinct,101 - Palmyra,703,832,47,1,1583,0
Precinct,201 - Columbia,488,599,38,0,1125,0
Precinct,301 - Fork Union,638,618,45,2,1303,0
Precinct,401 - Cunningham,575,1038,68,5,1686,0
Precinct,501 - Rivanna,852,1017,66,0,1935,0
Precinct,Ab - Central Absentee Precinct,303,373,10,0,686,0
Precinct,Provisional,4,3,0,0,7,0
Locality,Franklin City,1328,818,29,0,2175,0
Precinct,101 - Precinct 1-1,174,315,10,0,499,0
Precinct,201 - Precinct 2-1,169,237,7,0,413,0
Precinct,301 - Precinct 3-1,294,20,1,0,315,0
Precinct,401 - Precinct 4-1,203,17,1,0,221,0
Precinct,501 - Precinct 5-1,222,3,2,0,227,0
Precinct,601 - Precinct 6-1,194,170,7,0,371,0
Precinct,Ab - Central Absentee Precinct,72,56,1,0,129,0
Locality,Franklin County,5650,9664,408,7,15729,0
Precinct,102 - Burnt Chimney,358,697,38,0,1093,0
Precinct,103 - Scruggs,569,1431,46,1,2047,0
Precinct,201 - Glade Hill,284,505,26,1,816,0
Precinct,202 - Penhook,305,538,12,0,855,0
Precinct,203 - Hodgesville,49,76,2,0,127,0
Precinct,204 - Dudley,218,326,8,1,553,0
Precinct,301 - Snow Creek,150,239,17,0,406,0
Precinct,302 - Fork Mountain,119,231,3,0,353,0
Precinct,303 - Sontag,324,287,23,0,634,0
Precinct,304 - Dickinson,182,136,8,0,326,0
Precinct,401 - Henry,148,450,20,0,618,0
Precinct,402 - Ferrum,149,224,9,0,382,0
Precinct,403 - Endicott,133,239,15,2,389,0
Precinct,501 - Waidsboro,187,280,16,0,483,0
Precinct,502 - Callaway,198,431,26,0,655,0
Precinct,503 - Bowmans,137,246,12,0,395,0
Precinct,504 - Gogginsville,188,386,22,0,596,0
Precinct,601 - Boones Mill,311,558,24,1,894,0
Precinct,602 - Bonbrook,253,509,26,0,788,0
Precinct,603 - Coopers Cove,170,423,11,0,604,0
Precinct,701 - Rocky Mount East,347,454,21,1,823,0
Precinct,702 - Rocky Mount West,300,297,7,0,604,0
Precinct,703 - Rocky Mount South,274,267,6,0,547,0
Precinct,Ab - Central Absentee Precinct,293,433,10,0,736,0
Precinct,Provisional,4,1,0,0,5,0
Locality,Frederick County,6659,14693,556,45,21953,0
Precinct,101 - Russells,221,719,27,0,967,0
Precinct,102 - Gore,214,664,31,2,911,0
Precinct,103 - Kernstown,402,845,26,8,1281,0
Precinct,104 - Cedar Creek,201,439,15,3,658,0
Precinct,201 - Gainesborough,130,480,16,3,629,0
Precinct,202 - Albin,327,683,17,0,1027,0
Precinct,203 - Redland,325,842,31,5,1203,0
Precinct,204 - Nain,324,702,21,4,1051,0
Precinct,301 - Clear Brook,160,429,15,0,604,0
Precinct,302 - Neff's Town,326,648,30,2,1006,0
Precinct,303 - White Hall,445,1019,27,0,1491,0
Precinct,401 - Carpers Valley,384,752,21,3,1160,0
Precinct,402 - Shenandoah,156,405,12,3,576,0
Precinct,403 - Parkin's Mill,292,609,33,2,936,0
Precinct,404 - Armel,323,676,29,2,1030,0
Precinct,501 - Stephens City,392,721,27,0,1140,0
Precinct,502 - Newtown,390,812,33,1,1236,0
Precinct,503 - Canterburg,347,708,26,2,1083,0
Precinct,601 - Millbrook,226,494,22,1,743,0
Precinct,602 - Ash Hollow,319,530,41,2,892,0
Precinct,603 - Greenwood,498,983,40,1,1522,0
Precinct,Ab - Central Absentee Precinct,256,530,16,1,803,0
Precinct,Provisional,1,3,0,0,4,0
Locality,Fredericksburg City,3341,2211,164,11,5727,0
Precinct,101 - Precinct 1 - District One,702,652,39,2,1395,0
Precinct,201 - Precinct 1 - District Two,949,550,62,4,1565,0
Precinct,301 - Precinct 1 - District Three,692,573,34,1,1300,0
Precinct,401 - Precinct 1 - District Four,560,168,12,2,742,0
Precinct,402 - Precinct 2 - District Four,233,132,9,1,375,0
Precinct,Ab - Central Absentee Precinct,199,131,7,1,338,0
Precinct,Provisional,6,5,1,0,12,0
Locality,Galax City,564,743,29,4,1340,0
Precinct,1 - East,247,304,13,1,565,0
Precinct,2 - North,153,218,8,1,380,0
Precinct,3 - South,143,173,7,1,324,0
Precinct,Ab - Central Absentee Precinct,21,48,1,1,71,0
Locality,Giles County,1760,2856,140,4,4760,0
Precinct,101 - Glen Lyn,21,46,1,0,68,0
Precinct,102 - Rich Creek,75,190,4,0,269,0
Precinct,103 - Narrows,336,498,21,1,856,0
Precinct,201 - Pearisburg,416,727,33,2,1178,0
Precinct,202 - Staffordsville,73,133,2,0,208,0
Precinct,203 - White Gate,35,101,3,0,139,0
Precinct,301 - Eggleston,143,226,9,0,378,0
Precinct,302 - Pembroke,314,507,36,0,857,0
Precinct,303 - Newport,258,304,20,0,582,0
Precinct,Ab - Central Absentee Precinct,87,123,11,1,222,0
Precinct,Provisional,2,1,0,0,3,0
Locality,Gloucester County,3729,6988,278,1,10996,0
Precinct,101 - Harcum,260,507,19,0,786,0
Precinct,102 - Salem,213,468,22,1,704,0
Precinct,103 - Peasley,139,309,16,0,464,0
Precinct,201 - Courthouse,357,540,18,0,915,0
Precinct,202 - Botetourt,431,758,37,0,1226,0
Precinct,301 - White Marsh,315,611,19,0,945,0
Precinct,302 - Roanes,377,762,21,0,1160,0
Precinct,401 - Hayes,354,611,25,0,990,0
Precinct,402 - Sarahs Creek,389,586,22,0,997,0
Precinct,501 - Achilles,412,982,42,0,1436,0
Precinct,502 - Walker,324,581,28,0,933,0
Precinct,Ab - Central Absentee Precinct,155,272,8,0,435,0
Precinct,Provisional,3,1,1,0,5,0
Locality,Goochland County,3381,5735,235,5,9356,0
Precinct,101 - Fife,248,298,18,1,565,0
Precinct,102 - Hadensville,369,562,29,2,962,0
Precinct,201 - Three Square,171,104,11,0,286,0
Precinct,202 - Sandy Hook,574,674,36,0,1284,0
Precinct,301 - Goochland Court House 1,323,511,21,1,856,0
Precinct,302 - Goochland Court House 2,127,255,14,0,396,0
Precinct,401 - Shallow Well,371,473,21,0,865,0
Precinct,402 - Centerville,324,897,28,1,1250,0
Precinct,501 - Manakin,466,985,24,0,1475,0
Precinct,502 - Blair Road,215,644,22,0,881,0
Precinct,Ab - Central Absentee Precinct,189,326,11,0,526,0
Precinct,Provisional,4,6,0,0,10,0
Locality,Grayson County,1441,2585,109,11,4146,0
Precinct,101 - Bridle Creek,83,89,2,1,175,0
Precinct,102 - Flatridge,42,63,3,0,108,0
Precinct,103 - Grant,85,98,6,1,190,0
Precinct,104 - Mouth Of Wilson,54,74,5,1,134,0
Precinct,105 - Mount Rogers,42,95,5,0,142,0
Precinct,106 - Rugby,46,87,4,0,137,0
Precinct,107 - Troutdale,22,42,6,0,70,0
Precinct,108 - Comers Rock,56,83,4,0,143,0
Precinct,202 - Elk Creek,98,169,7,0,274,0
Precinct,203 - Independence,269,455,15,1,740,0
Precinct,301 - Baywood,117,290,10,0,417,0
Precinct,302 - Fairview,160,374,13,1,548,0
Precinct,401 - Fries,97,123,8,0,228,0
Precinct,402 - Providence,122,292,10,1,425,0
Precinct,403 - Oldtown,63,110,5,5,183,0
Precinct,Ab - Central Absentee Precinct,83,141,6,0,230,0
Precinct,Provisional,2,0,0,0,2,0
Locality,Greene County,1655,3223,190,4,5072,0
Precinct,101 - Dyke,148,332,12,0,492,0
Precinct,102 - Swift Run,198,392,32,0,622,0
Precinct,201 - Ruckersville,364,687,51,2,1104,0
Precinct,301 - Stanardsville,335,727,30,0,1092,0
Precinct,401 - Midway,474,873,61,2,1410,0
Precinct,Ab - Central Absentee Precinct,134,212,4,0,350,0
Precinct,Provisional,2,0,0,0,2,0
Locality,Greensville County,1738,984,37,1,2760,0
Precinct,101 - Precinct 1-a,197,93,5,0,295,0
Precinct,102 - Precinct 1-b,53,62,3,0,118,0
Precinct,103 - Precinct 1-c,139,28,3,0,170,0
Precinct,201 - Precinct 2-a,268,84,2,0,354,0
Precinct,202 - Precinct 2-b,193,193,3,0,389,0
Precinct,302 - Precinct 3-a,516,230,8,1,755,0
Precinct,401 - Precinct 4-a,84,108,4,0,196,0
Precinct,402 - Precinct 4-b,212,111,7,0,330,0
Precinct,403 - Precinct 4-c,75,75,2,0,152,0
Precinct,Provisional,1,0,0,0,1,0
Locality,Halifax County,4435,5005,153,6,9599,0
Precinct,101 - Childrey,200,224,1,0,425,0
Precinct,102 - Liberty,109,118,1,0,228,0
Precinct,103 - Republican Grove,234,192,5,3,434,0
Precinct,201 - Clays Mill,110,183,5,0,298,0
Precinct,202 - Crossroads,134,174,3,0,311,0
Precinct,203 - Clover,265,207,8,0,480,0
Precinct,302 - Meadville,161,62,1,1,225,0
Precinct,304 - Vernon Hill,166,193,5,1,365,0
Precinct,305 - Sinai,431,218,8,0,657,0
Precinct,401 - Courthouse,332,303,6,0,641,0
Precinct,403 - Center,190,419,15,0,624,0
Precinct,502 - Dan River,246,495,22,1,764,0
Precinct,503 - Scottsburg,109,241,9,0,359,0
Precinct,601 - Black Walnut,180,233,5,0,418,0
Precinct,603 - Mt Carmel,346,303,11,0,660,0
Precinct,605 - Union,84,114,2,0,200,0
Precinct,701 - Hyco,201,377,10,0,588,0
Precinct,702 - Midway,91,322,6,0,419,0
Precinct,703 - Virgilina,96,194,7,0,297,0
Precinct,801 - South Boston East,337,146,13,0,496,0
Precinct,802 - South Boston West,264,102,6,0,372,0
Precinct,Ab - Central Absentee Precinct,147,182,4,0,333,0
Precinct,Provisional,2,3,0,0,5,0
Locality,Hampton City,23483,10149,673,24,34329,0
Precinct,101 - Aberdeen (CD 3),853,135,10,0,998,0
Precinct,102 - Bassette (CD 3),1087,47,10,1,1145,0
Precinct,103 - City Hall (CD 3),492,86,11,2,591,0
Precinct,104 - Cooper (CD 3),1149,164,15,0,1328,0
Precinct,105 - East Hampton (CD 3),391,162,15,0,568,0
Precinct,106 - Armstrong (CD 3),772,439,30,0,1241,0
Precinct,107 - Lindsay (CD 3),925,168,8,0,1101,0
Precinct,108 - Thomas (CD 3),1075,132,15,0,1222,0
Precinct,109 - Phenix (CD 3),1195,56,5,1,1257,0
Precinct,110 - Phoebus (CD 3),194,120,8,0,322,0
Precinct,111 - Hampton Library (CD 3),293,206,17,2,518,0
Precinct,112 - Smith (CD 3),1112,330,26,0,1468,0
Precinct,115 - Wythe (CD 3),415,326,26,3,770,0
Precinct,116 - Jones (CD 3),407,85,7,0,499,0
Precinct,117 - Kecoughtan (CD 3),649,211,12,0,872,0
Precinct,118 - Mallory (CD 3),1328,138,17,0,1483,0
Precinct,201 - Booker (CD 2),650,662,42,0,1354,0
Precinct,202 - Bryan (CD 2),680,546,31,0,1257,0
Precinct,203 - Burbank (CD 2),526,316,13,2,857,0
Precinct,204 - Forrest (CD 3),665,329,25,0,1019,0
Precinct,205 - Asbury (CD 2),790,1066,56,1,1913,0
Precinct,208 - Kraft (CD 3),1086,625,53,4,1768,0
Precinct,209 - Langley (CD 2),587,484,30,0,1101,0
Precinct,210 - Machen (CD 3),11,4,0,0,15,0
Precinct,210 - Machen (CD 2),1197,398,23,1,1619,0
Precinct,212 - Bethel (CD 3),1472,501,36,1,2010,0
Precinct,213 - Phillips (CD 2),921,923,51,3,1898,0
Precinct,214 - Tucker Capps (CD 3),799,528,28,1,1356,0
Precinct,215 - Tyler (CD 3),239,56,6,1,302,0
Precinct,216 - Sandy Bottom (CD 2),547,291,14,1,853,0
Precinct,217 - Syms (CD 2),319,330,21,0,670,0
Precinct,Ab - Central Absentee Precinct (CD 2),178,152,3,0,333,0
Precinct,Ab - Central Absentee Precinct (CD 3),454,126,8,0,588,0
Precinct,Provisional (CD 2),0,3,0,0,3,0
Precinct,Provisional (CD 3),25,4,1,0,30,0
Locality,Hanover County,12437,24995,1239,35,38706,0
Precinct,101 - Ashland,514,382,22,0,918,0
Precinct,104 - Sliding Hill,420,588,41,2,1051,0
Precinct,105 - Berkley,496,274,29,2,801,0
Precinct,106 - Kersey Creek,224,411,25,0,660,0
Precinct,107 - Chickahominy,302,562,31,0,895,0
Precinct,201 - Beaverdam,376,954,50,3,1383,0
Precinct,202 - Blunts,288,394,24,0,706,0
Precinct,203 - Wilmington Parish,340,725,34,1,1100,0
Precinct,206 - Courthouse,261,367,25,0,653,0
Precinct,208 - Oak Knoll,296,602,37,2,937,0
Precinct,209 - West Hanover,101,159,11,0,271,0
Precinct,210 - Oak Hill,95,264,5,0,364,0
Precinct,301 - Clay,386,905,41,0,1332,0
Precinct,303 - Shady Grove,346,794,38,0,1178,0
Precinct,304 - Atlee,728,1348,94,3,2173,0
Precinct,305 - Cool Spring,443,803,41,3,1290,0
Precinct,401 - Battlefield,331,1048,32,3,1414,0
Precinct,403 - Cold Harbor,474,1107,45,0,1626,0
Precinct,404 - Black Creek,305,1129,24,2,1460,0
Precinct,405 - Pebble Creek,261,497,23,0,781,0
Precinct,406 - Beaverdam Creek,77,164,19,0,260,0
Precinct,502 - Rural Point,367,815,35,2,1219,0
Precinct,503 - Newman,329,592,63,1,985,0
Precinct,504 - Studley,156,641,38,1,836,0
Precinct,505 - Totopotomoy,164,508,15,0,687,0
Precinct,506 - Georgetown,258,653,28,0,939,0
Precinct,507 - Laurel Meadow,313,732,39,0,1084,0
Precinct,601 - Village,483,1264,54,3,1804,0
Precinct,602 - Lee Davis,350,862,35,1,1248,0
Precinct,603 - Mechanicsville,290,456,25,0,771,0
Precinct,604 - Hanover Grove,255,558,21,1,835,0
Precinct,701 - Farrington,388,803,35,1,1227,0
Precinct,702 - Montpelier,429,663,31,1,1124,0
Precinct,703 - Rockville,377,806,31,0,1214,0
Precinct,704 - Elmont,458,789,48,2,1297,0
Precinct,705 - South Anna,210,424,13,0,647,0
Precinct,Ab - Central Absentee Precinct,540,946,37,1,1524,0
Precinct,Provisional,6,6,0,0,12,0
Locality,Harrisonburg City,3865,3332,338,4,7539,0
Precinct,101 - Northeast,618,468,64,0,1150,0
Precinct,102 - East Central,503,336,45,0,884,0
Precinct,103 - Southeast,425,423,42,3,893,0
Precinct,104 - East,390,416,39,0,845,0
Precinct,201 - Northwest,580,515,47,0,1142,0
Precinct,202 - Southwest,593,515,56,0,1164,0
Precinct,203 - West,570,456,33,1,1060,0
Precinct,Ab - Central Absentee Precinct,185,199,12,0,396,0
Precinct,Provisional,1,4,0,0,5,0
Locality,Henrico County,54049,41171,2822,91,98133,0
Precinct,101 - Coalpit (CD 7),761,811,59,1,1632,0
Precinct,102 - Dumbarton (CD 7),885,352,34,3,1274,0
Precinct,103 - Glen Allen (CD 7),781,998,45,0,1824,0
Precinct,104 - Glenside (CD 7),597,195,24,1,817,0
Precinct,105 - Greendale (CD 7),343,318,28,0,689,0
Precinct,106 - Hermitage (CD 7),661,510,60,3,1234,0
Precinct,107 - Hilliard (CD 7),306,216,31,1,554,0
Precinct,108 - Hungary Creek (CD 7),905,1027,63,3,1998,0
Precinct,109 - Hunton (CD 7),168,283,19,0,470,0
Precinct,110 - Johnson (CD 7),195,172,22,1,390,0
Precinct,111 - Lakeside (CD 7),498,516,49,1,1064,0
Precinct,112 - Longan (CD 7),544,653,38,4,1239,0
Precinct,113 - Maude Trevvett (CD 7),250,314,21,0,585,0
Precinct,114 - Monument Hills (CD 7),244,270,27,1,542,0
Precinct,115 - Staples Mill (CD 7),834,1088,71,3,1996,0
Precinct,116 - Summit Court (CD 7),285,266,38,1,590,0
Precinct,117 - Westwood (CD 7),477,413,41,2,933,0
Precinct,201 - Adams (CD 3),829,36,5,1,871,0
Precinct,202 - Azalea (CD 3),1053,79,11,10,1153,0
Precinct,203 - Belmont (CD 7),599,320,59,0,978,0
Precinct,204 - Brookland (CD 7),151,123,16,0,290,0
Precinct,205 - Canterbury (CD 7),226,313,7,0,546,0
Precinct,206 - Central Gardens (CD 3),1188,22,9,1,1220,0
Precinct,207 - Chamberlayne (CD 7),1070,311,26,0,1407,0
Precinct,208 - Fairfield (CD 3),886,38,10,0,934,0
Precinct,209 - Glen Lea (CD 3),658,110,9,0,777,0
Precinct,210 - Greenwood (CD 7),619,102,14,0,735,0
Precinct,211 - Highland Gardens (CD 3),690,27,7,1,725,0
Precinct,212 - Hollybrook (CD 7),252,110,17,0,379,0
Precinct,213 - Hungary (CD 7),598,111,13,1,723,0
Precinct,214 - Longdale (CD 7),417,201,31,1,650,0
Precinct,215 - Maplewood (CD 3),1253,48,9,1,1311,0
Precinct,216 - Moody (CD 7),224,229,15,0,468,0
Precinct,217 - Mountain (CD 7),162,157,11,0,330,0
Precinct,218 - Oakview (CD 7),25,29,2,0,56,0
Precinct,219 - Randolph (CD 7),147,23,4,2,176,0
Precinct,220 - Ratcliffe (CD 3),1439,61,14,3,1517,0
Precinct,221 - Stratford Hall (CD 7),77,58,12,0,147,0
Precinct,222 - Wilder (CD 3),925,153,15,0,1093,0
Precinct,223 - Yellow Tavern (CD 7),846,585,37,2,1470,0
Precinct,301 - Causeway (CD 7),351,504,30,1,886,0
Precinct,302 - Cedarfield (CD 7),494,801,42,1,1338,0
Precinct,303 - Innsbrook (CD 7),576,630,41,0,1247,0
Precinct,304 - Jackson Davis (CD 7),305,421,23,1,750,0
Precinct,305 - Nuckols Farm (CD 7),652,961,59,2,1674,0
Precinct,306 - Pocahontas (CD 7),480,595,33,1,1109,0
Precinct,307 - Ridge (CD 7),289,401,33,1,724,0
Precinct,308 - Rivers Edge (CD 7),511,843,36,2,1392,0
Precinct,309 - Sadler (CD 7),509,629,32,1,1171,0
Precinct,310 - Shady Grove (CD 7),556,1002,42,2,1602,0
Precinct,311 - Short Pump (CD 7),655,895,52,0,1602,0
Precinct,312 - Springfield (CD 7),417,372,37,0,826,0
Precinct,313 - Stoney Run (CD 7),775,1070,60,1,1906,0
Precinct,314 - Three Chopt (CD 7),567,635,68,1,1271,0
Precinct,315 - Tucker (CD 7),693,348,32,2,1075,0
Precinct,401 - Byrd (CD 7),673,715,54,0,1442,0
Precinct,402 - Crestview (CD 7),452,394,27,0,873,0
Precinct,403 - Derbyshire (CD 7),409,704,28,0,1141,0
Precinct,404 - Freeman (CD 7),357,422,32,0,811,0
Precinct,405 - Gayton (CD 7),703,1089,48,0,1840,0
Precinct,406 - Godwin (CD 7),621,665,37,0,1323,0
Precinct,407 - Lakewood (CD 7),416,630,36,0,1082,0
Precinct,408 - Lauderdale (CD 7),512,566,54,2,1134,0
Precinct,409 - Maybeury (CD 7),574,756,54,0,1384,0
Precinct,410 - Mooreland (CD 7),309,684,13,0,1006,0
Precinct,411 - Pemberton (CD 7),444,445,34,0,923,0
Precinct,412 - Pinchbeck (CD 7),596,725,60,0,1381,0
Precinct,413 - Ridgefield (CD 7),635,851,48,0,1534,0
Precinct,414 - Rollingwood (CD 7),513,540,33,1,1087,0
Precinct,415 - Skipwith (CD 7),333,336,26,0,695,0
Precinct,416 - Spottswood (CD 7),285,299,15,0,599,0
Precinct,417 - Tuckahoe (CD 7),699,1380,52,1,2132,0
Precinct,418 - Welborne (CD 7),360,387,28,1,776,0
Precinct,419 - West End (CD 7),584,699,37,0,1320,0
Precinct,501 - Antioch (CD 3),277,657,34,1,969,0
Precinct,502 - Cedar Fork (CD 3),459,73,12,0,544,0
Precinct,503 - Chickahominy (CD 3),505,547,25,0,1077,0
Precinct,504 - Donahoe (CD 3),433,202,10,0,645,0
Precinct,505 - Dorey (CD 3),613,578,21,1,1213,0
Precinct,506 - Eanes (CD 3),640,180,23,1,844,0
Precinct,507 - Elko (CD 3),76,253,6,0,335,0
Precinct,508 - Highland Springs (CD 3),625,119,16,0,760,0
Precinct,509 - Laburnum (CD 3),642,220,7,2,871,0
Precinct,510 - Mehfoud (CD 3),701,235,19,1,956,0
Precinct,511 - Montrose (CD 3),1457,209,24,1,1691,0
Precinct,512 - Nine Mile (CD 3),257,173,18,0,448,0
Precinct,513 - Pleasants (CD 3),1057,124,11,1,1193,0
Precinct,514 - Rolfe (CD 3),2012,162,28,1,2203,0
Precinct,515 - Sandston (CD 3),267,505,46,2,820,0
Precinct,516 - Sullivans (CD 3),597,268,17,2,884,0
Precinct,517 - Town Hall (CD 3),223,276,20,0,519,0
Precinct,518 - Whitlocks (CD 3),436,534,28,4,1002,0
Precinct,Ab - Central Absentee Precinct (CD 3),756,190,15,0,961,0
Precinct,Ab - Central Absentee Precinct (CD 7),1508,1543,71,5,3127,0
Precinct,Provisional (CD 3),50,5,0,0,55,0
Precinct,Provisional (CD 7),85,76,12,0,173,0
Locality,Henry County,5695,7549,242,2,13488,0
Precinct,101 - Bassett Number Two (CD 9),176,120,4,0,300,0
Precinct,102 - Gunville (CD 9),153,341,10,0,504,0
Precinct,103 - Scott's Tanyard (CD 9),295,591,28,0,914,0
Precinct,201 - Fieldale (CD 9),148,191,6,0,345,0
Precinct,202 - Horsepasture #1 (CD 9),297,340,7,0,644,0
Precinct,203 - Horsepasture #2 (CD 9),468,103,3,0,574,0
Precinct,204 - Spencer (CD 9),242,395,8,0,645,0
Precinct,302 - Axton (CD 5),270,172,5,0,447,0
Precinct,303 - Irisburg (CD 5),348,363,11,0,722,0
Precinct,304 - Mount Olivet (CD 5),543,413,10,0,966,0
Precinct,304 - Mount Olivet (CD 9),0,0,0,0,0,0
Precinct,305 - Mountain Valley (CD 5),190,178,7,0,375,0
Precinct,401 - Collinsville Number 1 (CD 9),134,284,7,1,426,0
Precinct,402 - Daniels Creek (CD 9),143,245,7,0,395,0
Precinct,404 - Collinsville Number 2 (CD 9),274,497,20,0,791,0
Precinct,405 - Mountain View (CD 5),200,221,7,0,428,0
Precinct,501 - Bassett Number One (CD 9),186,171,10,0,367,0
Precinct,502 - Figsboro (CD 9),187,334,12,0,533,0
Precinct,503 - Stanleytown (CD 9),218,528,19,0,765,0
Precinct,504 - Oak Level (CD 9),90,186,5,0,281,0
Precinct,505 - Dyers Store (CD 5),12,29,0,0,41,0
Precinct,505 - Dyers Store (CD 9),141,144,3,0,288,0
Precinct,601 - Fontaine (CD 9),206,438,16,0,660,0
Precinct,602 - Hillcrest (CD 9),121,122,6,0,249,0
Precinct,603 - Ridgeway #1 (CD 5),232,452,13,0,697,0
Precinct,604 - Ridgeway #2 (CD 9),187,382,13,0,582,0
Precinct,Ab - Central Absentee Precinct (CD 5),75,70,2,0,147,0
Precinct,Ab - Central Absentee Precinct (CD 9),159,234,3,1,397,0
Precinct,Provisional (CD 5),0,0,0,0,0,0
Precinct,Provisional (CD 9),0,5,0,0,5,0
Locality,Highland County,318,564,37,0,919,0
Precinct,1 - Monterey,121,169,17,0,307,0
Precinct,3 - Wilsons Mill,26,44,2,0,72,0
Precinct,5 - Blue Grass,61,108,6,0,175,0
Precinct,7 - Mill Gap,50,64,2,0,116,0
Precinct,8 - Mcdowell,49,145,10,0,204,0
Precinct,10 - Headwaters,11,34,0,0,45,0
Precinct,Provisional,0,0,0,0,0,0
Locality,Hopewell City,2412,2197,134,5,4748,0
Precinct,101 - Ward One,262,287,22,0,571,0
Precinct,201 - Ward Two,374,41,3,0,418,0
Precinct,301 - Ward Three,266,624,22,1,913,0
Precinct,401 - Ward Four,440,462,32,1,935,0
Precinct,501 - Ward Five,225,393,31,2,651,0
Precinct,601 - Ward Six,433,57,9,0,499,0
Precinct,701 - Ward Seven,327,198,10,0,535,0
Precinct,Ab - Central Absentee Precinct,85,135,5,1,226,0
Locality,Isle of Wight County,4979,6714,233,9,11935,0
Precinct,101 - Smithfield,557,895,25,2,1479,0
Precinct,102 - Cypress Creek,456,733,15,1,1205,0
Precinct,201 - Bartlett,513,902,41,2,1458,0
Precinct,202 - Carrollton,485,763,31,0,1279,0
Precinct,301 - Rushmere,574,431,18,0,1023,0
Precinct,302 - Pons,694,319,10,2,1025,0
Precinct,401 - Courthouse,129,276,9,0,414,0
Precinct,402 - Windsor,329,525,14,0,868,0
Precinct,403 - Longview,323,432,12,0,767,0
Precinct,501 - Walters,146,317,12,0,475,0
Precinct,502 - Camps Mill,151,90,3,0,244,0
Precinct,503 - Carrsville,142,163,9,0,314,0
Precinct,504 - Zuni,181,394,19,2,596,0
Precinct,505 - Raynor,104,185,6,0,295,0
Precinct,Ab - Central Absentee Precinct,191,287,9,0,487,0
Precinct,Provisional,4,2,0,0,6,0
Locality,James City County,11577,14403,474,28,26482,0
Precinct,101 - Berkeley A,986,1092,42,1,2121,0
Precinct,102 - Berkeley B,497,544,33,4,1078,0
Precinct,103 - Berkeley C,784,1423,20,3,2230,0
Precinct,201 - Jamestown A,258,200,5,0,463,0
Precinct,202 - Jamestown B,683,592,33,1,1309,0
Precinct,203 - Jamestown C,490,664,19,0,1173,0
Precinct,204 - Jamestown D,812,1188,15,2,2017,0
Precinct,301 - Powhatan A,786,1100,24,4,1914,0
Precinct,302 - Powhatan B,257,221,13,0,491,0
Precinct,303 - Powhatan C,218,405,8,1,632,0
Precinct,304 - Powhatan D,714,596,28,2,1340,0
Precinct,401 - Stonehouse A,507,783,49,2,1341,0
Precinct,402 - Stonehouse B,914,1099,45,2,2060,0
Precinct,403 - Stonehouse C,614,955,27,0,1596,0
Precinct,501 - Roberts A,436,169,18,3,626,0
Precinct,502 - Roberts B,734,1200,24,0,1958,0
Precinct,503 - Roberts C,147,59,8,0,214,0
Precinct,504 - Roberts D,797,797,46,2,1642,0
Precinct,Ab - Central Absentee Precinct,932,1307,17,1,2257,0
Precinct,Provisional,11,9,0,0,20,0
Locality,King and Queen County,1012,1067,59,0,2138,0
Precinct,101 - Owenton,221,129,4,0,354,0
Precinct,201 - Clarks,180,245,15,0,440,0
Precinct,301 - Shacklefords,188,214,18,0,420,0
Precinct,401 - Courthouse,241,201,6,0,448,0
Precinct,501 - Oldmill,124,232,16,0,372,0
Precinct,Ab - Central Absentee Precinct,57,46,0,0,103,0
Precinct,Provisional,1,0,0,0,1,0
Locality,King George County,2460,4148,171,6,6785,0
Precinct,101 - Courthouse,375,702,29,0,1106,0
Precinct,102 - Passapatanzy,215,349,8,0,572,0
Precinct,201 - Monroe,521,1102,52,0,1675,0
Precinct,301 - Dahlgren,633,840,36,5,1514,0
Precinct,401 - Shiloh,564,916,43,1,1524,0
Precinct,Ab - Central Absentee Precinct,147,231,3,0,381,0
Precinct,Provisional,5,8,0,0,13,0
Locality,King William County,1797,3168,181,4,5150,0
Precinct,101 - West Point,389,609,46,1,1045,0
Precinct,201 - Sweet Hall,102,213,15,1,331,0
Precinct,202 - Courthouse,298,320,15,1,634,0
Precinct,301 - Aylett,248,660,38,0,946,0
Precinct,401 - Manquin,289,659,27,0,975,0
Precinct,501 - Mangohick,410,619,33,1,1063,0
Precinct,Ab - Central Absentee Precinct,60,86,7,0,153,0
Precinct,Provisional,1,2,0,0,3,0
Locality,Lancaster County,1924,2573,91,5,4593,0
Precinct,101 - Precinct 1-1,335,514,15,0,864,0
Precinct,201 - Precinct 2-1,373,298,16,0,687,0
Precinct,301 - Precinct 3-1,227,453,13,0,693,0
Precinct,302 - Precinct 3-2,102,193,11,0,306,0
Precinct,401 - Precinct 4-1,397,252,10,1,660,0
Precinct,501 - Precinct 5-1,340,653,20,4,1017,0
Precinct,Ab - Central Absentee Precinct,148,210,6,0,364,0
Precinct,Provisional,2,0,0,0,2,0
Locality,Lee County,2030,3690,88,4,5812,0
Precinct,101 - Elydale,127,187,7,0,321,0
Precinct,102 - Ewing,104,206,4,0,314,0
Precinct,103 - Rose Hill,176,377,13,0,566,0
Precinct,201 - Blackwater,39,50,0,0,89,0
Precinct,202 - Flatwoods,131,296,8,0,435,0
Precinct,203 - Jonesville,251,435,11,1,698,0
Precinct,301 - Ben Hur,256,455,9,1,721,0
Precinct,302 - Woodway,155,279,4,1,439,0
Precinct,401 - Stickleyville,93,141,2,0,236,0
Precinct,402 - Jasper,58,83,7,1,149,0
Precinct,403 - Seminary,60,196,3,0,259,0
Precinct,404 - Dryden,160,258,4,0,422,0
Precinct,501 - Saint Charles,103,101,0,0,204,0
Precinct,502 - Pennington,157,322,10,0,489,0
Precinct,503 - Robbins Chapel,15,52,3,0,70,0
Precinct,504 - Keokee,44,67,0,0,111,0
Precinct,Ab - Central Absentee Precinct,101,184,3,0,288,0
Precinct,Provisional,0,1,0,0,1,0
Locality,Lexington City,981,501,33,3,1518,0
Precinct,1 - Lexington,904,455,29,3,1391,0
Precinct,Ab - Central Absentee Precinct,75,45,4,0,124,0
Precinct,Provisional,2,1,0,0,3,0
Locality,Loudoun County,45042,45500,2081,81,92704,0
Precinct,107 - Little River,910,919,43,1,1873,0
Precinct,108 - Mercer,440,478,18,0,936,0
Precinct,112 - Freedom,638,619,30,1,1288,0
Precinct,114 - Dulles South,273,285,14,0,572,0
Precinct,117 - Carter,694,410,21,1,1126,0
Precinct,118 - Moorefield,395,311,12,1,719,0
Precinct,119 - Arcola,572,547,39,1,1159,0
Precinct,120 - Lunsford,461,459,15,0,935,0
Precinct,121 - Town Hall,313,335,15,2,665,0
Precinct,122 - Hutchison Farm,521,515,28,0,1064,0
Precinct,207 - River Bend,428,408,22,0,858,0
Precinct,208 - Algonkian,404,382,19,0,805,0
Precinct,209 - Potomac Falls,591,508,27,0,1126,0
Precinct,210 - Cascades,668,584,41,2,1295,0
Precinct,213 - Countryside,241,189,12,0,442,0
Precinct,214 - Sugarland North,745,718,35,4,1502,0
Precinct,215 - Sugarland South,674,538,43,3,1258,0
Precinct,216 - Lowes Island,533,596,19,0,1148,0
Precinct,217 - South Bank,648,620,16,1,1285,0
Precinct,218 - University Center,348,275,22,0,645,0
Precinct,219 - Galilee Church,431,355,28,0,814,0
Precinct,301 - Purcellville,589,791,26,0,1406,0
Precinct,302 - Round Hill,459,673,22,4,1158,0
Precinct,303 - Hillsboro,415,667,24,1,1107,0
Precinct,305 - Philomont,220,340,8,0,568,0
Precinct,307 - Middleburg,312,277,13,0,602,0
Precinct,308 - St Louis,316,284,10,0,610,0
Precinct,309 - Aldie,223,267,10,2,502,0
Precinct,310 - Mountain View,484,738,29,0,1251,0
Precinct,311 - Round Hill Elementary,379,616,22,0,1017,0
Precinct,312 - Briar Woods,668,833,38,0,1539,0
Precinct,313 - Pinebrook,516,494,15,0,1025,0
Precinct,314 - Legacy,688,548,25,1,1262,0
Precinct,315 - Firehouse,168,277,4,0,449,0
Precinct,316 - Creighton's Corner,664,592,20,0,1276,0
Precinct,401 - West Lovettsville,525,803,32,1,1361,0
Precinct,402 - Waterford,493,704,20,1,1218,0
Precinct,403 - Lucketts,514,719,23,0,1256,0
Precinct,407 - Harper Park,796,1080,18,3,1897,0
Precinct,408 - Evergreen,430,445,22,0,897,0
Precinct,409 - Clarkes Gap,509,800,20,0,1329,0
Precinct,411 - East Lovettsville,432,649,34,2,1117,0
Precinct,413 - Tuscarora,18,41,2,0,61,0
Precinct,414 - Red Rock,312,314,11,1,638,0
Precinct,416 - Hamilton,695,874,35,2,1606,0
Precinct,417 - Between The Hills,69,116,5,0,190,0
Precinct,419 - J. L. Simpson,411,755,22,0,1188,0
Precinct,501 - West Leesburg,698,521,33,1,1253,0
Precinct,502 - East Leesburg,629,402,40,1,1072,0
Precinct,503 - Dry Mill,364,317,33,0,714,0
Precinct,504 - Smarts Mill,636,508,39,2,1185,0
Precinct,505 - Cool Spring,594,712,30,0,1336,0
Precinct,506 - Brandon Park,338,257,29,0,624,0
Precinct,507 - Greenway,382,338,15,1,736,0
Precinct,508 - Balls Bluff,563,590,36,1,1190,0
Precinct,509 - Tolbert,535,401,19,0,955,0
Precinct,510 - Heritage,384,422,16,1,823,0
Precinct,615 - Hillside,577,526,40,1,1144,0
Precinct,616 - Eagle Ridge,755,822,25,1,1603,0
Precinct,617 - Oak Grove,248,92,6,0,346,0
Precinct,618 - Mill Run,423,382,25,0,830,0
Precinct,619 - Ridgetop,222,103,10,1,336,0
Precinct,620 - Russell Branch,629,561,25,2,1217,0
Precinct,621 - Dominion Trail,742,613,37,2,1394,0
Precinct,622 - Farmwell Station,815,682,25,4,1526,0
Precinct,623 - Weller,976,863,34,2,1875,0
Precinct,624 - Moorefield Station,94,116,4,0,214,0
Precinct,701 - Sully,555,455,36,1,1047,0
Precinct,702 - Park View,537,393,23,1,954,0
Precinct,703 - Rolling Ridge,618,346,40,1,1005,0
Precinct,705 - Forest Grove,665,585,41,1,1292,0
Precinct,707 - Claude Moore Park,458,276,22,1,757,0
Precinct,708 - Seneca,493,456,21,1,971,0
Precinct,709 - Mirror Ridge,592,375,31,1,999,0
Precinct,710 - Sterling,412,341,26,1,780,0
Precinct,808 - Stone Bridge,683,717,38,2,1440,0
Precinct,810 - Cedar Lane,589,531,27,2,1149,0
Precinct,813 - Seldens Landing,408,323,11,2,744,0
Precinct,814 - Newton - Lee,489,728,7,0,1224,0
Precinct,815 - Belmont Ridge,685,590,5,0,1280,0
Precinct,817 - Sanders Corner,582,763,39,1,1385,0
Precinct,818 - Broad Run,435,474,13,0,922,0
Precinct,819 - Heritage Church,388,460,17,0,865,0
Precinct,820 - Belmont Station,415,408,13,1,837,0
Precinct,821 - Lansdowne,350,369,17,0,736,0
Precinct,Ab - Central Absentee Precinct,2826,2917,103,10,5856,0
Precinct,Provisional,25,17,1,0,43,0
Locality,Louisa County,3936,5802,333,4,10075,0
Precinct,101 - Zion,386,586,42,0,1014,0
Precinct,102 - Mechanicsville,225,322,24,0,571,0
Precinct,201 - Louisa #1,229,357,23,0,609,0
Precinct,202 - Louisa #2,232,325,20,1,578,0
Precinct,301 - Patrick Henry No 1,642,440,27,1,1110,0
Precinct,302 - Patrick Henry #2,118,136,12,0,266,0
Precinct,401 - Mineral,339,655,33,0,1027,0
Precinct,402 - Yanceyville,138,161,8,0,307,0
Precinct,501 - Fredericks Hall,189,163,12,0,364,0
Precinct,502 - Cuckoo,160,296,15,0,471,0
Precinct,503 - Elk Creek,134,295,8,0,437,0
Precinct,601 - Bumpass,140,408,23,1,572,0
Precinct,602 - Locust Creek,219,483,27,1,730,0
Precinct,701 - Sheltons Mill,281,476,21,0,778,0
Precinct,702 - South Anna,225,357,16,0,598,0
Precinct,Ab - Central Absentee Precinct,277,342,22,0,641,0
Precinct,Provisional,2,0,0,0,2,0
Locality,Lunenburg County,1481,1736,67,1,3285,0
Precinct,101 - Plymouth,106,272,5,0,383,0
Precinct,201 - Browns Store,140,257,13,0,410,0
Precinct,301 - Rosebud,74,165,10,0,249,0
Precinct,302 - Flat Rock,114,138,3,0,255,0
Precinct,401 - Arrowhead Gun Club,41,136,1,0,178,0
Precinct,402 - Pleasant Grove,107,163,8,0,278,0
Precinct,501 - Reedy Creek,141,95,5,0,241,0
Precinct,502 - Peoples Community Center,201,82,3,1,287,0
Precinct,601 - Hounds Creek,290,133,6,0,429,0
Precinct,701 - Meherrin Fire Department,100,95,9,0,204,0
Precinct,702 - Victoria Public Library,99,151,4,0,254,0
Precinct,Ab - Central Absentee Precinct,68,49,0,0,117,0
Locality,Lynchburg City,8284,10627,461,23,19395,0
Precinct,101 - First Ward First Precinct,660,880,34,2,1576,0
Precinct,102 - First Ward Second Precinct,749,1112,40,1,1902,0
Precinct,103 - First Ward Third Precinct,572,755,23,0,1350,0
Precinct,104 - First Ward Fourth Precinct,247,235,14,0,496,0
Precinct,105 - First Ward Fifth Precinct,452,374,31,0,857,0
Precinct,201 - Second Ward First Precinct,903,241,39,1,1184,0
Precinct,202 - Second Ward Second Precinct,717,160,22,3,902,0
Precinct,203 - Second Ward Third Precinct,290,72,3,1,366,0
Precinct,204 - Second Ward Fourth Precinct,182,130,7,1,320,0
Precinct,301 - Third Ward First Precinct,272,249,23,0,544,0
Precinct,302 - Third Ward Second Precinct,44,1181,31,2,1258,0
Precinct,303 - Third Ward Third Precinct,272,451,13,1,737,0
Precinct,304 - Third Ward Fourth Precinct,227,424,23,1,675,0
Precinct,305 - Third Ward Fifth Precinct,358,902,18,4,1282,0
Precinct,401 - Fourth Ward First Precinct,581,1163,26,0,1770,0
Precinct,402 - Fourth Ward Second Precinct,269,446,29,0,744,0
Precinct,403 - Fourth Ward Third Precinct,492,759,47,2,1300,0
Precinct,404 - Fourth Ward Fourth Precinct,592,761,26,4,1383,0
Precinct,Ab - Central Absentee Precinct,403,329,12,0,744,0
Precinct,Provisional,2,3,0,0,5,0
Locality,Madison County,1418,2560,102,3,4083,0
Precinct,1 - Oak Park,181,254,9,0,444,0
Precinct,2 - Radiant,257,356,15,2,630,0
Precinct,3 - Rochelle,89,222,11,0,322,0
Precinct,4 - Graves Mill,10,38,0,0,48,0
Precinct,5 - Madison,261,442,17,0,720,0
Precinct,6 - Wolftown,145,239,15,1,400,0
Precinct,7 - Brightwood,186,500,21,0,707,0
Precinct,8 - Criglersville,127,246,5,0,378,0
Precinct,9 - Etlan,68,131,6,0,205,0
Precinct,Ab - Central Absentee Precinct,94,132,3,0,229,0
Locality,Manassas City,4004,3891,240,6,8141,0
Precinct,1 - Dean,915,1015,59,1,1990,0
Precinct,2 - Weems,579,615,52,1,1247,0
Precinct,3 - Metz,654,667,42,1,1364,0
Precinct,4 - Haydon,787,783,36,2,1608,0
Precinct,5 - Baldwin,763,584,45,0,1392,0
Precinct,Ab - Central Absentee Precinct,305,225,6,1,537,0
Precinct,Provisional,1,2,0,0,3,0
Locality,Manassas Park City,1107,924,64,2,2097,0
Precinct,1 - Precinct One,553,468,34,1,1056,0
Precinct,2 - Precinct Two,466,374,26,1,867,0
Precinct,Ab - Central Absentee Precinct,88,81,4,0,173,0
Precinct,Provisional,0,1,0,0,1,0
Locality,Martinsville City,2146,1317,75,6,3544,0
Precinct,1 - Precinct #1,338,4,3,2,347,0
Precinct,2 - Precinct #2,394,255,12,1,662,0
Precinct,3 - Precinct #3,244,111,14,1,370,0
Precinct,4 - Precinct #4,426,205,13,1,645,0
Precinct,5 - Precinct #5,447,660,28,1,1136,0
Precinct,6 - Precinct #6,174,5,2,0,181,0
Precinct,Ab - Central Absentee Precinct,123,77,3,0,203,0
Precinct,Provisional,0,0,0,0,0,0
Locality,Mathews County,1208,2141,52,0,3401,0
Precinct,1 - Chesapeake,207,455,12,0,674,0
Precinct,2 - Westville,398,679,14,0,1091,0
Precinct,3 - Piankatank,453,776,24,0,1253,0
Precinct,Ab - Central Absentee Precinct,148,229,2,0,379,0
Precinct,Provisional,2,2,0,0,4,0
Locality,Mecklenburg County,3266,4375,128,0,7769,0
Precinct,101 - Wrights Store,174,149,4,0,327,0
Precinct,102 - Pearsons Store,44,95,2,0,141,0
Precinct,103 - South Clarksville,238,198,7,0,443,0
Precinct,201 - Boydton,140,142,3,0,285,0
Precinct,202 - Bluestone Senior High School,64,23,2,0,89,0
Precinct,203 - Chase City Vfw Post,155,44,3,0,202,0
Precinct,301 - Bracey,148,404,4,0,556,0
Precinct,302 - Lacrosse,158,157,4,0,319,0
Precinct,401 - American Legion Hall,400,230,4,0,634,0
Precinct,402 - Park View Middle School,71,42,1,0,114,0
Precinct,501 - South Hill,291,502,22,0,815,0
Precinct,601 - Baskerville,133,192,2,0,327,0
Precinct,602 - Union Level,33,147,2,0,182,0
Precinct,603 - Smith Crossroads,52,94,3,0,149,0
Precinct,604 - Lake Gaston,65,99,3,0,167,0
Precinct,701 - Chase City,158,216,7,0,381,0
Precinct,702 - Sunshine,141,175,4,0,320,0
Precinct,801 - Finchley,50,75,3,0,128,0
Precinct,802 - Bluestone,149,267,8,0,424,0
Precinct,803 - Chase City Elementary School,117,173,10,0,300,0
Precinct,901 - Averett,21,78,1,0,100,0
Precinct,902 - Buffalo Springs,59,163,4,0,226,0
Precinct,903 - Clarksville,227,515,23,0,765,0
Precinct,Ab - Central Absentee Precinct,176,191,2,0,369,0
Precinct,Provisional,2,4,0,0,6,0
Locality,Middlesex County,1427,2304,91,1,3823,0
Precinct,101 - Saluda,109,147,4,0,260,0
Precinct,102 - Urbanna,176,299,17,0,492,0
Precinct,201 - New Market,225,594,17,1,837,0
Precinct,301 - Waterview,131,136,11,0,278,0
Precinct,302 - Church View,175,152,6,0,333,0
Precinct,401- Harmony Village,270,335,17,0,622,0
Precinct,501 - Wilton,251,504,14,0,769,0
Precinct,Ab - Central Absentee Precinct,87,135,5,0,227,0
Precinct,Provisional,3,2,0,0,5,0
Locality,Montgomery County,11110,9776,871,9,21766,0
Precinct,101 - Precinct A-1,783,579,31,1,1394,0
Precinct,102 - Precinct A-2,607,223,52,2,884,0
Precinct,103 - Precinct A-3,1067,555,63,1,1686,0
Precinct,201 - Precinct B-1,74,57,4,0,135,0
Precinct,202 - Precinct B-2,586,541,56,0,1183,0
Precinct,203 - Precinct B-3,360,415,24,0,799,0
Precinct,204 - Precinct B-4,656,737,57,0,1450,0
Precinct,301 - Precinct C-1,368,536,23,0,927,0
Precinct,302 - Precinct C-2,414,560,22,0,996,0
Precinct,303 - Precinct C-3,145,224,16,0,385,0
Precinct,304 - Precinct C-4,357,518,36,0,911,0
Precinct,401 - Precinct D-1,278,375,24,0,677,0
Precinct,402 - Precinct D-2,310,628,26,0,964,0
Precinct,403 - Precinct D-3,247,446,19,0,712,0
Precinct,404 - Precinct D-4,152,289,8,0,449,0
Precinct,405 - Precinct D-5,450,555,48,0,1053,0
Precinct,501 - Precinct E-1,486,398,44,3,931,0
Precinct,502 - Precinct E-2,336,404,23,1,764,0
Precinct,503 - Precinct E-3,188,92,28,0,308,0
Precinct,601 - Precinct F-1,734,343,68,0,1145,0
Precinct,602 - Precinct F-2,610,271,48,0,929,0
Precinct,603 - Precinct F-3,51,48,10,0,109,0
Precinct,701 - Precinct G-1,975,440,80,1,1496,0
Precinct,702 - Precinct G-2,319,148,47,0,514,0
Precinct,Ab - Central Absentee Precinct,549,386,14,0,949,0
Precinct,Provisional,8,8,0,0,16,0
Locality,Nelson County,2496,2288,289,3,5076,0
Precinct,101 - Rockfish,526,444,75,1,1046,0
Precinct,201 - Lovingston,253,234,36,1,524,0
Precinct,202 - Schuyler,166,136,18,0,320,0
Precinct,301 - Shipman,337,260,31,1,629,0
Precinct,302 - Gladstone,57,39,5,0,101,0
Precinct,401 - Roseland,328,432,45,0,805,0
Precinct,402 - Montebello,35,31,3,0,69,0
Precinct,501 - Faber,184,169,26,0,379,0
Precinct,502 - Nellysford,491,440,39,0,970,0
Precinct,Ab - Central Absentee Precinct,119,102,10,0,231,0
Precinct,Provisional,0,1,1,0,2,0
Locality,New Kent County,2303,4668,195,10,7176,0
Precinct,102 - Tunstall,105,255,10,0,370,0
Precinct,103 - Southern Branch,270,740,24,2,1036,0
Precinct,201 - Quinton,328,603,28,2,961,0
Precinct,202 - Kentwood,150,428,27,1,606,0
Precinct,301 - Watkins,263,285,8,0,556,0
Precinct,302 - Cumberland,273,413,20,0,706,0
Precinct,401 - Providence Forge,330,681,25,1,1037,0
Precinct,403 - Mountcastle,106,244,16,0,366,0
Precinct,501 - Eltham,175,298,15,0,488,0
Precinct,502 - Chickahominy River,193,551,13,2,759,0
Precinct,Ab - Central Absentee Precinct,108,169,7,2,286,0
Precinct,Provisional,2,1,2,0,5,0
Locality,Newport News City,23405,14548,791,26,38770,0
Precinct,101 - Denbigh (CD 3),984,268,20,1,1273,0
Precinct,102 - Epes (CD 3),829,249,22,1,1101,0
Precinct,103 - Jenkins (CD 3),686,428,27,1,1142,0
Precinct,104 - Mcintosh (CD 3),612,185,20,2,819,0
Precinct,105 - Oyster Point (CD 2),160,122,6,0,288,0
Precinct,106 - Reservoir (CD 3),910,466,30,1,1407,0
Precinct,107 - Richneck (CD 2),908,561,33,0,1502,0
Precinct,108 - Lee Hall (CD 3),670,247,17,0,934,0
Precinct,109 - Windsor (CD 2),425,273,13,1,712,0
Precinct,110 - Greenwood (CD 1),757,234,24,0,1015,0
Precinct,201 - Bland (CD 3),147,65,7,1,220,0
Precinct,202 - Boulevard (CD 2),429,493,25,0,947,0
Precinct,203 - Charles (CD 2),765,809,39,2,1615,0
Precinct,204 - Wellesley (CD 2),387,312,21,0,720,0
Precinct,205 - Deep Creek (CD 2),504,819,24,0,1347,0
Precinct,208 - Hidenwood (CD 2),373,536,20,2,931,0
Precinct,209 - Hilton (CD 2),512,548,28,1,1089,0
Precinct,210 - Nelson (CD 2),858,867,44,1,1770,0
Precinct,211 - Palmer (CD 1),51,30,3,0,84,0
Precinct,211 - Palmer (CD 2),541,366,19,0,926,0
Precinct,212 - Riverside (CD 2),343,459,20,0,822,0
Precinct,213 - Sanford (CD 2),204,360,15,0,579,0
Precinct,215 - Warwick (CD 2),339,264,13,1,617,0
Precinct,216 - Yates (CD 2),361,462,17,1,841,0
Precinct,217 - Riverview (CD 2),535,605,28,0,1168,0
Precinct,218 - Kiln Creek (CD 1),19,11,0,0,30,0
Precinct,218 - Kiln Creek (CD 2),999,777,19,3,1798,0
Precinct,219 - Deer Park (CD 2),675,397,16,1,1089,0
Precinct,302 - Briarfield (CD 3),559,113,14,0,686,0
Precinct,303 - Carver (CD 3),386,109,4,0,499,0
Precinct,304 - Chestnut (CD 3),347,8,2,0,357,0
Precinct,305 - Downtown (CD 3),174,40,5,0,219,0
Precinct,306 - Dunbar (CD 3),85,4,2,0,91,0
Precinct,307 - Huntington (CD 3),288,5,1,0,294,0
Precinct,308 - Jefferson (CD 3),349,2,1,0,352,0
Precinct,309 - Magruder (CD 3),387,4,1,0,392,0
Precinct,310 - Marshall (CD 3),472,10,2,0,484,0
Precinct,311 - Newmarket (CD 3),754,209,8,1,972,0
Precinct,312 - Newsome Park (CD 3),123,2,0,0,125,0
Precinct,313 - Reed (CD 3),690,11,4,0,705,0
Precinct,314 - River (CD 3),317,241,22,0,580,0
Precinct,315 - Sedgefield (CD 2),393,355,30,0,778,0
Precinct,316 - South Morrison (CD 3),570,333,23,2,928,0
Precinct,317 - Washington (CD 3),212,3,1,0,216,0
Precinct,318 - Wilson (CD 3),426,42,11,1,480,0
Precinct,319 - Saunders (CD 2),635,590,28,1,1254,0
Precinct,320 - Watkins (CD 2),654,826,45,1,1526,0
Precinct,Ab - Central Absentee Precinct (CD 1),17,10,1,0,28,0
Precinct,Ab - Central Absentee Precinct (CD 2),325,331,11,0,667,0
Precinct,Ab - Central Absentee Precinct (CD 3),249,83,5,0,337,0
Precinct,Provisional (CD 1),1,0,0,0,1,0
Precinct,Provisional (CD 2),4,3,0,0,7,0
Precinct,Provisional (CD 3),5,1,0,0,6,0
Locality,Norfolk City,29210,12252,1043,38,42543,0
Precinct,101 - Granby (CD 3),807,400,23,0,1230,0
Precinct,102 - Ocean View School (CD 2),308,236,25,1,570,0
Precinct,103 - Northside (CD 2),411,400,31,0,842,0
Precinct,104 - Titustown (CD 3),340,38,3,0,381,0
Precinct,106 - Zion Grace (CD 2),730,488,17,1,1236,0
Precinct,201 - Old Dominion (CD 2),831,624,44,4,1503,0
Precinct,203 - Ghent Square (CD 3),352,176,16,0,544,0
Precinct,207 - Lambert's Point (CD 3),616,64,14,2,696,0
Precinct,208 - Larchmont Library (CD 2),294,207,16,0,517,0
Precinct,210 - Maury (CD 3),677,263,32,0,972,0
Precinct,211 - Chrysler Museum (CD 3),770,412,33,2,1217,0
Precinct,212 - Park Place (CD 3),519,16,10,0,545,0
Precinct,213 - Taylor Elementary School (CD 3),807,295,44,3,1149,0
Precinct,214 - Stuart (CD 3),817,253,49,0,1119,0
Precinct,215 - Suburban Park (CD 2),511,389,12,0,912,0
Precinct,217 - Wesley (CD 3),376,188,21,1,586,0
Precinct,218 - Willard (CD 2),871,664,53,1,1589,0
Precinct,301 - Ballentine (CD 3),699,72,8,1,780,0
Precinct,302 - Tanners Creek (CD 3),349,81,18,1,449,0
Precinct,303 - Bowling Park (CD 3),920,31,6,0,957,0
Precinct,304 - Coleman Place School (CD 3),353,76,6,0,435,0
Precinct,305 - Lafayette-winona (CD 3),620,110,9,0,739,0
Precinct,306 - Lindenwood (CD 3),468,32,5,2,507,0
Precinct,309 - Norview (CD 3),1079,244,39,1,1363,0
Precinct,310 - Rosemont (CD 3),1079,34,15,0,1128,0
Precinct,311 - Sherwood (CD 3),870,389,37,2,1298,0
Precinct,313 - Union Chapel (CD 3),355,8,4,0,367,0
Precinct,402 - Berkley (CD 3),723,10,5,0,738,0
Precinct,403 - Brambleton (CD 3),275,3,1,0,279,0
Precinct,404 - Campostella (CD 3),589,17,6,1,613,0
Precinct,405 - Chesterfield (CD 3),773,24,3,0,800,0
Precinct,406 - Barron Black (CD 2),418,269,16,0,703,0
Precinct,408 - Easton (CD 2),507,361,20,1,889,0
Precinct,409 - Fairlawn (CD 2),400,281,21,0,702,0
Precinct,411 - Ruffner Academy (CD 3),124,9,2,0,135,0
Precinct,412 - Ingleside (CD 3),752,96,5,1,854,0
Precinct,413 - Poplar Halls (CD 3),964,185,12,4,1165,0
Precinct,414 - Young Park (CD 3),707,11,3,1,722,0
Precinct,415 - Lake Taylor High School (CD 3),438,205,16,0,659,0
Precinct,501 - Bayview (CD 2),512,518,36,1,1067,0
Precinct,503 - East Ocean View (CD 2),533,432,29,0,994,0
Precinct,504 - Larrymore (CD 2),548,386,21,1,956,0
Precinct,505 - Little Creek (CD 2),301,271,21,0,593,0
Precinct,506 - Ocean View Center (CD 2),640,370,32,0,1042,0
Precinct,507 - Pretlow (CD 2),498,370,33,2,903,0
Precinct,509 - Tarrallton (CD 2),446,566,33,1,1046,0
Precinct,510 - Third Presbyterian (CD 2),510,569,60,1,1140,0
Precinct,511 - Crossroads (CD 2),453,450,38,0,941,0
Precinct,512 - Azalea Gardens (CD 2),301,294,7,0,602,0
Precinct,Ab - Central Absentee Precinct (CD 2),313,220,14,1,548,0
Precinct,Ab - Central Absentee Precinct (CD 3),643,142,18,1,804,0
Precinct,Provisional (CD 2),5,3,1,0,9,0
Precinct,Provisional (CD 3),8,0,0,0,8,0
Locality,Northampton County,1890,1553,127,1,3571,0
Precinct,101 - Precinct 1-1,389,385,14,0,788,0
Precinct,201 - Precinct 2-1,375,158,24,1,558,0
Precinct,301 - Precinct 3-1,380,199,18,0,597,0
Precinct,401 - Precinct 4-1,344,322,33,0,699,0
Precinct,501 - Precinct 5-1,286,375,32,0,693,0
Precinct,Ab - Central Absentee Precinct,114,112,6,0,232,0
Precinct,Provisional,2,2,0,0,4,0
Locality,Northumberland County,2089,2939,99,1,5128,0
Precinct,101 - 1a,309,414,25,0,748,0
Precinct,201 - 2a,320,552,23,0,895,0
Precinct,301 - 3a,311,158,13,0,482,0
Precinct,302 - 3b,186,54,1,0,241,0
Precinct,401 - 4a,433,784,21,0,1238,0
Precinct,501 - 5a,384,748,11,0,1143,0
Precinct,Ab - Central Absentee Precinct,142,227,5,1,375,0
Precinct,Provisional,4,2,0,0,6,0
Locality,Norton City,294,462,26,0,782,0
Precinct,1 - East Ward,293,462,26,0,781,0
Precinct,Provisional,1,0,0,0,1,0
Locality,Nottoway County,1796,1942,79,3,3820,0
Precinct,101 - Precinct 1-1,179,244,12,0,435,0
Precinct,102 - Precinct 1-2,119,170,12,0,301,0
Precinct,201 - Precinct 2-1,216,283,11,2,512,0
Precinct,202 - Precinct 2-2,69,190,3,0,262,0
Precinct,301 - Precinct 3-1,278,118,4,0,400,0
Precinct,302 - Precinct 3-2,126,158,4,1,289,0
Precinct,401 - Precinct 4-1,256,64,5,0,325,0
Precinct,402 - Precinct 4-2,133,213,8,0,354,0
Precinct,501 - Precinct 5-1,358,418,16,0,792,0
Precinct,Ab - Central Absentee Precinct,61,84,4,0,149,0
Precinct,Provisional,1,0,0,0,1,0
Locality,Orange County,3629,5814,247,9,9699,0
Precinct,101 - One West,386,605,39,0,1030,0
Precinct,102 - One East,403,464,31,0,898,0
Precinct,201 - Two West,313,540,17,0,870,0
Precinct,202 - Two East,228,490,22,1,741,0
Precinct,301 - Three West,476,561,31,2,1070,0
Precinct,302 - Three East,140,225,13,1,379,0
Precinct,401 - Four West,244,645,24,0,913,0
Precinct,402 - Four East,281,478,15,1,775,0
Precinct,501 - Five South,477,677,18,0,1172,0
Precinct,502 - Five North,476,828,25,2,1331,0
Precinct,Ab - Central Absentee Precinct,202,296,12,2,512,0
Precinct,Provisional,3,5,0,0,8,0
Locality,Page County,1654,3883,101,2,5640,0
Precinct,101 - West Luray,380,747,23,0,1150,0
Precinct,201 - East Luray,368,814,18,1,1201,0
Precinct,301 - Marksville,336,773,23,0,1132,0
Precinct,401 - Newport,208,637,17,0,862,0
Precinct,501 - Shenandoah,242,738,20,1,1001,0
Precinct,Ab - Central Absentee Precinct,119,172,0,0,291,0
Precinct,Provisional,1,2,0,0,3,0
Locality,Patrick County,1538,3228,117,2,4885,0
Precinct,101 - Ararat,92,164,6,0,262,0
Precinct,102 - Claudville,72,197,5,0,274,0
Precinct,103 - Willis Gap,84,181,3,0,268,0
Precinct,201 - Dry Pond,45,117,5,0,167,0
Precinct,202 - Patrick Springs,155,372,10,0,537,0
Precinct,203 - Russell Creek,133,242,7,0,382,0
Precinct,301 - Critz/stella,170,335,15,0,520,0
Precinct,302 - Liberty,68,267,2,0,337,0
Precinct,401 - Meadows Of Dan,156,240,11,1,408,0
Precinct,402 - Stuart Administration,174,323,17,1,515,0
Precinct,501 - Stuart Community,72,140,5,0,217,0
Precinct,502 - Elamsville,104,223,10,0,337,0
Precinct,503 - Woolwine,132,269,20,0,421,0
Precinct,Ab - Central Absentee Precinct,81,158,1,0,240,0
Locality,Petersburg City,6800,843,97,8,7748,0
Precinct,101 - First Ward First Precinct,590,72,11,0,673,0
Precinct,201 - Second Ward First Precinct,1085,109,14,0,1208,0
Precinct,301 - Third Ward First Precinct,1101,282,24,1,1408,0
Precinct,401 - Fourth Ward First Precinct,748,108,13,0,869,0
Precinct,501 - Fifth Ward First Precinct,680,40,13,3,736,0
Precinct,601 - Sixth Ward First Precinct,763,13,4,2,782,0
Precinct,701 - Seventh Ward First Precinct,1008,95,6,1,1110,0
Precinct,Ab - Central Absentee Precinct,818,124,12,1,955,0
Precinct,Provisional,7,0,0,0,7,0
Locality,Pittsylvania County,6558,11278,250,16,18102,0
Precinct,103 - Twin Springs,283,1162,17,1,1463,0
Precinct,105 - Chatham,184,383,14,1,582,0
Precinct,106 - Tunstall,180,394,7,0,581,0
Precinct,108 - West Blairs,133,238,7,0,378,0
Precinct,201 - Callands,156,354,6,0,516,0
Precinct,202- Bearskin,67,92,1,1,161,0
Precinct,204 - Sandy Level,115,209,4,1,329,0
Precinct,206 - Climax,86,297,8,0,391,0
Precinct,207 - Gretna,319,621,23,0,963,0
Precinct,301 - Central,335,169,4,0,508,0
Precinct,305 - Riceville,253,166,0,2,421,0
Precinct,307 - East Blairs,465,118,4,0,587,0
Precinct,308 - Mt Airy,162,94,2,0,258,0
Precinct,309 - East Gretna,158,146,4,0,308,0
Precinct,402 - Keeling,118,404,5,0,527,0
Precinct,404 - Kentuck,289,714,12,2,1017,0
Precinct,405 - Ringgold,382,657,9,0,1048,0
Precinct,501 - Hurt,302,479,20,0,801,0
Precinct,502 - Motley Sycamore,321,525,17,0,863,0
Precinct,503 - Renan,179,262,5,0,446,0
Precinct,603 - Stony Mill,199,418,7,1,625,0
Precinct,604 - Swansonville,235,294,4,0,533,0
Precinct,605 - Whitmell,180,310,10,0,500,0
Precinct,606 - Brosville,290,242,6,0,538,0
Precinct,607 - Dry Fork,79,208,0,0,287,0
Precinct,702 - Bachelors Hall,165,626,17,1,809,0
Precinct,703 - Ferry Road,63,106,4,0,173,0
Precinct,704 - Mt Hermon,372,800,15,4,1191,0
Precinct,705 - Mt Cross,129,392,5,1,527,0
Precinct,Ab - Central Absentee Precinct,356,397,13,1,767,0
Precinct,Provisional,3,1,0,0,4,0
Locality,Poquoson City,1077,3128,99,1,4305,0
Precinct,1 - Central,305,884,28,0,1217,0
Precinct,2 - Eastern,324,989,31,0,1344,0
Precinct,3 - Western,385,1071,38,1,1495,0
Precinct,Ab - Central Absentee Precinct,63,183,2,0,248,0
Precinct,Provisional,0,1,0,0,1,0
Locality,Portsmouth City,17101,6760,574,17,24452,0
Precinct,1 - One,513,225,26,0,764,0
Precinct,5 - Five,522,8,3,0,533,0
Precinct,7- Seven,418,97,20,0,535,0
Precinct,9 - Nine,613,109,18,0,740,0
Precinct,10 - Ten,286,142,18,1,447,0
Precinct,11 - Eleven,550,11,4,0,565,0
Precinct,13 - Thirteen,344,3,6,0,353,0
Precinct,14 - Fourteen,655,12,5,0,672,0
Precinct,16 - Sixteen,334,165,32,2,533,0
Precinct,17 - Seventeen,437,190,18,3,648,0
Precinct,19 - Nineteen,207,133,12,0,352,0
Precinct,20 - Twenty,405,121,9,0,535,0
Precinct,21 - Twenty-one,437,8,2,0,447,0
Precinct,22 - Twenty-two,312,215,25,0,552,0
Precinct,23 - Twenty-three,260,342,27,1,630,0
Precinct,24 - Twenty-four,369,184,18,0,571,0
Precinct,25 - Twenty-five,459,312,24,1,796,0
Precinct,26 - Twenty-six,856,10,4,0,870,0
Precinct,27 - Twenty-seven,821,17,5,0,843,0
Precinct,28 - Twenty Eight,1283,24,4,1,1312,0
Precinct,29 - Twenty- Nine,195,330,23,0,548,0
Precinct,30 - Thirty,173,338,23,0,534,0
Precinct,31 - Thirty-one,555,333,22,0,910,0
Precinct,32 - Thirty-two,326,390,16,2,734,0
Precinct,33- Thirty-three,211,359,25,0,595,0
Precinct,34- Thirty-four,395,443,28,0,866,0
Precinct,35 - Thirty-five,456,490,31,1,978,0
Precinct,36 - Thirty-six,960,734,34,3,1731,0
Precinct,37 - Thirty-seven,856,385,33,0,1274,0
Precinct,38 - Thirty-eight,985,117,17,1,1120,0
Precinct,39 - Thirty-nine,1144,347,32,1,1524,0
Precinct,Ab - Central Absentee Precinct,758,162,10,0,930,0
Precinct,Provisional,6,4,0,0,10,0
Locality,Powhatan County,2525,6785,375,1,9686,0
Precinct,101 - Subletts,280,833,52,0,1165,0
Precinct,102 - Manakin,224,581,28,0,833,0
Precinct,103 - Flat Rock,134,432,34,0,600,0
Precinct,201 - Powhatan Station,156,622,29,0,807,0
Precinct,202 - Graceland,243,759,37,0,1039,0
Precinct,301 - Bethesda,211,596,43,1,851,0
Precinct,302 - Lee's Landing,183,479,24,0,686,0
Precinct,401 - Powhatan Courthouse,271,990,65,0,1326,0
Precinct,402 - Mt Zion,121,337,11,0,469,0
Precinct,501 - Smith Cross Roads,339,380,18,0,737,0
Precinct,502 - Pineville,170,238,17,0,425,0
Precinct,503 - Tobaccoville,71,252,10,0,333,0
Precinct,Ab - Central Absentee Precinct,121,285,7,0,413,0
Precinct,Provisional,1,1,0,0,2,0
Locality,Prince Edward County,2550,2194,122,1,4867,0
Precinct,101 - Farmville,297,274,10,0,581,0
Precinct,201 - Lockett,358,383,20,0,761,0
Precinct,301 - Leigh,235,167,8,0,410,0
Precinct,302 - Mt Pleasant,144,89,3,0,236,0
Precinct,401 - Hampden,283,215,17,0,515,0
Precinct,501 - Darlington Hts,120,214,4,0,338,0
Precinct,502 - Buffalo Hts,86,134,5,1,226,0
Precinct,601 - Prospect,442,298,24,0,764,0
Precinct,701 - West End,305,278,18,0,601,0
Precinct,801 - Center,188,53,9,0,250,0
Precinct,Ab - Central Absentee Precinct,91,87,4,0,182,0
Precinct,Provisional,1,2,0,0,3,0
Locality,Prince George County,3700,5132,243,6,9081,0
Precinct,101 - Richard Bland (CD 4),227,398,17,0,642,0
Precinct,102 - Templeton (CD 4),459,1048,39,1,1547,0
Precinct,103 - Union Branch (CD 4),470,476,32,0,978,0
Precinct,104 - Rives (CD 4),17,4,2,0,23,0
Precinct,104 - Rives (CD 3),331,231,17,1,580,0
Precinct,105 - Harrison (CD 3),92,246,1,1,340,0
Precinct,201 - Bland (CD 3),463,894,43,1,1401,0
Precinct,202 - Black Water (CD 3),313,587,34,0,934,0
Precinct,203 - Brandon (CD 3),128,267,10,1,406,0
Precinct,204 - Courts Bldg (CD 4),592,563,25,0,1180,0
Precinct,205 - Jefferson Park (CD 4),431,198,12,1,642,0
Precinct,Ab - Central Absentee Precinct (CD 3),84,108,7,0,199,0
Precinct,Ab - Central Absentee Precinct (CD 4),93,112,3,0,208,0
Precinct,Provisional (CD 3),0,0,1,0,1,0
Locality,Prince William County,48140,45366,1955,67,95528,0
Precinct,101 - Brentsville (CD 1),259,771,22,1,1053,0
Precinct,102 - Cedar Point (CD 1),628,892,50,3,1573,0
Precinct,103 - Glenkirk (CD 1),444,665,14,0,1123,0
Precinct,104 - Nokesville (CD 1),317,723,28,0,1068,0
Precinct,105 - Limestone (CD 1),579,761,29,0,1369,0
Precinct,106 - Westgate (CD 1),331,191,28,0,550,0
Precinct,107 - Marsteller (CD 1),765,875,30,1,1671,0
Precinct,108 - Victory (CD 1),654,765,37,2,1458,0
Precinct,109 - Piney Branch (CD 1),465,453,35,1,954,0
Precinct,110 - Buckland Mills (CD 10),262,278,16,1,557,0
Precinct,110 - Buckland Mills (CD 1),117,196,6,1,320,0
Precinct,111 - Bristow Run (CD 1),682,912,36,1,1631,0
Precinct,112 - Burke-nickens (CD 10),458,538,28,0,1024,0
Precinct,112 - Burke-nickens (CD 1),20,28,1,0,49,0
Precinct,201 - Saunders (CD 11),532,287,16,0,835,0
Precinct,202 - Marshall (CD 1),519,881,53,3,1456,0
Precinct,203 - Bennett (CD 1),537,778,30,1,1346,0
Precinct,204 - Ellis (CD 1),412,474,22,0,908,0
Precinct,205 - Buckhall (CD 10),490,691,28,0,1209,0
Precinct,206 - Coles (CD 1),400,629,29,0,1058,0
Precinct,207 - Spriggs (CD 1),670,559,19,0,1248,0
Precinct,208 - Hylton (CD 1),305,612,16,0,933,0
Precinct,209 - Independent Hill (CD 1),284,619,19,1,923,0
Precinct,210 - Penn (CD 11),31,36,0,0,67,0
Precinct,210 - Penn (CD 1),457,694,24,1,1176,0
Precinct,211 - Signal Hill (CD 10),330,476,19,1,826,0
Precinct,212 - Yorkshire (CD 10),516,523,38,1,1078,0
Precinct,213 - Saratoga (CD 1),338,207,16,0,561,0
Precinct,214 - Lucasville (CD 1),253,503,18,2,776,0
Precinct,215 - Rosa Parks (CD 11),545,342,17,0,904,0
Precinct,301 - Dumfries (CD 11),459,218,11,1,689,0
Precinct,302 - Potomac (CD 11),840,217,12,1,1070,0
Precinct,303 - Graham Park (CD 11),288,136,12,1,437,0
Precinct,304 - Quantico (CD 1),54,66,4,0,124,0
Precinct,305 - Pattie (CD 1),539,597,19,2,1157,0
Precinct,306 - Washington-reid (CD 1),683,679,21,1,1384,0
Precinct,307 - Henderson (CD 1),518,617,22,4,1161,0
Precinct,308 - Montclair (CD 1),334,421,10,0,765,0
Precinct,309 - Ashland (CD 1),426,445,20,1,892,0
Precinct,310 - Forest Park (CD 1),554,334,9,0,897,0
Precinct,311 - Swans Creek (CD 11),872,384,15,1,1272,0
Precinct,312 - Triangle (CD 1),120,78,5,1,204,0
Precinct,312 - Triangle (CD 11),476,352,10,1,839,0
Precinct,313 - Cardinal (CD 1),382,288,14,0,684,0
Precinct,314 - Cabin Branch (CD 1),423,384,13,1,821,0
Precinct,401 - Evergreen (CD 10),442,863,45,2,1352,0
Precinct,402 - Battlefield (CD 10),431,871,26,2,1330,0
Precinct,403 - Bull Run (CD 10),382,482,15,0,879,0
Precinct,404 - Ashton (CD 1),459,319,29,0,807,0
Precinct,405 - Stonewall (CD 1),594,433,25,0,1052,0
Precinct,406 - Alvey (CD 10),392,480,3,0,875,0
Precinct,407 - Heritage Hunt (CD 10),876,1184,16,0,2076,0
Precinct,408 - Sudley (CD 1),315,386,24,1,726,0
Precinct,409 - Haymarket (CD 10),444,550,23,0,1017,0
Precinct,410 - Mountain View (CD 10),514,875,39,1,1429,0
Precinct,411 - Mullen (CD 1),474,222,15,1,712,0
Precinct,412 - Catharpin (CD 10),262,585,21,0,868,0
Precinct,413 - Reagan (CD 10),514,855,17,0,1386,0
Precinct,501 - Lake Ridge (CD 1),548,468,16,1,1033,0
Precinct,502 - Occoquan (CD 11),317,300,17,2,636,0
Precinct,503 - Old Bridge (CD 11),432,253,26,0,711,0
Precinct,504 - Rockledge (CD 11),467,397,23,1,888,0
Precinct,505 - Mohican (CD 1),589,586,19,0,1194,0
Precinct,506 - Bethel (CD 11),800,636,37,1,1474,0
Precinct,507 - Chinn (CD 11),530,421,19,0,970,0
Precinct,508 - Springwoods (CD 1),431,254,12,1,698,0
Precinct,509 - Mc Coart (CD 1),675,804,31,3,1513,0
Precinct,510 - Yates Ford (CD 10),338,499,9,0,846,0
Precinct,511 - Westridge (CD 1),551,561,18,1,1131,0
Precinct,512 - York (CD 11),633,221,18,0,872,0
Precinct,513 - Lynnwood (CD 11),521,698,21,1,1241,0
Precinct,514 - Antietam (CD 11),682,551,28,2,1263,0
Precinct,601 - Dale (CD 11),489,189,15,0,693,0
Precinct,602 - Beville (CD 11),814,410,19,2,1245,0
Precinct,603 - Godwin (CD 11),453,153,16,0,622,0
Precinct,604 - Gideon (CD 11),489,240,15,0,744,0
Precinct,605 - Minnieville (CD 11),501,344,19,1,865,0
Precinct,606 - Bel Air (CD 11),463,330,29,1,823,0
Precinct,607 - Kerrydale (CD 11),622,306,18,0,946,0
Precinct,608 - Enterprise (CD 11),566,314,25,1,906,0
Precinct,609 - King (CD 1),0,0,0,0,0,0
Precinct,609 - King (CD 11),736,382,16,0,1134,0
Precinct,610 - Fitzgerald (CD 11),616,308,7,0,931,0
Precinct,611 - Neabsco (CD 11),368,188,10,0,566,0
Precinct,701 - Belmont (CD 11),541,431,14,1,987,0
Precinct,702 - Library (CD 11),524,264,20,0,808,0
Precinct,703 - Lynn (CD 11),283,108,10,0,401,0
Precinct,704 - Porter (CD 11),513,149,16,2,680,0
Precinct,705 - Potomac View (CD 11),252,245,15,0,512,0
Precinct,706 - Rippon (CD 11),557,369,20,1,947,0
Precinct,707 - Kilby (CD 11),370,236,11,0,617,0
Precinct,708 - River Oaks (CD 11),578,155,10,0,743,0
Precinct,709 - Freedom (CD 11),602,150,11,0,763,0
Precinct,710 - Powells Creek (CD 11),528,134,14,1,677,0
Precinct,711 - Grayson (CD 11),532,263,16,0,811,0
Precinct,712 - Leesylvania (CD 11),580,402,22,0,1004,0
Precinct,Ab - Central Absentee Precinct (CD 1),1113,1322,33,1,2469,0
Precinct,Ab - Central Absentee Precinct (CD 10),669,884,14,0,1567,0
Precinct,Ab - Central Absentee Precinct (CD 11),1174,748,27,0,1949,0
Precinct,Provisional (CD 1),9,3,0,0,12,0
Precinct,Provisional (CD 10),7,2,0,0,9,0
Precinct,Provisional (CD 11),10,8,0,0,18,0
Precinct,Provisional (CD 3),7,0,0,0,7,0
Locality,Pulaski County,3301,4796,198,8,8303,0
Precinct,101 - Belspring,158,187,8,0,353,0
Precinct,102 - New River,532,513,17,3,1065,0
Precinct,103 - West Cloyd,207,285,9,1,502,0
Precinct,201 - Draper,232,398,16,1,647,0
Precinct,202 - South Pulaski,54,68,6,0,128,0
Precinct,203 - Newbern,385,498,27,1,911,0
Precinct,301 - Dublin,303,556,21,0,880,0
Precinct,302 - Hiwassee,47,133,4,1,185,0
Precinct,304 - Snowville,170,350,15,1,536,0
Precinct,401 - Massie,445,724,29,0,1198,0
Precinct,402 - Walker,104,271,10,0,385,0
Precinct,501 - Robinson,535,648,32,0,1215,0
Precinct,Ab - Central Absentee Precinct,125,165,4,0,294,0
Precinct,Provisional,4,0,0,0,4,0
Locality,Radford City,1446,1256,82,7,2791,0
Precinct,1 - East Precinct,415,308,23,4,750,0
Precinct,2 - Central Precinct,534,431,29,1,995,0
Precinct,3 - West Precinct,427,464,27,2,920,0
Precinct,Ab - Central Absentee Precinct,70,53,3,0,126,0
Locality,Rappahannock County,1213,1531,53,4,2801,0
Precinct,101 - Washington,265,289,5,1,560,0
Precinct,201 - Amissville,180,365,12,0,557,0
Precinct,301 - Sperryville,246,239,9,0,494,0
Precinct,401 - Scrabble,200,249,12,3,464,0
Precinct,501 - Chester Gap,65,153,5,0,223,0
Precinct,502 - Flint Hill,143,169,7,0,319,0
Precinct,Ab - Central Absentee Precinct,113,66,3,0,182,0
Precinct,Provisional,1,1,0,0,2,0
Locality,Richmond City,38963,10750,1691,35,51439,0
Precinct,101 - One Hundred One (CD 7),545,554,33,0,1132,0
Precinct,102 - One Hundred Two,307,378,19,1,705,0
Precinct,104 - One Hundred Four (CD 7),469,615,28,0,1112,0
Precinct,105 - One Hundred Five (CD 7),460,395,35,1,891,0
Precinct,106 - One Hundred Six (CD 7),378,829,15,0,1222,0
Precinct,111 - One Hundred Eleven (CD 7),450,351,36,0,837,0
Precinct,112 - One Hundred Twelve (CD 7),381,274,24,0,679,0
Precinct,113 - One Hundred Thirteen (CD 3),638,195,43,1,877,0
Precinct,114 - One Hundred Fourteen (CD 3),733,275,86,0,1094,0
Precinct,203 - Two Hundred Three (CD 3),759,195,29,1,984,0
Precinct,204 - Two Hundred Four (CD 3),575,244,44,1,864,0
Precinct,206 - Two Hundred Six (CD 3),425,80,39,0,544,0
Precinct,207 - Two Hundred Seven (CD 3),698,266,72,0,1036,0
Precinct,208 - Two Hundred Eight (CD 3),738,273,42,1,1054,0
Precinct,213 - Two Hundred Thirteen (CD 3),633,50,36,0,719,0
Precinct,301 - Three Hundred One (CD 3),418,27,5,1,451,0
Precinct,302 - Three Hundred Two (CD 3),584,61,14,0,659,0
Precinct,303 - Three Hundred Three (CD 3),442,17,7,0,466,0
Precinct,304 - Three Hundred Four (CD 3),650,16,10,0,676,0
Precinct,305 - Three Hundred Five (CD 3),498,32,14,2,546,0
Precinct,306 - Three Hundred Six (CD 3),408,17,6,1,432,0
Precinct,307 - Three Hundred Seven (CD 3),604,160,27,2,793,0
Precinct,308 - Three Hundred Eight (CD 3),659,190,50,1,900,0
Precinct,309 - Three Hundred Nine (CD 7),414,242,20,1,677,0
Precinct,310 - Three Hundred Ten (CD 3),178,5,2,0,185,0
Precinct,402 - Four Hundred Two (CD 3),1018,437,65,1,1521,0
Precinct,404 - Four Hundred Four (CD 3),775,234,48,0,1057,0
Precinct,409 - Four Hundred Nine (CD 7),1000,722,55,0,1777,0
Precinct,410 - Four Hundred Ten (CD 7),635,297,27,1,960,0
Precinct,412 - Four Hundred Twelve (CD 3),217,81,10,0,308,0
Precinct,412 - Four Hundred Twelve (CD 7),331,99,24,0,454,0
Precinct,413 - Four Hundred Thirteen (CD 7),610,390,33,0,1033,0
Precinct,414 - Four Hundred Fourteen (CD 7),597,482,39,0,1118,0
Precinct,501 - Five Hundred One (CD 3),819,138,67,0,1024,0
Precinct,503 - Five Hundred Three (CD 3),921,101,30,0,1052,0
Precinct,504 - Five Hundred Four (CD 3),834,110,53,1,998,0
Precinct,505 - Five Hundred Five (CD 3),253,42,38,0,333,0
Precinct,508 - Five Hundred Eight (CD 3),460,95,23,2,580,0
Precinct,509 - Five Hundred Nine (CD 3),566,39,19,0,624,0
Precinct,510 - Five Hundred Ten (CD 3),688,38,27,1,754,0
Precinct,602 - Six Hundred Two (CD 3),353,8,6,0,367,0
Precinct,603 - Six Hundred Three (CD 3),543,26,4,0,573,0
Precinct,604 - Six Hundred Four (CD 3),429,11,8,1,449,0
Precinct,606 - Six Hundred Six (CD 3),776,27,10,1,814,0
Precinct,607 - Six Hundred Seven (CD 3),296,91,22,0,409,0
Precinct,609 - Six Hundred Nine (CD 3),422,39,10,2,473,0
Precinct,610 - Six Hundred Ten (CD 3),443,5,4,0,452,0
Precinct,701 - Seven Hundred One (CD 3),463,11,9,0,483,0
Precinct,702 - Seven Hundred Two (CD 3),473,26,19,1,519,0
Precinct,703 - Seven Hundred Three (CD 3),499,20,8,0,527,0
Precinct,705 - Seven Hundred Five (CD 3),473,43,26,1,543,0
Precinct,706 - Seven Hundred Six (CD 3),846,59,26,0,931,0
Precinct,707 - Seven Hundred Seven (CD 3),1012,172,64,1,1249,0
Precinct,708 - Seven Hundred Eight (CD 3),499,109,34,1,643,0
Precinct,802 - Eight Hundred Two (CD 3),488,11,8,0,507,0
Precinct,806 - Eight Hundred Six (CD 3),644,59,8,1,712,0
Precinct,810 - Eight Hundred Ten (CD 3),518,36,11,0,565,0
Precinct,811 - Eight Hundred Eleven (CD 3),574,48,11,0,633,0
Precinct,812 - Eight Hundred Twelve (CD 3),924,137,17,0,1078,0
Precinct,814 - Eight Hundred Fourteen (CD 3),565,26,5,1,597,0
Precinct,902 - Nine Hundred Two (CD 3),260,21,1,0,282,0
Precinct,903 - Nine Hundred Three (CD 3),649,73,8,1,731,0
Precinct,908 - Nine Hundred Eight (CD 7),202,26,3,0,231,0
Precinct,908 - Nine Hundred Eight (CD 3),422,38,7,1,468,0
Precinct,909 - Nine Hundred Nine (CD 3),762,70,21,0,853,0
Precinct,910 - Nine Hundred Ten (CD 3),638,58,7,1,704,0
Precinct,911 - Nine Hundred Eleven (CD 3),683,31,8,0,722,0
Precinct,Ab - Central Absentee Precinct (CD 3),1075,156,25,1,1257,0
Precinct,Ab - Central Absentee Precinct (CD 7),254,265,6,1,526,0
Precinct,Provisional (CD 3),7,0,0,0,7,0
Precinct,Provisional (CD 7),3,2,1,0,6,0
Locality,Richmond County,844,1194,36,2,2076,0
Precinct,101 - Precinct 1-1,295,152,9,0,456,0
Precinct,201 - Precinct 2-1,94,244,8,0,346,0
Precinct,301 - Precinct 3-1,152,242,3,0,397,0
Precinct,401 - Precinct 4-1,143,230,6,2,381,0
Precinct,501 - Precinct 5-1,133,279,10,0,422,0
Precinct,Ab - Central Absentee Precinct,26,47,0,0,73,0
Precinct,Provisional,1,0,0,0,1,0
Locality,Roanoke City,12311,7714,720,19,0,0
Precinct,1 - Highland 1,240,92,23,0,355,0
Precinct,2 - Highland 2,379,155,30,1,565,0
Precinct,5 - Jefferson 1,220,196,28,0,444,0
Precinct,7 - Jefferson-riverdale,219,248,31,1,499,0
Precinct,8 - Jefferson 2,243,177,21,0,441,0
Precinct,9 - Tinker,338,389,38,0,765,0
Precinct,10 - Williamson Road 1,224,201,22,1,448,0
Precinct,11 - Williamson Road 2,179,196,14,1,390,0
Precinct,12 - Williamson Road 3,195,66,8,0,269,0
Precinct,13 - Williamson Road 4,296,142,24,0,462,0
Precinct,14 - Williamson Road 5,217,175,26,0,418,0
Precinct,15 - Williamson Road 6,191,230,17,0,438,0
Precinct,16 - Lincoln Terrace,292,28,7,0,327,0
Precinct,17 - Monterey,297,396,32,1,726,0
Precinct,18 - Peters Creek,961,286,14,1,1262,0
Precinct,19 - Melrose,334,6,5,0,345,0
Precinct,20 - Eureka Park,506,19,7,1,533,0
Precinct,21 - Villa Heights,714,47,9,1,771,0
Precinct,22 - Washington Heights,779,250,28,1,1058,0
Precinct,23 - Westside,411,64,14,0,489,0
Precinct,24 - Raleigh Court 1,418,179,28,0,625,0
Precinct,26 - Raleigh Court 2,301,218,32,1,552,0
Precinct,27 - Raleigh Court 3,377,181,27,0,585,0
Precinct,28 - Raleigh Court 4,292,206,18,0,516,0
Precinct,29 - Raleigh Court 5,302,200,17,0,519,0
Precinct,30 - Wasena,267,159,24,1,451,0
Precinct,31 - Fishburn Park,303,319,28,0,650,0
Precinct,32 - Grandin Court,320,264,18,0,602,0
Precinct,33 - South Roanoke 1,411,464,23,1,899,0
Precinct,34 - South Roanoke 2,480,577,30,1,1088,0
Precinct,35 - Lee-hi,713,745,29,2,1489,0
Precinct,37 - Garden City,302,500,30,3,835,0
Precinct,AB - Central Absentee Precinct,0,0,0,0,0,0
Precinct,Provisional,6,3,0,0,9,0
Locality,Roanoke County,11605,18166,817,26,30614,0
Precinct,101 - Catawba (CD 9),109,228,7,0,344,0
Precinct,102 - Mason Valley (CD 9),102,224,15,0,341,0
Precinct,103 - Glenvar (CD 9),277,550,19,1,847,0
Precinct,104 - Northside (CD 9),270,335,23,0,628,0
Precinct,105 - Peters Creek (CD 9),523,812,33,0,1368,0
Precinct,106 - Green Hill (CD 9),546,815,32,0,1393,0
Precinct,107 - Bennett Springs (CD 9),135,317,13,0,465,0
Precinct,108 - Wildwood (CD 9),222,418,26,1,667,0
Precinct,201 - Plantation (CD 6),342,456,29,0,827,0
Precinct,202 - Burlington (CD 6),218,272,11,1,502,0
Precinct,203 - Mountain View (CD 6),503,822,32,0,1357,0
Precinct,204 - Botetourt Springs (CD 9),493,605,10,1,1109,0
Precinct,205 - Orchards (CD 6),567,1038,29,0,1634,0
Precinct,206 - Hollins (CD 6),173,253,19,0,445,0
Precinct,301 - Bent Mountain (CD 9),138,212,22,0,372,0
Precinct,302 - Poages Mill (CD 6),471,978,36,3,1488,0
Precinct,303 - Windsor Hills (CD 6),330,482,32,1,845,0
Precinct,304 - Oak Grove (CD 6),588,948,41,2,1579,0
Precinct,305 - Castle Rock (CD 6),681,974,40,1,1696,0
Precinct,306 - Garst Mill (CD 6),316,356,19,1,692,0
Precinct,402 - Bonsack (CD 6),91,206,14,0,311,0
Precinct,403 - North Vinton (CD 6),269,481,26,2,778,0
Precinct,404 - South Vinton (CD 6),407,516,28,1,952,0
Precinct,405 - Lindenwood (CD 6),598,1088,58,0,1744,0
Precinct,406 - Mount Pleasant (CD 6),377,720,36,2,1135,0
Precinct,501 - Cotton Hill (CD 6),309,480,20,1,810,0
Precinct,502 - Penn Forest (CD 6),299,412,12,0,723,0
Precinct,503 - Cave Spring (CD 6),388,556,19,2,965,0
Precinct,504 - Ogden (CD 6),288,304,23,0,615,0
Precinct,505 - Clearbrook (CD 6),206,398,12,2,618,0
Precinct,506 - Mount Vernon (CD 6),310,354,23,2,689,0
Precinct,507 - Hunting Hills (CD 6),513,794,33,2,1342,0
Precinct,Ab - Central Absentee Precinct,584,336,18,1,939,0
Precinct,Ab - Central Absentee Precinct (CD 6),408,630,22,0,1060,0
Precinct,Ab - Central Absentee Precinct (CD 9),136,128,3,0,267,0
Precinct,Provisional (CD 6),2,2,0,0,4,0
Precinct,Provisional (CD 9),0,2,0,0,2,0
Locality,Rockbridge County,2713,3696,153,1,6563,0
Precinct,101 - Airport,272,334,10,1,617,0
Precinct,102 - Ben Salem,176,240,11,0,427,0
Precinct,103 - Plank Road,79,130,3,0,212,0
Precinct,104 - Effinger,92,163,4,0,259,0
Precinct,201 - Collierstown,189,223,5,0,417,0
Precinct,202 - Highland Belle,329,412,11,0,752,0
Precinct,203 - Vo-tech,105,99,7,0,211,0
Precinct,301 - Maury River,166,160,15,0,341,0
Precinct,302 - Natural Bridge,139,180,9,0,328,0
Precinct,303 - Falling Spring,53,125,9,0,187,0
Precinct,401 - Fairfield,159,243,5,0,407,0
Precinct,402 - Mountain View,191,324,13,0,528,0
Precinct,403 - Vesuvius,48,120,2,0,170,0
Precinct,501 - Goshen,68,138,10,0,216,0
Precinct,502 - Meadowview,170,172,14,0,356,0
Precinct,503 - Rockbridge Baths,122,152,10,0,284,0
Precinct,504 - Rockbridge,198,266,12,0,476,0
Precinct,Ab - Central Absentee Precinct,156,214,3,0,373,0
Precinct,Provisional,1,1,0,0,2,0
Locality,Rockingham County,5323,14744,540,19,20626,0
Precinct,101 - Broadway,257,653,22,2,934,0
Precinct,102 - Timberville,116,294,9,1,420,0
Precinct,103 - Fulks Run,70,382,9,0,461,0
Precinct,104 - Bergton,31,169,5,1,206,0
Precinct,105 - Lacey Spring,67,358,11,0,436,0
Precinct,106 - Tenth Legion,71,276,17,0,364,0
Precinct,107 - Plains,95,336,17,0,448,0
Precinct,108 - Little North Mountain,60,217,5,0,282,0
Precinct,201 - Singers Glen,134,470,14,0,618,0
Precinct,202 - Edom,249,682,27,1,959,0
Precinct,203 - Dayton,135,334,13,0,482,0
Precinct,204 - Mt Clinton,174,560,19,1,754,0
Precinct,205 - Silver Lake,253,683,26,1,963,0
Precinct,301 - Keezletown,141,371,13,1,526,0
Precinct,302 - Port Republic,166,535,12,0,713,0
Precinct,303 - Melrose,101,308,10,0,419,0
Precinct,304 - Grottoes,151,435,17,0,603,0
Precinct,305 - Massanetta Springs,748,1349,55,1,2153,0
Precinct,306 - Cross Keys,63,223,9,0,295,0
Precinct,401 - Bridgewater,529,973,35,0,1537,0
Precinct,402 - Montezuma,191,594,18,0,803,0
Precinct,403 - Mt Crawford,40,91,3,1,135,0
Precinct,404 - North River,109,477,21,0,607,0
Precinct,405 - Ottobine,120,636,19,0,775,0
Precinct,501 - Elkton,223,565,26,1,815,0
Precinct,502 - Swift Run,158,733,26,2,919,0
Precinct,503 - Mcgaheysville,220,618,29,3,870,0
Precinct,504 - South Fork,73,344,15,1,433,0
Precinct,505 - Stony Run,330,530,27,1,888,0
Precinct,Ab - Central Absentee Precinct,246,543,11,1,801,0
Precinct,Provisional,2,5,0,0,7,0
Locality,Russell County,2442,3947,108,4,6501,0
Precinct,101 - Moccasin,122,294,6,0,422,0
Precinct,102 - Copper Creek,125,185,4,1,315,0
Precinct,103 - South Castlewood,110,165,8,1,284,0
Precinct,201 - North Castlewood,273,474,10,0,757,0
Precinct,202 - Dante,63,88,3,0,154,0
Precinct,301 - Cooks Mill,59,64,1,0,124,0
Precinct,302 - Daugherty,73,136,0,0,209,0
Precinct,303 - New Garden,147,202,5,0,354,0
Precinct,304 - Cleveland,143,151,6,0,300,0
Precinct,401 - Drill,34,26,1,0,61,0
Precinct,402 - Swords Creek,165,413,8,0,586,0
Precinct,403 - Honaker,145,163,6,0,314,0
Precinct,501 - West Lebanon,450,594,20,0,1064,0
Precinct,601 - East Lebanon,160,368,17,1,546,0
Precinct,602 - Elk Garden,212,457,9,0,678,0
Precinct,Ab - Central Absentee Precinct,159,167,4,1,331,0
Precinct,Provisional,2,0,0,0,2,0
Locality,Salem City,2750,3914,210,2,6876,0
Precinct,1 - North Salem No 2,403,487,30,1,921,0
Precinct,2 - Conehurst,152,191,16,0,359,0
Precinct,3 - Beverly Heights,163,310,6,0,479,0
Precinct,4 - West Salem,264,428,25,0,717,0
Precinct,5 - North Salem No 1,371,426,29,1,827,0
Precinct,6 - South Salem No 1,188,201,14,0,403,0
Precinct,7 - South Salem No 2,237,335,35,0,607,0
Precinct,8 - East Salem,97,154,9,0,260,0
Precinct,9 - South Side Hills,313,564,23,0,900,0
Precinct,10 - Hidden Valley,408,617,19,0,1044,0
Precinct,Ab - Central Absentee Precinct,154,201,4,0,359,0
Locality,Scott County,1406,3699,70,4,5179,0
Precinct,101 - Weber City,97,280,2,0,379,0
Precinct,102 - Yuma,126,324,11,0,461,0
Precinct,202 - Weber City East,80,237,1,0,318,0
Precinct,203 - Hiltons,109,355,3,0,467,0
Precinct,204 - Clark's,25,93,1,0,119,0
Precinct,301 - Nickelsville,69,251,5,1,326,0
Precinct,302 - Snowflake,70,204,2,0,276,0
Precinct,303 - Twin Springs,64,166,2,0,232,0
Precinct,304 - Copper Creek,23,44,2,0,69,0
Precinct,401 - Gate City,247,629,18,1,895,0
Precinct,501 - Dungannon,56,114,2,0,172,0
Precinct,502 - Fort Blackmore,57,112,2,0,171,0
Precinct,503 - Manville,24,88,1,0,113,0
Precinct,504 - Rye Cove,87,182,3,1,273,0
Precinct,601 - Clinchport,47,115,3,0,165,0
Precinct,602 - Duffield-pattonsville,108,309,5,1,423,0
Precinct,603 - Fairview,33,55,3,0,91,0
Precinct,Ab - Central Absentee Precinct,84,141,4,0,229,0
Precinct,Provisional,0,0,0,0,0,0
Locality,Shenandoah County,3219,7624,238,11,11092,0
Precinct,101 - Orkney Springs,186,368,12,2,568,0
Precinct,103 - New Market,324,908,33,1,1266,0
Precinct,201 - Conicville,197,661,24,2,884,0
Precinct,202 - Mt Jackson,200,534,11,0,745,0
Precinct,302 - Edinburg,203,600,23,2,828,0
Precinct,303 - St Luke,187,605,22,0,814,0
Precinct,304 - Fort Valley,114,346,11,0,471,0
Precinct,401 - Woodstock,589,1075,31,3,1698,0
Precinct,501 - Cedar Creek,24,43,3,0,70,0
Precinct,503 - Toms Brook,329,783,19,0,1131,0
Precinct,504 - Lebanon Church,166,503,14,0,683,0
Precinct,601 - Strasburg,504,924,29,1,1458,0
Precinct,Ab - Central Absentee Precinct,193,269,6,0,468,0
Precinct,Provisional,3,5,0,0,8,0
Locality,Smyth County,2405,4296,148,6,6855,0
Precinct,101 - Saltville,276,480,10,1,767,0
Precinct,201 - Seven Mile Ford,174,407,18,0,599,0
Precinct,202 - Rich Valley,103,147,3,0,253,0
Precinct,301 - Chilhowie,259,585,14,0,858,0
Precinct,302 - St Clair,73,154,6,1,234,0
Precinct,401 - East Park,234,351,11,0,596,0
Precinct,402 - West Park,119,152,3,0,274,0
Precinct,501 - Atkins,176,384,27,0,587,0
Precinct,502 - Wassona,260,245,8,2,515,0
Precinct,601 - Royal Oak East,205,340,15,2,562,0
Precinct,602 - Royal Oak West,106,207,4,0,317,0
Precinct,701 - Adwolfe,138,446,11,0,595,0
Precinct,702 - Sugar Grove,133,226,8,0,367,0
Precinct,703 - Konnarock,17,38,2,0,57,0
Precinct,Ab - Central Absentee Precinct,130,132,8,0,270,0
Precinct,Provisional,2,2,0,0,4,0
Locality,Southampton County,2377,2594,88,3,5062,0
Precinct,101 - Berlin,82,251,12,0,345,0
Precinct,102 - Ivor,239,279,7,0,525,0
Precinct,201 - Boykins,356,173,4,1,534,0
Precinct,202 - Branchville,71,83,3,0,157,0
Precinct,301 - Capron,227,181,11,0,419,0
Precinct,302 - Sebrell,178,202,5,0,385,0
Precinct,401 - Drewryville,164,107,5,0,276,0
Precinct,501 - Hunterdale,234,378,14,0,626,0
Precinct,502 - Forks-of-the-river,123,137,5,0,265,0
Precinct,601 - Courtland,276,291,5,1,573,0
Precinct,602 - Sedley,48,177,4,0,229,0
Precinct,701 - Blackwater River,184,79,5,0,268,0
Precinct,702 - Newsoms,159,211,5,1,376,0
Precinct,Ab - Central Absentee Precinct,36,45,3,0,84,0
Precinct,Provisional,0,0,0,0,0,0
Locality,Spotsylvania County,12381,19445,732,26,32584,0
Precinct,101 - Partlow (CD 7),248,583,25,0,856,0
Precinct,102 - Blaydes Corner (CD 7),265,572,19,1,857,0
Precinct,103 - Travelers Rest (CD 7),503,726,36,2,1267,0
Precinct,104 - Massaponax (CD 1),0,1,0,0,1,0
Precinct,104 - Massaponax (CD 7),426,699,24,3,1152,0
Precinct,201 - Wilderness School (CD 7),367,687,20,2,1076,0
Precinct,202 - Wilderness Fire (CD 7),331,654,37,1,1023,0
Precinct,203 - Ni River / Elys Ford (CD 7),277,716,25,1,1019,0
Precinct,204 - Chancellor (CD 7),542,715,35,1,1293,0
Precinct,301 - Plank Road (CD 1),490,791,20,1,1302,0
Precinct,302 - Hazel Run (CD 1),596,829,36,2,1463,0
Precinct,303 - Riverbend (CD 7),2,8,0,0,10,0
Precinct,303 - Riverbend (CD 1),592,1092,26,1,1711,0
Precinct,401 - Summit (CD 7),2,10,0,0,12,0
Precinct,401 - Summit (CD 1),538,695,41,0,1274,0
Precinct,402 - Parkside (CD 1),269,391,7,0,667,0
Precinct,402 - Parkside (CD 7),278,240,11,0,529,0
Precinct,403 - Lee Hill (CD 1),115,130,4,0,249,0
Precinct,403 - Lee Hill (CD 7),595,836,37,1,1469,0
Precinct,501 - Belmont (CD 7),232,542,25,0,799,0
Precinct,502 - Brokenburg (CD 7),197,480,22,0,699,0
Precinct,503 - Post Oak (CD 7),221,570,16,0,807,0
Precinct,504 - Courthouse (CD 7),473,710,23,1,1207,0
Precinct,505 - Brock (CD 7),423,893,19,0,1335,0
Precinct,601 - Salem (CD 7),559,753,39,2,1353,0
Precinct,602 - Smith Station (CD 7),750,951,41,1,1743,0
Precinct,603 - Piedmont (CD 7),330,492,22,3,847,0
Precinct,701 - Battlefield (CD 1),458,606,19,0,1083,0
Precinct,702 - Brents Mill (CD 1),255,378,14,0,647,0
Precinct,702 - Brents Mill (CD 7),282,320,23,1,626,0
Precinct,703 - Fairview (CD 7),298,297,17,2,614,0
Precinct,704 - Gayle (CD 7),751,980,20,0,1751,0
Precinct,Ab - Central Absentee Precinct (CD 1),209,301,11,0,521,0
Precinct,Ab - Central Absentee Precinct (CD 7),506,797,18,0,1321,0
Precinct,Provisional (CD 7),1,0,0,0,1,0
Locality,Stafford County,13436,19790,729,34,33989,0
Precinct,101 - Hartwood,534,1359,51,0,1944,0
Precinct,102 - Rocky Run,429,519,15,1,964,0
Precinct,103 - Simpson,357,680,21,1,1059,0
Precinct,104 - College,520,888,30,2,1440,0
Precinct,201 - Rock Hill,413,683,21,1,1118,0
Precinct,202 - Roseville,566,862,39,0,1467,0
Precinct,203 - Ruby,248,712,23,3,986,0
Precinct,204 - Stefaniga,561,1020,19,3,1603,0
Precinct,301 - Griffis,408,313,20,2,743,0
Precinct,302 - Widewater,600,566,31,0,1197,0
Precinct,303 - Harbour,319,591,25,1,936,0
Precinct,304 - Barrett,265,259,13,0,537,0
Precinct,401 - Aquia,199,136,7,0,342,0
Precinct,402 - Courthouse,786,646,34,1,1467,0
Precinct,403 - Brooke,548,983,31,0,1562,0
Precinct,404 - Government Island,427,748,24,0,1199,0
Precinct,501 - Grafton,572,1048,40,1,1661,0
Precinct,502 - Falmouth,515,711,24,2,1252,0
Precinct,503 - Drew,380,576,25,2,983,0
Precinct,504 - Gayle,582,546,9,0,1137,0
Precinct,601 - Ferry Farm,429,785,34,3,1251,0
Precinct,602 - Chatham,563,796,33,0,1392,0
Precinct,603 - White Oak,424,900,48,2,1374,0
Precinct,604 - England Run,248,171,10,3,432,0
Precinct,701 - Woodlands,683,893,20,0,1596,0
Precinct,702 - Whitson,522,544,27,1,1094,0
Precinct,703 - Hampton,684,997,26,4,1711,0
Precinct,Ab - Central Absentee Precinct,645,850,28,1,1524,0
Precinct,Provisional,9,8,1,0,18,0
Locality,Staunton City,3010,3045,175,7,6237,0
Precinct,101 - Ward No 1,464,510,36,2,1012,0
Precinct,201 - Ward Two,534,728,31,2,1295,0
Precinct,301 - Ward No 3,536,590,51,1,1178,0
Precinct,401 - Ward No 4,545,588,22,0,1155,0
Precinct,501 - Ward No 5,775,474,33,2,1284,0
Precinct,Ab - Central Absentee Precinct,156,155,2,0,313,0
Locality,Suffolk City,13533,10202,435,17,24187,0
Precinct,101 - Belleharbour,445,154,12,0,611,0
Precinct,102 - Driver,755,1118,47,3,1923,0
Precinct,104 - Bennetts Creek,501,511,20,0,1032,0
Precinct,201 - Ebenezer,350,668,18,0,1036,0
Precinct,202 - Chuckatuck,420,515,12,0,947,0
Precinct,203 - Kings Fork,689,376,13,2,1080,0
Precinct,204 - Hillpoint,518,314,11,0,843,0
Precinct,301 - White Marsh,240,110,5,0,355,0
Precinct,302 - John F Kennedy,933,113,15,0,1061,0
Precinct,304 - Nansemond River,724,362,26,0,1112,0
Precinct,305 - Shoulders Hill,267,165,7,0,439,0
Precinct,401 - Airport,325,316,15,0,656,0
Precinct,402 - Whaleyville,194,477,14,0,685,0
Precinct,403 - Southside,353,27,5,0,385,0
Precinct,404 - Booker T Washington,597,37,5,1,640,0
Precinct,405 - Pittmantown,142,132,5,1,280,0
Precinct,501 - Kilbys Mill,572,792,33,3,1400,0
Precinct,502 - Holland,581,670,22,2,1275,0
Precinct,504 - Lake Cohoon,493,815,23,0,1331,0
Precinct,601 - Lakeside,609,465,27,1,1102,0
Precinct,602 - Olde Towne,173,108,7,1,289,0
Precinct,603 - Elephants Fork/westhaven,158,172,8,0,338,0
Precinct,604 - Wilroy,337,366,17,0,720,0
Precinct,605 - Hollywood,375,13,6,0,394,0
Precinct,702 - Harbourview,571,571,20,1,1163,0
Precinct,704 - Burbage Grant,739,337,26,0,1102,0
Precinct,706 - Huntersville,700,102,2,0,804,0
Precinct,Ab - Central Absentee Precinct,764,395,14,2,1175,0
Precinct,Provisional,8,1,0,0,9,0
Locality,Surry County,1545,963,61,0,2569,0
Precinct,101 - Surry,251,297,19,0,567,0
Precinct,201 - Bacons Castle,336,146,6,0,488,0
Precinct,301 - Dendron,154,115,9,0,278,0
Precinct,302 - Walls Bridge,163,81,4,0,248,0
Precinct,401 - Carsley,321,159,11,0,491,0
Precinct,501 - Claremont,180,139,8,0,327,0
Precinct,502 - Spring Grove,140,25,4,0,169,0
Precinct,Provisional,0,1,0,0,1,0
Locality,Sussex County,1710,1241,36,0,2987,0
Precinct,101 - Waverly,337,113,3,0,453,0
Precinct,201 - Stony Creek,297,122,5,0,424,0
Precinct,202 - Little Mill,56,33,2,0,91,0
Precinct,301 - Courthouse,143,246,3,0,392,0
Precinct,302 - Wakefield,19,96,2,0,117,0
Precinct,401 - Mars Hill,256,162,6,0,424,0
Precinct,402 - West Wakefield,49,10,0,0,59,0
Precinct,501 - Henry,228,133,4,0,365,0
Precinct,502 - Yale,117,39,3,0,159,0
Precinct,601 - Blackwater,132,198,4,0,334,0
Precinct,602 - Newville,76,89,4,0,169,0
Precinct,Provisional,0,0,0,0,0,0
Locality,Tazewell County,2574,6972,119,11,9676,0
Precinct,101 - Abbs Valley,66,77,2,0,145,0
Precinct,102 - Tip Top,58,146,9,0,213,0
Precinct,103 - Boissevain,56,42,1,0,99,0
Precinct,104 - Falls Mills,46,154,1,0,201,0
Precinct,106 - Pocahontas,51,63,3,0,117,0
Precinct,107 - Amonate,13,35,1,0,49,0
Precinct,109 - Bishop,29,62,2,0,93,0
Precinct,110 - Adria,61,175,0,0,236,0
Precinct,111 - Gap Store,72,139,5,1,217,0
Precinct,112 - Bandy,31,62,1,0,94,0
Precinct,203 - Burkes Garden,34,53,1,0,88,0
Precinct,204 - Clear Fork,54,219,7,0,280,0
Precinct,207 - Freestone,31,76,1,1,109,0
Precinct,209 - Jeffersonville,419,889,19,1,1328,0
Precinct,214 - Thompson Valley,71,226,4,0,301,0
Precinct,301 - Cedar Bluff,240,842,9,0,1091,0
Precinct,302 - Baptist Valley,62,137,1,0,200,0
Precinct,303 - Wardell,90,331,3,1,425,0
Precinct,305 - Pounding Mill,64,274,4,0,342,0
Precinct,401 - Richlands,303,872,13,1,1189,0
Precinct,402 - Jewell Ridge,43,75,2,0,120,0
Precinct,404 - Raven,80,244,3,0,327,0
Precinct,501 - Springville,127,509,11,0,647,0
Precinct,502 - Graham,336,1037,13,2,1388,0
Precinct,Ab - Central Absentee Precinct,136,231,3,4,374,0
Precinct,Provisional,1,2,0,0,3,0
Locality,Virginia Beach City,49218,54602,2863,64,106747,0
Precinct,1 - North Beach,642,1026,21,1,1690,0
Precinct,2 - South Beach,431,481,40,1,953,0
Precinct,3 - Ocean Lakes,590,749,49,0,1388,0
Precinct,4 - Linkhorn,488,781,29,0,1298,0
Precinct,5 - Seatack,526,312,32,0,870,0
Precinct,6 - Alanton,613,929,32,0,1574,0
Precinct,7 - Kingston,364,639,25,1,1029,0
Precinct,8 - London Bridge,514,590,35,0,1139,0
Precinct,9 - Trantwood,528,843,32,0,1403,0
Precinct,10 - Great Neck,529,1086,30,1,1646,0
Precinct,11 - Cape Henry,810,819,28,1,1658,0
Precinct,12 - Plaza,583,437,34,1,1055,0
Precinct,13 - Mt Trashmore,625,717,35,2,1379,0
Precinct,14 - Malibu,542,578,62,0,1182,0
Precinct,15 - Old Donation,337,374,27,1,739,0
Precinct,16 - Aragona,620,618,66,0,1304,0
Precinct,17 - Ocean Park,403,525,35,0,963,0
Precinct,18 - Thoroughgood,658,875,51,0,1584,0
Precinct,19 - Lake Smith,279,423,21,0,723,0
Precinct,20 - Bayside,376,456,23,0,855,0
Precinct,21 - Davis Corner,884,271,26,2,1183,0
Precinct,22 - Point O View,386,564,27,1,978,0
Precinct,23 - Arrowhead,440,662,53,1,1156,0
Precinct,24 - Larkspur,400,448,11,1,860,0
Precinct,25 - Avalon,685,806,34,1,1526,0
Precinct,26 - Fairfield,507,656,19,2,1184,0
Precinct,27 - Edwin,610,764,44,0,1418,0
Precinct,28 - Thalia,373,532,26,1,932,0
Precinct,29 - Holland,532,315,28,0,875,0
Precinct,30 - Red Wing,432,716,27,1,1176,0
Precinct,31 - Sigma,566,1171,38,1,1776,0
Precinct,32 - Creeds,203,419,15,0,637,0
Precinct,33 - Capps Shop,217,496,18,0,731,0
Precinct,34 - Blackwater,130,264,11,0,405,0
Precinct,35 - Courthouse,517,907,36,2,1462,0
Precinct,36 - Windsor Oaks,702,538,49,0,1289,0
Precinct,37 - Chesapeake Beach,316,375,24,0,715,0
Precinct,38 - Witchduck,693,1051,35,3,1782,0
Precinct,39 - Pembroke,547,590,41,1,1179,0
Precinct,40 - Bonney,327,375,30,1,733,0
Precinct,41 - College Park,977,369,22,0,1368,0
Precinct,42 - Brandon,547,531,32,0,1110,0
Precinct,43 - Bellamy,495,319,29,1,844,0
Precinct,44 - Centerville,551,682,48,0,1281,0
Precinct,45 - Timberlake,544,257,24,1,826,0
Precinct,46 - Green Run,535,291,22,0,848,0
Precinct,47 - Kings Grant,575,1085,35,1,1696,0
Precinct,48 - Wolfsnare,520,777,31,1,1329,0
Precinct,49 - Lynnhaven,554,841,29,1,1425,0
Precinct,50 - Oceana,290,149,9,0,448,0
Precinct,51 - Stratford Chase,470,575,19,1,1065,0
Precinct,52 - Homestead,690,780,34,0,1504,0
Precinct,53 - Shannon,453,575,24,0,1052,0
Precinct,54 - Cromwell,409,342,27,0,778,0
Precinct,55 - Magic Hollow,530,303,26,2,861,0
Precinct,56 - Edinburgh,268,361,20,0,649,0
Precinct,57 - Sherry Park,283,428,17,0,728,0
Precinct,58 - Glenwood,540,520,20,2,1082,0
Precinct,59 - Shelton Park,336,405,20,0,761,0
Precinct,60 - Foxfire,521,879,34,1,1435,0
Precinct,61 - Baker,616,71,15,2,704,0
Precinct,62 - Landstown,546,673,27,1,1247,0
Precinct,63 - Culver,559,748,44,3,1354,0
Precinct,64 - Rosemont Forest,667,653,30,0,1350,0
Precinct,65 - Colonial,500,496,24,0,1020,0
Precinct,66 - Hunt,404,620,27,1,1052,0
Precinct,67 - Eastern Shore,516,431,45,2,994,0
Precinct,68 - Manor,515,684,33,0,1232,0
Precinct,69 - Shell,601,233,15,0,849,0
Precinct,70 - Corporate Landing,423,491,49,0,963,0
Precinct,71 - Round Hill,898,531,34,2,1465,0
Precinct,72 - Rudee,449,630,39,1,1119,0
Precinct,73 - Dahlia,771,446,39,0,1256,0
Precinct,74 - Buckner,459,260,18,1,738,0
Precinct,75 - Colony,584,878,32,0,1494,0
Precinct,76 - Village,433,234,21,0,688,0
Precinct,77 - Brookwood,439,423,27,1,890,0
Precinct,78 - Indian Lakes,476,434,27,0,937,0
Precinct,79 - Pleasant Hall,452,249,24,0,725,0
Precinct,80 - Chimney Hill,513,227,34,0,774,0
Precinct,81 - Rock Lake,577,411,31,1,1020,0
Precinct,82 - Shelburne,342,542,23,0,907,0
Precinct,83 - Strawbridge,481,683,30,2,1196,0
Precinct,84 - Tallwood,530,398,18,0,946,0
Precinct,85 - Upton,559,815,45,1,1420,0
Precinct,86 - Haygood,569,685,25,0,1279,0
Precinct,87 - Hillcrest,453,577,15,0,1045,0
Precinct,88 - North Landing,308,510,33,1,852,0
Precinct,89 - Lake Christopher,522,641,20,0,1183,0
Precinct,90 - Lake Joyce,314,426,32,0,772,0
Precinct,91 - Lexington,490,352,27,1,870,0
Precinct,92 - Little Neck,364,606,22,1,993,0
Precinct,93 - Newtown,396,59,13,0,468,0
Precinct,94 - Pinewood,220,331,24,0,575,0
Precinct,Ab - Central Absentee Precinct,2226,2465,78,5,4774,0
Precinct,Provisional,33,42,2,0,77,0
Locality,Warren County,3048,5933,231,25,9237,0
Precinct,101 - Fork Town,247,331,13,2,593,0
Precinct,102 - Otterburn,314,790,17,2,1123,0
Precinct,201 - Happy Creek,335,681,28,7,1051,0
Precinct,202 - Linden,300,558,40,1,899,0
Precinct,301 - North River,294,435,24,2,755,0
Precinct,302 - Riverton,218,556,11,3,788,0
Precinct,401 - East Shenandoah,326,849,25,2,1202,0
Precinct,402 - Town - West Shenandoah,242,429,19,3,693,0
Precinct,501 - South River,356,594,32,1,983,0
Precinct,502 - Bentonville,122,261,9,0,392,0
Precinct,504 - Browntown,112,219,5,0,336,0
Precinct,Ab - Central Absentee Precinct,177,220,8,2,407,0
Precinct,Provisional,5,10,0,0,15,0
Locality,Washington County,4402,9361,235,17,14015,0
Precinct,101 - East Abingdon,470,716,25,2,1213,0
Precinct,102 - West Abingdon,292,381,12,3,688,0
Precinct,201 - Clinchburg,83,257,5,0,345,0
Precinct,202 - Greendale,148,432,6,1,587,0
Precinct,203 - Hayters Gap,73,154,5,0,232,0
Precinct,204 Woodland Hills,214,463,8,0,685,0
Precinct,301 - Watauga,357,789,26,1,1173,0
Precinct,302 - South Abingdon,430,663,13,1,1107,0
Precinct,401 - Glade Spring,296,569,18,0,883,0
Precinct,402 - Meadowview,351,638,18,1,1008,0
Precinct,501 - Rhea Valley,303,769,21,0,1093,0
Precinct,502 - Damascus,206,358,17,0,581,0
Precinct,504 - Green Cove,23,78,2,0,103,0
Precinct,601 - Burson Place,172,695,14,1,882,0
Precinct,602 - Mendota,39,128,3,3,173,0
Precinct,603 - Valley Institute,164,494,3,1,662,0
Precinct,701 - High Point,183,571,17,1,772,0
Precinct,702 - Wallace,119,257,6,0,382,0
Precinct,703 - John Battle,231,604,9,0,844,0
Precinct,Ab - Central Absentee Precinct,247,342,7,2,598,0
Precinct,Provisional,1,3,0,0,4,0
Locality,Waynesboro City,1951,2675,184,2,4812,0
Precinct,1 - Ward A,257,275,32,0,564,0
Precinct,2 - Ward B,588,809,63,0,1460,0
Precinct,3 - Ward C,384,464,41,0,889,0
Precinct,4 - Ward D,635,1022,45,2,1704,0
Precinct,Ab - Central Absentee Precinct,86,104,3,0,193,0
Precinct,Provisional,1,1,0,0,2,0
Locality,Westmoreland County,2217,2338,93,6,4654,0
Precinct,101 - Precinct 1-1,382,177,10,2,571,0
Precinct,102 - Precinct 1-2,171,122,4,0,297,0
Precinct,201 - Precinct 2-1,465,501,18,0,984,0
Precinct,301 - Precinct 3-1,337,370,14,1,722,0
Precinct,401 - Precinct 4-1,253,508,24,3,788,0
Precinct,501 - Precinct 5-1,417,455,19,0,891,0
Precinct,Ab - Central Absentee Precinct,189,205,4,0,398,0
Precinct,Provisional,3,0,0,0,3,0
Locality,Williamsburg City,2466,1360,88,3,3917,0
Precinct,1 - Stryker,1121,613,41,1,1776,0
Precinct,2 - Matoaka,1161,621,46,2,1830,0
Precinct,Ab - Central Absentee Precinct,184,126,1,0,311,0
Locality,Winchester City,2732,2985,195,9,5921,0
Precinct,101 - Merrimans,651,702,45,1,1399,0
Precinct,102 - Old Town,473,529,36,2,1040,0
Precinct,201 - Virginia Avenue,444,327,39,3,813,0
Precinct,301 - War Memorial,349,398,31,1,779,0
Precinct,401 - Frederick Douglass,185,222,12,0,419,0
Precinct,402 - Rolling Hills,412,603,27,2,1044,0
Precinct,AB - Central Absentee Precinct,216,204,5,0,425,0
Precinct,Provisional,2,0,0,0,2,0
Locality,Wise County,2181,5414,125,3,7723,0
Precinct,101 - Appalachia,194,237,8,1,440,0
Precinct,102 - Dorchester,81,210,1,0,292,0
Precinct,103 - Guest River Voting Place,85,231,2,0,318,0
Precinct,104 - West Pound,247,663,13,0,923,0
Precinct,201 - North Coeburn,95,283,12,0,390,0
Precinct,202 - Wise,324,826,20,1,1171,0
Precinct,203 - East Pound,49,160,6,0,215,0
Precinct,301 - Big Stone Gap,329,567,15,0,911,0
Precinct,302 - East Stone Gap,242,697,23,1,963,0
Precinct,401 - Clinch Valley,163,642,10,0,815,0
Precinct,402 - South Coeburn,171,615,9,0,795,0
Precinct,403 - St Paul,116,149,6,0,271,0
Precinct,Ab - Central Absentee Precinct,84,133,0,0,217,0
Precinct,Provisional,1,1,0,0,2,0
Locality,Wythe County,2393,4562,177,10,7142,0
Precinct,101 - Royal Oak,57,209,4,0,270,0
Precinct,102 - Rural Retreat,283,621,21,0,925,0
Precinct,203 - West Wytheville,492,658,37,1,1188,0
Precinct,303 - East Wytheville,462,677,28,0,1167,0
Precinct,401 - Fort Chiswell,168,447,14,0,629,0
Precinct,402 - Max Meadows,172,390,16,2,580,0
Precinct,501 - Jackson Memorial,136,233,6,0,375,0
Precinct,502 - Sheffey,186,477,14,3,680,0
Precinct,601 - Huddle,83,192,8,0,283,0
Precinct,602 - Zion,148,313,13,2,476,0
Precinct,603  Evergreen,94,217,10,1,322,0
Precinct,Ab - Central Absentee Precinct,112,127,6,1,246,0
Precinct,Provisional,0,1,0,0,1,0
Locality,York County,7974,12141,493,17,20625,0
Precinct,101 - Queens Lake,564,641,25,5,1235,0
Precinct,102 - Waller Mill,548,728,27,2,1305,0
Precinct,103 - Magruder,924,562,44,1,1531,0
Precinct,201 - Coventry,754,1075,45,0,1874,0
Precinct,202 - Kiln Creek,379,556,21,0,956,0
Precinct,301 - Seaford,479,1331,43,2,1855,0
Precinct,302 - Yorktown,565,814,33,2,1414,0
Precinct,303 - Edgehill,585,652,53,1,1291,0
Precinct,401 - Harwoods Mill,578,1161,31,1,1771,0
Precinct,402 - Dare,530,1239,41,0,1810,0
Precinct,403 - Grafton,315,514,22,0,851,0
Precinct,501 - Tabb,689,1293,43,0,2025,0
Precinct,502 - Bethel,684,1004,40,1,1729,0
Precinct,Ab - Central Absentee Precinct,377,569,24,2,972,0
Precinct,Provisional,3,2,1,0,6,0
