,,Timothy M. Kaine,Hung Cao,Write-Ins,Total Votes Cast
,,Democratic,Republican,,
State,Virginia,2417115,2019911,8509,4445535
Locality,Accomack County,7672,9339,26,17037
Precinct,101 - Chincoteague,831,1340,4,2175
Precinct,201 - Atlantic,222,532,1,755
Precinct,202 - Greenbackville,397,928,2,1327
Precinct,301 - New Church,892,717,4,1613
Precinct,401 - Bloxom,223,464,2,689
Precinct,402 - Parksley,284,478,0,762
Precinct,403 - Saxis,53,165,1,219
Precinct,501 - Mappsville,414,279,2,695
Precinct,502 - Rue,441,146,0,587
Precinct,601 - Accomac,638,832,1,1471
Precinct,602 - Tangier,42,189,0,231
Precinct,701 - Nandua,1035,1116,1,2152
Precinct,801 - Bobtown,257,465,1,723
Precinct,802 - Melfa,476,403,1,880
Precinct,803 - Wachapreague,192,392,2,586
Precinct,901 - Painter,1161,756,2,1919
Precinct,Provisional,114,137,2,253
Locality,Albemarle County,43968,21912,76,65956
Precinct,101 - Woodbrook,1558,727,3,2288
Precinct,103 - Branchlands,613,236,1,850
Precinct,104 - Agnor-hurt,1344,442,3,1789
Precinct,105 - Dunlora,2313,654,3,2970
Precinct,106 - Northside,1388,916,1,2305
Precinct,201 - Jack Jouett,1882,956,0,2838
Precinct,202 - University,1142,274,3,1419
Precinct,203 - Georgetown,1693,474,3,2170
Precinct,301 - Ivy,2338,1004,4,3346
Precinct,302 - Red Hill,1589,935,3,2527
Precinct,304 - East Ivy,593,304,0,897
Precinct,305 - Country Green,1765,666,5,2436
Precinct,306 - Porters,762,492,2,1256
Precinct,307 - Yellow Mountain,640,414,0,1054
Precinct,401 - Scottsville,672,729,1,1402
Precinct,402 - Monticello,584,636,1,1221
Precinct,405 - Mountain View,2599,763,8,3370
Precinct,406 - Stone Robinson,1608,1278,3,2889
Precinct,407 - Biscuit Run,1174,373,1,1548
Precinct,501 - Keswick,709,513,1,1223
Precinct,502 - Stony Point,744,577,0,1321
Precinct,503 - Hollymead,1668,764,3,2435
Precinct,504 - Free Bridge,1304,446,2,1752
Precinct,506 - Baker-butler,2479,1394,9,3882
Precinct,507 - Pantops,1255,550,2,1807
Precinct,601 - Crozet,1988,1132,1,3121
Precinct,602 - Free Union,645,542,1,1188
Precinct,603 - Earlysville,1596,1151,4,2751
Precinct,604 - Brownsville,1757,941,1,2699
Precinct,606 - Mechums River,2243,1006,4,3253
Precinct,ALBEMARLE COUNTY PROVISIONALS,1323,623,3,1949
Locality,Alexandria City,62597,17175,222,79994
Precinct,101 - Old Town North,2233,678,3,2914
Precinct,102 - City Hall,1691,777,5,2473
Precinct,103 - Lyles Crouch School,2162,780,9,2951
Precinct,104 - Durant Center,1913,511,8,2432
Precinct,105 - Lee Center,1733,498,3,2234
Precinct,106 - Cora Kelly,2517,495,9,3021
Precinct,107 - Mt Vernon Recreation Center,3065,531,13,3609
Precinct,108 - George Washington Middle Sch,2928,571,9,3508
Precinct,109 - Fire Department Headquarters,1668,492,4,2164
Precinct,110 - Charles Houston Center,2707,594,7,3308
Precinct,111 - Potomac Yard,1215,320,7,1542
Precinct,201 - Naomi L. Brooks School,1861,395,2,2258
Precinct,202 - George Mason School,1852,690,3,2545
Precinct,203 - Charles Barrett Center,1828,476,6,2310
Precinct,204 - Blessed Sacrament Church,1964,565,4,2533
Precinct,205 - Douglas Macarthur School,2357,735,8,3100
Precinct,206 - Alexandria City High School,1894,568,7,2469
Precinct,207 - Temple Beth El Synagogue,2320,761,6,3087
Precinct,208 - Nova Arts Center,1575,428,7,2010
Precinct,209 - James K Polk School,2242,573,7,2822
Precinct,210 - F.t. Day School,1287,347,10,1644
Precinct,211 - Alex Renew,2151,537,10,2698
Precinct,212 - The View Alexandria,1029,283,0,1312
Precinct,302 - Patrick Henry Rec Center,1624,393,9,2026
Precinct,303 - Charles E Beatley Library,1611,359,3,1973
Precinct,304 - Tucker School,1886,494,4,2384
Precinct,305 - John Adams School,1361,360,11,1732
Precinct,306 - William Ramsay School,1406,392,6,1804
Precinct,307 - Tucker West,1832,535,5,2372
Precinct,308 - Cameron Station Community Ctr,2260,718,9,2987
Precinct,309 - Olympus Condo,1259,300,7,1566
Precinct,310 - Del Pepper Center,1095,320,7,1422
Precinct,ALEXANDRIA CITY PROVISIONALS,2071,699,14,2784
Locality,Alleghany County,2786,5358,13,8157
Precinct,101 - Arritt,235,643,0,878
Precinct,103 - Dameron,75,225,0,300
Precinct,201 - Humpback Bridge,140,352,4,496
Precinct,202 - Dolly Ann,240,479,0,719
Precinct,301 - Callaghan,97,355,1,453
Precinct,302 - Griffith,199,526,0,725
Precinct,401 - Low Moor,189,344,0,533
Precinct,402 - Jackson Heights,267,496,1,764
Precinct,501 - Iron Gate,89,173,0,262
Precinct,502 - Peters Switch,262,707,2,971
Precinct,601 - District 1,465,533,0,998
Precinct,701 - District 2,472,445,5,922
Precinct,Provisional,56,80,0,136
Locality,Amelia County,2314,5600,6,7920
Precinct,101 - Number 1,380,958,0,1338
Precinct,201 - Number 2,489,1104,2,1595
Precinct,301 - Number 3,417,1182,1,1600
Precinct,401 - Number 4,471,1194,3,1668
Precinct,501 - Number 5,515,1093,0,1608
Precinct,AMELIA COUNTY PROVISIONALS,42,69,0,111
Locality,Amherst County,5790,11414,20,17224
Precinct,101 - Wright Shop,568,537,0,1105
Precinct,102 - New Glasgow,487,1067,1,1555
Precinct,103 - Coolwell,168,537,1,706
Precinct,201 - Court House,943,1415,3,2361
Precinct,202 - Temperance,229,720,1,950
Precinct,301 - Monroe,315,644,0,959
Precinct,302 - Elon,624,1835,2,2461
Precinct,303 - Pleasant View,172,462,2,636
Precinct,401 - Amelon,813,1678,3,2494
Precinct,402 - Lonco,282,560,3,845
Precinct,501 - Madison,1124,1829,3,2956
Precinct,AMHERST COUNTY PROVISIONALS,65,130,1,196
Locality,Appomattox County,2562,6923,10,9495
Precinct,101 - Vera,147,514,0,661
Precinct,102 - Pamplin,345,853,1,1199
Precinct,201 - Chap,148,249,0,397
Precinct,202 - Spout Spring,315,1214,2,1531
Precinct,301 - Us 460,199,730,0,929
Precinct,302 - Stonewall,302,851,1,1154
Precinct,401 - Courthouse,534,1113,4,1651
Precinct,501 - Oakville,357,938,1,1296
Precinct,502 - Agee,184,369,1,554
Precinct,APPOMATTOX COUNTY PROVISIONALS,31,92,0,123
Locality,Arlington County,100725,27269,365,128359
Precinct,101 - Precinct 101,1453,443,6,1902
Precinct,102 - Precinct 102,2125,456,6,2587
Precinct,103 - Precinct 103,1155,416,2,1573
Precinct,104 - Precinct 104,2258,574,8,2840
Precinct,105 - Precinct 105,1844,423,2,2269
Precinct,106 - Precinct 106,1670,466,6,2142
Precinct,107 - Precinct 107,2061,503,6,2570
Precinct,108 - Precinct 108,2162,665,8,2835
Precinct,109 - Precinct 109,2342,593,12,2947
Precinct,110 - Precinct 110,2590,706,6,3302
Precinct,111 - Precinct 111,1426,418,2,1846
Precinct,112 - Precinct 112,1810,442,2,2254
Precinct,113 - Precinct 113,1222,398,7,1627
Precinct,114 - Precinct 114,1489,375,5,1869
Precinct,115 - Precinct 115,1070,276,9,1355
Precinct,116 - Precinct 116,2311,609,11,2931
Precinct,117 - Precinct 117,2226,529,4,2759
Precinct,118 - Precinct 118,3397,871,10,4278
Precinct,119 - Precinct 119,2661,772,12,3445
Precinct,120 - Precinct 120,1936,597,2,2535
Precinct,121 - Precinct 121,963,309,3,1275
Precinct,122 - Precinct 122,1964,447,4,2415
Precinct,123 - Precinct 123,1953,442,3,2398
Precinct,124 - Precinct 124,2588,626,12,3226
Precinct,125 - Precinct 125,1871,448,5,2324
Precinct,126 - Precinct 126,2071,471,6,2548
Precinct,127 - Precinct 127,2061,531,7,2599
Precinct,128 - Precinct 128,2200,508,17,2725
Precinct,129 - Precinct 129,2019,451,3,2473
Precinct,130 - Precinct 130,1840,405,11,2256
Precinct,131 - Precinct 131,2039,484,3,2526
Precinct,132 - Precinct 132,720,257,5,982
Precinct,133 - Precinct 133,1898,730,4,2632
Precinct,134 - Precinct 134,1785,487,3,2275
Precinct,135 - Precinct 135,1980,831,2,2813
Precinct,136 - Precinct 136,2085,552,1,2638
Precinct,137 - Precinct 137,1809,506,2,2317
Precinct,138 - Precinct 138,1562,380,10,1952
Precinct,139 - Precinct 139,1164,267,5,1436
Precinct,140 - Precinct 140,2576,711,7,3294
Precinct,141 - Precinct 141,2160,554,6,2720
Precinct,142 - Precinct 142,1602,365,3,1970
Precinct,143 - Precinct 143,1242,362,9,1613
Precinct,144 - Precinct 144,1391,355,8,1754
Precinct,145 - Precinct 145,1499,384,12,1895
Precinct,146 - Precinct 146,2377,669,11,3057
Precinct,147 - Precinct 147,1443,322,11,1776
Precinct,148 - Precinct 148,1526,509,4,2039
Precinct,149 - Precinct 149,1534,402,3,1939
Precinct,150 - Precinct 150,1834,474,10,2318
Precinct,151 - Precinct 151,517,119,2,638
Precinct,152 - Precinct 152,1267,391,11,1669
Precinct,153 - Precinct 153,1844,525,4,2373
Precinct,154 - Precinct 154,914,196,3,1113
Precinct,PROVISIONALS,3219,1267,29,4515
Locality,Augusta County,12517,31605,61,44183
Precinct,101 - Jolivue,453,759,0,1212
Precinct,102 - Stuarts Draft Elementary,262,431,1,694
Precinct,103 - Verona,510,1160,1,1671
Precinct,104 - Wilson,646,1038,4,1688
Precinct,201 - Crimora,617,1943,4,2564
Precinct,202 - New Hope,285,981,2,1268
Precinct,203 - Weyers Cave,643,1498,4,2145
Precinct,301 - Fort Defiance,486,1151,2,1639
Precinct,302 - North River,295,1012,2,1309
Precinct,303 - Mount Solon,206,984,0,1190
Precinct,304 - Rolla,743,1451,2,2196
Precinct,401 - Buffalo Gap,338,1040,3,1381
Precinct,402 - Churchville Elementary,418,1300,3,1721
Precinct,403 - Craigsville,153,709,0,862
Precinct,404 - Deerfield,79,327,0,406
Precinct,405 - Cedar Green,552,1123,1,1676
Precinct,501 - Greenville,446,1480,0,1926
Precinct,502 - Middlebrook,196,565,1,762
Precinct,503 - Spottswood,210,851,1,1062
Precinct,504 - White Hill,642,1905,6,2553
Precinct,601 - Sherando,371,1136,2,1509
Precinct,602 - Ridgeview,520,1663,7,2190
Precinct,603 - Lyndhurst,360,822,1,1183
Precinct,604 - Mount Vernon,536,1175,5,1716
Precinct,801 - Dooms,425,1165,1,1591
Precinct,802 - Fishersville,1148,1879,4,3031
Precinct,803 - Ladd,315,621,0,936
Precinct,804 - Goose Creek,429,867,2,1298
Precinct,AUGUSTA COUNTY PROVISIONALS,233,569,2,804
Locality,Bath County,684,1881,1,2566
Precinct,101 - Warm Springs,142,306,1,449
Precinct,102 - Mountain Grove,18,53,0,71
Precinct,201 - Hot Springs,141,278,0,419
Precinct,301 - Fairview,74,338,0,412
Precinct,302 - Burnsville,21,66,0,87
Precinct,401 - Millboro,119,428,0,547
Precinct,501 - Healing Springs,156,374,0,530
Precinct,BATH COUNTY PROVISIONALS,13,38,0,51
Locality,Bedford County,13068,37536,52,50656
Precinct,101 - Goodview Elem School,520,1608,1,2129
Precinct,102 - Hardy Vol Fire Co,233,677,2,912
Precinct,103 - Chamblissburg Baptist Church,345,1135,0,1480
Precinct,104 - Barnhardt Baptist Church,283,930,2,1215
Precinct,105 - Diamond Hill Baptist Church,216,825,0,1041
Precinct,201 - Bedford Christian Church,187,548,2,737
Precinct,202 - Staunton River High School,310,1029,0,1339
Precinct,203 - Eastlake Community Church,544,1540,1,2085
Precinct,204 - Huddleston Elementary School,237,1018,2,1257
Precinct,205 - Saunders Vol Fire Co,508,1290,1,1799
Precinct,301 - New London Academy,496,1813,4,2313
Precinct,302 - Bedford County Gym,457,1346,5,1808
Precinct,303 - Forest Alliance Church,240,791,1,1032
Precinct,304 - 1 In Christ Church,209,661,0,870
Precinct,305 - Forest Fire Station #2,312,1024,2,1338
Precinct,401 - Forest Elementary School,695,1955,3,2653
Precinct,402 - Thomas Jefferson Elem School,556,1516,3,2075
Precinct,403 - Pleasant View Baptist Church,588,1374,3,1965
Precinct,404 - Forest Recreation Center,257,577,2,836
Precinct,501 - Big Island Elementary School,266,947,2,1215
Precinct,502 - Suck Spring Baptist Church,250,775,2,1027
Precinct,503 - Boonsboro Elementary School,737,1278,2,2017
Precinct,504 - Boonsboro Ruritan Club,847,2451,2,3300
Precinct,601 - Montvale Elem School,366,1123,2,1491
Precinct,602 - Shady Grove Fire Department,358,1439,2,1799
Precinct,603 - Bedford Moose Lodge,245,755,0,1000
Precinct,604 - Bedford Welcome Center,686,1276,5,1967
Precinct,701 - Goode Vol Rescue Squad,495,1805,0,2300
Precinct,702 - Liberty High School,336,977,0,1313
Precinct,703 - Thaxton Baptist Church,248,843,0,1091
Precinct,704 - Bedford Central Library,725,1192,0,1917
Precinct,705 - Mountain View Church,136,364,1,501
Precinct,Provisionals,180,654,0,834
Locality,Bland County,709,2707,2,3418
Precinct,101 - Bastian,69,321,0,390
Precinct,102 - Ceres,108,375,0,483
Precinct,201 - Davis,35,115,0,150
Precinct,202 - Seddon,169,549,1,719
Precinct,301 - Hollybrook,69,401,1,471
Precinct,302 - Mechanicsburg,52,240,0,292
Precinct,401 - Rocky Gap,199,689,0,888
Precinct,BLAND COUNTY PROVISIONALS,8,17,0,25
Locality,Botetourt County,6608,14950,24,21582
Precinct,101 - Daleville,992,1796,3,2791
Precinct,102 - Greenfield,627,1422,4,2053
Precinct,201 - Blue Ridge,615,1518,1,2134
Precinct,202 - Rainbow Forest,620,1540,2,2162
Precinct,301 - Buchanan,523,1344,5,1872
Precinct,302 - Mill Creek,610,1445,2,2057
Precinct,403 - Eagle Rock,365,968,0,1333
Precinct,406 - Fincastle,857,2014,3,2874
Precinct,501 - Troutville,380,888,0,1268
Precinct,502 - Cloverdale,935,1839,4,2778
Precinct,BOTETOURT COUNTY PROVISIONALS,84,176,0,260
Locality,Bristol City,2629,4699,4,7332
Precinct,001 - 1st,503,925,0,1428
Precinct,002 - 2nd,698,997,1,1696
Precinct,003 - 3rd,545,623,1,1169
Precinct,004 - 4th,565,1330,0,1895
Precinct,005 - 5th,267,739,1,1007
Precinct,BRISTOL CITY PROVISIONALS,51,85,1,137
Locality,Brunswick County,4324,3372,6,7702
Precinct,101 - Brodnax,207,160,0,367
Precinct,102 - Rock Store,244,367,2,613
Precinct,103 - Tillman,277,501,0,778
Precinct,201 - Dromgoole,112,121,0,233
Precinct,202 - Edgerton,498,181,2,681
Precinct,203 - Fitzhugh,350,250,0,600
Precinct,301 - Alberta,82,66,0,148
Precinct,302 - Danieltown,311,406,0,717
Precinct,303 - Elmore,178,191,1,370
Precinct,304 - Seymour,157,176,0,333
Precinct,401 - Sturgeon,636,467,1,1104
Precinct,402 - King's Store,250,106,0,356
Precinct,501 - Totaro,959,337,0,1296
Precinct,BRUNSWICK COUNTY PROVISIONALS,63,43,0,106
Locality,Buchanan County,2331,6686,16,9033
Precinct,102 - Blackey,66,306,2,374
Precinct,103 - Hurley,178,740,1,919
Precinct,201 - Grassy,28,87,0,115
Precinct,202 - Bull,161,385,1,547
Precinct,203 - Rocklick,161,464,3,628
Precinct,301 - Slate,160,583,1,744
Precinct,302 - North Grundy,162,459,1,622
Precinct,403 - South Grundy,202,462,0,664
Precinct,404 - Oakwood,17,59,0,76
Precinct,405 - Grundy,92,266,0,358
Precinct,501 - Prater,139,416,1,556
Precinct,502 - Fox,66,99,1,166
Precinct,503 - Vansant,177,380,1,558
Precinct,601 - Council,124,285,0,409
Precinct,602 - Garden,152,416,1,569
Precinct,603 - Hurricane,109,214,1,324
Precinct,701 - Whitewood,162,504,2,668
Precinct,702 - Contrary,130,445,0,575
Precinct,BUCHANAN COUNTY PROVISIONALS,45,116,0,161
Locality,Buckingham County,3242,4581,9,7832
Precinct,101 - New Canton,529,602,1,1132
Precinct,201 - White Hall,415,633,0,1048
Precinct,301 - Curdsville,249,487,1,737
Precinct,302 - New Store,147,293,1,441
Precinct,401 - Maysville,482,703,3,1188
Precinct,501 - Wrights,101,286,0,387
Precinct,502 - Glenmore,367,377,0,744
Precinct,601 - Slate River,231,403,1,635
Precinct,602 - Georgia Creek,330,290,1,621
Precinct,701 - Gold Hill,364,455,1,820
Precinct,BUCKINGHAM COUNTY PROVISIONALS,27,52,0,79
Locality,Buena Vista City,935,1881,3,2819
Precinct,001 - 1st Ward,475,1056,2,1533
Precinct,002 - 2nd Ward,414,747,1,1162
Precinct,BUENA VISTA CITY PROVISIONALS,46,78,0,124
Locality,Campbell County,8526,22449,39,31014
Precinct,101 - Brookville,638,1639,3,2280
Precinct,102 - New London,542,1676,1,2219
Precinct,201 - Walker,631,1413,1,2045
Precinct,202 - Bedford Springs,577,1677,9,2263
Precinct,301 - Evington,275,865,0,1140
Precinct,302 - Otter River,370,1125,1,1496
Precinct,303 - Altavista,693,877,1,1571
Precinct,401 - 3 Forks,370,1365,4,1739
Precinct,402 - Court House,762,2375,3,3140
Precinct,501 - Spring Hill,618,1805,3,2426
Precinct,502 - Yellow Branch,476,1207,0,1683
Precinct,601 - Kings,550,1246,2,1798
Precinct,602 - Concord,623,1782,2,2407
Precinct,701 - Brookneal,170,224,1,395
Precinct,702 - Gladys,786,1881,7,2674
Precinct,703 - Morris Church,276,772,0,1048
Precinct,CAMPBELL COUNTY PROVISIONALS,169,520,1,690
Locality,Caroline County,8249,9218,18,17485
Precinct,101 - Bowling Green,726,1159,0,1885
Precinct,102 - Sparta,411,748,0,1159
Precinct,201 - North Madison,669,490,1,1160
Precinct,202 - South Madison,1046,1140,1,2187
Precinct,301 - Port Royal,312,407,2,721
Precinct,302 - Woodford,599,894,1,1494
Precinct,303 - Wrights Chapel,111,191,1,303
Precinct,401 - Dawn,1182,966,0,2148
Precinct,402 - Carmel Church,394,308,2,704
Precinct,501 - West Mattaponi,809,574,6,1389
Precinct,502 - Milford,529,698,0,1227
Precinct,601 - Chilesburg,780,785,3,1568
Precinct,602 - Lake,520,663,1,1184
Precinct,CAROLINE COUNTY PROVISIONALS,161,195,0,356
Locality,Carroll County,3637,12318,14,15969
Precinct,101 - Mt Bethel,153,461,0,614
Precinct,102 - St Paul,196,701,0,897
Precinct,103 - Lambsburg,99,443,0,542
Precinct,105 - Fancy Gap,230,695,2,927
Precinct,201 - Hillsville B,497,1246,1,1744
Precinct,202 - Laurel Fork,170,507,0,677
Precinct,203 - Gladesboro,226,699,0,925
Precinct,301 - Hillsville C,471,1497,2,1970
Precinct,302 - Sylvatus,140,576,0,716
Precinct,303 - Dugspur,94,287,0,381
Precinct,401 - Oakland,309,1134,1,1444
Precinct,402 - Woodlawn D,347,1303,3,1653
Precinct,501 - Vaughan,79,391,3,473
Precinct,502 - Gladeville,262,1050,0,1312
Precinct,503 - Woodlawn E,151,525,2,678
Precinct,504 - Laurel,148,590,0,738
Precinct,CARROLL COUNTY PROVISIONALS,65,213,0,278
Locality,Charles City County,2397,1802,4,4203
Precinct,101 - Precinct 1-1,747,722,1,1470
Precinct,201 - Precinct 2-1,802,477,1,1280
Precinct,301 - Precinct 3-1,807,580,2,1389
Precinct,CHARLES CITY COUNTY PROVISIONALS,41,23,0,64
Locality,Charlotte County,2148,3815,3,5966
Precinct,101 - County Seat,350,575,1,926
Precinct,201 - Red Oak Wylliesburg,331,541,2,874
Precinct,302 - Drakes Branch,268,458,0,726
Precinct,401 - Keysville,288,509,0,797
Precinct,501 - Cullen/Red House,279,488,0,767
Precinct,602 - Phenix,259,684,0,943
Precinct,702 - Bacon/Saxe,328,514,0,842
Precinct,CHARLOTTE COUNTY PROVISIONALS,45,46,0,91
Locality,Charlottesville City,19439,3650,58,23147
Precinct,101 - Key Recreation,2803,413,9,3225
Precinct,102 - Clark,2384,405,9,2798
Precinct,201 - Carver,1707,222,4,1933
Precinct,202 - Venable,1265,277,4,1546
Precinct,301 - Jackson-Via,2264,397,8,2669
Precinct,302 - Johnson,1732,321,4,2057
Precinct,303 - Buford,1699,215,4,1918
Precinct,401 - Charlottesville High School,2592,547,7,3146
Precinct,402 - Walker,1693,378,1,2072
Precinct,CHARLOTTESVILLE CITY PROVISIONALS,1300,475,8,1783
Locality,Chesapeake City,67224,59657,149,127030
Precinct,001 - Great Bridge,899,1294,1,2194
Precinct,002 - Bethel,564,1661,1,2226
Precinct,003 - Camelot,1435,206,0,1641
Precinct,004 - Churchland,849,1220,3,2072
Precinct,005 - Crestwood,1424,261,0,1685
Precinct,006 - Deep Creek,1036,850,1,1887
Precinct,007 - Greenbrier,924,1104,2,2030
Precinct,008 - South Norfolk Recreation,1280,946,0,2226
Precinct,009 - Bells Mill,1151,2001,5,3157
Precinct,010 - Oscar Smith,568,435,2,1005
Precinct,011 - Geneva Park,692,787,3,1482
Precinct,012 - Georgetown,1414,220,0,1634
Precinct,013 - Gilmerton,910,906,3,1819
Precinct,014 - Grassfield,1606,1775,4,3385
Precinct,015 - Greenbrier Middle School,1542,852,0,2394
Precinct,016 - Hickory Grove,736,1662,5,2403
Precinct,017 - Indian Creek,473,1274,5,1752
Precinct,018 - Indian River,1038,543,2,1583
Precinct,019 - Jolliff,566,849,0,1415
Precinct,020 - E W Chittum,1110,1247,5,2362
Precinct,021 - Fellowship,1263,1080,2,2345
Precinct,022 - Norfolk Highlands,600,728,2,1330
Precinct,023 - Oak Grove,1349,985,2,2336
Precinct,024 - Oaklette,977,659,2,1638
Precinct,025 - St Julians,1089,531,2,1622
Precinct,026 - Johnson Park,580,292,2,874
Precinct,027 - Silverwood,1114,937,4,2055
Precinct,028 - Sunray I,184,227,0,411
Precinct,029 - Tanglewood,719,969,2,1690
Precinct,030 - South Norfolk,725,70,0,795
Precinct,031 - Carver School,1604,346,1,1951
Precinct,032 - Providence,1943,201,0,2144
Precinct,033 - Westover,474,618,3,1095
Precinct,034 - Hickory Middle School,1019,1993,6,3018
Precinct,035 - Taylor Road,920,400,2,1322
Precinct,036 - Great Bridge Baptist Church,853,1276,1,2130
Precinct,037 - Bridgetown,1124,1430,3,2557
Precinct,038 - Bailey Creek,688,1220,6,1914
Precinct,039 - Lake Drummond,801,871,0,1672
Precinct,041 - John T West,1881,1575,7,3463
Precinct,042 - Parkways,1236,657,2,1895
Precinct,043 - Pleasant Crossing,707,1342,3,2052
Precinct,044 - Nansemond,1181,671,2,1854
Precinct,045 - Sunray Ii,299,248,2,549
Precinct,046 - Bells Mill Ii,991,1026,2,2019
Precinct,048 - Jolliff Middle School,2126,345,4,2475
Precinct,049 - Waterway,1266,1037,2,2305
Precinct,050 - River Walk,1258,877,6,2141
Precinct,051 - Coopers Way,1375,2143,1,3519
Precinct,052 - Shipyard Road,1152,874,0,2026
Precinct,053 - Fairways,1196,959,3,2158
Precinct,054 - Pughsville,1316,533,5,1854
Precinct,055 - Georgetown East,1062,269,2,1333
Precinct,056 - Green Tree,1066,756,2,1824
Precinct,057 - Cypress,1201,704,4,1909
Precinct,058 - Expressway,528,235,1,764
Precinct,059 - Clearfield,1097,936,1,2034
Precinct,060 - Parker Road,914,1425,0,2339
Precinct,061 - Centerville,976,1844,2,2822
Precinct,062 - Fentress,827,1361,3,2191
Precinct,063 - Poplar Branch,503,1055,0,1558
Precinct,064 - Deep Creek Ii,1472,1081,3,2556
Precinct,065 - Waterway Ii,1223,1238,0,2461
Precinct,066 - Fairways Ii,672,422,3,1097
Precinct,Chesapeake City Provisionals,1456,1118,7,2581
Locality,Chesterfield County,115364,93336,279,208979
Precinct,101 - Bellwood,898,678,4,1580
Precinct,102 - South Chester,1304,1163,3,2470
Precinct,103 - Enon,2072,1971,6,4049
Precinct,104 - North Chester,1502,1619,6,3127
Precinct,105 - Drewrys Bluff,1083,557,4,1644
Precinct,106 - Harrowgate,2081,1473,0,3554
Precinct,108 - Ecoff,2096,2227,4,4327
Precinct,109 - Elizabeth Scott,2299,1869,13,4181
Precinct,110 - Dutch Gap,934,841,1,1776
Precinct,111 - Iron Bridge,1129,1288,1,2418
Precinct,112 - Carver,1248,977,5,2230
Precinct,113 - Iron Bridge North,1501,987,2,2490
Precinct,115 - Cresthill,1621,1171,9,2801
Precinct,201 - Gates,322,463,0,785
Precinct,202 - Beulah,2192,909,2,3103
Precinct,203 - Bird,1586,906,0,2492
Precinct,205 - Falling Creek,1801,675,3,2479
Precinct,207 - Chippenham,2540,700,3,3243
Precinct,208 - Meadowbrook,1929,649,1,2579
Precinct,209 - Salem Church,1460,1170,3,2633
Precinct,210 - Five Forks,2755,1169,3,3927
Precinct,211 - Nash,1913,2350,3,4266
Precinct,213 - Southside,1204,335,2,1541
Precinct,218 - New Manchester,783,509,10,1302
Precinct,219 - Gates East,681,562,3,1246
Precinct,220 - Falling Creek East,216,97,0,313
Precinct,221 - Oxbridge,1911,1366,9,3286
Precinct,222 - Turner,1588,397,4,1989
Precinct,301 - Ettrick,1708,641,5,2354
Precinct,303 - Matoaca,1694,1712,4,3410
Precinct,304 - Winfrees Store,769,1539,1,2309
Precinct,305 - Beach,317,771,1,1089
Precinct,306 - Winterpock,987,2381,3,3371
Precinct,307 - Cosby,1552,1373,2,2927
Precinct,309 - Skinquarter,1382,1568,4,2954
Precinct,313 - Woolridge South,1409,1403,1,2813
Precinct,314 - Longhouse,529,1194,2,1725
Precinct,315 - Bailey Bridge,1264,1981,5,3250
Precinct,316 - Spring Run,1375,1386,7,2768
Precinct,319 - Magnolia,2641,2992,3,5636
Precinct,320 - Dry Creek,2354,2354,2,4710
Precinct,321 - Claypoint,1168,996,5,2169
Precinct,322 - Hensley,1930,1966,2,3898
Precinct,401 - Harbour Pointe,955,817,2,1774
Precinct,402 - Genito,1422,1136,4,2562
Precinct,403 - Brandermill,1704,1320,4,3028
Precinct,404 - Providence,1558,932,3,2493
Precinct,405 - La Prade,1452,1199,7,2658
Precinct,408 - Reams,987,516,4,1507
Precinct,410 - Wagstaff,329,224,0,553
Precinct,411 - Swift Creek,1387,1211,3,2601
Precinct,412 - Clover Hill,1762,1636,2,3400
Precinct,413 - Shenandoah,1319,857,3,2179
Precinct,414 - Crenshaw,2191,2023,4,4218
Precinct,415 - Evergreen,1508,1250,4,2762
Precinct,418 - Woolridge North,1008,938,3,1949
Precinct,419 - North Courthouse,1072,674,1,1747
Precinct,420 - New Tomahawk,1408,1323,1,2732
Precinct,421 - Lucks Lane,2077,1895,4,3976
Precinct,422 - Otterdale,2304,1786,6,4096
Precinct,503 - Midlothian,1780,1652,8,3440
Precinct,504 - Robious,2314,2103,6,4423
Precinct,505 - Bon Air,1739,991,5,2735
Precinct,506 - Greenfield,1585,969,5,2559
Precinct,507 - Salisbury,1761,1928,3,3692
Precinct,508 - Belgrade,1621,1307,3,2931
Precinct,509 - Cranbeck,1085,633,2,1720
Precinct,510 - Sycamore,638,627,3,1268
Precinct,511 - Black Heath,937,900,1,1838
Precinct,513 - Beaufont,980,370,4,1354
Precinct,514 - Watkins,1748,1670,3,3421
Precinct,515 - Davis,1641,423,3,2067
Precinct,516 - Pocoshock North,599,249,2,850
Precinct,517 - Roseland,1204,1343,3,2550
Precinct,518 - Midlothian North,1693,1764,2,3459
Precinct,519 - Buford,175,67,0,242
Precinct,520 - Walton Park,916,804,5,1725
Precinct,521 - Rockaway,1969,1188,4,3161
Precinct,Chesterfield County Provisionals ,2808,1276,11,4095
Locality,Clarke County,4182,5487,8,9677
Precinct,101 - Russell,771,1259,2,2032
Precinct,201 - Berryville,885,900,3,1788
Precinct,301 - Millwood,674,842,0,1516
Precinct,302 - Pine Grove,278,350,0,628
Precinct,401 - White Post,765,1032,2,1799
Precinct,501 - Buckmarsh,532,717,0,1249
Precinct,502 - Blue Ridge,213,287,1,501
Precinct,CLARKE COUNTY PROVISIONALS,64,100,0,164
Locality,Colonial Heights City,3259,5456,5,8720
Precinct,001 - 1st,493,696,1,1190
Precinct,002 - 2nd,569,905,2,1476
Precinct,003 - 3rd,641,990,1,1632
Precinct,004 - 4th,833,1323,0,2156
Precinct,005 - 5th,620,1455,1,2076
Precinct,COLONIAL HEIGHTS CITY PROVISIONALS,103,87,0,190
Locality,Covington City,1025,1418,0,2443
Precinct,101 - Precinct 1-1,172,232,0,404
Precinct,201 - Precinct 2-1,223,243,0,466
Precinct,301 - Precinct 3-1,207,152,0,359
Precinct,401 - Precinct 4-1,217,374,0,591
Precinct,501 - Precinct 5-1,185,379,0,564
Precinct,Provisional,21,38,0,59
Locality,Craig County,671,2415,2,3088
Precinct,101 - Court House,109,455,0,564
Precinct,201 - Ammendale,121,513,2,636
Precinct,301 - Givens & Reynolds Store,113,255,0,368
Precinct,303 - Marshalls Store,59,219,0,278
Precinct,401 - Barbours Creek,77,206,0,283
Precinct,402 - Paint Bank,17,43,0,60
Precinct,403 - Craig Springs,70,225,0,295
Precinct,501 - Craig City,99,464,0,563
Precinct,CRAIG COUNTY PROVISIONALS,6,35,0,41
Locality,Culpeper County,11211,17105,24,28340
Precinct,101 - West Fairfax,1755,1588,4,3347
Precinct,201 - East Fairfax,1585,1170,3,2758
Precinct,302 - Eggbornsville,460,1105,1,1566
Precinct,303 - Cardova,506,950,0,1456
Precinct,304 - Willow Shade,430,440,1,871
Precinct,401 - Eldorado,567,1182,1,1750
Precinct,402 - Browns Store,1085,1878,1,2964
Precinct,501 - Jeffersonton,918,1753,2,2673
Precinct,502 - Rixeyville,699,1598,3,2300
Precinct,601 - Mitchells,107,225,0,332
Precinct,602 - Pearl Sample,1074,1557,2,2633
Precinct,603 - South Ridge,362,373,0,735
Precinct,702 - Brandy Station,1029,1821,1,2851
Precinct,703 - Lignum,299,734,2,1035
Precinct,704 - Richardsville,173,509,2,684
Precinct,Provisional,162,222,1,385
Locality,Cumberland County,2164,3256,5,5425
Precinct,101 - Precinct 1,395,776,0,1171
Precinct,201 - Precinct 2,359,728,4,1091
Precinct,301 - Precinct 3,545,534,0,1079
Precinct,401 - Precinct 4,384,693,1,1078
Precinct,501 - Precinct 5,445,475,0,920
Precinct,CUMBERLAND COUNTY PROVISIONALS,36,50,0,86
Locality,Danville City,10986,6335,33,17354
Precinct,001 - Ward 1,408,117,1,526
Precinct,002 - Ward 2,354,172,1,527
Precinct,003 - Ward 3,710,262,3,975
Precinct,004 - Ward 4,1139,789,5,1933
Precinct,006 - Ward 6,400,92,1,493
Precinct,007 - Ward 7,708,143,1,852
Precinct,008 - Ward 8,593,239,2,834
Precinct,009 - Ward 9,471,334,0,805
Precinct,010 - Ward 10,720,394,2,1116
Precinct,011 - Ward 11,1066,431,4,1501
Precinct,012 - Ward 12,1059,505,3,1567
Precinct,013 - Ward 13,960,435,1,1396
Precinct,014 - Ward 14,190,11,0,201
Precinct,015 - Ward 15,760,591,2,1353
Precinct,016 - Ward 16,733,837,1,1571
Precinct,017 - Ward 17,540,902,3,1445
Precinct,DANVILLE CITY PROVISIONALS,175,81,3,259
Locality,Dickenson County,1929,4884,17,6830
Precinct,101 - South Clintwood,404,963,6,1373
Precinct,201 - Nora,109,344,0,453
Precinct,202 - Frying Pan,48,124,1,173
Precinct,203 - Clinchco,181,423,1,605
Precinct,301 - West Dante,33,160,0,193
Precinct,302 - Herald,65,349,2,416
Precinct,303 - Ridge,84,330,0,414
Precinct,304 - Longs Fork,83,262,3,348
Precinct,401 - Haysi-colley,455,816,1,1272
Precinct,501 - Tarpon,112,170,1,283
Precinct,502 - North Clintwood,329,827,2,1158
Precinct,DICKENSON COUNTY PROVISIONALS,26,116,0,142
Locality,Dinwiddie County,6335,9163,18,15516
Precinct,101 - White Oak,122,473,0,595
Precinct,102 - Rocky Run,285,726,3,1014
Precinct,103 - Church Road,263,1270,1,1534
Precinct,201 - Rohoic,476,328,1,805
Precinct,202 - Sutherland,845,1354,1,2200
Precinct,301 - Reams,198,447,0,645
Precinct,302 - New Hope,403,680,1,1084
Precinct,303 - Little Zion,755,910,2,1667
Precinct,401 - Dinwiddie,630,1018,3,1651
Precinct,402 - Mckenney,376,565,0,941
Precinct,403 - Cherry Hill,286,329,0,615
Precinct,501 - Edgehill,470,174,1,645
Precinct,502 - Chesdin,1101,738,5,1844
Precinct,DINWIDDIE COUNTY PROVISIONALS,125,151,0,276
Locality,Emporia City,1415,673,2,2090
Precinct,101 - Precinct 1-1,256,116,0,372
Precinct,201 - Precinct 2-1,187,32,0,219
Precinct,301 - Precinct 3-1,200,139,1,340
Precinct,401 - Precinct 4-1,210,132,0,342
Precinct,501 - Precinct 5-1,191,9,0,200
Precinct,601 - District 6,184,196,1,381
Precinct,701 - District 7,168,43,0,211
Precinct,Provisional,19,6,0,25
Locality,Essex County,2858,3072,8,5938
Precinct,101 - Greater Tappahannock,677,592,4,1273
Precinct,201 - North,879,641,1,1521
Precinct,301 - South,596,998,1,1595
Precinct,401 - Central,682,821,2,1505
Precinct,ESSEX COUNTY PROVISIONALS,24,20,0,44
Locality,Fairfax City,8882,4407,53,13342
Precinct,1 - One,1241,630,8,1879
Precinct,2 - Two,1567,753,10,2330
Precinct,3 - Three,1861,966,6,2833
Precinct,4 - Four,1395,670,11,2076
Precinct,5 - Five,1308,680,4,1992
Precinct,6 - Six,1282,615,11,1908
Precinct,Provisional,228,93,3,324
Locality,Fairfax County,393906,186266,1932,582104
Precinct,104 - Chapel,1383,668,4,2055
Precinct,105 - Fairview,2589,1255,10,3854
Precinct,106 - Heritage,1648,924,9,2581
Precinct,108 - Kings Park,1706,855,10,2571
Precinct,109 - Little Run,865,402,7,1274
Precinct,110 - North Springfield,2034,1256,10,3300
Precinct,113 - Canterbury,2140,971,8,3119
Precinct,114 - Olde Creek,1224,632,4,1860
Precinct,115 - Ravensworth,890,534,7,1431
Precinct,116 - Wakefield,1387,555,3,1945
Precinct,117 - Woodson #1,972,540,4,1516
Precinct,118 - Lake Braddock,2173,996,14,3183
Precinct,119 - Laurel,2192,1062,9,3263
Precinct,120 - Sideburn #1,548,309,1,858
Precinct,121 - Villa,1078,608,6,1692
Precinct,123 - Robinson,2550,1197,17,3764
Precinct,125 - Signal Hill,1802,854,5,2661
Precinct,126 - Bonnie Brae,1367,584,6,1957
Precinct,127 - Burke Centre,2428,1102,16,3546
Precinct,128 - Cardinal,1261,578,7,1846
Precinct,129 - Keene Mill,975,477,5,1457
Precinct,130 - Terra Centre,1343,608,3,1954
Precinct,131 - Eagle View #1,878,411,2,1291
Precinct,132 - Monument,2432,1090,16,3538
Precinct,134 - University,579,91,3,673
Precinct,135 - Irving,1529,681,3,2213
Precinct,136 - Woodson #2,568,304,5,877
Precinct,137 - Sideburn #2,1118,622,3,1743
Precinct,138 - Eagle View #2,1015,618,1,1634
Precinct,201 - Armstrong,2349,749,6,3104
Precinct,202 - Flint Hill #1,842,452,8,1302
Precinct,203 - Floris,2095,1038,11,3144
Precinct,204 - Madison,520,223,3,746
Precinct,208 - Reston #1,2519,833,10,3362
Precinct,209 - Reston #2,2430,786,11,3227
Precinct,213 - Vienna #1,2446,1063,12,3521
Precinct,214 - Vienna #2,1975,875,10,2860
Precinct,216 - Vienna #4,932,348,6,1286
Precinct,218 - Vienna #6,1508,546,1,2055
Precinct,219 - Westbriar #1,1026,471,3,1500
Precinct,220 - Dogwood,2442,911,12,3365
Precinct,221 - Hunters Woods,1788,604,4,2396
Precinct,222 - Reston #3,1477,334,2,1813
Precinct,223 - Glade,2427,699,4,3130
Precinct,224 - South Lakes,2930,858,6,3794
Precinct,225 - Hughes,2379,641,16,3036
Precinct,226 - Wolftrap,2047,947,6,3000
Precinct,227 - Sunrise Valley #1,1284,477,1,1762
Precinct,229 - Fox Mill #1,2309,1098,10,3417
Precinct,233 - North Point,1413,716,3,2132
Precinct,234 - Aldrin,1833,617,5,2455
Precinct,235 - Frying Pan,1781,670,9,2460
Precinct,236 - Stuart,812,339,6,1157
Precinct,237 - Mcnair,2285,802,10,3097
Precinct,238 - Cameron Glen,2495,1024,5,3524
Precinct,240 - Colvin,1316,760,5,2081
Precinct,241 - Flint Hill #2,923,396,3,1322
Precinct,242 - Westbriar #2,970,497,1,1468
Precinct,243 - Sunrise Valley #2,555,297,2,854
Precinct,244 - Fox Mill #2,288,188,3,479
Precinct,245 - Piney Run,545,324,2,871
Precinct,301 - Chain Bridge,1920,1054,5,2979
Precinct,302 - Chesterbrook,1573,702,3,2278
Precinct,303 - Churchill,864,494,4,1362
Precinct,304 - Cooper,1152,738,4,1894
Precinct,305 - El Nido,1438,632,6,2076
Precinct,306 - Great Falls,1017,741,4,1762
Precinct,307 - Haycock,2462,946,5,3413
Precinct,309 - Kenmore,1956,1190,13,3159
Precinct,310 - Kirby,1279,537,4,1820
Precinct,311 - Langley,1069,683,2,1754
Precinct,312 - Longfellow,1568,623,4,2195
Precinct,314 - Mclean,1445,729,3,2177
Precinct,315 - Pimmit,1827,807,4,2638
Precinct,316 - Salona,1622,700,8,2330
Precinct,317 - Westhampton,566,278,4,848
Precinct,318 - Westmoreland,903,378,3,1284
Precinct,319 - Herndon #1,2245,968,12,3225
Precinct,320 - Herndon #2,2236,937,10,3183
Precinct,321 - Clearview,2194,1105,24,3323
Precinct,322 - Forestville,1464,1216,10,2690
Precinct,323 - Shouse,1237,619,12,1868
Precinct,324 - Herndon #3,2009,841,8,2858
Precinct,325 - Hutchison,1187,418,9,1614
Precinct,327 - Sugarland,1877,1069,14,2960
Precinct,328 - Hickory,1668,1144,11,2823
Precinct,329 - Seneca,1639,1241,16,2896
Precinct,331 - Spring Hill,1207,676,3,1886
Precinct,332 - Coates,2945,1142,23,4110
Precinct,401 - Bush Hill,1917,857,9,2783
Precinct,402 - Cameron,690,244,0,934
Precinct,403 - Forestdale,704,312,10,1026
Precinct,404 - Edison #1,1058,392,4,1454
Precinct,405 - Groveton,1036,347,7,1390
Precinct,406 - Hayfield,1369,644,2,2015
Precinct,408 - Mount Eagle,1679,435,7,2121
Precinct,409 - Pioneer,1855,895,25,2775
Precinct,410 - Rose Hill,2561,1164,11,3736
Precinct,411 - Virginia Hills,1354,506,8,1868
Precinct,413 - Fairfield,1375,310,8,1693
Precinct,415 - Crestwood,1218,781,10,2009
Precinct,417 - Garfield,1628,1018,12,2658
Precinct,418 - Lynbrook #1,890,512,2,1404
Precinct,419 - Lane,1332,504,8,1844
Precinct,420 - Villages,2739,1007,13,3759
Precinct,421 - Kingstowne,2017,687,11,2715
Precinct,422 - Van Dorn,2149,761,5,2915
Precinct,423 - Clermont,1580,681,8,2269
Precinct,424 - Huntley,1600,599,3,2202
Precinct,426 - Greenspring,1214,348,0,1562
Precinct,427 - Island Creek,1634,616,5,2255
Precinct,428 - Pinewood,1734,452,2,2188
Precinct,429 - Hybla Valley,1753,494,7,2254
Precinct,431 - West Springfield,1718,798,9,2525
Precinct,432 - Edison #2,1873,706,9,2588
Precinct,433 - Lynbrook #2,77,39,0,116
Precinct,501 - Baileys,1914,687,14,2615
Precinct,502 - Barcroft,907,314,2,1223
Precinct,503 - Belvedere,1064,387,4,1455
Precinct,504 - Bristow,1120,702,18,1840
Precinct,505 - Glen Forest,1464,648,10,2122
Precinct,506 - Holmes,303,173,4,480
Precinct,507 - Lincolnia,1817,669,17,2503
Precinct,508 - Masonville,1100,587,6,1693
Precinct,509 - Plaza,518,173,4,695
Precinct,510 - Parklawn,1165,557,7,1729
Precinct,511 - Ravenwood,1061,382,2,1445
Precinct,512 - Sleepy Hollow,1827,789,10,2626
Precinct,513 - Saint Albans,1440,634,12,2086
Precinct,514 - Crossroads,746,129,2,877
Precinct,515 - Westlawn,941,398,3,1342
Precinct,516 - Weyanoke,1507,695,11,2213
Precinct,517 - Willston,773,381,2,1156
Precinct,518 - Columbia,1198,700,7,1905
Precinct,520 - Skyline,1391,364,16,1771
Precinct,521 - Brook Hill,1006,639,4,1649
Precinct,522 - Camelot,1200,614,2,1816
Precinct,523 - Poe,1433,705,8,2146
Precinct,525 - Walnut Hill,1867,943,5,2815
Precinct,526 - Bren Mar,2091,709,17,2817
Precinct,527 - Edsall,1007,602,8,1617
Precinct,528 - Ridgelea,346,141,1,488
Precinct,530 - Tripps,894,273,11,1178
Precinct,535 - Fort Buffalo,1152,392,2,1546
Precinct,536 - Woodburn,1803,847,6,2656
Precinct,601 - Belle Haven,1305,748,8,2061
Precinct,602 - Belleview,1253,566,4,1823
Precinct,604 - Bucknell,2126,676,8,2810
Precinct,605 - Fort Hunt,1453,707,2,2162
Precinct,606 - Hollin Hall,1684,780,7,2471
Precinct,607 - Huntington,2218,663,7,2888
Precinct,608 - Kirkside,1362,372,3,1737
Precinct,609 - Marlan,1271,674,5,1950
Precinct,610 - Sherwood,1265,441,6,1712
Precinct,611 - Stratford,1886,881,7,2774
Precinct,612 - Waynewood,820,396,4,1220
Precinct,613 - Westgate,1618,1220,6,2844
Precinct,614 - Riverside,1146,655,6,1807
Precinct,615 - Woodley,1549,817,8,2374
Precinct,616 - Gunston,867,947,10,1824
Precinct,617 - Lorton,1910,755,15,2680
Precinct,618 - Newington #1,1090,678,6,1774
Precinct,621 - Grosvenor,1425,406,6,1837
Precinct,622 - Lorton Station,1966,762,18,2746
Precinct,623 - Alban,1421,685,12,2118
Precinct,627 - Woodlawn #1,950,441,3,1394
Precinct,628 - Laurel Hill #1,1661,725,12,2398
Precinct,629 - South County,1348,597,5,1950
Precinct,630 - Army,1243,599,6,1848
Precinct,631 - Pohick Creek,1170,580,4,1754
Precinct,632 - Halley #1,476,387,2,865
Precinct,633 - Halley #2,150,116,0,266
Precinct,634 - Newington #2,1590,765,10,2365
Precinct,635 - Woodlawn #2,1178,406,2,1586
Precinct,636 - Laurel Hill #2,759,322,4,1085
Precinct,701 - Blake,2556,1009,19,3584
Precinct,704 - Freedom Hill,1378,540,11,1929
Precinct,705 - Graham-Greenway,1990,770,9,2769
Precinct,707 - Mantua,1450,563,10,2023
Precinct,708 - Marshall,2948,945,14,3907
Precinct,709 - Mosby #1,1207,563,5,1775
Precinct,710 - Pine Spring,1280,503,3,1786
Precinct,711 - Price,1164,565,7,1736
Precinct,712 - Shreve,944,347,1,1292
Precinct,713 - Timber Lane,1761,723,8,2492
Precinct,714 - Walker,1923,882,11,2816
Precinct,718 - Pine Ridge,1260,592,4,1856
Precinct,720 - Thoreau,1789,711,8,2508
Precinct,721 - Merrifield,2405,719,7,3131
Precinct,723 - Gallows East,1295,434,5,1734
Precinct,726 - Magarity,2522,1000,13,3535
Precinct,727 - Oakton,1425,778,5,2208
Precinct,729 - Nottoway,2201,769,13,2983
Precinct,731 - Tysons,1321,575,8,1904
Precinct,732 - Oaktree Crossing,2003,1227,10,3240
Precinct,733 - Kilmer,2544,951,24,3519
Precinct,734 - Hunters Branch,1628,563,13,2204
Precinct,735 - Rotonda,636,293,4,933
Precinct,736 - Bedford,279,77,5,361
Precinct,737 - Mosby #2,525,186,1,712
Precinct,738 - Jones Branch,1076,445,3,1524
Precinct,801 - Burke #1,1372,663,9,2044
Precinct,802 - Cedar Lake,861,387,4,1252
Precinct,803 - Clifton South,1072,1054,3,2129
Precinct,804 - Colchester,875,736,5,1616
Precinct,805 - Fairfax Station,778,565,7,1350
Precinct,806 - Sydenstricker,1700,884,8,2592
Precinct,807 - Hunt Valley,1208,696,11,1915
Precinct,811 - Pohick,1090,492,2,1584
Precinct,812 - Valley,1638,732,10,2380
Precinct,815 - Woodyard,774,605,4,1383
Precinct,824 - Orange,2173,1140,9,3322
Precinct,825 - Cherry Run,1581,814,1,2396
Precinct,833 - White Oaks,1642,839,11,2492
Precinct,838 - Sangster,1251,719,4,1974
Precinct,839 - Silverbrook,1785,1203,7,2995
Precinct,841 - Popes Head,738,589,2,1329
Precinct,842 - Parkway,1165,746,2,1913
Precinct,843 - Fair Lakes,1750,824,10,2584
Precinct,844 - Centerpointe,1624,646,12,2282
Precinct,845 - Fountainhead,1670,1388,6,3064
Precinct,846 - Greenbriar East,1843,874,6,2723
Precinct,847 - Greenbriar West,1246,682,4,1932
Precinct,848 - Fair Oaks,1990,1047,16,3053
Precinct,849 - Newgate North,1418,896,8,2322
Precinct,850 - South Run,1549,950,4,2503
Precinct,851 - Willow Springs #1,629,366,6,1001
Precinct,854 - Newgate South,1335,999,5,2339
Precinct,855 - Saratoga,1827,984,12,2823
Precinct,856 - Penderbrook,1953,951,7,2911
Precinct,857 - Island Pond,105,52,0,157
Precinct,858 - Clifton Town,101,77,0,178
Precinct,859 - Liberty,905,908,3,1816
Precinct,860 - Sandy Run,543,474,1,1018
Precinct,861 - Burke #2,1130,593,4,1727
Precinct,862 - Willow Springs #2,863,486,3,1352
Precinct,901 - Centre Ridge,1696,881,7,2584
Precinct,902 - Brookfield,1962,1160,14,3136
Precinct,903 - Cub Run,2329,1370,9,3708
Precinct,904 - Stonecroft,780,569,5,1354
Precinct,905 - Franklin,1560,763,7,2330
Precinct,908 - Hidden Meadow,1326,657,6,1989
Precinct,909 - Oak Hill,1239,572,3,1814
Precinct,910 - London Towne,2003,998,10,3011
Precinct,911 - Navy,2132,1138,11,3281
Precinct,913 - Rocky Run,2516,1464,7,3987
Precinct,914 - Vale,1435,846,5,2286
Precinct,915 - Virginia Run,1226,1099,4,2329
Precinct,916 - Waples Mill,2378,1348,7,3733
Precinct,917 - Stone,1928,1015,7,2950
Precinct,918 - Centreville,2292,1196,5,3493
Precinct,919 - Green Trails,2199,1151,7,3357
Precinct,920 - Chantilly,1082,640,1,1723
Precinct,921 - Deer Park,1601,1090,10,2701
Precinct,923 - Bull Run,1149,1032,3,2184
Precinct,924 - Spindle,1061,521,3,1585
Precinct,925 - Old Mill,913,543,6,1462
Precinct,926 - Powell,2107,1186,11,3304
Precinct,927 - Armfield,1572,795,9,2376
Precinct,928 - Poplar Tree,1522,891,8,2421
Precinct,929 - Difficult Run,258,192,1,451
Precinct,931 - Carson,1310,576,7,1893
Precinct,934 - Fox Valley,723,350,4,1077
Precinct,935 - Robinson Mill,351,184,5,540
Precinct,Provisional,9409,5163,95,14667
Locality,Falls Church City,7163,1791,20,8974
Precinct,001 - 1st Ward,2240,586,8,2834
Precinct,002 - 2nd Ward,2234,555,8,2797
Precinct,003 - 3rd Ward,2567,605,4,3176
Precinct,FALLS CHURCH CITY PROVISIONALS,122,45,0,167
Locality,Fauquier County,17441,26971,51,44463
Precinct,101 - Kettle Run,419,970,5,1394
Precinct,102 - Catlett,694,1917,1,2612
Precinct,103 - Casanova,1119,1771,4,2894
Precinct,104 - Lois,330,819,0,1149
Precinct,105 - Opal,344,883,0,1227
Precinct,201 - Ward 1,608,619,2,1229
Precinct,202 - Ward 2,556,445,3,1004
Precinct,203 - Ward 3,556,553,0,1109
Precinct,204 - Ward 4,495,685,2,1182
Precinct,205 - Ward 5,563,531,4,1098
Precinct,206 - Airlie,1043,1343,1,2387
Precinct,301 - Morrisville,789,1788,3,2580
Precinct,302 - Botha,867,1570,1,2438
Precinct,303 - Bealeton,983,1250,2,2235
Precinct,304 - Remington,119,159,0,278
Precinct,401 - Salem,1111,1465,0,2576
Precinct,402 - Leeds,1284,1503,1,2788
Precinct,403 - Waterloo,1014,1804,4,2822
Precinct,404 - Springs Valley,483,686,0,1169
Precinct,501 - Hopewell,535,652,1,1188
Precinct,502 - New Baltimore,1228,1947,6,3181
Precinct,503 - Broad Run,807,1237,4,2048
Precinct,504 - Vint Hill,1164,1821,4,2989
Precinct,505 - The Plains,81,67,1,149
Precinct,Fauquier County Provisionals,249,486,2,737
Locality,Floyd County,3302,6251,12,9565
Precinct,101 - Locust Grove,621,1264,2,1887
Precinct,201 - Little River,767,1162,2,1931
Precinct,301 - Courthouse,773,1051,1,1825
Precinct,401 - Burks Fork,595,1282,0,1877
Precinct,501 - Indian Valley,507,1415,6,1928
Precinct,FLOYD COUNTY PROVISIONALS,39,77,1,117
Locality,Fluvanna County,7992,8581,24,16597
Precinct,101 - Palmyra,1652,1538,4,3194
Precinct,201 - Columbia,1328,1679,6,3013
Precinct,301 - Fork Union,1447,1731,5,3183
Precinct,401 - Cunningham,1324,1947,5,3276
Precinct,501 - Rivanna,2114,1572,2,3688
Precinct,FLUVANNA COUNTY PROVISIONALS,127,114,2,243
Locality,Franklin City,2367,1359,6,3732
Precinct,101 - Precinct 1-1,348,512,1,861
Precinct,201 - Precinct 2-1,389,399,0,788
Precinct,301 - Precinct 3-1,434,47,0,481
Precinct,401 - Precinct 4-1,377,96,1,474
Precinct,501 - Precinct 5-1,407,28,3,438
Precinct,601 - Precinct 6-1,369,250,1,620
Precinct,Provisional,43,27,0,70
Locality,Franklin County,9114,21569,37,30720
Precinct,102 - Burnt Chimney,818,2136,6,2960
Precinct,103 - Scruggs,842,1883,1,2726
Precinct,201 - Glade Hill,220,736,3,959
Precinct,202 - Penhook,438,931,0,1369
Precinct,203 - Hodgesville,306,817,0,1123
Precinct,204 - Dudley,429,988,1,1418
Precinct,301 - Snow Creek,201,596,1,798
Precinct,302 - Fork Mountain,204,574,1,779
Precinct,303 - Sontag,466,1005,1,1472
Precinct,304 - Dickinson,300,533,3,836
Precinct,401 - Henry,199,834,0,1033
Precinct,402 - Ferrum,284,657,1,942
Precinct,403 - Endicott,138,464,0,602
Precinct,404 - Waidsboro,220,641,2,863
Precinct,502 - Callaway,411,1069,2,1482
Precinct,503 - Bowmans,419,1002,4,1425
Precinct,504 - Gogginsville,441,1074,1,1516
Precinct,601 - Boones Mill,548,1381,3,1932
Precinct,602 - Bonbrook,343,1136,1,1480
Precinct,603 - Coopers Cove,253,752,2,1007
Precinct,701 - Rocky Mount East,517,702,0,1219
Precinct,702 - Rocky Mount West,586,850,0,1436
Precinct,703 - Rocky Mount South,441,555,3,999
Precinct,Provisional,90,253,1,344
Locality,Frederick County,19769,31659,62,51490
Precinct,101 - Russells,702,1753,2,2457
Precinct,102 - Gore,668,1795,2,2465
Precinct,103 - Kernstown,926,1496,5,2427
Precinct,104 - Cedar Creek,225,654,0,879
Precinct,105 - Middletown,378,512,1,891
Precinct,201 - Gainesborough,375,1199,2,1576
Precinct,202 - Albin,633,1315,1,1949
Precinct,203 - Redland,951,1925,4,2880
Precinct,204 - Nain,557,1068,5,1630
Precinct,205 - White Hall,394,845,1,1240
Precinct,301 - Clear Brook,508,1412,4,1924
Precinct,302 - Neff's Town,235,319,1,555
Precinct,303 - Jordan Springs,1258,1379,2,2639
Precinct,304 - Gibson School,344,310,1,655
Precinct,305 - Sunnyside,537,522,3,1062
Precinct,401 - Armel,702,1059,3,1764
Precinct,402 - Shenandoah,1192,1537,3,2732
Precinct,403 - Parkin's Mill,901,1249,2,2152
Precinct,404 - White Oak School,837,1153,1,1991
Precinct,501 - Stephens City,529,730,2,1261
Precinct,502 - Bass-Hoover,694,1062,3,1759
Precinct,503 - Canterburg,1233,1477,0,2710
Precinct,504 - Vaucluse Spring,820,1363,0,2183
Precinct,505 - Aylor,516,730,1,1247
Precinct,601 - Millbrook,802,1166,2,1970
Precinct,602 - Ash Hollow,979,1115,1,2095
Precinct,603 - Greenwood,1189,1432,6,2627
Precinct,604 - Carpers Valley,249,412,2,663
Precinct,605 - Sulphur Spring,68,148,0,216
Precinct,FREDERICK COUNTY PROVISIONALS,367,522,2,891
Locality,Fredericksburg City,8858,4346,32,13236
Precinct,101 - Precinct 1 - 1,1790,1144,11,2945
Precinct,201 - Precinct 1 - 2,2186,909,2,3097
Precinct,301 - Precinct 1 - 3,2206,1281,10,3497
Precinct,401 - Precinct 1 - 4,1294,428,3,1725
Precinct,402 - Precinct 2 - 4,1045,437,4,1486
Precinct,FREDERICKSBURG CITY PROVISIONALS,337,147,2,486
Locality,Galax City,893,1788,5,2686
Precinct,001 - East,389,775,1,1165
Precinct,005 - West,474,980,4,1458
Precinct,GALAX CITY PROVISIONALS,30,33,0,63
Locality,Giles County,2593,6435,13,9041
Precinct,101 - Glen Lyn,34,111,0,145
Precinct,102 - Rich Creek,140,410,0,550
Precinct,103 - Narrows,461,1298,2,1761
Precinct,201 - Pearisburg,685,1685,2,2372
Precinct,202 - Staffordsville,102,296,1,399
Precinct,203 - White Gate,48,185,0,233
Precinct,301 - Eggleston,231,469,3,703
Precinct,302 - Pembroke,511,1275,2,1788
Precinct,303 - Newport,340,608,1,949
Precinct,Provisional,41,98,2,141
Locality,Gloucester County,7522,15391,21,22934
Precinct,101 - Harcum,469,1229,2,1700
Precinct,102 - Salem,377,1019,0,1396
Precinct,103 - Peasley,327,919,1,1247
Precinct,201 - Courthouse,723,1184,1,1908
Precinct,202 - Botetourt,956,1729,2,2687
Precinct,301 - White Marsh,979,1916,5,2900
Precinct,302 - Roanes,631,1268,1,1900
Precinct,401 - Hayes,849,1432,2,2283
Precinct,402 - Sarahs Creek,756,1161,3,1920
Precinct,501 - Achilles,804,2056,0,2860
Precinct,502 - Walker,559,1297,3,1859
Precinct,GLOUCESTER COUNTY PROVISIONALS,92,181,1,274
Locality,Goochland County,7956,11655,14,19625
Precinct,101 - Fife,536,929,3,1468
Precinct,102 - Hadensville,672,1184,2,1858
Precinct,201 - 3 Square,696,900,0,1596
Precinct,202 - Sandy Hook,731,970,0,1701
Precinct,301 - Beaverdam,820,1257,3,2080
Precinct,302 - Randolph,606,805,2,1413
Precinct,401 - Shallow Well,323,678,0,1001
Precinct,402 - Centerville,980,1550,0,2530
Precinct,403 - West Creek,674,527,1,1202
Precinct,501 - Manakin,755,1275,1,2031
Precinct,502 - Blair,1072,1462,2,2536
Precinct,GOOCHLAND COUNTY PROVISIONALS,91,118,0,209
Locality,Grayson County,1888,6045,11,7944
Precinct,101 - Bridle Creek,154,359,1,514
Precinct,102 - Flatridge,39,153,0,192
Precinct,103 - Grant,108,241,1,350
Precinct,104 - Mouth Of Wilson,64,153,0,217
Precinct,105 - Mount Rogers,44,186,0,230
Precinct,106 - Rugby,53,181,0,234
Precinct,107 - Troutdale,29,105,0,134
Precinct,108 - Comers Rock,46,138,0,184
Precinct,202 - Elk Creek,109,469,1,579
Precinct,203 - Independence,338,976,1,1315
Precinct,301 - Baywood,199,663,1,863
Precinct,302 - Fairview,245,905,4,1154
Precinct,401 - Fries,129,351,1,481
Precinct,402 - Providence,194,787,0,981
Precinct,403 - Oldtown,105,305,1,411
Precinct,GRAYSON COUNTY PROVISIONALS,32,73,0,105
Locality,Greene County,4731,7193,16,11940
Precinct,101 - Dyke,297,732,1,1030
Precinct,102 - Swift Run,627,1090,5,1722
Precinct,201 - Ruckersville,1204,1515,2,2721
Precinct,301 - Stanardsville,972,1888,4,2864
Precinct,302 - Stanardsville Town,70,83,0,153
Precinct,401 - Midway,1469,1732,4,3205
Precinct,GREENE COUNTY PROVISIONALS,92,153,0,245
Locality,Greensville County,2416,1770,9,4195
Precinct,101 - Precinct 1-a,213,132,0,345
Precinct,102 - Precinct 1-b,69,112,0,181
Precinct,103 - Precinct 1-c,346,118,0,464
Precinct,201 - Precinct 2-a,341,144,2,487
Precinct,202 - Precinct 2-b,276,397,2,675
Precinct,302 - Precinct 3-a,585,190,1,776
Precinct,401 - Precinct 4-a,108,200,0,308
Precinct,402 - Precinct 4-b,292,207,2,501
Precinct,403 - Precinct 4-c,153,254,2,409
Precinct,GREENSVILLE COUNTY PROVISIONALS,33,16,0,49
Locality,Halifax County,7397,10218,40,17655
Precinct,101 - Childrey,317,481,0,798
Precinct,102 - Liberty,143,266,0,409
Precinct,103 - Republican Grove,384,526,2,912
Precinct,201 - Clays Mill,203,408,0,611
Precinct,202 - Crossroads,213,331,2,546
Precinct,203 - Clover,397,487,2,886
Precinct,302 - Meadville,225,126,0,351
Precinct,304 - Vernon Hill,221,410,3,634
Precinct,305 - Sinai,728,495,0,1223
Precinct,401 - Courthouse,545,534,2,1081
Precinct,403 - Center,475,707,6,1188
Precinct,502 - Dan River,566,802,6,1374
Precinct,503 - Scottsburg,186,556,1,743
Precinct,601 - Black Walnut,317,568,1,886
Precinct,603 - Mt Carmel,507,676,3,1186
Precinct,605 - Union,135,268,1,404
Precinct,701 - Hyco,349,900,3,1252
Precinct,702 - Midway,147,638,2,787
Precinct,703 - Virgilina,108,448,0,556
Precinct,801 - South Boston,1114,473,4,1591
Precinct,HALIFAX COUNTY PROVISIONALS,117,118,2,237
Locality,Hampton City,44201,17611,83,61895
Precinct,101 - Aberdeen,1636,294,5,1935
Precinct,102 - Bassette,1625,164,3,1792
Precinct,103 - City Hall,1097,228,2,1327
Precinct,104 - Cooper,2415,408,1,2824
Precinct,105 - East Hampton,811,325,2,1138
Precinct,106 - Armstrong,1437,644,6,2087
Precinct,107 - Lindsay,1543,294,3,1840
Precinct,108 - Thomas,1880,359,1,2240
Precinct,109 - Phenix,1891,264,1,2156
Precinct,110 - Phoebus,332,201,0,533
Precinct,111 - Hampton Library,516,289,0,805
Precinct,112 - Smith,1867,719,5,2591
Precinct,115 - Wythe,825,469,1,1295
Precinct,116 - Jones,793,226,0,1019
Precinct,117 - Kecoughtan,1290,434,1,1725
Precinct,118 - Mallory,1938,247,3,2188
Precinct,201 - Patrick,1325,1004,3,2332
Precinct,202 - Bryan,1476,881,4,2361
Precinct,203 - Burbank,1093,622,2,1717
Precinct,204 - Forrest,1265,531,4,1800
Precinct,205 - Asbury,1551,1766,1,3318
Precinct,208 - Kraft,2003,1132,1,3136
Precinct,209 - Langley,1206,767,2,1975
Precinct,210 - Machen,2582,790,5,3377
Precinct,212 - Bethel,2540,749,5,3294
Precinct,213 - Phillips,1732,1358,6,3096
Precinct,214 - Jackson,1580,832,1,2413
Precinct,215 - Peake,495,106,0,601
Precinct,216 - Sandy Bottom,984,459,1,1444
Precinct,217 - Syms,573,505,1,1079
Precinct,HAMPTON CITY PROVISIONALS,1900,544,13,2457
Locality,Hanover County,27207,44715,65,71987
Precinct,101 - Ashland,873,693,1,1567
Precinct,104 - Sliding Hill,868,935,0,1803
Precinct,105 - Berkley,980,708,2,1690
Precinct,106 - Kersey Creek,452,594,0,1046
Precinct,108 - Honey Meadows,1315,1355,6,2676
Precinct,201 - Beaverdam,668,1864,6,2538
Precinct,202 - Blunts,433,699,0,1132
Precinct,203 - Wilmington Parish,836,1499,3,2338
Precinct,206 - Courthouse,1007,1222,3,2232
Precinct,208 - Oak Knoll,575,1175,0,1750
Precinct,210 - Oak Hill,388,520,0,908
Precinct,301 - Clay,702,1350,1,2053
Precinct,303 - Shady Grove,871,1384,3,2258
Precinct,304 - Atlee,1107,1481,0,2588
Precinct,305 - Cool Spring,913,1296,2,2211
Precinct,306 - Rutland,854,1004,4,1862
Precinct,401 - Battlefield,593,1719,2,2314
Precinct,403 - Cold Harbor,1042,2094,1,3137
Precinct,404 - Black Creek,326,1143,0,1469
Precinct,405 - Pebble Creek,547,858,0,1405
Precinct,407 - Old Church,393,1273,0,1666
Precinct,502 - Rural Point,960,1533,2,2495
Precinct,503 - Newman,716,1056,4,1776
Precinct,504 - Studley,332,1161,0,1493
Precinct,505 - Totopotomoy,143,419,0,562
Precinct,506 - Georgetown,605,1311,3,1919
Precinct,507 - Laurel Meadow,719,1375,0,2094
Precinct,601 - Village,1011,1682,0,2693
Precinct,602 - Lee Davis,846,1399,2,2247
Precinct,603 - Mechanicsville,968,1253,3,2224
Precinct,604 - Hanover Grove,830,1389,2,2221
Precinct,701 - Farrington,744,1491,4,2239
Precinct,702 - Montpelier,839,1498,6,2343
Precinct,703 - Rockville,718,1405,0,2123
Precinct,704 - Elmont,1284,1559,3,2846
Precinct,705 - South Anna,401,804,2,1207
Precinct,HANOVER COUNTY PROVISIONALS,348,514,0,862
Locality,Harrisonburg City,10922,5946,31,16899
Precinct,101 - Northeast,1394,744,3,2141
Precinct,102 - East Central,1141,416,1,1558
Precinct,103 - Southeast,1054,561,2,1617
Precinct,104 - East,1106,738,3,1847
Precinct,105 - South East Central,276,66,0,342
Precinct,201 - Northwest,1744,918,3,2665
Precinct,202 - Southwest,1284,824,2,2110
Precinct,203 - West,1666,789,8,2463
Precinct,HARRISONBURG CITY PROVISIONALS,1257,890,9,2156
Locality,Henrico County,116336,61160,242,177738
Precinct,101 - Coalpit,1864,1429,3,3296
Precinct,102 - Dumbarton,1703,638,1,2342
Precinct,103 - Glen Allen,1953,1735,6,3694
Precinct,104 - Greendale,689,420,0,1109
Precinct,105 - Hermitage,1616,1019,2,2637
Precinct,106 - Holladay,671,532,2,1205
Precinct,107 - Hungary Creek,1725,1428,2,3155
Precinct,108 - Hunton,408,443,1,852
Precinct,109 - Johnson,1185,641,3,1829
Precinct,110 - Longan,1643,1154,7,2804
Precinct,111 - Maude Trevvett,1946,789,2,2737
Precinct,112 - Monument Hills,522,339,0,861
Precinct,113 - Springfield,1690,1128,2,2820
Precinct,114 - Staples Mill,1465,1176,4,2645
Precinct,115 - Westwood,1162,590,5,1757
Precinct,201 - Azalea,1964,211,4,2179
Precinct,202 - Belmont,2126,728,1,2855
Precinct,203 - Brookland,662,423,4,1089
Precinct,204 - Canterbury,388,193,0,581
Precinct,205 - Central Gardens,1755,88,4,1847
Precinct,206 - Chamberlayne,1588,469,3,2060
Precinct,207 - Eastbourne,804,47,0,851
Precinct,209 - Fairfield,1156,88,1,1245
Precinct,210 - Glen Lea,1344,203,0,1547
Precinct,211 - Greenwood,578,89,0,667
Precinct,212 - Highland Gardens,1100,81,6,1187
Precinct,214 - Hungary,1059,285,0,1344
Precinct,215 - Lakeside,2092,950,4,3046
Precinct,216 - Longdale,1583,654,3,2240
Precinct,217 - Maplewood,2082,115,4,2201
Precinct,218 - Moody,473,283,0,756
Precinct,219 - Mountain,432,230,2,664
Precinct,220 - North Park,425,305,0,730
Precinct,222 - Randolph,197,46,0,243
Precinct,223 - Ratcliffe,2332,184,4,2520
Precinct,225 - Wilder,1322,254,0,1576
Precinct,226 - Yellow Tavern,1828,786,6,2620
Precinct,301 - Causeway,1258,854,2,2114
Precinct,302 - Cedarfield,1191,951,3,2145
Precinct,303 - Colonial Trail,1359,773,1,2133
Precinct,304 - Innsbrook,1099,612,5,1716
Precinct,305 - Jackson Davis,832,584,2,1418
Precinct,306 - Nuckols Farm,1693,1457,3,3153
Precinct,307 - Pocahontas,1481,956,3,2440
Precinct,308 - Ridge,629,471,0,1100
Precinct,309 - Rivers Edge,1620,1232,8,2860
Precinct,310 - Sadler,1795,1206,12,3013
Precinct,311 - Shady Grove,1640,1376,2,3018
Precinct,312 - Short Pump,1209,823,4,2036
Precinct,313 - Stoney Run,1870,1392,4,3266
Precinct,314 - 3 Chopt,1043,827,1,1871
Precinct,315 - Tucker,1918,693,1,2612
Precinct,401 - Crestview,1254,678,6,1938
Precinct,402 - Derbyshire,885,802,1,1688
Precinct,403 - Freeman,1094,749,6,1849
Precinct,404 - Gayton,1501,1252,6,2759
Precinct,405 - Godwin,1224,775,3,2002
Precinct,406 - Lakewood,945,832,1,1778
Precinct,407 - Lauderdale,1163,792,4,1959
Precinct,408 - Maybeury,1112,944,5,2061
Precinct,409 - Mooreland,678,834,0,1512
Precinct,410 - Pemberton,1249,716,5,1970
Precinct,411 - Pinchbeck,1435,936,3,2374
Precinct,412 - Quioccasin,1477,873,3,2353
Precinct,413 - Ridgefield,1475,1204,4,2683
Precinct,414 - Rollingwood,1019,690,3,1712
Precinct,415 - Skipwith,833,487,4,1324
Precinct,416 - Spottswood,568,389,1,958
Precinct,417 - Tuckahoe,1622,1657,3,3282
Precinct,418 - Welborne,996,584,1,1581
Precinct,419 - West End,1175,979,2,2156
Precinct,501 - Adams,1655,194,0,1849
Precinct,502 - Antioch,541,1049,2,1592
Precinct,503 - Cedar Fork,1228,161,2,1391
Precinct,504 - Chickahominy,1108,873,1,1982
Precinct,505 - Donahoe,999,408,0,1407
Precinct,506 - Dorey,1709,887,2,2598
Precinct,507 - Eanes,1941,511,4,2456
Precinct,508 - Elko,145,471,2,618
Precinct,509 - Highland Springs,1259,234,5,1498
Precinct,510 - Laburnum,1217,350,1,1568
Precinct,511 - Mehfoud,1246,464,9,1719
Precinct,512 - Montrose,1691,239,2,1932
Precinct,513 - 9 MILE,664,292,1,957
Precinct,514 - Pleasants,2098,242,2,2342
Precinct,515 - Rolfe,2461,264,1,2726
Precinct,516 - Sandston,730,907,1,1638
Precinct,517 - Sullivans,2201,600,4,2805
Precinct,518 - Town Hall,378,457,1,836
Precinct,519 - Whitlocks,909,951,1,1861
Precinct,HENRICO COUNTY PROVISIONALS,2282,1053,3,3338
Locality,Henry County,9583,15426,43,25052
Precinct,101 - Bassett #2,270,278,3,551
Precinct,102 - Gunville,297,796,1,1094
Precinct,103 - Scott's Tanyard,537,1443,4,1984
Precinct,201 - Fieldale,266,407,2,675
Precinct,202 - Horsepasture #1,426,811,1,1238
Precinct,203-Horsepasture #2,672,308,2,982
Precinct,204 - Spencer,368,857,1,1226
Precinct,302 - Axton,362,424,1,787
Precinct,303 - Irisburg,642,824,2,1468
Precinct,304 - Mount Olivet,845,682,2,1529
Precinct,305 - Mountain Valley,296,426,0,722
Precinct,401 - Collinsville #1,297,514,2,813
Precinct,402 - Daniels Creek,390,499,4,893
Precinct,404 - Collinsville #2,624,894,3,1521
Precinct,405 - Mountain View,322,260,0,582
Precinct,501 - Bassett #1,302,355,1,658
Precinct,502 - Figsboro,288,662,1,951
Precinct,503 - Stanleytown,385,1142,2,1529
Precinct,504 - Oak Level,149,305,2,456
Precinct,505 - Dyers Store,277,533,1,811
Precinct,601 - Fontaine,489,870,3,1362
Precinct,602 - Hillcrest,156,234,0,390
Precinct,603 - Ridgeway #1,453,972,4,1429
Precinct,604 - Ridgeway #2,299,750,0,1049
Precinct,HENRY COUNTY PROVISIONALS,171,180,1,352
Locality,Highland County,497,1012,1,1510
Precinct,001 - Monterey,176,309,1,486
Precinct,003 - Wilsons Mill,25,86,0,111
Precinct,005 - Blue Grass,111,190,0,301
Precinct,007 - Mill Gap,71,104,0,175
Precinct,008 - Mcdowell,113,313,0,426
Precinct,HIGHLAND COUNTY PROVISIONALS,1,10,0,11
Locality,Hopewell City,5173,3438,16,8627
Precinct,101 - WARD 1,558,429,1,988
Precinct,201 - WARD 2,747,113,1,861
Precinct,301 - WARD 3,683,859,5,1547
Precinct,401 - WARD 4,966,703,3,1672
Precinct,501 - WARD 5,619,647,4,1270
Precinct,601 - WARD 6,757,263,0,1020
Precinct,701 - WARD 7,702,353,1,1056
Precinct,HOPEWELL CITY PROVISIONALS,141,71,1,213
Locality,Isle of Wight County,10292,14163,20,24475
Precinct,101 - Pagan River,970,1497,4,2471
Precinct,102 - Cypress Creek A,1099,1480,2,2581
Precinct,103 - Cypress Creek B,64,82,0,146
Precinct,201 - Bartlett,1194,1300,1,2495
Precinct,202 - Nike Park A,838,1399,1,2238
Precinct,203 - Nike Park B,103,120,1,224
Precinct,301 - Rushmere,761,479,1,1241
Precinct,302 - Pons,1097,720,0,1817
Precinct,303 - Benns Church,708,469,0,1177
Precinct,304 - New Towne,230,122,0,352
Precinct,401 - Bowling Green,370,970,3,1343
Precinct,402 - Windsor,701,1277,1,1979
Precinct,403 - Cedar Grove,521,911,3,1435
Precinct,501 - Walters,251,691,1,943
Precinct,502 - Beaver Dam,449,622,1,1072
Precinct,503 - Fire Tower,426,1006,1,1433
Precinct,504 - Bethany Church,298,806,0,1104
Precinct,ISLE OF WIGHT COUNTY PROVISIONALS,212,212,0,424
Locality,James City County,26991,24033,68,51092
Precinct,101 - Berkeley A,2095,1708,7,3810
Precinct,102 - Berkeley B,1324,1178,3,2505
Precinct,103 - Berkeley C,1174,1489,1,2664
Precinct,104- Berkeley D,622,474,2,1098
Precinct,201 - Jamestown A,1056,723,7,1786
Precinct,202 - Jamestown B,1486,811,4,2301
Precinct,203 - Jamestown C,1334,1088,3,2425
Precinct,204 - Jamestown D,1772,1641,2,3415
Precinct,301 - Powhatan A,1834,1653,3,3490
Precinct,302 - Powhatan B,662,448,3,1113
Precinct,303 - Powhatan C,866,1622,3,2491
Precinct,304 - Powhatan D,1630,1103,5,2738
Precinct,401 - Stonehouse A,1796,1649,6,3451
Precinct,402 - Stonehouse B,2311,2099,3,4413
Precinct,403 - Stonehouse C,1621,1989,2,3612
Precinct,501 - Roberts A,881,375,2,1258
Precinct,502 - Roberts B,1948,1974,3,3925
Precinct,503 - Roberts C,2134,1627,6,3767
Precinct,JAMES CITY COUNTY PROVISIONALS,445,382,3,830
Locality,King and Queen County,1628,2513,2,4143
Precinct,101 - Owenton,438,412,1,851
Precinct,201 - Clarks,253,523,0,776
Precinct,301 - Shacklefords,313,502,0,815
Precinct,401 - Courthouse,365,482,0,847
Precinct,501 - Oldmill,240,559,1,800
Precinct,King & Queen County Provisionals,19,35,0,54
Locality,King George County,5843,9459,16,15318
Precinct,101 - Courthouse,1065,1440,4,2509
Precinct,102 - Passapatanzy,553,998,1,1552
Precinct,201 - Monroe,1387,2643,6,4036
Precinct,301 - Dahlgren,1347,1812,1,3160
Precinct,401 - Shiloh,1398,2411,4,3813
Precinct,KING GEORGE COUNTY PROVISIONALS,93,155,0,248
Locality,King William County,3659,7678,10,11347
Precinct,101 - West Point,687,1163,3,1853
Precinct,201 - Sweet Hall,237,557,0,794
Precinct,202 - Courthouse,551,1043,0,1594
Precinct,301 - Aylett,632,1600,3,2235
Precinct,401 - Manquin,714,1613,3,2330
Precinct,501 - Mangohick,780,1603,1,2384
Precinct,KING WILLIAM COUNTY PROVISIONALS,58,99,0,157
Locality,Lancaster County,3364,3888,6,7258
Precinct,101 - Precinct 1-1,548,887,1,1436
Precinct,201 - Precinct 2-1,703,496,1,1200
Precinct,301 - Precinct 3-1,459,691,0,1150
Precinct,302 - Precinct 3-2,181,358,0,539
Precinct,401 - Precinct 4-1,765,472,1,1238
Precinct,501 - Precinct 5-1,672,946,3,1621
Precinct,LANCASTER COUNTY PROVISIONALS,36,38,0,74
Locality,Lee County,2306,7452,20,9778
Precinct,101 - Elydale,119,396,0,515
Precinct,102 - Ewing,97,421,2,520
Precinct,103 - Rose Hill,195,718,1,914
Precinct,201 - Blackwater,47,151,0,198
Precinct,202 - Flatwoods,162,585,2,749
Precinct,203 - Jonesville,336,972,3,1311
Precinct,301 - Ben Hur,236,705,0,941
Precinct,302 - Woodway,118,388,1,507
Precinct,401 - Stickleyville,191,533,2,726
Precinct,402 - Jasper,75,265,1,341
Precinct,403 - Seminary,83,384,1,468
Precinct,404 - Dryden,176,627,1,804
Precinct,501 - Saint Charles,118,212,2,332
Precinct,502 - Pennington,233,751,3,987
Precinct,503 - Robbins Chapel,22,84,0,106
Precinct,504 - Keokee,45,118,0,163
Precinct,LEE COUNTY PROVISIONALS,53,142,1,196
Locality,Lexington City,1817,1031,4,2852
Precinct,001 - Lexington,1710,907,3,2620
Precinct,LEXINGTON CITY PROVISIONALS,107,124,1,232
Locality,Loudoun County,133436,93441,860,227737
Precinct,107 - Little River,1539,1044,11,2594
Precinct,108 - Mercer,1387,891,10,2288
Precinct,112 - Freedom,1307,753,13,2073
Precinct,114 - Dulles South,1398,939,10,2347
Precinct,119 - Arcola,2054,1205,23,3282
Precinct,120 - Lunsford,1856,1156,13,3025
Precinct,121 - Town Hall,877,567,9,1453
Precinct,122 - Hutchison Farm,1641,1089,20,2750
Precinct,123 - Cardinal Ridge,926,544,6,1476
Precinct,124 - Liberty,1153,731,6,1890
Precinct,126-Goshen Post,1441,947,12,2400
Precinct,207 - River Bend,915,593,5,1513
Precinct,208 - Algonkian,922,601,1,1524
Precinct,209 - Potomac Falls,1786,1062,6,2854
Precinct,210 - Cascades,1656,970,16,2642
Precinct,213 - Countryside,625,333,1,959
Precinct,214 - Sugarland North,1278,862,13,2153
Precinct,215 - Sugarland South,1484,871,3,2358
Precinct,216 - Lowes Island,1278,928,9,2215
Precinct,217 - South Bank,1614,1011,8,2633
Precinct,218 - University Center,1190,660,12,1862
Precinct,219 - Galilee Church,1107,724,2,1833
Precinct,220 - Mirror Ridge,1307,772,8,2087
Precinct,221 - Seneca,1279,818,12,2109
Precinct,307 - Middleburg,619,485,1,1105
Precinct,308 - St Louis,670,489,1,1160
Precinct,309 - Aldie,413,428,0,841
Precinct,312 - Briar Woods,1172,573,5,1750
Precinct,313 - Pinebrook,1001,687,9,1697
Precinct,314 - Legacy,1615,915,8,2538
Precinct,319 - John Champe,901,575,1,1477
Precinct,321 - Brambleton Middle,1654,869,8,2531
Precinct,322 - Buffalo Trail,1296,799,9,2104
Precinct,323 - Sycolin Creek,1011,1102,8,2121
Precinct,324 - Madison,969,561,7,1537
Precinct,325 - Creighton,1956,947,5,2908
Precinct,326 - Independence,1447,1298,13,2758
Precinct,327 - Willard,653,710,2,1365
Precinct,328 - Hovatter,1062,812,10,1884
Precinct,329 - Lightridge,1377,1226,10,2613
Precinct,401 - West Lovettsville,1471,1773,7,3251
Precinct,402 - Waterford,1146,1309,5,2460
Precinct,403 - Lucketts,1059,1052,8,2119
Precinct,409 - Clarkes Gap,1271,1490,6,2767
Precinct,411 - East Lovettsville,903,1135,5,2043
Precinct,413 - Tuscarora,655,674,3,1332
Precinct,416 - Hamilton,1109,1132,10,2251
Precinct,421 - Between The Hills,131,185,1,317
Precinct,423 - Simpson,215,404,0,619
Precinct,424 - Purcellville,1490,1446,1,2937
Precinct,425 - Round Hill,1140,1403,2,2545
Precinct,426 - Hillsboro,990,1264,0,2254
Precinct,427 - Philomont,893,1136,3,2032
Precinct,428 - Mountain View,1616,1577,4,3197
Precinct,429 - Round Hill Elementary,1341,1662,1,3004
Precinct,430 - Harmony,542,615,3,1160
Precinct,501 - West Leesburg,1459,842,8,2309
Precinct,502 - East Leesburg,1544,822,10,2376
Precinct,503 - Dry Mill,857,548,3,1408
Precinct,504 - Smarts Mill,1634,1030,3,2667
Precinct,505 - Cool Spring,1488,1119,6,2613
Precinct,506 - Douglass,917,517,7,1441
Precinct,507 - Greenway,742,525,3,1270
Precinct,508 - Balls Bluff,1468,1015,7,2490
Precinct,509 - Tolbert,1999,1223,19,3241
Precinct,510 - Heritage,877,686,4,1567
Precinct,511 - Evergreen,1735,1380,14,3129
Precinct,512 - River Creek,1070,1030,2,2102
Precinct,513 - Red Rock,841,614,5,1460
Precinct,615 - Hillside,2012,1253,9,3274
Precinct,616 - Eagle Ridge,1880,1118,16,3014
Precinct,620 - Russell Branch,1263,738,10,2011
Precinct,621 - Dominion Trail,1858,1131,7,2996
Precinct,622 - Farmwell Station,1687,959,21,2667
Precinct,623 - Weller,2022,1123,15,3160
Precinct,625 - Mill Run,1472,883,5,2360
Precinct,626 - Ashby Ponds,1220,560,1,1781
Precinct,627 - Ashbrook,946,476,8,1430
Precinct,628 - Moorefield Station,1209,596,2,1807
Precinct,629 - Discovery,694,415,5,1114
Precinct,630 - Croson,1534,931,12,2477
Precinct,631 - Marblehead,1034,645,10,1689
Precinct,701 - Sully,1139,775,11,1925
Precinct,702 - Park View,1507,886,25,2418
Precinct,703 - Rolling Ridge,1336,678,35,2049
Precinct,705 - Forest Grove,1322,842,7,2171
Precinct,707 - Claude Moore Park,555,297,4,856
Precinct,710 - Sterling,880,595,6,1481
Precinct,711 - Guilford,909,466,8,1383
Precinct,712 - Stone Hill,1242,586,5,1833
Precinct,713 - Carter,489,259,8,756
Precinct,714 - Rock Ridge,1634,896,10,2540
Precinct,715 - Oak Grove,616,340,5,961
Precinct,716 - Ridgetop,869,367,4,1240
Precinct,808 - Stone Bridge,1856,1186,8,3050
Precinct,810 - Cedar Lane,1510,902,4,2416
Precinct,813 - Seldens Landing,1206,738,6,1950
Precinct,814 - Newton - Lee,1584,1276,2,2862
Precinct,815 - Belmont Ridge,1918,1179,10,3107
Precinct,817 - Sanders Corner,1339,916,4,2259
Precinct,818 - East Broad Run,1086,641,12,1739
Precinct,819 - West Broad Run,1010,791,7,1808
Precinct,820 - Belmont Station,1310,859,12,2181
Precinct,822 - Riverside,1173,807,6,1986
Precinct,823 - Harper Park,1186,800,11,1997
Precinct,824 - Goose Creek,535,383,1,919
Precinct,825 - Waxpool,1396,867,10,2273
Precinct,LOUDOUN COUNTY PROVISIONALS,2559,2126,42,4727
Locality,Louisa County,9124,14726,22,23872
Precinct,101 - Green Springs #1,1415,1491,4,2910
Precinct,102 - Green Springs #2,466,651,1,1118
Precinct,201 - Louisa #1,651,816,3,1470
Precinct,202 - Louisa #2,501,825,1,1327
Precinct,203 - Louisa #3,87,153,0,240
Precinct,301 - Patrick Henry #1,1048,788,0,1836
Precinct,302 - Patrick Henry #2,525,778,2,1305
Precinct,401 - Mineral,1124,2366,1,3491
Precinct,501 - Cuckoo #1,362,498,2,862
Precinct,502 - Cuckoo #2,316,628,1,945
Precinct,503 - Cuckoo #3,557,1192,1,1750
Precinct,601 - Jackson,799,2170,2,2971
Precinct,701 - Mountain Road #1,452,1093,1,1546
Precinct,702 - Mountain Road #2,667,1014,2,1683
Precinct,LOUISA COUNTY PROVISIONALS,154,263,1,418
Locality,Lunenburg County,2344,3324,4,5672
Precinct,101 - Plymouth,213,455,1,669
Precinct,201 - Browns Store,338,393,0,731
Precinct,301 - Rosebud,114,246,0,360
Precinct,302 - Flat Rock,176,299,0,475
Precinct,401 - Arrowhead Gun Club,80,192,0,272
Precinct,402 - Pleasant Grove,193,360,2,555
Precinct,501 - Reedy Creek,211,240,0,451
Precinct,502 - Peoples Community Center,301,182,0,483
Precinct,601 - Hounds Creek,367,428,1,796
Precinct,701 - Meherrin Fire Department,159,231,0,390
Precinct,702 - Victoria Public Library,155,252,0,407
Precinct,LUNENBURG COUNTY PROVISIONALS,37,46,0,83
Locality,Lynchburg City,17020,19478,75,36573
Precinct,101 - First Ward First Precinct,1500,1514,8,3022
Precinct,102 - First Ward Second Precinct,1419,1665,7,3091
Precinct,103 - First Ward Third Precinct,1069,1056,7,2132
Precinct,104 - First Ward Fourth Precinct,568,371,2,941
Precinct,105 - First Ward Fifth Precinct,794,541,2,1337
Precinct,201 - Second Ward First Precinct,1927,772,5,2704
Precinct,202 - Second Ward Second Precinct,1620,657,5,2282
Precinct,203 - Second Ward Third Precinct,441,188,1,630
Precinct,204 - Second Ward Fourth Precinct,362,331,0,693
Precinct,301 - Third Ward First Precinct,427,452,3,882
Precinct,302 - Third Ward Second Precinct,61,1442,3,1506
Precinct,303 - Third Ward Third Precinct,503,653,1,1157
Precinct,304 - Third Ward Fourth Precinct,500,777,4,1281
Precinct,305 - Third Ward Fifth Precinct,951,1820,2,2773
Precinct,401 - Fourth Ward First Precinct,1388,2359,9,3756
Precinct,402 - Fourth Ward Second Precinct,582,671,2,1255
Precinct,403 - Fourth Ward Third Precinct,1098,1218,5,2321
Precinct,404 - Fourth Ward Fourth Precinct,1335,1305,5,2645
Precinct,Provisional,475,1686,4,2165
Locality,Madison County,2839,5546,3,8388
Precinct,001 - Oak Park,365,600,1,966
Precinct,002 - Radiant,527,891,0,1418
Precinct,003 - Rochelle,206,496,0,702
Precinct,004 - GRAVES MILL,24,46,0,70
Precinct,005 - Madison,575,950,0,1525
Precinct,006 - WOLFTOWN,287,547,0,834
Precinct,007 - Brightwood,418,1176,0,1594
Precinct,008 - Criglersville,253,458,1,712
Precinct,009 - Etlan,151,302,0,453
Precinct,MADISON COUNTY PROVISIONALS,33,80,1,114
Locality,Manassas City,9375,6438,36,15849
Precinct,001 - Dean,1639,889,8,2536
Precinct,002 - Weems,1576,1084,4,2664
Precinct,003 - Metz,1656,1239,3,2898
Precinct,004 - Haydon,1499,1031,12,2542
Precinct,005 - Baldwin,1456,1019,5,2480
Precinct,006 - Round,1281,1023,3,2307
Precinct,MANASSAS CITY PROVISIONALS,268,153,1,422
Locality,Manassas Park City,3713,2112,28,5853
Precinct,001 - Precinct 1,1449,644,8,2101
Precinct,002 - Precinct 2,908,682,7,1597
Precinct,003 - Precinct 3,1188,696,11,1895
Precinct,MANASSAS PARK CITY PROVISIONALS,168,90,2,260
Locality,Martinsville City,3515,1942,9,5466
Precinct,001 - Precinct #1,487,35,0,522
Precinct,002 - Precinct #2,719,413,5,1137
Precinct,003 - Precinct #3,433,215,3,651
Precinct,004 - Precinct #4,815,374,1,1190
Precinct,005 - Precinct #5,762,866,0,1628
Precinct,006 - Precinct #6,245,9,0,254
Precinct,MARTINSVILLE CITY PROVISIONALS,54,30,0,84
Locality,Mathews County,1872,4015,9,5896
Precinct,001 - Chesapeake,404,899,2,1305
Precinct,002 - Westville,686,1367,4,2057
Precinct,003 - Piankatank,767,1709,3,2479
Precinct,MATHEWS COUNTY PROVISIONALS,15,40,0,55
Locality,Mecklenburg County,6699,9170,23,15892
Precinct,101 - Palmer Springs,345,255,0,600
Precinct,102 - Antioch Church,63,173,0,236
Precinct,103 - Clarksville South,506,376,0,882
Precinct,201 - Chase City,651,453,2,1106
Precinct,202 - Bluestone,121,130,2,253
Precinct,301 - Bracey,320,836,1,1157
Precinct,302 - Lacrosse,320,357,0,677
Precinct,401 - South Hill West,892,607,1,1500
Precinct,501 - South Hill East,634,858,4,1496
Precinct,601 - Baskerville,161,274,3,438
Precinct,602 - Union Level,96,241,0,337
Precinct,603 - Smith Crossroads,183,291,1,475
Precinct,604 - Lake Gaston,247,502,0,749
Precinct,701 - Midway,153,243,0,396
Precinct,702 - Williams Grove,279,435,2,716
Precinct,703 - Chase City East,250,311,3,564
Precinct,801 - Boydton,201,258,0,459
Precinct,802 - Clarksville Vfw,347,610,2,959
Precinct,803 - Chase City West,161,420,0,581
Precinct,901 - Nelson,49,232,0,281
Precinct,902 - Buffalo Junction,136,367,0,503
Precinct,903 - Clarksville North,479,812,0,1291
Precinct,MECKLENBURG COUNTY PROVISIONALS,105,129,2,236
Locality,Middlesex County,2570,4265,3,6838
Precinct,101 - Saluda,212,286,0,498
Precinct,102 - Urbanna,320,477,0,797
Precinct,201 - New Market,426,1071,0,1497
Precinct,302 - Church View,537,679,0,1216
Precinct,401- Harmony Village,531,730,3,1264
Precinct,501 - Wilton,497,965,0,1462
Precinct,MIDDLESEX COUNTY PROVISIONALS,47,57,0,104
Locality,Montgomery County,25037,21575,107,46719
Precinct,101 - Precinct A-1,1132,739,2,1873
Precinct,102 - Precinct A-2,1269,367,7,1643
Precinct,103 - Precinct A-3,52,16,1,69
Precinct,104 - Precinct A-4,1363,410,6,1779
Precinct,105 - Precinct A-5,876,641,1,1518
Precinct,201 - Precinct B-1,229,394,1,624
Precinct,202 - Precinct B-2,1094,1003,2,2099
Precinct,203 - Precinct B-3,311,535,1,847
Precinct,204 - Precinct B-4,1366,1118,2,2486
Precinct,205 - Precinct B-5,833,842,2,1677
Precinct,301 - Precinct C-1,688,1626,5,2319
Precinct,302 - Precinct C-2,434,628,1,1063
Precinct,303 - Precinct C-3,278,680,0,958
Precinct,304 - Precinct C-4,889,907,5,1801
Precinct,305 - Precinct C-5,615,702,2,1319
Precinct,401 - Precinct D-1,647,1653,2,2302
Precinct,402 - Precinct D-2,795,1842,3,2640
Precinct,403 - Precinct D-3,1079,1317,3,2399
Precinct,404 - Precinct D-4,306,786,0,1092
Precinct,501 - Precinct E-1,1089,764,6,1859
Precinct,502 - Precinct E-2,634,844,0,1478
Precinct,503 - Precinct E-3,412,86,3,501
Precinct,504 - Precinct E-4,288,121,1,410
Precinct,601 - Precinct F-1,1400,539,2,1941
Precinct,602 - Precinct F-2,1378,434,5,1817
Precinct,603 - Precinct F-3,148,70,0,218
Precinct,701 - Precinct G-1,977,301,4,1282
Precinct,702 - Precinct G-2,996,367,4,1367
Precinct,703 - Precinct G-3,1072,408,5,1485
Precinct,MONTGOMERY COUNTY PROVISIONALS,2387,1435,31,3853
Locality,Nelson County,4520,4849,16,9385
Precinct,101 - Rockfish,916,845,3,1764
Precinct,201 - Lovingston,449,585,1,1035
Precinct,202 - Schuyler,296,409,1,706
Precinct,301 - Shipman,631,768,4,1403
Precinct,302 - Gladstone,80,159,0,239
Precinct,401 - Roseland,598,905,3,1506
Precinct,402 - Montebello,51,85,0,136
Precinct,501 - Faber,363,303,1,667
Precinct,502 - Nellysford,1081,706,3,1790
Precinct,NELSON COUNTY PROVISIONALS,55,84,0,139
Locality,New Kent County,5700,10695,10,16405
Precinct,102 - Tunstall,252,973,1,1226
Precinct,103 - Southern Branch,440,1242,2,1684
Precinct,201 - Quinton,825,1141,0,1966
Precinct,202 - Kentwood,301,814,0,1115
Precinct,301 - Watkins,1112,1425,1,2538
Precinct,302 - Cumberland,486,884,1,1371
Precinct,401 - Providence Forge,1128,1417,2,2547
Precinct,403 - Mountcastle,306,533,1,840
Precinct,501 - Eltham,381,838,0,1219
Precinct,502 - Chickahominy River,388,1277,2,1667
Precinct,NEW KENT COUNTY PROVISIONALS,81,151,0,232
Locality,Newport News City,49499,25323,91,74913
Precinct,101 - Denbigh,1875,657,1,2533
Precinct,102 - Stoney Run,2013,525,2,2540
Precinct,104 - Mcintosh,1278,436,1,1715
Precinct,106 - Reservoir,1242,387,5,1634
Precinct,107 - Richneck,2082,1022,3,3107
Precinct,108 - Katherine Johnson,571,251,0,822
Precinct,109 - Windsor,939,444,1,1384
Precinct,110 - Greenwood,1809,668,2,2479
Precinct,111 - Stoneybrook,1808,804,5,2617
Precinct,112 - Knollwood Meadows,1735,1291,2,3028
Precinct,113 - Sanford,522,522,1,1045
Precinct,201 - Bland,370,142,1,513
Precinct,202 - Boulevard,889,839,3,1731
Precinct,203 - Charles,1648,1422,3,3073
Precinct,204 - Mariners' Museum,789,456,2,1247
Precinct,205 - Deep Creek,1129,1288,0,2417
Precinct,208 - Hidenwood,696,759,1,1456
Precinct,211 - Palmer,1506,758,4,2268
Precinct,212 - Riverside,581,612,1,1194
Precinct,216 - Yates,1294,884,2,2180
Precinct,217 - Riverview,1044,975,3,2022
Precinct,218 - Kiln Creek,2210,1238,4,3452
Precinct,219 - Deer Park,2012,755,4,2771
Precinct,220 -Jenkins,1488,887,3,2378
Precinct,302 - Briarfield,1038,287,3,1328
Precinct,303 - Carver,702,240,2,944
Precinct,304 - Chestnut,566,47,4,617
Precinct,305 - Downtown,336,98,1,435
Precinct,308 - Jefferson,485,32,1,518
Precinct,309 - Magruder,583,52,0,635
Precinct,310 - Marshall,713,53,0,766
Precinct,311 - Newmarket,1468,439,4,1911
Precinct,312 - Newsome Park,392,31,2,425
Precinct,313 - Reed,1169,62,0,1231
Precinct,314 - River,666,298,2,966
Precinct,315 - Sedgefield,824,636,3,1463
Precinct,316 - South Morrison,1132,548,3,1683
Precinct,317 - Washington,585,43,0,628
Precinct,318 - Wilson,615,83,0,698
Precinct,319 - Saunders,1548,988,1,2537
Precinct,320 - Watkins,1819,1477,1,3297
Precinct,321 - Hilton,1115,756,3,1874
Precinct,322 - Warwick,718,409,0,1127
Precinct,NEWPORT NEWS CITY PROVISIONALS,1495,722,7,2224
Locality,Norfolk City,61334,23657,140,85131
Precinct,101 - Granby,1745,702,3,2450
Precinct,102 - Ocean View School,609,467,0,1076
Precinct,103 - Northside,948,669,4,1621
Precinct,104 - Titustown,745,188,2,935
Precinct,106 - 2nd Presbyterian,1459,751,4,2214
Precinct,107 - Wesley,969,482,1,1452
Precinct,201 - Larchmont School,1339,578,4,1921
Precinct,203 - Ghent Square,878,248,1,1127
Precinct,207 - Lambert's Point,1437,255,6,1698
Precinct,208 - Larchmont Library,977,515,2,1494
Precinct,210 - Maury,1431,436,4,1871
Precinct,211 - Chrysler Museum,2132,757,5,2894
Precinct,212 - Park Place,1059,136,1,1196
Precinct,213 - Taylor Elementary School,1826,420,7,2253
Precinct,214 - Virginia Zoo,1764,439,1,2204
Precinct,215 - Suburban Park,1024,546,0,1570
Precinct,218 - Willard,1836,974,2,2812
Precinct,301 - Ballentine,1320,240,2,1562
Precinct,302 - Tanners Creek,844,203,1,1048
Precinct,303 - Broad Creek,1685,140,1,1826
Precinct,304 - Coleman Place School,753,157,3,913
Precinct,305 - Lafayette-winona,1094,258,3,1355
Precinct,306 - Lindenwood,923,132,5,1060
Precinct,309 - Norview,2088,626,3,2717
Precinct,310 - Rosemont,2011,187,0,2198
Precinct,311 - Sherwood,1859,828,5,2692
Precinct,313 - Union Chapel,702,46,0,748
Precinct,402 - Berkley,1122,75,1,1198
Precinct,404 - Campostella,1230,105,0,1335
Precinct,405 - Chesterfield,1236,88,2,1326
Precinct,406 - Barron Black,794,483,1,1278
Precinct,408 - Calvary Revival Church,1163,717,3,1883
Precinct,409 - Fairlawn,884,467,2,1353
Precinct,411 - Ruffner Academy,613,42,1,656
Precinct,412 - Ingleside,1240,206,3,1449
Precinct,413 - Poplar Halls,1781,387,9,2177
Precinct,414 - Young Park,1141,87,0,1228
Precinct,415 - Lake Taylor High School,998,510,2,1510
Precinct,501 - Bayview,1201,908,4,2113
Precinct,503 - East Ocean View,1510,1208,5,2723
Precinct,504 - Larrymore,1047,601,1,1649
Precinct,505 - Little Creek,733,618,1,1352
Precinct,506 - Ocean View Golf Course,1506,779,4,2289
Precinct,507 - Pretlow,1104,697,4,1805
Precinct,509 - Tarrallton,933,982,4,1919
Precinct,510 - 3rd Presbyterian,1037,1015,6,2058
Precinct,511 - Crossroads,1074,794,3,1871
Precinct,512 - Azalea Gardens,725,464,0,1189
Precinct,Provisional,2805,1044,14,3863
Locality,Northampton County,3687,3047,8,6742
Precinct,101 - Precinct 1-1,870,861,1,1732
Precinct,201 - Precinct 2-1,748,489,2,1239
Precinct,301 - Precinct 3-1,727,404,0,1131
Precinct,401 - Precinct 4-1,750,671,4,1425
Precinct,501 - Precinct 5-1,544,582,1,1127
Precinct,NORTHAMPTON COUNTY PROVISIONALS,48,40,0,88
Locality,Northumberland County,3253,4912,7,8172
Precinct,101 - 1a,549,892,0,1441
Precinct,201 - 2a,550,976,4,1530
Precinct,301 - 3a,793,467,1,1261
Precinct,401 - 4a,652,1245,1,1898
Precinct,501 - 5a,671,1283,1,1955
Precinct,NORTHUMBERLAND COUNTY PROVISIONALS,38,49,0,87
Locality,Norton City,606,973,2,1581
Precinct,001 - East Ward,588,957,2,1547
Precinct,NORTON CITY PROVISIONALS,18,16,0,34
Locality,Nottoway County,2800,4000,10,6810
Precinct,101 - Precinct 1-1,412,749,4,1165
Precinct,201 - Precinct 2-1,426,1045,1,1472
Precinct,301 - Precinct 3-1,546,504,1,1051
Precinct,302 - Precinct 3-2,133,194,2,329
Precinct,401 - Precinct 4-1,512,188,0,700
Precinct,402 - Precinct 4-2,172,388,2,562
Precinct,501 - Precinct 5-1,544,870,0,1414
Precinct,NOTTOWAY COUNTY PROVISIONALS,55,62,0,117
Locality,Orange County,8725,13289,43,22057
Precinct,101 - 1 WEST,847,1182,5,2034
Precinct,102 - 1 EAST,505,971,4,1480
Precinct,103 - 1 TOWN,398,350,0,748
Precinct,201 - 2 WEST,592,1302,2,1896
Precinct,202 - 2 EAST,577,1780,6,2363
Precinct,301 - 3 WEST,190,295,0,485
Precinct,302 - 3 EAST,358,829,1,1188
Precinct,303 - 3 TOWN,1084,1054,3,2141
Precinct,401 - 4 WEST,691,1599,8,2298
Precinct,402 - 4 EAST,971,1072,3,2046
Precinct,501 - 5 SOUTH,1084,1191,2,2277
Precinct,502 - 5 NORTH,1283,1449,7,2739
Precinct,ORANGE COUNTY PROVISIONALS,145,215,2,362
Locality,Page County,3618,9354,21,12993
Precinct,101 - West Luray,919,1672,7,2598
Precinct,201 - East Luray,888,1744,4,2636
Precinct,301 - Marksville,684,2170,2,2856
Precinct,401 - Newport,547,1695,4,2246
Precinct,501 - Shenandoah,531,1930,4,2465
Precinct,PAGE COUNTY PROVISIONALS,49,143,0,192
Locality,Patrick County,2391,7005,9,9405
Precinct,101 - Ararat,164,459,0,623
Precinct,102 - Claudville,127,434,1,562
Precinct,103 - Willis Gap,117,509,0,626
Precinct,201 - Dry Pond,107,340,0,447
Precinct,202 - Patrick Springs,210,543,0,753
Precinct,203 - Russell Creek,200,546,1,747
Precinct,301 - Critz/stella,346,874,2,1222
Precinct,302 - Liberty,123,556,1,680
Precinct,401 - Meadows Of Dan,243,553,0,796
Precinct,402 - Stuart Fairgrounds,169,339,1,509
Precinct,403 - Stuart Community,120,311,1,432
Precinct,502 - Elamsville,214,700,0,914
Precinct,503 - Woolwine,216,737,2,955
Precinct,PATRICK COUNTY PROVISIONALS,35,104,0,139
Locality,Petersburg City,11254,1583,22,12859
Precinct,101 - 1st WARD 1st,1283,185,4,1472
Precinct,201 - 2nd WARD 1st,1806,191,2,1999
Precinct,301 - 3rd WARD 1st,1911,422,2,2335
Precinct,401 - 4th WARD 1st,1430,270,4,1704
Precinct,501 - 5th WARD 1st,1311,171,6,1488
Precinct,601 - 6th WARD 1st,1487,106,0,1593
Precinct,701 - 7th WARD 1st,1680,180,3,1863
Precinct,PETERSBURG CITY PROVISIONALS,346,58,1,405
Locality,Pittsylvania County,10523,22725,42,33290
Precinct,103 - Twin Springs,609,2048,2,2659
Precinct,105 - Chatham,237,530,0,767
Precinct,106 - Tunstall,298,894,2,1194
Precinct,108 - West Blairs,243,462,1,706
Precinct,201 - Callands,246,766,1,1013
Precinct,202- Bearskin,221,357,1,579
Precinct,204 - Sandy Level,182,520,0,702
Precinct,206 - Climax,187,535,0,722
Precinct,207 - Gretna,445,1097,1,1543
Precinct,301 - Central,541,490,1,1032
Precinct,305 - Riceville,372,385,2,759
Precinct,307 - East Blairs,798,400,2,1200
Precinct,308 - Mt Airy,330,313,0,643
Precinct,309 - East Gretna,221,300,1,522
Precinct,402 - Keeling,239,790,1,1030
Precinct,404 - Kentuck,511,1362,6,1879
Precinct,405 - Ringgold,579,1448,2,2029
Precinct,501 - Hurt,577,1132,2,1711
Precinct,502 - Motley Sycamore,601,1460,3,2064
Precinct,503 - Renan,167,583,0,750
Precinct,603 - Stony Mill,374,957,3,1334
Precinct,604 - Swansonville,201,514,0,715
Precinct,605 - Whitmell,294,747,1,1042
Precinct,606 - Brosville,434,601,2,1037
Precinct,607 - Dry Fork,117,339,0,456
Precinct,702 - Bachelors Hall,279,1075,3,1357
Precinct,703 - Ferry Road,97,194,2,293
Precinct,704 - Mt Hermon,684,1374,2,2060
Precinct,705 - Mt Cross,262,781,0,1043
Precinct,PITTSYLVANIA COUNTY PROVISIONALS,177,271,1,449
Locality,Poquoson City,2273,5729,10,8012
Precinct,001 - Central,741,1838,0,2579
Precinct,002 - Eastern,689,1896,6,2591
Precinct,003 - Western,796,1893,4,2693
Precinct,POQUOSON CITY PROVISIONALS,47,102,0,149
Locality,Portsmouth City,28791,11581,30,40402
Precinct,001 - Emanuel A. M. E. Church,1141,362,1,1504
Precinct,005 - Charles A. Fisher Memorial Academy,685,53,1,739
Precinct,007- Park View Elementary School,762,205,0,967
Precinct,009 - 3rd Baptist Church,1079,201,3,1283
Precinct,010 - Mount Hermon Preschool Center,467,218,0,685
Precinct,011 - Joseph E. Parker Recreation Center,843,34,0,877
Precinct,013 - St. Mark Missionary Baptist Church,485,38,1,524
Precinct,014 - Brighton Elementary School,985,91,0,1076
Precinct,016 - Cradock Middle School,792,280,0,1072
Precinct,017 - Victory Life Fellowship,973,394,2,1369
Precinct,019 - Victory Elementary School,419,269,0,688
Precinct,020 - Noble Street Baptist Church,970,269,0,1239
Precinct,021 - Hendricks/Kendall Recreation Center,618,43,0,661
Precinct,022 - St. Mark Deliverance Center,704,469,0,1173
Precinct,023 - Westhaven Baptist Church,567,605,0,1172
Precinct,024 - The Senior Station,649,306,0,955
Precinct,025 - Waterview Elementary School,856,475,2,1333
Precinct,026 - William E. Waters Middle School,1131,77,0,1208
Precinct,027 - Cavalier Manor Recreation Center,1022,69,3,1094
Precinct,028 - Lakeview Elementary School,1642,72,1,1715
Precinct,029 - Manor High School,364,513,2,879
Precinct,030 - The Rescue Church,485,669,0,1154
Precinct,031 - West Park Church Of Christ,1152,548,2,1702
Precinct,032 - Hodges Manor Elementary School,537,547,3,1087
Precinct,033- Pinecrest Baptist Church,356,571,0,927
Precinct,034- Churchland Branch Library,718,602,1,1321
Precinct,035 - Churchland Elementary School,849,727,1,1577
Precinct,036 - Churchland High School,1707,1077,0,2784
Precinct,037 - Churchland Middle School,1451,616,3,2070
Precinct,038 - Grove Baptist Church,1713,297,1,2011
Precinct,039 - Churchland Primary And Intermediate School,1905,591,1,2497
Precinct,PORTSMOUTH CITY PROVISIONALS,764,293,2,1059
Locality,Powhatan County,5949,14844,16,20809
Precinct,101 - Subletts,597,1459,1,2057
Precinct,102 - Manakin,587,1097,1,1685
Precinct,103 - Flat Rock,207,589,2,798
Precinct,201 - Powhatan Station,374,1262,1,1637
Precinct,202 - Graceland,578,1624,4,2206
Precinct,301 - Bethesda,638,1639,0,2277
Precinct,302 - Lee's Landing,659,1434,1,2094
Precinct,401 - Powhatan Courthouse,812,2177,1,2990
Precinct,402 - Mt Zion,288,906,2,1196
Precinct,501 - Smith Cross Roads,604,1104,1,1709
Precinct,502 - Pineville,348,648,1,997
Precinct,503 - Tobaccoville,194,749,1,944
Precinct,POWHATAN COUNTY PROVISIONALS,63,156,0,219
Locality,Prince Edward County,4617,4567,14,9198
Precinct,101 - Farmville,616,574,4,1194
Precinct,201 - Lockett,641,802,0,1443
Precinct,301 - Leigh,463,516,1,980
Precinct,302 - Mt Pleasant,218,202,5,425
Precinct,401 - Hampden,454,508,0,962
Precinct,501 - Darlington Hts,273,429,0,702
Precinct,502 - Buffalo Hts,212,218,2,432
Precinct,601 - Prospect,710,657,0,1367
Precinct,701 - West End,550,403,0,953
Precinct,801 - Center,343,105,0,448
Precinct,PRINCE EDWARD COUNTY PROVISIONALS,137,153,2,292
Locality,Prince George County,7048,10010,13,17071
Precinct,101 - Richard Bland,405,636,1,1042
Precinct,102 - Templeton,733,2224,2,2959
Precinct,103 - Union Branch,705,1002,2,1709
Precinct,104 - Rives,607,540,1,1148
Precinct,105 - Harrison,156,574,0,730
Precinct,201 - Bland,1158,1694,1,2853
Precinct,202 - Blackwater,676,1166,0,1842
Precinct,203 - Brandon,204,502,1,707
Precinct,204 - Courts,1217,967,2,2186
Precinct,205 - Jefferson Park,970,533,3,1506
Precinct,PRINCE GEORGE COUNTY PROVISIONALS,217,172,0,389
Locality,Prince William County,137060,87310,711,225081
Precinct,101 - Brentsville,788,1687,4,2479
Precinct,102 - Cedar Point,1154,991,6,2151
Precinct,103 - Glenkirk,1515,1321,8,2844
Precinct,104 - Nokesville,1351,1823,6,3180
Precinct,105 - Piney Branch,1264,1113,9,2386
Precinct,106 - Unity Reed,469,258,1,728
Precinct,107 - Marsteller,1640,1256,8,2904
Precinct,108 - Victory,1584,1116,3,2703
Precinct,109 - Chris Yung,1499,1107,8,2614
Precinct,110 - Buckland Mills,1519,1230,11,2760
Precinct,111 - Limestone,1689,1471,7,3167
Precinct,112 - Burke-nickens,1862,1606,3,3471
Precinct,113 - Lakes,1353,1037,9,2399
Precinct,114 - Bristow Run,1727,1438,8,3173
Precinct,201 - Hylton,1452,802,6,2260
Precinct,202 - West Gate,813,418,1,1232
Precinct,203 - Bennett,1790,1275,5,3070
Precinct,204 - Ellis,954,618,1,1573
Precinct,205 - Buckhall,944,961,4,1909
Precinct,206 - Coles,1334,1314,15,2663
Precinct,207 - Spriggs,1418,904,5,2327
Precinct,208 - Colgan,759,762,3,1524
Precinct,209 - Independent Hill,718,1193,5,1916
Precinct,210 - Yates Ford,1286,1372,9,2667
Precinct,211 - Signal Hill,892,545,2,1439
Precinct,212 - Yorkshire,1047,770,3,1820
Precinct,213 - Parkside,930,720,7,1657
Precinct,214 - Lucasville,1151,1345,6,2502
Precinct,215 - Saunders,1494,634,21,2149
Precinct,301 - Dumfries,1350,504,7,1861
Precinct,302 - Potomac,1652,481,10,2143
Precinct,303 - Graham Park,932,400,4,1336
Precinct,304 - Quantico,193,213,1,407
Precinct,305 - Forest Park,1379,966,4,2349
Precinct,306 - 4 Seasons,1480,810,2,2292
Precinct,307 - Henderson,1222,836,3,2061
Precinct,308 - Montclair,824,548,6,1378
Precinct,309 - Ashland,1147,723,5,1875
Precinct,310 - Forest Park,1355,627,10,1992
Precinct,311 - Swans Creek,1503,583,4,2090
Precinct,312 - Triangle,1684,735,6,2425
Precinct,313 - Cardinal,1664,798,9,2471
Precinct,314 - Cabin Branch,1243,708,6,1957
Precinct,315 - Williams,1702,490,9,2201
Precinct,316 - Potomac Shores,1948,730,7,2685
Precinct,401 - Evergreen,1106,1514,1,2621
Precinct,402 - Gravely,1443,1933,5,3381
Precinct,403 - Bull Run,1386,1123,7,2516
Precinct,404 - Unity Braxton,825,463,5,1293
Precinct,405 - Ben Lomond,1178,624,4,1806
Precinct,406 - Alvey,1457,1401,3,2861
Precinct,407 - Heritage Hunt,1831,1573,5,3409
Precinct,408 - Sudley,791,664,4,1459
Precinct,409 - Tyler,2073,1608,15,3696
Precinct,410 - Mountain View,1633,1626,3,3262
Precinct,411 - Mullen,1438,630,4,2072
Precinct,412 - Catharpin,782,1171,1,1954
Precinct,413 - Reagan,1362,1425,5,2792
Precinct,414 - Seymour,972,508,6,1486
Precinct,501 - Springwoods,1757,923,16,2696
Precinct,502 - Occoquan,1432,736,4,2172
Precinct,503 - Mohican,941,446,5,1392
Precinct,504 - Rockledge,1158,589,1,1748
Precinct,505 - Lake Ridge,1656,949,10,2615
Precinct,506 - Old Bridge,1207,679,4,1890
Precinct,507 - Chinn,1802,738,8,2548
Precinct,508 - Purcell,1275,1207,1,2483
Precinct,509 - Mc Coart,1577,1256,5,2838
Precinct,510 - County Center,451,121,3,575
Precinct,511 - Westridge,1797,996,5,2798
Precinct,512 - York,1218,379,7,1604
Precinct,513 - Woodbridge,1701,1067,11,2779
Precinct,514 - Antietam,1627,910,4,2541
Precinct,515 - Marshall,1075,1025,4,2104
Precinct,516 - Kerrydale,646,295,5,946
Precinct,601 - Dale,1361,497,10,1868
Precinct,602 - Beville,1741,754,18,2513
Precinct,603 - Hampton,1428,584,8,2020
Precinct,604 - Gar-Field,1245,438,7,1690
Precinct,605 - Minnieville,886,473,6,1365
Precinct,606 - Bel Air,1265,686,6,1957
Precinct,607 - Hillendale,933,446,7,1386
Precinct,608 - Enterprise,1726,868,21,2615
Precinct,609 - King,1064,537,21,1622
Precinct,610 - Fitzgerald,1575,609,14,2198
Precinct,611 - Neabsco,1581,663,10,2254
Precinct,612 - Elm Farm,882,452,8,1342
Precinct,613 - Hoadly,428,146,3,577
Precinct,614 - Rosa Parks,1489,670,11,2170
Precinct,615 - Commons,192,47,0,239
Precinct,616 - Markham,518,98,0,616
Precinct,701 - Belmont,1625,844,6,2475
Precinct,702 - Library,1751,599,2,2352
Precinct,703 - Lynn,1028,330,2,1360
Precinct,704 - Porter,1499,469,9,1977
Precinct,705 - Potomac View,918,502,3,1423
Precinct,706 - Rippon,1619,778,9,2406
Precinct,707 - Kilby,1282,636,9,1927
Precinct,708 - River Oaks,1792,518,6,2316
Precinct,709 - Freedom,1388,440,12,1840
Precinct,710 - Powells Creek,1592,470,15,2077
Precinct,711 - Grayson,1423,572,4,1999
Precinct,712 - Leesylvania,1509,780,8,2297
Precinct,PRINCE WILLIAM COUNTY PROVISIONALS,4049,2586,38,6673
Locality,Pulaski County,5655,11743,16,17414
Precinct,101 - Belspring,196,487,1,684
Precinct,102 - New River,902,1296,2,2200
Precinct,103 - West Cloyd,226,524,2,752
Precinct,201 - Draper,352,949,1,1302
Precinct,202 - South Pulaski,104,173,1,278
Precinct,203 - Newbern,712,1284,2,1998
Precinct,301 - Dublin,663,1560,1,2224
Precinct,302 - Hiwassee,117,309,0,426
Precinct,304 - Snowville,278,805,2,1085
Precinct,402 - Walker,163,608,0,771
Precinct,403 - West Massie,647,1178,2,1827
Precinct,404 - East Massie,177,413,0,590
Precinct,501 - Robinson,1014,1975,2,2991
Precinct,PULASKI COUNTY PROVISIONALS,104,182,0,286
Locality,Radford City,3423,3051,16,6490
Precinct,001 - East,740,511,4,1255
Precinct,002 - Central,914,884,4,1802
Precinct,003 - West,878,1071,2,1951
Precinct,004 - New River,613,394,3,1010
Precinct,RADFORD CITY PROVISIONALS,278,191,3,472
Locality,Rappahannock County,2053,2947,16,5016
Precinct,101 - Washington,461,536,0,997
Precinct,201 - Amissville,319,765,2,1086
Precinct,301 - Sperryville,479,463,1,943
Precinct,401 - Scrabble,402,546,10,958
Precinct,501 - Chester Gap,104,307,1,412
Precinct,502 - Flint Hill,272,296,2,570
Precinct,RAPPAHANNOCK COUNTY PROVISIONALS,16,34,0,50
Locality,Richmond City,89672,17400,242,107314
Precinct,101 - One Hundred One,403,229,1,633
Precinct,102 - One Hundred Two,681,435,0,1116
Precinct,104 - One Hundred Four,1015,735,2,1752
Precinct,105 - One Hundred Five,1085,465,1,1551
Precinct,106 - One Hundred Six,874,957,0,1831
Precinct,111 - One Hundred Eleven,1048,472,2,1522
Precinct,112 - One Hundred Twelve,947,314,3,1264
Precinct,113 - One Hundred Thirteen,2032,304,6,2342
Precinct,114 - One Hundred Fourteen,1943,371,8,2322
Precinct,115 - One Hundred Fifteen,750,550,0,1300
Precinct,204 - Two Hundred Four,1291,244,1,1536
Precinct,206 - Two Hundred Six,732,122,4,858
Precinct,207 - Two Hundred Seven,1782,333,6,2121
Precinct,208 - Two Hundred Eight,1869,355,8,2232
Precinct,213 - Two Hundred Thirteen,1563,119,9,1691
Precinct,214 - Two Hundred Fourteen,828,99,5,932
Precinct,215 - Two Hundred Fifteen,1819,481,6,2306
Precinct,216 - Two Hundred Sixteen,361,30,2,393
Precinct,301 - Three Hundred One,766,64,2,832
Precinct,302 - Three Hundred Two,859,144,2,1005
Precinct,303 - Three Hundred Three,842,75,4,921
Precinct,304 - Three Hundred Four,1424,105,4,1533
Precinct,305 - Three Hundred Five,1363,161,8,1532
Precinct,306 - Three Hundred Six,625,46,1,672
Precinct,307 - Three Hundred Seven,2315,501,6,2822
Precinct,308 - Three Hundred Eight,1213,247,4,1464
Precinct,309 - Three Hundred Nine,567,148,3,718
Precinct,310 - Three Hundred Ten,274,24,1,299
Precinct,311 - Three Hundred Eleven,521,68,2,591
Precinct,402 - Four Hundred Two,2404,513,3,2920
Precinct,404 - Four Hundred Four,1396,291,0,1687
Precinct,409 - Four Hundred Nine,1143,551,1,1695
Precinct,410 - Four Hundred Ten,1211,397,2,1610
Precinct,412 - Four Hundred Twelve,1516,289,4,1809
Precinct,413 - Four Hundred Thirteen,1258,389,0,1647
Precinct,414 - Four Hundred Fourteen,1302,544,1,1847
Precinct,415 - Four Hundred Fifteen,1106,494,3,1603
Precinct,501 - Five Hundred One,1806,265,7,2078
Precinct,503 - Five Hundred Three,1782,194,7,1983
Precinct,504 - Five Hundred Four,1880,227,6,2113
Precinct,505 - Five Hundred Five,1013,136,1,1150
Precinct,508 - Five Hundred Eight,881,130,2,1013
Precinct,509 - Five Hundred Nine,1041,96,4,1141
Precinct,510 - Five Hundred Ten,1560,169,6,1735
Precinct,602 - Six Hundred Two,767,40,2,809
Precinct,603 - Six Hundred Three,845,62,2,909
Precinct,604 - Six Hundred Four,954,80,2,1036
Precinct,606 - Six Hundred Six,1520,100,3,1623
Precinct,607 - Six Hundred Seven,1236,238,5,1479
Precinct,609 - Six Hundred Nine,1476,225,4,1705
Precinct,610 - Six Hundred Ten,806,43,2,851
Precinct,611 - Six Hundred Eleven,1207,141,1,1349
Precinct,701 - Seven Hundred One,717,46,1,764
Precinct,702 - Seven Hundred Two,1195,110,2,1307
Precinct,703 - Seven Hundred Three,1513,138,9,1660
Precinct,705 - Seven Hundred Five,1341,135,2,1478
Precinct,706 - Seven Hundred Six,1897,246,9,2152
Precinct,707 - Seven Hundred Seven,2534,309,9,2852
Precinct,708 - Seven Hundred Eight,1067,158,3,1228
Precinct,709 - Seven Hundred Nine,837,148,3,988
Precinct,802 - Eight Hundred Two,1014,61,5,1080
Precinct,806 - Eight Hundred Six,1135,126,2,1263
Precinct,810 - Eight Hundred Ten,864,116,2,982
Precinct,811 - Eight Hundred Eleven,1116,144,2,1262
Precinct,812 - Eight Hundred Twelve,1635,235,4,1874
Precinct,814 - Eight Hundred Fourteen,790,77,0,867
Precinct,902 - Nine Hundred Two,401,42,0,443
Precinct,903 - Nine Hundred Three,1084,153,2,1239
Precinct,908 - Nine Hundred Eight,1144,137,1,1282
Precinct,909 - Nine Hundred Nine,1221,154,3,1378
Precinct,910 - Nine Hundred Ten,1084,155,0,1239
Precinct,911 - Nine Hundred Eleven,1100,84,0,1184
Precinct,Provisional,4081,814,14,4909
Locality,Richmond County,1562,2550,1,4113
Precinct,101 - Precinct 1-1,449,370,0,819
Precinct,201 - Precinct 2-1,213,462,0,675
Precinct,301 - Precinct 3-1,316,512,0,828
Precinct,401 - Precinct 4-1,299,582,1,882
Precinct,501 - Precinct 5-1,262,590,0,852
Precinct,Provisional,23,34,0,57
Locality,Roanoke City,26676,15082,82,41840
Precinct,1 -Peters Creek,1430,439,2,1871
Precinct,2 - Grandview,1214,516,7,1737
Precinct,3 -Preston Park,963,935,3,1901
Precinct,4 - Williamson Road,1129,777,5,1911
Precinct,5 - East Gate,1054,1289,1,2344
Precinct,6 - Hollins Road,957,845,2,1804
Precinct,7 - Southeast,910,813,7,1730
Precinct,8 - Lincoln Terrace,1223,141,2,1366
Precinct,9 - Highland,1527,513,10,2050
Precinct,10 - Old Southwest-Wasena,1734,659,1,2394
Precinct,11 - Raleigh Court,1775,836,5,2616
Precinct,12 - South Roanoke,1171,978,1,2150
Precinct,13 - Garden City,933,1187,2,2122
Precinct,14 - Crystal Spring,1469,894,9,2372
Precinct,15 - Grandin Court,1373,839,2,2214
Precinct,16 - Deyerle,1321,1096,5,2422
Precinct,17 - Lee-Hi,1728,839,5,2572
Precinct,18 - Summit Hills,1197,711,3,1911
Precinct,19 - Forest Park,1377,258,4,1639
Precinct,20 - Eureka Park,1584,165,2,1751
Precinct,Provisional,607,352,4,963
Locality,Roanoke County,22978,33609,70,56657
Precinct,101 - Catawba,571,1491,2,2064
Precinct,102 - Richfield,633,1147,3,1783
Precinct,103 - North Glenvar,573,1228,3,1804
Precinct,104 - Northside,859,1027,6,1892
Precinct,105 - Hanging Rock,880,1109,5,1994
Precinct,106 - South Glenvar,288,711,0,999
Precinct,107 - Fort Lewis,507,737,0,1244
Precinct,201 - Plantation,719,1000,3,1722
Precinct,202 - Burlington,588,602,4,1194
Precinct,203 - Mountain View,1003,1544,1,2548
Precinct,204 - Green Ridge,826,1039,0,1865
Precinct,205 - Orchards,894,1532,5,2431
Precinct,206 - Hollins,416,534,1,951
Precinct,301 - Bent Mountain,232,369,2,603
Precinct,302 - Back Creek,983,1614,1,2598
Precinct,303 - Windsor Hills,854,905,0,1759
Precinct,304 - Oak Grove,884,1097,2,1983
Precinct,305 - East Hidden Valley,790,925,1,1716
Precinct,306 - Garst Mill,804,831,1,1636
Precinct,307 - West Hidden Valley,686,838,1,1525
Precinct,401 - Bonsack,400,773,2,1175
Precinct,403 - North Vinton,726,1142,0,1868
Precinct,404 - South Vinton,696,1099,3,1798
Precinct,405 - North Lindenwood,594,1186,1,1781
Precinct,405 - South Lindenwood,545,1044,2,1591
Precinct,406 - Mount Pleasant,645,1547,2,2194
Precinct,501 - Starkey,683,890,0,1573
Precinct,502 - West Cave Spring,700,844,1,1545
Precinct,503 - East Cave Spring,761,906,2,1669
Precinct,504 - Green Valley,1227,1117,7,2351
Precinct,505 - Clearbrook,390,808,1,1199
Precinct,506 - Buck Mountain,179,250,0,429
Precinct,507 - Hunting Hills,1055,1191,6,2252
Precinct,Provisional,387,532,2,921
Locality,Rockbridge County,4526,8199,13,12738
Precinct,101 - Airport,694,674,2,1370
Precinct,102 - Ben Salem,170,348,1,519
Precinct,103 - Plank Road,130,300,0,430
Precinct,104 - Effinger,160,330,0,490
Precinct,201 - Collierstown,182,352,2,536
Precinct,202 - Highland Belle,618,959,2,1579
Precinct,203 - Vo-tech,139,144,0,283
Precinct,301 - Maury River,338,605,0,943
Precinct,302 - Natural Bridge,213,571,0,784
Precinct,303 - Falling Spring,114,286,1,401
Precinct,401 - Fairfield,270,583,1,854
Precinct,402 - Mountain View,411,873,1,1285
Precinct,403 - Vesuvius,87,303,0,390
Precinct,501 - Goshen,87,347,0,434
Precinct,502 - Meadowview,364,479,1,844
Precinct,503 - Rockbridge Baths,181,318,0,499
Precinct,504 - Rockbridge,295,594,1,890
Precinct,ROCKBRIDGE COUNTY PROVISIONALS,73,133,1,207
Locality,Rockingham County,16180,32081,81,48342
Precinct,101 - Broadway,814,1462,6,2282
Precinct,102 - Timberville,373,943,3,1319
Precinct,103 - Fulks Run,182,1066,2,1250
Precinct,104 - Bergton,78,346,3,427
Precinct,105 - Lacey Spring,430,1460,4,1894
Precinct,106 - Lone Pine,451,1291,1,1743
Precinct,201 - Singers Glen,382,1023,1,1406
Precinct,202 - Edom,839,1494,5,2338
Precinct,203 - Dayton,354,598,0,952
Precinct,204 - Mt Clinton,475,1092,2,1569
Precinct,205 - Silver Lake,895,1375,8,2278
Precinct,301 - Keezletown,349,670,2,1021
Precinct,302 - Port Republic,377,830,2,1209
Precinct,303 - Melrose,261,624,1,886
Precinct,304 - Grottoes,561,1227,0,1788
Precinct,305 - Massanetta Springs,1458,1430,8,2896
Precinct,306 - Crossroads,1341,1503,1,2845
Precinct,401 - West Bridgewater,525,786,2,1313
Precinct,402 - Montezuma,389,1162,3,1554
Precinct,403 - Mt Crawford,94,149,0,243
Precinct,404 - North River,839,1222,5,2066
Precinct,405 - Ottobine,324,1386,3,1713
Precinct,406 - East Bridgewater,958,1049,2,2009
Precinct,501 - Elkton,577,1214,2,1793
Precinct,502 - Swift Run,437,1949,2,2388
Precinct,503 - Mcgaheysville,722,1543,2,2267
Precinct,504 - South Fork,220,904,4,1128
Precinct,505 - Stony Run,791,936,2,1729
Precinct,506 - Deep Run,270,725,0,995
Precinct,ROCKINGHAM COUNTY PROVISIONALS,414,622,5,1041
Locality,Russell County,3326,9885,18,13229
Precinct,101 - Moccasin,191,805,0,996
Precinct,102 - Copper Creek,193,553,0,746
Precinct,103 - South Castlewood,149,406,2,557
Precinct,201 - North Castlewood,430,1152,1,1583
Precinct,202 - Dante,72,205,0,277
Precinct,301 - Cooks Mill,63,234,1,298
Precinct,302 - Daugherty,85,301,0,386
Precinct,303 - New Garden,190,689,3,882
Precinct,304 - Cleveland,153,387,2,542
Precinct,401 - Drill,47,50,1,98
Precinct,402 - Swords Creek,271,1083,1,1355
Precinct,403 - Honaker,147,450,0,597
Precinct,501 - West Lebanon,684,1521,2,2207
Precinct,601 - East Lebanon,271,824,1,1096
Precinct,602 - Elk Garden,328,1103,3,1434
Precinct,RUSSELL COUNTY PROVISIONALS,52,122,1,175
Locality,Salem City,5653,7352,17,13022
Precinct,001 - North Salem No 2,757,819,2,1578
Precinct,002 - Conehurst,371,493,1,865
Precinct,003 - Beverly Heights,293,538,0,831
Precinct,004 - West Salem,557,732,4,1293
Precinct,005 - North Salem No 1,860,904,5,1769
Precinct,006 - South Salem No 1,436,554,0,990
Precinct,007 - South Salem No 2,449,706,1,1156
Precinct,008 - East Salem,236,307,1,544
Precinct,009 - South Side Hills,694,1103,1,1798
Precinct,010 - Hidden Valley,891,1061,2,1954
Precinct,SALEM CITY PROVISIONALS,109,135,0,244
Locality,Scott County,2431,8359,20,10810
Precinct,101 - Weber City,183,542,2,727
Precinct,102 - Yuma,243,747,2,992
Precinct,202 - Weber City East,127,560,0,687
Precinct,203 - Hiltons,214,727,2,943
Precinct,204 - Clark's,39,207,0,246
Precinct,301 - Nickelsville,139,562,1,702
Precinct,302 - Snowflake,102,412,2,516
Precinct,303 - Twin Springs,127,432,2,561
Precinct,304 - Copper Creek,34,143,0,177
Precinct,401 - Gate City,461,1386,2,1849
Precinct,501 - Dungannon,122,269,1,392
Precinct,502 - Fort Blackmore,89,323,0,412
Precinct,503 - Manville,50,234,1,285
Precinct,504 - Rye Cove,115,480,0,595
Precinct,601 - Clinchport,85,327,3,415
Precinct,602 - Duffield-pattonsville,195,707,1,903
Precinct,603 - Fairview,67,165,1,233
Precinct,SCOTT COUNTY PROVISIONALS,39,136,0,175
Locality,Shenandoah County,7968,16097,36,24101
Precinct,101 - Orkney Springs,475,750,0,1225
Precinct,103 - New Market,850,1824,6,2680
Precinct,201 - Conicville,573,1693,9,2275
Precinct,202 - Mt Jackson,489,1110,1,1600
Precinct,302 - Edinburg,477,1024,0,1501
Precinct,303 - St Luke,558,1494,0,2052
Precinct,304 - Fort Valley,288,675,2,965
Precinct,401 - Woodstock North,771,1138,6,1915
Precinct,402 - Woodstock South,621,850,2,1473
Precinct,501 - Cedar Creek,54,117,0,171
Precinct,503 - Toms Brook,783,1684,4,2471
Precinct,504 - Lebanon Church,482,1290,1,1773
Precinct,601 - Strasburg West,684,1070,5,1759
Precinct,602 - Strasburg East,744,1130,0,1874
Precinct,SHENANDOAH COUNTY PROVISIONALS,119,248,0,367
Locality,Smyth County,3885,10339,20,14244
Precinct,101 - Saltville,501,1362,2,1865
Precinct,201 - 7 MILE FORD,313,1083,2,1398
Precinct,202 - Rich Valley,152,401,0,553
Precinct,301 - Chilhowie,500,1594,6,2100
Precinct,401 - East Park,654,1187,0,1841
Precinct,501 - Atkins,308,951,5,1264
Precinct,502 - Wassona,330,561,2,893
Precinct,601 - Royal Oak East,369,826,1,1196
Precinct,602 - Royal Oak West,186,498,1,685
Precinct,701 - Adwolfe,266,1057,0,1323
Precinct,702 - Sugar Grove,226,546,0,772
Precinct,703 - Konnarock,26,95,0,121
Precinct,SMYTH COUNTY PROVISIONALS,54,178,1,233
Locality,Southampton County,3914,5801,10,9725
Precinct,101 - Berlin,170,667,1,838
Precinct,102 - Ivor,375,608,0,983
Precinct,201 - Boykins-Branchville,545,436,1,982
Precinct,301 - Capron-Drewryville,425,662,2,1089
Precinct,302 - Sebrell,305,471,0,776
Precinct,501 - Darden Mill,282,547,3,832
Precinct,502 - Fairgrounds,299,644,1,944
Precinct,601 - Courtland,488,577,1,1066
Precinct,602 - Sedley,51,196,0,247
Precinct,701 - Blackwater River,488,473,1,962
Precinct,702 - Newsoms,432,457,0,889
Precinct,SOUTHAMPTON COUNTY PROVISIONALS,54,63,0,117
Locality,Spotsylvania County,37339,41199,106,78644
Precinct,101 - Partlow Ruritan,610,1771,0,2381
Precinct,102 - Berkeley,726,1790,5,2521
Precinct,103 - John J Wright,1949,2157,5,4111
Precinct,104 - Massaponax High,1463,1356,3,2822
Precinct,201 - Wilderness Elementary,888,1015,2,1905
Precinct,202 - Fire Rescue 7,1397,2120,3,3520
Precinct,203 - Ni River Middle,1318,1845,5,3168
Precinct,204 - Chancellor Elementary,1418,1467,8,2893
Precinct,301 - Salem Elementary,1016,928,2,1946
Precinct,302 - Salem Library,1694,1448,5,3147
Precinct,303 - Riverbend High,1644,1937,5,3586
Precinct,304 - Knights Of Pythias,1132,1094,4,2230
Precinct,401 - Cosner Park,1348,1164,6,2518
Precinct,402 - Germanna Campus,1648,1225,3,2876
Precinct,403 - Lee Hill Elementary,1701,1346,2,3049
Precinct,404 - New Post Church,971,752,4,1727
Precinct,501 - Belmont Ruritan,619,1400,1,2020
Precinct,502 - Fire Rescue 2,535,1340,1,1876
Precinct,503 - Spotsylvania High,531,1461,4,1996
Precinct,504 - Public Safety,1214,1562,4,2780
Precinct,505 - Brock Road Elementary,1585,2253,3,3841
Precinct,601 - Battlefield Elementary,1284,1175,5,2464
Precinct,602 - Smith Station Elementary,1719,1296,9,3024
Precinct,603 - Chancellor High,884,925,4,1813
Precinct,604 - Courthouse Road Elementary,1110,977,2,2089
Precinct,701 - Spotswood Elementary,1196,1005,5,2206
Precinct,702 - Eastland Church,1373,1048,2,2423
Precinct,703 - Lees Parke,1787,975,2,2764
Precinct,704 - Courtland Elementary,1693,1625,0,3318
Precinct,Spotsylvania County Provisionals,886,742,2,1630
Locality,Stafford County,42603,39764,140,82507
Precinct,101 - Hartwood,1330,2390,3,3723
Precinct,102 - Simpson,1130,1476,3,2609
Precinct,103 - College,1218,997,2,2217
Precinct,104 - Westlake,600,1120,3,1723
Precinct,105 - Rocky Run,713,608,4,1325
Precinct,106 - Forge,731,553,3,1287
Precinct,201 - Rock Hill,1646,1566,9,3221
Precinct,202 - Roseville,1036,1621,2,2659
Precinct,203 - Ruby,752,1428,2,2182
Precinct,204 - Stefaniga,1345,1354,7,2706
Precinct,205 - Mount Ararat,610,471,4,1085
Precinct,301 - Staffordboro,861,448,1,1310
Precinct,302 - Widewater,865,927,5,1797
Precinct,303 - Barrett Heights,697,539,2,1238
Precinct,304 - Aquia Episcopal,520,221,1,742
Precinct,305 - Griffis,478,273,2,753
Precinct,306 - Midway,1201,551,7,1759
Precinct,401 - Courthouse,1700,733,6,2439
Precinct,402 - Brooke,739,999,5,1743
Precinct,403 - Harbour,790,853,2,1645
Precinct,404 - Government Island,1019,1099,2,2120
Precinct,405 - Hope,1635,1511,4,3150
Precinct,406 - Aquia,308,130,0,438
Precinct,501 - Grafton,1747,1905,1,3653
Precinct,502 - Falmouth,1301,1143,5,2449
Precinct,503 - Drew,1637,1430,4,3071
Precinct,504 - Gayle,1426,827,6,2259
Precinct,505 - Eskimo Hill,414,410,2,826
Precinct,601 - Ferry Farm,997,1297,1,2295
Precinct,602 - Chatham,1336,1406,7,2749
Precinct,603 - White Oak,979,1900,6,2885
Precinct,604 - England Run,657,376,1,1034
Precinct,605 - Melchers,1996,1334,2,3332
Precinct,701 - Park Ridge,1651,1216,5,2872
Precinct,702 - Whitson,1240,695,5,1940
Precinct,703 - Hampton,1660,1419,2,3081
Precinct,704 - Poole,2496,1632,7,4135
Precinct,STAFFORD COUNTY PROVISIONALS,1142,906,7,2055
Locality,Staunton City,7820,5552,24,13396
Precinct,101 - Ward No 1,1548,1177,6,2731
Precinct,201 - Ward No 2,1467,1534,5,3006
Precinct,301 - Ward No 3,1461,1094,6,2561
Precinct,401 - Ward No 4,1362,873,2,2237
Precinct,501 - Ward No 5,1752,743,4,2499
Precinct,STAUNTON CITY PROVISIONALS,230,131,1,362
Locality,Suffolk City,31587,21255,81,52923
Precinct,101 - Belleharbour,746,332,3,1081
Precinct,102 - Driver,1602,2083,5,3690
Precinct,104 - Bennetts Creek,734,575,4,1313
Precinct,105 - Harbourview,1990,1242,5,3237
Precinct,201 - Ebenezer,685,1035,0,1720
Precinct,202 - Chuckatuck,792,962,0,1754
Precinct,203 - Kings Fork,1825,731,6,2562
Precinct,204 - Hillpoint,1737,793,5,2535
Precinct,301 - White Marsh,381,167,0,548
Precinct,302 - John F Kennedy,1659,200,6,1865
Precinct,304 - Nansemond River,1542,787,4,2333
Precinct,305 - Shoulders Hill,650,357,1,1008
Precinct,306 - Deerfield,989,628,1,1618
Precinct,316 - Potomac Shores,1948,730,7,2685
Precinct,401 - Airport,671,812,0,1483
Precinct,402 - Whaleyville,565,1244,1,1810
Precinct,403 - Southside,825,92,2,919
Precinct,404 - Booker T Washington,1302,112,2,1416
Precinct,405 - Hollywood,721,55,1,777
Precinct,501 - Kilbys Mill,1099,1392,3,2494
Precinct,502 - Holland,509,992,2,1503
Precinct,504 - Lake Cohoon,1507,1944,1,3452
Precinct,505 - Pittmantown,484,764,0,1248
Precinct,601 - Lakeside,1181,702,6,1889
Precinct,602 - Olde Towne,358,171,0,529
Precinct,603 - Elephants Fork/westhaven,472,308,3,783
Precinct,604 - Wilroy,1186,771,2,1959
Precinct,605 - Mack Benn Jr,357,145,1,503
Precinct,703 - Pughsville,1169,292,2,1463
Precinct,704 - Burbage Grant,1564,694,7,2265
Precinct,706 - Huntersville,1603,399,5,2007
Precinct,SUFFOLK CITY PROVISIONALS,682,474,3,1159
Locality,Surry County,2232,2100,9,4341
Precinct,101 - Surry,366,561,5,932
Precinct,201 - Bacons Castle,495,347,1,843
Precinct,301 - Dendron,449,411,0,860
Precinct,401 - Carsley,458,421,1,880
Precinct,501 - Claremont,242,286,1,529
Precinct,502 - Spring Grove,196,47,1,244
Precinct,SURRY COUNTY PROVISIONALS,26,27,0,53
Locality,Sussex County,2605,2226,5,4836
Precinct,101 - Waverly,493,115,0,608
Precinct,201 - Stony Creek,416,295,1,712
Precinct,301 - Courthouse,108,177,0,285
Precinct,302 - NEWVILLE 1,62,148,0,210
Precinct,401 - Wakefield Firehouse,400,381,1,782
Precinct,501 - Henry,388,289,0,677
Precinct,601 - Blackwater,282,299,2,583
Precinct,602 - Wakefield,75,117,0,192
Precinct,701 - Yale,204,260,0,464
Precinct,702 - NEWVILLE 2,128,111,0,239
Precinct,SUSSEX COUNTY PROVISIONALS,49,34,1,84
Locality,Tazewell County,4952,14096,31,19079
Precinct,101 - Indian Valley,128,499,0,627
Precinct,102 - Tip Top,129,360,0,489
Precinct,103 - Mundy Town,263,791,0,1054
Precinct,104 - Falls Mills,120,392,0,512
Precinct,106 - Pocahontas,75,138,1,214
Precinct,107 - Amonate,22,69,0,91
Precinct,109 - Bishop,42,165,0,207
Precinct,112 - Bandy,37,182,0,219
Precinct,203 - Burkes Garden,19,105,0,124
Precinct,204 - Clear Fork,125,480,3,608
Precinct,207 - Freestone,40,110,0,150
Precinct,209 - Jeffersonville,897,1734,3,2634
Precinct,214 - Thompson Valley,129,415,0,544
Precinct,301 - Cedar Bluff,430,1636,6,2072
Precinct,302 - Baptist Valley,76,249,2,327
Precinct,303 - Paint Lick,353,1232,1,1586
Precinct,401 - Richlands,865,2291,10,3166
Precinct,402 - Jewell Ridge,52,183,0,235
Precinct,501 - Springville,330,1119,1,1450
Precinct,502 - Graham,711,1686,3,2400
Precinct,TAZEWELL COUNTY PROVISIONALS,109,260,1,370
Locality,Virginia Beach City,118920,106476,238,225634
Precinct,001 - Precinct 1,1431,1853,2,3286
Precinct,002 - Precinct 2,1458,1286,2,2746
Precinct,003 - Precinct 3,862,950,2,1814
Precinct,004 - Precinct 4,1117,1440,2,2559
Precinct,005 - Precinct 5,1242,903,7,2152
Precinct,006 - Precinct 6,1267,1420,1,2688
Precinct,007 - Precinct 7,788,843,1,1632
Precinct,008 - Precinct 8,1222,1089,2,2313
Precinct,009 - Precinct 9,1016,1358,3,2377
Precinct,010 - Precinct 10,1151,1752,2,2905
Precinct,011 - Precinct 11,1668,1397,1,3066
Precinct,012 - Precinct 12,1315,982,3,2300
Precinct,013 - Precinct 13,1429,1382,4,2815
Precinct,014 - Precinct 14,1264,1178,4,2446
Precinct,015 - Precinct 15,915,845,5,1765
Precinct,016 - Precinct 16,1161,1138,2,2301
Precinct,017 - Precinct 17,941,1012,3,1956
Precinct,018 - Precinct 18,1439,1413,1,2853
Precinct,019 - Precinct 19,633,740,1,1374
Precinct,020 - Precinct 20,716,754,2,1472
Precinct,021 - Precinct 21,1637,601,3,2241
Precinct,022 - Precinct 22,862,931,4,1797
Precinct,023 - Precinct 23,1091,1159,1,2251
Precinct,024 - Precinct 24,469,549,1,1019
Precinct,025 - Precinct 25,1309,1399,3,2711
Precinct,026 - Precinct 26,720,808,2,1530
Precinct,027 - Precinct 27,607,687,1,1295
Precinct,028 - Precinct 28,808,918,3,1729
Precinct,029 - Precinct 29,1389,856,3,2248
Precinct,030 - Precinct 30,1073,1350,1,2424
Precinct,031 - Precinct 31,1233,2014,1,3248
Precinct,032 - Precinct 32,314,928,1,1243
Precinct,033 - Precinct 33,357,981,1,1339
Precinct,034 - Precinct 34,225,625,1,851
Precinct,035 - Precinct 35,1219,1566,2,2787
Precinct,036 - Precinct 36,1677,1114,3,2794
Precinct,037 - Precinct 37,939,951,2,1892
Precinct,038 - Precinct 38,1141,1247,1,2389
Precinct,039 - Precinct 39,892,759,1,1652
Precinct,040 - Precinct 40,1178,803,4,1985
Precinct,041 - Precinct 41,928,312,2,1242
Precinct,042 - Precinct 42,1257,998,3,2258
Precinct,043 - Precinct 43,1320,719,3,2042
Precinct,044 - Precinct 44,1163,1317,3,2483
Precinct,045 - Precinct 45,1360,698,2,2060
Precinct,046 - Precinct 46,1348,804,0,2152
Precinct,047 - Precinct 47,1351,1623,1,2975
Precinct,048 - Precinct 48,780,758,2,1540
Precinct,049 - Precinct 49,1015,1116,0,2131
Precinct,050 - Precinct 50,924,561,1,1486
Precinct,051 - Precinct 51,1045,1045,5,2095
Precinct,52 - Precinct 52,1579,1394,2,2975
Precinct,053 - Precinct 53,1240,1137,3,2380
Precinct,054 - Precinct 54,920,766,1,1687
Precinct,055 - Precinct 55,1476,823,1,2300
Precinct,056 - Precinct 56,591,581,0,1172
Precinct,057 - Precinct 57,778,828,4,1610
Precinct,058 - Precinct 58,928,796,2,1726
Precinct,059 - Precinct 59,912,764,3,1679
Precinct,060 - Precinct 60,1282,1899,4,3185
Precinct,061 - Precinct 61,1663,361,5,2029
Precinct,062 - Precinct 62,1393,1340,2,2735
Precinct,063 - Precinct 63,1571,1716,0,3287
Precinct,064 - Precinct 64,1602,1214,2,2818
Precinct,065 - Precinct 65,1462,1105,1,2568
Precinct,066 - Precinct 66,985,1235,2,2222
Precinct,067 - Precinct 67,692,467,1,1160
Precinct,068 - Precinct 68,1058,1073,2,2133
Precinct,069 - Precinct 69,1499,575,2,2076
Precinct,070 - Precinct 70,1276,1307,2,2585
Precinct,071 - Precinct 71,1202,908,2,2112
Precinct,072 - Precinct 72,1054,1434,1,2489
Precinct,073 - Precinct 73,1329,630,5,1964
Precinct,074 - Precinct 74,1212,664,2,1878
Precinct,075 - Precinct 75,1200,1679,0,2879
Precinct,076 - Precinct 76,1367,607,4,1978
Precinct,077 - Precinct 77,1143,904,3,2050
Precinct,078 - Precinct 78,1171,845,2,2018
Precinct,079 - Precinct 79,1517,674,2,2193
Precinct,080 - Precinct 80,1226,628,5,1859
Precinct,081 - Precinct 81,1462,948,1,2411
Precinct,082 - Precinct 82,939,1075,2,2016
Precinct,083 - Precinct 83,1203,1487,2,2692
Precinct,084 - Precinct 84,1285,866,2,2153
Precinct,085 - Precinct 85,1282,1699,4,2985
Precinct,086 - Precinct 86,1391,1211,1,2603
Precinct,087 - Precinct 87,1113,1064,1,2178
Precinct,088 - Precinct 88,1061,1232,2,2295
Precinct,089 - Precinct 89,1159,1043,3,2205
Precinct,090 - Precinct 90,740,869,1,1610
Precinct,091 - Precinct 91,1797,1194,5,2996
Precinct,092 - Precinct 92,748,929,4,1681
Precinct,093 - Precinct 93,1703,397,5,2105
Precinct,094 - Precinct 94,781,806,4,1591
Precinct,095 - Precinct 95,781,913,1,1695
Precinct,096 - Precinct 96,949,616,3,1568
Precinct,097 - Precinct 97,1315,728,3,2046
Precinct,098 - Precinct 98,985,475,2,1462
Precinct,099 - Precinct 99,825,460,1,1286
Precinct,100 - Precinct 100,442,785,0,1227
Precinct,101 - Precinct 101,284,292,0,576
Precinct,102 - Precinct 102,218,144,0,362
Precinct,103 - Precinct 103,648,297,1,946
Precinct,104 - Precinct 104,1399,468,0,1867
Precinct,105 - Precinct 105,313,431,0,744
Precinct,106 - Precinct 106,893,514,3,1410
Precinct,107 - Precinct 107,530,583,1,1114
Precinct,108 - Precinct 108,325,355,0,680
Precinct,PROVISIONALS,2355,2309,10,4674
Locality,Warren County,7529,14771,42,22342
Precinct,101 - Fork Town,528,872,1,1401
Precinct,102 - Otterburn,810,2015,3,2828
Precinct,201 - Happy Creek,852,1508,0,2360
Precinct,202 - Linden,935,1559,7,2501
Precinct,301 - North River,711,1085,5,1801
Precinct,302 - Riverton,685,1730,6,2421
Precinct,401 - East Shenandoah,915,2188,4,3107
Precinct,402 - Town - West Shenandoah,480,893,3,1376
Precinct,501 - South River,978,1485,7,2470
Precinct,502 - Bentonville,264,668,3,935
Precinct,504 - Browntown,226,470,0,696
Precinct,WARREN COUNTY PROVISIONALS,145,298,3,446
Locality,Washington County,8259,20851,57,29167
Precinct,101 - East Abingdon,968,1475,5,2448
Precinct,102 - West Abingdon,609,820,1,1430
Precinct,201 - Clinchburg,177,632,0,809
Precinct,202 - Greendale,340,1160,3,1503
Precinct,203 - Hayters Gap,103,413,1,517
Precinct,204 Woodland Hills,403,928,3,1334
Precinct,301 - Watauga,695,1652,7,2354
Precinct,302 - South Abingdon,948,1402,8,2358
Precinct,401 - Glade Spring,396,1228,1,1625
Precinct,402 - Meadowview,522,1525,2,2049
Precinct,501 - Rhea Valley,627,2021,12,2660
Precinct,502 - Damascus,412,763,1,1176
Precinct,504 - Green Cove,49,145,0,194
Precinct,601 - Burson Place,414,1764,1,2179
Precinct,602 - Mendota,65,337,3,405
Precinct,603 - Valley Institute,336,1151,3,1490
Precinct,701 - High Point,438,1284,1,1723
Precinct,702 - Wallace,148,464,0,612
Precinct,703 - John Battle,468,1325,3,1796
Precinct,WASHINGTON COUNTY PROVISIONALS,141,362,2,505
Locality,Waynesboro City,5521,5598,16,11135
Precinct,001 - Ward A,937,955,2,1894
Precinct,002 - Ward B,1705,1543,4,3252
Precinct,003 - Ward C,1319,1333,5,2657
Precinct,004 - Ward D,1438,1660,3,3101
Precinct,WAYNESBORO CITY PROVISIONALS,122,107,2,231
Locality,Westmoreland County,4774,5615,12,10401
Precinct,101 - Precinct 1-1,710,423,2,1135
Precinct,102 - Precinct 1-2,376,313,2,691
Precinct,201 - Precinct 2-1,717,724,1,1442
Precinct,202 - Precinct 2-2,337,493,1,831
Precinct,301 - Precinct 3-1,423,488,0,911
Precinct,302 - Precinct 3-2,467,620,2,1089
Precinct,401 - Precinct 4-1,733,1387,0,2120
Precinct,501 - Precinct 5-1,930,1081,4,2015
Precinct,WESTMORELAND COUNTY PROVISIONALS,81,86,0,167
Locality,Williamsburg City,5635,2151,10,7796
Precinct,001 - Stryker,2466,986,7,3459
Precinct,002 - Matoaka,2814,1037,2,3853
Precinct,Williamsburg City Provisionals,355,128,1,484
Locality,Winchester City,6804,4905,23,11732
Precinct,101 - Merrimans,1568,1024,7,2599
Precinct,102 - Old Town,1106,783,4,1893
Precinct,201 - Virginia Avenue,1227,686,3,1916
Precinct,301 - War Memorial,1123,868,5,1996
Precinct,401 - Frederick Douglass,572,519,2,1093
Precinct,402 - Rolling Hills,1033,931,1,1965
Precinct,Winchester City Provisionals,175,94,1,270
Locality,Wise County,4494,11802,20,16316
Precinct,101 - Appalachia,301,630,2,933
Precinct,102 - Dorchester,156,487,0,643
Precinct,103 - Guest River Voting Place,183,443,0,626
Precinct,104 - West Pound,424,1253,0,1677
Precinct,201 - North Coeburn,217,668,1,886
Precinct,202 - Wise,805,1744,4,2553
Precinct,203 - East Pound,106,374,0,480
Precinct,301 - Big Stone Gap,618,1327,5,1950
Precinct,302 - East Stone Gap,517,1529,4,2050
Precinct,401 - Clinch Valley,489,1324,1,1814
Precinct,402 - South Coeburn,382,1396,2,1780
Precinct,403 - St Paul,190,416,0,606
Precinct,WISE COUNTY PROVISIONALS,106,211,1,318
Locality,Wythe County,3732,11268,20,15020
Precinct,101 - Royal Oak,117,457,2,576
Precinct,102 - Rural Retreat,438,1531,3,1972
Precinct,203 - West Wytheville,804,1570,2,2376
Precinct,303 - East Wytheville,877,1538,2,2417
Precinct,401 - Fort Chiswell,234,1030,3,1267
Precinct,402 - Max Meadows,264,1032,5,1301
Precinct,501 - Jackson Memorial,191,787,0,978
Precinct,502 - Sheffey,247,1119,2,1368
Precinct,601 - Huddle,101,555,0,656
Precinct,602 - Zion,206,843,1,1050
Precinct,603 Evergreen,178,603,0,781
Precinct,WYTHE COUNTY PROVISIONALS,75,203,0,278
Locality,York County,18726,20685,36,39447
Precinct,101 - Queens Lake,1205,934,1,2140
Precinct,102 - Waller Mill,1926,1696,1,3623
Precinct,103 - Magruder,2155,1302,2,3459
Precinct,201 - Coventry,1739,1709,4,3452
Precinct,202 - Kiln Creek,1258,1327,2,2587
Precinct,301 - Seaford,1012,2402,3,3417
Precinct,302 - Yorktown,842,944,2,1788
Precinct,303 - Edgehill,1403,1139,2,2544
Precinct,401 - Harwoods Mill,1243,1953,4,3200
Precinct,402 - Dare,1329,2032,5,3366
Precinct,403 - Grafton,1007,1262,1,2270
Precinct,501 - Tabb,1490,1870,1,3361
Precinct,502 - Bethel,1689,1647,5,3341
Precinct,YORK COUNTY PROVISIONALS,428,468,3,899
