,,Abigail D. Spanberger,Winsome Earle Sears,Write-Ins,Total Votes Cast,Total Ballots Cast
,,Democratic,Republican,,,
State,Virginia,1976857,1449586,6897,3433340,3433340
Locality,Accomack County,5925,7129,10,13064,13064
Precinct,101 - Chincoteague,630,1033,1,1664,1664
Precinct,201 - Atlantic,174,427,0,601,601
Precinct,202 - Greenbackville,329,732,0,1061,1061
Precinct,301 - New Church,608,509,0,1117,1117
Precinct,401 - Bloxom,158,341,0,499,499
Precinct,402 - Parksley,225,385,2,612,612
Precinct,403 - Saxis,42,121,0,163,163
Precinct,501 - Mappsville,298,207,0,505,505
Precinct,502 - Rue,339,120,0,459,459
Precinct,601 - Accomac,511,621,0,1132,1132
Precinct,602 - Tangier,10,129,0,139,139
Precinct,701 - Nandua,874,905,3,1782,1782
Precinct,801 - Bobtown,205,375,1,581,581
Precinct,802 - Melfa,368,302,0,670,670
Precinct,803 - Wachapreague,171,309,1,481,481
Precinct,901 - Painter,983,613,2,1598,1598
Locality,Albemarle County,39322,16480,93,55895,55895
Precinct,101 - Woodbrook,1421,585,0,2006,2006
Precinct,103 - Branchlands,514,168,2,684,684
Precinct,104 - Agnor-hurt,1131,319,5,1455,1455
Precinct,105 - Dunlora,2123,499,4,2626,2626
Precinct,106 - Northside,1240,698,0,1938,1938
Precinct,201 - Jack Jouett,1712,757,2,2471,2471
Precinct,202 - University,1686,214,1,1901,1901
Precinct,203 - Georgetown,1452,302,2,1756,1756
Precinct,301 - Ivy,2137,760,9,2906,2906
Precinct,302 - Red Hill,1423,725,2,2150,2150
Precinct,304 - East Ivy,546,243,0,789,789
Precinct,305 - Country Green,1643,502,5,2150,2150
Precinct,306 - Porters,652,385,4,1041,1041
Precinct,307 - Yellow Mountain,544,343,2,889,889
Precinct,401 - Scottsville,621,612,1,1234,1234
Precinct,402 - Monticello,500,500,0,1000,1000
Precinct,405 - Mountain View,2410,546,4,2960,2960
Precinct,406 - Stone Robinson,1467,1032,5,2504,2504
Precinct,407 - Biscuit Run,1000,215,1,1216,1216
Precinct,501 - Keswick,630,394,1,1025,1025
Precinct,502 - Stony Point,690,487,3,1180,1180
Precinct,503 - Hollymead,1595,579,3,2177,2177
Precinct,504 - Free Bridge,1213,341,2,1556,1556
Precinct,506 - Baker-butler,2241,1062,9,3312,3312
Precinct,507 - Pantops,1184,393,2,1579,1579
Precinct,601 - Crozet,1794,885,7,2686,2686
Precinct,602 - Free Union,572,441,0,1013,1013
Precinct,603 - Earlysville,1463,960,4,2427,2427
Precinct,604 - Brownsville,1608,736,5,2349,2349
Precinct,606 - Mechums River,2110,797,8,2915,2915
Locality,Alexandria City,52230,10424,190,62844,62844
Precinct,101 - Old Town North,1896,480,6,2382,2382
Precinct,102 - City Hall,1486,605,5,2096,2096
Precinct,103 - Lyles Crouch School,1850,559,7,2416,2416
Precinct,104 - Durant Center,1722,377,5,2104,2104
Precinct,105 - Lee Center,1516,320,3,1839,1839
Precinct,106 - Cora Kelly,2205,277,12,2494,2494
Precinct,107 - Mt Vernon Recreation Center,2913,353,12,3278,3278
Precinct,108 - George Washington Middle Sch,2677,429,5,3111,3111
Precinct,109 - Fire Department Headquarters,1469,366,6,1841,1841
Precinct,110 - Charles Houston Center,2351,348,5,2704,2704
Precinct,111 - Potomac Yard,1028,196,4,1228,1228
Precinct,201 - Naomi L. Brooks School,1710,294,5,2009,2009
Precinct,202 - Trinity,1664,480,8,2152,2152
Precinct,203 - Charles Barrett Center,1590,341,5,1936,1936
Precinct,204 - Blessed Sacrament Church,1783,410,10,2203,2203
Precinct,205 - Douglas Macarthur School,2020,490,10,2520,2520
Precinct,206 - Alexandria City High School,1592,375,7,1974,1974
Precinct,207 - BETH EL HEBREW CONGREGATION,2032,484,11,2527,2527
Precinct,208 - Nova Arts Center,1336,227,5,1568,1568
Precinct,209 - James K Polk School,1875,359,5,2239,2239
Precinct,210 - F.t. Day School,990,186,2,1178,1178
Precinct,211 - Alex Renew,1832,304,7,2143,2143
Precinct,212 - The View Alexandria,900,175,1,1076,1076
Precinct,302 - Patrick Henry Rec Center,1388,191,4,1583,1583
Precinct,303 - Charles E Beatley Library,1353,190,4,1547,1547
Precinct,304 - Tucker School,1458,222,3,1683,1683
Precinct,305 - John Adams School,1085,135,9,1229,1229
Precinct,306 - William Ramsay School,1159,203,2,1364,1364
Precinct,307 - Tucker West,1494,301,5,1800,1800
Precinct,308 - Cameron Station Community Ctr,2066,508,13,2587,2587
Precinct,309 - Olympus Condo,996,117,4,1117,1117
Precinct,310 - Del Pepper Center,794,122,0,916,916
Locality,Alleghany County,1779,4011,11,5801,5801
Precinct,101 - Arritt,134,430,0,564,564
Precinct,103 - Dameron,52,168,0,220,220
Precinct,201 - Humpback Bridge,98,260,2,360,360
Precinct,202 - Dolly Ann,139,363,1,503,503
Precinct,301 - Callaghan,67,325,1,393,393
Precinct,302 - Griffith,117,362,0,479,479
Precinct,401 - Low Moor,119,302,1,422,422
Precinct,402 - Jackson Heights,143,402,1,546,546
Precinct,501 - Iron Gate,71,127,0,198,198
Precinct,502 - Peters Switch,155,539,2,696,696
Precinct,601 - District 1,318,410,3,731,731
Precinct,701 - District 2,366,323,0,689,689
Locality,Amelia County,1831,4521,8,6360,6360
Precinct,101 - Number 1,303,778,1,1082,1082
Precinct,201 - Number 2,424,904,2,1330,1330
Precinct,301 - Number 3,322,964,2,1288,1288
Precinct,401 - Number 4,357,985,1,1343,1343
Precinct,501 - Number 5,425,890,2,1317,1317
Locality,Amherst County,4294,8811,20,13125,13125
Precinct,101 - Wright Shop,427,407,2,836,836
Precinct,102 - New Glasgow,379,826,2,1207,1207
Precinct,103 - Coolwell,109,411,0,520,520
Precinct,201 - Court House,710,1211,4,1925,1925
Precinct,202 - Temperance,169,610,0,779,779
Precinct,301 - Monroe,232,498,2,732,732
Precinct,302 - Elon,483,1504,2,1989,1989
Precinct,303 - Pleasant View,120,376,1,497,497
Precinct,401 - Amelon,629,1236,1,1866,1866
Precinct,402 - Lonco,180,405,0,585,585
Precinct,501 - Madison,856,1327,6,2189,2189
Locality,Appomattox County,1765,5609,12,7386,7386
Precinct,101 - Vera,115,440,2,557,557
Precinct,102 - Pamplin,248,715,1,964,964
Precinct,201 - Chap,104,209,1,314,314
Precinct,202 - Spout Spring,211,974,0,1185,1185
Precinct,301 - Us 460,138,623,0,761,761
Precinct,302 - Stonewall,202,692,4,898,898
Precinct,401 - Courthouse,351,912,1,1264,1264
Precinct,501 - Oakville,396,1044,3,1443,1443
Locality,Arlington County,83657,15929,235,99821,99821
Precinct,101 - Precinct 101,1185,191,2,1378,1378
Precinct,102 - Precinct 102,1820,279,5,2104,2104
Precinct,103 - Precinct 103,1033,292,3,1328,1328
Precinct,104 - Precinct 104,1995,308,5,2308,2308
Precinct,105 - Precinct 105,1624,271,5,1900,1900
Precinct,106 - Precinct 106,1398,296,3,1697,1697
Precinct,107 - Precinct 107,1783,345,3,2131,2131
Precinct,108 - Precinct 108,1747,418,7,2172,2172
Precinct,109 - Precinct 109,1949,351,7,2307,2307
Precinct,110 - Precinct 110,2119,422,5,2546,2546
Precinct,111 - Precinct 111,1247,315,4,1566,1566
Precinct,112 - Precinct 112,1647,321,1,1969,1969
Precinct,113 - Precinct 113,1073,253,7,1333,1333
Precinct,114 - Precinct 114,1364,221,3,1588,1588
Precinct,115 - Precinct 115,930,163,4,1097,1097
Precinct,116 - Precinct 116,1997,343,9,2349,2349
Precinct,117 - Precinct 117,2003,354,2,2359,2359
Precinct,118 - Precinct 118,2909,482,11,3402,3402
Precinct,119 - Precinct 119,2231,438,4,2673,2673
Precinct,120 - Precinct 120,1691,450,3,2144,2144
Precinct,121 - Precinct 121,835,203,2,1040,1040
Precinct,122 - Precinct 122,1773,293,4,2070,2070
Precinct,123 - Precinct 123,1698,305,6,2009,2009
Precinct,124 - Precinct 124,2297,373,5,2675,2675
Precinct,125 - Precinct 125,1610,288,3,1901,1901
Precinct,126 - Precinct 126,1681,255,4,1940,1940
Precinct,127 - Precinct 127,1795,331,14,2140,2140
Precinct,128 - Precinct 128,1905,281,4,2190,2190
Precinct,129 - Precinct 129,1862,318,5,2185,2185
Precinct,130 - Precinct 130,1524,220,3,1747,1747
Precinct,131 - Precinct 131,1806,348,4,2158,2158
Precinct,132 - Precinct 132,596,183,2,781,781
Precinct,133 - Precinct 133,1703,515,5,2223,2223
Precinct,134 - Precinct 134,1565,344,6,1915,1915
Precinct,135 - Precinct 135,1722,607,7,2336,2336
Precinct,136 - Precinct 136,1796,405,2,2203,2203
Precinct,137 - Precinct 137,1641,345,7,1993,1993
Precinct,138 - Precinct 138,1237,201,3,1441,1441
Precinct,139 - Precinct 139,1046,170,1,1217,1217
Precinct,140 - Precinct 140,2253,395,9,2657,2657
Precinct,141 - Precinct 141,1815,306,3,2124,2124
Precinct,142 - Precinct 142,1294,179,8,1481,1481
Precinct,143 - Precinct 143,1070,143,2,1215,1215
Precinct,144 - Precinct 144,1115,212,4,1331,1331
Precinct,145 - Precinct 145,1305,207,4,1516,1516
Precinct,146 - Precinct 146,1968,349,4,2321,2321
Precinct,147 - Precinct 147,1215,166,2,1383,1383
Precinct,148 - Precinct 148,1300,292,4,1596,1596
Precinct,149 - Precinct 149,1225,199,4,1428,1428
Precinct,150 - Precinct 150,1517,290,3,1810,1810
Precinct,151 - Precinct 151,474,72,1,547,547
Precinct,152 - Precinct 152,1044,187,1,1232,1232
Precinct,153 - Precinct 153,1458,310,6,1774,1774
Precinct,154 - Precinct 154,767,124,0,891,891
Locality,Augusta County,9522,24612,60,34194,34194
Precinct,101 - Jolivue,362,626,3,991,991
Precinct,102 - Stuarts Draft Elementary,180,309,2,491,491
Precinct,103 - Verona,390,868,0,1258,1258
Precinct,104 - Wilson,517,757,3,1277,1277
Precinct,201 - Crimora,430,1424,2,1856,1856
Precinct,202 - New Hope,242,797,0,1039,1039
Precinct,203 - Weyers Cave,526,1209,1,1736,1736
Precinct,301 - Fort Defiance,400,929,2,1331,1331
Precinct,302 - North River,226,830,1,1057,1057
Precinct,303 - Mount Solon,150,779,3,932,932
Precinct,304 - Rolla,536,1142,6,1684,1684
Precinct,401 - Buffalo Gap,249,865,1,1115,1115
Precinct,402 - Churchville Elementary,327,1100,3,1430,1430
Precinct,403 - Craigsville,97,579,4,680,680
Precinct,404 - Deerfield,66,257,2,325,325
Precinct,405 - Cedar Green,436,926,0,1362,1362
Precinct,501 - Greenville,349,1188,4,1541,1541
Precinct,502 - Middlebrook,151,467,2,620,620
Precinct,503 - Spottswood,168,688,0,856,856
Precinct,504 - White Hill,472,1513,2,1987,1987
Precinct,601 - Sherando,282,874,0,1156,1156
Precinct,602 - Ridgeview,388,1278,5,1671,1671
Precinct,603 - Lyndhurst,299,672,1,972,972
Precinct,604 - Mount Vernon,401,965,0,1366,1366
Precinct,801 - Dooms,325,924,2,1251,1251
Precinct,802 - Fishersville,933,1491,9,2433,2433
Precinct,803 - Ladd,252,472,1,725,725
Precinct,804 - Goose Creek,368,683,1,1052,1052
Locality,Bath County,493,1421,5,1919,1919
Precinct,101 - Warm Springs,115,217,0,332,332
Precinct,102 - Mountain Grove,8,47,0,55,55
Precinct,201 - Hot Springs,98,229,2,329,329
Precinct,301 - Fairview,63,258,1,322,322
Precinct,302 - Burnsville,11,56,0,67,67
Precinct,401 - Millboro,83,339,2,424,424
Precinct,501 - Healing Springs,115,275,0,390,390
Locality,Bedford County,10048,29166,57,39271,39271
Precinct,101 - Goodview Elem School,379,1188,1,1568,1568
Precinct,102 - Hardy Vol Fire Co,166,513,2,681,681
Precinct,103 - Chamblissburg Baptist Church,279,847,3,1129,1129
Precinct,104 - Barnhardt Baptist Church,208,665,0,873,873
Precinct,105 - Diamond Hill Baptist Church,179,645,1,825,825
Precinct,201 - Bedford Christian Church,125,408,1,534,534
Precinct,202 - Staunton River High School,201,786,1,988,988
Precinct,203 - Eastlake Community Church,445,1201,4,1650,1650
Precinct,204 - Huddleston Elementary School,162,798,2,962,962
Precinct,205 - Saunders Vol Fire Co,418,1102,0,1520,1520
Precinct,301 - New London Academy,411,1526,2,1939,1939
Precinct,302 - Bedford County Gym,345,1070,1,1416,1416
Precinct,303 - Forest Alliance Church,203,672,1,876,876
Precinct,304 - 1 In Christ Church,182,518,1,701,701
Precinct,305 - Forest Fire Station #2,246,836,4,1086,1086
Precinct,401 - Forest Elementary School,579,1567,3,2149,2149
Precinct,402 - Thomas Jefferson Elem School,456,1228,3,1687,1687
Precinct,403 - Pleasant View Baptist Church,492,1097,3,1592,1592
Precinct,404 - Forest Recreation Center,180,410,1,591,591
Precinct,501 - Big Island Elementary School,203,779,1,983,983
Precinct,502 - Suck Spring Baptist Church,188,636,0,824,824
Precinct,503 - Boonsboro Elementary School,604,1075,3,1682,1682
Precinct,504 - Boonsboro Ruritan Club,685,2014,4,2703,2703
Precinct,601 - Montvale Elem School,261,863,0,1124,1124
Precinct,602 - Shady Grove Fire Department,283,1006,5,1294,1294
Precinct,603 - Bedford Moose Lodge,176,584,2,762,762
Precinct,604 - Bedford Elementary School,500,983,1,1484,1484
Precinct,701 - Goode Vol Rescue Squad,411,1513,1,1925,1925
Precinct,702 - Liberty High School,231,764,0,995,995
Precinct,703 - Thaxton Baptist Church,186,667,2,855,855
Precinct,704 - Church Of God,563,923,4,1490,1490
Precinct,705 - Mountain View Church,101,282,0,383,383
Locality,Bland County,441,1974,3,2418,2418
Precinct,101 - Bastian,32,233,1,266,266
Precinct,102 - Ceres,74,259,0,333,333
Precinct,201 - Davis,24,68,0,92,92
Precinct,202 - Seddon,119,439,1,559,559
Precinct,301 - Hollybrook,45,290,1,336,336
Precinct,302 - Mechanicsburg,34,183,0,217,217
Precinct,401 - Rocky Gap,113,502,0,615,615
Locality,Botetourt County,4969,11820,32,16821,16821
Precinct,101 - Daleville,821,1463,2,2286,2286
Precinct,102 - Greenfield,535,1194,8,1737,1737
Precinct,201 - Blue Ridge,450,1212,3,1665,1665
Precinct,202 - Rainbow Forest,480,1200,2,1682,1682
Precinct,301 - Buchanan,335,1074,3,1412,1412
Precinct,302 - Mill Creek,424,1154,3,1581,1581
Precinct,403 - Eagle Rock,245,771,1,1017,1017
Precinct,406 - Fincastle,654,1627,6,2287,2287
Precinct,501 - Troutville,281,661,2,944,944
Precinct,502 - Cloverdale,744,1464,2,2210,2210
Locality,Bristol City,1660,3090,7,4757,4757
Precinct,001 - 1st,316,565,4,885,885
Precinct,002 - 2nd,524,694,2,1220,1220
Precinct,003 - 3rd,310,375,0,685,685
Precinct,004 - 4th,354,911,0,1265,1265
Precinct,005 - 5th,156,545,1,702,702
Locality,Brunswick County,3338,2591,5,5934,5934
Precinct,101 - Brodnax,138,113,3,254,254
Precinct,102 - Rock Store,181,274,0,455,455
Precinct,103 - Tillman,225,381,0,606,606
Precinct,201 - Dromgoole,96,101,0,197,197
Precinct,202 - Edgerton,390,145,0,535,535
Precinct,203 - Fitzhugh,287,196,0,483,483
Precinct,301 - Alberta,59,43,0,102,102
Precinct,302 - Danieltown,252,338,0,590,590
Precinct,303 - Elmore,145,152,1,298,298
Precinct,304 - Seymour,115,144,0,259,259
Precinct,401 - Sturgeon,502,361,0,863,863
Precinct,402 - King's Store,205,91,0,296,296
Precinct,501 - Totaro,743,252,1,996,996
Locality,Buchanan County,971,4434,8,5413,5413
Precinct,102 - Blackey,23,181,0,204,204
Precinct,103 - Hurley,59,407,0,466,466
Precinct,201 - Grassy,17,65,0,82,82
Precinct,202 - Bull,58,279,1,338,338
Precinct,203 - Rocklick,57,299,0,356,356
Precinct,301 - Slate,63,357,1,421,421
Precinct,302 - North Grundy,75,286,2,363,363
Precinct,403 - South Grundy,88,332,2,422,422
Precinct,404 - Oakwood,9,43,0,52,52
Precinct,405 - Grundy,41,203,1,245,245
Precinct,501 - Prater,61,273,0,334,334
Precinct,502 - Fox,39,71,0,110,110
Precinct,503 - Vansant,88,304,0,392,392
Precinct,601 - Council,46,211,0,257,257
Precinct,602 - Garden,56,304,1,361,361
Precinct,603 - Hurricane,56,155,0,211,211
Precinct,701 - Whitewood,77,349,0,426,426
Precinct,702 - Contrary,58,315,0,373,373
Locality,Buckingham County,2456,3586,13,6055,6055
Precinct,101 - New Canton,398,478,4,880,880
Precinct,201 - White Hall,325,513,1,839,839
Precinct,301 - Curdsville,198,393,2,593,593
Precinct,302 - New Store,106,249,0,355,355
Precinct,401 - Maysville,350,560,3,913,913
Precinct,501 - Wrights,80,200,0,280,280
Precinct,502 - Glenmore,294,288,3,585,585
Precinct,601 - Slate River,196,320,0,516,516
Precinct,602 - Georgia Creek,242,213,0,455,455
Precinct,701 - Gold Hill,267,372,0,639,639
Locality,Buena Vista City,696,1392,9,2097,2097
Precinct,001 - 1st Ward,364,835,7,1206,1206
Precinct,002 - 2nd Ward,332,557,2,891,891
Locality,Campbell County,6130,16878,34,23042,23042
Precinct,101 - Brookville,492,1290,1,1783,1783
Precinct,102 - New London,425,1277,5,1707,1707
Precinct,201 - Walker,467,1031,2,1500,1500
Precinct,202 - Bedford Springs,431,1324,4,1759,1759
Precinct,301 - Evington,175,645,0,820,820
Precinct,302 - Otter River,283,870,2,1155,1155
Precinct,303 - Altavista,476,691,0,1167,1167
Precinct,401 - 3 Forks,267,1106,2,1375,1375
Precinct,402 - Court House,572,1821,3,2396,2396
Precinct,501 - Spring Hill,450,1375,2,1827,1827
Precinct,502 - Yellow Branch,356,878,3,1237,1237
Precinct,601 - Kings,379,920,2,1301,1301
Precinct,602 - Concord,485,1412,2,1899,1899
Precinct,701 - Brookneal,115,170,0,285,285
Precinct,702 - Gladys,562,1462,4,2028,2028
Precinct,703 - Morris Church,195,606,2,803,803
Locality,Caroline County,6733,6680,23,13436,13436
Precinct,101 - Bowling Green,582,923,4,1509,1509
Precinct,102 - Sparta,316,595,3,914,914
Precinct,201 - North Madison,580,332,2,914,914
Precinct,202 - South Madison,935,834,4,1773,1773
Precinct,301 - Port Royal,257,323,2,582,582
Precinct,302 - Woodford,474,619,0,1093,1093
Precinct,303 - Wrights Chapel,80,138,1,219,219
Precinct,401 - Dawn,999,727,1,1727,1727
Precinct,402 - Carmel Church,304,250,0,554,554
Precinct,501 - West Mattaponi,640,415,4,1059,1059
Precinct,502 - Milford,448,524,0,972,972
Precinct,601 - Chilesburg,661,551,1,1213,1213
Precinct,602 - Lake,457,449,1,907,907
Locality,Carroll County,2433,8889,26,11348,11348
Precinct,101 - Mt Bethel,86,312,2,400,400
Precinct,102 - St Paul,115,513,1,629,629
Precinct,103 - Lambsburg,60,291,2,353,353
Precinct,105 - Fancy Gap,172,523,1,696,696
Precinct,201 - Hillsville B,350,940,7,1297,1297
Precinct,202 - Laurel Fork,130,389,0,519,519
Precinct,203 - Gladesboro,171,511,2,684,684
Precinct,301 - Hillsville C,306,1096,3,1405,1405
Precinct,302 - Sylvatus,106,427,1,534,534
Precinct,303 - Dugspur,65,238,0,303,303
Precinct,401 - Oakland,220,792,2,1014,1014
Precinct,402 - Woodlawn D,232,927,2,1161,1161
Precinct,501 - Vaughan,55,294,0,349,349
Precinct,502 - Gladeville,168,804,1,973,973
Precinct,503 - Woodlawn E,90,408,2,500,500
Precinct,504 - Laurel,107,424,0,531,531
Locality,Charles City County,2002,1485,5,3492,3492
Precinct,101 - Precinct 1-1,607,571,2,1180,1180
Precinct,201 - Precinct 2-1,672,423,2,1097,1097
Precinct,301 - Precinct 3-1,723,491,1,1215,1215
Locality,Charlotte County,1545,3159,6,4710,4710
Precinct,101 - County Seat,265,496,0,761,761
Precinct,201 - Red Oak Wylliesburg,236,469,1,706,706
Precinct,302 - Drakes Branch,200,388,0,588,588
Precinct,401 - Keysville,224,412,1,637,637
Precinct,501 - Cullen/Red House,207,422,1,630,630
Precinct,602 - Phenix,185,572,0,757,757
Precinct,702 - Bacon/Saxe,228,400,3,631,631
Locality,Charlottesville City,16799,2056,35,18890,18890
Precinct,101 - Key Recreation,2567,274,4,2845,2845
Precinct,102 - Summit,2129,234,4,2367,2367
Precinct,201 - Carver,1529,120,3,1652,1652
Precinct,202 - Trailblazer,1455,157,3,1615,1615
Precinct,301 - Jackson-Via,1964,270,3,2237,2237
Precinct,302 - Johnson,1811,210,5,2026,2026
Precinct,303 - Buford,1483,121,4,1608,1608
Precinct,401 - Charlottesville High School,2337,405,6,2748,2748
Precinct,402 - Walker,1524,265,3,1792,1792
Locality,Chesapeake City,53971,42147,164,96282,96282
Precinct,001 - Great Bridge,726,909,1,1636,1636
Precinct,002 - Bethel,433,1237,3,1673,1673
Precinct,003 - Camelot,1142,117,3,1262,1262
Precinct,004 - Churchland,737,947,8,1692,1692
Precinct,005 - Crestwood,1171,169,0,1340,1340
Precinct,006 - Deep Creek,895,603,2,1500,1500
Precinct,007 - Greenbrier,792,818,1,1611,1611
Precinct,008 - South Norfolk Recreation,1013,624,7,1644,1644
Precinct,009 - Bells Mill,914,1445,6,2365,2365
Precinct,010 - Oscar Smith,443,289,2,734,734
Precinct,011 - Geneva Park,498,467,2,967,967
Precinct,012 - Georgetown,1175,169,1,1345,1345
Precinct,013 - Gilmerton,730,635,4,1369,1369
Precinct,014 - Grassfield,1336,1319,3,2658,2658
Precinct,015 - Greenbrier Middle School,1211,572,1,1784,1784
Precinct,016 - Hickory Grove,608,1239,1,1848,1848
Precinct,017 - Indian Creek,390,971,2,1363,1363
Precinct,018 - Indian River,844,348,3,1195,1195
Precinct,019 - Jolliff,482,695,2,1179,1179
Precinct,020 - E W Chittum,1018,954,3,1975,1975
Precinct,021 - Fellowship,1066,798,3,1867,1867
Precinct,022 - Norfolk Highlands,443,457,0,900,900
Precinct,023 - Oak Grove,1077,690,2,1769,1769
Precinct,024 - Oaklette,759,457,5,1221,1221
Precinct,025 - St Julians,888,315,0,1203,1203
Precinct,026 - Johnson Park,416,183,1,600,600
Precinct,027 - Silverwood,899,684,5,1588,1588
Precinct,028 - Sunray I,140,176,0,316,316
Precinct,029 - Tanglewood,569,676,3,1248,1248
Precinct,030 - South Norfolk,568,43,0,611,611
Precinct,031 - Carver School,1158,206,2,1366,1366
Precinct,032 - Providence,1493,140,5,1638,1638
Precinct,033 - Westover,356,441,1,798,798
Precinct,034 - Hickory Middle School,834,1479,1,2314,2314
Precinct,035 - Taylor Road,751,253,0,1004,1004
Precinct,036 - Great Bridge Baptist Church,691,924,2,1617,1617
Precinct,037 - Bridgetown,944,1071,2,2017,2017
Precinct,038 - Bailey Creek,592,936,1,1529,1529
Precinct,039 - Lake Drummond,682,608,1,1291,1291
Precinct,041 - John T West,1612,1118,8,2738,2738
Precinct,042 - Parkways,1031,461,2,1494,1494
Precinct,043 - Pleasant Crossing,583,1027,2,1612,1612
Precinct,044 - Nansemond,1032,505,1,1538,1538
Precinct,045 - Sunray Ii,225,176,2,403,403
Precinct,046 - Bells Mill Ii,826,749,0,1575,1575
Precinct,048 - Jolliff Middle School,1745,195,6,1946,1946
Precinct,049 - Waterway,1097,760,3,1860,1860
Precinct,050 - River Walk,1058,607,0,1665,1665
Precinct,051 - Coopers Way,1169,1587,5,2761,2761
Precinct,052 - Shipyard Road,1036,576,4,1616,1616
Precinct,053 - Fairways,966,706,2,1674,1674
Precinct,054 - Pughsville,1109,391,1,1501,1501
Precinct,055 - Georgetown East,914,222,1,1137,1137
Precinct,056 - Green Tree,867,500,3,1370,1370
Precinct,057 - Cypress,947,458,1,1406,1406
Precinct,058 - Expressway,426,155,1,582,582
Precinct,059 - Clearfield,933,679,2,1614,1614
Precinct,060 - Parker Road,773,1046,3,1822,1822
Precinct,061 - Centerville,838,1383,2,2223,2223
Precinct,062 - Fentress,684,1019,6,1709,1709
Precinct,063 - Poplar Branch,424,802,3,1229,1229
Precinct,064 - Deep Creek Ii,1205,764,6,1975,1975
Precinct,065 - Waterway Ii,1016,936,7,1959,1959
Precinct,066 - Fairways Ii,571,261,4,836,836
Locality,Chesterfield County,100595,70021,294,170910,170910
Precinct,101 - Bellwood,751,462,1,1214,1214
Precinct,102 - South Chester,1091,864,4,1959,1959
Precinct,103 - Enon,1759,1514,4,3277,3277
Precinct,104 - North Chester,1340,1207,2,2549,2549
Precinct,105 - Drewrys Bluff,845,343,2,1190,1190
Precinct,106 - Harrowgate,1820,1105,5,2930,2930
Precinct,108 - Ecoff,1870,1837,9,3716,3716
Precinct,109 - Elizabeth Scott,1986,1368,6,3360,3360
Precinct,110 - Dutch Gap,805,661,1,1467,1467
Precinct,111 - Iron Bridge,955,1031,1,1987,1987
Precinct,112 - Carver,1091,721,6,1818,1818
Precinct,113 - Iron Bridge North,1346,763,2,2111,2111
Precinct,115 - Cresthill,1346,858,7,2211,2211
Precinct,201 - Gates,259,354,1,614,614
Precinct,202 - Beulah,1852,657,3,2512,2512
Precinct,203 - Bird,1354,606,1,1961,1961
Precinct,205 - Falling Creek,1493,442,1,1936,1936
Precinct,207 - Chippenham,2083,469,1,2553,2553
Precinct,208 - Meadowbrook,1672,430,4,2106,2106
Precinct,209 - Salem Church,1251,838,9,2098,2098
Precinct,210 - Five Forks,2382,844,9,3235,3235
Precinct,211 - Nash,1738,1949,1,3688,3688
Precinct,213 - Southside,1032,231,3,1266,1266
Precinct,218 - New Manchester,711,400,6,1117,1117
Precinct,219 - Gates East,571,369,0,940,940
Precinct,220 - Falling Creek East,157,62,1,220,220
Precinct,221 - Oxbridge,1654,1064,12,2730,2730
Precinct,222 - Turner,1301,278,2,1581,1581
Precinct,301 - Ettrick,1963,448,1,2412,2412
Precinct,303 - Matoaca,1389,1343,6,2738,2738
Precinct,304 - Winfrees Store,676,1215,2,1893,1893
Precinct,305 - Beach,260,645,2,907,907
Precinct,306 - Winterpock,848,1963,4,2815,2815
Precinct,307 - Cosby,1419,998,3,2420,2420
Precinct,309 - Skinquarter,1303,1184,6,2493,2493
Precinct,313 - Woolridge South,1312,1084,7,2403,2403
Precinct,314 - Longhouse,533,961,0,1494,1494
Precinct,315 - Bailey Bridge,1156,1509,6,2671,2671
Precinct,316 - Spring Run,1234,955,4,2193,2193
Precinct,319 - Magnolia,2458,2364,3,4825,4825
Precinct,320 - Dry Creek,2199,1803,3,4005,4005
Precinct,321 - Claypoint,958,699,1,1658,1658
Precinct,322 - Hensley,1757,1511,7,3275,3275
Precinct,401 - Harbour Pointe,918,666,4,1588,1588
Precinct,402 - Genito,1266,817,3,2086,2086
Precinct,403 - Brandermill,1540,1026,6,2572,2572
Precinct,404 - Providence,1383,719,2,2104,2104
Precinct,405 - La Prade,1349,962,5,2316,2316
Precinct,408 - Reams,875,364,2,1241,1241
Precinct,410 - Wagstaff,304,155,0,459,459
Precinct,411 - Swift Creek,1311,925,5,2241,2241
Precinct,412 - Clover Hill,1562,1158,1,2721,2721
Precinct,413 - Shenandoah,1188,677,5,1870,1870
Precinct,414 - Crenshaw,1880,1396,7,3283,3283
Precinct,415 - Evergreen,1445,1022,6,2473,2473
Precinct,418 - Woolridge North,914,734,2,1650,1650
Precinct,419 - North Courthouse,964,484,1,1449,1449
Precinct,420 - New Tomahawk,1316,1021,3,2340,2340
Precinct,421 - Lucks Lane,1928,1494,6,3428,3428
Precinct,422 - Otterdale,2136,1287,6,3429,3429
Precinct,503 - Midlothian,1667,1293,9,2969,2969
Precinct,504 - Robious,2117,1659,8,3784,3784
Precinct,505 - Bon Air,1641,794,1,2436,2436
Precinct,506 - Greenfield,1483,722,2,2207,2207
Precinct,507 - Salisbury,1609,1570,5,3184,3184
Precinct,508 - Belgrade,1512,946,7,2465,2465
Precinct,509 - Cranbeck,960,453,5,1418,1418
Precinct,510 - Sycamore,608,513,2,1123,1123
Precinct,511 - Black Heath,872,728,3,1603,1603
Precinct,513 - Beaufont,805,207,4,1016,1016
Precinct,514 - Watkins,1570,1305,7,2882,2882
Precinct,515 - Davis,1413,288,1,1702,1702
Precinct,516 - Pocoshock North,516,188,0,704,704
Precinct,517 - Roseland,1086,1039,2,2127,2127
Precinct,518 - Midlothian North,1539,1387,3,2929,2929
Precinct,519 - Buford,183,48,3,234,234
Precinct,520 - Walton Park,872,619,3,1494,1494
Precinct,521 - Rockaway,1883,946,6,2835,2835
Locality,Clarke County,3389,4222,18,7629,7629
Precinct,101 - Russell,596,1014,3,1613,1613
Precinct,201 - Berryville,754,681,3,1438,1438
Precinct,301 - Millwood,565,665,0,1230,1230
Precinct,302 - Pine Grove,232,284,3,519,519
Precinct,401 - White Post,642,799,7,1448,1448
Precinct,501 - Buckmarsh,411,555,2,968,968
Precinct,502 - Blue Ridge,189,224,0,413,413
Locality,Colonial Heights City,2474,4092,21,6587,6587
Precinct,001 - 1st,363,513,3,879,879
Precinct,002 - 2nd,437,600,6,1043,1043
Precinct,003 - 3rd,533,769,4,1306,1306
Precinct,004 - 4th,628,1009,4,1641,1641
Precinct,005 - 5th,513,1201,4,1718,1718
Locality,Covington City,678,999,0,1677,1677
Precinct,101 - Precinct 1-1,123,160,0,283,283
Precinct,201 - Precinct 2-1,146,171,0,317,317
Precinct,301 - Precinct 3-1,151,96,0,247,247
Precinct,401 - Precinct 4-1,142,288,0,430,430
Precinct,501 - Precinct 5-1,116,284,0,400,400
Locality,Craig County,467,1806,6,2279,2279
Precinct,101 - Court House,71,332,1,404,404
Precinct,201 - Ammendale,83,396,0,479,479
Precinct,301 - Givens & Reynolds Store,95,211,0,306,306
Precinct,303 - Marshalls Store,52,166,0,218,218
Precinct,401 - Barbours Creek,47,154,0,201,201
Precinct,402 - Paint Bank,13,24,0,37,37
Precinct,403 - Craig Springs,49,182,2,233,233
Precinct,501 - Craig City,57,341,3,401,401
Locality,Culpeper County,9214,12592,33,21839,21839
Precinct,101 - West Fairfax,1455,1072,5,2532,2532
Precinct,201 - East Fairfax,1321,712,3,2036,2036
Precinct,302 - Eggbornsville,379,806,1,1186,1186
Precinct,303 - Cardova,398,714,1,1113,1113
Precinct,304 - Willow Shade,358,329,0,687,687
Precinct,401 - Eldorado,481,908,2,1391,1391
Precinct,402 - Browns Store,965,1418,4,2387,2387
Precinct,501 - Jeffersonton,797,1341,5,2143,2143
Precinct,502 - Rixeyville,587,1304,5,1896,1896
Precinct,601 - Mitchells,89,179,2,270,270
Precinct,602 - Pearl Sample,838,1161,2,2001,2001
Precinct,603 - South Ridge,274,260,0,534,534
Precinct,702 - Brandy Station,895,1391,2,2288,2288
Precinct,703 - Lignum,239,592,1,832,832
Precinct,704 - Richardsville,138,405,0,543,543
Locality,Cumberland County,1803,2609,8,4420,4420
Precinct,101 - Precinct 1,338,639,0,977,977
Precinct,201 - Precinct 2,317,597,4,918,918
Precinct,301 - Precinct 3,456,405,0,861,861
Precinct,401 - Precinct 4,316,567,2,885,885
Precinct,501 - Precinct 5,376,401,2,779,779
Locality,Danville City,7678,4592,29,12299,12299
Precinct,001 - Ward 1,300,55,0,355,355
Precinct,002 - Ward 2,285,118,1,404,404
Precinct,003 - Ward 3,540,213,1,754,754
Precinct,004 - Ward 4,796,598,2,1396,1396
Precinct,006 - Ward 6,306,74,1,381,381
Precinct,007 - Ward 7,466,85,2,553,553
Precinct,008 - Ward 8,424,149,0,573,573
Precinct,009 - Ward 9,316,255,3,574,574
Precinct,010 - Ward 10,496,295,4,795,795
Precinct,011 - Ward 11,755,337,2,1094,1094
Precinct,012 - Ward 12,804,367,4,1175,1175
Precinct,013 - Ward 13,688,305,5,998,998
Precinct,014 - Ward 14,125,7,0,132,132
Precinct,015 - Ward 15,494,410,1,905,905
Precinct,016 - Ward 16,479,642,1,1122,1122
Precinct,017 - Ward 17,404,682,2,1088,1088
Locality,Dickenson County,1028,3427,7,4462,4462
Precinct,101 - South Clintwood,251,696,3,950,950
Precinct,201 - Nora,51,238,1,290,290
Precinct,202 - Frying Pan,27,95,0,122,122
Precinct,203 - Clinchco,93,287,0,380,380
Precinct,301 - West Dante,21,135,0,156,156
Precinct,302 - Herald,29,259,0,288,288
Precinct,303 - Ridge,47,243,0,290,290
Precinct,304 - Longs Fork,31,205,1,237,237
Precinct,401 - Haysi-colley,219,529,0,748,748
Precinct,501 - Tarpon,61,123,0,184,184
Precinct,502 - North Clintwood,198,617,2,817,817
Locality,Dinwiddie County,5031,7028,19,12078,12078
Precinct,101 - White Oak,113,377,0,490,490
Precinct,102 - Rocky Run,226,615,1,842,842
Precinct,103 - Church Road,228,1021,0,1249,1249
Precinct,201 - Rohoic,384,236,3,623,623
Precinct,202 - Sutherland,709,1006,4,1719,1719
Precinct,301 - Reams,160,358,0,518,518
Precinct,302 - New Hope,320,559,1,880,880
Precinct,303 - Little Zion,574,721,3,1298,1298
Precinct,401 - Dinwiddie,511,806,2,1319,1319
Precinct,402 - Mckenney,271,454,1,726,726
Precinct,403 - Cherry Hill,219,256,0,475,475
Precinct,501 - Edgehill,371,116,2,489,489
Precinct,502 - Chesdin,945,503,2,1450,1450
Locality,Emporia City,1119,544,3,1666,1666
Precinct,101 - Precinct 1-1,214,90,0,304,304
Precinct,201 - Precinct 2-1,157,24,0,181,181
Precinct,301 - Precinct 3-1,161,127,1,289,289
Precinct,401 - Precinct 4-1,167,96,0,263,263
Precinct,501 - Precinct 5-1,165,5,1,171,171
Precinct,601 - District 6,145,170,1,316,316
Precinct,701 - District 7,110,32,0,142,142
Locality,Essex County,2289,2572,8,4869,4869
Precinct,101 - Greater Tappahannock,567,490,2,1059,1059
Precinct,201 - North,670,544,2,1216,1216
Precinct,301 - South,478,842,2,1322,1322
Precinct,401 - Central,574,696,2,1272,1272
Locality,Fairfax City,7552,2847,36,10435,10435
Precinct,1 - One,1071,400,5,1476,1476
Precinct,2 - Two,1419,560,8,1987,1987
Precinct,3 - Three,1630,610,5,2245,2245
Precinct,4 - Four,1258,474,11,1743,1743
Precinct,5 - Five,1090,408,5,1503,1503
Precinct,6 - Six,1084,395,2,1481,1481
Locality,Fairfax County,329977,116053,1222,447252,447252
Precinct,104 - Chapel,1211,495,4,1710,1710
Precinct,105 - Fairview,2285,854,6,3145,3145
Precinct,106 - Heritage,1333,423,2,1758,1758
Precinct,108 - Kings Park,1512,587,7,2106,2106
Precinct,109 - Little Run,747,287,2,1036,1036
Precinct,110 - North Springfield,1788,730,9,2527,2527
Precinct,113 - Canterbury,1938,643,7,2588,2588
Precinct,114 - Olde Creek,1082,447,5,1534,1534
Precinct,115 - Ravensworth,796,344,3,1143,1143
Precinct,116 - Wakefield,1243,396,4,1643,1643
Precinct,117 - Woodson #1,842,349,5,1196,1196
Precinct,118 - Lake Braddock,1943,603,7,2553,2553
Precinct,119 - Laurel,1975,713,3,2691,2691
Precinct,120 - Sideburn #1,470,244,3,717,717
Precinct,121 - Villa,1008,395,4,1407,1407
Precinct,123 - Robinson,2323,812,5,3140,3140
Precinct,125 - Signal Hill,1608,597,7,2212,2212
Precinct,126 - Bonnie Brae,1178,382,4,1564,1564
Precinct,127 - Burke Centre,2095,704,8,2807,2807
Precinct,128 - Cardinal,1051,403,8,1462,1462
Precinct,129 - Keene Mill,900,322,2,1224,1224
Precinct,130 - Terra Centre,1164,430,2,1596,1596
Precinct,131 - Eagle View #1,721,215,1,937,937
Precinct,132 - Monument,1936,516,8,2460,2460
Precinct,134 - University,901,75,2,978,978
Precinct,135 - Irving,1358,504,5,1867,1867
Precinct,136 - Woodson #2,493,214,3,710,710
Precinct,137 - Sideburn #2,992,489,3,1484,1484
Precinct,138 - Eagle View #2,843,425,4,1272,1272
Precinct,201 - Armstrong,2065,476,6,2547,2547
Precinct,202 - Flint Hill #1,715,324,1,1040,1040
Precinct,203 - Floris,1864,718,4,2586,2586
Precinct,204 - Madison,445,122,7,574,574
Precinct,208 - Reston #1,2129,427,8,2564,2564
Precinct,209 - Reston #2,2136,470,9,2615,2615
Precinct,213 - Vienna #1,2084,719,6,2809,2809
Precinct,214 - Vienna #2,1715,589,3,2307,2307
Precinct,216 - Vienna #4,795,230,4,1029,1029
Precinct,218 - Vienna #6,1256,376,10,1642,1642
Precinct,219 - Westbriar #1,822,307,2,1131,1131
Precinct,220 - Dogwood,2093,543,7,2643,2643
Precinct,221 - Hunters Woods,1609,451,5,2065,2065
Precinct,222 - Reston #3,1296,210,3,1509,1509
Precinct,223 - Glade,2069,445,1,2515,2515
Precinct,224 - South Lakes,2538,478,6,3022,3022
Precinct,225 - Hughes,1981,395,2,2378,2378
Precinct,226 - Wolftrap,1738,699,9,2446,2446
Precinct,227 - Sunrise Valley #1,1161,340,2,1503,1503
Precinct,229 - Fox Mill #1,2031,790,4,2825,2825
Precinct,233 - North Point,1204,518,3,1725,1725
Precinct,234 - Aldrin,1601,422,3,2026,2026
Precinct,235 - Frying Pan,1417,390,8,1815,1815
Precinct,236 - Stuart,733,221,2,956,956
Precinct,237 - Mcnair,1909,359,7,2275,2275
Precinct,238 - Cameron Glen,2090,684,4,2778,2778
Precinct,240 - Colvin,1086,499,2,1587,1587
Precinct,241 - Flint Hill #2,760,290,2,1052,1052
Precinct,242 - Westbriar #2,854,331,4,1189,1189
Precinct,243 - Sunrise Valley #2,482,210,1,693,693
Precinct,244 - Fox Mill #2,243,125,0,368,368
Precinct,245 - Piney Run,453,198,2,653,653
Precinct,301 - Chain Bridge,1588,698,5,2291,2291
Precinct,302 - Chesterbrook,1361,518,1,1880,1880
Precinct,303 - Churchill,734,343,4,1081,1081
Precinct,304 - Cooper,923,479,4,1406,1406
Precinct,305 - El Nido,1212,426,5,1643,1643
Precinct,306 - Great Falls,825,511,1,1337,1337
Precinct,307 - Haycock,2153,673,5,2831,2831
Precinct,309 - Kenmore,1523,790,5,2318,2318
Precinct,310 - Kirby,1085,367,4,1456,1456
Precinct,311 - Langley,891,502,1,1394,1394
Precinct,312 - Longfellow,1325,419,3,1747,1747
Precinct,314 - Mclean,1185,500,7,1692,1692
Precinct,315 - Pimmit,1590,513,5,2108,2108
Precinct,316 - Salona,1357,486,6,1849,1849
Precinct,317 - Westhampton,495,201,2,698,698
Precinct,318 - Westmoreland,802,265,4,1071,1071
Precinct,319 - Herndon #1,1907,661,8,2576,2576
Precinct,320 - Herndon #2,1924,549,12,2485,2485
Precinct,321 - Clearview,1953,768,11,2732,2732
Precinct,322 - Forestville,1155,817,8,1980,1980
Precinct,323 - Shouse,1035,412,5,1452,1452
Precinct,324 - Herndon #3,1672,502,9,2183,2183
Precinct,325 - Hutchison,942,174,3,1119,1119
Precinct,327 - Sugarland,1625,711,18,2354,2354
Precinct,328 - Hickory,1386,767,6,2159,2159
Precinct,329 - Seneca,1329,856,7,2192,2192
Precinct,331 - Spring Hill,1010,448,5,1463,1463
Precinct,332 - Coates,2494,547,12,3053,3053
Precinct,401 - Bush Hill,1762,577,10,2349,2349
Precinct,402 - Cameron,579,169,3,751,751
Precinct,403 - Forestdale,627,167,1,795,795
Precinct,404 - Edison #1,961,274,3,1238,1238
Precinct,405 - Groveton,857,193,5,1055,1055
Precinct,406 - Hayfield,1263,481,7,1751,1751
Precinct,408 - Mount Eagle,1472,234,2,1708,1708
Precinct,409 - Pioneer,1528,473,2,2003,2003
Precinct,410 - Rose Hill,2254,726,10,2990,2990
Precinct,411 - Virginia Hills,1225,318,8,1551,1551
Precinct,413 - Fairfield,1056,170,1,1227,1227
Precinct,415 - Crestwood,1023,461,10,1494,1494
Precinct,417 - Garfield,1533,547,4,2084,2084
Precinct,418 - Lynbrook #1,730,268,1,999,999
Precinct,419 - Lane,1137,296,1,1434,1434
Precinct,420 - Villages,2377,637,10,3024,3024
Precinct,421 - Kingstowne,1693,453,3,2149,2149
Precinct,422 - Van Dorn,1821,484,5,2310,2310
Precinct,423 - Clermont,1429,452,8,1889,1889
Precinct,424 - Huntley,1474,405,6,1885,1885
Precinct,426 - Greenspring,1144,303,0,1447,1447
Precinct,427 - Island Creek,1467,380,9,1856,1856
Precinct,428 - Pinewood,1441,239,4,1684,1684
Precinct,429 - Hybla Valley,1338,220,6,1564,1564
Precinct,431 - West Springfield,1517,536,9,2062,2062
Precinct,432 - Edison #2,1611,378,2,1991,1991
Precinct,433 - Lynbrook #2,56,20,0,76,76
Precinct,501 - Baileys,1656,356,12,2024,2024
Precinct,502 - Barcroft,818,255,2,1075,1075
Precinct,503 - Belvedere,915,248,0,1163,1163
Precinct,504 - Bristow,955,334,1,1290,1290
Precinct,505 - Glen Forest,1221,331,8,1560,1560
Precinct,506 - Holmes,251,79,0,330,330
Precinct,507 - Lincolnia,1493,368,5,1866,1866
Precinct,508 - Masonville,1005,357,6,1368,1368
Precinct,509 - Plaza,452,82,2,536,536
Precinct,510 - Parklawn,987,350,0,1337,1337
Precinct,511 - Ravenwood,928,247,5,1180,1180
Precinct,512 - Sleepy Hollow,1611,503,5,2119,2119
Precinct,513 - Saint Albans,1250,415,4,1669,1669
Precinct,514 - Crossroads,624,82,1,707,707
Precinct,515 - Westlawn,816,203,1,1020,1020
Precinct,516 - Weyanoke,1309,386,5,1700,1700
Precinct,517 - Willston,625,196,0,821,821
Precinct,518 - Columbia,1017,417,7,1441,1441
Precinct,520 - Skyline,1110,177,5,1292,1292
Precinct,521 - Brook Hill,823,385,4,1212,1212
Precinct,522 - Camelot,1089,434,3,1526,1526
Precinct,523 - Poe,1237,429,10,1676,1676
Precinct,525 - Walnut Hill,1553,582,4,2139,2139
Precinct,526 - Bren Mar,1736,398,4,2138,2138
Precinct,527 - Edsall,855,348,4,1207,1207
Precinct,528 - Ridgelea,302,103,3,408,408
Precinct,530 - Tripps,766,142,7,915,915
Precinct,535 - Fort Buffalo,977,215,3,1195,1195
Precinct,536 - Woodburn,1536,520,3,2059,2059
Precinct,601 - Belle Haven,1130,522,7,1659,1659
Precinct,602 - Belleview,1075,390,5,1470,1470
Precinct,604 - Bucknell,1804,421,2,2227,2227
Precinct,605 - Fort Hunt,1241,536,5,1782,1782
Precinct,606 - Hollin Hall,1512,628,9,2149,2149
Precinct,607 - Huntington,1225,226,9,1460,1460
Precinct,608 - Kirkside,1191,292,3,1486,1486
Precinct,609 - Marlan,1150,506,4,1660,1660
Precinct,610 - Sherwood,1032,307,6,1345,1345
Precinct,611 - Stratford,1633,703,11,2347,2347
Precinct,612 - Waynewood,726,309,4,1039,1039
Precinct,613 - Westgate,1448,986,8,2442,2442
Precinct,614 - Riverside,1033,492,5,1530,1530
Precinct,615 - Woodley,1353,552,5,1910,1910
Precinct,616 - Gunston,695,620,3,1318,1318
Precinct,617 - Lorton,1612,385,5,2002,2002
Precinct,618 - Newington #1,957,437,6,1400,1400
Precinct,621 - Grosvenor,1124,251,5,1380,1380
Precinct,622 - Lorton Station,1708,359,5,2072,2072
Precinct,623 - Alban,1275,394,5,1674,1674
Precinct,627 - Woodlawn #1,784,263,1,1048,1048
Precinct,628 - Laurel Hill #1,1404,394,3,1801,1801
Precinct,629 - South County,1133,400,4,1537,1537
Precinct,630 - Army,1117,384,1,1502,1502
Precinct,631 - Pohick Creek,1008,355,3,1366,1366
Precinct,632 - Halley #1,415,288,3,706,706
Precinct,633 - Halley #2,125,83,0,208,208
Precinct,634 - Newington #2,1352,410,5,1767,1767
Precinct,635 - Woodlawn #2,897,195,0,1092,1092
Precinct,636 - Laurel Hill #2,612,147,2,761,761
Precinct,637 - MONTEBELLO,708,214,1,923,923
Precinct,701 - Blake,2185,573,6,2764,2764
Precinct,704 - Freedom Hill,1152,354,6,1512,1512
Precinct,705 - Graham-Greenway,1828,471,7,2306,2306
Precinct,707 - Mantua,1264,414,8,1686,1686
Precinct,708 - Marshall,1791,458,15,2264,2264
Precinct,709 - Mosby #1,1040,293,5,1338,1338
Precinct,710 - Pine Spring,1076,312,3,1391,1391
Precinct,711 - Price,987,334,0,1321,1321
Precinct,712 - Shreve,1549,391,9,1949,1949
Precinct,713 - Timber Lane,1587,376,7,1970,1970
Precinct,714 - Walker,1642,509,7,2158,2158
Precinct,718 - Pine Ridge,1079,383,3,1465,1465
Precinct,720 - Thoreau,1578,478,8,2064,2064
Precinct,721 - Merrifield,1965,324,8,2297,2297
Precinct,723 - Gallows East,1056,213,6,1275,1275
Precinct,726 - Magarity,2017,532,7,2556,2556
Precinct,727 - Oakton,1264,532,4,1800,1800
Precinct,729 - Nottoway,1900,482,7,2389,2389
Precinct,731 - Tysons,1114,274,2,1390,1390
Precinct,732 - Oaktree Crossing,1708,873,9,2590,2590
Precinct,733 - Kilmer,2217,531,10,2758,2758
Precinct,734 - Hunters Branch,1437,327,8,1772,1772
Precinct,735 - Rotonda,539,203,5,747,747
Precinct,736 - Bedford,209,25,1,235,235
Precinct,737 - Mosby #2,456,111,2,569,569
Precinct,738 - Jones Branch,815,226,4,1045,1045
Precinct,801 - Burke #1,1187,395,4,1586,1586
Precinct,802 - Cedar Lake,709,214,1,924,924
Precinct,803 - Clifton South,916,826,3,1745,1745
Precinct,804 - Colchester,755,546,0,1301,1301
Precinct,805 - Fairfax Station,708,443,3,1154,1154
Precinct,806 - Sydenstricker,1517,626,8,2151,2151
Precinct,807 - Hunt Valley,1143,505,6,1654,1654
Precinct,811 - Pohick,929,286,4,1219,1219
Precinct,812 - Valley,1467,547,3,2017,2017
Precinct,815 - Woodyard,650,419,3,1072,1072
Precinct,824 - Orange,1920,803,10,2733,2733
Precinct,825 - Cherry Run,1447,585,6,2038,2038
Precinct,833 - White Oaks,1468,530,5,2003,2003
Precinct,838 - Sangster,1108,568,5,1681,1681
Precinct,839 - Silverbrook,1555,845,7,2407,2407
Precinct,841 - Popes Head,664,435,2,1101,1101
Precinct,842 - Parkway,1019,526,7,1552,1552
Precinct,843 - Fair Lakes,1484,494,4,1982,1982
Precinct,844 - Centerpointe,1268,313,4,1585,1585
Precinct,845 - Fountainhead,1468,1000,6,2474,2474
Precinct,846 - Greenbriar East,1528,505,6,2039,2039
Precinct,847 - Greenbriar West,1041,446,4,1491,1491
Precinct,848 - Fair Oaks,1600,581,8,2189,2189
Precinct,849 - Newgate North,1270,633,5,1908,1908
Precinct,850 - South Run,1365,726,4,2095,2095
Precinct,851 - Willow Springs #1,527,262,3,792,792
Precinct,854 - Newgate South,1206,692,5,1903,1903
Precinct,855 - Saratoga,1611,650,6,2267,2267
Precinct,856 - Penderbrook,1638,561,7,2206,2206
Precinct,857 - Island Pond,82,32,0,114,114
Precinct,858 - Clifton Town,80,60,1,141,141
Precinct,859 - Liberty,777,655,3,1435,1435
Precinct,860 - Sandy Run,444,355,0,799,799
Precinct,861 - Burke #2,978,367,2,1347,1347
Precinct,862 - Willow Springs #2,726,325,1,1052,1052
Precinct,901 - Centre Ridge,1334,497,1,1832,1832
Precinct,902 - Brookfield,1640,643,7,2290,2290
Precinct,903 - Cub Run,1974,903,5,2882,2882
Precinct,904 - Stonecroft,706,396,2,1104,1104
Precinct,905 - Franklin,1427,513,3,1943,1943
Precinct,908 - Hidden Meadow,1168,468,4,1640,1640
Precinct,909 - Oak Hill,1063,402,3,1468,1468
Precinct,910 - London Towne,1586,576,4,2166,2166
Precinct,911 - Navy,1802,735,9,2546,2546
Precinct,913 - Rocky Run,2141,949,5,3095,3095
Precinct,914 - Vale,1236,578,4,1818,1818
Precinct,915 - Virginia Run,1076,788,4,1868,1868
Precinct,916 - Waples Mill,2021,1009,4,3034,3034
Precinct,917 - Stone,1652,586,4,2242,2242
Precinct,918 - Centreville,1883,650,7,2540,2540
Precinct,919 - Green Trails,1814,669,4,2487,2487
Precinct,920 - Chantilly,872,380,2,1254,1254
Precinct,921 - Deer Park,1383,752,6,2141,2141
Precinct,923 - Bull Run,1030,680,3,1713,1713
Precinct,924 - Spindle,809,264,3,1076,1076
Precinct,925 - Old Mill,809,306,3,1118,1118
Precinct,926 - Powell,1664,615,6,2285,2285
Precinct,927 - Armfield,1278,409,4,1691,1691
Precinct,928 - Poplar Tree,1288,594,1,1883,1883
Precinct,929 - Difficult Run,239,146,1,386,386
Precinct,931 - Carson,1129,387,1,1517,1517
Precinct,934 - Fox Valley,606,204,3,813,813
Precinct,935 - Robinson Mill,275,90,1,366,366
Locality,Falls Church City,6407,1181,12,7600,7600
Precinct,001 - 1st Ward,2010,372,3,2385,2385
Precinct,002 - 2nd Ward,2052,395,5,2452,2452
Precinct,003 - 3rd Ward,2345,414,4,2763,2763
Locality,Fauquier County,14610,19894,62,34566,34566
Precinct,101 - Kettle Run,362,760,6,1128,1128
Precinct,102 - Catlett,551,1421,3,1975,1975
Precinct,103 - Casanova,947,1317,4,2268,2268
Precinct,104 - Lois,268,603,2,873,873
Precinct,105 - Opal,277,680,2,959,959
Precinct,201 - Ward 1,525,429,1,955,955
Precinct,202 - Ward 2,474,315,2,791,791
Precinct,203 - Ward 3,457,390,0,847,847
Precinct,204 - Ward 4,465,501,1,967,967
Precinct,205 - Ward 5,468,407,2,877,877
Precinct,206 - Airlie,882,990,3,1875,1875
Precinct,301 - Morrisville,656,1213,0,1869,1869
Precinct,302 - Botha,700,1168,1,1869,1869
Precinct,303 - Bealeton,811,865,3,1679,1679
Precinct,304 - Remington,89,112,0,201,201
Precinct,401 - Salem,927,1184,5,2116,2116
Precinct,402 - Leeds,1098,1223,5,2326,2326
Precinct,403 - Waterloo,882,1452,4,2338,2338
Precinct,404 - Springs Valley,414,529,1,944,944
Precinct,501 - Hopewell,462,485,0,947,947
Precinct,502 - New Baltimore,1057,1463,11,2531,2531
Precinct,503 - Broad Run,723,983,2,1708,1708
Precinct,504 - Vint Hill,1029,1368,3,2400,2400
Precinct,505 - The Plains,86,36,1,123,123
Locality,Floyd County,2603,4806,16,7425,7425
Precinct,101 - Locust Grove,486,951,2,1439,1439
Precinct,201 - Little River,631,914,3,1548,1548
Precinct,301 - Courthouse,609,801,3,1413,1413
Precinct,401 - Burks Fork,485,985,6,1476,1476
Precinct,501 - Indian Valley,392,1155,2,1549,1549
Locality,Fluvanna County,6712,6718,19,13449,13449
Precinct,101 - Palmyra,1420,1117,6,2543,2543
Precinct,201 - Columbia,1152,1385,3,2540,2540
Precinct,301 - Fork Union,1213,1371,3,2587,2587
Precinct,401 - Cunningham,1098,1583,4,2685,2685
Precinct,501 - Rivanna,1829,1262,3,3094,3094
Locality,Franklin City,1849,1084,2,2935,2935
Precinct,101 - Precinct 1-1,261,412,0,673,673
Precinct,201 - Precinct 2-1,293,320,0,613,613
Precinct,301 - Precinct 3-1,347,36,0,383,383
Precinct,401 - Precinct 4-1,288,79,0,367,367
Precinct,501 - Precinct 5-1,319,29,0,348,348
Precinct,601 - Precinct 6-1,341,208,2,551,551
Locality,Franklin County,6836,16317,36,23189,23189
Precinct,102 - Burnt Chimney,681,1634,5,2320,2320
Precinct,103 - Scruggs,712,1587,2,2301,2301
Precinct,201 - Glade Hill,161,550,1,712,712
Precinct,202 - Penhook,367,766,4,1137,1137
Precinct,203 - Hodgesville,201,620,2,823,823
Precinct,204 - Dudley,380,753,1,1134,1134
Precinct,301 - Snow Creek,145,434,0,579,579
Precinct,302 - Fork Mountain,141,434,0,575,575
Precinct,303 - Sontag,318,675,2,995,995
Precinct,304 - Dickinson,212,410,1,623,623
Precinct,401 - Henry,137,617,1,755,755
Precinct,402 - Ferrum,214,484,2,700,700
Precinct,403 - Endicott,108,354,0,462,462
Precinct,404 - Waidsboro,149,449,0,598,598
Precinct,502 - Callaway,291,846,0,1137,1137
Precinct,503 - Bowmans,341,755,3,1099,1099
Precinct,504 - Gogginsville,328,863,1,1192,1192
Precinct,601 - Boones Mill,405,1014,3,1422,1422
Precinct,602 - Bonbrook,248,869,1,1118,1118
Precinct,603 - Coopers Cove,194,600,0,794,794
Precinct,701 - Rocky Mount East,368,518,2,888,888
Precinct,702 - Rocky Mount West,407,655,2,1064,1064
Precinct,703 - Rocky Mount South,328,430,3,761,761
Locality,Frederick County,15809,23129,51,38989,38989
Precinct,101 - Russells,554,1387,3,1944,1944
Precinct,102 - Gore,510,1307,1,1818,1818
Precinct,103 - Kernstown,750,1245,3,1998,1998
Precinct,104 - Cedar Creek,181,505,0,686,686
Precinct,105 - Middletown,330,382,4,716,716
Precinct,201 - Gainesborough,295,907,0,1202,1202
Precinct,202 - Albin,537,1029,0,1566,1566
Precinct,203 - Redland,729,1390,2,2121,2121
Precinct,204 - Nain,437,843,3,1283,1283
Precinct,205 - White Hall,318,645,1,964,964
Precinct,301 - Clear Brook,364,1063,2,1429,1429
Precinct,302 - Neff's Town,177,204,0,381,381
Precinct,303 - Jordan Springs,1101,1001,6,2108,2108
Precinct,304 - Gibson School,238,178,2,418,418
Precinct,305 - Sunnyside,491,414,0,905,905
Precinct,401 - Armel,554,782,1,1337,1337
Precinct,402 - Shenandoah,935,1122,6,2063,2063
Precinct,403 - Parkin's Mill,734,868,1,1603,1603
Precinct,404 - White Oak School,694,857,2,1553,1553
Precinct,501 - Stephens City,436,517,0,953,953
Precinct,502 - Bass-Hoover,536,710,1,1247,1247
Precinct,503 - Canterburg,1144,1233,2,2379,2379
Precinct,504 - Vaucluse Spring,683,932,0,1615,1615
Precinct,505 - Aylor,431,575,1,1007,1007
Precinct,601 - Millbrook,626,782,2,1410,1410
Precinct,602 - Ash Hollow,758,756,3,1517,1517
Precinct,603 - Greenwood,1008,1111,4,2123,2123
Precinct,604 - Carpers Valley,200,287,1,488,488
Precinct,605 - Sulphur Spring,58,97,0,155,155
Locality,Fredericksburg City,7561,2943,33,10537,10537
Precinct,101 - HUGH MERCER,1536,799,6,2341,2341
Precinct,201 - DOROTHY HART,2121,690,5,2816,2816
Precinct,301 - GLADYS WEST,1975,881,15,2871,2871
Precinct,401 - FCPS ADMINISTRATION,1115,296,6,1417,1417
Precinct,402 - V.F.W 3103,814,277,1,1092,1092
Locality,Galax City,597,1284,1,1882,1882
Precinct,001 - East,255,567,1,823,823
Precinct,005 - West,342,717,0,1059,1059
Locality,Giles County,1782,4983,16,6781,6781
Precinct,102 - Rich Creek,104,352,4,460,460
Precinct,103 - Narrows,275,995,1,1271,1271
Precinct,201 - Pearisburg,461,1370,6,1837,1837
Precinct,202 - Staffordsville,64,264,2,330,330
Precinct,203 - White Gate,34,147,1,182,182
Precinct,301 - Eggleston,186,383,0,569,569
Precinct,302 - Pembroke,372,997,1,1370,1370
Precinct,303 - Newport,286,475,1,762,762
Locality,Gloucester County,5912,11399,30,17341,17341
Precinct,101 - Harcum,381,976,2,1359,1359
Precinct,102 - Salem,303,722,2,1027,1027
Precinct,103 - Peasley,267,717,2,986,986
Precinct,201 - Courthouse,593,923,1,1517,1517
Precinct,202 - Botetourt,760,1294,1,2055,2055
Precinct,301 - White Marsh,748,1410,4,2162,2162
Precinct,302 - Roanes,490,964,2,1456,1456
Precinct,401 - Hayes,632,1037,4,1673,1673
Precinct,402 - Sarahs Creek,636,878,7,1521,1521
Precinct,501 - Achilles,658,1538,4,2200,2200
Precinct,502 - Walker,444,940,1,1385,1385
Locality,Goochland County,7339,9726,24,17089,17089
Precinct,101 - Fife,435,756,1,1192,1192
Precinct,102 - Hadensville,599,923,4,1526,1526
Precinct,201 - 3 Square,622,729,0,1351,1351
Precinct,202 - Sandy Hook,665,796,6,1467,1467
Precinct,301 - Beaverdam,731,1032,3,1766,1766
Precinct,302 - Randolph,549,676,1,1226,1226
Precinct,401 - Shallow Well,279,583,0,862,862
Precinct,402 - Centerville,1008,1350,3,2361,2361
Precinct,403 - West Creek,719,453,1,1173,1173
Precinct,501 - Manakin,681,1097,3,1781,1781
Precinct,502 - Blair,1051,1331,2,2384,2384
Locality,Grayson County,1264,4614,11,5889,5889
Precinct,101 - Bridle Creek,114,290,1,405,405
Precinct,102 - Flatridge,25,120,2,147,147
Precinct,103 - Grant,78,213,0,291,291
Precinct,104 - Mouth Of Wilson,37,120,0,157,157
Precinct,105 - Mount Rogers,33,137,1,171,171
Precinct,106 - Rugby,34,135,0,169,169
Precinct,107 - Troutdale,22,78,1,101,101
Precinct,108 - Comers Rock,42,115,0,157,157
Precinct,202 - Elk Creek,86,376,2,464,464
Precinct,203 - Independence,211,743,2,956,956
Precinct,301 - Baywood,122,505,1,628,628
Precinct,302 - Fairview,166,668,1,835,835
Precinct,401 - Fries,100,251,0,351,351
Precinct,402 - Providence,127,625,0,752,752
Precinct,403 - Oldtown,67,238,0,305,305
Locality,Greene County,4036,5458,16,9510,9510
Precinct,101 - Dyke,246,589,0,835,835
Precinct,102 - Swift Run,510,820,2,1332,1332
Precinct,201 - Ruckersville,1124,1119,5,2248,2248
Precinct,301 - Stanardsville,817,1483,4,2304,2304
Precinct,302 - Stanardsville Town,48,53,1,102,102
Precinct,401 - Midway,1291,1394,4,2689,2689
Locality,Greensville County,1902,1427,8,3337,3337
Precinct,101 - Precinct 1-a,168,110,1,279,279
Precinct,102 - Precinct 1-b,62,99,0,161,161
Precinct,103 - Precinct 1-c,253,93,1,347,347
Precinct,201 - Precinct 2-a,280,109,2,391,391
Precinct,202 - Precinct 2-b,226,346,0,572,572
Precinct,302 - Precinct 3-a,496,152,4,652,652
Precinct,401 - Precinct 4-a,74,176,0,250,250
Precinct,402 - Precinct 4-b,231,152,0,383,383
Precinct,403 - Precinct 4-c,112,190,0,302,302
Locality,Halifax County,5272,8027,22,13321,13321
Precinct,101 - Childrey,235,391,0,626,626
Precinct,102 - Liberty,129,209,0,338,338
Precinct,103 - Republican Grove,283,419,1,703,703
Precinct,201 - Clays Mill,134,323,2,459,459
Precinct,202 - Crossroads,157,270,1,428,428
Precinct,203 - Clover,300,400,2,702,702
Precinct,302 - Meadville,160,112,0,272,272
Precinct,304 - Vernon Hill,180,340,1,521,521
Precinct,305 - Sinai,502,388,1,891,891
Precinct,401 - Courthouse,415,448,1,864,864
Precinct,403 - Center,320,579,3,902,902
Precinct,502 - Dan River,406,656,1,1063,1063
Precinct,503 - Scottsburg,113,413,0,526,526
Precinct,601 - Black Walnut,235,432,2,669,669
Precinct,603 - Mt Carmel,382,541,1,924,924
Precinct,605 - Union,97,204,1,302,302
Precinct,701 - Hyco,234,668,0,902,902
Precinct,702 - Midway,96,515,1,612,612
Precinct,703 - Virgilina,71,360,2,433,433
Precinct,801 - South Boston,823,359,2,1184,1184
Locality,Hampton City,35129,12103,91,47323,47323
Precinct,101 - Aberdeen,1307,194,3,1504,1504
Precinct,102 - Bassette,1305,114,3,1422,1422
Precinct,103 - City Hall,867,152,2,1021,1021
Precinct,104 - Cooper,1857,243,4,2104,2104
Precinct,105 - East Hampton,1111,220,2,1333,1333
Precinct,106 - Armstrong,1231,473,5,1709,1709
Precinct,107 - Lindsay,1231,223,2,1456,1456
Precinct,108 - Thomas,1524,199,1,1724,1724
Precinct,109 - Phenix,1576,157,7,1740,1740
Precinct,110 - Phoebus,287,138,3,428,428
Precinct,111 - Hampton Library,451,226,0,677,677
Precinct,112 - Smith,1584,487,6,2077,2077
Precinct,115 - Wythe,710,346,6,1062,1062
Precinct,116 - Jones,619,137,2,758,758
Precinct,117 - Kecoughtan,1013,279,3,1295,1295
Precinct,118 - Mallory,1510,181,4,1695,1695
Precinct,201 - Patrick,1118,750,3,1871,1871
Precinct,202 - Bryan,1246,648,3,1897,1897
Precinct,203 - Burbank,894,434,2,1330,1330
Precinct,204 - Forrest,1030,405,1,1436,1436
Precinct,205 - Asbury,1265,1360,4,2629,2629
Precinct,208 - Kraft,1684,792,5,2481,2481
Precinct,209 - Langley,981,548,3,1532,1532
Precinct,210 - Machen,2113,544,6,2663,2663
Precinct,212 - Bethel,2197,532,1,2730,2730
Precinct,213 - Phillips,1456,979,5,2440,2440
Precinct,214 - Jackson,1262,604,0,1866,1866
Precinct,215 - Peake,388,59,1,448,448
Precinct,216 - Sandy Bottom,816,321,2,1139,1139
Precinct,217 - Syms,496,358,2,856,856
Locality,Hanover County,23994,36278,95,60367,60367
Precinct,101 - Ashland,783,546,3,1332,1332
Precinct,104 - Sliding Hill,782,737,1,1520,1520
Precinct,105 - Berkley,900,533,2,1435,1435
Precinct,106 - Kersey Creek,420,472,2,894,894
Precinct,108 - Honey Meadows,1194,1061,2,2257,2257
Precinct,201 - Beaverdam,573,1519,4,2096,2096
Precinct,202 - Blunts,356,578,2,936,936
Precinct,203 - Wilmington Parish,755,1295,2,2052,2052
Precinct,206 - Courthouse,834,955,2,1791,1791
Precinct,208 - Oak Knoll,527,979,3,1509,1509
Precinct,210 - Oak Hill,339,433,1,773,773
Precinct,301 - Clay,634,1159,3,1796,1796
Precinct,303 - Shady Grove,747,1145,1,1893,1893
Precinct,304 - Atlee,1003,1205,5,2213,2213
Precinct,305 - Cool Spring,829,1042,2,1873,1873
Precinct,306 - Rutland,812,794,2,1608,1608
Precinct,401 - Battlefield,562,1479,2,2043,2043
Precinct,403 - Cold Harbor,901,1658,5,2564,2564
Precinct,404 - Black Creek,279,1026,0,1305,1305
Precinct,405 - Pebble Creek,504,691,0,1195,1195
Precinct,407 - Old Church,373,1073,3,1449,1449
Precinct,502 - Rural Point,848,1263,2,2113,2113
Precinct,503 - Newman,663,797,4,1464,1464
Precinct,504 - Studley,293,1019,2,1314,1314
Precinct,505 - Totopotomoy,102,344,1,447,447
Precinct,506 - Georgetown,570,1144,6,1720,1720
Precinct,507 - Laurel Meadow,632,1103,6,1741,1741
Precinct,601 - Village,915,1320,4,2239,2239
Precinct,602 - Lee Davis,675,1109,3,1787,1787
Precinct,603 - Mechanicsville,794,975,2,1771,1771
Precinct,604 - Hanover Grove,767,1116,1,1884,1884
Precinct,701 - Farrington,647,1222,6,1875,1875
Precinct,702 - Montpelier,720,1251,5,1976,1976
Precinct,703 - Rockville,643,1208,1,1852,1852
Precinct,704 - Elmont,1253,1334,4,2591,2591
Precinct,705 - South Anna,365,693,1,1059,1059
Locality,Harrisonburg City,9512,3654,23,13189,13189
Precinct,101 - Northeast,1193,454,6,1653,1653
Precinct,102 - East Central,1009,307,3,1319,1319
Precinct,103 - Southeast,1143,390,1,1534,1534
Precinct,104 - East,1127,471,2,1600,1600
Precinct,105 - South East Central,797,128,1,926,926
Precinct,201 - Northwest,1484,742,3,2229,2229
Precinct,202 - Southwest,1248,569,5,1822,1822
Precinct,203 - West,1511,593,2,2106,2106
Locality,Henrico County,103559,45627,260,149446,149446
Precinct,101 - Coalpit,1750,1037,4,2791,2791
Precinct,102 - Dumbarton,1459,429,0,1888,1888
Precinct,103 - Glen Allen,1801,1385,4,3190,3190
Precinct,104 - Greendale,641,308,4,953,953
Precinct,105 - Hermitage,1510,730,7,2247,2247
Precinct,106 - Holladay,628,410,5,1043,1043
Precinct,107 - Hungary Creek,1606,1140,2,2748,2748
Precinct,108 - Hunton,374,344,1,719,719
Precinct,109 - Johnson,1138,412,6,1556,1556
Precinct,110 - Longan,1473,841,4,2318,2318
Precinct,111 - Maude Trevvett,1691,541,2,2234,2234
Precinct,112 - Monument Hills,496,252,1,749,749
Precinct,113 - Springfield,1557,832,3,2392,2392
Precinct,114 - Staples Mill,1326,965,1,2292,2292
Precinct,115 - Westwood,1085,465,3,1553,1553
Precinct,201 - Azalea,1606,133,0,1739,1739
Precinct,202 - Belmont,1926,538,1,2465,2465
Precinct,203 - Brookland,558,319,0,877,877
Precinct,204 - Canterbury,475,202,1,678,678
Precinct,205 - Central Gardens,1507,58,1,1566,1566
Precinct,206 - Chamberlayne,1458,379,1,1838,1838
Precinct,207 - Eastbourne,708,39,1,748,748
Precinct,209 - Fairfield,982,56,1,1039,1039
Precinct,210 - Glen Lea,1303,142,1,1446,1446
Precinct,211 - Greenwood,512,65,0,577,577
Precinct,212 - Highland Gardens,910,60,1,971,971
Precinct,214 - Hungary,931,191,2,1124,1124
Precinct,215 - Lakeside,1925,699,3,2627,2627
Precinct,216 - Longdale,1513,511,7,2031,2031
Precinct,217 - Maplewood,1849,75,3,1927,1927
Precinct,218 - Moody,417,200,3,620,620
Precinct,219 - Mountain,388,179,1,568,568
Precinct,220 - North Park,381,276,0,657,657
Precinct,222 - Randolph,177,29,0,206,206
Precinct,223 - Ratcliffe,2003,132,2,2137,2137
Precinct,225 - Wilder,1174,216,3,1393,1393
Precinct,226 - Yellow Tavern,1806,624,2,2432,2432
Precinct,301 - Causeway,1130,615,3,1748,1748
Precinct,302 - Cedarfield,1161,748,3,1912,1912
Precinct,303 - Colonial Trail,1209,549,1,1759,1759
Precinct,304 - Innsbrook,1119,397,5,1521,1521
Precinct,305 - Jackson Davis,736,453,1,1190,1190
Precinct,306 - Nuckols Farm,1660,1130,10,2800,2800
Precinct,307 - Pocahontas,1351,692,3,2046,2046
Precinct,308 - Ridge,587,367,1,955,955
Precinct,309 - Rivers Edge,1527,925,5,2457,2457
Precinct,310 - Sadler,1674,820,8,2502,2502
Precinct,311 - Shady Grove,1553,980,3,2536,2536
Precinct,312 - Short Pump,1131,596,5,1732,1732
Precinct,313 - Stoney Run,1789,1032,8,2829,2829
Precinct,314 - 3 Chopt,949,637,3,1589,1589
Precinct,315 - Tucker,1619,403,4,2026,2026
Precinct,401 - Crestview,1132,477,3,1612,1612
Precinct,402 - Derbyshire,850,708,3,1561,1561
Precinct,403 - Freeman,1004,570,3,1577,1577
Precinct,404 - Gayton,1451,1024,10,2485,2485
Precinct,405 - Godwin,1171,601,5,1777,1777
Precinct,406 - Lakewood,867,662,4,1533,1533
Precinct,407 - Lauderdale,1043,645,2,1690,1690
Precinct,408 - Maybeury,1066,784,3,1853,1853
Precinct,409 - Mooreland,596,671,3,1270,1270
Precinct,410 - Pemberton,1091,554,8,1653,1653
Precinct,411 - Pinchbeck,1291,717,3,2011,2011
Precinct,412 - Quioccasin,1423,634,4,2061,2061
Precinct,413 - Ridgefield,1385,878,6,2269,2269
Precinct,414 - Rollingwood,992,559,2,1553,1553
Precinct,415 - Skipwith,753,336,3,1092,1092
Precinct,416 - Spottswood,556,293,3,852,852
Precinct,417 - Tuckahoe,1521,1368,6,2895,2895
Precinct,418 - Welborne,857,461,1,1319,1319
Precinct,419 - West End,1153,767,2,1922,1922
Precinct,501 - Adams,1427,153,2,1582,1582
Precinct,502 - Antioch,488,851,3,1342,1342
Precinct,503 - Cedar Fork,1059,124,2,1185,1185
Precinct,504 - Chickahominy,940,666,4,1610,1610
Precinct,505 - Donahoe,902,314,1,1217,1217
Precinct,506 - Dorey,1576,724,2,2302,2302
Precinct,507 - Eanes,1672,344,2,2018,2018
Precinct,508 - Elko,141,385,3,529,529
Precinct,509 - Highland Springs,1059,162,3,1224,1224
Precinct,510 - Laburnum,1023,239,1,1263,1263
Precinct,511 - Mehfoud,1120,363,2,1485,1485
Precinct,512 - Montrose,1476,161,3,1640,1640
Precinct,513 - 9 MILE,561,191,0,752,752
Precinct,514 - Pleasants,1716,166,2,1884,1884
Precinct,515 - Rolfe,2182,190,3,2375,2375
Precinct,516 - Sandston,664,671,3,1338,1338
Precinct,517 - Sullivans,1963,474,3,2440,2440
Precinct,518 - Town Hall,329,394,2,725,725
Precinct,519 - Whitlocks,820,788,1,1609,1609
Locality,Henry County,6320,11150,30,17500,17500
Precinct,101 - Bassett #2,182,215,2,399,399
Precinct,102 - Gunville,191,595,1,787,787
Precinct,103 - Scott's Tanyard,321,1040,2,1363,1363
Precinct,201 - Fieldale,168,298,1,467,467
Precinct,202 - Horsepasture #1,284,605,2,891,891
Precinct,203-Horsepasture #2,507,200,1,708,708
Precinct,204 - Spencer,221,602,0,823,823
Precinct,302 - Axton,273,302,3,578,578
Precinct,303 - Irisburg,434,555,3,992,992
Precinct,304 - Mount Olivet,607,531,0,1138,1138
Precinct,305 - Mountain Valley,220,312,1,533,533
Precinct,401 - Collinsville #1,182,394,2,578,578
Precinct,402 - Daniels Creek,237,373,0,610,610
Precinct,404 - Collinsville #2,393,691,1,1085,1085
Precinct,405 - Mountain View,221,208,1,430,430
Precinct,501 - Bassett #1,197,241,1,439,439
Precinct,502 - Figsboro,195,490,0,685,685
Precinct,503 - Stanleytown,232,818,4,1054,1054
Precinct,504 - Oak Level,98,234,1,333,333
Precinct,505 - Dyers Store,190,428,1,619,619
Precinct,601 - Fontaine,326,645,1,972,972
Precinct,602 - Hillcrest,119,169,1,289,289
Precinct,603 - Ridgeway #1,297,656,0,953,953
Precinct,604 - Ridgeway #2,225,548,1,774,774
Locality,Highland County,362,831,1,1194,1194
Precinct,001 - Monterey,119,247,1,367,367
Precinct,003 - Wilsons Mill,18,76,0,94,94
Precinct,005 - Blue Grass,84,168,0,252,252
Precinct,007 - Mill Gap,54,88,0,142,142
Precinct,008 - Mcdowell,87,252,0,339,339
Locality,Hopewell City,4052,2610,13,6675,6675
Precinct,101 - WARD 1,426,314,2,742,742
Precinct,201 - WARD 2,568,85,0,653,653
Precinct,301 - WARD 3,594,685,5,1284,1284
Precinct,401 - WARD 4,839,577,2,1418,1418
Precinct,501 - WARD 5,475,497,3,975,975
Precinct,601 - WARD 6,598,177,0,775,775
Precinct,701 - WARD 7,552,275,1,828,828
Locality,Isle of Wight County,8227,10931,37,19195,19195
Precinct,101 - Pagan River,811,1166,2,1979,1979
Precinct,102 - Cypress Creek A,934,1215,2,2151,2151
Precinct,103 - Cypress Creek B,52,69,0,121,121
Precinct,201 - Bartlett,1067,1017,4,2088,2088
Precinct,202 - Nike Park A,710,1089,3,1802,1802
Precinct,203 - Nike Park B,69,106,1,176,176
Precinct,301 - Rushmere,608,384,1,993,993
Precinct,302 - Pons,818,580,3,1401,1401
Precinct,303 - Benns Church,603,338,5,946,946
Precinct,304 - New Towne,180,65,1,246,246
Precinct,401 - Bowling Green,286,783,2,1071,1071
Precinct,402 - Windsor,564,963,1,1528,1528
Precinct,403 - Cedar Grove,433,695,3,1131,1131
Precinct,501 - Walters,210,551,2,763,763
Precinct,502 - Beaver Dam,336,482,1,819,819
Precinct,503 - Fire Tower,311,794,2,1107,1107
Precinct,504 - Bethany Church,235,634,4,873,873
Locality,James City County,23603,19029,63,42695,42695
Precinct,101 - Berkeley A,1834,1405,6,3245,3245
Precinct,102 - Berkeley B,1207,956,1,2164,2164
Precinct,103 - Berkeley C,1081,1261,5,2347,2347
Precinct,104- Berkeley D,573,372,4,949,949
Precinct,201 - Jamestown A,927,597,2,1526,1526
Precinct,202 - Jamestown B,1324,588,2,1914,1914
Precinct,203 - Jamestown C,1189,837,6,2032,2032
Precinct,204 - Jamestown D,1603,1422,3,3028,3028
Precinct,301 - Powhatan A,1617,1427,1,3045,3045
Precinct,302 - Powhatan B,534,313,0,847,847
Precinct,303 - Powhatan C,732,1282,3,2017,2017
Precinct,304 - Powhatan D,1399,828,1,2228,2228
Precinct,401 - Stonehouse A,1527,1207,5,2739,2739
Precinct,402 - Stonehouse B,2213,1761,5,3979,3979
Precinct,403 - Stonehouse C,1498,1550,8,3056,3056
Precinct,501 - Roberts A,678,235,2,915,915
Precinct,502 - Roberts B,1648,1661,3,3312,3312
Precinct,503 - Roberts C,2019,1327,6,3352,3352
Locality,King and Queen County,1292,1985,4,3281,3281
Precinct,101 - Owenton,349,319,0,668,668
Precinct,201 - Clarks,191,434,1,626,626
Precinct,301 - Shacklefords,255,378,0,633,633
Precinct,401 - Courthouse,311,393,1,705,705
Precinct,501 - Oldmill,186,461,2,649,649
Locality,King George County,4716,6909,20,11645,11645
Precinct,101 - Courthouse,929,1061,3,1993,1993
Precinct,102 - Passapatanzy,454,736,2,1192,1192
Precinct,201 - Monroe,1165,1993,5,3163,3163
Precinct,301 - Dahlgren,1062,1314,4,2380,2380
Precinct,401 - Shiloh,1106,1805,6,2917,2917
Locality,King William County,3020,6033,11,9064,9064
Precinct,101 - West Point,607,877,3,1487,1487
Precinct,201 - Sweet Hall,207,467,0,674,674
Precinct,202 - Courthouse,440,868,1,1309,1309
Precinct,301 - Aylett,515,1261,2,1778,1778
Precinct,401 - Manquin,601,1282,2,1885,1885
Precinct,501 - Mangohick,650,1278,3,1931,1931
Locality,Lancaster County,2734,3283,13,6030,6030
Precinct,101 - Precinct 1-1,459,737,1,1197,1197
Precinct,201 - Precinct 2-1,552,418,1,971,971
Precinct,301 - Precinct 3-1,388,569,1,958,958
Precinct,302 - Precinct 3-2,153,307,0,460,460
Precinct,401 - Precinct 4-1,613,445,5,1063,1063
Precinct,501 - Precinct 5-1,569,807,5,1381,1381
Locality,Lee County,1019,5439,7,6465,6465
Precinct,101 - Elydale,65,235,0,300,300
Precinct,102 - Ewing,50,255,0,305,305
Precinct,103 - Rose Hill,87,490,0,577,577
Precinct,201 - Blackwater,25,113,0,138,138
Precinct,202 - Flatwoods,73,463,0,536,536
Precinct,203 - Jonesville,160,799,1,960,960
Precinct,301 - Ben Hur,109,570,1,680,680
Precinct,302 - Woodway,50,286,0,336,336
Precinct,401 - Stickleyville,85,390,1,476,476
Precinct,402 - Jasper,38,201,1,240,240
Precinct,403 - Seminary,34,298,2,334,334
Precinct,404 - Dryden,79,462,0,541,541
Precinct,501 - Saint Charles,36,165,0,201,201
Precinct,502 - Pennington,98,570,1,669,669
Precinct,503 - Robbins Chapel,15,58,0,73,73
Precinct,504 - Keokee,15,84,0,99,99
Locality,Lexington City,1475,686,6,2167,2167
Precinct,001 - Lexington,1475,686,6,2167,2167
Locality,Loudoun County,108594,59278,444,168316,168316
Precinct,107 - Little River,1266,656,7,1929,1929
Precinct,108 - Mercer,1142,507,5,1654,1654
Precinct,112 - Freedom,1015,419,4,1438,1438
Precinct,114 - Dulles South,1070,444,2,1516,1516
Precinct,119 - Arcola,1630,658,7,2295,2295
Precinct,120 - Lunsford,1498,598,4,2100,2100
Precinct,121 - Town Hall,731,348,2,1081,1081
Precinct,122 - Hutchison Farm,1331,617,9,1957,1957
Precinct,123 - Cardinal Ridge,749,356,2,1107,1107
Precinct,124 - Liberty,918,398,6,1322,1322
Precinct,126-Goshen Post,1138,524,7,1669,1669
Precinct,207 - River Bend,814,410,3,1227,1227
Precinct,208 - Algonkian,773,415,4,1192,1192
Precinct,209 - Potomac Falls,1492,706,8,2206,2206
Precinct,210 - Cascades,1342,613,4,1959,1959
Precinct,213 - Countryside,514,207,4,725,725
Precinct,214 - Sugarland North,1091,627,4,1722,1722
Precinct,215 - Sugarland South,1216,550,9,1775,1775
Precinct,216 - Lowes Island,1072,620,5,1697,1697
Precinct,217 - South Bank,1268,683,14,1965,1965
Precinct,218 - University Center,911,354,4,1269,1269
Precinct,219 - Galilee Church,917,465,5,1387,1387
Precinct,220 - Mirror Ridge,1059,458,4,1521,1521
Precinct,221 - Seneca,1046,564,3,1613,1613
Precinct,307 - Middleburg,530,344,3,877,877
Precinct,308 - St Louis,553,378,1,932,932
Precinct,309 - Aldie,356,318,0,674,674
Precinct,312 - Briar Woods,939,323,7,1269,1269
Precinct,313 - Pinebrook,855,399,1,1255,1255
Precinct,314 - Legacy,1303,486,7,1796,1796
Precinct,319 - John Champe,746,310,2,1058,1058
Precinct,321 - Brambleton Middle,1475,474,12,1961,1961
Precinct,322 - Buffalo Trail,1062,435,6,1503,1503
Precinct,323 - Sycolin Creek,833,816,2,1651,1651
Precinct,324 - Madison,805,317,2,1124,1124
Precinct,325 - Creighton,1761,619,2,2382,2382
Precinct,326 - Independence,1252,826,9,2087,2087
Precinct,327 - Willard,561,476,2,1039,1039
Precinct,328 - Hovatter,898,503,3,1404,1404
Precinct,329 - Lightridge,1213,795,6,2014,2014
Precinct,401 - West Lovettsville,1298,1340,6,2644,2644
Precinct,402 - Waterford,994,1005,6,2005,2005
Precinct,403 - Lucketts,903,757,3,1663,1663
Precinct,409 - Clarkes Gap,1095,1085,3,2183,2183
Precinct,411 - East Lovettsville,791,908,2,1701,1701
Precinct,413 - Tuscarora,546,497,2,1045,1045
Precinct,416 - Hamilton,955,891,5,1851,1851
Precinct,421 - Between The Hills,112,140,1,253,253
Precinct,423 - Simpson,164,278,0,442,442
Precinct,424 - Purcellville,1330,1052,4,2386,2386
Precinct,425 - Round Hill,949,1095,5,2049,2049
Precinct,426 - Hillsboro,851,994,4,1849,1849
Precinct,427 - Philomont,774,925,3,1702,1702
Precinct,428 - Mountain View,1336,1167,3,2506,2506
Precinct,429 - Round Hill Elementary,1153,1246,5,2404,2404
Precinct,430 - Harmony,473,502,1,976,976
Precinct,501 - West Leesburg,1222,630,2,1854,1854
Precinct,502 - East Leesburg,1275,496,3,1774,1774
Precinct,503 - Dry Mill,845,374,9,1228,1228
Precinct,504 - Smarts Mill,1353,685,5,2043,2043
Precinct,505 - Cool Spring,1298,768,4,2070,2070
Precinct,506 - Douglass,715,298,0,1013,1013
Precinct,507 - Greenway,645,353,2,1000,1000
Precinct,508 - Balls Bluff,1271,667,4,1942,1942
Precinct,509 - Tolbert,1632,698,5,2335,2335
Precinct,510 - Heritage,746,529,1,1276,1276
Precinct,511 - Evergreen,1420,861,1,2282,2282
Precinct,512 - River Creek,836,746,4,1586,1586
Precinct,513 - Red Rock,721,408,3,1132,1132
Precinct,615 - Hillside,1697,809,5,2511,2511
Precinct,616 - Eagle Ridge,1502,654,6,2162,2162
Precinct,620 - Russell Branch,1055,473,3,1531,1531
Precinct,621 - Dominion Trail,1480,663,7,2150,2150
Precinct,622 - Farmwell Station,1415,651,9,2075,2075
Precinct,623 - Weller,1720,781,6,2507,2507
Precinct,625 - Mill Run,1174,607,6,1787,1787
Precinct,626 - Ashby Ponds,1220,504,1,1725,1725
Precinct,627 - Ashbrook,772,318,1,1091,1091
Precinct,628 - Moorefield Station,1006,327,5,1338,1338
Precinct,629 - Discovery,540,208,0,748,748
Precinct,630 - Croson,1219,539,4,1762,1762
Precinct,631 - Marblehead,786,309,4,1099,1099
Precinct,701 - Sully,929,423,9,1361,1361
Precinct,702 - Park View,1319,552,3,1874,1874
Precinct,703 - Rolling Ridge,1065,354,8,1427,1427
Precinct,705 - Forest Grove,1075,497,2,1574,1574
Precinct,707 - Claude Moore Park,441,153,4,598,598
Precinct,710 - Sterling,700,324,1,1025,1025
Precinct,711 - Guilford,706,220,4,930,930
Precinct,712 - Stone Hill,979,279,5,1263,1263
Precinct,713 - Carter,377,112,1,490,490
Precinct,714 - Rock Ridge,1235,415,4,1654,1654
Precinct,715 - Oak Grove,510,164,0,674,674
Precinct,716 - Ridgetop,620,183,1,804,804
Precinct,808 - Stone Bridge,1550,769,5,2324,2324
Precinct,810 - Cedar Lane,1273,553,5,1831,1831
Precinct,813 - Seldens Landing,982,442,4,1428,1428
Precinct,814 - Newton - Lee,1324,920,5,2249,2249
Precinct,815 - Belmont Ridge,1596,851,5,2452,2452
Precinct,817 - Sanders Corner,1143,613,3,1759,1759
Precinct,818 - East Broad Run,962,364,3,1329,1329
Precinct,819 - West Broad Run,865,514,1,1380,1380
Precinct,820 - Belmont Station,1016,528,8,1552,1552
Precinct,822 - Riverside,935,540,6,1481,1481
Precinct,823 - Harper Park,991,543,5,1539,1539
Precinct,824 - Goose Creek,419,209,1,629,629
Precinct,825 - Waxpool,1148,502,7,1657,1657
Locality,Louisa County,7628,11279,44,18951,18951
Precinct,101 - Green Springs #1,1245,1231,4,2480,2480
Precinct,102 - Green Springs #2,385,481,2,868,868
Precinct,201 - Louisa #1,568,616,4,1188,1188
Precinct,202 - Louisa #2,412,613,2,1027,1027
Precinct,203 - Louisa #3,80,113,1,194,194
Precinct,301 - Patrick Henry #1,878,605,5,1488,1488
Precinct,302 - Patrick Henry #2,409,585,3,997,997
Precinct,401 - Mineral,989,1831,5,2825,2825
Precinct,501 - Cuckoo #1,307,379,3,689,689
Precinct,502 - Cuckoo #2,255,538,1,794,794
Precinct,503 - Cuckoo #3,508,1025,1,1534,1534
Precinct,601 - Jackson,649,1594,4,2247,2247
Precinct,701 - Mountain Road #1,393,846,2,1241,1241
Precinct,702 - Mountain Road #2,550,822,7,1379,1379
Locality,Lunenburg County,1806,2682,11,4499,4499
Precinct,101 - Plymouth,173,350,2,525,525
Precinct,201 - Browns Store,271,329,0,600,600
Precinct,301 - Rosebud,76,210,0,286,286
Precinct,302 - Flat Rock,127,252,0,379,379
Precinct,401 - Arrowhead Gun Club,50,176,2,228,228
Precinct,402 - Pleasant Grove,155,285,3,443,443
Precinct,501 - Reedy Creek,164,180,0,344,344
Precinct,502 - Peoples Community Center,237,150,0,387,387
Precinct,601 - Hounds Creek,296,348,1,645,645
Precinct,701 - Meherrin Fire Department,127,188,3,318,318
Precinct,702 - Victoria Public Library,130,214,0,344,344
Locality,Lynchburg City,13231,13508,56,26795,26795
Precinct,101 - First Ward First Precinct,1191,1155,3,2349,2349
Precinct,102 - First Ward Second Precinct,1205,1341,8,2554,2554
Precinct,103 - First Ward Third Precinct,953,883,3,1839,1839
Precinct,104 - First Ward Fourth Precinct,499,251,0,750,750
Precinct,105 - First Ward Fifth Precinct,728,431,2,1161,1161
Precinct,201 - Second Ward First Precinct,1458,525,3,1986,1986
Precinct,202 - Second Ward Second Precinct,1225,413,4,1642,1642
Precinct,203 - Second Ward Third Precinct,345,134,4,483,483
Precinct,204 - Second Ward Fourth Precinct,248,211,2,461,461
Precinct,301 - Third Ward First Precinct,334,316,2,652,652
Precinct,302 - Third Ward Second Precinct,51,1462,5,1518,1518
Precinct,303 - Third Ward Third Precinct,392,461,1,854,854
Precinct,304 - Third Ward Fourth Precinct,387,574,1,962,962
Precinct,305 - Third Ward Fifth Precinct,704,1259,4,1967,1967
Precinct,401 - Fourth Ward First Precinct,1077,1702,4,2783,2783
Precinct,402 - Fourth Ward Second Precinct,479,519,2,1000,1000
Precinct,403 - Fourth Ward Third Precinct,873,853,4,1730,1730
Precinct,404 - Fourth Ward Fourth Precinct,1082,1018,4,2104,2104
Locality,Madison County,2386,4259,9,6654,6654
Precinct,001 - Oak Park,330,440,1,771,771
Precinct,002 - Radiant,428,685,2,1115,1115
Precinct,003 - Rochelle,186,410,1,597,597
Precinct,004 - Graves Mill/Wolftown,268,460,0,728,728
Precinct,005 - Madison,487,739,4,1230,1230
Precinct,006 - ETLAN,133,256,1,390,390
Precinct,007 - Brightwood,357,906,0,1263,1263
Precinct,008 - Criglersville,197,363,0,560,560
Locality,Manassas City,7671,4036,18,11725,11725
Precinct,001 - Dean,1353,499,5,1857,1857
Precinct,002 - Weems,1342,650,1,1993,1993
Precinct,003 - Metz,1365,807,2,2174,2174
Precinct,004 - Haydon,1269,691,7,1967,1967
Precinct,005 - Baldwin,1209,648,2,1859,1859
Precinct,006 - Round,1133,741,1,1875,1875
Locality,Manassas Park City,2852,1151,5,4008,4008
Precinct,001 - Precinct 1,1161,377,1,1539,1539
Precinct,002 - Precinct 2,713,338,1,1052,1052
Precinct,003 - Precinct 3,978,436,3,1417,1417
Locality,Martinsville City,2534,1451,7,3992,3992
Precinct,001 - Precinct #1,362,20,1,383,383
Precinct,002 - Precinct #2,518,359,3,880,880
Precinct,003 - Precinct #3,323,133,0,456,456
Precinct,004 - Precinct #4,554,217,2,773,773
Precinct,005 - Precinct #5,583,714,1,1298,1298
Precinct,006 - Precinct #6,194,8,0,202,202
Locality,Mathews County,1555,3242,5,4802,4802
Precinct,001 - Chesapeake,327,732,0,1059,1059
Precinct,002 - Westville,584,1143,1,1728,1728
Precinct,003 - Piankatank,644,1367,4,2015,2015
Locality,Mecklenburg County,4657,7151,11,11819,11819
Precinct,101 - Palmer Springs,245,187,0,432,432
Precinct,102 - Antioch Church,44,147,0,191,191
Precinct,103 - Clarksville South,331,301,0,632,632
Precinct,201 - Chase City,459,358,1,818,818
Precinct,202 - Bluestone,89,104,1,194,194
Precinct,301 - Bracey,220,657,1,878,878
Precinct,302 - Lacrosse,220,272,0,492,492
Precinct,401 - South Hill West,655,449,3,1107,1107
Precinct,501 - South Hill East,465,693,0,1158,1158
Precinct,601 - Baskerville,103,225,1,329,329
Precinct,602 - Union Level,51,183,0,234,234
Precinct,603 - Smith Crossroads,133,229,0,362,362
Precinct,604 - Lake Gaston,188,362,0,550,550
Precinct,701 - Midway,91,206,0,297,297
Precinct,702 - Williams Grove,190,362,0,552,552
Precinct,703 - Chase City East,187,256,1,444,444
Precinct,801 - Boydton,128,216,0,344,344
Precinct,802 - Clarksville Vfw,268,489,0,757,757
Precinct,803 - Chase City West,98,350,0,448,448
Precinct,901 - Nelson,29,154,0,183,183
Precinct,902 - Buffalo Junction,102,299,1,402,402
Precinct,903 - Clarksville North,361,652,2,1015,1015
Locality,Middlesex County,2174,3473,6,5653,5653
Precinct,101 - Saluda,181,233,1,415,415
Precinct,102 - Urbanna,289,410,1,700,700
Precinct,201 - New Market,403,895,0,1298,1298
Precinct,302 - Church View,439,547,1,987,987
Precinct,401- Harmony Village,430,567,1,998,998
Precinct,501 - Wilton,432,821,2,1255,1255
Locality,Montgomery County,21428,15228,76,36732,36732
Precinct,101 - Precinct A-1,1044,628,2,1674,1674
Precinct,102 - Precinct A-2,1190,292,0,1482,1482
Precinct,103 - Precinct A-3,144,22,0,166,166
Precinct,104 - Precinct A-4,1241,300,3,1544,1544
Precinct,105 - Precinct A-5,779,511,0,1290,1290
Precinct,201 - Precinct B-1,221,285,2,508,508
Precinct,202 - Precinct B-2,930,758,4,1692,1692
Precinct,203 - Precinct B-3,238,339,0,577,577
Precinct,204 - Precinct B-4,1152,816,8,1976,1976
Precinct,205 - Precinct B-5,652,597,6,1255,1255
Precinct,301 - Precinct C-1,486,1179,5,1670,1670
Precinct,302 - Precinct C-2,364,482,2,848,848
Precinct,303 - Precinct C-3,225,508,1,734,734
Precinct,304 - Precinct C-4,698,613,1,1312,1312
Precinct,305 - Precinct C-5,493,545,3,1041,1041
Precinct,401 - Precinct D-1,492,1246,3,1741,1741
Precinct,402 - Precinct D-2,646,1515,1,2162,2162
Precinct,403 - Precinct D-3,872,975,2,1849,1849
Precinct,404 - Precinct D-4,226,638,3,867,867
Precinct,501 - Precinct E-1,989,536,5,1530,1530
Precinct,502 - Precinct E-2,532,650,5,1187,1187
Precinct,503 - Precinct E-3,1094,117,2,1213,1213
Precinct,504 - Precinct E-4,281,86,0,367,367
Precinct,601 - Precinct F-1,1340,391,4,1735,1735
Precinct,602 - Precinct F-2,1418,308,7,1733,1733
Precinct,603 - Precinct F-3,405,100,1,506,506
Precinct,701 - Precinct G-1,1165,211,2,1378,1378
Precinct,702 - Precinct G-2,1062,275,3,1340,1340
Precinct,703 - Precinct G-3,1049,305,1,1355,1355
Locality,Nelson County,3880,3828,17,7725,7725
Precinct,101 - Rockfish,847,739,3,1589,1589
Precinct,201 - Lovingston,392,445,2,839,839
Precinct,202 - Schuyler,257,294,1,552,552
Precinct,301 - Shipman,488,607,2,1097,1097
Precinct,302 - Gladstone,57,114,0,171,171
Precinct,401 - Roseland,481,698,2,1181,1181
Precinct,402 - Montebello,50,72,0,122,122
Precinct,501 - Faber,326,253,1,580,580
Precinct,502 - Nellysford,982,606,6,1594,1594
Locality,New Kent County,5087,8804,22,13913,13913
Precinct,102 - Tunstall,214,770,1,985,985
Precinct,103 - Southern Branch,406,1001,0,1407,1407
Precinct,201 - Quinton,739,916,3,1658,1658
Precinct,202 - Kentwood,266,684,2,952,952
Precinct,301 - Watkins,1136,1323,5,2464,2464
Precinct,302 - Cumberland,385,705,6,1096,1096
Precinct,401 - Providence Forge,1024,1231,2,2257,2257
Precinct,403 - Mountcastle,255,402,1,658,658
Precinct,501 - Eltham,317,696,0,1013,1013
Precinct,502 - Chickahominy River,345,1076,2,1423,1423
Locality,Newport News City,38936,17461,92,56489,56489
Precinct,101 - Denbigh,1445,428,3,1876,1876
Precinct,102 - Stoney Run,1543,349,3,1895,1895
Precinct,104 - Mcintosh,1004,273,1,1278,1278
Precinct,106 - Reservoir,972,203,2,1177,1177
Precinct,107 - Richneck,1833,719,6,2558,2558
Precinct,108 - Katherine Johnson,480,167,1,648,648
Precinct,109 - Windsor,736,311,1,1048,1048
Precinct,110 - Greenwood,1405,474,2,1881,1881
Precinct,111 - Stoneybrook,1424,558,3,1985,1985
Precinct,112 - Knollwood Meadows,1426,939,6,2371,2371
Precinct,113 - Sanford,454,421,3,878,878
Precinct,201 - Bland,271,82,0,353,353
Precinct,202 - Boulevard,715,621,3,1339,1339
Precinct,203 - Charles,1389,1036,8,2433,2433
Precinct,204 - Mariners' Museum,809,335,1,1145,1145
Precinct,205 - Deep Creek,970,995,2,1967,1967
Precinct,208 - Hidenwood,612,616,1,1229,1229
Precinct,211 - Palmer,1197,443,2,1642,1642
Precinct,212 - Riverside,537,500,1,1038,1038
Precinct,216 - Yates,1061,670,3,1734,1734
Precinct,217 - Riverview,861,734,7,1602,1602
Precinct,218 - Kiln Creek,1940,910,5,2855,2855
Precinct,219 - Deer Park,1587,463,4,2054,2054
Precinct,220 -Jenkins,1205,582,0,1787,1787
Precinct,302 - Briarfield,806,175,0,981,981
Precinct,303 - Carver,544,142,0,686,686
Precinct,304 - Chestnut,422,37,2,461,461
Precinct,305 - Downtown,248,62,0,310,310
Precinct,308 - Jefferson,351,22,2,375,375
Precinct,309 - Magruder,469,24,1,494,494
Precinct,310 - Marshall,543,35,1,579,579
Precinct,311 - Newmarket,1181,285,1,1467,1467
Precinct,312 - Newsome Park,294,14,1,309,309
Precinct,313 - Reed,842,48,2,892,892
Precinct,314 - River,537,229,1,767,767
Precinct,315 - Sedgefield,695,414,3,1112,1112
Precinct,316 - South Morrison,914,417,0,1331,1331
Precinct,317 - Washington,445,33,0,478,478
Precinct,318 - Wilson,509,62,0,571,571
Precinct,319 - Saunders,1221,733,5,1959,1959
Precinct,320 - Watkins,1480,1032,3,2515,2515
Precinct,321 - Hilton,978,559,2,1539,1539
Precinct,322 - Warwick,581,309,0,890,890
Locality,Norfolk City,48599,15509,111,64219,64219
Precinct,101 - Granby,1358,494,1,1853,1853
Precinct,102 - Ocean View School,503,313,7,823,823
Precinct,103 - Northside,782,497,4,1283,1283
Precinct,104 - Titustown,550,66,1,617,617
Precinct,106 - 2nd Presbyterian,1240,537,2,1779,1779
Precinct,107 - Wesley,755,325,1,1081,1081
Precinct,201 - Larchmont School,1477,422,5,1904,1904
Precinct,203 - Ghent Square,764,186,1,951,951
Precinct,207 - Lambert's Point,1361,138,3,1502,1502
Precinct,208 - LARCHMONT UMC,834,393,3,1230,1230
Precinct,210 - Maury,1229,292,1,1522,1522
Precinct,211 - Chrysler Museum,1856,530,6,2392,2392
Precinct,212 - Park Place,935,74,0,1009,1009
Precinct,213 - Taylor Elementary School,1625,273,3,1901,1901
Precinct,214 - Virginia Zoo,1523,299,2,1824,1824
Precinct,215 - Suburban Park,850,400,0,1250,1250
Precinct,218 - Willard,1549,778,5,2332,2332
Precinct,301 - Ballentine,1032,154,2,1188,1188
Precinct,302 - Tanners Creek,617,128,1,746,746
Precinct,303 - Broad Creek,1382,83,3,1468,1468
Precinct,304 - Coleman Place School,572,104,3,679,679
Precinct,305 - Lafayette-winona,870,181,1,1052,1052
Precinct,306 - Lindenwood,736,63,3,802,802
Precinct,309 - Norview,1637,386,3,2026,2026
Precinct,310 - Rosemont,1605,104,2,1711,1711
Precinct,311 - Sherwood,1527,513,3,2043,2043
Precinct,313 - Union Chapel,538,28,0,566,566
Precinct,402 - Berkley,895,50,1,946,946
Precinct,404 - Campostella,969,61,4,1034,1034
Precinct,405 - Chesterfield,1180,70,0,1250,1250
Precinct,406 - Barron Black,592,317,1,910,910
Precinct,408 - Eastside,969,499,4,1472,1472
Precinct,409 - Fairlawn,750,335,1,1086,1086
Precinct,411 - Ruffner Academy,511,37,0,548,548
Precinct,412 - Ingleside,1002,159,0,1161,1161
Precinct,413 - Poplar Halls,1419,275,1,1695,1695
Precinct,414 - Young Park,856,56,1,913,913
Precinct,415 - Lake Taylor High School,816,297,3,1116,1116
Precinct,501 - Bayview,1019,607,0,1626,1626
Precinct,503 - East Ocean View,1307,811,4,2122,2122
Precinct,504 - Larrymore,866,424,2,1292,1292
Precinct,505 - Little Creek,573,411,4,988,988
Precinct,506 - Ocean View Golf Course,1213,526,3,1742,1742
Precinct,507 - Pretlow,900,504,3,1407,1407
Precinct,509 - Tarrallton,733,674,3,1410,1410
Precinct,510 - 3rd Presbyterian,871,725,6,1602,1602
Precinct,511 - Crossroads,862,546,3,1411,1411
Precinct,512 - Azalea Gardens,589,364,1,954,954
Locality,Northampton County,3060,2469,8,5537,5537
Precinct,101 - Precinct 1-1,784,763,3,1550,1550
Precinct,201 - Precinct 2-1,609,382,1,992,992
Precinct,301 - Precinct 3-1,610,306,4,920,920
Precinct,401 - Precinct 4-1,613,571,0,1184,1184
Precinct,501 - Precinct 5-1,444,447,0,891,891
Locality,Northumberland County,2685,4132,16,6833,6833
Precinct,101 - 1a,443,726,1,1170,1170
Precinct,201 - 2a,464,820,5,1289,1289
Precinct,301 - 3a,616,380,2,998,998
Precinct,401 - 4a,587,1086,3,1676,1676
Precinct,501 - 5a,575,1120,5,1700,1700
Locality,Norton City,332,721,2,1055,1055
Precinct,001 - East Ward,332,721,2,1055,1055
Locality,Nottoway County,2523,3523,11,6057,6057
Precinct,101 - Precinct 1-1,346,595,0,941,941
Precinct,201 - Precinct 2-1,328,868,2,1198,1198
Precinct,202 - Precinct 2-2,265,401,0,666,666
Precinct,301 - Precinct 3-1,431,369,2,802,802
Precinct,302 - Precinct 3-2,111,139,2,252,252
Precinct,401 - Precinct 4-1,440,129,4,573,573
Precinct,402 - Precinct 4-2,163,313,1,477,477
Precinct,501 - Precinct 5-1,439,709,0,1148,1148
Locality,Orange County,7361,9938,33,17332,17332
Precinct,101 - 1 WEST,735,950,4,1689,1689
Precinct,102 - 1 EAST,445,760,4,1209,1209
Precinct,103 - 1 TOWN,340,249,2,591,591
Precinct,201 - 2 WEST,490,1024,2,1516,1516
Precinct,202 - 2 EAST,464,1308,6,1778,1778
Precinct,301 - 3 WEST,163,233,0,396,396
Precinct,302 - 3 EAST,306,624,1,931,931
Precinct,303 - 3 TOWN,894,780,3,1677,1677
Precinct,401 - 4 WEST,583,1196,2,1781,1781
Precinct,402 - 4 EAST,829,783,5,1617,1617
Precinct,501 - 5 SOUTH,965,895,1,1861,1861
Precinct,502 - 5 NORTH,1147,1136,3,2286,2286
Locality,Page County,2365,6940,24,9329,9329
Precinct,101 - West Luray,659,1265,9,1933,1933
Precinct,201 - East Luray,608,1319,2,1929,1929
Precinct,301 - Marksville,417,1636,7,2060,2060
Precinct,401 - Newport,361,1245,2,1608,1608
Precinct,501 - Shenandoah,320,1475,4,1799,1799
Locality,Patrick County,1488,5119,5,6612,6612
Precinct,101 - Ararat,99,299,0,398,398
Precinct,102 - Claudville,69,298,0,367,367
Precinct,103 - Willis Gap,64,352,0,416,416
Precinct,201 - Dry Pond,66,256,0,322,322
Precinct,202 - Patrick Springs,128,429,0,557,557
Precinct,203 - Russell Creek,128,404,1,533,533
Precinct,301 - Critz/stella,210,620,2,832,832
Precinct,302 - Liberty,72,414,0,486,486
Precinct,401 - Meadows Of Dan,180,443,0,623,623
Precinct,402 - Stuart Fairgrounds,92,257,1,350,350
Precinct,403 - Stuart Community,79,236,1,316,316
Precinct,502 - Elamsville,139,523,0,662,662
Precinct,503 - Woolwine,162,588,0,750,750
Locality,Petersburg City,8811,1124,25,9960,9960
Precinct,101 - 1st WARD 1st,1010,127,3,1140,1140
Precinct,201 - 2nd WARD 1st,1470,144,2,1616,1616
Precinct,301 - 3rd WARD 1st,1619,335,7,1961,1961
Precinct,401 - 4th WARD 1st,1118,218,0,1336,1336
Precinct,501 - 5th WARD 1st,1073,114,8,1195,1195
Precinct,601 - 6th WARD 1st,1171,60,4,1235,1235
Precinct,701 - 7th WARD 1st,1350,126,1,1477,1477
Locality,Pittsylvania County,7272,17439,38,24749,24749
Precinct,103 - Twin Springs,428,1611,4,2043,2043
Precinct,105 - Chatham,186,442,2,630,630
Precinct,106 - Tunstall,228,712,1,941,941
Precinct,108 - West Blairs,183,351,0,534,534
Precinct,201 - Callands,176,597,1,774,774
Precinct,202- Bearskin,163,268,0,431,431
Precinct,204 - Sandy Level,128,412,1,541,541
Precinct,206 - Climax,125,463,1,589,589
Precinct,207 - Gretna,278,823,4,1105,1105
Precinct,301 - Central,395,360,2,757,757
Precinct,305 - Riceville,314,314,0,628,628
Precinct,307 - East Blairs,579,298,1,878,878
Precinct,308 - Mt Airy,242,250,1,493,493
Precinct,309 - East Gretna,146,248,0,394,394
Precinct,402 - Keeling,169,609,2,780,780
Precinct,404 - Kentuck,336,1082,2,1420,1420
Precinct,405 - Ringgold,397,1076,3,1476,1476
Precinct,501 - Hurt,379,863,3,1245,1245
Precinct,502 - Motley Sycamore,446,1108,2,1556,1556
Precinct,503 - Renan,115,471,0,586,586
Precinct,603 - Stony Mill,243,734,1,978,978
Precinct,604 - Swansonville,143,422,0,565,565
Precinct,605 - Whitmell,190,542,1,733,733
Precinct,606 - Brosville,308,434,0,742,742
Precinct,607 - Dry Fork,69,298,0,367,367
Precinct,702 - Bachelors Hall,185,878,1,1064,1064
Precinct,703 - Ferry Road,71,142,1,214,214
Precinct,704 - Mt Hermon,476,1048,3,1527,1527
Precinct,705 - Mt Cross,174,583,1,758,758
Locality,Poquoson City,1862,4384,16,6262,6262
Precinct,001 - Central,631,1400,6,2037,2037
Precinct,002 - Eastern,536,1441,3,1980,1980
Precinct,003 - Western,695,1543,7,2245,2245
Locality,Portsmouth City,23040,8351,62,31453,31453
Precinct,001 - Emanuel A. M. E. Church,956,283,3,1242,1242
Precinct,005 - Charles A. Fisher Memorial Academy,531,39,0,570,570
Precinct,007- Park View Elementary School,634,143,1,778,778
Precinct,009 - 3rd Baptist Church,890,153,3,1046,1046
Precinct,010 - Mount Hermon Preschool Center,416,183,0,599,599
Precinct,011 - Joseph E. Parker Recreation Center,673,29,2,704,704
Precinct,013 - St. Mark Missionary Baptist Church,375,23,1,399,399
Precinct,014 - Brighton Elementary School,754,36,2,792,792
Precinct,016 - Cradock Middle School,582,174,1,757,757
Precinct,017 - Victory Life Fellowship,773,255,5,1033,1033
Precinct,019 - Victory Elementary School,331,165,1,497,497
Precinct,020 - Noble Street Baptist Church,844,172,2,1018,1018
Precinct,021 - Hendricks/Kendall Recreation Center,478,42,2,522,522
Precinct,022 - St. Mark Deliverance Center,549,343,4,896,896
Precinct,023 - Westhaven Baptist Church,429,455,4,888,888
Precinct,024 - The Senior Station,541,232,2,775,775
Precinct,025 - Waterview Elementary School,751,368,0,1119,1119
Precinct,026 - William E. Waters Middle School,960,41,2,1003,1003
Precinct,027 - Cavalier Manor Recreation Center,851,42,0,893,893
Precinct,028 - Lakeview Elementary School,1458,86,1,1545,1545
Precinct,029 - Manor High School,260,380,1,641,641
Precinct,030 - The Rescue Church,384,449,3,836,836
Precinct,031 - West Park Church Of Christ,857,393,2,1252,1252
Precinct,032 - Hodges Manor Elementary School,477,427,0,904,904
Precinct,033- Pinecrest Baptist Church,296,462,3,761,761
Precinct,034- Churchland Branch Library,656,464,3,1123,1123
Precinct,035 - Churchland Elementary School,727,551,1,1279,1279
Precinct,036 - Churchland High School,1438,857,6,2301,2301
Precinct,037 - Churchland Middle School,1210,454,2,1666,1666
Precinct,038 - Grove Baptist Church,1309,197,2,1508,1508
Precinct,039 - Churchland Primary And Intermediate School,1650,453,3,2106,2106
Locality,Powhatan County,5168,11862,21,17051,17051
Precinct,101 - Subletts,552,1199,3,1754,1754
Precinct,102 - Manakin,553,922,1,1476,1476
Precinct,103 - Flat Rock,169,467,1,637,637
Precinct,201 - Powhatan Station,324,981,3,1308,1308
Precinct,202 - Graceland,492,1317,1,1810,1810
Precinct,301 - Bethesda,549,1273,1,1823,1823
Precinct,302 - Lee's Landing,592,1189,3,1784,1784
Precinct,401 - Powhatan Courthouse,695,1808,2,2505,2505
Precinct,402 - Mt Zion,253,712,3,968,968
Precinct,501 - Smith Cross Roads,523,903,1,1427,1427
Precinct,502 - Pineville,311,511,1,823,823
Precinct,503 - Tobaccoville,155,580,1,736,736
Locality,Prince Edward County,3767,3668,20,7455,7455
Precinct,101 - Farmville,551,488,8,1047,1047
Precinct,201 - Lockett,511,659,2,1172,1172
Precinct,301 - Leigh,361,426,0,787,787
Precinct,302 - Mt Pleasant,193,172,0,365,365
Precinct,401 - Hampden,389,438,5,832,832
Precinct,501 - Darlington Hts,218,346,0,564,564
Precinct,502 - Buffalo Hts,147,161,1,309,309
Precinct,601 - Prospect,619,549,2,1170,1170
Precinct,701 - West End,498,349,2,849,849
Precinct,801 - Center,280,80,0,360,360
Locality,Prince George County,5707,7986,13,13706,13706
Precinct,101 - Richard Bland,351,521,0,872,872
Precinct,102 - Templeton,622,1892,1,2515,2515
Precinct,103 - Union Branch,640,795,1,1436,1436
Precinct,104 - Rives,461,373,2,836,836
Precinct,105 - Harrison,128,500,0,628,628
Precinct,201 - Bland,1036,1426,3,2465,2465
Precinct,202 - Blackwater,535,974,2,1511,1511
Precinct,203 - Brandon,181,443,1,625,625
Precinct,204 - Courts,1057,744,2,1803,1803
Precinct,205 - Jefferson Park,696,318,1,1015,1015
Locality,Prince William County,111198,54309,381,165888,165888
Precinct,101 - Brentsville,701,1316,3,2020,2020
Precinct,102 - Cedar Point,1068,659,0,1727,1727
Precinct,103 - Glenkirk,1264,915,1,2180,2180
Precinct,104 - Nokesville,1154,1286,3,2443,2443
Precinct,105 - Piney Branch,1094,706,3,1803,1803
Precinct,106 - Unity Reed,348,148,1,497,497
Precinct,107 - Marsteller,1446,835,6,2287,2287
Precinct,108 - Victory,1400,711,2,2113,2113
Precinct,109 - Chris Yung,1280,615,5,1900,1900
Precinct,110 - Buckland Mills,1189,789,5,1983,1983
Precinct,111 - Limestone,1429,950,3,2382,2382
Precinct,112 - Burke-nickens,1578,1079,5,2662,2662
Precinct,113 - Lakes,1189,691,3,1883,1883
Precinct,114 - Bristow Run,1542,978,7,2527,2527
Precinct,201 - Hylton,1188,425,5,1618,1618
Precinct,202 - West Gate,608,214,1,823,823
Precinct,203 - Bennett,1602,850,6,2458,2458
Precinct,204 - Ellis,774,370,2,1146,1146
Precinct,205 - Buckhall,850,693,1,1544,1544
Precinct,206 - Coles,1177,969,5,2151,2151
Precinct,207 - Spriggs,1232,588,2,1822,1822
Precinct,208 - Colgan,627,546,3,1176,1176
Precinct,209 - Independent Hill,698,924,1,1623,1623
Precinct,210 - Yates Ford,1166,1001,8,2175,2175
Precinct,211 - Signal Hill,783,351,2,1136,1136
Precinct,212 - Yorkshire,808,419,2,1229,1229
Precinct,213 - Parkside,691,397,8,1096,1096
Precinct,214 - Lucasville,1015,978,1,1994,1994
Precinct,215 - Saunders,1243,372,5,1620,1620
Precinct,301 - Dumfries,1080,286,1,1367,1367
Precinct,302 - Potomac,1346,222,0,1568,1568
Precinct,303 - Graham Park,742,232,7,981,981
Precinct,304 - Quantico,112,83,0,195,195
Precinct,305 - Forest Park,1199,627,3,1829,1829
Precinct,306 - 4 Seasons,1308,591,4,1903,1903
Precinct,307 - Henderson,1041,585,2,1628,1628
Precinct,308 - Montclair,729,400,2,1131,1131
Precinct,309 - Ashland,990,505,2,1497,1497
Precinct,310 - Forest Park,1120,352,5,1477,1477
Precinct,311 - Swans Creek,1248,350,8,1606,1606
Precinct,312 - Triangle,1363,451,2,1816,1816
Precinct,313 - Cardinal,1408,506,8,1922,1922
Precinct,314 - Cabin Branch,1060,459,9,1528,1528
Precinct,315 - Williams,1367,226,5,1598,1598
Precinct,316 - Potomac Shores,1743,433,5,2181,2181
Precinct,401 - Evergreen,952,1117,2,2071,2071
Precinct,402 - Gravely,1262,1451,5,2718,2718
Precinct,403 - Bull Run,1172,730,2,1904,1904
Precinct,404 - Unity Braxton,633,250,2,885,885
Precinct,405 - Ben Lomond,983,304,3,1290,1290
Precinct,406 - Alvey,1278,1022,7,2307,2307
Precinct,407 - Heritage Hunt,1690,1275,2,2967,2967
Precinct,408 - Sudley,641,393,2,1036,1036
Precinct,409 - Tyler,1818,1001,4,2823,2823
Precinct,410 - Mountain View,1368,1061,8,2437,2437
Precinct,411 - Mullen,1100,297,3,1400,1400
Precinct,412 - Catharpin,636,924,4,1564,1564
Precinct,413 - Reagan,1124,965,6,2095,2095
Precinct,414 - Seymour,810,296,1,1107,1107
Precinct,501 - Springwoods,1472,573,4,2049,2049
Precinct,502 - Occoquan,1184,456,3,1643,1643
Precinct,503 - Mohican,776,248,6,1030,1030
Precinct,504 - Rockledge,993,423,1,1417,1417
Precinct,505 - Lake Ridge,1488,593,9,2090,2090
Precinct,506 - Old Bridge,978,426,5,1409,1409
Precinct,507 - Chinn,1510,429,5,1944,1944
Precinct,508 - Purcell,1080,867,6,1953,1953
Precinct,509 - Mc Coart,1368,946,4,2318,2318
Precinct,510 - County Center,347,62,1,410,410
Precinct,511 - Westridge,1578,638,7,2223,2223
Precinct,512 - York,958,216,1,1175,1175
Precinct,513 - Woodbridge,1460,718,7,2185,2185
Precinct,514 - Antietam,1435,592,3,2030,2030
Precinct,515 - Marshall,979,778,7,1764,1764
Precinct,516 - Kerrydale,525,167,1,693,693
Precinct,601 - Dale,1068,229,7,1304,1304
Precinct,602 - Beville,1454,407,9,1870,1870
Precinct,603 - Hampton,1118,339,5,1462,1462
Precinct,604 - Gar-Field,999,215,3,1217,1217
Precinct,605 - Minnieville,707,273,3,983,983
Precinct,606 - Bel Air,1005,372,6,1383,1383
Precinct,607 - Hillendale,773,252,1,1026,1026
Precinct,608 - Enterprise,1384,500,4,1888,1888
Precinct,609 - King,867,298,5,1170,1170
Precinct,610 - Fitzgerald,1320,313,1,1634,1634
Precinct,611 - Neabsco,1258,362,2,1622,1622
Precinct,612 - Elm Farm,748,292,4,1044,1044
Precinct,613 - Hoadly,355,89,2,446,446
Precinct,614 - Rosa Parks,1206,373,4,1583,1583
Precinct,615 - Commons,144,16,0,160,160
Precinct,616 - Markham,380,44,0,424,424
Precinct,701 - Belmont,1343,550,6,1899,1899
Precinct,702 - Library,1392,312,3,1707,1707
Precinct,703 - Lynn,739,148,1,888,888
Precinct,704 - Porter,1130,187,8,1325,1325
Precinct,705 - Potomac View,681,277,2,960,960
Precinct,706 - Rippon,1302,419,4,1725,1725
Precinct,707 - Kilby,1016,307,1,1324,1324
Precinct,708 - River Oaks,1417,269,1,1687,1687
Precinct,709 - Freedom,1131,214,3,1348,1348
Precinct,710 - Powells Creek,1271,183,7,1461,1461
Precinct,711 - Grayson,1066,275,4,1345,1345
Precinct,712 - Leesylvania,1326,493,2,1821,1821
Locality,Pulaski County,3927,8607,22,12556,12556
Precinct,101 - Belspring,147,365,1,513,513
Precinct,102 - New River,728,1018,6,1752,1752
Precinct,103 - West Cloyd,162,378,0,540,540
Precinct,201 - Draper,234,781,1,1016,1016
Precinct,202 - South Pulaski,66,98,0,164,164
Precinct,203 - Newbern,495,957,1,1453,1453
Precinct,301 - Dublin,465,1203,0,1668,1668
Precinct,302 - Hiwassee,76,230,1,307,307
Precinct,304 - Snowville,218,638,1,857,857
Precinct,402 - Walker,105,462,1,568,568
Precinct,403 - West Massie,402,832,2,1236,1236
Precinct,404 - East Massie,138,297,1,436,436
Precinct,501 - Robinson,691,1348,7,2046,2046
Locality,Radford City,2632,2050,11,4693,4693
Precinct,001 - East,617,291,3,911,911
Precinct,002 - Central,745,691,2,1438,1438
Precinct,003 - West,706,815,5,1526,1526
Precinct,004 - New River,564,253,1,818,818
Locality,Rappahannock County,1812,2231,6,4049,4049
Precinct,101 - Washington,403,399,1,803,803
Precinct,201 - Amissville,286,592,0,878,878
Precinct,301 - Sperryville,434,367,0,801,801
Precinct,401 - Scrabble,363,414,5,782,782
Precinct,501 - Chester Gap,93,240,0,333,333
Precinct,502 - Flint Hill,233,219,0,452,452
Locality,Richmond City,79019,11883,212,91114,91114
Precinct,101 - One Hundred One,417,197,5,619,619
Precinct,102 - One Hundred Two,622,341,7,970,970
Precinct,104 - One Hundred Four,914,597,5,1516,1516
Precinct,105 - One Hundred Five,1011,339,4,1354,1354
Precinct,106 - One Hundred Six,798,788,2,1588,1588
Precinct,111 - One Hundred Eleven,993,356,2,1351,1351
Precinct,112 - One Hundred Twelve,920,252,3,1175,1175
Precinct,113 - One Hundred Thirteen,1907,202,8,2117,2117
Precinct,114 - One Hundred Fourteen,1945,241,8,2194,2194
Precinct,115 - One Hundred Fifteen,680,422,3,1105,1105
Precinct,204 - Two Hundred Four,1218,179,5,1402,1402
Precinct,206 - Two Hundred Six,796,70,1,867,867
Precinct,207 - Two Hundred Seven,1653,221,5,1879,1879
Precinct,208 - Two Hundred Eight,1818,215,7,2040,2040
Precinct,213 - Two Hundred Thirteen,1600,61,8,1669,1669
Precinct,214 - Two Hundred Fourteen,1272,59,2,1333,1333
Precinct,215 - Two Hundred Fifteen,1682,246,10,1938,1938
Precinct,216 - Two Hundred Sixteen,385,18,0,403,403
Precinct,301 - Three Hundred One,641,38,8,687,687
Precinct,302 - Three Hundred Two,765,117,3,885,885
Precinct,303 - Three Hundred Three,793,55,0,848,848
Precinct,304 - Three Hundred Four,1260,65,2,1327,1327
Precinct,305 - Three Hundred Five,1264,109,4,1377,1377
Precinct,306 - Three Hundred Six,592,29,4,625,625
Precinct,307 - Three Hundred Seven,2141,420,2,2563,2563
Precinct,308 - Three Hundred Eight,1173,204,4,1381,1381
Precinct,309 - Three Hundred Nine,519,127,1,647,647
Precinct,310 - Three Hundred Ten,196,12,0,208,208
Precinct,311 - Three Hundred Eleven,480,42,1,523,523
Precinct,402 - Four Hundred Two,2304,429,4,2737,2737
Precinct,404 - Four Hundred Four,1229,217,1,1447,1447
Precinct,409 - Four Hundred Nine,1114,460,5,1579,1579
Precinct,410 - Four Hundred Ten,1101,297,0,1398,1398
Precinct,412 - Four Hundred Twelve,1370,217,1,1588,1588
Precinct,413 - Four Hundred Thirteen,1149,324,3,1476,1476
Precinct,414 - Four Hundred Fourteen,1235,426,3,1664,1664
Precinct,415 - Four Hundred Fifteen,1042,392,1,1435,1435
Precinct,501 - Five Hundred One,1727,186,2,1915,1915
Precinct,503 - Five Hundred Three,1660,156,8,1824,1824
Precinct,504 - Five Hundred Four,1838,140,5,1983,1983
Precinct,505 - Five Hundred Five,1390,74,2,1466,1466
Precinct,508 - Five Hundred Eight,858,95,2,955,955
Precinct,509 - Five Hundred Nine,903,75,2,980,980
Precinct,510 - Five Hundred Ten,1425,126,2,1553,1553
Precinct,602 - Six Hundred Two,583,14,1,598,598
Precinct,603 - Six Hundred Three,729,39,2,770,770
Precinct,604 - Six Hundred Four,820,53,1,874,874
Precinct,606 - Six Hundred Six,1296,63,2,1361,1361
Precinct,607 - Six Hundred Seven,1126,142,3,1271,1271
Precinct,609 - Six Hundred Nine,1265,107,4,1376,1376
Precinct,610 - Six Hundred Ten,620,32,3,655,655
Precinct,611 - Six Hundred Eleven,1090,65,1,1156,1156
Precinct,701 - Seven Hundred One,554,25,0,579,579
Precinct,702 - Seven Hundred Two,1055,61,2,1118,1118
Precinct,703 - Seven Hundred Three,1364,99,5,1468,1468
Precinct,705 - Seven Hundred Five,1279,103,1,1383,1383
Precinct,706 - Seven Hundred Six,1732,136,2,1870,1870
Precinct,707 - Seven Hundred Seven,2310,186,4,2500,2500
Precinct,708 - Seven Hundred Eight,922,71,5,998,998
Precinct,709 - Seven Hundred Nine,790,84,2,876,876
Precinct,802 - Eight Hundred Two,891,38,1,930,930
Precinct,806 - Eight Hundred Six,928,83,0,1011,1011
Precinct,810 - Eight Hundred Ten,686,85,2,773,773
Precinct,811 - Eight Hundred Eleven,872,80,1,953,953
Precinct,812 - Eight Hundred Twelve,1458,167,2,1627,1627
Precinct,814 - Eight Hundred Fourteen,677,55,1,733,733
Precinct,902 - Nine Hundred Two,335,19,0,354,354
Precinct,903 - Nine Hundred Three,915,115,3,1033,1033
Precinct,908 - Nine Hundred Eight,939,84,3,1026,1026
Precinct,909 - Nine Hundred Nine,1094,100,3,1197,1197
Precinct,910 - Nine Hundred Ten,963,86,1,1050,1050
Precinct,911 - Nine Hundred Eleven,926,55,2,983,983
Locality,Richmond County,1124,1997,5,3126,3126
Precinct,101 - Precinct 1-1,316,301,2,619,619
Precinct,201 - Precinct 2-1,152,355,1,508,508
Precinct,301 - Precinct 3-1,246,422,1,669,669
Precinct,401 - Precinct 4-1,219,456,0,675,675
Precinct,501 - Precinct 5-1,191,463,1,655,655
Locality,Roanoke City,20700,10153,83,30936,30936
Precinct,1 -Peters Creek,1069,289,7,1365,1365
Precinct,2 - Grandview,918,360,3,1281,1281
Precinct,3 -Preston Park,711,594,4,1309,1309
Precinct,4 - Williamson Road,862,492,2,1356,1356
Precinct,5 - East Gate,834,887,4,1725,1725
Precinct,6 - Hollins Road,658,511,6,1175,1175
Precinct,7 - Southeast,688,476,3,1167,1167
Precinct,8 - Lincoln Terrace,889,105,3,997,997
Precinct,9 - Highland,1218,278,3,1499,1499
Precinct,10 - Old Southwest-Wasena,1511,450,5,1966,1966
Precinct,11 - Raleigh Court,1564,593,7,2164,2164
Precinct,12 - South Roanoke,974,812,3,1789,1789
Precinct,13 - Garden City,687,744,8,1439,1439
Precinct,14 - Crystal Spring,1113,666,4,1783,1783
Precinct,15 - Grandin Court,1224,644,4,1872,1872
Precinct,16 - Deyerle,1153,901,4,2058,2058
Precinct,17 - Lee-Hi,1504,596,4,2104,2104
Precinct,18 - Summit Hills,917,495,4,1416,1416
Precinct,19 - Forest Park,1000,149,2,1151,1151
Precinct,20 - Eureka Park,1206,111,3,1320,1320
Locality,Roanoke County,18062,24728,97,42887,42887
Precinct,101 - Catawba,472,1149,1,1622,1622
Precinct,102 - Richfield,500,858,4,1362,1362
Precinct,103 - North Glenvar,462,950,5,1417,1417
Precinct,104 - Northside,651,765,2,1418,1418
Precinct,105 - Hanging Rock,677,809,5,1491,1491
Precinct,106 - South Glenvar,221,567,1,789,789
Precinct,107 - Fort Lewis,402,558,2,962,962
Precinct,201 - Plantation,547,691,4,1242,1242
Precinct,202 - Burlington,461,404,4,869,869
Precinct,203 - Mountain View,815,1166,8,1989,1989
Precinct,204 - Green Ridge,635,804,1,1440,1440
Precinct,205 - Orchards,747,1202,3,1952,1952
Precinct,206 - Hollins,332,381,1,714,714
Precinct,301 - Bent Mountain,184,279,2,465,465
Precinct,302 - Back Creek,869,1277,2,2148,2148
Precinct,303 - Windsor Hills,680,615,7,1302,1302
Precinct,304 - Oak Grove,734,880,0,1614,1614
Precinct,305 - East Hidden Valley,662,740,2,1404,1404
Precinct,306 - Garst Mill,681,621,0,1302,1302
Precinct,307 - West Hidden Valley,552,686,1,1239,1239
Precinct,401 - Bonsack,306,630,2,938,938
Precinct,403 - North Vinton,546,774,6,1326,1326
Precinct,404 - South Vinton,531,707,0,1238,1238
Precinct,405 - North Lindenwood,476,910,4,1390,1390
Precinct,405 - South Lindenwood,411,756,4,1171,1171
Precinct,406 - Mount Pleasant,523,1153,5,1681,1681
Precinct,501 - Starkey,570,662,2,1234,1234
Precinct,502 - West Cave Spring,594,670,0,1264,1264
Precinct,503 - East Cave Spring,621,674,7,1302,1302
Precinct,504 - Green Valley,942,725,7,1674,1674
Precinct,505 - Clearbrook,288,602,2,892,892
Precinct,506 - Buck Mountain,153,191,2,346,346
Precinct,507 - Hunting Hills,817,872,1,1690,1690
Locality,Rockbridge County,3557,6599,7,10163,10163
Precinct,101 - Airport,619,555,1,1175,1175
Precinct,102 - Ben Salem,143,282,0,425,425
Precinct,103 - Plank Road,94,268,0,362,362
Precinct,104 - Effinger,128,279,2,409,409
Precinct,201 - Collierstown,145,286,1,432,432
Precinct,202 - Highland Belle,511,810,0,1321,1321
Precinct,203 - Vo-tech,118,102,0,220,220
Precinct,301 - Maury River,239,481,0,720,720
Precinct,302 - Natural Bridge,164,448,0,612,612
Precinct,303 - Falling Spring,81,232,0,313,313
Precinct,401 - Fairfield,202,488,0,690,690
Precinct,402 - Mountain View,294,689,0,983,983
Precinct,403 - Vesuvius,65,245,0,310,310
Precinct,501 - Goshen,54,278,0,332,332
Precinct,502 - Meadowview,297,384,0,681,681
Precinct,503 - Rockbridge Baths,146,269,1,416,416
Precinct,504 - Rockbridge,257,503,2,762,762
Locality,Rockingham County,11622,24498,76,36196,36196
Precinct,101 - Broadway,613,1140,3,1756,1756
Precinct,102 - Timberville,265,620,1,886,886
Precinct,103 - Fulks Run,116,801,1,918,918
Precinct,104 - Bergton,32,278,0,310,310
Precinct,105 - Lacey Spring,314,1124,6,1444,1444
Precinct,106 - Lone Pine,315,1041,4,1360,1360
Precinct,201 - Singers Glen,273,865,3,1141,1141
Precinct,202 - Edom,665,1143,1,1809,1809
Precinct,203 - Dayton,279,489,1,769,769
Precinct,204 - Mt Clinton,338,902,1,1241,1241
Precinct,205 - Silver Lake,720,1057,5,1782,1782
Precinct,301 - Keezletown,265,546,1,812,812
Precinct,302 - Port Republic,272,726,3,1001,1001
Precinct,303 - Melrose,175,509,4,688,688
Precinct,304 - Grottoes,386,934,4,1324,1324
Precinct,305 - Massanetta Springs,1157,1067,6,2230,2230
Precinct,306 - Crossroads,1051,1212,4,2267,2267
Precinct,401 - West Bridgewater,400,633,3,1036,1036
Precinct,402 - Montezuma,288,909,5,1202,1202
Precinct,403 - Mt Crawford,73,118,1,192,192
Precinct,404 - North River,683,925,1,1609,1609
Precinct,405 - Ottobine,204,1046,4,1254,1254
Precinct,406 - East Bridgewater,718,806,2,1526,1526
Precinct,501 - Elkton,397,909,2,1308,1308
Precinct,502 - Swift Run,248,1517,2,1767,1767
Precinct,503 - Mcgaheysville,533,1234,4,1771,1771
Precinct,504 - South Fork,136,691,1,828,828
Precinct,505 - Stony Run,530,708,2,1240,1240
Precinct,506 - Deep Run,176,548,1,725,725
Locality,Russell County,1673,7268,17,8958,8958
Precinct,101 - Moccasin,113,634,1,748,748
Precinct,102 - Copper Creek,96,417,0,513,513
Precinct,103 - South Castlewood,81,292,0,373,373
Precinct,201 - North Castlewood,214,877,1,1092,1092
Precinct,202 - Dante,36,155,1,192,192
Precinct,301 - Cooks Mill,34,164,0,198,198
Precinct,302 - Daugherty,44,218,3,265,265
Precinct,303 - New Garden,83,504,1,588,588
Precinct,304 - Cleveland,85,265,1,351,351
Precinct,401 - Drill,21,38,0,59,59
Precinct,402 - Swords Creek,111,746,1,858,858
Precinct,403 - Honaker,79,295,0,374,374
Precinct,501 - West Lebanon,376,1166,7,1549,1549
Precinct,601 - East Lebanon,144,634,1,779,779
Precinct,602 - Elk Garden,156,863,0,1019,1019
Locality,Salem City,4150,5282,32,9464,9464
Precinct,001 - North Salem No 2,615,630,2,1247,1247
Precinct,002 - Conehurst,242,308,3,553,553
Precinct,003 - Beverly Heights,224,424,1,649,649
Precinct,004 - West Salem,427,547,6,980,980
Precinct,005 - North Salem No 1,668,660,5,1333,1333
Precinct,006 - South Salem No 1,311,415,2,728,728
Precinct,007 - South Salem No 2,312,484,2,798,798
Precinct,008 - East Salem,157,195,1,353,353
Precinct,009 - South Side Hills,518,820,5,1343,1343
Precinct,010 - Hidden Valley,676,799,5,1480,1480
Locality,Scott County,1235,6103,15,7353,7353
Precinct,101 - Weber City,88,366,1,455,455
Precinct,102 - Yuma,132,574,2,708,708
Precinct,202 - Weber City East,88,394,1,483,483
Precinct,203 - Hiltons,126,577,2,705,705
Precinct,204 - Clark's,20,167,0,187,187
Precinct,301 - Nickelsville,72,384,1,457,457
Precinct,302 - Snowflake,55,322,0,377,377
Precinct,303 - Twin Springs,71,312,1,384,384
Precinct,304 - Copper Creek,12,112,0,124,124
Precinct,401 - Gate City,252,1032,1,1285,1285
Precinct,501 - Dungannon,53,174,2,229,229
Precinct,502 - Fort Blackmore,39,240,1,280,280
Precinct,503 - Manville,25,177,0,202,202
Precinct,504 - Rye Cove,38,380,1,419,419
Precinct,601 - Clinchport,39,237,1,277,277
Precinct,602 - Duffield-pattonsville,95,530,1,626,626
Precinct,603 - Fairview,30,125,0,155,155
Locality,Shenandoah County,5698,12488,37,18223,18223
Precinct,101 - Orkney Springs,380,637,1,1018,1018
Precinct,103 - New Market,603,1455,4,2062,2062
Precinct,201 - Conicville,416,1374,7,1797,1797
Precinct,202 - Mt Jackson,357,862,2,1221,1221
Precinct,302 - Edinburg,335,809,4,1148,1148
Precinct,303 - St Luke,416,1233,4,1653,1653
Precinct,304 - Fort Valley,234,549,1,784,784
Precinct,401 - Woodstock North,558,928,3,1489,1489
Precinct,402 - Woodstock South,422,663,1,1086,1086
Precinct,501 - Cedar Creek,41,95,0,136,136
Precinct,503 - Toms Brook,531,1328,3,1862,1862
Precinct,504 - Lebanon Church,342,1027,2,1371,1371
Precinct,601 - Strasburg West,497,721,4,1222,1222
Precinct,602 - Strasburg East,566,807,1,1374,1374
Locality,Smyth County,2298,7712,18,10028,10028
Precinct,101 - Saltville,282,945,1,1228,1228
Precinct,201 - 7 MILE FORD,165,852,2,1019,1019
Precinct,202 - Rich Valley,87,297,0,384,384
Precinct,301 - Chilhowie,286,1223,0,1509,1509
Precinct,401 - East Park,417,910,3,1330,1330
Precinct,501 - Atkins,163,706,2,871,871
Precinct,502 - Wassona,247,439,1,687,687
Precinct,601 - Royal Oak East,231,612,1,844,844
Precinct,602 - Royal Oak West,109,415,3,527,527
Precinct,701 - Adwolfe,143,815,2,960,960
Precinct,702 - Sugar Grove,154,429,3,586,586
Precinct,703 - Konnarock,14,69,0,83,83
Locality,Southampton County,2945,4492,8,7445,7445
Precinct,101 - Berlin,113,514,1,628,628
Precinct,102 - Ivor,287,494,0,781,781
Precinct,201 - Boykins-Branchville,411,339,1,751,751
Precinct,301 - Capron-Drewryville,326,508,0,834,834
Precinct,302 - Sebrell,219,372,0,591,591
Precinct,501 - Darden Mill,227,422,2,651,651
Precinct,502 - Fairgrounds,253,506,1,760,760
Precinct,601 - Courtland,383,449,2,834,834
Precinct,602 - Sedley,37,168,0,205,205
Precinct,701 - Blackwater River,359,358,0,717,717
Precinct,702 - Newsoms,330,362,1,693,693
Locality,Spotsylvania County,30748,29015,104,59867,59867
Precinct,101 - Partlow Ruritan,498,1330,2,1830,1830
Precinct,102 - Berkeley,581,1310,5,1896,1896
Precinct,103 - John J Wright,1637,1594,3,3234,3234
Precinct,104 - Massaponax High,1355,937,3,2295,2295
Precinct,201 - Wilderness Elementary,739,728,1,1468,1468
Precinct,202 - Fire Rescue 7,1159,1526,3,2688,2688
Precinct,203 - Ni River Middle,1148,1326,5,2479,2479
Precinct,204 - Chancellor Elementary,1217,978,6,2201,2201
Precinct,301 - Salem Elementary,780,655,1,1436,1436
Precinct,302 - Salem Library,1438,1001,5,2444,2444
Precinct,303 - Riverbend High,1492,1484,12,2988,2988
Precinct,304 - Knights Of Pythias,951,771,4,1726,1726
Precinct,401 - Cosner Park,1168,752,7,1927,1927
Precinct,402 - Germanna Campus,1373,851,3,2227,2227
Precinct,403 - Lee Hill Elementary,1364,960,7,2331,2331
Precinct,404 - New Post Church,838,518,3,1359,1359
Precinct,501 - Belmont Ruritan,544,1057,2,1603,1603
Precinct,502 - Fire Rescue 2,442,1035,3,1480,1480
Precinct,503 - Spotsylvania High,422,1092,1,1515,1515
Precinct,504 - Public Safety,953,1190,3,2146,2146
Precinct,505 - Brock Road Elementary,1387,1757,2,3146,3146
Precinct,601 - Battlefield Elementary,1067,785,4,1856,1856
Precinct,602 - Smith Station Elementary,1421,856,2,2279,2279
Precinct,603 - Chancellor High,769,592,0,1361,1361
Precinct,604 - Courthouse Road Elementary,927,671,6,1604,1604
Precinct,701 - Spotswood Elementary,1024,672,3,1699,1699
Precinct,702 - Eastland Church,1091,671,3,1765,1765
Precinct,703 - Lees Parke,1465,648,1,2114,2114
Precinct,704 - Courtland Elementary,1498,1268,4,2770,2770
Locality,Stafford County,35327,27774,115,63216,63216
Precinct,101 - Hartwood,1145,1842,1,2988,2988
Precinct,102 - Simpson,1001,1151,2,2154,2154
Precinct,103 - College,1088,686,4,1778,1778
Precinct,104 - Westlake,544,857,1,1402,1402
Precinct,105 - Rocky Run,606,421,0,1027,1027
Precinct,106 - Forge,608,386,2,996,996
Precinct,201 - Rock Hill,1433,1060,4,2497,2497
Precinct,202 - Roseville,905,1205,1,2111,2111
Precinct,203 - Ruby,638,1080,8,1726,1726
Precinct,204 - Stefaniga,1156,998,3,2157,2157
Precinct,205 - Mount Ararat,509,344,0,853,853
Precinct,301 - Staffordboro,654,216,1,871,871
Precinct,302 - Widewater,715,674,6,1395,1395
Precinct,303 - Barrett Heights,557,308,0,865,865
Precinct,304 - Aquia Episcopal,426,110,1,537,537
Precinct,305 - Griffis,352,153,1,506,506
Precinct,306 - Midway,929,286,4,1219,1219
Precinct,401 - Courthouse,1362,420,5,1787,1787
Precinct,402 - Brooke,691,756,2,1449,1449
Precinct,403 - Harbour,698,620,1,1319,1319
Precinct,404 - Government Island,864,803,1,1668,1668
Precinct,405 - Hope,1385,1120,9,2514,2514
Precinct,406 - Aquia,210,48,0,258,258
Precinct,501 - Grafton,1526,1402,6,2934,2934
Precinct,502 - Falmouth,1152,851,5,2008,2008
Precinct,503 - Drew,1400,1002,2,2404,2404
Precinct,504 - Gayle,1164,666,3,1833,1833
Precinct,505 - Eskimo Hill,386,283,2,671,671
Precinct,601 - Ferry Farm,921,1010,1,1932,1932
Precinct,602 - Chatham,1134,1009,5,2148,2148
Precinct,603 - White Oak,844,1489,5,2338,2338
Precinct,604 - England Run,501,210,3,714,714
Precinct,605 - Melchers,1725,983,6,2714,2714
Precinct,701 - Park Ridge,1383,824,3,2210,2210
Precinct,702 - Whitson,1022,421,5,1448,1448
Precinct,703 - Hampton,1485,998,7,2490,2490
Precinct,704 - Poole,2208,1082,5,3295,3295
Locality,Staunton City,6580,4236,18,10834,10834
Precinct,101 - Ward No 1,1365,857,4,2226,2226
Precinct,201 - Ward No 2,1198,1129,4,2331,2331
Precinct,301 - Ward No 3,1235,926,3,2164,2164
Precinct,401 - Ward No 4,1186,743,2,1931,1931
Precinct,501 - Ward No 5,1596,581,5,2182,2182
Locality,Suffolk City,25696,15935,80,41711,41711
Precinct,101 - Belleharbour,644,246,4,894,894
Precinct,102 - Driver,1356,1651,3,3010,3010
Precinct,104 - Bennetts Creek,681,434,0,1115,1115
Precinct,105 - Harbourview,1713,914,5,2632,2632
Precinct,201 - Ebenezer,591,877,5,1473,1473
Precinct,202 - Chuckatuck,652,786,3,1441,1441
Precinct,203 - Kings Fork,1522,528,5,2055,2055
Precinct,204 - Hillpoint,1444,554,3,2001,2001
Precinct,301 - White Marsh,290,131,2,423,423
Precinct,302 - John F Kennedy,1343,146,2,1491,1491
Precinct,304 - Nansemond River,1266,611,3,1880,1880
Precinct,305 - Shoulders Hill,603,290,2,895,895
Precinct,306 - Deerfield,854,466,6,1326,1326
Precinct,316 - Potomac Shores,1743,433,5,2181,2181
Precinct,401 - Airport,551,609,1,1161,1161
Precinct,402 - Whaleyville,468,1000,1,1469,1469
Precinct,403 - Southside,639,59,0,698,698
Precinct,404 - Booker T Washington,1009,58,2,1069,1069
Precinct,405 - Hollywood,575,40,2,617,617
Precinct,501 - Kilbys Mill,889,1042,5,1936,1936
Precinct,502 - Holland,412,765,5,1182,1182
Precinct,504 - Lake Cohoon,1285,1620,3,2908,2908
Precinct,505 - Pittmantown,388,594,2,984,984
Precinct,601 - Lakeside,954,586,2,1542,1542
Precinct,602 - Olde Towne,300,124,1,425,425
Precinct,603 - Elephants Fork/westhaven,371,221,1,593,593
Precinct,604 - Wilroy,1009,579,1,1589,1589
Precinct,605 - Mack Benn Jr,289,85,1,375,375
Precinct,703 - Pughsville,976,198,1,1175,1175
Precinct,704 - Burbage Grant,1333,492,3,1828,1828
Precinct,706 - Huntersville,1289,229,6,1524,1524
Locality,Surry County,1873,1707,4,3584,3584
Precinct,101 - Surry,323,451,1,775,775
Precinct,201 - Bacons Castle,426,263,1,690,690
Precinct,301 - Dendron,361,356,0,717,717
Precinct,401 - Carsley,377,357,1,735,735
Precinct,501 - Claremont,221,242,1,464,464
Precinct,502 - Spring Grove,165,38,0,203,203
Locality,Sussex County,2035,1802,4,3841,3841
Precinct,101 - Waverly,404,91,0,495,495
Precinct,201 - Stony Creek,341,227,1,569,569
Precinct,301 - Courthouse,81,138,0,219,219
Precinct,302 - NEWVILLE 1,49,119,0,168,168
Precinct,401 - Wakefield Firehouse,312,326,1,639,639
Precinct,501 - Henry,293,246,1,540,540
Precinct,601 - Blackwater,224,234,1,459,459
Precinct,602 - Wakefield,72,92,0,164,164
Precinct,701 - Yale,158,224,0,382,382
Precinct,702 - NEWVILLE 2,101,105,0,206,206
Locality,Tazewell County,2248,10407,21,12676,12676
Precinct,101 - Indian Valley,43,328,2,373,373
Precinct,102 - Tip Top,51,261,0,312,312
Precinct,103 - Mundy Town,108,540,0,648,648
Precinct,104 - Falls Mills,49,254,0,303,303
Precinct,106 - Pocahontas,27,130,2,159,159
Precinct,109 - Bishop,21,137,1,159,159
Precinct,112 - Bandy,21,177,2,200,200
Precinct,203 - Burkes Garden,14,81,0,95,95
Precinct,204 - Clear Fork,61,377,1,439,439
Precinct,207 - Freestone,18,95,0,113,113
Precinct,209 - Jeffersonville,480,1352,4,1836,1836
Precinct,214 - Thompson Valley,67,363,0,430,430
Precinct,301 - Cedar Bluff,171,1254,0,1425,1425
Precinct,302 - Baptist Valley,43,185,3,231,231
Precinct,303 - Paint Lick,175,972,0,1147,1147
Precinct,401 - Richlands,390,1760,3,2153,2153
Precinct,402 - Jewell Ridge,18,135,1,154,154
Precinct,501 - Springville,143,783,0,926,926
Precinct,502 - Graham,348,1223,2,1573,1573
Locality,Virginia Beach City,94339,75013,269,169621,169621
Precinct,001 - Precinct 1,1138,1500,5,2643,2643
Precinct,002 - Precinct 2,1143,891,2,2036,2036
Precinct,003 - Precinct 3,672,603,1,1276,1276
Precinct,004 - Precinct 4,907,1124,2,2033,2033
Precinct,005 - Precinct 5,924,575,1,1500,1500
Precinct,006 - Precinct 6,1056,1156,6,2218,2218
Precinct,007 - Precinct 7,684,662,3,1349,1349
Precinct,008 - Precinct 8,960,744,1,1705,1705
Precinct,009 - Precinct 9,904,1114,2,2020,2020
Precinct,010 - Precinct 10,978,1447,1,2426,2426
Precinct,011 - Precinct 11,1450,1124,8,2582,2582
Precinct,012 - Precinct 12,1077,700,1,1778,1778
Precinct,013 - Precinct 13,1119,973,4,2096,2096
Precinct,014 - Precinct 14,1044,851,3,1898,1898
Precinct,015 - Precinct 15,721,536,1,1258,1258
Precinct,016 - Precinct 16,901,728,2,1631,1631
Precinct,017 - Precinct 17,800,764,2,1566,1566
Precinct,018 - Precinct 18,1197,1091,4,2292,2292
Precinct,019 - Precinct 19,544,577,4,1125,1125
Precinct,020 - Precinct 20,570,535,1,1106,1106
Precinct,021 - Precinct 21,1285,387,1,1673,1673
Precinct,022 - Precinct 22,694,684,3,1381,1381
Precinct,023 - Precinct 23,915,822,0,1737,1737
Precinct,024 - Precinct 24,420,456,2,878,878
Precinct,025 - Precinct 25,1073,1017,8,2098,2098
Precinct,026 - Precinct 26,637,651,4,1292,1292
Precinct,027 - Precinct 27,526,509,3,1038,1038
Precinct,028 - Precinct 28,691,664,3,1358,1358
Precinct,029 - Precinct 29,1012,541,3,1556,1556
Precinct,030 - Precinct 30,880,1000,0,1880,1880
Precinct,031 - Precinct 31,1056,1518,3,2577,2577
Precinct,032 - Precinct 32,262,713,0,975,975
Precinct,033 - Precinct 33,287,794,2,1083,1083
Precinct,034 - Precinct 34,185,459,1,645,645
Precinct,035 - Precinct 35,1029,1275,2,2306,2306
Precinct,036 - Precinct 36,1407,728,4,2139,2139
Precinct,037 - Precinct 37,796,621,3,1420,1420
Precinct,038 - Precinct 38,1000,992,2,1994,1994
Precinct,039 - Precinct 39,773,542,2,1317,1317
Precinct,040 - Precinct 40,886,522,1,1409,1409
Precinct,041 - Precinct 41,709,221,1,931,931
Precinct,042 - Precinct 42,1015,716,5,1736,1736
Precinct,043 - Precinct 43,1062,482,3,1547,1547
Precinct,044 - Precinct 44,1010,952,2,1964,1964
Precinct,045 - Precinct 45,1059,439,2,1500,1500
Precinct,046 - Precinct 46,1031,534,6,1571,1571
Precinct,047 - Precinct 47,1127,1268,1,2396,2396
Precinct,048 - Precinct 48,626,571,1,1198,1198
Precinct,049 - Precinct 49,831,872,4,1707,1707
Precinct,050 - Precinct 50,720,318,0,1038,1038
Precinct,051 - Precinct 51,849,751,2,1602,1602
Precinct,52 - Precinct 52,1296,1070,6,2372,2372
Precinct,053 - Precinct 53,1035,864,2,1901,1901
Precinct,054 - Precinct 54,747,545,1,1293,1293
Precinct,055 - Precinct 55,1156,485,4,1645,1645
Precinct,056 - Precinct 56,521,446,0,967,967
Precinct,057 - Precinct 57,649,578,2,1229,1229
Precinct,058 - Precinct 58,757,551,1,1309,1309
Precinct,059 - Precinct 59,729,536,1,1266,1266
Precinct,060 - Precinct 60,1022,1394,1,2417,2417
Precinct,061 - Precinct 61,1235,171,4,1410,1410
Precinct,062 - Precinct 62,1104,953,3,2060,2060
Precinct,063 - Precinct 63,1285,1201,4,2490,2490
Precinct,064 - Precinct 64,1322,872,2,2196,2196
Precinct,065 - Precinct 65,1185,772,3,1960,1960
Precinct,066 - Precinct 66,794,901,4,1699,1699
Precinct,067 - Precinct 67,518,292,1,811,811
Precinct,068 - Precinct 68,910,858,4,1772,1772
Precinct,069 - Precinct 69,1188,343,0,1531,1531
Precinct,070 - Precinct 70,991,832,2,1825,1825
Precinct,071 - Precinct 71,950,609,3,1562,1562
Precinct,072 - Precinct 72,874,1072,2,1948,1948
Precinct,073 - Precinct 73,1028,374,4,1406,1406
Precinct,074 - Precinct 74,907,441,1,1349,1349
Precinct,075 - Precinct 75,994,1329,3,2326,2326
Precinct,076 - Precinct 76,1031,334,4,1369,1369
Precinct,077 - Precinct 77,897,622,5,1524,1524
Precinct,078 - Precinct 78,962,605,4,1571,1571
Precinct,079 - Precinct 79,1147,403,3,1553,1553
Precinct,080 - Precinct 80,969,366,2,1337,1337
Precinct,081 - Precinct 81,1146,647,1,1794,1794
Precinct,082 - Precinct 82,806,780,3,1589,1589
Precinct,083 - Precinct 83,959,1044,3,2006,2006
Precinct,084 - Precinct 84,1102,558,5,1665,1665
Precinct,085 - Precinct 85,1098,1175,4,2277,2277
Precinct,086 - Precinct 86,1204,901,2,2107,2107
Precinct,087 - Precinct 87,908,813,5,1726,1726
Precinct,088 - Precinct 88,833,840,5,1678,1678
Precinct,089 - Precinct 89,941,847,7,1795,1795
Precinct,090 - Precinct 90,621,628,0,1249,1249
Precinct,091 - Precinct 91,1482,826,7,2315,2315
Precinct,092 - Precinct 92,626,746,3,1375,1375
Precinct,093 - Precinct 93,1268,230,1,1499,1499
Precinct,094 - Precinct 94,642,565,3,1210,1210
Precinct,095 - Precinct 95,626,606,2,1234,1234
Precinct,096 - Precinct 96,672,384,3,1059,1059
Precinct,097 - Precinct 97,1068,495,1,1564,1564
Precinct,098 - Precinct 98,717,297,0,1014,1014
Precinct,099 - Precinct 99,636,281,0,917,917
Precinct,100 - Precinct 100,394,622,1,1017,1017
Precinct,101 - Precinct 101,239,200,0,439,439
Precinct,102 - Precinct 102,194,94,1,289,289
Precinct,103 - Precinct 103,479,177,1,657,657
Precinct,104 - Precinct 104,1110,277,5,1392,1392
Precinct,105 - Precinct 105,277,366,0,643,643
Precinct,106 - Precinct 106,715,306,1,1022,1022
Precinct,107 - Precinct 107,428,476,1,905,905
Precinct,108 - Precinct 108,303,299,0,602,602
Locality,Warren County,5757,10433,39,16229,16229
Precinct,101 - Fork Town,407,600,2,1009,1009
Precinct,102 - Otterburn,646,1525,5,2176,2176
Precinct,201 - Happy Creek,673,1159,1,1833,1833
Precinct,202 - Linden,776,1142,6,1924,1924
Precinct,301 - North River,535,687,4,1226,1226
Precinct,302 - Riverton,556,1267,7,1830,1830
Precinct,401 - East Shenandoah,686,1426,8,2120,2120
Precinct,402 - West Shenandoah,370,666,2,1038,1038
Precinct,501 - South River,718,1087,1,1806,1806
Precinct,502 - Bentonville,194,495,1,690,690
Precinct,504 - Browntown,196,379,2,577,577
Locality,Washington County,5382,15614,43,21039,21039
Precinct,101 - East Abingdon,636,1048,2,1686,1686
Precinct,102 - West Abingdon,439,608,2,1049,1049
Precinct,201 - Clinchburg,119,500,4,623,623
Precinct,202 - Greendale,204,893,5,1102,1102
Precinct,203 - Hayters Gap,76,301,1,378,378
Precinct,204 Woodland Hills,264,760,1,1025,1025
Precinct,301 - Watauga,463,1362,6,1831,1831
Precinct,302 - South Abingdon,665,1068,4,1737,1737
Precinct,401 - Glade Spring,288,907,4,1199,1199
Precinct,402 - Meadowview,368,1122,2,1492,1492
Precinct,501 - Rhea Valley,360,1592,1,1953,1953
Precinct,502 - Damascus,263,587,4,854,854
Precinct,504 - Green Cove,29,133,1,163,163
Precinct,601 - Burson Place,265,1272,1,1538,1538
Precinct,602 - Mendota,43,250,3,296,296
Precinct,603 - Valley Institute,228,832,0,1060,1060
Precinct,701 - High Point,247,1024,1,1272,1272
Precinct,702 - Wallace,108,362,0,470,470
Precinct,703 - John Battle,317,993,1,1311,1311
Locality,Waynesboro City,4459,4037,11,8507,8507
Precinct,001 - Ward A,683,597,1,1281,1281
Precinct,002 - Ward B,1432,1184,8,2624,2624
Precinct,003 - Ward C,1057,966,1,2024,2024
Precinct,004 - Ward D,1287,1290,1,2578,2578
Locality,Westmoreland County,3468,3995,8,7471,7471
Precinct,101 - Precinct 1-1,557,341,0,898,898
Precinct,102 - Precinct 1-2,316,260,1,577,577
Precinct,201 - Precinct 2-1,599,605,2,1206,1206
Precinct,301 - Precinct 3-1,366,408,1,775,775
Precinct,302 - Precinct 3-2,333,479,2,814,814
Precinct,401 - Precinct 4-1,534,1061,2,1597,1597
Precinct,501 - Precinct 5-1,763,841,0,1604,1604
Locality,Williamsburg City,5063,1647,9,6719,6719
Precinct,001 - Stryker,2146,765,4,2915,2915
Precinct,002 - Matoaka,2917,882,5,3804,3804
Locality,Winchester City,5318,3485,16,8819,8819
Precinct,101 - Merrimans,1358,855,5,2218,2218
Precinct,102 - Old Town,884,602,3,1489,1489
Precinct,201 - Virginia Avenue,951,412,1,1364,1364
Precinct,301 - War Memorial,834,589,4,1427,1427
Precinct,401 - Frederick Douglass,430,333,2,765,765
Precinct,402 - Rolling Hills,861,694,1,1556,1556
Locality,Wise County,2281,8744,22,11047,11047
Precinct,101 - Appalachia,123,440,1,564,564
Precinct,102 - Dorchester,69,329,1,399,399
Precinct,103 - Guest River Voting Place,90,342,0,432,432
Precinct,104 - West Pound,212,931,0,1143,1143
Precinct,201 - North Coeburn,96,494,1,591,591
Precinct,202 - Wise,441,1357,2,1800,1800
Precinct,203 - East Pound,59,279,2,340,340
Precinct,301 - Big Stone Gap,397,962,3,1362,1362
Precinct,302 - East Stone Gap,243,1136,6,1385,1385
Precinct,401 - Clinch Valley,263,1076,2,1341,1341
Precinct,402 - South Coeburn,175,1042,2,1219,1219
Precinct,403 - St Paul,113,356,2,471,471
Locality,Wythe County,2594,8426,24,11044,11044
Precinct,101 - Royal Oak,66,376,4,446,446
Precinct,102 - Rural Retreat,272,1201,4,1477,1477
Precinct,203 - West Wytheville,599,1161,3,1763,1763
Precinct,303 - East Wytheville,683,1191,4,1878,1878
Precinct,401 - Fort Chiswell,173,797,1,971,971
Precinct,402 - Max Meadows,161,760,0,921,921
Precinct,501 - Jackson Memorial,129,594,0,723,723
Precinct,502 - Sheffey,174,838,6,1018,1018
Precinct,601 - Huddle,69,407,1,477,477
Precinct,602 - Zion,137,635,1,773,773
Precinct,603 Evergreen,131,466,0,597,597
Locality,York County,15769,15684,47,31500,31500
Precinct,101 - Queens Lake,1068,742,1,1811,1811
Precinct,102 - Waller Mill,1722,1362,4,3088,3088
Precinct,103 - Magruder,1955,944,2,2901,2901
Precinct,201 - Coventry,1519,1226,7,2752,2752
Precinct,202 - Kiln Creek,1063,954,6,2023,2023
Precinct,301 - Seaford,859,1963,2,2824,2824
Precinct,302 - Yorktown,727,779,1,1507,1507
Precinct,303 - Edgehill,1163,865,5,2033,2033
Precinct,401 - Harwoods Mill,1074,1570,5,2649,2649
Precinct,402 - Dare,1056,1602,5,2663,2663
Precinct,403 - Grafton,843,971,2,1816,1816
Precinct,501 - Tabb,1338,1498,2,2838,2838
Precinct,502 - Bethel,1382,1208,5,2595,2595
