,,Justin Edward Fairfax,Jill Holtzman Vogel,Write-Ins,Total Votes Cast,Undervotes
,,Democratic,Republican,,,
State,Virginia,1368261,1224519,2446,2595538,0
Locality,Accomack County,4468,6055,2,10525,0
Precinct,101 - Chincoteague,369,789,0,1158,0
Precinct,201 - Atlantic,123,394,0,517,0
Precinct,202 - Greenbackville,200,448,0,648,0
Precinct,301 - New Church,347,370,1,718,0
Precinct,401 - Bloxom,80,227,0,307,0
Precinct,402 - Parksley,167,343,0,510,0
Precinct,403 - Saxis,25,109,0,134,0
Precinct,501 - Mappsville,216,180,0,396,0
Precinct,502 - Rue,238,95,0,333,0
Precinct,601 - Accomac,329,479,0,808,0
Precinct,602 - Tangier,11,159,0,170,0
Precinct,701 - Nandua,612,815,0,1427,0
Precinct,801 - Bobtown,168,312,0,480,0
Precinct,802 - Melfa,297,271,0,568,0
Precinct,803 - Wachapreague,122,281,0,403,0
Precinct,901 - Painter,715,490,1,1206,0
Precinct,Ab - Central Absentee Precinct,449,293,0,742,0
Precinct,Provisional,0,0,0,0,0
Locality,Albemarle County,26386,15620,27,42033,0
Precinct,101 - Woodbrook,989,611,3,1603,0
Precinct,103 - Branchlands,409,159,0,568,0
Precinct,104 - Agnor-hurt,842,301,0,1143,0
Precinct,105 - Dunlora,1236,524,0,1760,0
Precinct,106 - Northside,950,732,0,1682,0
Precinct,201 - Jack Jouett,760,487,1,1248,0
Precinct,202 - University Hall,1344,340,1,1685,0
Precinct,203 - Georgetown,977,275,0,1252,0
Precinct,204 - Belfield,416,309,1,726,0
Precinct,301 - Ivy,1511,836,0,2347,0
Precinct,302 - Red Hill,991,587,1,1579,0
Precinct,304 - East Ivy,373,249,0,622,0
Precinct,305 - Country Green,927,424,4,1355,0
Precinct,306 - Porters,475,261,0,736,0
Precinct,307 - Yellow Mountain,210,170,0,380,0
Precinct,401 - Scottsville,368,431,0,799,0
Precinct,402 - Monticello,358,383,0,741,0
Precinct,405 - Cale,1865,599,3,2467,0
Precinct,406 - Stone Robinson,791,928,0,1719,0
Precinct,501 - Keswick,433,327,2,762,0
Precinct,502 - Stony Point,454,442,1,897,0
Precinct,503 - Hollymead,831,543,1,1375,0
Precinct,504 - Free Bridge,1551,764,1,2316,0
Precinct,506 - Baker-butler,964,822,1,1787,0
Precinct,601 - Crozet,1423,867,2,2292,0
Precinct,602 - Free Union,415,365,0,780,0
Precinct,603 - Earlysville,923,903,2,1828,0
Precinct,604 - Brownsville,1611,1062,1,2674,0
Precinct,Ab - Central Absentee Precinct,1963,904,2,2869,0
Precinct,Provisional,26,15,0,41,0
Locality,Alexandria City,40342,11468,56,51866,0
Precinct,101 - Ladrey Senior Building,911,374,1,1286,0
Precinct,102 - City Hall,829,505,1,1335,0
Precinct,103 - Lyles Crouch School,1374,578,1,1953,0
Precinct,104 - Durant Center,1178,314,2,1494,0
Precinct,105 - Lee Center,1598,469,0,2067,0
Precinct,106 - Cora Kelly,1689,312,2,2003,0
Precinct,107 - Mt Vernon Recreation Center,2013,414,5,2432,0
Precinct,108 - George Washington Middle Sch,1976,422,5,2403,0
Precinct,109 - Fire Department Headquarters,997,405,3,1405,0
Precinct,110 - Charles Houston Center,1211,270,2,1483,0
Precinct,111 - Potomac Yard,524,188,0,712,0
Precinct,201 - Maury School,1322,397,1,1720,0
Precinct,202 - George Mason School,1197,551,3,1751,0
Precinct,203 - Agudas Achim Synagogue,1349,330,1,1680,0
Precinct,204 - Blessed Sacrament Church,1151,457,1,1609,0
Precinct,205 - Douglas Macarthur School,1409,519,4,1932,0
Precinct,206 - Chinquapin Park Recreation Ctr,1063,343,2,1408,0
Precinct,207 - Temple Beth El Synagogue,1363,517,0,1880,0
Precinct,208 - Nova Arts Center,1271,285,4,1560,0
Precinct,209 - James K Polk School,1439,362,1,1802,0
Precinct,210 - The Hermitage,654,234,1,889,0
Precinct,302 - Patrick Henry Rec Center,991,184,2,1177,0
Precinct,303 - Charles E Beatley Library,1252,223,1,1476,0
Precinct,304 - Samuel Tucker School,1701,274,0,1975,0
Precinct,305 - John Adams School,1153,227,0,1380,0
Precinct,306 - William Ramsay School,1270,223,1,1494,0
Precinct,307 - South Port,1116,292,1,1409,0
Precinct,308 - Cameron Station Community Ctr,1328,530,1,1859,0
Precinct,Ab - Central Absentee Precinct,4941,1255,10,6206,0
Precinct,Provisional,72,14,0,86,0
Locality,Alleghany County,1376,2999,2,4377,0
Precinct,101 - Arritt,83,306,0,389,0
Precinct,103 - Dameron,33,128,0,161,0
Precinct,201 - Humpback Bridge,70,186,0,256,0
Precinct,202 - Dolly Ann,76,231,1,308,0
Precinct,301 - Callaghan,44,194,0,238,0
Precinct,302 - Griffith,132,320,0,452,0
Precinct,401 - Low Moor,90,222,1,313,0
Precinct,402 - Jackson Heights,101,284,0,385,0
Precinct,501 - Iron Gate,69,98,0,167,0
Precinct,502 - Peters Switch,137,330,0,467,0
Precinct,601 - District 1,267,382,0,649,0
Precinct,701 - District 2,202,208,0,410,0
Precinct,Ab - Central Absentee Precinct,72,110,0,182,0
Precinct,Provisional,0,0,0,0,0
Locality,Amelia County,1351,3241,2,4594,0
Precinct,101 - Number One,203,499,0,702,0
Precinct,201 - Number Two,301,624,0,925,0
Precinct,301 - Number Three,205,660,1,866,0
Precinct,401 - Number Four,207,617,1,825,0
Precinct,501 - Number Five,332,620,0,952,0
Precinct,Ab - Central Absentee Precinct,103,219,0,322,0
Precinct,Provisional,0,2,0,2,0
Locality,Amherst County,3126,6583,14,9723,0
Precinct,101 - Wright Shop,356,272,0,628,0
Precinct,102 - New Glasgow,253,567,1,821,0
Precinct,103 - Coolwell,74,336,0,410,0
Precinct,201 - Court House,511,889,1,1401,0
Precinct,202 - Temperance,143,372,0,515,0
Precinct,301 - Monroe,147,420,0,567,0
Precinct,302 - Elon,311,1091,0,1402,0
Precinct,303 - Pleasant View,80,258,0,338,0
Precinct,401 - Amelon,448,1024,3,1475,0
Precinct,402 - Lonco,103,236,0,339,0
Precinct,501 - Madison,495,904,2,1401,0
Precinct,Ab - Central Absentee Precinct,205,214,7,426,0
Precinct,Provisional,0,0,0,0,0
Locality,Appomattox County,1155,3989,5,5149,0
Precinct,101 - Vera,66,321,0,387,0
Precinct,102 - Pamplin,164,512,1,677,0
Precinct,201 - Chap,73,156,0,229,0
Precinct,202 - Spout Spring,139,691,0,830,0
Precinct,301 - Us 460,88,419,0,507,0
Precinct,302 - Stonewall,133,459,0,592,0
Precinct,401 - Courthouse,184,599,2,785,0
Precinct,501 - Oakville,169,493,1,663,0
Precinct,502 - Agee,84,197,1,282,0
Precinct,Ab - Central Absentee Precinct,55,141,0,196,0
Precinct,Provisional,0,1,0,1,0
Locality,Arlington County,66818,17615,88,84521,0
Precinct,1 - Arlington,985,197,2,1184,0
Precinct,2 - Ashton Heights,1241,299,2,1542,0
Precinct,3 - Aurora Hills,747,326,2,1075,0
Precinct,4 - Ballston,1127,294,0,1421,0
Precinct,5 - Barcroft,1018,284,1,1303,0
Precinct,6 - Crystal City,792,264,2,1058,0
Precinct,7 - Cherrydale,1178,354,2,1534,0
Precinct,8 - Hume,1282,404,2,1688,0
Precinct,9 - Columbia,1507,338,2,1847,0
Precinct,10 - Wilson,1336,378,0,1714,0
Precinct,11 - East Falls Church,843,276,0,1119,0
Precinct,12 - Fairlington,1225,397,2,1624,0
Precinct,13 - Glen Carlyn,828,204,0,1032,0
Precinct,14 - Clarendon,878,218,1,1097,0
Precinct,15 - Lyon Park,673,169,1,843,0
Precinct,16 - Lyon Village,1213,365,1,1579,0
Precinct,17 - Overlee Knolls,1305,401,2,1708,0
Precinct,18 - Park Lane,1487,398,2,1887,0
Precinct,19 - Rosslyn,1267,301,6,1574,0
Precinct,20 - Thrifton,1116,472,2,1590,0
Precinct,21 - Virginia Highlands,692,249,1,942,0
Precinct,22 - Abingdon,1359,359,4,1722,0
Precinct,23 - Westover,1216,301,0,1517,0
Precinct,24 - Woodlawn,1550,377,1,1928,0
Precinct,25 - Arlington Forest,1074,296,1,1371,0
Precinct,26 - Fillmore,1467,309,6,1782,0
Precinct,27 - Jefferson,1206,320,0,1526,0
Precinct,28 - Wakefield,1360,276,3,1639,0
Precinct,29 - Dominion Hills,1303,322,2,1627,0
Precinct,30 - Glebe,1129,193,2,1324,0
Precinct,31 - Lexington,1236,376,0,1612,0
Precinct,32 - Oakridge,436,193,1,630,0
Precinct,33 - Rock Spring,1200,480,0,1680,0
Precinct,34 - Yorktown,1106,365,1,1472,0
Precinct,35 - Madison,1142,610,3,1755,0
Precinct,36 - Marshall,1248,411,2,1661,0
Precinct,37 - Nottingham,1091,392,1,1484,0
Precinct,38 - Arlington View,1070,181,1,1252,0
Precinct,39 - Ashlawn,726,209,0,935,0
Precinct,40 - Virginia Square,1287,360,3,1650,0
Precinct,41 - Navy League,965,227,4,1196,0
Precinct,42 - Shirlington,1001,228,1,1230,0
Precinct,43 - Campbell,830,112,0,942,0
Precinct,44 - Dawson Terrace,906,170,2,1078,0
Precinct,45 - Buckingham,850,184,0,1034,0
Precinct,46 - Central,1218,340,4,1562,0
Precinct,47 - Four Mile Run,1003,166,1,1170,0
Precinct,48 - Ausa,774,243,0,1017,0
Precinct,49 - Monroe,677,156,0,833,0
Precinct,50 - Crystal Plaza,781,288,2,1071,0
Precinct,51 - Taylor,319,114,0,433,0
Precinct,52 - Gunston,782,203,2,987,0
Precinct,53 - Met Park,907,276,0,1183,0
Precinct,54 - Garfield Park,491,140,0,631,0
Precinct,Ab - Central Absentee Precinct,10291,1829,8,12128,0
Precinct,Provisional,77,21,0,98,0
Locality,Augusta County,5749,17640,17,23406,0
Precinct,101 - Jolivue,193,402,0,595,0
Precinct,102 - Stuarts Draft Elementary,199,465,0,664,0
Precinct,103 - Verona,282,848,1,1131,0
Precinct,201 - Crimora,240,862,0,1102,0
Precinct,202 - New Hope,167,631,0,798,0
Precinct,203 - Weyers Cave,307,857,0,1164,0
Precinct,301 - Fort Defiance,480,1341,1,1822,0
Precinct,302 - North River,105,400,0,505,0
Precinct,303 - Mount Solon,96,548,0,644,0
Precinct,304 - Churchville Fire Station,134,462,0,596,0
Precinct,401 - Buffalo Gap,136,525,0,661,0
Precinct,402 - Churchville Elementary,139,574,1,714,0
Precinct,403 - Craigsville,77,330,0,407,0
Precinct,404 - Deerfield,44,192,0,236,0
Precinct,405 - Cedar Green,255,668,0,923,0
Precinct,501 - Greenville,212,863,0,1075,0
Precinct,502 - Middlebrook,127,425,2,554,0
Precinct,503 - Spottswood,122,449,1,572,0
Precinct,504 - White Hill,234,916,1,1151,0
Precinct,601 - Sherando,168,557,0,725,0
Precinct,602 - Ridgeview,361,1263,2,1626,0
Precinct,603 - Lyndhurst,326,864,2,1192,0
Precinct,801 - Dooms,194,655,1,850,0
Precinct,802 - Fishersville,467,1130,1,1598,0
Precinct,803 - Wilson,387,761,2,1150,0
Precinct,Ab - Central Absentee Precinct,294,644,2,940,0
Precinct,Provisional,3,8,0,11,0
Locality,Bath County,432,1039,1,1472,0
Precinct,101 - Warm Springs,91,159,0,250,0
Precinct,102 - Mountain Grove,10,46,1,57,0
Precinct,201 - Hot Springs,77,139,0,216,0
Precinct,301 - Fairview,42,182,0,224,0
Precinct,302 - Burnsville,11,40,0,51,0
Precinct,401 - Millboro,83,215,0,298,0
Precinct,501 - Healing Springs,84,218,0,302,0
Precinct,Ab - Central Absentee Precinct,34,40,0,74,0
Precinct,Provisional,0,0,0,0,0
Locality,Bedford County,6348,21276,15,27639,0
Precinct,101 - Goodview Elem School (CD 5),199,850,1,1050,0
Precinct,102 - Hardy Vol Fire Co (CD 5),132,376,0,508,0
Precinct,103 - Chamblissburg Baptist Church (CD 5),186,597,0,783,0
Precinct,104 - Stewartsville Rescue Squad (CD 5),140,565,1,706,0
Precinct,201 - Bedford Christian Church (CD 5),92,315,0,407,0
Precinct,202 - Staunton River High School (CD 5),110,452,1,563,0
Precinct,203 - Moneta Elem School (CD 5),290,908,1,1199,0
Precinct,204 - Quaker Baptist Church (CD 5),86,303,0,389,0
Precinct,205 - Saunders Vol Fire Co (CD 5),227,725,0,952,0
Precinct,301 - New London Academy (CD 6),341,1584,0,1925,0
Precinct,302 - Bedford Regional Water Auth (CD 5),159,639,0,798,0
Precinct,303 - Bethesda United Methodist Church (CD 5),119,387,0,506,0
Precinct,304 - Forest Youth Athletic Assoc (CD 6),121,419,1,541,0
Precinct,305 - Huddleston Elem School (CD 5),74,353,0,427,0
Precinct,401 - Forest Elementary School (CD 6),313,1036,3,1352,0
Precinct,402 - Thomas Jefferson Elem School (CD 6),176,556,2,734,0
Precinct,403 - Knights Of Columbus Bldg (CD 6),388,1218,1,1607,0
Precinct,404 - St. Paul Baptist Church (CD 6),226,952,0,1178,0
Precinct,502 - Big Island Elem School (CD 6),78,236,0,314,0
Precinct,503 - Sedalia Center (CD 6),96,314,1,411,0
Precinct,504 - Suck Springs Baptist Church (CD 6),117,509,0,626,0
Precinct,505 - Boonsboro Elementary School (CD 6),340,935,1,1276,0
Precinct,506 - Boonsboro Ruritan Club (CD 6),351,1314,0,1665,0
Precinct,601 - Montvale Elem School (CD 6),178,604,0,782,0
Precinct,602 - Shady Grove Fire Department (CD 5),163,595,0,758,0
Precinct,603 - Thaxton Baptist Church #1 (CD 5),44,154,1,199,0
Precinct,604 - Bedford Welcome Center (CD 5),305,794,1,1100,0
Precinct,701 - Goode Vol Rescue Squad (CD 5),190,1030,0,1220,0
Precinct,702 - Liberty High School (CD 5),175,497,0,672,0
Precinct,703 - Thaxton Baptist Church #2 (CD 5),90,404,0,494,0
Precinct,704 - Bedford Central Library (CD 5),416,760,0,1176,0
Precinct,Ab - Central Absentee Precinct (CD 5),238,530,0,768,0
Precinct,Ab - Central Absentee Precinct (CD 6),185,356,0,541,0
Precinct,Provisional (CD 5),2,6,0,8,0
Precinct,Provisional (CD 6),1,3,0,4,0
Locality,Bland County,378,1670,2,2050,0
Precinct,101 - Bastian,44,192,0,236,0
Precinct,102 - Ceres,41,231,1,273,0
Precinct,201 - Davis,15,62,0,77,0
Precinct,202 - Seddon,99,403,0,502,0
Precinct,301 - Hollybrook,30,191,1,222,0
Precinct,302 - Mechanicsburg,20,106,0,126,0
Precinct,401 - Rocky Gap,103,417,0,520,0
Precinct,Ab - Central Absentee Precinct,26,66,0,92,0
Precinct,Provisional,0,2,0,2,0
Locality,Botetourt County,3084,9329,13,12426,0
Precinct,101 - Daleville,388,926,0,1314,0
Precinct,102 - Greenfield,287,1131,0,1418,0
Precinct,201 - Blue Ridge,287,929,0,1216,0
Precinct,202 - Rainbow Forest,296,992,3,1291,0
Precinct,301 - Buchanan,231,772,3,1006,0
Precinct,302 - Mill Creek,249,779,1,1029,0
Precinct,403 - Eagle Rock,134,552,3,689,0
Precinct,406 - Fincastle,379,1059,1,1439,0
Precinct,501 - Troutville,167,514,0,681,0
Precinct,502 - Cloverdale,445,1230,1,1676,0
Precinct,Ab - Central Absentee Precinct,218,443,1,662,0
Precinct,Provisional,3,2,0,5,0
Locality,Bristol City,1206,3009,4,4219,0
Precinct,1 - First Ward,188,454,0,642,0
Precinct,2 - Second Ward,341,718,2,1061,0
Precinct,3 - Third Ward,229,328,0,557,0
Precinct,4 - Fourth Ward,357,1329,2,1688,0
Precinct,Ab - Central Absentee Precinct,89,178,0,267,0
Precinct,Provisional,2,2,0,4,0
Locality,Brunswick County,2709,2039,1,4749,0
Precinct,101 - Brodnax,119,111,0,230,0
Precinct,102 - Rock Store,152,207,0,359,0
Precinct,103 - Tillman,138,261,0,399,0
Precinct,201 - Dromgoole,77,76,0,153,0
Precinct,202 - Edgerton,269,123,1,393,0
Precinct,203 - Fitzhugh,246,116,0,362,0
Precinct,301 - Alberta,44,59,0,103,0
Precinct,302 - Danieltown,232,209,0,441,0
Precinct,303 - Elmore,100,103,0,203,0
Precinct,304 - Seymour,107,73,0,180,0
Precinct,401 - Sturgeon,399,273,0,672,0
Precinct,402 - King's Store,174,79,0,253,0
Precinct,501 - Totaro,532,190,0,722,0
Precinct,Ab - Central Absentee Precinct,117,158,0,275,0
Precinct,Provisional,3,1,0,4,0
Locality,Buchanan County,1183,3220,7,4410,0
Precinct,102 - Blackey,30,129,0,159,0
Precinct,103 - Hurley,52,289,1,342,0
Precinct,201 - Grassy,25,31,0,56,0
Precinct,202 - Bull,48,167,1,216,0
Precinct,203 - Rocklick,71,170,0,241,0
Precinct,301 - Slate,91,207,1,299,0
Precinct,302 - North Grundy,64,217,0,281,0
Precinct,403 - South Grundy,103,352,0,455,0
Precinct,404 - Oakwood,7,38,0,45,0
Precinct,501 - Prater,100,150,0,250,0
Precinct,502 - Fox,49,45,1,95,0
Precinct,503 - Vansant,67,207,1,275,0
Precinct,601 - Council,45,131,0,176,0
Precinct,602 - Garden,66,209,1,276,0
Precinct,603 - Hurricane,69,117,0,186,0
Precinct,701 - Whitewood,115,274,0,389,0
Precinct,702 - Contrary,58,228,0,286,0
Precinct,Ab - Central Absentee Precinct,123,259,1,383,0
Precinct,Provisional,0,0,0,0,0
Locality,Buckingham County,1880,2687,2,4569,0
Precinct,101 - New Canton,253,330,0,583,0
Precinct,102 - Georgia Creek,66,114,1,181,0
Precinct,201 - White Hall,175,221,0,396,0
Precinct,301 - Curdsville,165,281,0,446,0
Precinct,302 - New Store,76,248,0,324,0
Precinct,401 - Maysville,249,446,0,695,0
Precinct,501 - Wrights,75,227,0,302,0
Precinct,502 - Glenmore,219,204,0,423,0
Precinct,601 - Slate River,328,250,0,578,0
Precinct,701 - Gold Hill,190,238,1,429,0
Precinct,Ab - Central Absentee Precinct,83,128,0,211,0
Precinct,Provisional,1,0,0,1,0
Locality,Buena Vista City,485,1135,1,1621,0
Precinct,1 - First Ward,262,652,1,915,0
Precinct,2 - Second Ward,223,483,0,706,0
Precinct,Provisional,0,0,0,0,0
Locality,Campbell County,4070,13206,23,17299,0
Precinct,101 - Brookville,331,1155,0,1486,0
Precinct,102 - New London,285,1112,1,1398,0
Precinct,201 - Walker,243,785,1,1029,0
Precinct,202 - Bedford Springs,295,1181,1,1477,0
Precinct,301 - Evington,112,386,1,499,0
Precinct,302 - Otter River,99,365,0,464,0
Precinct,303 - Altavista,398,792,0,1190,0
Precinct,401 - Three Forks,151,782,2,935,0
Precinct,402 - Court House,321,1313,3,1637,0
Precinct,501 - Spring Hill,265,1087,5,1357,0
Precinct,502 - Yellow Branch,236,599,0,835,0
Precinct,601 - Kings,240,639,1,880,0
Precinct,602 - Concord,312,1014,1,1327,0
Precinct,701 - Brookneal,213,475,0,688,0
Precinct,702 - Gladys,263,660,1,924,0
Precinct,703 - Morris Church,109,335,1,445,0
Precinct,AB - Central Absentee Precinct,197,526,5,728,0
Precinct,Provisional,0,0,0,0,0
Locality,Caroline County,4070,4261,4,8335,0
Precinct,101 - Bowling Green,262,534,1,797,0
Precinct,102 - Sparta,218,355,0,573,0
Precinct,201 - North Madison,332,293,1,626,0
Precinct,202 - South Madison,360,391,0,751,0
Precinct,301 - Port Royal,130,195,1,326,0
Precinct,302 - Woodford,378,496,1,875,0
Precinct,401 - Dawn,699,417,0,1116,0
Precinct,402 - Carmel Church,242,151,0,393,0
Precinct,501 - West Mattaponi,458,271,0,729,0
Precinct,502 - Milford,236,315,0,551,0
Precinct,601 - Chilesburg,343,355,0,698,0
Precinct,602 - Lake,238,261,0,499,0
Precinct,Ab - Central Absentee Precinct,173,227,0,400,0
Precinct,Provisional,1,0,0,1,0
Locality,Carroll County,1759,6445,3,8207,0
Precinct,101 - Mt Bethel,63,224,0,287,0
Precinct,102 - St Paul,87,349,0,436,0
Precinct,103 - Lambsburg,40,209,1,250,0
Precinct,105 - Fancy Gap,105,311,1,417,0
Precinct,201 - Hillsville B,238,700,0,938,0
Precinct,202 - Laurel Fork,76,262,0,338,0
Precinct,203 - Gladesboro,119,370,0,489,0
Precinct,301 - Hillsville C,222,736,1,959,0
Precinct,302 - Sylvatus,69,301,0,370,0
Precinct,303 - Dugspur,41,157,0,198,0
Precinct,402 - Woodlawn D,167,546,0,713,0
Precinct,403 - Oakland D,81,345,0,426,0
Precinct,405 - Oakland A,77,245,0,322,0
Precinct,406 - Woodlawn F,22,92,0,114,0
Precinct,501 - Vaughan,41,207,0,248,0
Precinct,502 - Gladeville,104,547,0,651,0
Precinct,503 - Woodlawn E,55,267,0,322,0
Precinct,504 - Laurel,51,296,0,347,0
Precinct,Ab - Central Absentee Precinct,101,276,0,377,0
Precinct,Provisional,0,5,0,5,0
Locality,Charles City County,1698,1005,1,2704,0
Precinct,101 - Precinct 1-1,497,362,0,859,0
Precinct,201 - Precinct 2-1,520,251,0,771,0
Precinct,301 - Precinct 3-1,533,320,1,854,0
Precinct,Ab - Central Absentee Precinct,148,71,0,219,0
Precinct,Provisional,0,1,0,1,0
Locality,Charlotte County,1393,2582,7,3982,0
Precinct,101 - County Seat,205,356,0,561,0
Precinct,201 - Red Oak Wylliesburg,194,396,0,590,0
Precinct,302 - Drakes Branch,146,295,0,441,0
Precinct,401 - Keysville,199,396,0,595,0
Precinct,501 - Cullen/Red House,188,300,4,492,0
Precinct,602 - Phenix,185,453,2,640,0
Precinct,702 - Bacon/Saxe,180,281,1,462,0
Precinct,Ab - Central Absentee Precinct,95,105,0,200,0
Precinct,Provisional,1,0,0,1,0
Locality,Charlottesville City,13687,2562,18,16267,0
Precinct,101 - Recreation,1769,343,5,2117,0
Precinct,102 - Clark,1719,286,3,2008,0
Precinct,201 - Carver,1421,166,3,1590,0
Precinct,202 - Walker,1926,504,0,2430,0
Precinct,301 - Benjamin Tonsler,1387,170,1,1558,0
Precinct,302 - Johnson,1738,386,2,2126,0
Precinct,303 - Buford,819,128,0,947,0
Precinct,401 - Venable,682,107,3,792,0
Precinct,402 - Alumni Hall,984,266,0,1250,0
Precinct,Ab - Central Absentee Precinct,1212,200,1,1413,0
Precinct,Provisional,30,6,0,36,0
Locality,Chesapeake City,37034,35086,54,72174,0
Precinct,1 - Great Bridge (CD 4),421,790,0,1211,0
Precinct,2 - Bethel (CD 4),233,883,1,1117,0
Precinct,3 - Camelot (CD 3),1488,85,1,1574,0
Precinct,4 - Churchland (CD 3),327,659,0,986,0
Precinct,5 - Crestwood (CD 3),1079,102,1,1182,0
Precinct,6 - Deep Creek (CD 4),1203,911,0,2114,0
Precinct,7 - Greenbrier (CD 4),587,856,0,1443,0
Precinct,8 - South Norfolk Recreation (CD 3),657,542,0,1199,0
Precinct,9 - Bells Mill (CD 4),753,1404,2,2159,0
Precinct,10 - Oscar Smith (CD 3),260,282,0,542,0
Precinct,11 - Geneva Park (CD 3),375,453,1,829,0
Precinct,12 - Georgetown (CD 3),1001,148,0,1149,0
Precinct,13 - Gilmerton (CD 3),500,514,1,1015,0
Precinct,14 - Grassfield (CD 4),153,220,0,373,0
Precinct,15 - B M Williams (CD 3),634,385,1,1020,0
Precinct,16 - Hickory Grove (CD 4),364,937,0,1301,0
Precinct,17 - Indian Creek (CD 4),237,638,1,876,0
Precinct,18 - Indian River (CD 3),542,260,0,802,0
Precinct,19 - Jolliff (CD 4),315,599,0,914,0
Precinct,20 - E W Chittum (CD 4),602,805,2,1409,0
Precinct,20 - E W Chittum (CD 3),4,9,0,13,0
Precinct,21 - Fellowship (CD 3),560,685,0,1245,0
Precinct,22 - Norfolk Highlands (CD 3),295,400,0,695,0
Precinct,23 - Oak Grove (CD 4),657,544,1,1202,0
Precinct,24 - Oaklette (CD 3),592,368,2,962,0
Precinct,25 - St Julians (CD 3),307,272,2,581,0
Precinct,26 - Johnson Park (CD 3),348,158,2,508,0
Precinct,27 - Silverwood (CD 3),626,853,2,1481,0
Precinct,28 - Sunray I (CD 4),48,125,0,173,0
Precinct,29 - Tanglewood (CD 3),296,650,1,947,0
Precinct,30 - South Norfolk (CD 3),520,27,0,547,0
Precinct,31 - Carver School (CD 3),1071,164,3,1238,0
Precinct,32 - Providence (CD 3),1333,57,1,1391,0
Precinct,33 - Westover (CD 3),246,386,2,634,0
Precinct,34 - Hickory Middle School (CD 4),436,1271,0,1707,0
Precinct,35 - Taylor Road (CD 3),546,245,3,794,0
Precinct,36 - Great Bridge Baptist Church (CD 4),648,1145,1,1794,0
Precinct,37 - Bridgetown (CD 4),374,645,1,1020,0
Precinct,38 - Bailey Creek (CD 3),336,765,0,1101,0
Precinct,39 - Lake Drummond (CD 4),181,326,1,508,0
Precinct,40 - River Birch (CD 3),822,609,0,1431,0
Precinct,41 - John T West (CD 4),1105,763,1,1869,0
Precinct,42 - Parkways (CD 3),613,416,0,1029,0
Precinct,43 - Pleasant Crossing (CD 4),264,774,0,1038,0
Precinct,44 - Nansemond (CD 3),513,373,0,886,0
Precinct,45 - Sunray II (CD 4),330,148,0,478,0
Precinct,46 - Bells Mill II (CD 4),498,578,0,1076,0
Precinct,47 - Green Sea (CD 4),200,470,0,670,0
Precinct,48 - Jolliff Middle School (CD 4),1311,105,1,1417,0
Precinct,49 - Waterway (CD 4),1065,1176,2,2243,0
Precinct,50 - River Walk (CD 4),770,511,2,1283,0
Precinct,51 - Coopers Way (CD 4),358,1059,1,1418,0
Precinct,52 - Shipyard Road (CD 4),776,455,2,1233,0
Precinct,53 - Fairways (CD 3),461,348,0,809,0
Precinct,54 - Pughsville (CD 3),809,322,0,1131,0
Precinct,55 - Georgetown East (CD 3),757,176,1,934,0
Precinct,56 - Green Tree (CD 3),637,344,0,981,0
Precinct,57 - Cypress (CD 3),663,443,6,1112,0
Precinct,58 - Expressway (CD 4),352,128,1,481,0
Precinct,59 - Clearfield (CD 4),460,437,1,898,0
Precinct,60 - Parker Road (CD 4),505,1017,1,1523,0
Precinct,61 - Centerville (CD 4),302,742,0,1044,0
Precinct,62 - Fentress (CD 4),436,835,0,1271,0
Precinct,63 - Poplar Branch (CD 4),206,610,0,816,0
Precinct,AB - Central Absentee Precinct (CD 3),754,473,1,1228,0
Precinct,Ab - Central Absentee Precinct (CD 4),880,1169,1,2050,0
Precinct,Provisional (CD 3),12,9,0,21,0
Precinct,Provisional (CD 4),20,28,0,48,0
Locality,Chesterfield County,57845,60386,97,118328,0
Precinct,101 - Bellwood (CD 4),431,400,0,831,0
Precinct,102 - South Chester (CD 4),639,745,3,1387,0
Precinct,103 - Enon (CD 4),748,1068,0,1816,0
Precinct,104 - North Chester (CD 4),625,1011,2,1638,0
Precinct,105 - Drewrys Bluff (CD 7),505,385,1,891,0
Precinct,106 - Harrowgate (CD 4),1153,964,2,2119,0
Precinct,107 - Wells (CD 4),728,726,1,1455,0
Precinct,108 - Ecoff (CD 4),785,1383,1,2169,0
Precinct,109 - Elizabeth Scott (CD 4),1148,1125,0,2273,0
Precinct,110 - Dutch Gap (CD 4),506,547,1,1054,0
Precinct,111 - Iron Bridge (CD 4),1169,1278,3,2450,0
Precinct,112 - Carver (CD 4),706,629,1,1336,0
Precinct,201 - Gates (CD 4),528,657,1,1186,0
Precinct,202 - Beulah (CD 7),1075,593,1,1669,0
Precinct,203 - Bird (CD 4),195,218,0,413,0
Precinct,204 - Jacobs (CD 7),583,460,1,1044,0
Precinct,205 - Falling Creek (CD 7),818,443,0,1261,0
Precinct,206 - Belmont (CD 7),707,138,0,845,0
Precinct,207 - Chippenham (CD 7),367,134,0,501,0
Precinct,208 - Meadowbrook (CD 7),999,388,2,1389,0
Precinct,209 - Salem Church (CD 4),817,892,0,1709,0
Precinct,210 - Five Forks (CD 7),1335,694,4,2033,0
Precinct,211 - Nash (CD 4),814,1550,0,2364,0
Precinct,212 - St. Luke's (CD 7),388,503,1,892,0
Precinct,213 - Southside (CD 7),1816,476,0,2292,0
Precinct,214 - Hopkins (CD 7),139,23,0,162,0
Precinct,215 - North Bird (CD 7),389,153,0,542,0
Precinct,301 - Ettrick (CD 4),1251,301,3,1555,0
Precinct,302 - Deer Run (CD 7),265,392,1,658,0
Precinct,303 - Matoaca (CD 4),971,897,2,1870,0
Precinct,304 - Winfrees Store (CD 4),499,1394,2,1895,0
Precinct,305 - Beach (CD 4),142,551,2,695,0
Precinct,306 - Winterpock (CD 7),483,1442,1,1926,0
Precinct,307 - Cosby (CD 7),935,1093,3,2031,0
Precinct,308 - South Manchester (CD 7),297,227,1,525,0
Precinct,309 - Skinquarter (CD 7),984,1733,1,2718,0
Precinct,310 - Tomahawk (CD 7),738,1003,3,1744,0
Precinct,313 - Woolridge (CD 7),990,1324,3,2317,0
Precinct,315 - Bailey Bridge (CD 7),551,1230,0,1781,0
Precinct,316 - Spring Run (CD 7),642,829,0,1471,0
Precinct,317 - Birkdale (CD 7),880,1261,2,2143,0
Precinct,318 - West Beach (CD 7),240,328,1,569,0
Precinct,401 - Harbour Pointe (CD 7),486,630,0,1116,0
Precinct,402 - Genito (CD 7),1255,1139,1,2395,0
Precinct,403 - Brandermill (CD 7),838,975,5,1818,0
Precinct,404 - Providence (CD 7),854,676,3,1533,0
Precinct,405 - La Prade (CD 7),842,929,1,1772,0
Precinct,406 - Smoketree (CD 7),670,949,1,1620,0
Precinct,407 - Monacan (CD 7),439,580,1,1020,0
Precinct,408 - Reams (CD 7),1285,750,2,2037,0
Precinct,409 - Manchester (CD 7),510,410,2,922,0
Precinct,410 - Wagstaff (CD 7),481,479,1,961,0
Precinct,411 - Swift Creek (CD 7),793,922,0,1715,0
Precinct,413 - Shenandoah (CD 7),777,661,1,1439,0
Precinct,414 - Crenshaw (CD 7),1006,1023,1,2030,0
Precinct,415 - Evergreen (CD 7),805,901,2,1708,0
Precinct,416 - Evergreen West (CD 7),403,401,0,804,0
Precinct,417 - Edgewater (CD 7),397,413,0,810,0
Precinct,501 - Huguenot (CD 7),685,544,1,1230,0
Precinct,502 - Crestwood (CD 7),499,505,2,1006,0
Precinct,503 - Midlothian (CD 7),728,945,1,1674,0
Precinct,504 - Robious (CD 7),1149,1564,0,2713,0
Precinct,505 - Bon Air (CD 7),1022,945,3,1970,0
Precinct,506 - Greenfield (CD 7),926,775,1,1702,0
Precinct,507 - Salisbury (CD 7),915,1543,5,2463,0
Precinct,508 - Belgrade (CD 7),756,820,1,1577,0
Precinct,509 - Cranbeck (CD 7),622,438,1,1061,0
Precinct,510 - Sycamore (CD 7),776,1076,2,1854,0
Precinct,511 - Black Heath (CD 7),507,785,0,1292,0
Precinct,513 - Beaufont (CD 7),500,176,1,677,0
Precinct,514 - Watkins (CD 7),868,1197,1,2066,0
Precinct,515 - Davis (CD 7),1001,233,0,1234,0
Precinct,516 - Pocoshock (CD 7),660,191,2,853,0
Precinct,517 - Roseland (CD 7),265,443,1,709,0
Precinct,518 - Midlothian North (CD 7),739,1276,1,2016,0
Precinct,Ab - Central Absentee Precinct (CD 4),881,1164,1,2046,0
Precinct,Ab - Central Absentee Precinct (CD 7),2179,2219,1,4399,0
Precinct,Provisional (CD 4),14,9,0,23,0
Precinct,Provisional (CD 7),331,112,1,444,0
Locality,Clarke County,2247,3290,7,5544,0
Precinct,101 - Russell,344,712,0,1056,0
Precinct,201 - Berryville,417,499,2,918,0
Precinct,301 - Millwood,321,457,0,778,0
Precinct,302 - Pine Grove,128,215,1,344,0
Precinct,401 - White Post,421,590,1,1012,0
Precinct,501 - Buckmarsh,288,441,1,730,0
Precinct,502 - Blue Ridge,124,153,1,278,0
Precinct,Ab - Central Absentee Precinct,203,220,1,424,0
Precinct,Provisional,1,3,0,4,0
Locality,Colonial Heights City,1310,3816,2,5128,0
Precinct,1 - First,223,404,1,628,0
Precinct,2 - Second,191,549,0,740,0
Precinct,3 - Third,261,665,1,927,0
Precinct,4 - Fourth,315,790,0,1105,0
Precinct,5 - Fifth,228,1000,0,1228,0
Precinct,Ab - Central Absentee Precinct,92,407,0,499,0
Precinct,Provisional,0,1,0,1,0
Locality,Covington City,492,845,1,1338,0
Precinct,101 - Precinct 1-1,70,126,0,196,0
Precinct,201 - Precinct 2-1,99,145,0,244,0
Precinct,301 - Precinct 3-1,115,89,0,204,0
Precinct,401 - Precinct 4-1,97,251,1,349,0
Precinct,501 - Precinct 5-1,81,213,0,294,0
Precinct,Ab - Central Absentee Precinct,30,21,0,51,0
Precinct,Provisional,0,0,0,0,0
Locality,Craig County,390,1438,1,1829,0
Precinct,101 - Court House,57,265,0,322,0
Precinct,201 - Ammendale Precinct,65,329,0,394,0
Precinct,301 - Givens & Reynolds Store,74,161,0,235,0
Precinct,303 - Marshalls Store,68,125,0,193,0
Precinct,401 - Barbours Creek,32,126,0,158,0
Precinct,402 - Paint Bank,9,27,0,36,0
Precinct,403 - Craig Springs,37,139,1,177,0
Precinct,501 - Craig City,48,266,0,314,0
Precinct,Provisional,0,0,0,0,0
Locality,Culpeper County,4842,8660,16,13518,0
Precinct,101 - West Fairfax,759,768,1,1528,0
Precinct,201 - East Fairfax,656,554,1,1211,0
Precinct,302 - Eggbornsville,224,577,0,801,0
Precinct,303 - Cardova,165,425,1,591,0
Precinct,304 - Willow Shade,133,148,0,281,0
Precinct,401 - Eldorado,256,544,1,801,0
Precinct,402 - Browns Store,479,966,2,1447,0
Precinct,501 - Jeffersonton,356,849,1,1206,0
Precinct,502 - Rixeyville,339,807,2,1148,0
Precinct,601 - Mitchells,50,147,0,197,0
Precinct,602 - Pearl Sample,424,778,3,1205,0
Precinct,603 - South Ridge,155,198,1,354,0
Precinct,702 - Brandy Station,310,764,2,1076,0
Precinct,703 - Lignum,153,420,0,573,0
Precinct,704 - Richardsville,66,250,0,316,0
Precinct,Ab - Central Absentee Precinct,312,458,1,771,0
Precinct,Provisional,5,7,0,12,0
Locality,Cumberland County,1279,1839,2,3120,0
Precinct,101 - Precinct 1,262,412,1,675,0
Precinct,201 - Precinct 2,198,422,0,620,0
Precinct,301 - Precinct 3,329,234,0,563,0
Precinct,401 - Precinct 4,178,383,1,562,0
Precinct,501 - Precinct 5,260,308,0,568,0
Precinct,Ab - Central Absentee Precinct,50,79,0,129,0
Precinct,Provisional,2,1,0,3,0
Locality,Danville City,6095,4808,8,10911,0
Precinct,1 - Ward One,209,36,1,246,0
Precinct,2 - Ward Two,202,127,0,329,0
Precinct,3 - Ward Three,447,206,1,654,0
Precinct,4 - Ward Four,572,599,1,1172,0
Precinct,6 - Ward Six,244,35,0,279,0
Precinct,7 - Ward Seven,441,79,1,521,0
Precinct,8 - Ward Eight,324,178,0,502,0
Precinct,9 - Ward Nine,264,203,0,467,0
Precinct,10 - Ward Ten,339,312,1,652,0
Precinct,11 - Ward Eleven,637,323,0,960,0
Precinct,12 - Ward Twelve,625,463,0,1088,0
Precinct,13 - Ward Thirteen,513,341,0,854,0
Precinct,14 - Ward Fourteen,119,3,0,122,0
Precinct,15 - Ward Fifteen,366,402,1,769,0
Precinct,16 - Ward Sixteen,351,577,1,929,0
Precinct,17 - Ward Seventeen,221,632,0,853,0
Precinct,Ab - Central Absentee Precinct,220,291,1,512,0
Precinct,Provisional,1,1,0,2,0
Locality,Dickenson County,995,2400,3,3398,0
Precinct,101 - South Clintwood,193,477,2,672,0
Precinct,201 - Nora,55,164,1,220,0
Precinct,202 - Frying Pan,20,76,0,96,0
Precinct,203 - Clinchco,82,166,0,248,0
Precinct,301 - West Dante,15,112,0,127,0
Precinct,302 - Herald,31,179,0,210,0
Precinct,303 - Ridge,67,285,0,352,0
Precinct,401 - Haysi-colley,192,301,0,493,0
Precinct,501 - Tarpon,57,104,0,161,0
Precinct,502 - North Clintwood,137,365,0,502,0
Precinct,Ab - Central Absentee Precinct,145,171,0,316,0
Precinct,Provisional,1,0,0,1,0
Locality,Dinwiddie County,3648,4655,5,8308,0
Precinct,101 - White Oak,82,253,0,335,0
Precinct,102 - Rocky Run,138,371,1,510,0
Precinct,103 - Church Road,164,646,0,810,0
Precinct,201 - Rohoic,245,161,1,407,0
Precinct,202 - Sutherland,445,686,0,1131,0
Precinct,301 - Reams,106,211,0,317,0
Precinct,302 - New Hope,207,379,0,586,0
Precinct,303 - Little Zion,450,350,0,800,0
Precinct,401 - Dinwiddie,330,490,1,821,0
Precinct,402 - Mckenney,189,248,1,438,0
Precinct,403 - Cherry Hill,182,162,0,344,0
Precinct,501 - Edgehill,94,39,0,133,0
Precinct,502 - Chesdin,762,344,1,1107,0
Precinct,Ab - Central Absentee Precinct,254,315,0,569,0
Precinct,Provisional,0,0,0,0,0
Locality,Emporia City,918,693,2,1613,0
Precinct,101 - Precinct 1-1,161,85,0,246,0
Precinct,201 - Precinct 2-1,144,8,0,152,0
Precinct,301 - Precinct 3-1,95,139,0,234,0
Precinct,401 - Precinct 4-1,125,162,2,289,0
Precinct,501 - Precinct 5-1,127,4,0,131,0
Precinct,601 - District 6,119,187,0,306,0
Precinct,701 - District 7,112,60,0,172,0
Precinct,AB - Central Absentee Precinct,35,48,0,83,0
Precinct,Provisional,0,0,0,0,0
Locality,Essex County,1681,2008,3,3692,0
Precinct,101 - Greater Tappahannock,344,416,2,762,0
Precinct,201 - North,486,312,0,798,0
Precinct,301 - South,329,616,0,945,0
Precinct,401 - Central,376,514,0,890,0
Precinct,Ab - Central Absentee Precinct,146,149,1,296,0
Precinct,Provisional,0,1,0,1,0
Locality,Fairfax City,5340,2894,7,8241,0
Precinct,1 - One,703,368,3,1074,0
Precinct,2 - Two,708,461,2,1171,0
Precinct,3 - Three,1002,571,0,1573,0
Precinct,4 - Four,907,488,0,1395,0
Precinct,5 - Five,731,363,0,1094,0
Precinct,6 - Six,688,353,1,1042,0
Precinct,Ab - Central Absentee Precinct,594,289,1,884,0
Precinct,Provisional,7,1,0,8,0
Locality,Fairfax County,251388,122021,424,373833,0
Precinct,104 - Chapel (CD 11),822,543,1,1366,0
Precinct,105 - Fairview (CD 11),1537,832,1,2370,0
Precinct,106 - Heritage (CD 11),1065,329,1,1395,0
Precinct,108 - Kings Park (CD 11),796,471,2,1269,0
Precinct,109 - Little Run (CD 11),510,279,0,789,0
Precinct,110 - North Springfield (CD 11),1271,613,2,1886,0
Precinct,113 - Canterbury (CD 11),1382,751,5,2138,0
Precinct,114 - Olde Creek (CD 11),632,397,1,1030,0
Precinct,115 - Ravensworth (CD 11),508,375,0,883,0
Precinct,116 - Wakefield (CD 11),890,433,2,1325,0
Precinct,117 - Woodson (CD 11),886,522,2,1410,0
Precinct,118 - Lake Braddock (CD 11),1326,570,2,1898,0
Precinct,119 - Laurel (CD 11),1347,754,0,2101,0
Precinct,120 - Sideburn (CD 11),973,744,5,1722,0
Precinct,121 - Villa (CD 11),611,356,1,968,0
Precinct,123 - Robinson (CD 11),1265,771,2,2038,0
Precinct,125 - Signal Hill (CD 11),1021,594,3,1618,0
Precinct,126 - Bonnie Brae (CD 11),844,373,3,1220,0
Precinct,127 - Burke Centre (CD 11),1447,681,2,2130,0
Precinct,128 - Cardinal (CD 11),755,363,1,1119,0
Precinct,129 - Keene Mill (CD 11),604,324,0,928,0
Precinct,130 - Terra Centre (CD 11),768,461,0,1229,0
Precinct,131 - Eagle View (CD 11),999,494,3,1496,0
Precinct,132 - Monument (CD 11),1180,416,2,1598,0
Precinct,133 - Danbury (CD 11),243,118,0,361,0
Precinct,134 - University (CD 11),1103,182,0,1285,0
Precinct,201 - Armstrong (CD 11),1277,564,0,1841,0
Precinct,202 - Flint Hill (CD 11),997,665,3,1665,0
Precinct,203 - Floris (CD 11),1251,712,0,1963,0
Precinct,204 - Madison (CD 11),273,112,0,385,0
Precinct,208 - Reston #1 (CD 11),1246,368,1,1615,0
Precinct,209 - Reston #2 (CD 11),1276,297,6,1579,0
Precinct,213 - Vienna #1 (CD 11),1401,722,1,2124,0
Precinct,214 - Vienna #2 (CD 11),1093,575,4,1672,0
Precinct,216 - Vienna #4 (CD 11),576,239,1,816,0
Precinct,218 - Vienna #6 (CD 11),809,333,1,1143,0
Precinct,219 - Westbriar (CD 11),1214,638,0,1852,0
Precinct,220 - Dogwood (CD 11),1430,449,1,1880,0
Precinct,221 - Hunters Woods (CD 11),1104,494,1,1599,0
Precinct,222 - Reston #3 (CD 11),1003,203,3,1209,0
Precinct,223 - Glade (CD 11),1548,471,3,2022,0
Precinct,224 - South Lakes (CD 11),1878,541,3,2422,0
Precinct,225 - Hughes (CD 11),1419,337,3,1759,0
Precinct,226 - Wolftrap (CD 11),1231,764,1,1996,0
Precinct,227 - Sunrise Valley (CD 11),650,329,1,980,0
Precinct,229 - Fox Mill (CD 10),1547,947,5,2499,0
Precinct,233 - North Point (CD 11),1126,632,3,1761,0
Precinct,234 - Aldrin (CD 11),1068,448,2,1518,0
Precinct,235 - Frying Pan (CD 11),1022,309,3,1334,0
Precinct,236 - Stuart (CD 11),506,234,1,741,0
Precinct,237 - Mcnair (CD 11),1041,298,1,1340,0
Precinct,238 - Cameron Glen (CD 11),1031,462,2,1495,0
Precinct,240 - Colvin (CD 10),727,524,3,1254,0
Precinct,301 - Chain Bridge (CD 10),912,666,3,1581,0
Precinct,302 - Chesterbrook (CD 8),895,533,3,1431,0
Precinct,303 - Churchill (CD 10),461,307,0,768,0
Precinct,304 - Cooper (CD 10),566,424,0,990,0
Precinct,305 - El Nido (CD 8),787,389,0,1176,0
Precinct,306 - Great Falls (CD 10),558,521,0,1079,0
Precinct,307 - Haycock (CD 8),908,432,2,1342,0
Precinct,309 - Kenmore (CD 10),1012,718,2,1732,0
Precinct,310 - Kirby (CD 8),737,321,0,1058,0
Precinct,311 - Langley (CD 10),579,465,4,1048,0
Precinct,312 - Longfellow (CD 8),872,400,2,1274,0
Precinct,314 - Mclean (CD 10),752,439,0,1191,0
Precinct,315 - Pimmit (CD 8),1069,482,3,1554,0
Precinct,316 - Salona #1 (CD 8),288,206,2,496,0
Precinct,317 - Westhampton (CD 8),833,383,1,1217,0
Precinct,318 - Westmoreland (CD 8),526,258,0,784,0
Precinct,319 - Herndon #1 (CD 11),1303,646,6,1955,0
Precinct,320 - Herndon #2 (CD 11),1347,509,6,1862,0
Precinct,321 - Clearview (CD 10),1277,736,3,2016,0
Precinct,322 - Forestville (CD 10),740,747,1,1488,0
Precinct,323 - Shouse (CD 10),724,479,1,1204,0
Precinct,324 - Herndon #3 (CD 11),1097,412,3,1512,0
Precinct,325 - Hutchison (CD 11),791,163,1,955,0
Precinct,327 - Sugarland (CD 10),1124,675,1,1800,0
Precinct,328 - Hickory (CD 10),885,683,3,1571,0
Precinct,329 - Seneca (CD 10),943,767,0,1710,0
Precinct,331 - Spring Hill (CD 10),665,472,0,1137,0
Precinct,332 - Coates (CD 11),1019,267,2,1288,0
Precinct,333 - Salona #2 (CD 8),561,341,2,904,0
Precinct,401 - Bush Hill (CD 8),1123,606,2,1731,0
Precinct,402 - Cameron (CD 8),416,161,1,578,0
Precinct,403 - Forestdale (CD 8),466,173,1,640,0
Precinct,404 - Franconia (CD 8),1206,407,2,1615,0
Precinct,405 - Groveton (CD 8),658,187,3,848,0
Precinct,406 - Hayfield (CD 8),764,551,4,1319,0
Precinct,408 - Mount Eagle (CD 8),939,257,2,1198,0
Precinct,409 - Pioneer (CD 8),1206,401,2,1609,0
Precinct,410 - Rose Hill (CD 8),1358,701,2,2061,0
Precinct,411 - Virginia Hills (CD 8),790,313,0,1103,0
Precinct,413 - Fairfield (CD 8),778,105,0,883,0
Precinct,415 - Crestwood (CD 8),812,374,3,1189,0
Precinct,417 - Garfield (CD 8),1079,458,0,1537,0
Precinct,418 - Lynbrook (CD 8),654,216,1,871,0
Precinct,419 - Lane (CD 8),1234,373,2,1609,0
Precinct,420 - Villages (CD 8),1382,540,2,1924,0
Precinct,421 - Kingstowne (CD 8),1189,414,2,1605,0
Precinct,422 - Van Dorn (CD 8),1223,454,1,1678,0
Precinct,423 - Clermont (CD 8),945,455,2,1402,0
Precinct,424 - Huntley (CD 8),973,441,1,1415,0
Precinct,426 - Greenspring (CD 11),742,428,1,1171,0
Precinct,427 - Island Creek (CD 8),919,361,3,1283,0
Precinct,428 - Pinewood (CD 8),1081,199,0,1280,0
Precinct,429 - Hybla Valley (CD 8),1060,185,1,1246,0
Precinct,501 - Baileys (CD 8),1212,340,2,1554,0
Precinct,502 - Barcroft (CD 11),550,249,0,799,0
Precinct,503 - Belvedere (CD 11),637,241,1,879,0
Precinct,504 - Bristow (CD 11),791,276,1,1068,0
Precinct,505 - Glen Forest (CD 8),977,284,2,1263,0
Precinct,506 - Holmes #1 (CD 8),176,39,0,215,0
Precinct,507 - Lincolnia (CD 8),1150,350,0,1500,0
Precinct,508 - Masonville (CD 11),1000,405,4,1409,0
Precinct,509 - Plaza (CD 8),409,72,2,483,0
Precinct,510 - Parklawn (CD 8),766,304,1,1071,0
Precinct,511 - Ravenwood (CD 11),940,387,1,1328,0
Precinct,512 - Sleepy Hollow (CD 11),548,251,0,799,0
Precinct,513 - Saint Albans (CD 8),319,144,0,463,0
Precinct,513 - Saint Albans (CD 11),593,246,2,841,0
Precinct,514 - Crossroads (CD 8),502,90,0,592,0
Precinct,515 - Westlawn (CD 8),612,186,0,798,0
Precinct,516 - Weyanoke (CD 8),1065,313,3,1381,0
Precinct,517 - Willston (CD 8),578,161,0,739,0
Precinct,518 - Columbia (CD 11),839,370,2,1211,0
Precinct,519 - Hummer (CD 11),565,284,0,849,0
Precinct,520 - Skyline (CD 8),826,180,3,1009,0
Precinct,521 - Brook Hill (CD 8),676,330,2,1008,0
Precinct,522 - Camelot (CD 11),520,310,2,832,0
Precinct,523 - Poe (CD 8),863,377,1,1241,0
Precinct,525 - Walnut Hill (CD 8),1082,451,0,1533,0
Precinct,526 - Bren Mar (CD 8),1214,338,1,1553,0
Precinct,527 - Edsall (CD 8),678,269,4,951,0
Precinct,528 - Ridgelea (CD 11),456,242,1,699,0
Precinct,530 - Holmes #2 (CD 11),671,157,1,829,0
Precinct,601 - Belle Haven (CD 8),661,473,2,1136,0
Precinct,602 - Belleview (CD 8),830,389,1,1220,0
Precinct,604 - Bucknell (CD 8),1190,336,2,1528,0
Precinct,605 - Fort Hunt (CD 8),784,564,1,1349,0
Precinct,606 - Hollin Hall (CD 8),955,550,4,1509,0
Precinct,607 - Huntington (CD 8),1366,442,1,1809,0
Precinct,608 - Kirkside (CD 8),803,323,0,1126,0
Precinct,609 - Marlan (CD 8),727,506,0,1233,0
Precinct,610 - Sherwood (CD 8),723,279,0,1002,0
Precinct,611 - Stratford (CD 8),963,634,3,1600,0
Precinct,612 - Waynewood (CD 8),464,327,0,791,0
Precinct,613 - Westgate (CD 8),907,1001,5,1913,0
Precinct,614 - Riverside (CD 8),664,510,4,1178,0
Precinct,615 - Woodley (CD 8),868,544,3,1415,0
Precinct,616 - Gunston (CD 8),657,565,2,1224,0
Precinct,617 - Lorton (CD 8),763,166,0,929,0
Precinct,618 - Newington (CD 11),1608,808,1,2417,0
Precinct,619 - Belvoir (CD 8),1065,554,1,1620,0
Precinct,621 - Grosvenor (CD 8),763,217,3,983,0
Precinct,622 - Lorton Station (CD 8),1189,303,0,1492,0
Precinct,623 - Alban (CD 8),992,380,2,1374,0
Precinct,626 - Saratoga (CD 8),1133,604,3,1740,0
Precinct,627 - Woodlawn (CD 8),1222,370,0,1592,0
Precinct,628 - Laurel Hill (CD 11),1334,414,1,1749,0
Precinct,629 - South County (CD 11),860,627,0,1487,0
Precinct,630- Army (CD 8),239,138,0,377,0
Precinct,701 - Blake (CD 11),1497,562,2,2061,0
Precinct,703 - Fort Buffalo (CD 8),698,190,3,891,0
Precinct,704 - Freedom Hill (CD 11),793,334,2,1129,0
Precinct,705 - Graham - Greenway (CD 8),1327,433,1,1761,0
Precinct,707 - Mantua (CD 11),803,425,0,1228,0
Precinct,708 - Marshall (CD 8),1762,505,5,2272,0
Precinct,709 - Mosby (CD 11),1078,354,2,1434,0
Precinct,710 - Pine Spring (CD 8),821,289,2,1112,0
Precinct,711 - Price (CD 11),748,363,1,1112,0
Precinct,712 - Shreve (CD 8),606,261,0,867,0
Precinct,713 - Timber Lane (CD 8),1143,341,1,1485,0
Precinct,714 - Walker (CD 11),1089,418,0,1507,0
Precinct,717 - Woodburn (CD 11),691,249,2,942,0
Precinct,718 - Pine Ridge (CD 11),770,324,1,1095,0
Precinct,720 - Thoreau (CD 11),1115,496,5,1616,0
Precinct,721 - Merrifield (CD 11),1267,348,4,1619,0
Precinct,723 - Gallows East (CD 11),602,182,1,785,0
Precinct,726 - Magarity (CD 8),1185,431,1,1617,0
Precinct,727 - Oakton (CD 11),775,549,0,1324,0
Precinct,729 - Nottoway (CD 11),1242,491,3,1736,0
Precinct,730 - Penderbrook (CD 11),1068,547,0,1615,0
Precinct,731 - Tysons (CD 11),747,251,4,1002,0
Precinct,732 - Oak Marr (CD 11),1091,717,0,1808,0
Precinct,733 - Kilmer (CD 11),1419,525,2,1946,0
Precinct,734 - Hunters Branch (CD 11),750,244,3,997,0
Precinct,735 - Rotonda (CD 11),432,176,3,611,0
Precinct,801 - Burke (CD 11),1504,693,10,2207,0
Precinct,802 - Cedar Lake (CD 11),371,140,0,511,0
Precinct,803 - Clifton (CD 10),986,1200,1,2187,0
Precinct,804 - Colchester (CD 10),498,498,1,997,0
Precinct,805 - Fairfax Station (CD 10),438,442,0,880,0
Precinct,806 - Sydenstricker (CD 11),1061,670,1,1732,0
Precinct,807 - Hunt Valley (CD 11),680,474,3,1157,0
Precinct,811 - Pohick (CD 11),726,263,0,989,0
Precinct,812 - Valley (CD 11),934,534,1,1469,0
Precinct,815 - Woodyard (CD 10),662,768,0,1430,0
Precinct,824 - Orange (CD 11),1303,815,2,2120,0
Precinct,825 - Cherry Run (CD 11),896,600,3,1499,0
Precinct,827 - Irving (CD 11),932,539,0,1471,0
Precinct,833 - White Oaks (CD 11),931,449,7,1387,0
Precinct,838 - Sangster (CD 10),646,562,2,1210,0
Precinct,839 - Silverbrook (CD 10),967,840,3,1810,0
Precinct,840 - West Springfield (CD 11),982,580,3,1565,0
Precinct,841 - Popes Head (CD 10),444,455,2,901,0
Precinct,842 - Parkway (CD 11),679,562,1,1242,0
Precinct,843 - Fair Lakes (CD 11),1072,486,1,1559,0
Precinct,844 - Centerpointe (CD 11),841,285,1,1127,0
Precinct,845 - Fountainhead (CD 10),993,1046,2,2041,0
Precinct,846 - Greenbriar East (CD 11),1093,487,2,1582,0
Precinct,847 - Greenbriar West (CD 10),730,427,1,1158,0
Precinct,848 - Fair Oaks (CD 11),917,399,0,1316,0
Precinct,849 - Newgate (CD 10),1307,1238,3,2548,0
Precinct,850 - South Run (CD 10),831,692,1,1524,0
Precinct,851 - Willow Springs (CD 11),762,547,1,1310,0
Precinct,901 - Centre Ridge (CD 11),942,395,0,1337,0
Precinct,902 - Brookfield (CD 10),1235,550,2,1787,0
Precinct,903 - Cub Run (CD 10),1120,755,1,1876,0
Precinct,904 - Stonecroft (CD 10),391,325,0,716,0
Precinct,905 - Franklin (CD 10),328,196,0,524,0
Precinct,908 - Hidden Meadow (CD 10),743,505,1,1249,0
Precinct,909 - Oak Hill (CD 10),763,434,0,1197,0
Precinct,910 - London Towne (CD 11),1147,463,4,1614,0
Precinct,911 - Navy (CD 10),1104,627,0,1731,0
Precinct,913 - Rocky Run (CD 10),1183,867,2,2052,0
Precinct,914 - Vale (CD 10),756,524,1,1281,0
Precinct,915 - Virginia Run (CD 10),648,758,0,1406,0
Precinct,916 - Waples Mill (CD 10),1326,994,2,2322,0
Precinct,917 - Stone North (CD 10),635,337,2,974,0
Precinct,918 - Centreville (CD 11),1359,549,5,1913,0
Precinct,919 - Green Trails (CD 11),1262,563,1,1826,0
Precinct,920 - Chantilly (CD 10),887,458,2,1347,0
Precinct,921 - Deer Park (CD 10),896,768,2,1666,0
Precinct,923 - Bull Run (CD 10),516,636,0,1152,0
Precinct,924 - Spindle (CD 11),627,209,1,837,0
Precinct,925 - Old Mill (CD 10),528,321,1,850,0
Precinct,926 - Powell (CD 11),1259,524,1,1784,0
Precinct,927 - Armfield (CD 10),571,297,0,868,0
Precinct,928 - Poplar Tree (CD 10),878,600,1,1479,0
Precinct,929 - Difficult Run (CD 10),197,190,0,387,0
Precinct,930 - Lees Corner (CD 10),724,441,0,1165,0
Precinct,931 - Carson (CD 10),805,373,1,1179,0
Precinct,932 - Stone South (CD 10),493,180,1,674,0
Precinct,933 - Compton (CD 11),219,132,0,351,0
Precinct,Ab - Central Absentee Precinct (CD 10),6654,4111,8,10773,0
Precinct,Ab - Central Absentee Precinct (CD 11),15170,5926,18,21114,0
Precinct,Ab - Central Absentee Precinct (CD 8),9355,3538,9,12902,0
Precinct,Provisional (CD 10),54,20,0,74,0
Precinct,Provisional (CD 11),137,50,0,187,0
Precinct,Provisional (CD 8),69,25,0,94,0
Locality,Falls Church City,4661,1333,5,5999,0
Precinct,1 - First Ward,1266,388,0,1654,0
Precinct,2 - Second Ward,958,313,2,1273,0
Precinct,3 - Third Ward,1360,454,0,1814,0
Precinct,Ab - Central Absentee Precinct,1066,175,3,1244,0
Precinct,Provisional,11,3,0,14,0
Locality,Fauquier County,8962,15033,31,24026,0
Precinct,101 - Kettle Run (CD 5),164,460,2,626,0
Precinct,102 - Catlett (CD 1),328,966,1,1295,0
Precinct,103 - Casanova (CD 5),241,363,2,606,0
Precinct,104 - Lois (CD 1),181,414,1,596,0
Precinct,105 - Opal (CD 5),148,414,0,562,0
Precinct,106 - Baldwin Ridge (CD 5),282,485,1,768,0
Precinct,201 - Courthouse (CD 5),668,825,2,1495,0
Precinct,202 - Airlie (CD 5),513,744,3,1260,0
Precinct,203 - Warrenton (CD 5),643,737,1,1381,0
Precinct,301 - Morrisville (CD 1),212,609,0,821,0
Precinct,302 - Remington (CD 5),423,785,1,1209,0
Precinct,303 - Bealeton (CD 1),539,814,3,1356,0
Precinct,401 - Marshall (CD 5),498,786,0,1284,0
Precinct,402 - Leeds (CD 5),560,712,1,1273,0
Precinct,403 - Waterloo (CD 5),506,1038,2,1546,0
Precinct,404 - Springs Valley (CD 5),236,459,4,699,0
Precinct,501 - The Plains (CD 5),532,620,1,1153,0
Precinct,502 - New Baltimore (CD 5),421,812,1,1234,0
Precinct,503 - Broad Run (CD 5),416,762,1,1179,0
Precinct,504 - Vint Hill (CD 5),685,1256,2,1943,0
Precinct,Ab - Central Absentee Precinct (CD 1),67,138,1,206,0
Precinct,Ab - Central Absentee Precinct (CD 5),686,828,1,1515,0
Precinct,Provisional (CD 1),2,0,0,2,0
Precinct,Provisional (CD 5),11,6,0,17,0
Locality,Floyd County,1820,3623,5,5448,0
Precinct,101 - Locust Grove,293,698,1,992,0
Precinct,201 - Little River,429,734,1,1164,0
Precinct,301 - Courthouse,377,579,0,956,0
Precinct,401 - Burks Fork,265,674,0,939,0
Precinct,501 - Indian Valley,245,708,2,955,0
Precinct,Ab - Central Absentee Precinct,211,229,1,441,0
Precinct,Provisional,0,1,0,1,0
Locality,Fluvanna County,4143,5004,9,9156,0
Precinct,101 - Palmyra,883,955,0,1838,0
Precinct,201 - Columbia,588,747,4,1339,0
Precinct,301 - Fork Union,607,710,2,1319,0
Precinct,401 - Cunningham,660,1121,2,1783,0
Precinct,501 - Rivanna,1010,1071,1,2082,0
Precinct,Ab - Central Absentee Precinct,393,398,0,791,0
Precinct,Provisional,2,2,0,4,0
Locality,Franklin City,1480,1068,1,2549,0
Precinct,101 - Precinct 1-1,182,421,0,603,0
Precinct,201 - Precinct 2-1,188,278,1,467,0
Precinct,301 - Precinct 3-1,334,27,0,361,0
Precinct,401 - Precinct 4-1,236,27,0,263,0
Precinct,501 - Precinct 5-1,255,9,0,264,0
Precinct,601 - Precinct 6-1,226,222,0,448,0
Precinct,Ab - Central Absentee Precinct,56,83,0,139,0
Precinct,Provisional,3,1,0,4,0
Locality,Franklin County,4870,12539,12,17421,0
Precinct,102 - Burnt Chimney,313,876,1,1190,0
Precinct,103 - Scruggs,505,1640,2,2147,0
Precinct,201 - Glade Hill,209,703,2,914,0
Precinct,202 - Penhook,225,624,0,849,0
Precinct,203 - Hodgesville,45,109,0,154,0
Precinct,204 - Dudley,174,425,0,599,0
Precinct,301 - Snow Creek,95,369,0,464,0
Precinct,302 - Fork Mountain,77,316,0,393,0
Precinct,303 - Sontag,293,413,1,707,0
Precinct,304 - Dickinson,166,193,0,359,0
Precinct,401 - Henry,120,599,1,720,0
Precinct,402 - Ferrum,122,314,2,438,0
Precinct,403 - Endicott,121,331,0,452,0
Precinct,501 - Waidsboro,136,383,0,519,0
Precinct,502 - Callaway,165,579,0,744,0
Precinct,503 - Bowmans,131,296,0,427,0
Precinct,504 - Gogginsville,163,514,0,677,0
Precinct,601 - Boones Mill,270,723,1,994,0
Precinct,602 - Bonbrook,219,641,0,860,0
Precinct,603 - Coopers Cove,125,541,0,666,0
Precinct,701 - Rocky Mount East,326,612,1,939,0
Precinct,702 - Rocky Mount West,275,401,1,677,0
Precinct,703 - Rocky Mount South,264,372,0,636,0
Precinct,Ab - Central Absentee Precinct,331,561,0,892,0
Precinct,Provisional,0,4,0,4,0
Locality,Frederick County,7794,16430,22,24246,0
Precinct,101 - Russells,202,795,0,997,0
Precinct,102 - Gore,230,759,1,990,0
Precinct,103 - Kernstown,455,902,4,1361,0
Precinct,104 - Cedar Creek,207,512,0,719,0
Precinct,201 - Gainesborough,126,555,1,682,0
Precinct,202 - Albin,306,763,1,1070,0
Precinct,203 - Redland,392,941,1,1334,0
Precinct,204 - Nain,354,845,1,1200,0
Precinct,301 - Clear Brook,153,490,0,643,0
Precinct,302 - Neff's Town,536,745,2,1283,0
Precinct,303 - White Hall,468,1042,0,1510,0
Precinct,401 - Carpers Valley,415,804,0,1219,0
Precinct,402 - Shenandoah,173,394,1,568,0
Precinct,403 - Parkin's Mill,366,721,0,1087,0
Precinct,404 - Armel,383,725,3,1111,0
Precinct,501 - Stephens City,426,806,0,1232,0
Precinct,502 - Newtown,466,906,2,1374,0
Precinct,503 - Canterburg,477,914,0,1391,0
Precinct,601 - Millbrook,259,472,0,731,0
Precinct,602 - Ash Hollow,400,567,1,968,0
Precinct,603 - Greenwood,624,1094,2,1720,0
Precinct,Ab - Central Absentee Precinct,373,671,2,1046,0
Precinct,Provisional,3,7,0,10,0
Locality,Fredericksburg City,4564,2571,8,7143,0
Precinct,101 - Precinct 1 - District One,1003,732,3,1738,0
Precinct,201 - Precinct 1 - District Two,1265,649,2,1916,0
Precinct,301 - Precinct 1 - District Three,875,649,3,1527,0
Precinct,401 - Precinct 1 - District Four,722,194,0,916,0
Precinct,402 - Precinct 2 - District Four,371,153,0,524,0
Precinct,Ab - Central Absentee Precinct,322,193,0,515,0
Precinct,Provisional,6,1,0,7,0
Locality,Galax City,388,951,11,1350,0
Precinct,1 - East,155,385,1,541,0
Precinct,2 - North,116,281,0,397,0
Precinct,3 - South,93,244,10,347,0
Precinct,Ab - Central Absentee Precinct,24,41,0,65,0
Precinct,Provisional,0,0,0,0,0
Locality,Giles County,1499,4237,5,5741,0
Precinct,101 - Glen Lyn,14,50,0,64,0
Precinct,102 - Rich Creek,58,239,0,297,0
Precinct,103 - Narrows,254,793,0,1047,0
Precinct,201 - Pearisburg,325,1108,2,1435,0
Precinct,202 - Staffordsville,53,185,0,238,0
Precinct,203 - White Gate,22,140,1,163,0
Precinct,301 - Eggleston,136,305,0,441,0
Precinct,302 - Pembroke,279,776,2,1057,0
Precinct,303 - Newport,234,397,0,631,0
Precinct,Ab - Central Absentee Precinct,124,243,0,367,0
Precinct,Provisional,0,1,0,1,0
Locality,Gloucester County,4103,8470,5,12578,0
Precinct,101 - Harcum,258,634,0,892,0
Precinct,102 - Salem,221,516,0,737,0
Precinct,103 - Peasley,159,389,1,549,0
Precinct,201 - Courthouse,399,668,2,1069,0
Precinct,202 - Botetourt,466,929,1,1396,0
Precinct,301 - White Marsh,337,703,0,1040,0
Precinct,302 - Roanes,426,909,0,1335,0
Precinct,401 - Hayes,430,804,0,1234,0
Precinct,402 - Sarahs Creek,404,691,0,1095,0
Precinct,501 - Achilles,408,1139,0,1547,0
Precinct,502 - Walker,341,710,1,1052,0
Precinct,Ab - Central Absentee Precinct,250,377,0,627,0
Precinct,Provisional,4,1,0,5,0
Locality,Goochland County,3791,6708,8,10507,0
Precinct,101 - Fife,255,379,3,637,0
Precinct,102 - Hadensville,377,662,1,1040,0
Precinct,201 - Three Square,164,153,0,317,0
Precinct,202 - Sandy Hook,603,781,0,1384,0
Precinct,301 - Goochland Court House 1,365,594,2,961,0
Precinct,302 - Goochland Court House 2,140,276,0,416,0
Precinct,401 - Shallow Well,379,554,0,933,0
Precinct,402 - Centerville,426,1139,1,1566,0
Precinct,501 - Manakin,497,1085,1,1583,0
Precinct,502 - Blair Road,291,687,0,978,0
Precinct,Ab - Central Absentee Precinct,294,398,0,692,0
Precinct,Provisional,0,0,0,0,0
Locality,Grayson County,993,3491,2,4486,0
Precinct,101 - Bridle Creek,55,148,0,203,0
Precinct,102 - Flatridge,24,100,0,124,0
Precinct,103 - Grant,57,146,0,203,0
Precinct,104 - Mouth Of Wilson,51,93,0,144,0
Precinct,105 - Mount Rogers,24,121,0,145,0
Precinct,106 - Rugby,29,117,0,146,0
Precinct,107 - Troutdale,9,85,0,94,0
Precinct,108 - Comers Rock,37,117,0,154,0
Precinct,202 - Elk Creek,76,228,0,304,0
Precinct,203 - Independence,193,604,0,797,0
Precinct,301 - Baywood,78,359,0,437,0
Precinct,302 - Fairview,89,452,1,542,0
Precinct,401 - Fries,65,160,0,225,0
Precinct,402 - Providence,86,410,0,496,0
Precinct,403 - Oldtown,52,161,1,214,0
Precinct,Ab - Central Absentee Precinct,68,188,0,256,0
Precinct,Provisional,0,2,0,2,0
Locality,Greene County,2137,4100,3,6240,0
Precinct,101 - Dyke,190,397,1,588,0
Precinct,102 - Swift Run,241,484,1,726,0
Precinct,201 - Ruckersville,468,921,1,1390,0
Precinct,301 - Stanardsville,443,920,0,1363,0
Precinct,401 - Midway,630,1076,0,1706,0
Precinct,Ab - Central Absentee Precinct,164,301,0,465,0
Precinct,Provisional,1,1,0,2,0
Locality,Greensville County,1638,1229,2,2869,0
Precinct,101 - Precinct 1-a,184,102,0,286,0
Precinct,102 - Precinct 1-b,48,75,0,123,0
Precinct,103 - Precinct 1-c,152,37,1,190,0
Precinct,201 - Precinct 2-a,262,104,0,366,0
Precinct,202 - Precinct 2-b,179,268,0,447,0
Precinct,302 - Precinct 3-a,486,269,1,756,0
Precinct,401 - Precinct 4-a,63,143,0,206,0
Precinct,402 - Precinct 4-b,207,136,0,343,0
Precinct,403 - Precinct 4-c,57,94,0,151,0
Precinct,Provisional,0,1,0,1,0
Locality,Halifax County,3933,6364,6,10303,0
Precinct,101 - Childrey,209,264,0,473,0
Precinct,102 - Liberty,88,162,0,250,0
Precinct,103 - Republican Grove,209,275,0,484,0
Precinct,201 - Clays Mill,94,270,0,364,0
Precinct,202 - Crossroads,110,228,0,338,0
Precinct,203 - Clover,233,276,0,509,0
Precinct,302 - Meadville,141,64,0,205,0
Precinct,304 - Vernon Hill,120,262,0,382,0
Precinct,305 - Sinai,369,268,0,637,0
Precinct,401 - Courthouse,293,340,0,633,0
Precinct,403 - Center,163,464,0,627,0
Precinct,502 - Dan River,241,587,0,828,0
Precinct,503 - Scottsburg,77,337,0,414,0
Precinct,601 - Black Walnut,155,334,1,490,0
Precinct,603 - Mt Carmel,317,425,0,742,0
Precinct,605 - Union,71,150,0,221,0
Precinct,701 - Hyco,175,464,0,639,0
Precinct,702 - Midway,62,383,3,448,0
Precinct,703 - Virgilina,68,240,0,308,0
Precinct,801 - South Boston,556,269,2,827,0
Precinct,Ab - Central Absentee Precinct,182,300,0,482,0
Precinct,Provisional,0,2,0,2,0
Locality,Hampton City,28488,11656,71,40215,0
Precinct,101 - Aberdeen (CD 3),1027,156,1,1184,0
Precinct,102 - Bassette (CD 3),1252,67,1,1320,0
Precinct,103 - City Hall (CD 3),621,101,0,722,0
Precinct,104 - Cooper (CD 3),1471,210,1,1682,0
Precinct,105 - East Hampton (CD 3),715,198,1,914,0
Precinct,106 - Armstrong (CD 3),917,469,1,1387,0
Precinct,107 - Lindsay (CD 3),1092,198,0,1290,0
Precinct,108 - Thomas (CD 3),1352,167,1,1520,0
Precinct,109 - Phenix (CD 3),1435,91,20,1546,0
Precinct,110 - Phoebus (CD 2),211,141,0,352,0
Precinct,111 - Hampton Library (CD 3),302,241,1,544,0
Precinct,112 - Smith (CD 3),1288,404,3,1695,0
Precinct,115 - Wythe (CD 3),455,363,5,823,0
Precinct,116 - Jones (CD 3),508,133,0,641,0
Precinct,117 - Kecoughtan (CD 3),744,212,1,957,0
Precinct,118 - Mallory (CD 3),1522,149,1,1672,0
Precinct,201 - Booker (CD 2),763,750,1,1514,0
Precinct,202 - Bryan (CD 2),806,627,1,1434,0
Precinct,203 - Burbank (CD 2),625,385,5,1015,0
Precinct,204 - Forrest (CD 3),816,371,16,1203,0
Precinct,205 - Asbury (CD 2),827,1258,1,2086,0
Precinct,208 - Kraft (CD 3),1314,772,2,2088,0
Precinct,209 - Langley (CD 2),712,498,0,1210,0
Precinct,210 - Machen (CD 3),1579,417,2,1998,0
Precinct,212 - Bethel (CD 3),1721,512,0,2233,0
Precinct,213 - Phillips (CD 2),1045,1000,3,2048,0
Precinct,214 - Tucker Capps (CD 3),996,571,0,1567,0
Precinct,215 - Tyler (CD 3),264,72,0,336,0
Precinct,215 - Tyler (CD 2),18,8,0,26,0
Precinct,216 - Sandy Bottom (CD 3),694,297,1,992,0
Precinct,217 - Syms (CD 3),367,363,0,730,0
Precinct,Ab - Central Absentee Precinct (CD 2),203,185,0,388,0
Precinct,Ab - Central Absentee Precinct (CD 3),794,260,2,1056,0
Precinct,Provisional (CD 2),3,2,0,5,0
Precinct,Provisional (CD 3),29,8,0,37,0
Locality,Hanover County,14236,28726,58,43020,0
Precinct,101 - Ashland,565,468,1,1034,0
Precinct,104 - Sliding Hill,508,657,1,1166,0
Precinct,105 - Berkley,570,347,0,917,0
Precinct,106 - Kersey Creek,257,459,2,718,0
Precinct,107 - Chickahominy,395,587,1,983,0
Precinct,201 - Beaverdam,352,1058,3,1413,0
Precinct,202 - Blunts,290,489,0,779,0
Precinct,203 - Wilmington Parish,353,820,1,1174,0
Precinct,206 - Courthouse,422,522,2,946,0
Precinct,208 - Oak Knoll,310,688,4,1002,0
Precinct,209 - West Hanover,86,199,0,285,0
Precinct,210 - Oak Hill,112,299,1,412,0
Precinct,301 - Clay,408,997,0,1405,0
Precinct,303 - Shady Grove,400,881,3,1284,0
Precinct,304 - Atlee,1065,1705,4,2774,0
Precinct,305 - Cool Spring,499,862,3,1364,0
Precinct,401 - Battlefield,272,1165,2,1439,0
Precinct,403 - Cold Harbor,479,1158,3,1640,0
Precinct,404 - Black Creek,288,1292,0,1580,0
Precinct,405 - Pebble Creek,296,552,2,850,0
Precinct,406 - Beaverdam Creek,81,187,0,268,0
Precinct,502 - Rural Point,452,936,1,1389,0
Precinct,503 - Newman,370,674,2,1046,0
Precinct,504 - Studley,188,728,1,917,0
Precinct,505 - Totopotomoy,157,550,1,708,0
Precinct,506 - Georgetown,324,775,0,1099,0
Precinct,507 - Laurel Meadow,338,854,1,1193,0
Precinct,601 - Village,576,1397,4,1977,0
Precinct,602 - Lee Davis,423,1002,2,1427,0
Precinct,603 - Mechanicsville,357,492,0,849,0
Precinct,604 - Hanover Grove,276,694,1,971,0
Precinct,701 - Farrington,379,915,1,1295,0
Precinct,702 - Montpelier,445,724,0,1169,0
Precinct,703 - Rockville,405,900,1,1306,0
Precinct,704 - Elmont,500,883,3,1386,0
Precinct,705 - South Anna,241,505,2,748,0
Precinct,Ab - Central Absentee Precinct,783,1291,5,2079,0
Precinct,Provisional,14,14,0,28,0
Locality,Harrisonburg City,6431,3772,17,10220,0
Precinct,101 - Northeast,907,474,4,1385,0
Precinct,102 - East Central,540,222,4,766,0
Precinct,103 - Southeast,824,434,2,1260,0
Precinct,104 - East,706,526,0,1232,0
Precinct,105 - South East Central,516,241,2,759,0
Precinct,201 - Northwest,817,578,1,1396,0
Precinct,202 - Southwest,916,553,1,1470,0
Precinct,203 - West,881,494,2,1377,0
Precinct,Ab - Central Absentee Precinct,323,249,1,573,0
Precinct,Provisional,1,1,0,2,0
Locality,Henrico County,68691,45816,146,114653,0
Precinct,101 - Coalpit (CD 7),1029,891,5,1925,0
Precinct,102 - Dumbarton (CD 7),1097,366,4,1467,0
Precinct,103 - Glen Allen (CD 7),1051,1149,2,2202,0
Precinct,104 - Glenside (CD 7),787,204,2,993,0
Precinct,105 - Greendale (CD 7),923,630,5,1558,0
Precinct,106 - Hermitage (CD 7),854,587,4,1445,0
Precinct,108 - Hungary Creek (CD 7),1092,1099,5,2196,0
Precinct,109 - Hunton (CD 7),222,369,1,592,0
Precinct,110 - Johnson (CD 7),292,209,0,501,0
Precinct,111 - Lakeside (CD 7),1150,818,2,1970,0
Precinct,112 - Longan (CD 7),678,678,2,1358,0
Precinct,113 - Maude Trevvett (CD 7),330,328,0,658,0
Precinct,114 - Monument Hills (CD 7),319,322,0,641,0
Precinct,115 - Staples Mill (CD 7),1010,1157,3,2170,0
Precinct,117 - Westwood (CD 7),684,492,2,1178,0
Precinct,201 - Adams (CD 4),1047,42,2,1091,0
Precinct,202 - Azalea (CD 7),1296,96,2,1394,0
Precinct,203 - Belmont (CD 7),850,359,0,1209,0
Precinct,204 - Brookland (CD 7),192,134,0,326,0
Precinct,205 - Canterbury (CD 7),194,321,0,515,0
Precinct,206 - Central Gardens (CD 4),1323,39,0,1362,0
Precinct,207 - Chamberlayne (CD 7),1184,366,2,1552,0
Precinct,208 - Fairfield (CD 4),1086,42,0,1128,0
Precinct,209 - Glen Lea (CD 4),785,120,2,907,0
Precinct,210 - Greenwood (CD 7),692,147,1,840,0
Precinct,211 - Highland Gardens (CD 4),478,31,2,511,0
Precinct,212 - Hollybrook (CD 7),334,127,0,461,0
Precinct,213 - Hungary (CD 7),709,138,0,847,0
Precinct,214 - Longdale (CD 7),550,258,0,808,0
Precinct,215 - Maplewood (CD 4),1482,49,0,1531,0
Precinct,216 - Moody (CD 7),303,265,0,568,0
Precinct,217 - Mountain (CD 7),251,160,1,412,0
Precinct,218 - Oakview (CD 7),36,46,0,82,0
Precinct,219 - Randolph (CD 7),175,31,0,206,0
Precinct,220 - Ratcliffe (CD 4),1580,102,0,1682,0
Precinct,221 - Stratford Hall (CD 7),120,69,0,189,0
Precinct,222 - Wilder (CD 7),1000,196,2,1198,0
Precinct,223 - Yellow Tavern (CD 7),988,649,0,1637,0
Precinct,224 - Essex Village (CD 4),306,4,1,311,0
Precinct,301 - Causeway (CD 7),543,549,0,1092,0
Precinct,302 - Cedarfield (CD 7),645,833,1,1479,0
Precinct,303 - Innsbrook (CD 7),850,694,4,1548,0
Precinct,304 - Jackson Davis (CD 7),400,483,2,885,0
Precinct,305 - Nuckols Farm (CD 7),795,1011,6,1812,0
Precinct,306 - Pocahontas (CD 7),739,641,3,1383,0
Precinct,307 - Ridge (CD 7),387,445,0,832,0
Precinct,308 - Rivers Edge (CD 7),727,905,2,1634,0
Precinct,309 - Sadler (CD 7),796,768,1,1565,0
Precinct,310 - Shady Grove (CD 7),751,1017,2,1770,0
Precinct,311 - Short Pump (CD 7),1074,921,4,1999,0
Precinct,312 - Springfield (CD 7),565,397,1,963,0
Precinct,313 - Stoney Run (CD 7),1075,1058,4,2137,0
Precinct,314 - Three Chopt (CD 7),747,747,2,1496,0
Precinct,315 - Tucker (CD 7),1005,366,1,1372,0
Precinct,401 - Quioccasin (CD 7),856,721,1,1578,0
Precinct,402 - Crestview (CD 7),708,447,0,1155,0
Precinct,403 - Derbyshire (CD 7),496,744,2,1242,0
Precinct,404 - Freeman (CD 7),522,507,3,1032,0
Precinct,405 - Gayton (CD 7),797,1138,2,1937,0
Precinct,406 - Godwin (CD 7),744,674,1,1419,0
Precinct,407 - Lakewood (CD 7),482,606,2,1090,0
Precinct,408 - Lauderdale (CD 7),677,595,3,1275,0
Precinct,409 - Maybeury (CD 7),719,781,0,1500,0
Precinct,410 - Mooreland (CD 7),334,674,0,1008,0
Precinct,411 - Pemberton (CD 7),635,529,0,1164,0
Precinct,412 - Pinchbeck (CD 7),838,754,3,1595,0
Precinct,413 - Ridgefield (CD 7),833,885,2,1720,0
Precinct,414 - Rollingwood (CD 7),601,624,4,1229,0
Precinct,415 - Skipwith (CD 7),446,329,2,777,0
Precinct,416 - Spottswood (CD 7),326,342,1,669,0
Precinct,417 - Tuckahoe (CD 7),824,1402,1,2227,0
Precinct,418 - Welborne (CD 7),553,415,1,969,0
Precinct,419 - West End (CD 7),684,719,0,1403,0
Precinct,501 - Antioch (CD 4),268,791,2,1061,0
Precinct,502 - Cedar Fork (CD 4),518,94,0,612,0
Precinct,503 - Chickahominy (CD 4),507,628,1,1136,0
Precinct,504 - Donahoe (CD 4),561,245,1,807,0
Precinct,505 - Dorey (CD 4),721,641,0,1362,0
Precinct,506 - Eanes (CD 4),810,251,1,1062,0
Precinct,507 - Elko (CD 4),73,332,0,405,0
Precinct,508 - Highland Springs (CD 4),771,157,1,929,0
Precinct,509 - Laburnum (CD 4),675,238,1,914,0
Precinct,510 - Mehfoud (CD 4),827,285,0,1112,0
Precinct,511 - Montrose (CD 4),1733,232,1,1966,0
Precinct,512 - Nine Mile (CD 4),316,196,0,512,0
Precinct,513 - Pleasants (CD 4),1232,139,0,1371,0
Precinct,514 - Rolfe (CD 4),2348,233,2,2583,0
Precinct,515 - Sandston (CD 4),329,614,1,944,0
Precinct,516 - Sullivans (CD 4),735,341,1,1077,0
Precinct,517 - Town Hall (CD 4),265,329,1,595,0
Precinct,518 - Whitlocks (CD 4),517,644,1,1162,0
Precinct,AB - Central Absentee Precinct (CD 4),1067,330,3,1400,0
Precinct,Ab - Central Absentee Precinct (CD 7),2690,2254,16,4960,0
Precinct,Provisional (CD 4),18,2,0,20,0
Precinct,Provisional (CD 7),57,29,0,86,0
Locality,Henry County,4706,9244,15,13965,0
Precinct,101 - Bassett Number Two (CD 9),140,150,0,290,0
Precinct,102 - Gunville (CD 9),92,427,0,519,0
Precinct,103 - Scott's Tanyard (CD 9),189,756,2,947,0
Precinct,201 - Fieldale (CD 9),122,217,0,339,0
Precinct,202 - Horsepasture #1 (CD 9),236,395,0,631,0
Precinct,203 - Horsepasture #2 (CD 9),455,165,0,620,0
Precinct,204 - Spencer (CD 9),194,530,0,724,0
Precinct,302 - Axton (CD 5),241,205,0,446,0
Precinct,303 - Irisburg (CD 5),345,412,0,757,0
Precinct,304 - Mount Olivet (CD 5),496,485,1,982,0
Precinct,304 - Mount Olivet (CD 9),1,0,0,1,0
Precinct,305 - Mountain Valley (CD 5),191,237,0,428,0
Precinct,401 - Collinsville Number 1 (CD 9),99,354,0,453,0
Precinct,402 - Daniels Creek (CD 9),119,305,10,434,0
Precinct,404 - Collinsville Number 2 (CD 9),221,590,0,811,0
Precinct,405 - Mountain View (CD 5),187,277,0,464,0
Precinct,501 - Bassett Number One (CD 9),153,191,0,344,0
Precinct,502 - Figsboro (CD 9),122,408,0,530,0
Precinct,503 - Stanleytown (CD 9),127,664,0,791,0
Precinct,504 - Oak Level (CD 9),75,220,0,295,0
Precinct,505 - Dyers Store (CD 5),6,39,0,45,0
Precinct,505 - Dyers Store (CD 9),105,190,0,295,0
Precinct,601 - Fontaine (CD 9),187,486,1,674,0
Precinct,602 - Hillcrest (CD 9),112,159,0,271,0
Precinct,603 - Ridgeway #1 (CD 5),175,521,0,696,0
Precinct,604 - Ridgeway #2 (CD 9),136,452,0,588,0
Precinct,Ab - Central Absentee Precinct (CD 5),55,115,1,171,0
Precinct,Ab - Central Absentee Precinct (CD 9),124,287,0,411,0
Precinct,Provisional (CD 5),0,2,0,2,0
Precinct,Provisional (CD 9),1,5,0,6,0
Locality,Highland County,312,722,1,1035,0
Precinct,1 - Monterey,123,238,0,361,0
Precinct,3 - Wilsons Mill,23,60,0,83,0
Precinct,5 - Blue Grass,64,121,0,185,0
Precinct,7 - Mill Gap,38,81,0,119,0
Precinct,8 - Mcdowell,49,167,1,217,0
Precinct,10 - Headwaters,15,55,0,70,0
Precinct,Provisional,0,0,0,0,0
Locality,Hopewell City,2645,2766,8,5419,0
Precinct,101 - Ward One,256,329,0,585,0
Precinct,201 - Ward Two,372,74,2,448,0
Precinct,301 - Ward Three,248,732,1,981,0
Precinct,401 - Ward Four,539,582,1,1122,0
Precinct,501 - Ward Five,274,503,0,777,0
Precinct,601 - Ward Six,489,96,2,587,0
Precinct,701 - Ward Seven,347,254,0,601,0
Precinct,Ab - Central Absentee Precinct,118,196,2,316,0
Precinct,Provisional,2,0,0,2,0
Locality,Isle of Wight County,5648,8404,6,14058,0
Precinct,101 - Smithfield,581,1117,1,1699,0
Precinct,102 - Cypress Creek,513,838,0,1351,0
Precinct,201 - Bartlett,624,1068,1,1693,0
Precinct,202 - Carrollton,686,908,1,1595,0
Precinct,301 - Rushmere,674,566,0,1240,0
Precinct,302 - Pons,763,428,1,1192,0
Precinct,401 - Courthouse,134,355,0,489,0
Precinct,402 - Windsor,291,661,0,952,0
Precinct,403 - Longview,388,519,0,907,0
Precinct,501 - Walters,135,413,0,548,0
Precinct,502 - Camps Mill,158,123,0,281,0
Precinct,503 - Carrsville,146,219,0,365,0
Precinct,504 - Zuni,202,484,1,687,0
Precinct,505 - Raynor,95,290,1,386,0
Precinct,Ab - Central Absentee Precinct,256,411,0,667,0
Precinct,Provisional,2,4,0,6,0
Locality,James City County,14928,16710,26,31664,0
Precinct,101 - Berkeley A (CD 1),900,1059,2,1961,0
Precinct,102 - Berkeley B (CD 1),622,616,0,1238,0
Precinct,103 - Berkeley C (CD 1),994,1596,5,2595,0
Precinct,104- Berkeley D (CD 2),316,253,0,569,0
Precinct,201 - Jamestown A (CD 2),363,221,0,584,0
Precinct,202 - Jamestown B (CD 1),1002,654,2,1658,0
Precinct,202 - Jamestown B (CD 2),0,0,0,0,0
Precinct,203 - Jamestown C (CD 1),730,809,2,1541,0
Precinct,204 - Jamestown D (CD 1),941,1289,1,2231,0
Precinct,301 - Powhatan A (CD 1),960,1276,0,2236,0
Precinct,302 - Powhatan B (CD 1),305,240,0,545,0
Precinct,303 - Powhatan C (CD 1),245,505,2,752,0
Precinct,304 - Powhatan D (CD 1),944,680,0,1624,0
Precinct,401 - Stonehouse A (CD 1),768,1056,2,1826,0
Precinct,402 - Stonehouse B (CD 1),1213,1411,4,2628,0
Precinct,403 - Stonehouse C (CD 1),728,1040,3,1771,0
Precinct,501 - Roberts A (CD 2),556,225,0,781,0
Precinct,502 - Roberts B (CD 2),795,1299,1,2095,0
Precinct,503 - Roberts C (CD 2),200,82,0,282,0
Precinct,504 - Roberts D (CD 1),0,0,0,0,0
Precinct,504 - Roberts D (CD 2),963,936,1,1900,0
Precinct,AB - Central Absentee Precinct (CD 2),0,0,0,0,0
Precinct,Ab - Central Absentee Precinct (CD 1),1373,1450,1,2824,0
Precinct,Provisional (CD 1),8,7,0,15,0
Precinct,Provisional (CD 2),2,6,0,8,0
Locality,King and Queen County,1006,1457,2,2465,0
Precinct,101 - Owenton,247,176,0,423,0
Precinct,201 - Clarks,179,314,0,493,0
Precinct,301 - Shacklefords,188,286,0,474,0
Precinct,401 - Courthouse,233,272,2,507,0
Precinct,501 - Oldmill,107,325,0,432,0
Precinct,Ab - Central Absentee Precinct,52,84,0,136,0
Precinct,Provisional,0,0,0,0,0
Locality,King George County,2577,4537,8,7122,0
Precinct,101 - Courthouse,433,811,2,1246,0
Precinct,102 - Passapatanzy,225,360,0,585,0
Precinct,201 - Monroe,574,1157,1,1732,0
Precinct,301 - Dahlgren,633,841,0,1474,0
Precinct,401 - Shiloh,552,1037,5,1594,0
Precinct,Ab - Central Absentee Precinct,157,329,0,486,0
Precinct,Provisional,3,2,0,5,0
Locality,King William County,1936,4001,7,5944,0
Precinct,101 - West Point,374,751,3,1128,0
Precinct,201 - Sweet Hall,136,285,0,421,0
Precinct,202 - Courthouse,314,430,0,744,0
Precinct,301 - Aylett,271,795,3,1069,0
Precinct,401 - Manquin,320,814,0,1134,0
Precinct,501 - Mangohick,448,777,1,1226,0
Precinct,Ab - Central Absentee Precinct,70,143,0,213,0
Precinct,Provisional,3,6,0,9,0
Locality,Lancaster County,1966,2815,4,4785,0
Precinct,101 - Precinct 1-1,332,569,0,901,0
Precinct,201 - Precinct 2-1,368,324,2,694,0
Precinct,301 - Precinct 3-1,213,489,0,702,0
Precinct,302 - Precinct 3-2,115,232,0,347,0
Precinct,401 - Precinct 4-1,417,267,0,684,0
Precinct,501 - Precinct 5-1,340,688,1,1029,0
Precinct,Ab - Central Absentee Precinct,180,245,1,426,0
Precinct,Provisional,1,1,0,2,0
Locality,Lee County,1430,5065,8,6503,0
Precinct,101 - Elydale,81,231,0,312,0
Precinct,102 - Ewing,68,251,0,319,0
Precinct,103 - Rose Hill,125,494,0,619,0
Precinct,201 - Blackwater,37,82,0,119,0
Precinct,202 - Flatwoods,83,422,1,506,0
Precinct,203 - Jonesville,187,595,2,784,0
Precinct,301 - Ben Hur,177,637,2,816,0
Precinct,302 - Woodway,99,412,0,511,0
Precinct,401 - Stickleyville,75,214,0,289,0
Precinct,402 - Jasper,35,148,0,183,0
Precinct,403 - Seminary,42,225,1,268,0
Precinct,404 - Dryden,96,361,1,458,0
Precinct,501 - Saint Charles,89,148,0,237,0
Precinct,502 - Pennington,103,453,0,556,0
Precinct,503 - Robbins Chapel,12,70,0,82,0
Precinct,504 - Keokee,38,85,1,124,0
Precinct,Ab - Central Absentee Precinct,83,236,0,319,0
Precinct,Provisional,0,1,0,1,0
Locality,Lexington City,1102,631,2,1735,0
Precinct,1 - Lexington,987,568,2,1557,0
Precinct,Ab - Central Absentee Precinct,115,63,0,178,0
Precinct,Provisional,0,0,0,0,0
Locality,Loudoun County,67768,49066,89,116923,0
Precinct,107 - Little River,692,515,3,1210,0
Precinct,108 - Mercer,673,450,0,1123,0
Precinct,112 - Freedom,553,305,1,859,0
Precinct,114 - Dulles South,616,355,1,972,0
Precinct,117 - Carter,376,123,1,500,0
Precinct,118 - Moorefield,803,355,2,1160,0
Precinct,119 - Arcola,1281,728,1,2010,0
Precinct,120 - Lunsford,752,458,0,1210,0
Precinct,121 - Town Hall,510,338,0,848,0
Precinct,122 - Hutchison Farm,798,545,2,1345,0
Precinct,123 - Cardinal Ridge,470,350,0,820,0
Precinct,124 - Liberty,508,303,0,811,0
Precinct,125 - Rock Ridge,716,307,0,1023,0
Precinct,207 - River Bend,499,416,0,915,0
Precinct,208 - Algonkian,538,407,1,946,0
Precinct,209 - Potomac Falls,812,453,1,1266,0
Precinct,210 - Cascades,944,537,3,1484,0
Precinct,213 - Countryside,285,202,1,488,0
Precinct,214 - Sugarland North,939,744,1,1684,0
Precinct,215 - Sugarland South,897,483,0,1380,0
Precinct,216 - Lowes Island,749,536,2,1287,0
Precinct,217 - South Bank,923,575,0,1498,0
Precinct,218 - University Center,532,250,0,782,0
Precinct,219 - Galilee Church,675,377,0,1052,0
Precinct,301 - Purcellville,750,865,3,1618,0
Precinct,302 - Round Hill,584,787,3,1374,0
Precinct,303 - Hillsboro,538,727,2,1267,0
Precinct,305 - Philomont,256,376,0,632,0
Precinct,307 - Middleburg,356,297,0,653,0
Precinct,308 - St Louis,331,336,1,668,0
Precinct,309 - Aldie,250,264,0,514,0
Precinct,310 - Mountain View,628,840,1,1469,0
Precinct,311 - Round Hill Elementary,490,755,2,1247,0
Precinct,312 - Briar Woods,840,409,0,1249,0
Precinct,313 - Pinebrook,1088,620,0,1708,0
Precinct,314 - Legacy,754,429,0,1183,0
Precinct,315 - Firehouse,183,280,0,463,0
Precinct,316 - Creighton's Corner,783,425,0,1208,0
Precinct,318 - Madison's Trust,516,660,0,1176,0
Precinct,319 - John Champe,758,522,0,1280,0
Precinct,320 - Stone Hill,864,310,1,1175,0
Precinct,321 - Brambleton Middle,526,230,0,756,0
Precinct,401 - West Lovettsville,718,858,1,1577,0
Precinct,402 - Waterford,577,785,0,1362,0
Precinct,403 - Lucketts,726,820,0,1546,0
Precinct,407 - Harper Park,451,376,0,827,0
Precinct,408 - Evergreen,585,410,1,996,0
Precinct,409 - Clarkes Gap,567,883,0,1450,0
Precinct,411 - East Lovettsville,484,681,1,1166,0
Precinct,413 - Tuscarora,35,39,0,74,0
Precinct,414 - Red Rock,434,288,0,722,0
Precinct,416 - Hamilton,836,1002,2,1840,0
Precinct,420 - River Creek,583,701,0,1284,0
Precinct,421 - Between The Hills,74,97,0,171,0
Precinct,422 - Sycolin Creek,560,750,1,1311,0
Precinct,501 - West Leesburg,806,584,3,1393,0
Precinct,502 - East Leesburg,835,404,0,1239,0
Precinct,503 - Dry Mill,418,321,0,739,0
Precinct,504 - Smarts Mill,847,610,4,1461,0
Precinct,505 - Cool Spring,769,710,3,1482,0
Precinct,506 - Brandon Park,463,259,0,722,0
Precinct,507 - Greenway,429,333,0,762,0
Precinct,508 - Balls Bluff,769,570,0,1339,0
Precinct,509 - Tolbert,903,448,1,1352,0
Precinct,510 - Heritage,415,438,0,853,0
Precinct,615 - Hillside,760,561,1,1322,0
Precinct,616 - Eagle Ridge,840,528,1,1369,0
Precinct,617 - Oak Grove,429,106,0,535,0
Precinct,619 - Ridgetop,383,130,1,514,0
Precinct,620 - Russell Branch,944,666,1,1611,0
Precinct,621 - Dominion Trail,1007,585,1,1593,0
Precinct,622 - Farmwell Station,993,528,2,1523,0
Precinct,623 - Weller,760,527,0,1287,0
Precinct,625 - Mill Run,332,273,0,605,0
Precinct,626 - Ashby Ponds,418,401,0,819,0
Precinct,627 - Ashbrook,741,293,3,1037,0
Precinct,628 - Moorefield Station,802,338,1,1141,0
Precinct,629 - Discovery,194,124,0,318,0
Precinct,701 - Sully,723,401,0,1124,0
Precinct,702 - Park View,649,366,2,1017,0
Precinct,703 - Rolling Ridge,912,303,0,1215,0
Precinct,705 - Forest Grove,836,543,1,1380,0
Precinct,707 - Claude Moore Park,664,238,0,902,0
Precinct,708 - Seneca,696,432,2,1130,0
Precinct,709 - Mirror Ridge,814,356,0,1170,0
Precinct,710 - Sterling,562,316,1,879,0
Precinct,808 - Stone Bridge,959,685,1,1645,0
Precinct,810 - Cedar Lane,835,521,0,1356,0
Precinct,813 - Seldens Landing,593,313,0,906,0
Precinct,814 - Newton - Lee,700,735,0,1435,0
Precinct,815 - Belmont Ridge,858,619,2,1479,0
Precinct,817 - Sanders Corner,916,746,1,1663,0
Precinct,818 - Broad Run,670,448,1,1119,0
Precinct,819 - Heritage Church,607,462,1,1070,0
Precinct,820 - Belmont Station,708,474,1,1183,0
Precinct,822 - Riverside,528,368,0,896,0
Precinct,Ab - Central Absentee Precinct,5547,4020,15,9582,0
Precinct,Provisional,68,49,0,117,0
Locality,Louisa County,4336,7373,10,11719,0
Precinct,101 - Zion,561,782,0,1343,0
Precinct,102 - Mechanicsville,253,390,1,644,0
Precinct,201 - Louisa #1,234,459,1,694,0
Precinct,202 - Louisa #2,260,405,0,665,0
Precinct,301 - Patrick Henry No 1,688,589,1,1278,0
Precinct,302 - Patrick Henry #2,140,187,1,328,0
Precinct,401 - Mineral,360,791,2,1153,0
Precinct,402 - Yanceyville,165,207,0,372,0
Precinct,501 - Fredericks Hall,185,200,0,385,0
Precinct,502 - Cuckoo,163,382,1,546,0
Precinct,503 - Elk Creek,119,370,1,490,0
Precinct,601 - Bumpass,138,497,0,635,0
Precinct,602 - Locust Creek,223,581,1,805,0
Precinct,701 - Sheltons Mill,276,618,0,894,0
Precinct,702 - South Anna,220,444,1,665,0
Precinct,Ab - Central Absentee Precinct,349,469,0,818,0
Precinct,Provisional,2,2,0,4,0
Locality,Lunenburg County,1429,2191,2,3622,0
Precinct,101 - Plymouth,89,290,0,379,0
Precinct,201 - Browns Store,129,288,0,417,0
Precinct,301 - Rosebud,50,228,1,279,0
Precinct,302 - Flat Rock,93,167,0,260,0
Precinct,401 - Arrowhead Gun Club,34,164,0,198,0
Precinct,402 - Pleasant Grove,88,243,0,331,0
Precinct,501 - Reedy Creek,126,123,0,249,0
Precinct,502 - Peoples Community Center,202,102,0,304,0
Precinct,601 - Hounds Creek,287,198,0,485,0
Precinct,701 - Meherrin Fire Department,85,119,1,205,0
Precinct,702 - Victoria Public Library,90,171,0,261,0
Precinct,Ab - Central Absentee Precinct,156,98,0,254,0
Precinct,Provisional,0,0,0,0,0
Locality,Lynchburg City,9384,11640,25,21049,0
Precinct,101 - First Ward First Precinct,776,916,2,1694,0
Precinct,102 - First Ward Second Precinct,788,1197,0,1985,0
Precinct,103 - First Ward Third Precinct,633,823,1,1457,0
Precinct,104 - First Ward Fourth Precinct,338,236,0,574,0
Precinct,105 - First Ward Fifth Precinct,484,418,0,902,0
Precinct,201 - Second Ward First Precinct,1037,310,2,1349,0
Precinct,202 - Second Ward Second Precinct,886,197,5,1088,0
Precinct,203 - Second Ward Third Precinct,312,91,0,403,0
Precinct,204 - Second Ward Fourth Precinct,169,161,0,330,0
Precinct,301 - Third Ward First Precinct,322,271,1,594,0
Precinct,302 - Third Ward Second Precinct,59,1231,1,1291,0
Precinct,303 - Third Ward Third Precinct,277,423,4,704,0
Precinct,304 - Third Ward Fourth Precinct,257,456,1,714,0
Precinct,305 - Third Ward Fifth Precinct,442,991,1,1434,0
Precinct,401 - Fourth Ward First Precinct,587,1334,2,1923,0
Precinct,402 - Fourth Ward Second Precinct,319,443,1,763,0
Precinct,403 - Fourth Ward Third Precinct,545,829,2,1376,0
Precinct,404 - Fourth Ward Fourth Precinct,652,873,1,1526,0
Precinct,Ab - Central Absentee Precinct,500,440,1,941,0
Precinct,Provisional,1,0,0,1,0
Locality,Madison County,1739,3147,5,4891,0
Precinct,1 - Oak Park,245,285,1,531,0
Precinct,2 - Radiant,299,450,1,750,0
Precinct,3 - Rochelle,101,283,0,384,0
Precinct,4 - Graves Mill,12,39,0,51,0
Precinct,5 - Madison,317,513,1,831,0
Precinct,6 - Wolftown,181,300,1,482,0
Precinct,7 - Brightwood,206,640,0,846,0
Precinct,8 - Criglersville,165,282,0,447,0
Precinct,9 - Etlan,75,169,1,245,0
Precinct,Ab - Central Absentee Precinct,138,186,0,324,0
Precinct,Provisional,0,0,0,0,0
Locality,Manassas City,5211,4025,10,9246,0
Precinct,1 - Dean,733,365,1,1099,0
Precinct,2 - Weems,889,624,0,1513,0
Precinct,3 - Metz,891,674,2,1567,0
Precinct,4 - Haydon,751,659,2,1412,0
Precinct,5 - Baldwin,731,476,1,1208,0
Precinct,6 - Round,635,709,2,1346,0
Precinct,Ab - Central Absentee Precinct,577,516,2,1095,0
Precinct,Provisional,4,2,0,6,0
Locality,Manassas Park City,1940,1111,2,3053,0
Precinct,1 - Precinct One,670,310,0,980,0
Precinct,2 - Precinct Two,465,287,1,753,0
Precinct,3 - Precinct Three,552,349,1,902,0
Precinct,Ab - Central Absentee Precinct,249,165,0,414,0
Precinct,Provisional,4,0,0,4,0
Locality,Martinsville City,2119,1552,7,3678,0
Precinct,1 - Precinct #1,368,17,1,386,0
Precinct,2 - Precinct #2,407,314,2,723,0
Precinct,3 - Precinct #3,264,125,2,391,0
Precinct,4 - Precinct #4,412,239,0,651,0
Precinct,5 - Precinct #5,381,748,2,1131,0
Precinct,6 - Precinct #6,179,7,0,186,0
Precinct,Ab - Central Absentee Precinct,108,102,0,210,0
Precinct,Provisional,0,0,0,0,0
Locality,Mathews County,1291,2624,3,3918,0
Precinct,1 - Chesapeake,241,537,0,778,0
Precinct,2 - Westville,419,825,0,1244,0
Precinct,3 - Piankatank,440,935,3,1378,0
Precinct,Ab - Central Absentee Precinct,191,327,0,518,0
Precinct,Provisional,0,0,0,0,0
Locality,Mecklenburg County,3357,5158,0,8515,0
Precinct,101 - Wrights Store,138,156,0,294,0
Precinct,102 - Pearsons Store,32,90,0,122,0
Precinct,103 - South Clarksville,230,250,0,480,0
Precinct,201 - Boydton,139,154,0,293,0
Precinct,202 - Bluestone Senior High School,70,51,0,121,0
Precinct,203 - Chase City Vfw Post,158,49,0,207,0
Precinct,301 - Bracey,149,453,0,602,0
Precinct,302 - Lacrosse,155,202,0,357,0
Precinct,401 - American Legion Hall,460,244,0,704,0
Precinct,402 - Park View Middle School,78,49,0,127,0
Precinct,501 - South Hill,341,513,0,854,0
Precinct,601 - Baskerville,132,243,0,375,0
Precinct,602 - Union Level,34,164,0,198,0
Precinct,603 - Smith Crossroads,52,119,0,171,0
Precinct,604 - Lake Gaston,77,121,0,198,0
Precinct,701 - Chase City,136,249,0,385,0
Precinct,702 - Sunshine,132,220,0,352,0
Precinct,801 - Finchley,50,87,0,137,0
Precinct,802 - Bluestone,139,343,0,482,0
Precinct,803 - Chase City Elementary School,138,206,0,344,0
Precinct,901 - Averett,17,99,0,116,0
Precinct,902 - Buffalo Springs,43,185,0,228,0
Precinct,903 - Clarksville,229,608,0,837,0
Precinct,Ab - Central Absentee Precinct,226,301,0,527,0
Precinct,Provisional,2,2,0,4,0
Locality,Middlesex County,1534,2748,2,4284,0
Precinct,101 - Saluda,107,205,0,312,0
Precinct,102 - Urbanna,177,350,0,527,0
Precinct,201 - New Market,247,677,0,924,0
Precinct,302 - Church View,282,390,0,672,0
Precinct,401- Harmony Village,283,374,1,658,0
Precinct,501 - Wilton,314,579,0,893,0
Precinct,Ab - Central Absentee Precinct,120,172,1,293,0
Precinct,Provisional,4,1,0,5,0
Locality,Montgomery County,14402,13507,21,27930,0
Precinct,101 - Precinct A-1,819,675,2,1496,0
Precinct,102 - Precinct A-2,899,302,1,1202,0
Precinct,103 - Precinct A-3,1351,672,0,2023,0
Precinct,201 - Precinct B-1,73,89,1,163,0
Precinct,202 - Precinct B-2,700,791,1,1492,0
Precinct,203 - Precinct B-3,384,583,1,968,0
Precinct,204 - Precinct B-4,812,969,1,1782,0
Precinct,301 - Precinct C-1,277,724,1,1002,0
Precinct,302 - Precinct C-2,384,801,0,1185,0
Precinct,303 - Precinct C-3,115,302,0,417,0
Precinct,304 - Precinct C-4,384,693,1,1078,0
Precinct,401 - Precinct D-1,301,512,0,813,0
Precinct,402 - Precinct D-2,295,851,0,1146,0
Precinct,403 - Precinct D-3,224,590,0,814,0
Precinct,404 - Precinct D-4,136,388,0,524,0
Precinct,405 - Precinct D-5,466,762,0,1228,0
Precinct,501 - Precinct E-1,678,583,1,1262,0
Precinct,502 - Precinct E-2,355,558,0,913,0
Precinct,503 - Precinct E-3,582,249,1,832,0
Precinct,601 - Precinct F-1,1125,474,2,1601,0
Precinct,602 - Precinct F-2,973,393,1,1367,0
Precinct,603 - Precinct F-3,180,117,2,299,0
Precinct,701 - Precinct G-1,1285,638,1,1924,0
Precinct,702 - Precinct G-2,682,219,2,903,0
Precinct,Ab - Central Absentee Precinct,903,564,2,1469,0
Precinct,Provisional,19,8,0,27,0
Locality,Nelson County,2956,3157,4,6117,0
Precinct,101 - Rockfish,651,618,1,1270,0
Precinct,201 - Lovingston,290,349,0,639,0
Precinct,202 - Schuyler,189,189,0,378,0
Precinct,301 - Shipman,359,410,3,772,0
Precinct,302 - Gladstone,48,80,0,128,0
Precinct,401 - Roseland,352,555,0,907,0
Precinct,402 - Montebello,29,56,0,85,0
Precinct,501 - Faber,253,218,0,471,0
Precinct,502 - Nellysford,595,530,0,1125,0
Precinct,Ab - Central Absentee Precinct,188,149,0,337,0
Precinct,Provisional,2,3,0,5,0
Locality,New Kent County,2624,5902,2,8528,0
Precinct,102 - Tunstall,102,331,0,433,0
Precinct,103 - Southern Branch,279,875,0,1154,0
Precinct,201 - Quinton,402,800,1,1203,0
Precinct,202 - Kentwood,147,519,0,666,0
Precinct,301 - Watkins,313,430,0,743,0
Precinct,302 - Cumberland,283,592,0,875,0
Precinct,401 - Providence Forge,406,809,0,1215,0
Precinct,403 - Mountcastle,146,301,1,448,0
Precinct,501 - Eltham,217,374,0,591,0
Precinct,502 - Chickahominy River,198,618,0,816,0
Precinct,Ab - Central Absentee Precinct,128,245,0,373,0
Precinct,Provisional,3,8,0,11,0
Locality,Newport News City,29685,16923,42,46650,0
Precinct,101 - Denbigh (CD 3),1193,318,2,1513,0
Precinct,102 - Epes (CD 3),1097,256,0,1353,0
Precinct,103 - Jenkins (CD 3),914,527,3,1444,0
Precinct,104 - Mcintosh (CD 3),829,224,1,1054,0
Precinct,105 - Oyster Point (CD 3),220,149,1,370,0
Precinct,106 - Reservoir (CD 3),1251,510,3,1764,0
Precinct,107 - Richneck (CD 3),1108,580,1,1689,0
Precinct,108 - Lee Hall (CD 3),944,274,0,1218,0
Precinct,109 - Windsor (CD 3),546,294,0,840,0
Precinct,110 - Greenwood (CD 3),1028,295,3,1326,0
Precinct,201 - Bland (CD 3),187,66,0,253,0
Precinct,202 - Boulevard (CD 3),521,619,2,1142,0
Precinct,203 - Charles (CD 3),980,956,1,1937,0
Precinct,204 - Wellesley (CD 3),527,376,0,903,0
Precinct,205 - Deep Creek (CD 3),585,950,0,1535,0
Precinct,208 - Hidenwood (CD 3),392,581,0,973,0
Precinct,209 - Hilton (CD 3),682,580,0,1262,0
Precinct,210 - Nelson (CD 3),1020,987,0,2007,0
Precinct,211 - Palmer (CD 3),808,469,0,1277,0
Precinct,212 - Riverside (CD 3),359,518,2,879,0
Precinct,213 - Sanford (CD 3),232,375,1,608,0
Precinct,215 - Warwick (CD 3),391,328,1,720,0
Precinct,216 - Yates (CD 3),439,508,1,948,0
Precinct,217 - Riverview (CD 3),628,709,1,1338,0
Precinct,218 - Kiln Creek (CD 3),1248,892,2,2142,0
Precinct,219 - Deer Park (CD 3),1034,431,3,1468,0
Precinct,302 - Briarfield (CD 3),651,169,0,820,0
Precinct,303 - Carver (CD 3),451,144,0,595,0
Precinct,304 - Chestnut (CD 3),430,8,0,438,0
Precinct,305 - Downtown (CD 3),246,48,0,294,0
Precinct,306 - Dunbar (CD 3),112,6,0,118,0
Precinct,307 - Huntington (CD 3),336,6,2,344,0
Precinct,308 - Jefferson (CD 3),344,5,1,350,0
Precinct,309 - Magruder (CD 3),421,11,0,432,0
Precinct,310 - Marshall (CD 3),543,24,1,568,0
Precinct,311 - Newmarket (CD 3),944,258,0,1202,0
Precinct,312 - Newsome Park (CD 3),132,4,0,136,0
Precinct,313 - Reed (CD 3),787,25,0,812,0
Precinct,314 - River (CD 3),398,261,2,661,0
Precinct,315 - Sedgefield (CD 3),501,419,0,920,0
Precinct,316 - South Morrison (CD 3),709,340,2,1051,0
Precinct,317 - Washington (CD 3),236,7,1,244,0
Precinct,318 - Wilson (CD 3),507,67,1,575,0
Precinct,319 - Saunders (CD 3),818,681,1,1500,0
Precinct,320 - Watkins (CD 3),963,1002,2,1967,0
Precinct,Ab - Central Absentee Precinct (CD 3),983,657,1,1641,0
Precinct,Provisional (CD 3),10,9,0,19,0
Locality,Norfolk City,37851,15464,69,53384,0
Precinct,101 - Granby (CD 3),996,518,3,1517,0
Precinct,101 - Granby (CD 2),5,5,0,10,0
Precinct,102 - Ocean View School (CD 2),350,308,0,658,0
Precinct,103 - Northside (CD 2),504,452,0,956,0
Precinct,104 - Titustown (CD 3),58,5,0,63,0
Precinct,104 - Titustown (CD 2),440,55,0,495,0
Precinct,106 - Second Presbyterian (CD 2),807,553,1,1361,0
Precinct,201 - Larchmont School (CD 3),933,511,3,1447,0
Precinct,203 - Ghent Square (CD 3),453,221,0,674,0
Precinct,207 - Lambert's Point (CD 3),899,81,2,982,0
Precinct,208 - Larchmont Library (CD 3),576,500,0,1076,0
Precinct,210 - Maury (CD 3),920,323,2,1245,0
Precinct,211 - Chrysler Museum (CD 3),1075,558,3,1636,0
Precinct,212 - Park Place (CD 3),703,26,0,729,0
Precinct,213 - Taylor Elementary School (CD 3),1182,389,2,1573,0
Precinct,214 - Stuart (CD 3),1112,329,2,1443,0
Precinct,215 - Suburban Park (CD 2),626,437,0,1063,0
Precinct,217 - Wesley (CD 2),553,252,2,807,0
Precinct,218 - Willard (CD 3),1070,794,0,1864,0
Precinct,301 - Ballentine (CD 3),898,102,1,1001,0
Precinct,302 - Tanners Creek (CD 3),494,102,0,596,0
Precinct,303 - Broad Creek (CD 3),1249,45,4,1298,0
Precinct,304 - Coleman Place School (CD 3),467,107,1,575,0
Precinct,305 - Lafayette-winona (CD 3),792,146,0,938,0
Precinct,306 - Lindenwood (CD 3),623,66,3,692,0
Precinct,309 - Norview (CD 3),1354,306,2,1662,0
Precinct,310 - Rosemont (CD 3),1395,62,1,1458,0
Precinct,311 - Sherwood (CD 3),1144,471,4,1619,0
Precinct,313 - Union Chapel (CD 3),477,18,0,495,0
Precinct,402 - Berkley (CD 3),845,15,1,861,0
Precinct,403 - Brambleton (CD 3),350,9,0,359,0
Precinct,404 - Campostella (CD 3),766,26,0,792,0
Precinct,405 - Chesterfield (CD 3),951,31,0,982,0
Precinct,406 - Barron Black (CD 2),456,319,1,776,0
Precinct,408 - Easton (CD 3),624,441,1,1066,0
Precinct,409 - Fairlawn (CD 3),497,320,1,818,0
Precinct,411 - Ruffner Academy (CD 3),206,6,1,213,0
Precinct,412 - Ingleside (CD 3),895,126,1,1022,0
Precinct,413 - Poplar Halls (CD 3),1258,220,0,1478,0
Precinct,414 - Young Park (CD 3),819,30,10,859,0
Precinct,415 - Lake Taylor High School (CD 3),572,266,0,838,0
Precinct,501 - Bayview (CD 2),685,600,2,1287,0
Precinct,503 - East Ocean View (CD 2),788,670,1,1459,0
Precinct,504 - Larrymore (CD 2),663,414,0,1077,0
Precinct,505 - Little Creek (CD 2),352,373,0,725,0
Precinct,506 - Ocean View Center (CD 2),848,443,2,1293,0
Precinct,507 - Pretlow (CD 2),606,495,5,1106,0
Precinct,509 - Tarrallton (CD 2),486,648,0,1134,0
Precinct,510 - Third Presbyterian (CD 2),577,696,1,1274,0
Precinct,511 - Crossroads (CD 2),552,567,3,1122,0
Precinct,512 - Azalea Gardens (CD 2),356,369,1,726,0
Precinct,Ab - Central Absentee Precinct (CD 2),386,299,1,686,0
Precinct,Ab - Central Absentee Precinct (CD 3),1126,327,1,1454,0
Precinct,Provisional (CD 2),7,6,0,13,0
Precinct,Provisional (CD 3),25,6,0,31,0
Locality,Northampton County,2250,2067,3,4320,0
Precinct,101 - Precinct 1-1,467,532,1,1000,0
Precinct,201 - Precinct 2-1,488,247,1,736,0
Precinct,301 - Precinct 3-1,438,199,0,637,0
Precinct,401 - Precinct 4-1,356,455,0,811,0
Precinct,501 - Precinct 5-1,313,438,1,752,0
Precinct,Ab - Central Absentee Precinct,186,195,0,381,0
Precinct,Provisional,2,1,0,3,0
Locality,Northumberland County,1932,3363,6,5301,0
Precinct,101 - 1a,268,510,0,778,0
Precinct,201 - 2a,298,659,1,958,0
Precinct,301 - 3a,311,179,0,490,0
Precinct,302 - 3b,175,62,0,237,0
Precinct,401 - 4a,376,892,5,1273,0
Precinct,501 - 5a,331,829,0,1160,0
Precinct,Ab - Central Absentee Precinct,171,230,0,401,0
Precinct,Provisional,2,2,0,4,0
Locality,Norton City,310,536,1,847,0
Precinct,1 - East Ward,310,535,1,846,0
Precinct,Provisional,0,1,0,1,0
Locality,Nottoway County,1756,2467,5,4228,0
Precinct,101 - Precinct 1-1,161,304,0,465,0
Precinct,102 - Precinct 1-2,126,236,2,364,0
Precinct,201 - Precinct 2-1,179,344,0,523,0
Precinct,202 - Precinct 2-2,71,223,0,294,0
Precinct,301 - Precinct 3-1,264,160,0,424,0
Precinct,302 - Precinct 3-2,114,195,0,309,0
Precinct,401 - Precinct 4-1,313,96,0,409,0
Precinct,402 - Precinct 4-2,111,276,0,387,0
Precinct,501 - Precinct 5-1,327,488,2,817,0
Precinct,Ab - Central Absentee Precinct,90,145,1,236,0
Precinct,Provisional,0,0,0,0,0
Locality,Orange County,4022,6817,14,10853,0
Precinct,101 - One West,427,741,4,1172,0
Precinct,102 - One East,442,594,0,1036,0
Precinct,201 - Two West,297,660,2,959,0
Precinct,202 - Two East,214,612,1,827,0
Precinct,301 - Three West,546,655,0,1201,0
Precinct,302 - Three East,130,265,3,398,0
Precinct,401 - Four West,237,762,0,999,0
Precinct,402 - Four East,371,537,2,910,0
Precinct,501 - Five South,522,729,0,1251,0
Precinct,502 - Five North,558,925,2,1485,0
Precinct,Ab - Central Absentee Precinct,277,333,0,610,0
Precinct,Provisional,1,4,0,5,0
Locality,Page County,1723,4890,13,6626,0
Precinct,101 - West Luray,405,836,0,1241,0
Precinct,201 - East Luray,405,967,0,1372,0
Precinct,301 - Marksville,310,1057,5,1372,0
Precinct,401 - Newport,218,812,3,1033,0
Precinct,501 - Shenandoah,231,970,4,1205,0
Precinct,Ab - Central Absentee Precinct,151,248,1,400,0
Precinct,Provisional,3,0,0,3,0
Locality,Patrick County,1286,4290,4,5580,0
Precinct,101 - Ararat,84,239,0,323,0
Precinct,102 - Claudville,51,267,0,318,0
Precinct,103 - Willis Gap,66,227,0,293,0
Precinct,201 - Dry Pond,41,172,0,213,0
Precinct,202 - Patrick Springs,134,481,0,615,0
Precinct,203 - Russell Creek,99,312,0,411,0
Precinct,301 - Critz/stella,150,425,0,575,0
Precinct,302 - Liberty,52,345,0,397,0
Precinct,401 - Meadows Of Dan,131,303,1,435,0
Precinct,402 - Stuart Fairgrounds,153,432,1,586,0
Precinct,501 - Stuart Community,49,192,1,242,0
Precinct,502 - Elamsville,81,293,0,374,0
Precinct,503 - Woolwine,113,402,0,515,0
Precinct,Ab - Central Absentee Precinct,82,200,1,283,0
Precinct,Provisional,0,0,0,0,0
Locality,Petersburg City,7130,983,6,8119,0
Precinct,101 - First Ward First Precinct,599,75,0,674,0
Precinct,201 - Second Ward First Precinct,1226,115,1,1342,0
Precinct,301 - Third Ward First Precinct,1193,302,1,1496,0
Precinct,401 - Fourth Ward First Precinct,798,155,0,953,0
Precinct,501 - Fifth Ward First Precinct,720,72,1,793,0
Precinct,601 - Sixth Ward First Precinct,737,23,0,760,0
Precinct,701 - Seventh Ward First Precinct,1034,90,3,1127,0
Precinct,Ab - Central Absentee Precinct,817,151,0,968,0
Precinct,Provisional,6,0,0,6,0
Locality,Pittsylvania County,5536,13914,9,19459,0
Precinct,103 - Twin Springs,207,1270,1,1478,0
Precinct,105 - Chatham,161,436,0,597,0
Precinct,106 - Tunstall,141,476,1,618,0
Precinct,108 - West Blairs,111,241,0,352,0
Precinct,201 - Callands,126,473,0,599,0
Precinct,202- Bearskin,45,106,0,151,0
Precinct,204 - Sandy Level,95,304,0,399,0
Precinct,206 - Climax,78,377,1,456,0
Precinct,207 - Gretna,226,865,2,1093,0
Precinct,301 - Central,299,204,0,503,0
Precinct,305 - Riceville,262,220,0,482,0
Precinct,307 - East Blairs,448,129,0,577,0
Precinct,308 - Mt Airy,152,119,0,271,0
Precinct,309 - East Gretna,127,179,1,307,0
Precinct,402 - Keeling,95,505,0,600,0
Precinct,404 - Kentuck,241,843,1,1085,0
Precinct,405 - Ringgold,318,824,0,1142,0
Precinct,501 - Hurt,241,632,0,873,0
Precinct,502 - Motley Sycamore,258,699,0,957,0
Precinct,503 - Renan,130,366,0,496,0
Precinct,603 - Stony Mill,155,507,0,662,0
Precinct,604 - Swansonville,184,354,0,538,0
Precinct,605 - Whitmell,170,422,1,593,0
Precinct,606 - Brosville,256,299,0,555,0
Precinct,607 - Dry Fork,63,225,0,288,0
Precinct,702 - Bachelors Hall,122,743,0,865,0
Precinct,703 - Ferry Road,52,111,0,163,0
Precinct,704 - Mt Hermon,345,937,1,1283,0
Precinct,705 - Mt Cross,98,469,0,567,0
Precinct,Ab - Central Absentee Precinct,330,578,0,908,0
Precinct,Provisional,0,1,0,1,0
Locality,Poquoson City,1170,3628,6,4804,0
Precinct,1 - Central,325,1055,3,1383,0
Precinct,2 - Eastern,345,1136,2,1483,0
Precinct,3 - Western,408,1220,1,1629,0
Precinct,Ab - Central Absentee Precinct,92,214,0,306,0
Precinct,Provisional,0,3,0,3,0
Locality,Portsmouth City,19559,8923,28,28510,0
Precinct,1 - Emanuel A. M. E. Church,679,329,2,1010,0
Precinct,5 - Hampton Roads Community Health Center,540,19,0,559,0
Precinct,7- Park View Elementary School,494,137,1,632,0
Precinct,9 - Third Baptist Church,760,129,0,889,0
Precinct,10 - Port Norfolk Recreation Center,325,218,1,544,0
Precinct,11 - Mt. Hermon Village,643,23,0,666,0
Precinct,13 - St. Mark Missionary Baptist Church,408,19,2,429,0
Precinct,14 - Brighton Elementary School,741,26,0,767,0
Precinct,16 - Cradock Middle School,497,184,0,681,0
Precinct,17 - Victory Life Fellowship,548,283,0,831,0
Precinct,19 - Fairview Heights Baptist Church,274,202,1,477,0
Precinct,20 - Noble Street Baptist Church,484,187,1,672,0
Precinct,21 - John F. Kennedy Community Center,521,15,0,536,0
Precinct,22 - Forward Church,390,313,2,705,0
Precinct,23 - Westhaven Baptist Church,271,451,3,725,0
Precinct,24 - Willett Hall,421,245,0,666,0
Precinct,25 - John Tyler Elementary School,533,397,0,930,0
Precinct,26 - William E. Waters Middle School,967,19,0,986,0
Precinct,27 - Cavalier Manor Recreation Center,896,28,1,925,0
Precinct,28 - Lakeview Elementary School,1364,40,1,1405,0
Precinct,29 - Saint Andrew's United Methodist Church,181,429,0,610,0
Precinct,30 - The Rescue Church,222,438,1,661,0
Precinct,31 - West Park Church Of Christ,687,437,1,1125,0
Precinct,32 - Hodges Manor Elementary School,303,461,2,766,0
Precinct,33- Pinecrest Baptist Church,186,455,1,642,0
Precinct,34- Churchland Branch Library,397,552,1,950,0
Precinct,35 - Churchland Elementary School,462,607,0,1069,0
Precinct,36 - Scottish Rite Temple,1065,915,2,1982,0
Precinct,37 - Churchland Middle School,954,446,0,1400,0
Precinct,38 - Grove Baptist Church,1185,157,2,1344,0
Precinct,39 - Churchland Primary And Intermediate School,1316,442,3,1761,0
Precinct,Ab - Central Absentee Precinct,829,314,0,1143,0
Precinct,Provisional,16,6,0,22,0
Locality,Powhatan County,2989,8475,16,11480,0
Precinct,101 - Subletts,306,986,2,1294,0
Precinct,102 - Manakin,278,718,4,1000,0
Precinct,103 - Flat Rock,146,537,0,683,0
Precinct,201 - Powhatan Station,184,771,1,956,0
Precinct,202 - Graceland,273,913,1,1187,0
Precinct,301 - Bethesda,260,693,3,956,0
Precinct,302 - Lee's Landing,220,646,0,866,0
Precinct,401 - Powhatan Courthouse,336,1207,2,1545,0
Precinct,402 - Mt Zion,141,428,0,569,0
Precinct,501 - Smith Cross Roads,347,529,1,877,0
Precinct,502 - Pineville,212,315,0,527,0
Precinct,503 - Tobaccoville,91,298,1,390,0
Precinct,Ab - Central Absentee Precinct,195,434,1,630,0
Precinct,Provisional,0,0,0,0,0
Locality,Prince Edward County,2809,2789,9,5607,0
Precinct,101 - Farmville,339,322,2,663,0
Precinct,201 - Lockett,397,450,1,848,0
Precinct,301 - Leigh,244,247,0,491,0
Precinct,302 - Mt Pleasant,162,111,0,273,0
Precinct,401 - Hampden,269,297,0,566,0
Precinct,501 - Darlington Hts,147,255,0,402,0
Precinct,502 - Buffalo Hts,88,159,0,247,0
Precinct,601 - Prospect,425,364,0,789,0
Precinct,701 - West End,365,308,2,675,0
Precinct,801 - Center,224,87,0,311,0
Precinct,Ab - Central Absentee Precinct,149,188,4,341,0
Precinct,Provisional,0,1,0,1,0
Locality,Prince George County,4058,6178,6,10242,0
Precinct,101 - Richard Bland (CD 4),225,467,0,692,0
Precinct,102 - Templeton (CD 4),408,1263,1,1672,0
Precinct,103 - Union Branch (CD 4),457,610,2,1069,0
Precinct,104 - Rives (CD 4),394,292,1,687,0
Precinct,105 - Harrison (CD 4),80,309,0,389,0
Precinct,201 - Bland (CD 4),528,979,0,1507,0
Precinct,202 - Black Water (CD 4),330,708,0,1038,0
Precinct,203 - Brandon (CD 4),148,301,0,449,0
Precinct,204 - Courts Bldg (CD 4),685,643,0,1328,0
Precinct,205 - Jefferson Park (CD 4),513,233,0,746,0
Precinct,Ab - Central Absentee Precinct (CD 4),290,373,2,665,0
Precinct,Provisional (CD 4),0,0,0,0,0
Locality,Prince William County,72454,46943,168,119565,0
Precinct,101 - Brentsville (CD 1),307,790,5,1102,0
Precinct,102 - Cedar Point (CD 1),307,884,1,1192,0
Precinct,103 - Glenkirk (CD 1),624,672,2,1298,0
Precinct,104 - Nokesville (CD 1),507,776,0,1283,0
Precinct,105 - Limestone (CD 1),624,776,4,1404,0
Precinct,106 - Westgate (CD 1),567,219,0,786,0
Precinct,107 - Marsteller (CD 1),942,838,3,1783,0
Precinct,108 - Victory (CD 1),942,219,1,1162,0
Precinct,109 - Piney Branch (CD 1),567,219,2,788,0
Precinct,110 - Buckland Mills (CD 10),409,328,2,739,0
Precinct,110 - Buckland Mills (CD 1),173,203,1,377,0
Precinct,111 - Bristow Run (CD 1),1073,755,4,1832,0
Precinct,112 - Burke-nickens (CD 10),759,654,2,1415,0
Precinct,112 - Burke-nickens (CD 1),21,34,0,55,0
Precinct,201 - Saunders (CD 11),794,301,0,1095,0
Precinct,202 - Marshall (CD 1),687,875,0,1562,0
Precinct,203 - Bennett (CD 1),746,747,3,1496,0
Precinct,204 - Ellis (CD 1),593,430,1,1024,0
Precinct,205 - Buckhall (CD 10),668,710,1,1379,0
Precinct,206 - Coles (CD 1),521,629,3,1153,0
Precinct,207 - Spriggs (CD 1),1095,670,1,1766,0
Precinct,208 - Hylton (CD 1),440,624,2,1066,0
Precinct,209 - Independent Hill (CD 1),347,653,0,1000,0
Precinct,210 - Penn (CD 11),78,29,1,108,0
Precinct,210 - Penn (CD 1),561,706,0,1267,0
Precinct,211 - Signal Hill (CD 10),557,568,4,1129,0
Precinct,212 - Yorkshire (CD 10),919,534,5,1458,0
Precinct,213 - Saratoga (CD 1),565,254,2,821,0
Precinct,214 - Lucasville (CD 1),318,552,2,872,0
Precinct,215 - Rosa Parks (CD 11),757,326,2,1085,0
Precinct,301 - Dumfries (CD 11),604,212,0,816,0
Precinct,302 - Potomac (CD 11),1294,235,1,1530,0
Precinct,303 - Graham Park (CD 11),474,172,0,646,0
Precinct,304 - Quantico (CD 1),68,62,1,131,0
Precinct,305 - Pattie (CD 1),738,561,6,1305,0
Precinct,306 - Washington-reid (CD 1),824,653,1,1478,0
Precinct,307 - Henderson (CD 1),667,560,5,1232,0
Precinct,308 - Montclair (CD 1),453,396,1,850,0
Precinct,309 - Ashland (CD 1),548,466,0,1014,0
Precinct,310 - Forest Park (CD 1),764,325,1,1090,0
Precinct,311 - Swans Creek (CD 11),1258,381,2,1641,0
Precinct,312 - Triangle (CD 1),177,56,0,233,0
Precinct,312 - Triangle (CD 11),726,311,0,1037,0
Precinct,313 - Cardinal (CD 1),609,286,1,896,0
Precinct,314 - Cabin Branch (CD 1),646,365,1,1012,0
Precinct,401 - Evergreen (CD 10),559,835,2,1396,0
Precinct,402 - Battlefield (CD 10),566,859,1,1426,0
Precinct,403 - Bull Run (CD 10),561,457,2,1020,0
Precinct,404 - Ben Lomond (CD 1),727,278,0,1005,0
Precinct,405 - Stonewall (CD 1),896,433,1,1330,0
Precinct,406 - Alvey (CD 10),366,440,3,809,0
Precinct,407 - Heritage Hunt (CD 10),865,1142,3,2010,0
Precinct,408 - Sudley (CD 1),437,394,2,833,0
Precinct,409 - Tyler (CD 10),758,532,2,1292,0
Precinct,410 - Mountain View (CD 10),701,808,2,1511,0
Precinct,411 - Mullen (CD 1),740,213,0,953,0
Precinct,412 - Catharpin (CD 10),340,564,0,904,0
Precinct,413 - Reagan (CD 10),724,861,3,1588,0
Precinct,501 - Lake Ridge (CD 1),780,460,3,1243,0
Precinct,502 - Occoquan (CD 11),540,280,0,820,0
Precinct,503 - Old Bridge (CD 11),715,262,1,978,0
Precinct,504 - Rockledge (CD 11),612,415,3,1030,0
Precinct,505 - Mohican (CD 1),819,537,1,1357,0
Precinct,506 - Bethel (CD 11),1015,569,5,1589,0
Precinct,507 - Chinn (CD 11),696,409,0,1105,0
Precinct,508 - Springwoods (CD 1),598,258,1,857,0
Precinct,509 - Mc Coart (CD 1),738,807,1,1546,0
Precinct,510 - Yates Ford (CD 10),412,543,1,956,0
Precinct,511 - Westridge (CD 1),827,512,1,1340,0
Precinct,512 - York (CD 11),969,210,1,1180,0
Precinct,513 - Lynnwood (CD 11),718,601,3,1322,0
Precinct,514 - Antietam (CD 11),967,529,1,1497,0
Precinct,601 - Dale (CD 11),710,158,0,868,0
Precinct,602 - Beville (CD 11),1259,430,1,1690,0
Precinct,603 - Hampton (CD 11),628,146,2,776,0
Precinct,604 - Gideon (CD 11),657,226,2,885,0
Precinct,605 - Minnieville (CD 11),727,333,3,1063,0
Precinct,606 - Bel Air (CD 11),688,317,3,1008,0
Precinct,607 - Kerrydale (CD 11),891,306,4,1201,0
Precinct,608 - Enterprise (CD 11),817,275,1,1093,0
Precinct,609 - King (CD 1),6,0,0,6,0
Precinct,609 - King (CD 11),1064,402,1,1467,0
Precinct,610 - Fitzgerald (CD 11),885,305,1,1191,0
Precinct,611 - Neabsco (CD 11),644,197,0,841,0
Precinct,701 - Belmont (CD 11),771,421,4,1196,0
Precinct,702 - Library (CD 11),845,252,2,1099,0
Precinct,703 - Lynn (CD 11),458,111,1,570,0
Precinct,704 - Porter (CD 11),864,151,1,1016,0
Precinct,705 - Potomac View (CD 11),439,262,1,702,0
Precinct,706 - Rippon (CD 11),884,378,0,1262,0
Precinct,707 - Kilby (CD 11),594,203,2,799,0
Precinct,708 - River Oaks (CD 11),1030,192,0,1222,0
Precinct,709 - Freedom (CD 11),1036,187,3,1226,0
Precinct,710 - Powells Creek (CD 11),838,134,1,973,0
Precinct,711 - Grayson (CD 11),853,253,1,1107,0
Precinct,712 - Leesylvania (CD 11),879,416,0,1295,0
Precinct,Ab - Central Absentee Precinct (CD 1),3007,2502,7,5516,0
Precinct,Ab - Central Absentee Precinct (CD 10),1645,1633,1,3279,0
Precinct,Ab - Central Absentee Precinct (CD 11),3320,1478,9,4807,0
Precinct,Provisional (CD 1),20,25,0,45,0
Precinct,Provisional (CD 10),8,8,0,16,0
Precinct,Provisional (CD 11),23,18,0,41,0
Locality,Pulaski County,3254,8342,17,11613,0
Precinct,101 - Belspring,136,328,0,464,0
Precinct,102 - New River,537,809,1,1347,0
Precinct,103 - West Cloyd,181,573,0,754,0
Precinct,201 - Draper,203,653,0,856,0
Precinct,202 - South Pulaski,57,111,1,169,0
Precinct,203 - Newbern,386,899,1,1286,0
Precinct,301 - Dublin,283,952,0,1235,0
Precinct,302 - Hiwassee,48,206,0,254,0
Precinct,304 - Snowville,165,525,0,690,0
Precinct,401 - Massie,451,1191,5,1647,0
Precinct,402 - Walker,111,475,1,587,0
Precinct,501 - Robinson,500,1215,6,1721,0
Precinct,Ab - Central Absentee Precinct,196,398,1,595,0
Precinct,Provisional,0,7,1,8,0
Locality,Radford City,2067,1832,5,3904,0
Precinct,1 - East Precinct,831,486,2,1319,0
Precinct,2 - Central Precinct,577,594,2,1173,0
Precinct,3 - West Precinct,520,666,1,1187,0
Precinct,Ab - Central Absentee Precinct,138,86,0,224,0
Precinct,Provisional,1,0,0,1,0
Locality,Rappahannock County,1429,1827,4,3260,0
Precinct,101 - Washington,297,348,1,646,0
Precinct,201 - Amissville,197,396,0,593,0
Precinct,301 - Sperryville,310,297,0,607,0
Precinct,401 - Scrabble,233,309,1,543,0
Precinct,501 - Chester Gap,69,178,1,248,0
Precinct,502 - Flint Hill,173,178,0,351,0
Precinct,Ab - Central Absentee Precinct,147,119,1,267,0
Precinct,Provisional,3,2,0,5,0
Locality,Richmond City,57346,13417,62,70825,0
Precinct,101 - One Hundred One (CD 4),816,636,1,1453,0
Precinct,102 - One Hundred Two (CD 4),402,394,0,796,0
Precinct,104 - One Hundred Four (CD 4),604,655,0,1259,0
Precinct,105 - One Hundred Five (CD 4),695,432,1,1128,0
Precinct,106 - One Hundred Six (CD 4),444,866,0,1310,0
Precinct,111 - One Hundred Eleven (CD 4),663,390,1,1054,0
Precinct,112 - One Hundred Twelve (CD 4),599,323,2,924,0
Precinct,113 - One Hundred Thirteen (CD 4),1110,246,0,1356,0
Precinct,114 - One Hundred Fourteen (CD 4),1300,333,2,1635,0
Precinct,203 - Two Hundred Three (CD 4),1263,343,3,1609,0
Precinct,204 - Two Hundred Four (CD 4),1087,295,1,1383,0
Precinct,206 - Two Hundred Six (CD 4),659,115,1,775,0
Precinct,207 - Two Hundred Seven (CD 4),1165,331,4,1500,0
Precinct,208 - Two Hundred Eight (CD 4),1027,265,0,1292,0
Precinct,213 - Two Hundred Thirteen (CD 4),1451,70,1,1522,0
Precinct,214 - Two Hundred Fourteen (CD 4),1353,127,1,1481,0
Precinct,301 - Three Hundred One (CD 4),478,29,1,508,0
Precinct,302 - Three Hundred Two (CD 4),671,105,0,776,0
Precinct,303 - Three Hundred Three (CD 4),558,36,0,594,0
Precinct,304 - Three Hundred Four (CD 4),815,24,0,839,0
Precinct,305 - Three Hundred Five (CD 4),801,80,1,882,0
Precinct,306 - Three Hundred Six (CD 4),640,53,2,695,0
Precinct,307 - Three Hundred Seven (CD 4),854,204,1,1059,0
Precinct,308 - Three Hundred Eight (CD 4),895,234,2,1131,0
Precinct,309 - Three Hundred Nine (CD 4),499,282,1,782,0
Precinct,310 - Three Hundred Ten (CD 4),198,8,1,207,0
Precinct,402 - Four Hundred Two (CD 4),1366,507,2,1875,0
Precinct,404 - Four Hundred Four (CD 4),1138,307,1,1446,0
Precinct,409 - Four Hundred Nine (CD 4),1304,863,0,2167,0
Precinct,410 - Four Hundred Ten (CD 4),761,340,1,1102,0
Precinct,412 - Four Hundred Twelve (CD 4),729,229,0,958,0
Precinct,413 - Four Hundred Thirteen (CD 4),833,400,1,1234,0
Precinct,414 - Four Hundred Fourteen (CD 4),814,514,0,1328,0
Precinct,501 - Five Hundred One (CD 4),1306,184,3,1493,0
Precinct,503 - Five Hundred Three (CD 4),1234,135,0,1369,0
Precinct,504 - Five Hundred Four (CD 4),1473,179,2,1654,0
Precinct,505 - Five Hundred Five (CD 4),636,78,0,714,0
Precinct,508 - Five Hundred Eight (CD 4),656,113,1,770,0
Precinct,509 - Five Hundred Nine (CD 4),725,55,1,781,0
Precinct,510 - Five Hundred Ten (CD 4),963,79,3,1045,0
Precinct,602 - Six Hundred Two (CD 4),407,16,0,423,0
Precinct,603 - Six Hundred Three (CD 4),723,35,2,760,0
Precinct,604 - Six Hundred Four (CD 4),515,25,1,541,0
Precinct,606 - Six Hundred Six (CD 4),871,31,0,902,0
Precinct,607 - Six Hundred Seven (CD 4),898,168,0,1066,0
Precinct,609 - Six Hundred Nine (CD 4),985,79,0,1064,0
Precinct,610 - Six Hundred Ten (CD 4),492,18,1,511,0
Precinct,701 - Seven Hundred One (CD 4),475,20,1,496,0
Precinct,702 - Seven Hundred Two (CD 4),603,39,0,642,0
Precinct,703 - Seven Hundred Three (CD 4),752,51,1,804,0
Precinct,705 - Seven Hundred Five (CD 4),754,80,1,835,0
Precinct,706 - Seven Hundred Six (CD 4),1099,92,0,1191,0
Precinct,707 - Seven Hundred Seven (CD 4),1647,238,3,1888,0
Precinct,708 - Seven Hundred Eight (CD 4),1067,182,0,1249,0
Precinct,802 - Eight Hundred Two (CD 4),573,29,0,602,0
Precinct,806 - Eight Hundred Six (CD 4),742,81,1,824,0
Precinct,810 - Eight Hundred Ten (CD 4),614,57,0,671,0
Precinct,811 - Eight Hundred Eleven (CD 4),622,61,0,683,0
Precinct,812 - Eight Hundred Twelve (CD 4),1089,134,1,1224,0
Precinct,814 - Eight Hundred Fourteen (CD 4),612,47,0,659,0
Precinct,902 - Nine Hundred Two (CD 4),309,30,1,340,0
Precinct,903 - Nine Hundred Three (CD 4),748,84,0,832,0
Precinct,908 - Nine Hundred Eight (CD 4),750,60,0,810,0
Precinct,909 - Nine Hundred Nine (CD 4),926,97,0,1023,0
Precinct,910 - Nine Hundred Ten (CD 4),690,87,0,777,0
Precinct,911 - Nine Hundred Eleven (CD 4),795,39,2,836,0
Precinct,AB - Central Absentee Precinct (CD 4),2560,671,5,3236,0
Precinct,Provisional (CD 4),43,7,0,50,0
Locality,Richmond County,837,1522,1,2360,0
Precinct,101 - Precinct 1-1,286,172,0,458,0
Precinct,201 - Precinct 2-1,126,312,0,438,0
Precinct,301 - Precinct 3-1,142,285,1,428,0
Precinct,401 - Precinct 4-1,133,329,0,462,0
Precinct,501 - Precinct 5-1,113,353,0,466,0
Precinct,Ab - Central Absentee Precinct,37,71,0,108,0
Precinct,Provisional,0,0,0,0,0
Locality,Roanoke City,14494,9591,29,24114,0
Precinct,1 -Peters Creek,883,188,0,1071,0
Precinct,2 - Grandview,730,374,0,1104,0
Precinct,3 -Preston Park,424,638,1,1063,0
Precinct,4 - Williamson Road,537,432,12,981,0
Precinct,5 - East Gate,364,598,2,964,0
Precinct,6 - Hollins Road,434,387,1,822,0
Precinct,7 - Southeast,293,368,1,662,0
Precinct,8 - Lincoln Terrace,647,42,1,690,0
Precinct,9 - Highland,687,235,0,922,0
Precinct,10 - Old Southwest-Wasena,822,374,4,1200,0
Precinct,11 - Raleigh Court,921,593,1,1515,0
Precinct,12 - South Roanoke,619,721,0,1340,0
Precinct,13 - Garden City,350,685,0,1035,0
Precinct,14 - Crystal Spring,715,706,1,1422,0
Precinct,15 - Grandin Court,733,607,1,1341,0
Precinct,16 - Deyerle,708,867,1,1576,0
Precinct,17 - Lee-Hi,676,484,0,1160,0
Precinct,18 - Virginia Heights-Norwich,869,287,0,1156,0
Precinct,18 - Summit Hills,633,420,0,1053,0
Precinct,19 - Forest Park,463,58,0,521,0
Precinct,20 - Eureka Park,1183,81,0,1264,0
Precinct,AB - Central Absentee Precinct,785,434,3,1222,0
Precinct,Provisional,18,12,0,30,0
Locality,Roanoke County,11574,21946,39,33559,0
Precinct,101 - Catawba (CD 9),87,301,0,388,0
Precinct,102 - Mason Valley (CD 9),78,277,0,355,0
Precinct,103 - Glenvar (CD 9),268,649,0,917,0
Precinct,104 - Northside (CD 9),339,419,1,759,0
Precinct,105 - Peters Creek (CD 9),548,978,1,1527,0
Precinct,106 - Green Hill (CD 9),434,1050,2,1486,0
Precinct,107 - Bennett Springs (CD 9),114,374,0,488,0
Precinct,108 - Wildwood (CD 9),218,494,1,713,0
Precinct,201 - Plantation (CD 6),274,562,2,838,0
Precinct,202 - Burlington (CD 6),252,318,0,570,0
Precinct,203 - Mountain View (CD 6),469,997,3,1469,0
Precinct,204 - Botetourt Springs (CD 9),456,763,2,1221,0
Precinct,205 - Orchards (CD 6),472,1204,1,1677,0
Precinct,206 - Hollins (CD 6),194,289,0,483,0
Precinct,301 - Bent Mountain (CD 9),122,254,1,377,0
Precinct,302 - Poages Mill (CD 6),511,1185,1,1697,0
Precinct,303 - Windsor Hills (CD 6),300,537,1,838,0
Precinct,304 - Oak Grove (CD 6),645,1117,0,1762,0
Precinct,305 - Castle Rock (CD 6),715,1127,3,1845,0
Precinct,306 - Garst Mill (CD 6),310,458,0,768,0
Precinct,402 - Bonsack (CD 6),93,251,0,344,0
Precinct,403 - North Vinton (CD 6),249,604,0,853,0
Precinct,404 - South Vinton (CD 6),356,650,1,1007,0
Precinct,405 - Lindenwood (CD 6),547,1262,1,1810,0
Precinct,406 - Mount Pleasant (CD 6),338,867,0,1205,0
Precinct,501 - Cotton Hill (CD 6),349,592,2,943,0
Precinct,502 - Penn Forest (CD 6),307,482,1,790,0
Precinct,503 - Cave Spring (CD 6),391,661,8,1060,0
Precinct,504 - Ogden (CD 6),338,375,1,714,0
Precinct,505 - Clearbrook (CD 6),209,481,0,690,0
Precinct,506 - Mount Vernon (CD 6),325,414,2,741,0
Precinct,507 - Hunting Hills (CD 6),558,872,1,1431,0
Precinct,Ab - Central Absentee Precinct,0,0,0,0,0
Precinct,Ab - Central Absentee Precinct (CD 6),527,828,3,1358,0
Precinct,Ab - Central Absentee Precinct (CD 9),172,247,0,419,0
Precinct,Provisional (CD 6),7,5,0,12,0
Precinct,Provisional (CD 9),2,2,0,4,0
Locality,Rockbridge County,2771,5085,6,7862,0
Precinct,101 - Airport,321,413,3,737,0
Precinct,102 - Ben Salem,167,346,0,513,0
Precinct,103 - Plank Road,75,195,0,270,0
Precinct,104 - Effinger,92,219,0,311,0
Precinct,201 - Collierstown,188,282,1,471,0
Precinct,202 - Highland Belle,357,552,2,911,0
Precinct,203 - Vo-tech,130,115,0,245,0
Precinct,301 - Maury River,140,276,0,416,0
Precinct,302 - Natural Bridge,118,260,0,378,0
Precinct,303 - Falling Spring,55,171,0,226,0
Precinct,401 - Fairfield,127,358,0,485,0
Precinct,402 - Mountain View,189,452,0,641,0
Precinct,403 - Vesuvius,44,157,0,201,0
Precinct,501 - Goshen,28,176,0,204,0
Precinct,502 - Meadowview,183,265,0,448,0
Precinct,503 - Rockbridge Baths,127,196,0,323,0
Precinct,504 - Rockbridge,201,383,0,584,0
Precinct,Ab - Central Absentee Precinct,225,264,0,489,0
Precinct,Provisional,4,5,0,9,0
Locality,Rockingham County,6824,18219,18,25061,0
Precinct,101 - Broadway,314,851,1,1166,0
Precinct,102 - Timberville,146,405,1,552,0
Precinct,103 - Fulks Run,98,539,0,637,0
Precinct,104 - Bergton,34,219,0,253,0
Precinct,105 - Lacey Spring,91,440,0,531,0
Precinct,106 - Tenth Legion,84,380,2,466,0
Precinct,107 - Plains,105,450,2,557,0
Precinct,108 - Little North Mountain,77,278,2,357,0
Precinct,201 - Singers Glen,184,596,0,780,0
Precinct,202 - Edom,387,845,0,1232,0
Precinct,203 - Dayton,185,413,0,598,0
Precinct,204 - Mt Clinton,198,685,2,885,0
Precinct,205 - Silver Lake,335,827,0,1162,0
Precinct,301 - Keezletown,134,427,0,561,0
Precinct,302 - Port Republic,213,668,0,881,0
Precinct,303 - Melrose,128,389,0,517,0
Precinct,304 - Grottoes,165,566,1,732,0
Precinct,305 - Massanetta Springs,473,644,0,1117,0
Precinct,306 - Cross Keys,84,253,0,337,0
Precinct,307 - Crossroads,578,904,1,1483,0
Precinct,401 - Bridgewater,647,1144,0,1791,0
Precinct,402 - Montezuma,178,712,0,890,0
Precinct,403 - Mt Crawford,43,94,0,137,0
Precinct,404 - North River,228,568,0,796,0
Precinct,405 - Ottobine,135,752,2,889,0
Precinct,501 - Elkton,211,604,1,816,0
Precinct,502 - Swift Run,184,988,0,1172,0
Precinct,503 - Mcgaheysville,273,809,2,1084,0
Precinct,504 - South Fork,78,434,0,512,0
Precinct,505 - Stony Run,391,617,1,1009,0
Precinct,Ab - Central Absentee Precinct,440,710,0,1150,0
Precinct,Provisional,3,8,0,11,0
Locality,Russell County,1543,5084,7,6634,0
Precinct,101 - Moccasin,74,395,0,469,0
Precinct,102 - Copper Creek,90,281,0,371,0
Precinct,103 - South Castlewood,75,208,0,283,0
Precinct,201 - North Castlewood,186,580,1,767,0
Precinct,202 - Dante,34,102,1,137,0
Precinct,301 - Cooks Mill,30,109,0,139,0
Precinct,302 - Daugherty,58,186,1,245,0
Precinct,303 - New Garden,90,309,0,399,0
Precinct,304 - Cleveland,68,179,0,247,0
Precinct,401 - Drill,24,40,0,64,0
Precinct,402 - Swords Creek,88,481,2,571,0
Precinct,403 - Honaker,64,169,0,233,0
Precinct,501 - West Lebanon,245,804,2,1051,0
Precinct,601 - East Lebanon,115,457,0,572,0
Precinct,602 - Elk Garden,122,538,0,660,0
Precinct,Ab - Central Absentee Precinct,180,246,0,426,0
Precinct,Provisional,0,0,0,0,0
Locality,Salem City,2856,5242,11,8109,0
Precinct,1 - North Salem No 2,440,622,0,1062,0
Precinct,2 - Conehurst,156,264,2,422,0
Precinct,3 - Beverly Heights,150,415,0,565,0
Precinct,4 - West Salem,251,575,3,829,0
Precinct,5 - North Salem No 1,416,595,1,1012,0
Precinct,6 - South Salem No 1,196,282,0,478,0
Precinct,7 - South Salem No 2,233,488,0,721,0
Precinct,8 - East Salem,94,181,0,275,0
Precinct,9 - South Side Hills,312,759,2,1073,0
Precinct,10 - Hidden Valley,420,735,2,1157,0
Precinct,Ab - Central Absentee Precinct,188,326,1,515,0
Precinct,Provisional,0,0,0,0,0
Locality,Scott County,1165,4886,11,6062,0
Precinct,101 - Weber City,81,327,1,409,0
Precinct,102 - Yuma,103,413,0,516,0
Precinct,202 - Weber City East,59,276,0,335,0
Precinct,203 - Hiltons,94,444,1,539,0
Precinct,204 - Clark's,25,120,0,145,0
Precinct,301 - Nickelsville,50,320,1,371,0
Precinct,302 - Snowflake,59,244,0,303,0
Precinct,303 - Twin Springs,65,211,3,279,0
Precinct,304 - Copper Creek,19,64,0,83,0
Precinct,401 - Gate City,208,824,2,1034,0
Precinct,501 - Dungannon,71,153,0,224,0
Precinct,502 - Fort Blackmore,50,177,0,227,0
Precinct,503 - Manville,19,124,0,143,0
Precinct,504 - Rye Cove,41,274,2,317,0
Precinct,601 - Clinchport,29,188,0,217,0
Precinct,602 - Duffield-pattonsville,89,388,1,478,0
Precinct,603 - Fairview,34,80,0,114,0
Precinct,Ab - Central Absentee Precinct,69,259,0,328,0
Precinct,Provisional,0,0,0,0,0
Locality,Shenandoah County,3487,9740,10,13237,0
Precinct,101 - Orkney Springs,191,456,0,647,0
Precinct,103 - New Market,363,1127,0,1490,0
Precinct,201 - Conicville,217,802,0,1019,0
Precinct,202 - Mt Jackson,205,667,1,873,0
Precinct,302 - Edinburg,220,753,1,974,0
Precinct,303 - St Luke,170,828,1,999,0
Precinct,304 - Fort Valley,137,406,1,544,0
Precinct,401 - Woodstock,622,1413,2,2037,0
Precinct,501 - Cedar Creek,32,66,0,98,0
Precinct,503 - Toms Brook,333,1056,1,1390,0
Precinct,504 - Lebanon Church,218,684,1,903,0
Precinct,601 - Strasburg,536,1076,1,1613,0
Precinct,Ab - Central Absentee Precinct,241,400,1,642,0
Precinct,Provisional,2,6,0,8,0
Locality,Smyth County,1790,6049,1,7840,0
Precinct,101 - Saltville,228,747,0,975,0
Precinct,201 - Seven Mile Ford,127,585,0,712,0
Precinct,202 - Rich Valley,90,195,0,285,0
Precinct,301 - Chilhowie,170,775,0,945,0
Precinct,302 - St Clair,38,235,0,273,0
Precinct,401 - East Park,195,463,0,658,0
Precinct,402 - West Park,102,214,0,316,0
Precinct,501 - Atkins,111,571,0,682,0
Precinct,502 - Wassona,189,336,0,525,0
Precinct,601 - Royal Oak East,161,472,0,633,0
Precinct,602 - Royal Oak West,85,276,0,361,0
Precinct,701 - Adwolfe,82,619,0,701,0
Precinct,702 - Sugar Grove,117,321,1,439,0
Precinct,703 - Konnarock,9,72,0,81,0
Precinct,Ab - Central Absentee Precinct,86,166,0,252,0
Precinct,Provisional,0,2,0,2,0
Locality,Southampton County,2434,3679,4,6117,0
Precinct,101 - Berlin,75,361,0,436,0
Precinct,102 - Ivor,232,367,0,599,0
Precinct,201 - Boykins,339,251,0,590,0
Precinct,202 - Branchville,76,120,1,197,0
Precinct,301 - Capron,243,251,1,495,0
Precinct,302 - Sebrell,166,282,0,448,0
Precinct,401 - Drewryville,178,159,0,337,0
Precinct,501 - Hunterdale,216,534,1,751,0
Precinct,502 - Forks-of-the-river,145,174,0,319,0
Precinct,601 - Courtland,279,402,0,681,0
Precinct,602 - Sedley,43,223,1,267,0
Precinct,701 - Blackwater River,186,115,0,301,0
Precinct,702 - Newsoms,160,314,0,474,0
Precinct,Ab - Central Absentee Precinct,95,125,0,220,0
Precinct,Provisional,1,1,0,2,0
Locality,Spotsylvania County,15531,21026,60,36617,0
Precinct,101 - Partlow (CD 7),258,708,2,968,0
Precinct,102 - Blaydes Corner (CD 7),289,711,4,1004,0
Precinct,103 - Travelers Rest (CD 7),534,758,0,1292,0
Precinct,103 - Travelers Rest (CD 1),13,4,0,17,0
Precinct,104 - Massaponax (CD 1),532,768,2,1302,0
Precinct,201 - Wilderness School (CD 7),460,674,0,1134,0
Precinct,202 - Wilderness Fire (CD 7),412,741,4,1157,0
Precinct,203 - Ni River / Elys Ford (CD 7),370,793,4,1167,0
Precinct,204 - Chancellor (CD 7),680,707,1,1388,0
Precinct,301 - Plank Road (CD 7),566,789,3,1358,0
Precinct,302 - Hazel Run (CD 7),743,754,2,1499,0
Precinct,303 - Riverbend (CD 7),765,1185,2,1952,0
Precinct,401 - Summit (CD 1),705,769,0,1474,0
Precinct,402 - Parkside (CD 1),647,576,2,1225,0
Precinct,402 - Parkside (CD 7),133,132,0,265,0
Precinct,403 - Lee Hill (CD 1),855,972,3,1830,0
Precinct,501 - Belmont (CD 7),251,602,0,853,0
Precinct,502 - Brokenburg (CD 7),207,571,0,778,0
Precinct,503 - Post Oak (CD 7),208,659,1,868,0
Precinct,504 - Courthouse (CD 7),520,764,3,1287,0
Precinct,505 - Brock (CD 7),469,976,9,1454,0
Precinct,601 - Salem (CD 7),712,767,4,1483,0
Precinct,602 - Smith Station (CD 7),959,907,1,1867,0
Precinct,603 - Piedmont (CD 7),398,501,2,901,0
Precinct,701 - Battlefield (CD 1),587,596,0,1183,0
Precinct,702 - Brents Mill (CD 1),362,356,0,718,0
Precinct,702 - Brents Mill (CD 7),306,353,1,660,0
Precinct,703 - Fairview (CD 7),260,205,1,466,0
Precinct,703 - Fairview (CD 1),95,104,0,199,0
Precinct,704 - Gayle (CD 7),617,607,0,1224,0
Precinct,704 - Gayle (CD 1),371,417,0,788,0
Precinct,Ab - Central Absentee Precinct (CD 1),368,380,1,749,0
Precinct,Ab - Central Absentee Precinct (CD 7),872,1217,8,2097,0
Precinct,Provisional (CD 1),3,1,0,4,0
Precinct,Provisional (CD 7),4,2,0,6,0
Locality,Stafford County,18563,21840,44,40447,0
Precinct,101 - Hartwood,711,1582,4,2297,0
Precinct,102 - Rocky Run,616,743,2,1361,0
Precinct,103 - Simpson,545,821,0,1366,0
Precinct,104 - College,737,973,1,1711,0
Precinct,201 - Rock Hill,562,725,2,1289,0
Precinct,202 - Roseville,819,872,3,1694,0
Precinct,203 - Ruby,348,803,1,1152,0
Precinct,204 - Stefaniga,749,1045,1,1795,0
Precinct,301 - Griffis,644,316,0,960,0
Precinct,302 - Widewater,924,653,0,1577,0
Precinct,303 - Harbour,376,603,0,979,0
Precinct,304 - Barrett,331,270,1,602,0
Precinct,401 - Aquia,346,173,0,519,0
Precinct,402 - Courthouse,1120,661,3,1784,0
Precinct,403 - Brooke,675,1072,3,1750,0
Precinct,404 - Government Island,500,732,0,1232,0
Precinct,501 - Grafton,772,1129,0,1901,0
Precinct,502 - Falmouth,611,743,3,1357,0
Precinct,503 - Drew,538,681,4,1223,0
Precinct,504 - Gayle,739,547,0,1286,0
Precinct,601 - Ferry Farm,516,869,2,1387,0
Precinct,602 - Chatham,732,833,1,1566,0
Precinct,603 - White Oak,539,1086,1,1626,0
Precinct,604 - England Run,462,216,2,680,0
Precinct,701 - Woodlands,839,916,2,1757,0
Precinct,702 - Whitson,737,539,1,1277,0
Precinct,703 - Hampton,980,1052,5,2037,0
Precinct,Ab - Central Absentee Precinct,1072,1169,2,2243,0
Precinct,Provisional,23,16,0,39,0
Locality,Staunton City,3956,3534,8,7498,0
Precinct,101 - Ward No 1,623,634,3,1260,0
Precinct,201 - Ward Two,693,815,0,1508,0
Precinct,301 - Ward No 3,743,686,4,1433,0
Precinct,401 - Ward No 4,651,667,0,1318,0
Precinct,501 - Ward No 5,957,517,1,1475,0
Precinct,Ab - Central Absentee Precinct,285,210,0,495,0
Precinct,Provisional,4,5,0,9,0
Locality,Suffolk City,16071,12294,17,28382,0
Precinct,101 - Belleharbour (CD 3),630,238,0,868,0
Precinct,102 - Driver (CD 3),760,1339,3,2102,0
Precinct,104 - Bennetts Creek (CD 3),631,582,0,1213,0
Precinct,201 - Ebenezer (CD 3),305,765,1,1071,0
Precinct,202 - Chuckatuck (CD 3),364,638,1,1003,0
Precinct,203 - Kings Fork (CD 3),917,453,1,1371,0
Precinct,204 - Hillpoint (CD 3),674,337,2,1013,0
Precinct,301 - White Marsh (CD 4),276,111,0,387,0
Precinct,302 - John F Kennedy (CD 4),646,19,1,666,0
Precinct,302 - John F Kennedy (CD 3),458,111,1,570,0
Precinct,304 - Nansemond River (CD 3),870,431,1,1302,0
Precinct,305 - Shoulders Hill (CD 3),366,212,0,578,0
Precinct,401 - Airport (CD 4),318,382,2,702,0
Precinct,402 - Whaleyville (CD 4),202,598,0,800,0
Precinct,403 - Southside (CD 4),452,29,0,481,0
Precinct,404 - Booker T Washington (CD 4),659,43,0,702,0
Precinct,404 - Booker T Washington (CD 3),184,7,0,191,0
Precinct,405 - Pittmantown (CD 4),133,171,0,304,0
Precinct,501 - Kilbys Mill (CD 4),567,877,0,1444,0
Precinct,502 - Holland (CD 4),495,776,0,1271,0
Precinct,504 - Lake Cohoon (CD 4),305,684,0,989,0
Precinct,504 - Lake Cohoon (CD 3),102,339,0,441,0
Precinct,601 - Lakeside (CD 4),648,522,0,1170,0
Precinct,602 - Olde Towne (CD 4),4,2,0,6,0
Precinct,602 - Olde Towne (CD 3),172,107,0,279,0
Precinct,603 - Elephants Fork/westhaven (CD 4),183,208,1,392,0
Precinct,604 - Wilroy (CD 3),397,423,0,820,0
Precinct,605 - Hollywood (CD 3),442,20,1,463,0
Precinct,702 - Harbourview (CD 3),819,667,0,1486,0
Precinct,704 - Burbage Grant (CD 3),979,406,0,1385,0
Precinct,706 - Huntersville (CD 3),1131,164,1,1296,0
Precinct,AB - Central Absentee Precinct (CD 3),614,418,1,1033,0
Precinct,Ab - Central Absentee Precinct (CD 4),358,205,0,563,0
Precinct,Provisional (CD 3),5,5,0,10,0
Precinct,Provisional (CD 4),5,5,0,10,0
Locality,Surry County,1633,1310,1,2944,0
Precinct,101 - Surry,255,381,0,636,0
Precinct,201 - Bacons Castle,384,210,0,594,0
Precinct,301 - Dendron,166,165,0,331,0
Precinct,302 - Walls Bridge,153,117,0,270,0
Precinct,401 - Carsley,322,223,0,545,0
Precinct,501 - Claremont,197,183,1,381,0
Precinct,502 - Spring Grove,156,31,0,187,0
Precinct,Provisional,0,0,0,0,0
Locality,Sussex County,1788,1437,0,3225,0
Precinct,101 - Waverly,355,122,0,477,0
Precinct,201 - Stony Creek,282,126,0,408,0
Precinct,202 - Little Mill,58,41,0,99,0
Precinct,301 - Courthouse,139,269,0,408,0
Precinct,302 - Wakefield,19,105,0,124,0
Precinct,401 - Mars Hill,271,175,0,446,0
Precinct,402 - West Wakefield,53,13,0,66,0
Precinct,501 - Henry,227,146,0,373,0
Precinct,502 - Yale,100,63,0,163,0
Precinct,601 - Blackwater,138,217,0,355,0
Precinct,602 - Newville,84,108,0,192,0
Precinct,AB - Central Absentee Precinct,62,52,0,114,0
Precinct,Provisional,0,0,0,0,0
Locality,Tazewell County,1837,8130,12,9979,0
Precinct,101 - Abbs Valley,15,129,0,144,0
Precinct,102 - Tip Top,38,195,0,233,0
Precinct,103 - Boissevain,29,93,0,122,0
Precinct,104 - Falls Mills,39,179,0,218,0
Precinct,106 - Pocahontas,28,68,0,96,0
Precinct,107 - Amonate,8,40,0,48,0
Precinct,109 - Bishop,10,74,0,84,0
Precinct,110 - Adria,29,196,0,225,0
Precinct,111 - Gap Store,35,186,0,221,0
Precinct,112 - Bandy,17,86,0,103,0
Precinct,203 - Burkes Garden,15,75,0,90,0
Precinct,204 - Clear Fork,32,280,0,312,0
Precinct,207 - Freestone,22,88,1,111,0
Precinct,209 - Jeffersonville,340,1056,2,1398,0
Precinct,214 - Thompson Valley,53,272,0,325,0
Precinct,301 - Cedar Bluff,163,931,6,1100,0
Precinct,302 - Baptist Valley,48,169,0,217,0
Precinct,303 - Wardell,75,392,0,467,0
Precinct,305 - Pounding Mill,44,275,0,319,0
Precinct,401 - Richlands,234,963,0,1197,0
Precinct,402 - Jewell Ridge,24,107,0,131,0
Precinct,404 - Raven,70,309,1,380,0
Precinct,501 - Springville,81,553,0,634,0
Precinct,502 - Graham,248,1053,0,1301,0
Precinct,Ab - Central Absentee Precinct,139,358,2,499,0
Precinct,Provisional,1,3,0,4,0
Locality,Virginia Beach City,62086,65190,104,127380,0
Precinct,1 - North Beach,666,1162,3,1831,0
Precinct,2 - South Beach,613,612,1,1226,0
Precinct,3 - Ocean Lakes,390,497,1,888,0
Precinct,4 - Linkhorn,535,891,1,1427,0
Precinct,5 - Seatack,730,402,1,1133,0
Precinct,6 - Alanton,623,994,1,1618,0
Precinct,7 - Kingston,382,690,0,1072,0
Precinct,8 - London Bridge,678,695,0,1373,0
Precinct,9 - Trantwood,498,982,1,1481,0
Precinct,10 - Great Neck,524,1211,2,1737,0
Precinct,11 - Cape Henry,849,1011,2,1862,0
Precinct,12 - Plaza,687,528,2,1217,0
Precinct,13 - Mt Trashmore,766,835,1,1602,0
Precinct,14 - Malibu,640,720,1,1361,0
Precinct,15 - Old Donation,388,398,1,787,0
Precinct,16 - Aragona,736,780,1,1517,0
Precinct,17 - Ocean Park,488,620,1,1109,0
Precinct,18 - Thoroughgood,716,996,2,1714,0
Precinct,19 - Lake Smith,327,478,0,805,0
Precinct,20 - Bayside,510,566,0,1076,0
Precinct,21 - Davis Corner,898,237,1,1136,0
Precinct,22 - Point O View,461,665,2,1128,0
Precinct,23 - Arrowhead,539,777,1,1317,0
Precinct,24 - Larkspur,478,514,0,992,0
Precinct,25 - Avalon,864,965,1,1830,0
Precinct,26 - Fairfield,593,743,1,1337,0
Precinct,27 - Edwin,648,892,2,1542,0
Precinct,28 - Thalia,493,619,0,1112,0
Precinct,29 - Holland,670,400,0,1070,0
Precinct,30 - Red Wing,443,825,0,1268,0
Precinct,31 - Sigma,730,1438,0,2168,0
Precinct,32 - Creeds,178,534,0,712,0
Precinct,33 - Capps Shop,165,629,0,794,0
Precinct,34 - Blackwater,112,329,0,441,0
Precinct,35 - Courthouse,559,1095,2,1656,0
Precinct,36 - Windsor Oaks,910,591,1,1502,0
Precinct,37 - Chesapeake Beach,482,419,1,902,0
Precinct,38 - Witchduck,699,1187,2,1888,0
Precinct,39 - Pembroke,769,736,0,1505,0
Precinct,40 - Bonney,463,483,1,947,0
Precinct,41 - College Park,1275,390,3,1668,0
Precinct,42 - Brandon,721,594,2,1317,0
Precinct,43 - Bellamy,703,408,0,1111,0
Precinct,44 - Centerville,753,821,1,1575,0
Precinct,45 - Timberlake,778,331,1,1110,0
Precinct,46 - Green Run,664,339,0,1003,0
Precinct,47 - Kings Grant,646,1176,1,1823,0
Precinct,48 - Wolfsnare,616,898,2,1516,0
Precinct,49 - Lynnhaven,575,967,1,1543,0
Precinct,50 - Oceana,474,183,0,657,0
Precinct,51 - Stratford Chase,524,694,1,1219,0
Precinct,52 - Homestead,859,926,2,1787,0
Precinct,53 - Shannon,528,662,2,1192,0
Precinct,54 - Cromwell,547,471,0,1018,0
Precinct,55 - Magic Hollow,727,329,1,1057,0
Precinct,56 - Edinburgh,293,414,1,708,0
Precinct,57 - Sherry Park,378,468,2,848,0
Precinct,58 - Glenwood,703,619,2,1324,0
Precinct,59 - Shelton Park,434,447,0,881,0
Precinct,60 - Foxfire,559,986,6,1551,0
Precinct,61 - Baker,904,126,2,1032,0
Precinct,62 - Landstown,699,793,3,1495,0
Precinct,63 - Culver,689,854,1,1544,0
Precinct,64 - Rosemont Forest,996,874,0,1870,0
Precinct,65 - Colonial,657,588,3,1248,0
Precinct,66 - Hunt,460,751,0,1211,0
Precinct,67 - Eastern Shore,340,234,0,574,0
Precinct,68 - Manor,576,752,0,1328,0
Precinct,69 - Shell,793,303,0,1096,0
Precinct,70 - Corporate Landing,562,567,0,1129,0
Precinct,71 - Round Hill,414,306,0,720,0
Precinct,72 - Rudee,523,767,3,1293,0
Precinct,73 - Dahlia,718,325,0,1043,0
Precinct,74 - Buckner,639,321,1,961,0
Precinct,75 - Colony,622,1060,1,1683,0
Precinct,76 - Village,625,254,0,879,0
Precinct,77 - Brookwood,561,531,0,1092,0
Precinct,78 - Indian Lakes,585,535,1,1121,0
Precinct,79 - Pleasant Hall,725,284,1,1010,0
Precinct,80 - Chimney Hill,689,329,1,1019,0
Precinct,81 - Rock Lake,791,525,1,1317,0
Precinct,82 - Shelburne,473,577,1,1051,0
Precinct,83 - Strawbridge,542,771,1,1314,0
Precinct,84 - Tallwood,719,456,1,1176,0
Precinct,85 - Upton,640,888,1,1529,0
Precinct,86 - Haygood,684,809,0,1493,0
Precinct,87 - Hillcrest,579,663,0,1242,0
Precinct,88 - North Landing,469,571,3,1043,0
Precinct,89 - Lake Christopher,630,691,1,1322,0
Precinct,90 - Lake Joyce,353,522,1,876,0
Precinct,91 - Lexington,750,429,0,1179,0
Precinct,92 - Little Neck,394,681,0,1075,0
Precinct,93 - Newtown,869,150,1,1020,0
Precinct,94 - Pinewood,294,381,1,676,0
Precinct,95 - Dam Neck,338,346,1,685,0
Precinct,96 - Hilltop,446,307,2,755,0
Precinct,97 - Indian River,764,355,1,1120,0
Precinct,98 - Independence,419,252,1,672,0
Precinct,Ab - Central Absentee Precinct,3432,3902,5,7339,0
Precinct,Provisional,66,91,0,157,0
Locality,Warren County,3410,6920,10,10340,0
Precinct,101 - Fork Town,223,385,0,608,0
Precinct,102 - Otterburn,357,928,0,1285,0
Precinct,201 - Happy Creek,362,744,0,1106,0
Precinct,202 - Linden,381,693,5,1079,0
Precinct,301 - North River,306,445,0,751,0
Precinct,302 - Riverton,273,696,0,969,0
Precinct,401 - East Shenandoah,377,975,3,1355,0
Precinct,402 - Town - West Shenandoah,227,471,1,699,0
Precinct,501 - South River,429,697,1,1127,0
Precinct,502 - Bentonville,124,334,0,458,0
Precinct,504 - Browntown,133,257,0,390,0
Precinct,Ab - Central Absentee Precinct,218,292,0,510,0
Precinct,Provisional,0,3,0,3,0
Locality,Washington County,3975,12242,10,16227,0
Precinct,101 - East Abingdon,484,888,2,1374,0
Precinct,102 - West Abingdon,263,487,1,751,0
Precinct,201 - Clinchburg,88,359,0,447,0
Precinct,202 - Greendale,129,596,1,726,0
Precinct,203 - Hayters Gap,49,243,0,292,0
Precinct,204 Woodland Hills,200,575,0,775,0
Precinct,301 - Watauga,308,985,0,1293,0
Precinct,302 - South Abingdon,412,801,1,1214,0
Precinct,401 - Glade Spring,203,634,1,838,0
Precinct,402 - Meadowview,269,794,2,1065,0
Precinct,501 - Rhea Valley,238,1116,0,1354,0
Precinct,502 - Damascus,233,461,0,694,0
Precinct,504 - Green Cove,18,93,0,111,0
Precinct,601 - Burson Place,143,884,0,1027,0
Precinct,602 - Mendota,33,177,0,210,0
Precinct,603 - Valley Institute,143,639,0,782,0
Precinct,701 - High Point,153,755,1,909,0
Precinct,702 - Wallace,95,358,0,453,0
Precinct,703 - John Battle,202,834,0,1036,0
Precinct,Ab - Central Absentee Precinct,311,561,1,873,0
Precinct,Provisional,1,2,0,3,0
Locality,Waynesboro City,2578,3231,7,5816,0
Precinct,1 - Ward A,377,378,1,756,0
Precinct,2 - Ward B,742,894,4,1640,0
Precinct,3 - Ward C,513,610,1,1124,0
Precinct,4 - Ward D,834,1219,1,2054,0
Precinct,Ab - Central Absentee Precinct,111,129,0,240,0
Precinct,Provisional,1,1,0,2,0
Locality,Westmoreland County,2375,2939,8,5322,0
Precinct,101 - Precinct 1-1,395,214,1,610,0
Precinct,102 - Precinct 1-2,201,176,0,377,0
Precinct,201 - Precinct 2-1,364,381,2,747,0
Precinct,202 - Precinct 2-2,144,240,0,384,0
Precinct,301 - Precinct 3-1,245,295,0,540,0
Precinct,302 - Precinct 3-2,194,202,0,396,0
Precinct,401 - Precinct 4-1,254,621,3,878,0
Precinct,501 - Precinct 5-1,392,561,2,955,0
Precinct,Ab - Central Absentee Precinct,186,248,0,434,0
Precinct,Provisional,0,1,0,1,0
Locality,Williamsburg City,3656,1596,2,5254,0
Precinct,1 - Stryker,1647,746,0,2393,0
Precinct,2 - Matoaka,1746,679,1,2426,0
Precinct,Ab - Central Absentee Precinct,261,168,1,430,0
Precinct,Provisional,2,3,0,5,0
Locality,Winchester City,3327,3287,3,6617,0
Precinct,101 - Merrimans,794,776,0,1570,0
Precinct,102 - Old Town,527,583,1,1111,0
Precinct,201 - Virginia Avenue,588,349,1,938,0
Precinct,301 - War Memorial,496,490,1,987,0
Precinct,401 - Frederick Douglass,228,232,0,460,0
Precinct,402 - Rolling Hills,459,620,0,1079,0
Precinct,AB - Central Absentee Precinct,233,236,0,469,0
Precinct,Provisional,2,1,0,3,0
Locality,Wise County,2024,6439,10,8473,0
Precinct,101 - Appalachia,142,314,0,456,0
Precinct,102 - Dorchester,83,238,0,321,0
Precinct,103 - Guest River Voting Place,57,241,0,298,0
Precinct,104 - West Pound,219,656,2,877,0
Precinct,201 - North Coeburn,92,345,1,438,0
Precinct,202 - Wise,354,939,0,1293,0
Precinct,203 - East Pound,31,171,0,202,0
Precinct,301 - Big Stone Gap,294,715,1,1010,0
Precinct,302 - East Stone Gap,218,881,2,1101,0
Precinct,401 - Clinch Valley,173,696,2,871,0
Precinct,402 - South Coeburn,141,727,2,870,0
Precinct,403 - St Paul,79,232,0,311,0
Precinct,Ab - Central Absentee Precinct,140,283,0,423,0
Precinct,Provisional,1,1,0,2,0
Locality,Wythe County,1974,6449,16,8439,0
Precinct,101 - Royal Oak,41,276,0,317,0
Precinct,102 - Rural Retreat,206,930,1,1137,0
Precinct,203 - West Wytheville,403,901,3,1307,0
Precinct,303 - East Wytheville,473,985,2,1460,0
Precinct,401 - Fort Chiswell,130,581,4,715,0
Precinct,402 - Max Meadows,146,545,1,692,0
Precinct,501 - Jackson Memorial,97,358,0,455,0
Precinct,502 - Sheffey,111,577,4,692,0
Precinct,601 - Huddle,51,278,1,330,0
Precinct,602 - Zion,109,468,0,577,0
Precinct,603 Evergreen,90,325,0,415,0
Precinct,Ab - Central Absentee Precinct,114,224,0,338,0
Precinct,Provisional,3,1,0,4,0
Locality,York County,9612,13357,21,22990,0
Precinct,101 - Queens Lake,663,649,2,1314,0
Precinct,102 - Waller Mill,722,826,3,1551,0
Precinct,103 - Magruder,1134,614,2,1750,0
Precinct,201 - Coventry,900,1148,3,2051,0
Precinct,202 - Kiln Creek,493,590,0,1083,0
Precinct,301 - Seaford,511,1535,2,2048,0
Precinct,302 - Yorktown,598,947,0,1545,0
Precinct,303 - Edgehill,734,770,0,1504,0
Precinct,401 - Harwoods Mill,635,1305,3,1943,0
Precinct,402 - Dare,583,1280,1,1864,0
Precinct,403 - Grafton,369,565,1,935,0
Precinct,501 - Tabb,797,1363,2,2162,0
Precinct,502 - Bethel,896,1031,1,1928,0
Precinct,Ab - Central Absentee Precinct,574,724,0,1298,0
Precinct,Provisional,3,10,1,14,0
