,,Jason Stuart Redding Miyares,Mark Rankin Herring,Write-Ins,Total Votes Cast,Undervotes
,,Republican,Democratic,,,
State,Virginia,1647534,1621227,2996,3271757,0
Locality,Accomack County,7784,5034,7,12825,0
Precinct,##ev - Central Absentee Precinct,1698,2237,1,3936,0
Precinct,##pe - Central Absentee Precinct,12,17,0,29,0
Precinct,101 - Chincoteague,967,337,0,1304,0
Precinct,201 - Atlantic,415,67,0,482,0
Precinct,202 - Greenbackville,672,166,1,839,0
Precinct,301 - New Church,419,222,1,642,0
Precinct,401 - Bloxom,279,63,1,343,0
Precinct,402 - Parksley,356,110,0,466,0
Precinct,403 - Saxis,124,27,0,151,0
Precinct,501 - Mappsville,158,112,1,271,0
Precinct,502 - Rue,89,115,0,204,0
Precinct,601 - Accomac,401,149,0,550,0
Precinct,602 - Tangier,155,15,0,170,0
Precinct,701 - Nandua,517,235,0,752,0
Precinct,801 - Bobtown,271,102,0,373,0
Precinct,802 - Melfa,299,158,0,457,0
Precinct,803 - Wachapreague,274,69,0,343,0
Precinct,901 - Painter,477,400,2,879,0
Precinct,Ab - Central Absentee Precinct,200,433,0,633,0
Precinct,Provisional,1,0,0,1,0
Locality,Albemarle County,18809,32282,42,51133,0
Precinct,##ev - Central Absentee Precinct,4167,9312,8,13487,0
Precinct,##pe - Central Absentee Precinct,84,347,0,431,0
Precinct,101 - Woodbrook,485,784,2,1271,0
Precinct,103 - Branchlands,122,251,1,374,0
Precinct,104 - Agnor-hurt,260,603,5,868,0
Precinct,105 - Dunlora,391,934,1,1326,0
Precinct,106 - Northside,757,826,1,1584,0
Precinct,201 - Jack Jouett,557,693,0,1250,0
Precinct,202 - University,142,499,0,641,0
Precinct,203 - Georgetown,271,700,0,971,0
Precinct,301 - Ivy,719,1080,0,1799,0
Precinct,302 - Red Hill,637,703,0,1340,0
Precinct,304 - East Ivy,169,260,0,429,0
Precinct,305 - Country Green,364,577,0,941,0
Precinct,306 - Porters,378,402,1,781,0
Precinct,307 - Yellow Mountain,183,192,0,375,0
Precinct,401 - Scottsville,533,285,0,818,0
Precinct,402 - Monticello,440,249,1,690,0
Precinct,405 - Mountain View,347,812,2,1161,0
Precinct,406 - Stone Robinson,739,523,1,1263,0
Precinct,407 - Biscuit Run,166,386,2,554,0
Precinct,501 - Keswick,345,346,1,692,0
Precinct,502 - Stony Point,451,349,1,801,0
Precinct,503 - Hollymead,511,762,1,1274,0
Precinct,504 - Free Bridge,283,514,1,798,0
Precinct,506 - Baker-butler,724,791,2,1517,0
Precinct,507 - Pantops,384,516,2,902,0
Precinct,601 - Crozet,731,819,0,1550,0
Precinct,602 - Free Union,435,367,0,802,0
Precinct,603 - Earlysville,870,776,1,1647,0
Precinct,604 - Brownsville,570,731,1,1302,0
Precinct,606 - Mechums River,672,912,1,1585,0
Precinct,Ab - Central Absentee Precinct,892,4865,6,5763,0
Precinct,Provisional,30,116,0,146,0
Locality,Alexandria City,13632,44070,59,57761,0
Precinct,##ev - Central Absentee Precinct,3597,12925,8,16530,0
Precinct,##pe - Central Absentee Precinct,114,676,3,793,0
Precinct,101 - Ladrey Senior Building,257,430,0,687,0
Precinct,102 - City Hall,325,407,0,732,0
Precinct,103 - Lyles Crouch School,420,802,1,1223,0
Precinct,104 - Durant Center,254,711,1,966,0
Precinct,105 - Lee Center,237,550,0,787,0
Precinct,106 - Cora Kelly,323,1099,2,1424,0
Precinct,107 - Mt Vernon Recreation Center,361,1508,4,1873,0
Precinct,108 - George Washington Middle Sch,344,1340,0,1684,0
Precinct,109 - Fire Department Headquarters,289,704,0,993,0
Precinct,110 - Charles Houston Center,271,949,2,1222,0
Precinct,111 - Potomac Yard,172,458,1,631,0
Precinct,112 - Alex Renew,203,504,0,707,0
Precinct,201 - Naomi L. Brooks School,316,974,2,1292,0
Precinct,202 - George Mason School,422,866,2,1290,0
Precinct,203 - Charles Barrett Center,302,902,4,1208,0
Precinct,204 - Blessed Sacrament Church,402,875,0,1277,0
Precinct,205 - Douglas Macarthur School,378,817,1,1196,0
Precinct,206 - Chinquapin Park Recreation Ctr,267,676,0,943,0
Precinct,207 - Temple Beth El Synagogue,463,943,2,1408,0
Precinct,208 - Nova Arts Center,329,935,2,1266,0
Precinct,209 - James K Polk School,284,999,1,1284,0
Precinct,210 - The Hermitage,186,349,2,537,0
Precinct,302 - Patrick Henry Rec Center,197,635,2,834,0
Precinct,303 - Charles E Beatley Library,192,586,1,779,0
Precinct,304 - Samuel Tucker School,219,666,1,886,0
Precinct,305 - John Adams School,245,714,2,961,0
Precinct,306 - William Ramsay School,264,822,3,1089,0
Precinct,307 - South Port,270,774,2,1046,0
Precinct,308 - Cameron Station Community Ctr,425,906,1,1332,0
Precinct,309 - Olympus Condo,154,563,1,718,0
Precinct,Ab - Central Absentee Precinct,1101,6807,8,7916,0
Precinct,Provisional,49,198,0,247,0
Locality,Alleghany County,4441,1599,3,6043,0
Precinct,##ev - Central Absentee Precinct,396,247,0,643,0
Precinct,##pe - Central Absentee Precinct,1,1,0,2,0
Precinct,101 - Arritt,450,87,0,537,0
Precinct,103 - Dameron,175,29,0,204,0
Precinct,201 - Humpback Bridge,254,48,0,302,0
Precinct,202 - Dolly Ann,319,69,1,389,0
Precinct,301 - Callaghan,286,36,0,322,0
Precinct,302 - Griffith,429,117,0,546,0
Precinct,401 - Low Moor,295,66,0,361,0
Precinct,402 - Jackson Heights,348,89,0,437,0
Precinct,501 - Iron Gate,143,63,0,206,0
Precinct,502 - Peters Switch,517,123,0,640,0
Precinct,601 - District 1,455,235,0,690,0
Precinct,701 - District 2,271,179,0,450,0
Precinct,Ab - Central Absentee Precinct,102,210,2,314,0
Precinct,Provisional,0,0,0,0,0
Locality,Amelia County,4681,1652,2,6335,0
Precinct,##ev - Central Absentee Precinct,1364,596,1,1961,0
Precinct,##pe - Central Absentee Precinct,6,6,0,12,0
Precinct,101 - Number One,605,135,0,740,0
Precinct,201 - Number Two,660,194,0,854,0
Precinct,301 - Number Three,640,155,0,795,0
Precinct,401 - Number Four,576,130,0,706,0
Precinct,501 - Number Five,732,274,1,1007,0
Precinct,Ab - Central Absentee Precinct,98,158,0,256,0
Precinct,Provisional,0,4,0,4,0
Locality,Amherst County,9607,4015,7,13629,0
Precinct,##ev - Central Absentee Precinct,1966,1058,0,3024,0
Precinct,##pe - Central Absentee Precinct,4,8,0,12,0
Precinct,101 - Wright Shop,379,285,1,665,0
Precinct,102 - New Glasgow,661,168,0,829,0
Precinct,103 - Coolwell,391,74,2,467,0
Precinct,201 - Court House,850,350,1,1201,0
Precinct,202 - Temperance,508,109,0,617,0
Precinct,301 - Monroe,482,125,0,607,0
Precinct,302 - Elon,1214,285,1,1500,0
Precinct,303 - Pleasant View,294,70,0,364,0
Precinct,401 - Amelon,1083,348,1,1432,0
Precinct,402 - Lonco,321,86,0,407,0
Precinct,501 - Madison,1089,435,1,1525,0
Precinct,AB - Central Absentee Precinct,362,611,0,973,0
Precinct,Provisional,3,3,0,6,0
Locality,Appomattox County,5892,1510,6,7408,0
Precinct,##ev - Central Absentee Precinct,1469,459,1,1929,0
Precinct,##pe - Central Absentee Precinct,2,5,0,7,0
Precinct,101 - Vera,347,45,2,394,0
Precinct,102 - Pamplin,536,138,0,674,0
Precinct,201 - Chap,197,61,0,258,0
Precinct,202 - Spout Spring,771,88,0,859,0
Precinct,301 - Us 460,496,71,0,567,0
Precinct,302 - Stonewall,556,119,0,675,0
Precinct,401 - Courthouse,639,140,1,780,0
Precinct,501 - Oakville,557,167,1,725,0
Precinct,502 - Agee,218,61,1,280,0
Precinct,Ab - Central Absentee Precinct,104,155,0,259,0
Precinct,Provisional,0,1,0,1,0
Locality,Arlington County,21223,73149,114,94486,0
Precinct,##ev - Central Absentee Precinct,4902,22654,30,27586,0
Precinct,##pe - Central Absentee Precinct,150,807,0,957,0
Precinct,1 - Arlington,211,692,2,905,0
Precinct,2 - Ashton Heights,283,803,2,1088,0
Precinct,3 - Aurora Hills,266,486,2,754,0
Precinct,4 - Ballston,316,864,2,1182,0
Precinct,5 - Barcroft,290,810,2,1102,0
Precinct,6 - Crystal City,240,586,1,827,0
Precinct,7 - Cherrydale,330,780,0,1110,0
Precinct,8 - Hume,347,952,3,1302,0
Precinct,9 - Columbia,301,881,2,1184,0
Precinct,10 - Wilson,274,751,1,1026,0
Precinct,11 - East Falls Church,261,643,0,904,0
Precinct,12 - Fairlington,354,940,1,1295,0
Precinct,13 - Glen Carlyn,237,552,0,789,0
Precinct,14 - Clarendon,191,557,0,748,0
Precinct,15 - Lyon Park,167,465,1,633,0
Precinct,16 - Lyon Village,288,741,4,1033,0
Precinct,17 - Overlee Knolls,374,925,3,1302,0
Precinct,18 - Park Lane,368,880,1,1249,0
Precinct,19 - Rosslyn,278,702,1,981,0
Precinct,20 - Thrifton,322,568,2,892,0
Precinct,21 - Virginia Highlands,177,443,1,621,0
Precinct,22 - Abingdon,291,881,1,1173,0
Precinct,23 - Westover,291,897,1,1189,0
Precinct,24 - Woodlawn,349,1042,1,1392,0
Precinct,25 - Arlington Forest,275,748,1,1024,0
Precinct,26 - Fillmore,284,911,1,1196,0
Precinct,27 - Jefferson,284,846,2,1132,0
Precinct,28 - Wakefield,273,890,1,1164,0
Precinct,29 - Dominion Hills,299,821,2,1122,0
Precinct,30 - Glebe,211,753,1,965,0
Precinct,31 - Lexington,322,904,1,1227,0
Precinct,32 - Oakridge,183,293,0,476,0
Precinct,33 - Rock Spring,423,677,1,1101,0
Precinct,34 - Yorktown,335,726,0,1061,0
Precinct,35 - Madison,426,549,3,978,0
Precinct,36 - Marshall,348,746,1,1095,0
Precinct,37 - Nottingham,347,748,2,1097,0
Precinct,38 - Arlington View,183,640,4,827,0
Precinct,39 - Ashlawn,177,499,0,676,0
Precinct,40 - Virginia Square,372,853,1,1226,0
Precinct,41 - Navy League,203,530,2,735,0
Precinct,42 - Shirlington,180,615,0,795,0
Precinct,43 - Campbell,155,587,4,746,0
Precinct,44 - Dawson Terrace,174,535,1,710,0
Precinct,45 - Buckingham,200,538,0,738,0
Precinct,46 - Central,365,856,1,1222,0
Precinct,47 - Four Mile Run,170,599,1,770,0
Precinct,48 - Ausa,203,454,1,658,0
Precinct,49 - Monroe,218,543,1,762,0
Precinct,50 - Crystal Plaza,282,650,0,932,0
Precinct,51 - Taylor,80,283,0,363,0
Precinct,52 - Gunston,178,595,1,774,0
Precinct,53 - Met Park,316,863,2,1181,0
Precinct,54 - Garfield Park,133,350,1,484,0
Precinct,Ab - Central Absentee Precinct,1706,11934,14,13654,0
Precinct,Provisional,60,311,0,371,0
Locality,Augusta County,25840,7632,19,33491,0
Precinct,##ev - Central Absentee Precinct,5913,2339,2,8254,0
Precinct,##pe - Central Absentee Precinct,29,35,0,64,0
Precinct,101 - Jolivue,450,126,0,576,0
Precinct,102 - Stuarts Draft Elementary,550,183,1,734,0
Precinct,103 - Verona,789,185,2,976,0
Precinct,201 - Crimora,1075,184,0,1259,0
Precinct,202 - New Hope,720,132,0,852,0
Precinct,203 - Weyers Cave,983,256,1,1240,0
Precinct,301 - Fort Defiance,1170,299,1,1470,0
Precinct,302 - North River,458,67,0,525,0
Precinct,303 - Mount Solon,714,76,0,790,0
Precinct,304 - Churchville Fire Station,526,101,0,627,0
Precinct,401 - Buffalo Gap,629,108,0,737,0
Precinct,402 - Churchville Elementary,613,102,0,715,0
Precinct,403 - Craigsville,527,65,0,592,0
Precinct,404 - Deerfield,249,47,0,296,0
Precinct,405 - Cedar Green,629,184,1,814,0
Precinct,501 - Greenville,993,166,1,1160,0
Precinct,502 - Middlebrook,555,104,1,660,0
Precinct,503 - Spottswood,609,97,1,707,0
Precinct,504 - White Hill,927,162,0,1089,0
Precinct,601 - Sherando,767,152,0,919,0
Precinct,602 - Ridgeview,1446,268,1,1715,0
Precinct,603 - Lyndhurst,932,258,0,1190,0
Precinct,801 - Dooms,768,162,2,932,0
Precinct,802 - Fishersville,1111,366,1,1478,0
Precinct,803 - Wilson,835,323,3,1161,0
Precinct,Ab - Central Absentee Precinct,851,1063,1,1915,0
Precinct,Provisional,22,22,0,44,0
Locality,Bath County,1505,432,1,1938,0
Precinct,##ev - Central Absentee Precinct,170,91,0,261,0
Precinct,##pe - Central Absentee Precinct,5,2,0,7,0
Precinct,101 - Warm Springs,205,70,0,275,0
Precinct,102 - Mountain Grove,50,10,1,61,0
Precinct,201 - Hot Springs,163,59,0,222,0
Precinct,301 - Fairview,241,25,0,266,0
Precinct,302 - Burnsville,58,8,0,66,0
Precinct,401 - Millboro,317,49,0,366,0
Precinct,501 - Healing Springs,269,79,0,348,0
Precinct,Ab - Central Absentee Precinct,27,39,0,66,0
Precinct,Provisional,0,0,0,0,0
Locality,Bedford County,30692,8199,28,38919,0
Precinct,##ev - Central Absentee Precinct (CD 5),3792,1331,1,5124,0
Precinct,##ev - Central Absentee Precinct (CD 6),2584,889,2,3475,0
Precinct,##pe - Central Absentee Precinct (CD 5),42,35,0,77,0
Precinct,##pe - Central Absentee Precinct (CD 6),37,47,0,84,0
Precinct,101 - Goodview Elem School (CD 5),1113,192,0,1305,0
Precinct,102 - Hardy Vol Fire Co (CD 5),506,110,0,616,0
Precinct,103 - Chamblissburg Baptist Church (CD 5),755,153,1,909,0
Precinct,104 - Stewartsville Rescue Squad (CD 5),727,132,0,859,0
Precinct,201 - Bedford Christian Church (CD 5),334,63,0,397,0
Precinct,202 - Staunton River High School (CD 5),589,100,1,690,0
Precinct,203 - Moneta Elem School (CD 5),998,194,2,1194,0
Precinct,204 - Quaker Baptist Church (CD 5),362,65,1,428,0
Precinct,205 - Saunders Vol Fire Co (CD 5),848,192,0,1040,0
Precinct,301 - New London Academy (CD 6),1099,159,0,1258,0
Precinct,302 - Bedford Regional Water Auth (CD 5),559,100,1,660,0
Precinct,303 - Bethesda United Methodist Church (CD 5),477,68,0,545,0
Precinct,304 - Riverside Church (CD 6),461,96,1,558,0
Precinct,305 - Huddleston Elem School (CD 5),399,63,0,462,0
Precinct,306 - Forest Fire Station #2 (CD 6),651,73,0,724,0
Precinct,401 - Forest Elementary School (CD 6),1215,227,1,1443,0
Precinct,402 - Thomas Jefferson Elem School (CD 6),590,166,3,759,0
Precinct,403 - Knights Of Columbus Bldg (CD 6),1356,312,4,1672,0
Precinct,404 - Forest Recreation Center (CD 6),1005,146,1,1152,0
Precinct,502 - Big Island Elem School (CD 6),315,55,0,370,0
Precinct,503 - Sedalia Center (CD 6),417,72,0,489,0
Precinct,504 - Suck Springs Baptist Church (CD 6),562,89,0,651,0
Precinct,505 - Boonsboro Elementary School (CD 6),942,339,0,1281,0
Precinct,506 - Boonsboro Ruritan Club (CD 6),1530,339,1,1870,0
Precinct,601 - Montvale Elem School (CD 6),770,121,0,891,0
Precinct,602 - Shady Grove Fire Department (CD 5),849,133,0,982,0
Precinct,603 - Thaxton Baptist Church #1 (CD 5),203,35,0,238,0
Precinct,604 - Bedford Welcome Center (CD 5),805,204,0,1009,0
Precinct,701 - Goode Vol Rescue Squad (CD 5),1186,167,2,1355,0
Precinct,702 - Liberty High School (CD 5),470,73,0,543,0
Precinct,703 - Thaxton Baptist Church #2 (CD 5),434,66,1,501,0
Precinct,704 - Bedford Central Library (CD 5),725,249,0,974,0
Precinct,Ab - Central Absentee Precinct (CD 5),365,642,3,1010,0
Precinct,Ab - Central Absentee Precinct (CD 6),586,689,2,1277,0
Precinct,Provisional (CD 5),10,5,0,15,0
Precinct,Provisional (CD 6),24,8,0,32,0
Locality,Bland County,2252,378,3,2633,0
Precinct,##ev - Central Absentee Precinct,381,81,0,462,0
Precinct,##pe - Central Absentee Precinct,0,0,0,0,0
Precinct,101 - Bastian,210,32,1,243,0
Precinct,102 - Ceres,258,34,0,292,0
Precinct,201 - Davis,74,15,0,89,0
Precinct,202 - Seddon,424,52,0,476,0
Precinct,301 - Hollybrook,264,21,1,286,0
Precinct,302 - Mechanicsburg,135,12,0,147,0
Precinct,401 - Rocky Gap,455,68,0,523,0
Precinct,Ab - Central Absentee Precinct,51,63,1,115,0
Precinct,Provisional,0,0,0,0,0
Locality,Botetourt County,12967,4092,16,17075,0
Precinct,##ev - Central Absentee Precinct,3180,1409,3,4592,0
Precinct,##pe - Central Absentee Precinct,23,16,1,40,0
Precinct,101 - Daleville,953,295,1,1249,0
Precinct,102 - Greenfield,1075,208,1,1284,0
Precinct,201 - Blue Ridge,1050,227,1,1278,0
Precinct,202 - Rainbow Forest,1025,236,1,1262,0
Precinct,301 - Buchanan,924,163,2,1089,0
Precinct,302 - Mill Creek,839,181,1,1021,0
Precinct,403 - Eagle Rock,636,114,0,750,0
Precinct,406 - Fincastle,1068,210,2,1280,0
Precinct,501 - Troutville,659,156,0,815,0
Precinct,502 - Cloverdale,1102,311,1,1414,0
Precinct,Ab - Central Absentee Precinct,430,566,2,998,0
Precinct,Provisional,3,0,0,3,0
Locality,Bristol City,3739,1338,2,5079,0
Precinct,##ev - Central Absentee Precinct,802,394,0,1196,0
Precinct,##pe - Central Absentee Precinct,7,2,0,9,0
Precinct,1 - First Ward,488,117,0,605,0
Precinct,2 - Second Ward,670,193,0,863,0
Precinct,3 - Third Ward,311,130,1,442,0
Precinct,4 - Fourth Ward,1266,205,0,1471,0
Precinct,Ab - Central Absentee Precinct,192,295,1,488,0
Precinct,Provisional,3,2,0,5,0
Locality,Brunswick County,2847,3216,4,6067,0
Precinct,##ev - Central Absentee Precinct,677,996,1,1674,0
Precinct,##pe - Central Absentee Precinct,1,2,0,3,0
Precinct,101 - Brodnax,132,110,1,243,0
Precinct,102 - Rock Store,259,105,0,364,0
Precinct,103 - Tillman,327,154,0,481,0
Precinct,201 - Dromgoole,85,60,0,145,0
Precinct,202 - Edgerton,95,201,0,296,0
Precinct,203 - Fitzhugh,128,167,0,295,0
Precinct,301 - Alberta,58,60,0,118,0
Precinct,302 - Danieltown,288,156,0,444,0
Precinct,303 - Elmore,116,83,1,200,0
Precinct,304 - Seymour,118,91,0,209,0
Precinct,401 - Sturgeon,280,267,0,547,0
Precinct,402 - King's Store,73,145,0,218,0
Precinct,501 - Totaro,114,306,0,420,0
Precinct,Ab - Central Absentee Precinct,94,311,1,406,0
Precinct,Provisional,2,2,0,4,0
Locality,Buchanan County,4954,960,7,5921,0
Precinct,##ev - Central Absentee Precinct,603,177,1,781,0
Precinct,##pe - Central Absentee Precinct,3,1,0,4,0
Precinct,102 - Blackey,229,12,0,241,0
Precinct,103 - Hurley,413,46,0,459,0
Precinct,201 - Grassy,53,17,0,70,0
Precinct,202 - Bull,296,30,0,326,0
Precinct,203 - Rocklick,284,29,1,314,0
Precinct,301 - Slate,305,57,0,362,0
Precinct,302 - North Grundy,265,34,1,300,0
Precinct,403 - South Grundy,417,61,0,478,0
Precinct,404 - Oakwood,45,12,0,57,0
Precinct,501 - Prater,280,59,0,339,0
Precinct,502 - Fox,70,21,0,91,0
Precinct,503 - Vansant,295,51,0,346,0
Precinct,601 - Council,199,35,0,234,0
Precinct,602 - Garden,290,48,1,339,0
Precinct,603 - Hurricane,165,50,0,215,0
Precinct,701 - Whitewood,336,57,0,393,0
Precinct,702 - Contrary,276,37,3,316,0
Precinct,Ab - Central Absentee Precinct,129,126,0,255,0
Precinct,Provisional,1,0,0,1,0
Locality,Buckingham County,3859,2258,5,6122,0
Precinct,##ev - Central Absentee Precinct,899,728,3,1630,0
Precinct,##pe - Central Absentee Precinct,5,3,0,8,0
Precinct,101 - New Canton,400,213,0,613,0
Precinct,102 - Georgia Creek,135,54,0,189,0
Precinct,201 - White Hall,215,126,0,341,0
Precinct,301 - Curdsville,308,141,0,449,0
Precinct,302 - New Store,289,59,1,349,0
Precinct,401 - Maysville,455,166,0,621,0
Precinct,501 - Wrights,215,41,0,256,0
Precinct,502 - Glenmore,261,133,0,394,0
Precinct,601 - Slate River,306,207,0,513,0
Precinct,701 - Gold Hill,249,113,1,363,0
Precinct,Ab - Central Absentee Precinct,121,270,0,391,0
Precinct,Provisional,1,4,0,5,0
Locality,Buena Vista City,1416,520,2,1938,0
Precinct,##ev - Central Absentee Precinct,381,188,0,569,0
Precinct,##pe - Central Absentee Precinct,1,5,0,6,0
Precinct,1 - First Ward,572,128,1,701,0
Precinct,2 - Second Ward,411,107,1,519,0
Precinct,AB - Central Absentee Precinct,51,91,0,142,0
Precinct,Provisional,0,1,0,1,0
Locality,Campbell County,18059,5084,13,23156,0
Precinct,##ev - Central Absentee Precinct,3688,1478,1,5167,0
Precinct,##pe - Central Absentee Precinct,7,4,0,11,0
Precinct,101 - Brookville,1173,249,1,1423,0
Precinct,102 - New London,1237,212,1,1450,0
Precinct,201 - Walker,840,212,3,1055,0
Precinct,202 - Bedford Springs,1359,227,1,1587,0
Precinct,301 - Evington,514,115,0,629,0
Precinct,302 - Otter River,432,78,1,511,0
Precinct,303 - Altavista,978,345,3,1326,0
Precinct,401 - Three Forks,857,113,0,970,0
Precinct,402 - Court House,1244,214,0,1458,0
Precinct,501 - Spring Hill,1125,231,1,1357,0
Precinct,502 - Yellow Branch,698,186,0,884,0
Precinct,601 - Kings,719,180,0,899,0
Precinct,602 - Concord,1083,224,0,1307,0
Precinct,701 - Brookneal,577,144,0,721,0
Precinct,702 - Gladys,742,188,0,930,0
Precinct,703 - Morris Church,440,85,1,526,0
Precinct,AB - Central Absentee Precinct,346,599,0,945,0
Precinct,Provisional,0,0,0,0,0
Locality,Caroline County,6883,5129,7,12019,0
Precinct,##ev - Central Absentee Precinct,1114,1287,0,2401,0
Precinct,##pe - Central Absentee Precinct,8,16,0,24,0
Precinct,101 - Bowling Green,605,200,1,806,0
Precinct,102 - Sparta,510,185,1,696,0
Precinct,201 - North Madison,396,297,0,693,0
Precinct,202 - South Madison,598,325,0,923,0
Precinct,301 - Port Royal,275,151,0,426,0
Precinct,302 - Woodford,716,328,0,1044,0
Precinct,401 - Dawn,540,484,1,1025,0
Precinct,402 - Carmel Church,200,200,1,401,0
Precinct,501 - West Mattaponi,350,323,0,673,0
Precinct,502 - Milford,397,172,0,569,0
Precinct,601 - Chilesburg,556,341,1,898,0
Precinct,602 - Lake,412,217,0,629,0
Precinct,Ab - Central Absentee Precinct,199,589,2,790,0
Precinct,Provisional,7,14,0,21,0
Locality,Carroll County,9786,1979,7,11772,0
Precinct,##ev - Central Absentee Precinct,1321,424,0,1745,0
Precinct,##pe - Central Absentee Precinct,8,8,0,16,0
Precinct,101 - Mt Bethel,337,51,0,388,0
Precinct,102 - St Paul,503,60,0,563,0
Precinct,103 - Lambsburg,296,37,0,333,0
Precinct,105 - Fancy Gap,415,67,0,482,0
Precinct,201 - Hillsville B,753,147,1,901,0
Precinct,202 - Laurel Fork,370,64,0,434,0
Precinct,203 - Gladesboro,474,77,0,551,0
Precinct,301 - Hillsville C,933,141,0,1074,0
Precinct,302 - Sylvatus,418,54,1,473,0
Precinct,303 - Dugspur,215,36,0,251,0
Precinct,401 - Oakland,797,116,1,914,0
Precinct,402 - Woodlawn D,701,85,1,787,0
Precinct,406 - Woodlawn F,122,27,0,149,0
Precinct,501 - Vaughan,294,37,0,331,0
Precinct,502 - Gladeville,727,84,0,811,0
Precinct,503 - Woodlawn E,335,53,2,390,0
Precinct,504 - Laurel,394,58,0,452,0
Precinct,Ab - Central Absentee Precinct,365,350,1,716,0
Precinct,Provisional,8,3,0,11,0
Locality,Charles City County,1549,1823,1,3373,0
Precinct,##ev - Central Absentee Precinct,435,694,0,1129,0
Precinct,##pe - Central Absentee Precinct,4,11,0,15,0
Precinct,101 - Precinct 1-1,487,300,0,787,0
Precinct,201 - Precinct 2-1,265,288,0,553,0
Precinct,301 - Precinct 3-1,311,277,1,589,0
Precinct,Ab - Central Absentee Precinct,46,247,0,293,0
Precinct,Provisional,1,6,0,7,0
Locality,Charlotte County,3290,1457,3,4750,0
Precinct,##ev - Central Absentee Precinct,653,431,0,1084,0
Precinct,##pe - Central Absentee Precinct,2,1,0,3,0
Precinct,101 - County Seat,350,132,0,482,0
Precinct,201 - Red Oak Wylliesburg,432,151,0,583,0
Precinct,302 - Drakes Branch,320,90,1,411,0
Precinct,401 - Keysville,436,135,0,571,0
Precinct,501 - Cullen/Red House,306,116,0,422,0
Precinct,602 - Phenix,488,107,0,595,0
Precinct,702 - Bacon/Saxe,244,114,2,360,0
Precinct,Ab - Central Absentee Precinct,59,177,0,236,0
Precinct,Provisional,0,3,0,3,0
Locality,Charlottesville City,2673,14471,15,17159,0
Precinct,##ev - Central Absentee Precinct,477,4017,1,4495,0
Precinct,##pe - Central Absentee Precinct,18,142,1,161,0
Precinct,101 - Key Recreation,263,1034,0,1297,0
Precinct,102 - Clark,243,1227,2,1472,0
Precinct,201 - Carver,136,964,1,1101,0
Precinct,202 - Walker,432,1284,2,1718,0
Precinct,301 - Benjamin Tonsler,152,930,2,1084,0
Precinct,302 - Johnson,350,1215,0,1565,0
Precinct,303 - Buford,98,493,1,592,0
Precinct,401 - Venable,83,546,1,630,0
Precinct,402 - Alumni Hall,233,698,0,931,0
Precinct,Ab - Central Absentee Precinct,179,1872,4,2055,0
Precinct,Provisional,9,49,0,58,0
Locality,Chesapeake City,47836,43598,78,91512,0
Precinct,##ev - Central Absentee Precinct (CD 3),4774,7754,15,12543,0
Precinct,##ev - Central Absentee Precinct (CD 4),10525,8300,9,18834,0
Precinct,##pe - Central Absentee Precinct (CD 3),71,241,1,313,0
Precinct,##pe - Central Absentee Precinct (CD 4),153,253,3,409,0
Precinct,1 - Great Bridge (CD 4),611,255,0,866,0
Precinct,2 - Bethel (CD 4),980,141,0,1121,0
Precinct,3 - Camelot (CD 3),78,580,2,660,0
Precinct,4 - Churchland (CD 3),576,235,0,811,0
Precinct,5 - Crestwood (CD 3),134,687,0,821,0
Precinct,6 - Deep Creek (CD 4),511,366,1,878,0
Precinct,7 - Greenbrier (CD 4),491,261,0,752,0
Precinct,8 - South Norfolk Recreation (CD 3),565,505,0,1070,0
Precinct,9 - Bells Mill (CD 4),1027,309,0,1336,0
Precinct,10 - Oscar Smith (CD 3),271,221,0,492,0
Precinct,11 - Geneva Park (CD 3),475,264,3,742,0
Precinct,12 - Georgetown (CD 3),113,455,0,568,0
Precinct,13 - Gilmerton (CD 3),521,395,0,916,0
Precinct,14 - Grassfield (CD 4),586,265,1,852,0
Precinct,15 - Greenbrier Middle School (CD 3),394,449,1,844,0
Precinct,16 - Hickory Grove (CD 4),958,262,0,1220,0
Precinct,17 - Indian Creek (CD 4),793,166,0,959,0
Precinct,18 - Indian River (CD 3),260,367,0,627,0
Precinct,19 - Jolliff (CD 4),494,188,1,683,0
Precinct,20 - E W Chittum (CD 4),663,389,0,1052,0
Precinct,21 - Fellowship (CD 3),619,381,0,1000,0
Precinct,22 - Norfolk Highlands (CD 3),380,211,2,593,0
Precinct,23 - Oak Grove (CD 4),467,460,0,927,0
Precinct,24 - Oaklette (CD 3),362,344,0,706,0
Precinct,25 - St Julians (CD 3),308,424,0,732,0
Precinct,26 - Johnson Park (CD 3),185,276,2,463,0
Precinct,27 - Silverwood (CD 3),556,333,1,890,0
Precinct,28 - Sunray I (CD 4),157,66,0,223,0
Precinct,29 - Tanglewood (CD 3),531,201,1,733,0
Precinct,30 - South Norfolk (CD 3),26,347,2,375,0
Precinct,31 - Carver School (CD 3),160,566,0,726,0
Precinct,32 - Providence (CD 3),64,705,4,773,0
Precinct,33 - Westover (CD 3),398,197,0,595,0
Precinct,34 - Hickory Middle School (CD 4),965,239,1,1205,0
Precinct,35 - Taylor Road (CD 3),183,315,0,498,0
Precinct,36 - Great Bridge Baptist Church (CD 4),700,243,1,944,0
Precinct,37 - Bridgetown (CD 4),699,271,0,970,0
Precinct,38 - Bailey Creek (CD 3),636,229,0,865,0
Precinct,39 - Lake Drummond (CD 4),449,270,0,719,0
Precinct,41 - John T West (CD 4),825,663,5,1493,0
Precinct,42 - Parkways (CD 3),275,384,0,659,0
Precinct,43 - Pleasant Crossing (CD 4),735,195,2,932,0
Precinct,44 - Nansemond (CD 3),355,406,0,761,0
Precinct,45 - Sunray II (CD 4),146,177,0,323,0
Precinct,46 - Bells Mill II (CD 4),597,340,1,938,0
Precinct,48 - Jolliff Middle School (CD 4),116,680,3,799,0
Precinct,49 - Waterway (CD 4),455,302,0,757,0
Precinct,50 - River Walk (CD 4),470,510,2,982,0
Precinct,51 - Coopers Way (CD 4),1164,374,1,1539,0
Precinct,52 - Shipyard Road (CD 4),375,364,1,740,0
Precinct,53 - Fairways (CD 3),566,523,0,1089,0
Precinct,54 - Pughsville (CD 3),227,431,1,659,0
Precinct,55 - Georgetown East (CD 3),139,309,0,448,0
Precinct,56 - Green Tree (CD 3),341,360,1,702,0
Precinct,57 - Cypress (CD 3),336,338,0,674,0
Precinct,58 - Expressway (CD 4),120,219,0,339,0
Precinct,59 - Clearfield (CD 4),520,438,0,958,0
Precinct,60 - Parker Road (CD 4),673,230,1,904,0
Precinct,61 - Centerville (CD 4),1027,328,2,1357,0
Precinct,62 - Fentress (CD 4),887,312,0,1199,0
Precinct,63 - Poplar Branch (CD 4),522,97,1,620,0
Precinct,64 - Deep Creek Ii (CD 4),439,336,1,776,0
Precinct,65 - Waterway Ii (CD 4),466,300,0,766,0
Precinct,AB - Central Absentee Precinct (CD 3),711,2694,3,3408,0
Precinct,Ab - Central Absentee Precinct (CD 4),1410,2767,2,4179,0
Precinct,Provisional (CD 3),25,70,0,95,0
Precinct,Provisional (CD 4),45,65,0,110,0
Locality,Chesterfield County,80993,74719,153,155865,0
Precinct,##ev - Central Absentee Precinct (CD 4),8918,6796,9,15723,0
Precinct,##ev - Central Absentee Precinct (CD 7),19207,18119,25,37351,0
Precinct,##pe - Central Absentee Precinct (CD 4),66,172,1,239,0
Precinct,##pe - Central Absentee Precinct (CD 7),216,574,0,790,0
Precinct,101 - Bellwood (CD 4),430,376,2,808,0
Precinct,102 - South Chester (CD 4),680,503,2,1185,0
Precinct,103 - Enon (CD 4),1121,653,0,1774,0
Precinct,104 - North Chester (CD 4),865,463,5,1333,0
Precinct,105 - Drewrys Bluff (CD 7),310,419,4,733,0
Precinct,106 - Harrowgate (CD 4),810,775,3,1588,0
Precinct,107 - Wells (CD 4),621,545,1,1167,0
Precinct,108 - Ecoff (CD 4),881,493,0,1374,0
Precinct,109 - Elizabeth Scott (CD 4),1077,757,2,1836,0
Precinct,110 - Dutch Gap (CD 4),577,402,1,980,0
Precinct,111 - Iron Bridge (CD 4),481,265,0,746,0
Precinct,112 - Carver (CD 4),486,432,0,918,0
Precinct,113 - Iron Bridge North (CD 4),412,422,0,834,0
Precinct,201 - Gates (CD 4),476,309,1,786,0
Precinct,202 - Beulah (CD 7),421,805,1,1227,0
Precinct,203 - Bird (CD 4),319,243,0,562,0
Precinct,204 - Jacobs (CD 7),390,392,0,782,0
Precinct,205 - Falling Creek (CD 7),287,653,0,940,0
Precinct,206 - Belmont (CD 7),117,441,2,560,0
Precinct,207 - Chippenham (CD 7),109,230,1,340,0
Precinct,208 - Meadowbrook (CD 7),252,597,2,851,0
Precinct,209 - Salem Church (CD 4),573,385,2,960,0
Precinct,210 - Five Forks (CD 7),572,882,1,1455,0
Precinct,211 - Nash (CD 4),996,469,2,1467,0
Precinct,212 - St. Luke's (CD 7),399,301,1,701,0
Precinct,213 - Southside (CD 7),162,391,2,555,0
Precinct,214 - Hopkins (CD 7),28,114,0,142,0
Precinct,215 - North Bird (CD 7),164,286,0,450,0
Precinct,216 - Ridgedale (CD 7),187,659,0,846,0
Precinct,301 - Ettrick (CD 4),247,614,4,865,0
Precinct,302 - Deer Run (CD 7),293,159,0,452,0
Precinct,303 - Matoaca (CD 4),793,504,0,1297,0
Precinct,304 - Winfrees Store (CD 4),785,198,1,984,0
Precinct,305 - Beach (CD 4),407,99,0,506,0
Precinct,306 - Winterpock (CD 7),1291,331,0,1622,0
Precinct,307 - Cosby (CD 7),1373,940,3,2316,0
Precinct,308 - South Manchester (CD 7),195,209,0,404,0
Precinct,309 - Skinquarter (CD 7),868,434,1,1303,0
Precinct,310 - Tomahawk (CD 7),854,574,2,1430,0
Precinct,313 - Woolridge (CD 7),1124,733,0,1857,0
Precinct,314 - Longhouse (CD 4),541,100,0,641,0
Precinct,315 - Bailey Bridge (CD 7),969,332,0,1301,0
Precinct,316 - Spring Run (CD 7),825,505,4,1334,0
Precinct,317 - Birkdale (CD 7),1012,609,0,1621,0
Precinct,318 - West Beach (CD 7),314,151,0,465,0
Precinct,319 - Magnolia (CD 7),1325,745,1,2071,0
Precinct,401 - Harbour Pointe (CD 7),489,328,1,818,0
Precinct,402 - Genito (CD 7),262,248,0,510,0
Precinct,403 - Brandermill (CD 7),789,617,1,1407,0
Precinct,404 - Providence (CD 7),496,547,1,1044,0
Precinct,405 - La Prade (CD 7),553,435,2,990,0
Precinct,406 - Smoketree (CD 7),615,432,1,1048,0
Precinct,407 - Monacan (CD 7),388,254,2,644,0
Precinct,408 - Reams (CD 7),606,736,2,1344,0
Precinct,409 - Manchester (CD 7),372,410,1,783,0
Precinct,410 - Wagstaff (CD 7),419,355,0,774,0
Precinct,411 - Swift Creek (CD 7),745,538,1,1284,0
Precinct,412 - Clover Hill (CD 7),675,533,1,1209,0
Precinct,413 - Shenandoah (CD 7),579,543,2,1124,0
Precinct,414 - Crenshaw (CD 7),1039,748,2,1789,0
Precinct,415 - Evergreen (CD 7),655,485,2,1142,0
Precinct,416 - Evergreen West (CD 7),465,392,0,857,0
Precinct,417 - Edgewater (CD 7),474,363,1,838,0
Precinct,501 - Huguenot (CD 7),513,570,2,1085,0
Precinct,502 - Crestwood (CD 7),343,364,1,708,0
Precinct,503 - Midlothian (CD 7),858,571,1,1430,0
Precinct,504 - Robious (CD 7),1158,758,2,1918,0
Precinct,505 - Bon Air (CD 7),662,793,2,1457,0
Precinct,506 - Greenfield (CD 7),622,762,3,1387,0
Precinct,507 - Salisbury (CD 7),1238,772,3,2013,0
Precinct,508 - Belgrade (CD 7),599,504,1,1104,0
Precinct,509 - Cranbeck (CD 7),389,513,1,903,0
Precinct,510 - Sycamore (CD 7),791,535,0,1326,0
Precinct,511 - Black Heath (CD 7),662,424,0,1086,0
Precinct,513 - Beaufont (CD 7),193,362,0,555,0
Precinct,514 - Watkins (CD 7),899,591,0,1490,0
Precinct,515 - Davis (CD 7),224,633,2,859,0
Precinct,516 - Pocoshock (CD 7),195,412,3,610,0
Precinct,517 - Roseland (CD 7),748,428,1,1177,0
Precinct,518 - Midlothian North (CD 7),937,525,1,1463,0
Precinct,Ab - Central Absentee Precinct (CD 4),1089,2449,10,3548,0
Precinct,Ab - Central Absentee Precinct (CD 7),3374,8097,14,11485,0
Precinct,Provisional (CD 4),10,21,0,31,0
Precinct,Provisional (CD 7),42,111,0,153,0
Locality,Clarke County,4538,2838,6,7382,0
Precinct,##ev - Central Absentee Precinct,1206,1065,1,2272,0
Precinct,##pe - Central Absentee Precinct,13,11,0,24,0
Precinct,101 - Russell,702,244,1,947,0
Precinct,201 - Berryville,461,281,0,742,0
Precinct,301 - Millwood,437,181,2,620,0
Precinct,302 - Pine Grove,242,118,0,360,0
Precinct,401 - White Post,686,305,0,991,0
Precinct,501 - Buckmarsh,437,196,0,633,0
Precinct,502 - Blue Ridge,211,106,1,318,0
Precinct,Ab - Central Absentee Precinct,140,327,1,468,0
Precinct,Provisional,3,4,0,7,0
Locality,Colonial Heights City,4892,1763,7,6662,0
Precinct,##EV - Central Absentee Precinct,1956,574,2,2532,0
Precinct,##pe - Central Absentee Precinct,4,10,0,14,0
Precinct,1 - First,438,152,1,591,0
Precinct,2 - Second,479,180,1,660,0
Precinct,3 - Third,535,203,1,739,0
Precinct,4 - Fourth,556,231,0,787,0
Precinct,5 - Fifth,707,209,2,918,0
Precinct,Ab - Central Absentee Precinct,217,203,0,420,0
Precinct,Provisional,0,1,0,1,0
Locality,Covington City,1162,619,1,1782,0
Precinct,##pe - Central Absentee Precinct,0,2,0,2,0
Precinct,101 - Precinct 1-1,156,73,0,229,0
Precinct,201 - Precinct 2-1,185,89,0,274,0
Precinct,301 - Precinct 3-1,87,94,0,181,0
Precinct,401 - Precinct 4-1,269,84,0,353,0
Precinct,501 - Precinct 5-1,295,86,0,381,0
Precinct,Ab - Central Absentee Precinct,170,191,1,362,0
Precinct,Provisional,0,0,0,0,0
Precinct,ev - Central Absentee Precinct,0,0,0,0,0
Locality,Craig County,2052,430,6,2488,0
Precinct,##ev - Central Absentee Precinct,369,95,2,466,0
Precinct,##pe - Central Absentee Precinct,0,1,0,1,0
Precinct,101 - Court House,280,44,0,324,0
Precinct,201 - Ammendale Precinct,378,46,1,425,0
Precinct,301 - Givens & Reynolds Store,221,56,0,277,0
Precinct,303 - Marshalls Store,162,39,0,201,0
Precinct,401 - Barbours Creek,148,29,1,178,0
Precinct,402 - Paint Bank,26,8,0,34,0
Precinct,403 - Craig Springs,150,27,0,177,0
Precinct,501 - Craig City,271,40,2,313,0
Precinct,AB - Central Absentee Precinct,47,45,0,92,0
Precinct,Provisional,0,0,0,0,0
Locality,Culpeper County,13222,6892,13,20127,0
Precinct,##ev - Central Absentee Precinct,2501,2060,1,4562,0
Precinct,##pe - Central Absentee Precinct,14,25,0,39,0
Precinct,101 - West Fairfax,869,591,5,1465,0
Precinct,201 - East Fairfax,653,545,0,1198,0
Precinct,302 - Eggbornsville,767,179,0,946,0
Precinct,303 - Cardova,602,147,0,749,0
Precinct,304 - Willow Shade,178,112,0,290,0
Precinct,401 - Eldorado,771,219,1,991,0
Precinct,402 - Browns Store,1116,361,3,1480,0
Precinct,501 - Jeffersonton,1084,352,0,1436,0
Precinct,502 - Rixeyville,980,241,0,1221,0
Precinct,601 - Mitchells,163,57,0,220,0
Precinct,602 - Pearl Sample,822,315,1,1138,0
Precinct,603 - South Ridge,235,131,0,366,0
Precinct,702 - Brandy Station,1060,285,1,1346,0
Precinct,703 - Lignum,523,142,1,666,0
Precinct,704 - Richardsville,363,71,0,434,0
Precinct,Ab - Central Absentee Precinct,509,1047,0,1556,0
Precinct,Provisional,12,12,0,24,0
Locality,Cumberland County,2660,1543,1,4204,0
Precinct,##ev - Central Absentee Precinct,494,441,0,935,0
Precinct,##pe - Central Absentee Precinct,1,2,0,3,0
Precinct,101 - Precinct 1,548,206,1,755,0
Precinct,201 - Precinct 2,450,144,0,594,0
Precinct,301 - Precinct 3,276,212,0,488,0
Precinct,401 - Precinct 4,458,167,0,625,0
Precinct,501 - Precinct 5,358,220,0,578,0
Precinct,Ab - Central Absentee Precinct,75,150,0,225,0
Precinct,Provisional,0,1,0,1,0
Locality,Danville City,5801,6923,8,12732,0
Precinct,##ev - Central Absentee Precinct,1479,1605,1,3085,0
Precinct,##pe - Central Absentee Precinct,10,16,0,26,0
Precinct,1 - Ward One,58,160,0,218,0
Precinct,2 - Ward Two,106,151,0,257,0
Precinct,3 - Ward Three,173,290,0,463,0
Precinct,4 - Ward Four,493,451,2,946,0
Precinct,6 - Ward Six,55,190,0,245,0
Precinct,7 - Ward Seven,84,289,0,373,0
Precinct,8 - Ward Eight,142,257,2,401,0
Precinct,9 - Ward Nine,219,196,0,415,0
Precinct,10 - Ward Ten,274,304,2,580,0
Precinct,11 - Ward Eleven,248,419,1,668,0
Precinct,12 - Ward Twelve,329,444,0,773,0
Precinct,13 - Ward Thirteen,308,387,0,695,0
Precinct,14 - Ward Fourteen,12,73,0,85,0
Precinct,15 - Ward Fifteen,391,310,0,701,0
Precinct,16 - Ward Sixteen,555,324,0,879,0
Precinct,17 - Ward Seventeen,530,177,0,707,0
Precinct,Ab - Central Absentee Precinct,331,861,0,1192,0
Precinct,Provisional,4,19,0,23,0
Locality,Dickenson County,3819,961,2,4782,0
Precinct,##ev - Central Absentee Precinct,854,355,0,1209,0
Precinct,##pe - Central Absentee Precinct,2,4,0,6,0
Precinct,101 - South Clintwood,488,79,0,567,0
Precinct,201 - Nora,213,35,0,248,0
Precinct,202 - Frying Pan,94,11,0,105,0
Precinct,203 - Clinchco,268,56,0,324,0
Precinct,301 - West Dante,153,6,0,159,0
Precinct,302 - Herald,263,24,0,287,0
Precinct,303 - Ridge,187,29,0,216,0
Precinct,304 - Longs Fork,162,14,0,176,0
Precinct,401 - Haysi-colley,485,131,1,617,0
Precinct,501 - Tarpon,128,29,0,157,0
Precinct,502 - North Clintwood,409,71,1,481,0
Precinct,Ab - Central Absentee Precinct,111,114,0,225,0
Precinct,Provisional,2,3,0,5,0
Locality,Dinwiddie County,7302,4223,5,11530,0
Precinct,##ev - Central Absentee Precinct,1857,1348,1,3206,0
Precinct,##pe - Central Absentee Precinct,7,21,0,28,0
Precinct,101 - White Oak,354,63,1,418,0
Precinct,102 - Rocky Run,449,90,0,539,0
Precinct,103 - Church Road,769,96,0,865,0
Precinct,201 - Rohoic,209,221,0,430,0
Precinct,202 - Sutherland,728,317,1,1046,0
Precinct,301 - Reams,326,83,1,410,0
Precinct,302 - New Hope,413,162,0,575,0
Precinct,303 - Little Zion,435,257,0,692,0
Precinct,401 - Dinwiddie,537,213,0,750,0
Precinct,402 - Mckenney,345,153,0,498,0
Precinct,403 - Cherry Hill,211,119,1,331,0
Precinct,501 - Edgehill,45,84,0,129,0
Precinct,502 - Chesdin,418,561,0,979,0
Precinct,Ab - Central Absentee Precinct,198,432,0,630,0
Precinct,Provisional,1,3,0,4,0
Locality,Emporia City,708,897,1,1606,0
Precinct,##ev - Central Absentee Precinct,141,77,0,218,0
Precinct,##pe - Central Absentee Precinct,0,1,0,1,0
Precinct,101 - Precinct 1-1,67,148,0,215,0
Precinct,201 - Precinct 2-1,10,97,0,107,0
Precinct,301 - Precinct 3-1,113,86,0,199,0
Precinct,401 - Precinct 4-1,123,115,0,238,0
Precinct,501 - Precinct 5-1,6,90,1,97,0
Precinct,601 - District 6,156,66,0,222,0
Precinct,701 - District 7,48,111,0,159,0
Precinct,AB - Central Absentee Precinct,44,105,0,149,0
Precinct,Provisional,0,1,0,1,0
Locality,Essex County,2654,2038,1,4693,0
Precinct,##ev - Central Absentee Precinct,894,800,0,1694,0
Precinct,##pe - Central Absentee Precinct,1,3,0,4,0
Precinct,101 - Greater Tappahannock,317,254,0,571,0
Precinct,201 - North,278,343,0,621,0
Precinct,301 - South,621,238,0,859,0
Precinct,401 - Central,459,227,0,686,0
Precinct,Ab - Central Absentee Precinct,82,171,1,254,0
Precinct,Provisional,2,2,0,4,0
Locality,Fairfax City,3560,6501,8,10069,0
Precinct,##ev - Central Absentee Precinct,1042,2127,2,3171,0
Precinct,##pe - Central Absentee Precinct,12,31,0,43,0
Precinct,1 - One,345,528,1,874,0
Precinct,2 - Two,411,500,1,912,0
Precinct,3 - Three,500,654,1,1155,0
Precinct,4 - Four,346,443,1,790,0
Precinct,5 - Five,312,522,2,836,0
Precinct,6 - Six,377,533,0,910,0
Precinct,Ab - Central Absentee Precinct,209,1141,0,1350,0
Precinct,Provisional,6,22,0,28,0
Locality,Fairfax County,149398,287726,524,437648,0
Precinct,##ev - Central Absentee Precinct (CD 10),10393,15269,13,25675,0
Precinct,##ev - Central Absentee Precinct (CD 11),15692,36409,24,52125,0
Precinct,##ev - Central Absentee Precinct (CD 8),8796,22234,21,31051,0
Precinct,##pe - Central Absentee Precinct (CD 10),477,1170,2,1649,0
Precinct,##pe - Central Absentee Precinct (CD 11),851,3437,5,4293,0
Precinct,##pe - Central Absentee Precinct (CD 8),525,2177,3,2705,0
Precinct,104 - Chapel (CD 11),445,667,3,1115,0
Precinct,105 - Fairview (CD 11),665,999,1,1665,0
Precinct,106 - Heritage (CD 11),451,762,2,1215,0
Precinct,108 - Kings Park (CD 11),461,634,3,1098,0
Precinct,109 - Little Run (CD 11),218,381,0,599,0
Precinct,110 - North Springfield (CD 11),751,962,3,1716,0
Precinct,113 - Canterbury (CD 11),643,1066,1,1710,0
Precinct,114 - Olde Creek (CD 11),377,546,2,925,0
Precinct,115 - Ravensworth (CD 11),392,513,1,906,0
Precinct,116 - Wakefield (CD 11),401,675,3,1079,0
Precinct,117 - Woodson (CD 11),469,643,2,1114,0
Precinct,118 - Lake Braddock (CD 11),564,1026,5,1595,0
Precinct,119 - Laurel (CD 11),725,992,2,1719,0
Precinct,120 - Sideburn (CD 11),625,708,1,1334,0
Precinct,121 - Villa (CD 11),380,469,4,853,0
Precinct,123 - Robinson (CD 11),678,954,2,1634,0
Precinct,125 - Signal Hill (CD 11),525,725,1,1251,0
Precinct,126 - Bonnie Brae (CD 11),372,650,4,1026,0
Precinct,127 - Burke Centre (CD 11),614,1144,1,1759,0
Precinct,128 - Cardinal (CD 11),352,593,3,948,0
Precinct,129 - Keene Mill (CD 11),315,469,2,786,0
Precinct,130 - Terra Centre (CD 11),420,686,0,1106,0
Precinct,131 - Eagle View (CD 11),546,736,1,1283,0
Precinct,132 - Monument (CD 11),393,763,0,1156,0
Precinct,133 - Danbury (CD 11),126,230,0,356,0
Precinct,134 - University (CD 11),60,319,1,380,0
Precinct,201 - Armstrong (CD 11),442,902,0,1344,0
Precinct,202 - Flint Hill (CD 11),566,745,1,1312,0
Precinct,203 - Floris (CD 11),658,944,4,1606,0
Precinct,204 - Madison (CD 11),125,221,0,346,0
Precinct,208 - Reston #1 (CD 11),443,950,2,1395,0
Precinct,209 - Reston #2 (CD 11),352,927,4,1283,0
Precinct,213 - Vienna #1 (CD 11),658,1047,4,1709,0
Precinct,214 - Vienna #2 (CD 11),540,867,1,1408,0
Precinct,216 - Vienna #4 (CD 11),276,401,0,677,0
Precinct,218 - Vienna #6 (CD 11),380,552,1,933,0
Precinct,219 - Westbriar (CD 11),538,821,1,1360,0
Precinct,220 - Dogwood (CD 11),477,941,3,1421,0
Precinct,221 - Hunters Woods (CD 11),399,758,1,1158,0
Precinct,222 - Reston #3 (CD 11),181,626,0,807,0
Precinct,223 - Glade (CD 11),407,1042,0,1449,0
Precinct,224 - South Lakes (CD 11),537,1342,2,1881,0
Precinct,225 - Hughes (CD 11),369,964,2,1335,0
Precinct,226 - Wolftrap (CD 11),686,963,3,1652,0
Precinct,227 - Sunrise Valley (CD 11),313,488,1,802,0
Precinct,229 - Fox Mill (CD 10),765,1099,6,1870,0
Precinct,233 - North Point (CD 11),590,736,3,1329,0
Precinct,234 - Aldrin (CD 11),393,654,1,1048,0
Precinct,235 - Frying Pan (CD 11),373,789,1,1163,0
Precinct,236 - Stuart (CD 11),232,376,2,610,0
Precinct,237 - Mcnair (CD 11),334,798,0,1132,0
Precinct,238 - Cameron Glen (CD 11),384,584,3,971,0
Precinct,240 - Colvin (CD 10),470,524,2,996,0
Precinct,301 - Chain Bridge (CD 10),544,593,2,1139,0
Precinct,302 - Chesterbrook (CD 8),378,532,0,910,0
Precinct,303 - Churchill (CD 10),262,368,0,630,0
Precinct,304 - Cooper (CD 10),369,354,0,723,0
Precinct,305 - El Nido (CD 8),368,577,2,947,0
Precinct,306 - Great Falls (CD 10),421,340,1,762,0
Precinct,307 - Haycock (CD 8),426,668,1,1095,0
Precinct,309 - Kenmore (CD 10),587,611,6,1204,0
Precinct,310 - Kirby (CD 8),318,496,2,816,0
Precinct,311 - Langley (CD 10),395,393,1,789,0
Precinct,312 - Longfellow (CD 8),354,546,1,901,0
Precinct,314 - Mclean (CD 10),314,467,0,781,0
Precinct,315 - Pimmit (CD 8),483,681,5,1169,0
Precinct,316 - Salona #1 (CD 8),158,183,0,341,0
Precinct,317 - Westhampton (CD 8),296,499,0,795,0
Precinct,318 - Westmoreland (CD 8),226,367,0,593,0
Precinct,319 - Herndon #1 (CD 11),569,834,3,1406,0
Precinct,320 - Herndon #2 (CD 11),484,762,0,1246,0
Precinct,321 - Clearview (CD 10),747,985,3,1735,0
Precinct,322 - Forestville (CD 10),621,497,0,1118,0
Precinct,323 - Shouse (CD 10),405,557,2,964,0
Precinct,324 - Herndon #3 (CD 11),421,719,3,1143,0
Precinct,325 - Hutchison (CD 11),184,545,1,730,0
Precinct,327 - Sugarland (CD 10),636,836,0,1472,0
Precinct,328 - Hickory (CD 10),506,501,1,1008,0
Precinct,329 - Seneca (CD 10),648,609,2,1259,0
Precinct,331 - Spring Hill (CD 10),364,407,0,771,0
Precinct,332 - Coates (CD 11),435,909,2,1346,0
Precinct,333 - Salona #2 (CD 8),279,388,1,668,0
Precinct,401 - Bush Hill (CD 8),569,900,2,1471,0
Precinct,402 - Cameron (CD 8),159,363,1,523,0
Precinct,403 - Forestdale (CD 8),177,338,2,517,0
Precinct,404 - Franconia (CD 8),465,901,1,1367,0
Precinct,405 - Groveton (CD 8),179,467,2,648,0
Precinct,406 - Hayfield (CD 8),498,653,1,1152,0
Precinct,408 - Mount Eagle (CD 8),229,745,2,976,0
Precinct,409 - Pioneer (CD 8),498,814,1,1313,0
Precinct,410 - Rose Hill (CD 8),682,1081,5,1768,0
Precinct,411 - Virginia Hills (CD 8),331,629,4,964,0
Precinct,413 - Fairfield (CD 8),153,559,2,714,0
Precinct,415 - Crestwood (CD 8),470,658,5,1133,0
Precinct,417 - Garfield (CD 8),500,803,1,1304,0
Precinct,418 - Lynbrook (CD 8),297,448,1,746,0
Precinct,419 - Lane #1 (CD 8),130,313,1,444,0
Precinct,420 - Villages (CD 8),581,1103,0,1684,0
Precinct,421 - Kingstowne (CD 8),425,834,2,1261,0
Precinct,422 - Van Dorn (CD 8),402,922,1,1325,0
Precinct,423 - Clermont (CD 8),451,710,1,1162,0
Precinct,424 - Huntley (CD 8),409,737,0,1146,0
Precinct,426 - Greenspring (CD 11),286,651,3,940,0
Precinct,427 - Island Creek (CD 8),382,784,2,1168,0
Precinct,428 - Pinewood (CD 8),198,682,1,881,0
Precinct,429 - Hybla Valley (CD 8),211,722,2,935,0
Precinct,430 - Lane #2 (CD 8),270,587,2,859,0
Precinct,501 - Baileys #1 (CD 8),222,489,0,711,0
Precinct,502 - Barcroft (CD 11),194,366,1,561,0
Precinct,503 - Belvedere (CD 11),209,389,0,598,0
Precinct,504 - Bristow (CD 11),332,553,2,887,0
Precinct,505 - Glen Forest (CD 8),334,671,1,1006,0
Precinct,506 - Holmes #1 (CD 8),60,119,0,179,0
Precinct,507 - Lincolnia (CD 8),343,748,3,1094,0
Precinct,508 - Masonville (CD 11),430,695,0,1125,0
Precinct,509 - Plaza (CD 8),100,397,0,497,0
Precinct,510 - Parklawn (CD 8),313,490,0,803,0
Precinct,511 - Ravenwood (CD 11),334,653,3,990,0
Precinct,512 - Sleepy Hollow (CD 11),238,399,1,638,0
Precinct,513 - Saint Albans (CD 8),21,50,2,73,0
Precinct,513 - Saint Albans (CD 11),321,553,2,876,0
Precinct,514 - Crossroads (CD 8),72,328,0,400,0
Precinct,515 - Westlawn (CD 8),224,397,1,622,0
Precinct,516 - Weyanoke #1 (CD 8),235,324,3,562,0
Precinct,517 - Willston (CD 8),217,356,2,575,0
Precinct,518 - Columbia (CD 11),385,569,5,959,0
Precinct,519 - Hummer (CD 11),314,441,1,756,0
Precinct,520 - Skyline (CD 8),171,534,0,705,0
Precinct,521 - Brook Hill (CD 8),363,461,2,826,0
Precinct,522 - Camelot #1 (CD 11),68,113,0,181,0
Precinct,523 - Poe (CD 8),386,564,1,951,0
Precinct,525 - Walnut Hill (CD 8),482,713,0,1195,0
Precinct,526 - Bren Mar (CD 8),384,941,4,1329,0
Precinct,527 - Edsall (CD 8),369,524,2,895,0
Precinct,528 - Ridgelea (CD 11),263,373,0,636,0
Precinct,530 - Holmes #2 (CD 11),146,442,1,589,0
Precinct,531 - Baileys #2 (CD 8),113,285,0,398,0
Precinct,532 - Weyanoke #2 (CD 8),182,396,2,580,0
Precinct,534 - Camelot #2 (CD 11),234,334,1,569,0
Precinct,601 - Belle Haven (CD 8),382,439,2,823,0
Precinct,602 - Belleview (CD 8),363,528,1,892,0
Precinct,604 - Bucknell (CD 8),319,755,2,1076,0
Precinct,605 - Fort Hunt (CD 8),455,523,2,980,0
Precinct,606 - Hollin Hall (CD 8),453,599,0,1052,0
Precinct,607 - Huntington (CD 8),326,795,1,1122,0
Precinct,608 - Kirkside (CD 8),217,481,0,698,0
Precinct,609 - Marlan (CD 8),376,429,2,807,0
Precinct,610 - Sherwood (CD 8),205,430,2,637,0
Precinct,611 - Stratford (CD 8),495,641,2,1138,0
Precinct,612 - Waynewood (CD 8),256,342,0,598,0
Precinct,613 - Westgate (CD 8),804,646,2,1452,0
Precinct,614 - Riverside (CD 8),386,465,2,853,0
Precinct,615 - Woodley (CD 8),443,617,1,1061,0
Precinct,616 - Gunston (CD 8),652,567,0,1219,0
Precinct,617 - Lorton (CD 8),259,542,0,801,0
Precinct,618 - Newington (CD 11),857,1340,9,2206,0
Precinct,619 - Belvoir (CD 8),443,718,1,1162,0
Precinct,621 - Grosvenor (CD 8),230,558,3,791,0
Precinct,622 - Lorton Station (CD 8),330,910,2,1242,0
Precinct,623 - Alban (CD 8),426,812,1,1239,0
Precinct,626 - Saratoga (CD 8),601,822,4,1427,0
Precinct,627 - Woodlawn (CD 8),391,828,3,1222,0
Precinct,628 - Laurel Hill (CD 11),495,1178,4,1677,0
Precinct,629 - South County (CD 11),621,803,1,1425,0
Precinct,630 - Army (CD 8),134,197,0,331,0
Precinct,701 - Blake (CD 11),518,987,1,1506,0
Precinct,703 - Fort Buffalo (CD 8),231,512,0,743,0
Precinct,704 - Freedom Hill (CD 11),354,601,2,957,0
Precinct,705 - Graham - Greenway (CD 8),434,927,4,1365,0
Precinct,707 - Mantua (CD 11),352,633,1,986,0
Precinct,708 - Marshall (CD 8),465,961,1,1427,0
Precinct,709 - Mosby (CD 11),370,728,2,1100,0
Precinct,710 - Pine Spring (CD 8),264,586,2,852,0
Precinct,711 - Price (CD 11),333,511,3,847,0
Precinct,712 - Shreve (CD 8),233,416,0,649,0
Precinct,713 - Timber Lane (CD 8),355,887,2,1244,0
Precinct,714 - Walker (CD 11),440,778,1,1219,0
Precinct,717 - Woodburn (CD 11),235,518,0,753,0
Precinct,718 - Pine Ridge (CD 11),336,509,2,847,0
Precinct,720 - Thoreau (CD 11),485,769,1,1255,0
Precinct,721 - Merrifield (CD 11),369,966,3,1338,0
Precinct,723 - Gallows East (CD 11),169,418,1,588,0
Precinct,726 - Magarity (CD 8),423,837,2,1262,0
Precinct,727 - Oakton (CD 11),458,581,2,1041,0
Precinct,729 - Nottoway (CD 11),340,615,2,957,0
Precinct,730 - Penderbrook (CD 11),565,947,1,1513,0
Precinct,731 - Tysons (CD 11),380,682,2,1064,0
Precinct,732 - Oak Marr (CD 11),695,737,0,1432,0
Precinct,733 - Kilmer (CD 11),501,964,2,1467,0
Precinct,734 - Hunters Branch (CD 11),201,387,1,589,0
Precinct,735 - Rotonda (CD 11),189,337,1,527,0
Precinct,801 - Burke (CD 11),679,1039,2,1720,0
Precinct,802 - Cedar Lake (CD 11),167,275,1,443,0
Precinct,803 - Clifton (CD 10),1037,705,1,1743,0
Precinct,804 - Colchester (CD 10),439,382,1,822,0
Precinct,805 - Fairfax Station (CD 10),391,403,0,794,0
Precinct,806 - Sydenstricker (CD 11),590,878,0,1468,0
Precinct,807 - Hunt Valley (CD 11),420,562,0,982,0
Precinct,811 - Pohick (CD 11),294,523,1,818,0
Precinct,812 - Valley (CD 11),504,690,4,1198,0
Precinct,815 - Woodyard (CD 10),621,544,1,1166,0
Precinct,824 - Orange (CD 11),729,947,5,1681,0
Precinct,825 - Cherry Run (CD 11),552,702,0,1254,0
Precinct,827 - Irving (CD 11),406,645,0,1051,0
Precinct,833 - White Oaks (CD 11),515,769,2,1286,0
Precinct,838 - Sangster (CD 10),483,522,2,1007,0
Precinct,839 - Silverbrook (CD 10),766,876,2,1644,0
Precinct,840 - West Springfield (CD 11),506,794,0,1300,0
Precinct,841 - Popes Head (CD 10),402,346,2,750,0
Precinct,842 - Parkway (CD 11),514,465,0,979,0
Precinct,843 - Fair Lakes (CD 11),516,802,2,1320,0
Precinct,844 - Centerpointe (CD 11),295,483,3,781,0
Precinct,845 - Fountainhead (CD 10),957,801,1,1759,0
Precinct,846 - Greenbriar East (CD 11),474,801,1,1276,0
Precinct,847 - Greenbriar West (CD 10),427,574,3,1004,0
Precinct,848 - Fair Oaks (CD 11),435,645,3,1083,0
Precinct,849 - Newgate (CD 10),1066,994,2,2062,0
Precinct,850 - South Run (CD 10),606,563,1,1170,0
Precinct,851 - Willow Springs (CD 11),524,592,2,1118,0
Precinct,901 - Centre Ridge (CD 11),410,666,0,1076,0
Precinct,902 - Brookfield (CD 10),619,885,0,1504,0
Precinct,903 - Cub Run (CD 10),704,840,2,1546,0
Precinct,904 - Stonecroft (CD 10),313,264,0,577,0
Precinct,905 - Franklin (CD 10),172,272,0,444,0
Precinct,908 - Hidden Meadow (CD 10),473,589,1,1063,0
Precinct,909 - Oak Hill (CD 10),408,561,1,970,0
Precinct,910 - London Towne (CD 11),460,875,0,1335,0
Precinct,911 - Navy (CD 10),620,810,3,1433,0
Precinct,913 - Rocky Run (CD 10),800,860,1,1661,0
Precinct,914 - Vale (CD 10),479,501,3,983,0
Precinct,915 - Virginia Run (CD 10),668,537,1,1206,0
Precinct,916 - Waples Mill (CD 10),866,933,1,1800,0
Precinct,917 - Stone North (CD 10),316,458,2,776,0
Precinct,918 - Centreville (CD 11),572,939,3,1514,0
Precinct,919 - Green Trails (CD 11),592,979,3,1574,0
Precinct,920 - Chantilly (CD 10),463,643,0,1106,0
Precinct,921 - Deer Park (CD 10),639,670,2,1311,0
Precinct,923 - Bull Run (CD 10),592,473,2,1067,0
Precinct,924 - Spindle (CD 11),202,362,1,565,0
Precinct,925 - Old Mill (CD 10),327,400,1,728,0
Precinct,926 - Powell (CD 11),685,935,0,1620,0
Precinct,927 - Armfield (CD 10),329,473,1,803,0
Precinct,928 - Poplar Tree (CD 10),574,643,1,1218,0
Precinct,929 - Difficult Run (CD 10),202,179,0,381,0
Precinct,930 - Lees Corner (CD 10),383,549,2,934,0
Precinct,931 - Carson (CD 10),367,660,1,1028,0
Precinct,932 - Stone South (CD 10),193,393,0,586,0
Precinct,933 - Compton (CD 11),130,177,0,307,0
Precinct,Ab - Central Absentee Precinct (CD 10),2454,8927,10,11391,0
Precinct,Ab - Central Absentee Precinct (CD 11),4584,24462,37,29083,0
Precinct,Ab - Central Absentee Precinct (CD 8),2660,14125,24,16809,0
Precinct,Provisional (CD 10),74,188,2,264,0
Precinct,Provisional (CD 11),221,650,3,874,0
Precinct,Provisional (CD 8),119,403,0,522,0
Locality,Falls Church City,1542,5403,6,6951,0
Precinct,##ev - Central Absentee Precinct,498,2363,1,2862,0
Precinct,##pe - Central Absentee Precinct,5,23,0,28,0
Precinct,1 - First Ward,323,812,1,1136,0
Precinct,2 - Second Ward,264,613,1,878,0
Precinct,3 - Third Ward,340,746,3,1089,0
Precinct,Ab - Central Absentee Precinct,109,833,0,942,0
Precinct,Provisional,3,13,0,16,0
Locality,Fauquier County,22012,11861,18,33891,0
Precinct,##ev - Central Absentee Precinct (CD 1),1163,576,0,1739,0
Precinct,##ev - Central Absentee Precinct (CD 5),5152,3482,1,8635,0
Precinct,##pe - Central Absentee Precinct (CD 1),6,10,0,16,0
Precinct,##pe - Central Absentee Precinct (CD 5),15,30,0,45,0
Precinct,101 - Kettle Run (CD 5),453,117,4,574,0
Precinct,102 - Catlett (CD 1),1102,220,0,1322,0
Precinct,103 - Casanova (CD 5),471,163,0,634,0
Precinct,104 - Lois (CD 1),481,126,0,607,0
Precinct,105 - Opal (CD 5),509,128,0,637,0
Precinct,106 - Baldwin Ridge (CD 5),550,230,1,781,0
Precinct,201 - Courthouse (CD 5),803,535,2,1340,0
Precinct,202 - Airlie (CD 5),717,332,3,1052,0
Precinct,203 - Warrenton (CD 5),725,505,0,1230,0
Precinct,301 - Morrisville (CD 1),776,165,0,941,0
Precinct,302 - Remington (CD 5),955,353,0,1308,0
Precinct,303 - Bealeton (CD 1),1063,464,0,1527,0
Precinct,401 - Marshall (CD 5),843,391,1,1235,0
Precinct,402 - Leeds (CD 5),781,425,0,1206,0
Precinct,403 - Waterloo (CD 5),890,275,1,1166,0
Precinct,404 - Springs Valley (CD 5),408,178,0,586,0
Precinct,501 - The Plains (CD 5),690,451,0,1141,0
Precinct,502 - New Baltimore (CD 5),846,331,2,1179,0
Precinct,503 - Broad Run (CD 5),681,248,1,930,0
Precinct,504 - Vint Hill (CD 5),1092,410,0,1502,0
Precinct,Ab - Central Absentee Precinct (CD 1),113,222,0,335,0
Precinct,Ab - Central Absentee Precinct (CD 5),698,1460,2,2160,0
Precinct,Provisional (CD 1),2,5,0,7,0
Precinct,Provisional (CD 5),27,29,0,56,0
Locality,Floyd County,5199,2259,9,7467,0
Precinct,##ev - Central Absentee Precinct,1071,802,3,1876,0
Precinct,##pe - Central Absentee Precinct,2,11,0,13,0
Precinct,101 - Locust Grove,818,252,1,1071,0
Precinct,201 - Little River,824,273,0,1097,0
Precinct,301 - Courthouse,540,236,4,780,0
Precinct,401 - Burks Fork,819,199,0,1018,0
Precinct,501 - Indian Valley,959,163,1,1123,0
Precinct,Ab - Central Absentee Precinct,163,318,0,481,0
Precinct,Provisional,3,5,0,8,0
Locality,Fluvanna County,6951,5436,6,12393,0
Precinct,##ev - Central Absentee Precinct,2395,2244,1,4640,0
Precinct,##pe - Central Absentee Precinct,13,28,0,41,0
Precinct,101 - Palmyra,882,563,1,1446,0
Precinct,201 - Columbia,833,395,0,1228,0
Precinct,301 - Fork Union,792,436,2,1230,0
Precinct,401 - Cunningham,1100,316,1,1417,0
Precinct,501 - Rivanna,692,511,1,1204,0
Precinct,Ab - Central Absentee Precinct,236,935,0,1171,0
Precinct,Provisional,8,8,0,16,0
Locality,Franklin City,1240,1701,1,2942,0
Precinct,##ev - Central Absentee Precinct,346,508,0,854,0
Precinct,##pe - Central Absentee Precinct,0,2,0,2,0
Precinct,101 - Precinct 1-1,333,118,0,451,0
Precinct,201 - Precinct 2-1,264,165,0,429,0
Precinct,301 - Precinct 3-1,29,224,1,254,0
Precinct,401 - Precinct 4-1,33,157,0,190,0
Precinct,501 - Precinct 5-1,10,205,0,215,0
Precinct,601 - Precinct 6-1,185,151,0,336,0
Precinct,Ab - Central Absentee Precinct,39,169,0,208,0
Precinct,Provisional,1,2,0,3,0
Locality,Franklin County,17593,6115,13,23721,0
Precinct,##ev - Central Absentee Precinct,2802,1645,7,4454,0
Precinct,##pe - Central Absentee Precinct,30,25,0,55,0
Precinct,102 - Burnt Chimney,1043,256,0,1299,0
Precinct,103 - Scruggs,1646,428,1,2075,0
Precinct,201 - Glade Hill,964,165,0,1129,0
Precinct,202 - Penhook,616,191,0,807,0
Precinct,203 - Hodgesville,152,35,0,187,0
Precinct,204 - Dudley,548,128,0,676,0
Precinct,301 - Snow Creek,442,83,0,525,0
Precinct,302 - Fork Mountain,413,74,0,487,0
Precinct,303 - Sontag,565,226,1,792,0
Precinct,304 - Dickinson,269,103,0,372,0
Precinct,401 - Henry,781,111,0,892,0
Precinct,402 - Ferrum,386,110,0,496,0
Precinct,403 - Endicott,439,84,0,523,0
Precinct,501 - Waidsboro,468,122,0,590,0
Precinct,502 - Callaway,719,141,1,861,0
Precinct,503 - Bowmans,386,110,0,496,0
Precinct,504 - Gogginsville,597,148,0,745,0
Precinct,601 - Boones Mill,870,200,0,1070,0
Precinct,602 - Bonbrook,856,169,1,1026,0
Precinct,603 - Coopers Cove,652,128,1,781,0
Precinct,701 - Rocky Mount East,636,246,0,882,0
Precinct,702 - Rocky Mount West,427,197,0,624,0
Precinct,703 - Rocky Mount South,368,164,1,533,0
Precinct,Ab - Central Absentee Precinct,514,818,0,1332,0
Precinct,Provisional,4,8,0,12,0
Locality,Frederick County,24701,11525,17,36243,0
Precinct,##ev - Central Absentee Precinct,4540,2931,3,7474,0
Precinct,##pe - Central Absentee Precinct,64,75,0,139,0
Precinct,101 - Russells,958,204,0,1162,0
Precinct,102 - Gore,1258,277,1,1536,0
Precinct,103 - Kernstown,992,340,0,1332,0
Precinct,104 - Cedar Creek,681,200,0,881,0
Precinct,201 - Gainesborough,718,110,0,828,0
Precinct,202 - Albin,884,235,0,1119,0
Precinct,203 - Redland,1234,331,1,1566,0
Precinct,204 - Nain,781,214,0,995,0
Precinct,301 - Clear Brook,649,148,1,798,0
Precinct,302 - Neff's Town,1112,615,1,1728,0
Precinct,303 - White Hall,1182,400,0,1582,0
Precinct,401 - Carpers Valley,744,333,1,1078,0
Precinct,402 - Shenandoah,599,200,0,799,0
Precinct,403 - Parkin's Mill,917,341,1,1259,0
Precinct,404 - Armel,779,378,1,1158,0
Precinct,501 - Stephens City,941,450,0,1391,0
Precinct,502 - Newtown,1224,448,2,1674,0
Precinct,503 - Canterburg,1155,501,1,1657,0
Precinct,601 - Millbrook,601,230,0,831,0
Precinct,602 - Ash Hollow,631,352,0,983,0
Precinct,603 - Greenwood,1296,596,2,1894,0
Precinct,Ab - Central Absentee Precinct,740,1594,1,2335,0
Precinct,Provisional,21,22,1,44,0
Locality,Fredericksburg City,3435,5527,9,8971,0
Precinct,##ev - Central Absentee Precinct,975,1564,1,2540,0
Precinct,##pe - Central Absentee Precinct,3,9,0,12,0
Precinct,101 - Precinct 1 - District One,738,841,2,1581,0
Precinct,201 - Precinct 1 - District Two,534,792,3,1329,0
Precinct,301 - Precinct 1 - District Three,563,612,2,1177,0
Precinct,401 - Precinct 1 - District Four,197,504,0,701,0
Precinct,402 - Precinct 2 - District Four,238,339,1,578,0
Precinct,Ab - Central Absentee Precinct,182,852,0,1034,0
Precinct,Provisional,5,14,0,19,0
Locality,Galax City,1386,514,2,1902,0
Precinct,##ev - Central Absentee Precinct,353,175,1,529,0
Precinct,##pe - Central Absentee Precinct,1,2,0,3,0
Precinct,1 - East,419,139,1,559,0
Precinct,5 - West,557,132,0,689,0
Precinct,Ab - Central Absentee Precinct,55,65,0,120,0
Precinct,Provisional,1,1,0,2,0
Locality,Giles County,5693,1635,3,7331,0
Precinct,##ev - Central Absentee Precinct,1846,632,0,2478,0
Precinct,##pe - Central Absentee Precinct,2,4,0,6,0
Precinct,101 - Glen Lyn,75,9,0,84,0
Precinct,102 - Rich Creek,298,47,0,345,0
Precinct,103 - Narrows,745,124,0,869,0
Precinct,201 - Pearisburg,724,141,0,865,0
Precinct,202 - Staffordsville,210,38,0,248,0
Precinct,203 - White Gate,149,20,0,169,0
Precinct,301 - Eggleston,329,106,0,435,0
Precinct,302 - Pembroke,771,167,1,939,0
Precinct,303 - Newport,413,170,1,584,0
Precinct,Ab - Central Absentee Precinct,131,176,1,308,0
Precinct,Provisional,0,1,0,1,0
Locality,Gloucester County,12445,4845,11,17301,0
Precinct,##ev - Central Absentee Precinct,2437,1456,2,3895,0
Precinct,##pe - Central Absentee Precinct,13,9,0,22,0
Precinct,101 - Harcum,795,203,2,1000,0
Precinct,102 - Salem,680,175,0,855,0
Precinct,103 - Peasley,542,135,0,677,0
Precinct,201 - Courthouse,618,227,0,845,0
Precinct,202 - Botetourt,991,311,1,1303,0
Precinct,301 - White Marsh,881,229,1,1111,0
Precinct,302 - Roanes,1038,294,0,1332,0
Precinct,401 - Hayes,966,338,1,1305,0
Precinct,402 - Sarahs Creek,842,324,2,1168,0
Precinct,501 - Achilles,1438,316,0,1754,0
Precinct,502 - Walker,872,237,1,1110,0
Precinct,Ab - Central Absentee Precinct,321,586,1,908,0
Precinct,Provisional,11,5,0,16,0
Locality,Goochland County,9591,4906,12,14509,0
Precinct,##ev - Central Absentee Precinct,3520,1959,1,5480,0
Precinct,##pe - Central Absentee Precinct,12,27,0,39,0
Precinct,101 - Fife,448,146,5,599,0
Precinct,102 - Hadensville,700,265,0,965,0
Precinct,201 - Three Square,172,99,0,271,0
Precinct,202 - Sandy Hook,632,322,2,956,0
Precinct,301 - Goochland Court House 1,457,171,0,628,0
Precinct,302 - Goochland Court House 2,216,67,0,283,0
Precinct,401 - Shallow Well,777,305,0,1082,0
Precinct,402 - Centerville,772,300,1,1073,0
Precinct,501 - Manakin,947,353,1,1301,0
Precinct,502 - Blair,594,291,2,887,0
Precinct,Ab - Central Absentee Precinct,339,597,0,936,0
Precinct,Provisional,5,4,0,9,0
Locality,Grayson County,5075,1116,6,6197,0
Precinct,##ev - Central Absentee Precinct,664,242,0,906,0
Precinct,##pe - Central Absentee Precinct,2,1,0,3,0
Precinct,101 - Bridle Creek,182,46,0,228,0
Precinct,102 - Flatridge,103,17,0,120,0
Precinct,103 - Grant,197,41,0,238,0
Precinct,104 - Mouth Of Wilson,109,24,0,133,0
Precinct,105 - Mount Rogers,141,26,0,167,0
Precinct,106 - Rugby,155,30,0,185,0
Precinct,107 - Troutdale,94,11,0,105,0
Precinct,108 - Comers Rock,130,29,0,159,0
Precinct,202 - Elk Creek,305,48,0,353,0
Precinct,203 - Independence,704,125,1,830,0
Precinct,301 - Baywood,485,44,0,529,0
Precinct,302 - Fairview,594,76,1,671,0
Precinct,401 - Fries,238,62,2,302,0
Precinct,402 - Providence,583,64,1,648,0
Precinct,403 - Oldtown,230,31,1,262,0
Precinct,Ab - Central Absentee Precinct,158,198,0,356,0
Precinct,Provisional,1,1,0,2,0
Locality,Greene County,5848,2935,5,8788,0
Precinct,##ev - Central Absentee Precinct,1802,1038,3,2843,0
Precinct,##pe - Central Absentee Precinct,8,21,0,29,0
Precinct,101 - Dyke,507,133,0,640,0
Precinct,102 - Swift Run,588,175,0,763,0
Precinct,201 - Ruckersville,974,443,1,1418,0
Precinct,301 - Stanardsville,849,244,0,1093,0
Precinct,401 - Midway,965,430,1,1396,0
Precinct,Ab - Central Absentee Precinct,153,450,0,603,0
Precinct,Provisional,2,1,0,3,0
Locality,Greensville County,1679,1929,1,3609,0
Precinct,##ev - Central Absentee Precinct,370,406,0,776,0
Precinct,##pe - Central Absentee Precinct,0,1,0,1,0
Precinct,101 - Precinct 1-a,135,165,1,301,0
Precinct,102 - Precinct 1-b,94,35,0,129,0
Precinct,103 - Precinct 1-c,35,143,0,178,0
Precinct,201 - Precinct 2-a,90,203,0,293,0
Precinct,202 - Precinct 2-b,277,117,0,394,0
Precinct,302 - Precinct 3-a,223,333,0,556,0
Precinct,401 - Precinct 4-a,154,52,0,206,0
Precinct,402 - Precinct 4-b,140,187,0,327,0
Precinct,403 - Precinct 4-c,102,51,0,153,0
Precinct,AB - Central Absentee Precinct,59,236,0,295,0
Precinct,Provisional,0,0,0,0,0
Locality,Halifax County,8606,4831,9,13446,0
Precinct,##ev - Central Absentee Precinct,1887,1444,2,3333,0
Precinct,##pe - Central Absentee Precinct,6,13,0,19,0
Precinct,101 - Childrey,374,154,1,529,0
Precinct,102 - Liberty,192,65,0,257,0
Precinct,103 - Republican Grove,343,163,1,507,0
Precinct,201 - Clays Mill,281,85,0,366,0
Precinct,202 - Crossroads,270,83,0,353,0
Precinct,203 - Clover,297,186,0,483,0
Precinct,302 - Meadville,78,122,0,200,0
Precinct,304 - Vernon Hill,302,97,2,401,0
Precinct,305 - Sinai,210,232,1,443,0
Precinct,401 - Courthouse,300,179,0,479,0
Precinct,403 - Center,367,143,0,510,0
Precinct,502 - Dan River,433,181,0,614,0
Precinct,503 - Scottsburg,419,72,0,491,0
Precinct,601 - Black Walnut,350,114,0,464,0
Precinct,603 - Mt Carmel,466,239,0,705,0
Precinct,605 - Union,188,52,0,240,0
Precinct,701 - Hyco,581,152,1,734,0
Precinct,702 - Midway,475,65,0,540,0
Precinct,703 - Virgilina,325,33,0,358,0
Precinct,801 - South Boston,227,405,1,633,0
Precinct,Ab - Central Absentee Precinct,235,546,0,781,0
Precinct,Provisional,0,6,0,6,0
Locality,Hampton City,14596,30236,44,44876,0
Precinct,##ev - Central Absentee Precinct (CD 2),1089,1672,1,2762,0
Precinct,##ev - Central Absentee Precinct (CD 3),1797,7257,7,9061,0
Precinct,##pe - Central Absentee Precinct (CD 2),14,24,0,38,0
Precinct,##pe - Central Absentee Precinct (CD 3),27,134,0,161,0
Precinct,101 - Aberdeen (CD 3),146,672,0,818,0
Precinct,102 - Bassette (CD 3),83,758,1,842,0
Precinct,103 - City Hall (CD 3),101,347,0,448,0
Precinct,104 - Cooper (CD 3),209,888,0,1097,0
Precinct,105 - East Hampton (CD 3),152,303,2,457,0
Precinct,106 - Armstrong (CD 3),376,583,2,961,0
Precinct,107 - Lindsay (CD 3),180,679,1,860,0
Precinct,108 - Thomas (CD 3),156,726,1,883,0
Precinct,109 - Phenix (CD 3),125,876,0,1001,0
Precinct,110 - Phoebus (CD 2),132,184,1,317,0
Precinct,111 - Hampton Library (CD 3),196,213,0,409,0
Precinct,112 - Smith (CD 3),427,735,0,1162,0
Precinct,115 - Wythe (CD 3),351,332,0,683,0
Precinct,116 - Jones (CD 3),127,340,2,469,0
Precinct,117 - Kecoughtan (CD 3),252,550,1,803,0
Precinct,118 - Mallory (CD 3),132,904,4,1040,0
Precinct,201 - Booker (CD 2),749,528,0,1277,0
Precinct,202 - Bryan (CD 2),584,609,0,1193,0
Precinct,203 - Burbank (CD 2),390,441,0,831,0
Precinct,204 - Forrest (CD 3),354,538,1,893,0
Precinct,205 - Asbury (CD 2),1324,612,1,1937,0
Precinct,208 - Kraft (CD 3),763,814,2,1579,0
Precinct,209 - Langley (CD 2),540,483,3,1026,0
Precinct,210 - Machen (CD 3),421,975,2,1398,0
Precinct,212 - Bethel (CD 3),493,1009,1,1503,0
Precinct,213 - Phillips (CD 2),954,733,2,1689,0
Precinct,214 - Tucker Capps (CD 3),557,710,0,1267,0
Precinct,215 - Tyler (CD 3),55,178,0,233,0
Precinct,215 - Tyler (CD 2),8,19,0,27,0
Precinct,216 - Sandy Bottom (CD 3),320,455,0,775,0
Precinct,217 - Syms (CD 3),330,239,0,569,0
Precinct,Ab - Central Absentee Precinct (CD 2),209,682,4,895,0
Precinct,Ab - Central Absentee Precinct (CD 3),450,2933,5,3388,0
Precinct,Provisional (CD 2),9,20,0,29,0
Precinct,Provisional (CD 3),14,81,0,95,0
Locality,Hanover County,39931,18920,44,58895,0
Precinct,##ev - Central Absentee Precinct,11240,5065,10,16315,0
Precinct,##pe - Central Absentee Precinct,63,80,0,143,0
Precinct,101 - Ashland,429,383,2,814,0
Precinct,104 - Sliding Hill,576,366,1,943,0
Precinct,105 - Berkley,380,348,2,730,0
Precinct,106 - Kersey Creek,403,163,1,567,0
Precinct,107 - Chickahominy,472,295,0,767,0
Precinct,201 - Beaverdam,1229,241,0,1470,0
Precinct,202 - Blunts,521,224,1,746,0
Precinct,203 - Wilmington Parish,798,254,1,1053,0
Precinct,206 - Courthouse,484,283,0,767,0
Precinct,208 - Oak Knoll,609,194,1,804,0
Precinct,209 - West Hanover,255,79,0,334,0
Precinct,210 - Oak Hill,246,83,0,329,0
Precinct,301 - Clay,721,264,0,985,0
Precinct,303 - Shady Grove,807,348,1,1156,0
Precinct,304 - Atlee,1596,969,1,2566,0
Precinct,305 - Cool Spring,810,361,0,1171,0
Precinct,401 - Battlefield,1009,229,1,1239,0
Precinct,403 - Cold Harbor,1179,423,2,1604,0
Precinct,404 - Black Creek,1329,221,0,1550,0
Precinct,405 - Pebble Creek,586,272,0,858,0
Precinct,406 - Beaverdam Creek,233,98,0,331,0
Precinct,502 - Rural Point,854,341,2,1197,0
Precinct,503 - Newman,644,303,2,949,0
Precinct,504 - Studley,777,157,3,937,0
Precinct,505 - Totopotomoy,567,111,1,679,0
Precinct,506 - Georgetown,623,226,1,850,0
Precinct,507 - Laurel Meadow,795,280,0,1075,0
Precinct,601 - Village,1241,508,2,1751,0
Precinct,602 - Lee Davis,1006,360,1,1367,0
Precinct,603 - Mechanicsville,591,306,0,897,0
Precinct,604 - Hanover Grove,593,221,2,816,0
Precinct,701 - Farrington,853,248,0,1101,0
Precinct,702 - Montpelier,805,337,0,1142,0
Precinct,703 - Rockville,991,323,0,1314,0
Precinct,704 - Elmont,906,417,0,1323,0
Precinct,705 - South Anna,580,170,0,750,0
Precinct,Ab Central Absentee Precinct,2099,3329,6,5434,0
Precinct,Provisional,31,40,0,71,0
Locality,Harrisonburg City,4296,6942,14,11252,0
Precinct,##ev - Central Absentee Precinct,1481,2622,4,4107,0
Precinct,##pe - Central Absentee Precinct,7,56,0,63,0
Precinct,101 - Northeast,377,614,2,993,0
Precinct,102 - East Central,169,315,1,485,0
Precinct,103 - Southeast,394,587,0,981,0
Precinct,104 - East,405,445,0,850,0
Precinct,105 - South East Central,66,207,0,273,0
Precinct,201 - Northwest,433,516,3,952,0
Precinct,202 - Southwest,426,574,2,1002,0
Precinct,203 - West,421,509,1,931,0
Precinct,Ab - Central Absentee Precinct,114,484,1,599,0
Precinct,Provisional,3,13,0,16,0
Locality,Henrico County,55821,82377,138,138336,0
Precinct,##ev - Central Absentee Precinct (CD 4),1922,7625,11,9558,0
Precinct,##ev - Central Absentee Precinct (CD 7),9712,13100,8,22820,0
Precinct,##pe - Central Absentee Precinct (CD 4),46,368,2,416,0
Precinct,##pe - Central Absentee Precinct (CD 7),572,1384,7,1963,0
Precinct,101 - Coalpit (CD 7),961,742,1,1704,0
Precinct,102 - Dumbarton (CD 7),328,671,0,999,0
Precinct,103 - Glen Allen (CD 7),1141,660,3,1804,0
Precinct,105 - Greendale (CD 7),555,731,1,1287,0
Precinct,106 - Hermitage (CD 7),618,653,2,1273,0
Precinct,108 - Hungary Creek (CD 7),785,674,3,1462,0
Precinct,109 - Hunton (CD 7),355,187,0,542,0
Precinct,110 - Johnson (CD 7),531,877,3,1411,0
Precinct,111 - Lakeside (CD 7),778,900,4,1682,0
Precinct,112 - Longan (CD 7),623,526,0,1149,0
Precinct,113 - Maude Trevvett (CD 7),302,266,0,568,0
Precinct,114 - Monument Hills (CD 7),294,320,0,614,0
Precinct,115 - Staples Mill (CD 7),830,640,0,1470,0
Precinct,117 - Westwood (CD 7),396,506,1,903,0
Precinct,201 - Adams (CD 4),64,658,1,723,0
Precinct,202 - Azalea (CD 7),118,937,3,1058,0
Precinct,203 - Belmont (CD 7),415,767,0,1182,0
Precinct,204 - Brookland (CD 7),172,184,1,357,0
Precinct,205 - Canterbury (CD 7),206,235,0,441,0
Precinct,206 - Central Gardens (CD 4),47,802,0,849,0
Precinct,207 - Chamberlayne (CD 7),309,806,2,1117,0
Precinct,208 - Fairfield (CD 4),53,621,1,675,0
Precinct,209 - Glen Lea (CD 4),122,560,3,685,0
Precinct,210 - Greenwood (CD 7),160,445,0,605,0
Precinct,211 - Highland Gardens (CD 4),19,324,1,344,0
Precinct,212 - Hollybrook (CD 7),128,269,0,397,0
Precinct,213 - Hungary (CD 7),179,465,0,644,0
Precinct,214 - Longdale (CD 7),295,509,0,804,0
Precinct,215 - Maplewood (CD 4),63,1021,2,1086,0
Precinct,216 - Moody (CD 7),237,254,0,491,0
Precinct,217 - Mountain (CD 7),166,208,0,374,0
Precinct,218 - Oakview (CD 7),34,25,0,59,0
Precinct,219 - Randolph (CD 7),36,132,0,168,0
Precinct,220 - Ratcliffe (CD 4),86,1093,0,1179,0
Precinct,221 - Stratford Hall (CD 7),76,99,0,175,0
Precinct,222 - Wilder (CD 7),177,663,1,841,0
Precinct,223 - Yellow Tavern (CD 7),584,738,2,1324,0
Precinct,224 - Essex Village (CD 4),10,203,1,214,0
Precinct,301 - Causeway (CD 7),577,560,1,1138,0
Precinct,302 - Cedarfield (CD 7),734,463,0,1197,0
Precinct,303 - Innsbrook (CD 7),678,681,1,1360,0
Precinct,304 - Jackson Davis (CD 7),450,349,1,800,0
Precinct,305 - Nuckols Farm (CD 7),975,767,2,1744,0
Precinct,306 - Pocahontas (CD 7),579,666,2,1247,0
Precinct,307 - Ridge (CD 7),391,377,0,768,0
Precinct,308 - Rivers Edge (CD 7),876,751,1,1628,0
Precinct,309 - Sadler (CD 7),761,772,1,1534,0
Precinct,310 - Shady Grove (CD 7),1031,757,2,1790,0
Precinct,311 - Short Pump (CD 7),493,434,0,927,0
Precinct,312 - Springfield (CD 7),400,460,0,860,0
Precinct,313 - Stoney Run (CD 7),979,804,2,1785,0
Precinct,314 - Three Chopt (CD 7),678,625,1,1304,0
Precinct,315 - Tucker (CD 7),384,770,1,1155,0
Precinct,316 - Colonial Trail (CD 7),447,552,0,999,0
Precinct,401 - Quioccasin (CD 7),615,712,3,1330,0
Precinct,402 - Crestview (CD 7),494,681,2,1177,0
Precinct,403 - Derbyshire (CD 7),642,501,2,1145,0
Precinct,404 - Freeman (CD 7),473,461,1,935,0
Precinct,405 - Gayton (CD 7),856,588,1,1445,0
Precinct,406 - Godwin (CD 7),581,569,1,1151,0
Precinct,407 - Lakewood (CD 7),538,364,0,902,0
Precinct,408 - Lauderdale (CD 7),566,551,1,1118,0
Precinct,409 - Maybeury (CD 7),677,551,0,1228,0
Precinct,410 - Mooreland (CD 7),584,327,0,911,0
Precinct,411 - Pemberton (CD 7),475,517,1,993,0
Precinct,412 - Pinchbeck (CD 7),647,675,1,1323,0
Precinct,413 - Ridgefield (CD 7),890,708,0,1598,0
Precinct,414 - Rollingwood (CD 7),569,574,1,1144,0
Precinct,415 - Skipwith (CD 7),308,366,0,674,0
Precinct,416 - Spottswood (CD 7),326,345,1,672,0
Precinct,417 - Tuckahoe (CD 7),1007,548,1,1556,0
Precinct,418 - Welborne (CD 7),452,485,0,937,0
Precinct,419 - West End (CD 7),737,581,3,1321,0
Precinct,501 - Antioch (CD 4),866,259,1,1126,0
Precinct,502 - Cedar Fork (CD 4),83,413,3,499,0
Precinct,503 - Chickahominy (CD 4),576,438,0,1014,0
Precinct,504 - Donahoe (CD 4),261,434,2,697,0
Precinct,505 - Dorey (CD 4),579,685,0,1264,0
Precinct,506 - Eanes (CD 4),310,721,3,1034,0
Precinct,507 - Elko (CD 4),353,66,0,419,0
Precinct,508 - Highland Springs (CD 4),146,527,4,677,0
Precinct,509 - Laburnum (CD 4),169,427,2,598,0
Precinct,510 - Mehfoud (CD 4),287,605,0,892,0
Precinct,511 - Montrose (CD 4),174,1007,2,1183,0
Precinct,512 - Nine Mile (CD 4),198,309,1,508,0
Precinct,513 - Pleasants (CD 4),132,920,0,1052,0
Precinct,514 - Rolfe (CD 4),132,1103,1,1236,0
Precinct,515 - Sandston (CD 4),685,318,0,1003,0
Precinct,516 - Sullivans (CD 4),309,835,1,1145,0
Precinct,517 - Town Hall (CD 4),311,180,0,491,0
Precinct,518 - Whitlocks (CD 4),751,396,1,1148,0
Precinct,AB - Central Absentee Precinct (CD 4),374,2430,6,2810,0
Precinct,Ab - Central Absentee Precinct (CD 7),2650,7309,13,9972,0
Precinct,Provisional (CD 4),16,74,0,90,0
Precinct,Provisional (CD 7),84,181,0,265,0
Locality,Henry County,12675,5718,11,18404,0
Precinct,##ev - Central Absentee Precinct (CD 5),713,612,1,1326,0
Precinct,##ev - Central Absentee Precinct (CD 9),1864,984,0,2848,0
Precinct,##pe - Central Absentee Precinct (CD 5),3,12,0,15,0
Precinct,##pe - Central Absentee Precinct (CD 9),17,26,0,43,0
Precinct,101 - Bassett Number Two (CD 9),174,112,0,286,0
Precinct,102 - Gunville (CD 9),565,77,0,642,0
Precinct,103 - Scott's Tanyard (CD 9),914,153,3,1070,0
Precinct,201 - Fieldale (CD 9),242,77,0,319,0
Precinct,202 - Horsepasture #1 (CD 9),546,198,2,746,0
Precinct,203 - Horsepasture #2 (CD 9),133,252,0,385,0
Precinct,204 - Spencer (CD 9),630,157,0,787,0
Precinct,302 - Axton (CD 5),270,169,0,439,0
Precinct,303 - Irisburg (CD 5),462,212,0,674,0
Precinct,304 - Mount Olivet (CD 5),377,308,1,686,0
Precinct,304 - Mount Olivet (CD 9),0,0,0,0,0
Precinct,305 - Mountain Valley (CD 5),296,127,0,423,0
Precinct,401 - Collinsville Number 1 (CD 9),301,87,0,388,0
Precinct,402 - Daniels Creek (CD 9),287,116,0,403,0
Precinct,404 - Collinsville Number 2 (CD 9),513,186,0,699,0
Precinct,405 - Mountain View (CD 5),276,149,0,425,0
Precinct,501 - Bassett Number One (CD 9),248,117,1,366,0
Precinct,502 - Figsboro (CD 9),423,91,0,514,0
Precinct,503 - Stanleytown (CD 9),710,99,1,810,0
Precinct,504 - Oak Level (CD 9),243,66,0,309,0
Precinct,505 - Dyers Store (CD 5),41,7,0,48,0
Precinct,505 - Dyers Store (CD 9),215,68,1,284,0
Precinct,601 - Fontaine (CD 9),473,169,1,643,0
Precinct,602 - Hillcrest (CD 9),193,86,0,279,0
Precinct,603 - Ridgeway #1 (CD 5),655,162,0,817,0
Precinct,604 - Ridgeway #2 (CD 9),498,132,0,630,0
Precinct,Ab - Central Absentee Precinct (CD 5),66,229,0,295,0
Precinct,Ab - Central Absentee Precinct (CD 9),318,463,0,781,0
Precinct,Provisional (CD 5),3,4,0,7,0
Precinct,Provisional (CD 9),6,11,0,17,0
Locality,Highland County,945,348,0,1293,0
Precinct,##ev - Central Absentee Precinct,139,92,0,231,0
Precinct,##pe - Central Absentee Precinct,1,1,0,2,0
Precinct,1 - Monterey,231,69,0,300,0
Precinct,3 - Wilsons Mill,69,16,0,85,0
Precinct,5 - Blue Grass,125,45,0,170,0
Precinct,7 - Mill Gap,86,33,0,119,0
Precinct,8 - Mcdowell,206,45,0,251,0
Precinct,10 - Headwaters,67,12,0,79,0
Precinct,AB - Central Absentee Precinct,21,35,0,56,0
Precinct,Provisional,0,0,0,0,0
Locality,Hopewell City,3085,3159,15,6259,0
Precinct,##ev - Central Absentee Precinct,939,1031,2,1972,0
Precinct,##pe - Central Absentee Precinct,0,0,0,0,0
Precinct,101 - Ward One,264,179,2,445,0
Precinct,201 - Ward Two,75,272,0,347,0
Precinct,301 - Ward Three,522,213,0,735,0
Precinct,401 - Ward Four,454,371,9,834,0
Precinct,501 - Ward Five,379,217,0,596,0
Precinct,601 - Ward Six,100,314,0,414,0
Precinct,701 - Ward Seven,225,231,2,458,0
Precinct,Ab - Central Absentee Precinct,115,322,0,437,0
Precinct,Provisional,12,9,0,21,0
Locality,Isle of Wight County,11900,6664,20,18584,0
Precinct,##ev - Central Absentee Precinct,2658,1782,4,4444,0
Precinct,##pe - Central Absentee Precinct,24,31,0,55,0
Precinct,101 - Smithfield,1092,447,0,1539,0
Precinct,102 - Cypress Creek,856,382,3,1241,0
Precinct,201 - Bartlett,1217,532,3,1752,0
Precinct,202 - Carrollton,967,518,4,1489,0
Precinct,301 - Rushmere,591,414,1,1006,0
Precinct,302 - Pons,429,461,0,890,0
Precinct,401 - Courthouse,379,90,1,470,0
Precinct,402 - Windsor,685,198,0,883,0
Precinct,403 - Longview,662,374,1,1037,0
Precinct,501 - Walters,533,117,0,650,0
Precinct,502 - Camps Mill,153,112,0,265,0
Precinct,503 - Carrsville,328,127,1,456,0
Precinct,504 - Zuni,568,123,1,692,0
Precinct,505 - Raynor,331,54,0,385,0
Precinct,Ab - Central Absentee Precinct,422,883,0,1305,0
Precinct,Provisional,5,19,1,25,0
Locality,James City County,21090,18824,29,39943,0
Precinct,##ev - Central Absentee Precinct (CD 1),7541,7201,9,14751,0
Precinct,##ev - Central Absentee Precinct (CD 2),1441,1745,2,3188,0
Precinct,##pe - Central Absentee Precinct (CD 1),15,59,1,75,0
Precinct,##pe - Central Absentee Precinct (CD 2),10,13,0,23,0
Precinct,101 - Berkeley A (CD 1),737,465,1,1203,0
Precinct,102 - Berkeley B (CD 1),545,365,1,911,0
Precinct,103 - Berkeley C (CD 1),857,466,1,1324,0
Precinct,104- Berkeley D (CD 2),255,223,0,478,0
Precinct,201 - Jamestown A (CD 2),209,172,1,382,0
Precinct,202 - Jamestown B (CD 1),436,462,0,898,0
Precinct,202 - Jamestown B (CD 2),0,0,0,0,0
Precinct,203 - Jamestown C (CD 1),489,331,0,820,0
Precinct,204 - Jamestown D (CD 1),516,295,0,811,0
Precinct,301 - Powhatan A (CD 1),608,310,2,920,0
Precinct,302 - Powhatan B (CD 1),229,211,2,442,0
Precinct,303 - Powhatan C (CD 1),530,152,0,682,0
Precinct,304 - Powhatan D (CD 1),495,484,3,982,0
Precinct,401 - Stonehouse A (CD 1),1111,630,2,1743,0
Precinct,402 - Stonehouse B (CD 1),1019,611,1,1631,0
Precinct,403 - Stonehouse C (CD 1),1037,432,1,1470,0
Precinct,501 - Roberts A (CD 2),236,399,0,635,0
Precinct,502 - Roberts B (CD 2),920,352,0,1272,0
Precinct,503 - Roberts C (CD 2),92,160,0,252,0
Precinct,504 - Roberts D (CD 1),0,0,0,0,0
Precinct,504 - Roberts D (CD 2),687,547,0,1234,0
Precinct,AB - Central Absentee Precinct (CD 2),228,585,1,814,0
Precinct,Ab - Central Absentee Precinct (CD 1),820,2110,1,2931,0
Precinct,Provisional (CD 1),16,30,0,46,0
Precinct,Provisional (CD 2),11,14,0,25,0
Locality,King and Queen County,2098,1148,2,3248,0
Precinct,##ev - Central Absentee Precinct,354,222,0,576,0
Precinct,##pe - Central Absentee Precinct,5,8,0,13,0
Precinct,101 - Owenton,266,243,0,509,0
Precinct,201 - Clarks,388,134,0,522,0
Precinct,301 - Shacklefords,334,169,1,504,0
Precinct,401 - Courthouse,308,162,0,470,0
Precinct,501 - Oldmill,367,82,0,449,0
Precinct,Ab - Central Absentee Precinct,75,126,1,202,0
Precinct,Provisional,1,2,0,3,0
Locality,King George County,7185,3458,8,10651,0
Precinct,##ev - Central Absentee Precinct,2541,1401,2,3944,0
Precinct,##pe - Central Absentee Precinct,7,3,0,10,0
Precinct,101 - Courthouse,900,305,2,1207,0
Precinct,102 - Passapatanzy,530,207,0,737,0
Precinct,201 - Monroe,1079,286,1,1366,0
Precinct,301 - Dahlgren,879,427,0,1306,0
Precinct,401 - Shiloh,1048,350,2,1400,0
Precinct,Ab - Central Absentee Precinct,195,472,1,668,0
Precinct,Provisional,6,7,0,13,0
Locality,King William County,6241,2293,7,8541,0
Precinct,##ev - Central Absentee Precinct,1140,615,1,1756,0
Precinct,##pe - Central Absentee Precinct,4,3,0,7,0
Precinct,101 - West Point,865,366,0,1231,0
Precinct,201 - Sweet Hall,411,93,0,504,0
Precinct,202 - Courthouse,517,183,1,701,0
Precinct,301 - Aylett,1060,216,2,1278,0
Precinct,401 - Manquin,1110,282,3,1395,0
Precinct,501 - Mangohick,995,316,0,1311,0
Precinct,Ab - Central Absentee Precinct,138,219,0,357,0
Precinct,Provisional,1,0,0,1,0
Locality,Lancaster County,3444,2400,2,5846,0
Precinct,##ev - Central Absentee Precinct,1009,863,0,1872,0
Precinct,##pe - Central Absentee Precinct,0,1,0,1,0
Precinct,101 - Precinct 1-1,481,169,1,651,0
Precinct,201 - Precinct 2-1,270,259,0,529,0
Precinct,301 - Precinct 3-1,430,186,0,616,0
Precinct,302 - Precinct 3-2,226,76,1,303,0
Precinct,401 - Precinct 4-1,267,332,0,599,0
Precinct,501 - Precinct 5-1,624,272,0,896,0
Precinct,Ab - Central Absentee Precinct,135,240,0,375,0
Precinct,Provisional,2,2,0,4,0
Locality,Lee County,6316,918,5,7239,0
Precinct,##ev - Central Absentee Precinct,771,176,1,948,0
Precinct,##pe - Central Absentee Precinct,2,2,0,4,0
Precinct,101 - Elydale,271,38,0,309,0
Precinct,102 - Ewing,260,38,0,298,0
Precinct,103 - Rose Hill,520,53,0,573,0
Precinct,201 - Blackwater,106,15,0,121,0
Precinct,202 - Flatwoods,413,50,0,463,0
Precinct,203 - Jonesville,601,63,0,664,0
Precinct,301 - Ben Hur,633,76,0,709,0
Precinct,302 - Woodway,468,36,0,504,0
Precinct,401 - Stickleyville,280,37,0,317,0
Precinct,402 - Jasper,218,21,0,239,0
Precinct,403 - Seminary,302,24,0,326,0
Precinct,404 - Dryden,483,55,2,540,0
Precinct,501 - Saint Charles,172,39,0,211,0
Precinct,502 - Pennington,497,54,0,551,0
Precinct,503 - Robbins Chapel,72,10,0,82,0
Precinct,504 - Keokee,103,16,1,120,0
Precinct,Ab - Central Absentee Precinct,144,115,1,260,0
Precinct,Provisional,0,0,0,0,0
Locality,Lexington City,749,1317,2,2068,0
Precinct,##ev - Central Absentee Precinct,265,607,0,872,0
Precinct,##pe - Central Absentee Precinct,1,5,0,6,0
Precinct,1 - Lexington,451,523,2,976,0
Precinct,Ab - Central Absentee Precinct,31,174,0,205,0
Precinct,Provisional,1,8,0,9,0
Locality,Loudoun County,70348,90689,156,161193,0
Precinct,##ev - Central Absentee Precinct,16972,23353,19,40344,0
Precinct,##pe - Central Absentee Precinct,589,1674,3,2266,0
Precinct,107 - Little River,521,578,1,1100,0
Precinct,108 - Mercer,454,572,0,1026,0
Precinct,112 - Freedom,335,445,1,781,0
Precinct,114 - Dulles South,394,461,2,857,0
Precinct,117 - Carter,170,299,0,469,0
Precinct,118 - Moorefield,469,695,0,1164,0
Precinct,119 - Arcola,365,575,1,941,0
Precinct,120 - Lunsford,507,638,2,1147,0
Precinct,121 - Town Hall,333,415,1,749,0
Precinct,122 - Hutchison Farm,515,580,0,1095,0
Precinct,123 - Cardinal Ridge,328,385,2,715,0
Precinct,124 - Liberty,323,458,0,781,0
Precinct,125 - Rock Ridge,382,548,2,932,0
Precinct,126-Goshen Post,474,586,2,1062,0
Precinct,207 - River Bend,385,408,1,794,0
Precinct,208 - Algonkian,403,473,2,878,0
Precinct,209 - Potomac Falls,471,627,1,1099,0
Precinct,210 - Cascades,527,717,1,1245,0
Precinct,213 - Countryside,177,256,0,433,0
Precinct,214 - Sugarland North,578,678,3,1259,0
Precinct,215 - Sugarland South,526,662,0,1188,0
Precinct,216 - Lowes Island,558,602,2,1162,0
Precinct,217 - South Bank,560,625,2,1187,0
Precinct,218 - University Center,341,525,0,866,0
Precinct,219 - Galilee Church,432,539,1,972,0
Precinct,301 - Purcellville,756,535,0,1291,0
Precinct,302 - Round Hill,918,504,1,1423,0
Precinct,303 - Hillsboro,782,412,1,1195,0
Precinct,305 - Philomont,404,273,1,678,0
Precinct,307 - Middleburg,321,360,0,681,0
Precinct,308 - St Louis,337,330,0,667,0
Precinct,309 - Aldie,280,223,0,503,0
Precinct,310 - Mountain View,930,585,1,1516,0
Precinct,311 - Round Hill Elementary,979,552,2,1533,0
Precinct,312 - Briar Woods,471,767,0,1238,0
Precinct,313 - Pinebrook,688,701,1,1390,0
Precinct,314 - Legacy,502,708,1,1211,0
Precinct,315 - Firehouse,310,174,1,485,0
Precinct,316 - Creighton's Corner,592,839,2,1433,0
Precinct,318 - Madison's Trust,841,591,1,1433,0
Precinct,319 - John Champe,897,982,1,1880,0
Precinct,320 - Stone Hill,614,1109,1,1724,0
Precinct,321 - Brambleton Middle,323,458,1,782,0
Precinct,322-Buffalo Trail,380,510,0,890,0
Precinct,401 - West Lovettsville,1180,651,3,1834,0
Precinct,402 - Waterford,881,562,0,1443,0
Precinct,403 - Lucketts,890,599,2,1491,0
Precinct,407 - Harper Park,346,416,0,762,0
Precinct,408 - Evergreen,709,619,2,1330,0
Precinct,409 - Clarkes Gap,787,467,3,1257,0
Precinct,411 - East Lovettsville,753,386,4,1143,0
Precinct,413 - Tuscarora,29,38,1,68,0
Precinct,414 - Red Rock,314,444,1,759,0
Precinct,416 - Hamilton,1021,642,2,1665,0
Precinct,420 - River Creek,567,322,1,890,0
Precinct,421 - Between The Hills,139,68,0,207,0
Precinct,422 - Sycolin Creek,561,332,0,893,0
Precinct,501 - West Leesburg,479,515,2,996,0
Precinct,502 - East Leesburg,397,625,2,1024,0
Precinct,503 - Dry Mill,308,313,0,621,0
Precinct,504 - Smarts Mill,509,639,3,1151,0
Precinct,505 - Cool Spring,645,566,0,1211,0
Precinct,506 - Brandon Park,254,355,4,613,0
Precinct,507 - Greenway,284,231,1,516,0
Precinct,508 - Balls Bluff,597,691,1,1289,0
Precinct,509 - Tolbert,569,858,1,1428,0
Precinct,510 - Heritage,351,313,0,664,0
Precinct,615 - Hillside,508,660,2,1170,0
Precinct,616 - Eagle Ridge,529,679,2,1210,0
Precinct,617 - Oak Grove,138,331,0,469,0
Precinct,619 - Ridgetop,159,334,0,493,0
Precinct,620 - Russell Branch,604,738,1,1343,0
Precinct,621 - Dominion Trail,644,795,2,1441,0
Precinct,622 - Farmwell Station,584,846,3,1433,0
Precinct,623 - Weller,684,887,3,1574,0
Precinct,625 - Mill Run,263,285,0,548,0
Precinct,626 - Ashby Ponds,456,642,0,1098,0
Precinct,627 - Ashbrook,148,252,3,403,0
Precinct,628 - Moorefield Station,565,805,2,1372,0
Precinct,629 - Discovery,138,177,0,315,0
Precinct,701 - Sully,404,495,1,900,0
Precinct,702 - Park View,374,456,3,833,0
Precinct,703 - Rolling Ridge,335,681,3,1019,0
Precinct,705 - Forest Grove,498,664,1,1163,0
Precinct,707 - Claude Moore Park,303,496,1,800,0
Precinct,708 - Seneca,452,499,2,953,0
Precinct,709 - Mirror Ridge,398,574,3,975,0
Precinct,710 - Sterling,321,379,3,703,0
Precinct,808 - Stone Bridge,677,783,2,1462,0
Precinct,810 - Cedar Lane,517,617,1,1135,0
Precinct,813 - Seldens Landing,362,546,0,908,0
Precinct,814 - Newton - Lee,719,611,1,1331,0
Precinct,815 - Belmont Ridge,491,638,2,1131,0
Precinct,817 - Sanders Corner,717,734,2,1453,0
Precinct,818 - Broad Run,457,508,1,966,0
Precinct,819 - Heritage Church,432,465,0,897,0
Precinct,820 - Belmont Station,467,564,2,1033,0
Precinct,822 - Riverside,370,462,0,832,0
Precinct,Ab - Central Absentee Precinct,4546,13215,13,17774,0
Precinct,Provisional,104,232,0,336,0
Locality,Louisa County,11606,5950,8,17564,0
Precinct,##ev - Central Absentee Precinct,2329,1710,0,4039,0
Precinct,##pe - Central Absentee Precinct,21,33,0,54,0
Precinct,101 - Zion,933,514,1,1448,0
Precinct,102 - Mechanicsville,514,209,1,724,0
Precinct,201 - Louisa #1,524,231,0,755,0
Precinct,202 - Louisa #2,549,179,0,728,0
Precinct,301 - Patrick Henry No 1,728,506,0,1234,0
Precinct,302 - Patrick Henry #2,252,118,0,370,0
Precinct,401 - Mineral,1004,300,0,1304,0
Precinct,402 - Yanceyville,262,111,0,373,0
Precinct,501 - Fredericks Hall,241,149,1,391,0
Precinct,502 - Cuckoo,508,158,0,666,0
Precinct,503 - Elk Creek,493,128,0,621,0
Precinct,601 - Bumpass,705,144,2,851,0
Precinct,602 - Locust Creek,809,211,0,1020,0
Precinct,701 - Sheltons Mill,873,207,0,1080,0
Precinct,702 - South Anna,505,184,0,689,0
Precinct,Ab - Central Absentee Precinct,349,852,3,1204,0
Precinct,Provisional,7,6,0,13,0
Locality,Lunenburg County,2985,1596,1,4582,0
Precinct,##ev - Central Absentee Precinct,657,487,0,1144,0
Precinct,##pe - Central Absentee Precinct,2,1,0,3,0
Precinct,101 - Plymouth,272,48,0,320,0
Precinct,201 - Browns Store,273,94,0,367,0
Precinct,301 - Rosebud,254,50,0,304,0
Precinct,302 - Flat Rock,240,89,1,330,0
Precinct,401 - Arrowhead Gun Club,173,30,0,203,0
Precinct,402 - Pleasant Grove,285,70,0,355,0
Precinct,501 - Reedy Creek,111,63,0,174,0
Precinct,502 - Peoples Community Center,111,99,0,210,0
Precinct,601 - Hounds Creek,205,199,0,404,0
Precinct,701 - Meherrin Fire Department,141,75,0,216,0
Precinct,702 - Victoria Public Library,189,63,0,252,0
Precinct,Ab - Central Absentee Precinct,72,227,0,299,0
Precinct,Provisional,0,1,0,1,0
Locality,Lynchburg City,13545,11145,16,24706,0
Precinct,##ev - Central Absentee Precinct,2094,2981,1,5076,0
Precinct,##pe - Central Absentee Precinct,30,69,0,99,0
Precinct,101 - First Ward First Precinct,936,544,1,1481,0
Precinct,102 - First Ward Second Precinct,1173,505,1,1679,0
Precinct,103 - First Ward Third Precinct,724,383,1,1108,0
Precinct,104 - First Ward Fourth Precinct,204,218,1,423,0
Precinct,105 - First Ward Fifth Precinct,422,324,0,746,0
Precinct,201 - Second Ward First Precinct,360,651,1,1012,0
Precinct,202 - Second Ward Second Precinct,297,519,1,817,0
Precinct,203 - Second Ward Third Precinct,121,198,1,320,0
Precinct,204 - Second Ward Fourth Precinct,208,149,0,357,0
Precinct,301 - Third Ward First Precinct,290,259,1,550,0
Precinct,302 - Third Ward Second Precinct,511,15,0,526,0
Precinct,303 - Third Ward Third Precinct,438,195,0,633,0
Precinct,304 - Third Ward Fourth Precinct,451,209,0,660,0
Precinct,305 - Third Ward Fifth Precinct,1062,320,3,1385,0
Precinct,401 - Fourth Ward First Precinct,1389,373,0,1762,0
Precinct,402 - Fourth Ward Second Precinct,455,233,1,689,0
Precinct,403 - Fourth Ward Third Precinct,818,425,2,1245,0
Precinct,404 - Fourth Ward Fourth Precinct,806,486,1,1293,0
Precinct,Ab - Central Absentee Precinct,740,2061,0,2801,0
Precinct,Provisional,16,28,0,44,0
Locality,Madison County,4611,2060,4,6675,0
Precinct,##ev - Central Absentee Precinct,1051,659,2,1712,0
Precinct,##pe - Central Absentee Precinct,6,9,0,15,0
Precinct,1 - Oak Park,362,184,1,547,0
Precinct,2 - Radiant,566,245,0,811,0
Precinct,3 - Rochelle,332,104,0,436,0
Precinct,4 - Graves Mill,40,14,0,54,0
Precinct,5 - Madison,572,200,0,772,0
Precinct,6 - Wolftown,370,143,0,513,0
Precinct,7 - Brightwood,727,156,1,884,0
Precinct,8 - Criglersville,313,88,0,401,0
Precinct,9 - Etlan,192,78,0,270,0
Precinct,Ab - Central Absentee Precinct,79,178,0,257,0
Precinct,Provisional,1,2,0,3,0
Locality,Manassas City,4978,6242,18,11238,0
Precinct,##ev - Central Absentee Precinct,1580,2145,6,3731,0
Precinct,##pe - Central Absentee Precinct,14,30,0,44,0
Precinct,1 - Dean,360,555,0,915,0
Precinct,2 - Weems,549,573,0,1122,0
Precinct,3 - Metz,634,572,0,1206,0
Precinct,4 - Haydon,567,539,6,1112,0
Precinct,5 - Baldwin,477,469,4,950,0
Precinct,6 - Round,536,438,1,975,0
Precinct,Ab - Central Absentee Precinct,259,908,0,1167,0
Precinct,Provisional,2,13,1,16,0
Locality,Manassas Park City,1372,2194,12,3578,0
Precinct,##ev - Central Absentee Precinct,356,601,2,959,0
Precinct,##pe - Central Absentee Precinct,4,5,0,9,0
Precinct,1 - Precinct One,330,534,0,864,0
Precinct,2 - Precinct Two,294,295,4,593,0
Precinct,3 - Precinct Three,289,417,5,711,0
Precinct,Ab - Central Absentee Precinct,95,340,1,436,0
Precinct,Provisional,4,2,0,6,0
Locality,Martinsville City,1645,2263,6,3914,0
Precinct,##ev - Central Absentee Precinct,363,428,0,791,0
Precinct,##pe - Central Absentee Precinct,1,9,0,10,0
Precinct,1 - Precinct #1,11,241,1,253,0
Precinct,2 - Precinct #2,290,278,2,570,0
Precinct,3 - Precinct #3,123,171,1,295,0
Precinct,4 - Precinct #4,212,359,1,572,0
Precinct,5 - Precinct #5,572,315,1,888,0
Precinct,6 - Precinct #6,7,137,0,144,0
Precinct,Ab - Central Absentee Precinct,66,317,0,383,0
Precinct,Provisional,0,8,0,8,0
Locality,Mathews County,3446,1403,6,4855,0
Precinct,##ev - Central Absentee Precinct,1492,756,3,2251,0
Precinct,##pe - Central Absentee Precinct,1,4,0,5,0
Precinct,1 - Chesapeake,445,121,0,566,0
Precinct,2 - Westville,667,205,0,872,0
Precinct,3 - Piankatank,741,194,1,936,0
Precinct,Ab - Central Absentee Precinct,97,123,2,222,0
Precinct,Provisional,3,0,0,3,0
Locality,Mecklenburg County,7828,4139,6,11973,0
Precinct,##ev - Central Absentee Precinct,1758,876,2,2636,0
Precinct,##pe - Central Absentee Precinct,5,16,0,21,0
Precinct,101 - Wrights Store,215,159,0,374,0
Precinct,102 - Pearsons Store,121,28,0,149,0
Precinct,103 - South Clarksville,299,210,0,509,0
Precinct,201 - Boydton,159,103,0,262,0
Precinct,202 - Bluestone Senior High School,52,64,0,116,0
Precinct,203 - Chase City Vfw Post,47,142,0,189,0
Precinct,301 - Bracey,574,144,1,719,0
Precinct,302 - Lacrosse,295,137,0,432,0
Precinct,401 - American Legion Hall,299,422,0,721,0
Precinct,402 - Park View Middle School,67,79,0,146,0
Precinct,501 - South Hill,575,292,0,867,0
Precinct,601 - Baskerville,273,92,2,367,0
Precinct,602 - Union Level,218,30,0,248,0
Precinct,603 - Smith Crossroads,144,55,0,199,0
Precinct,604 - Lake Gaston,191,61,0,252,0
Precinct,701 - Chase City,285,137,0,422,0
Precinct,702 - Sunshine,275,110,1,386,0
Precinct,801 - Finchley,107,43,0,150,0
Precinct,802 - Bluestone,334,73,0,407,0
Precinct,803 - Chase City Elementary School,247,89,0,336,0
Precinct,901 - Averett,145,11,0,156,0
Precinct,902 - Buffalo Springs,224,55,0,279,0
Precinct,903 - Clarksville,647,205,0,852,0
Precinct,Ab - Central Absentee Precinct,268,499,0,767,0
Precinct,Provisional,4,7,0,11,0
Locality,Middlesex County,3714,1866,3,5583,0
Precinct,##ev - Central Absentee Precinct,882,607,2,1491,0
Precinct,##pe - Central Absentee Precinct,1,5,0,6,0
Precinct,101 - Saluda,156,60,1,217,0
Precinct,102 - Urbanna,337,146,0,483,0
Precinct,201 - New Market,739,212,0,951,0
Precinct,302 - Church View,439,242,0,681,0
Precinct,401- Harmony Village,418,202,0,620,0
Precinct,501 - Wilton,645,192,0,837,0
Precinct,Ab - Central Absentee Precinct,95,198,0,293,0
Precinct,Provisional,2,2,0,4,0
Locality,Montgomery County,16828,15704,38,32570,0
Precinct,##ev - Central Absentee Precinct,3745,4855,7,8607,0
Precinct,##pe - Central Absentee Precinct,19,86,2,107,0
Precinct,101 - Precinct A-1,625,551,1,1177,0
Precinct,102 - Precinct A-2,200,490,1,691,0
Precinct,103 - Precinct A-3,446,738,4,1188,0
Precinct,201 - Precinct B-1,106,64,0,170,0
Precinct,202 - Precinct B-2,736,458,2,1196,0
Precinct,203 - Precinct B-3,622,354,0,976,0
Precinct,204 - Precinct B-4,909,655,2,1566,0
Precinct,301 - Precinct C-1,966,215,0,1181,0
Precinct,302 - Precinct C-2,727,297,1,1025,0
Precinct,303 - Precinct C-3,400,116,0,516,0
Precinct,304 - Precinct C-4,745,316,2,1063,0
Precinct,401 - Precinct D-1,484,187,0,671,0
Precinct,402 - Precinct D-2,970,214,0,1184,0
Precinct,403 - Precinct D-3,793,169,0,962,0
Precinct,404 - Precinct D-4,490,109,0,599,0
Precinct,405 - Precinct D-5,751,341,0,1092,0
Precinct,501 - Precinct E-1,592,403,4,999,0
Precinct,502 - Precinct E-2,615,268,1,884,0
Precinct,503 - Precinct E-3,57,192,1,250,0
Precinct,601 - Precinct F-1,332,577,1,910,0
Precinct,602 - Precinct F-2,289,613,4,906,0
Precinct,603 - Precinct F-3,51,45,0,96,0
Precinct,701 - Precinct G-1,431,750,2,1183,0
Precinct,702 - Precinct G-2,162,376,0,538,0
Precinct,Ab - Central Absentee Precinct,555,2228,2,2785,0
Precinct,Provisional,10,37,1,48,0
Locality,Nelson County,4174,3466,4,7644,0
Precinct,##ev - Central Absentee Precinct,732,1116,0,1848,0
Precinct,##pe - Central Absentee Precinct,7,15,0,22,0
Precinct,101 - Rockfish,659,536,2,1197,0
Precinct,201 - Lovingston,378,164,0,542,0
Precinct,202 - Schuyler,261,133,1,395,0
Precinct,301 - Shipman,480,187,1,668,0
Precinct,302 - Gladstone,122,37,0,159,0
Precinct,401 - Roseland,633,203,0,836,0
Precinct,402 - Montebello,81,35,0,116,0
Precinct,501 - Faber,216,150,0,366,0
Precinct,502 - Nellysford,469,482,0,951,0
Precinct,Ab - Central Absentee Precinct,136,404,0,540,0
Precinct,Provisional,0,4,0,4,0
Locality,New Kent County,8563,3479,5,12047,0
Precinct,##ev - Central Absentee Precinct,1491,800,0,2291,0
Precinct,##pe - Central Absentee Precinct,8,7,0,15,0
Precinct,102 - Tunstall,402,60,0,462,0
Precinct,103 - Southern Branch,1118,229,0,1347,0
Precinct,201 - Quinton,863,362,2,1227,0
Precinct,202 - Kentwood,693,167,0,860,0
Precinct,301 - Watkins,568,313,0,881,0
Precinct,302 - Cumberland,708,242,0,950,0
Precinct,401 - Providence Forge,823,354,1,1178,0
Precinct,403 - Mountcastle,369,121,0,490,0
Precinct,501 - Eltham,479,163,0,642,0
Precinct,502 - Chickahominy River,784,169,0,953,0
Precinct,Ab - Central Absentee Precinct,238,484,2,724,0
Precinct,Provisional,19,8,0,27,0
Locality,Newport News City,21135,32725,61,53921,0
Precinct,##ev - Central Absentee Precinct (CD 2),24,55,0,79,0
Precinct,##ev - Central Absentee Precinct (CD 3),3464,7419,11,10894,0
Precinct,##pe - Central Absentee Precinct (CD 2),0,0,0,0,0
Precinct,##pe - Central Absentee Precinct (CD 3),26,123,0,149,0
Precinct,101 - Denbigh (CD 3),432,813,2,1247,0
Precinct,102 - Stoney Run (CD 3),331,925,3,1259,0
Precinct,103 - Jenkins (CD 3),581,646,3,1230,0
Precinct,104 - Mcintosh (CD 3),300,597,2,899,0
Precinct,105 - Oyster Point (CD 3),136,161,0,297,0
Precinct,106 - Reservoir (CD 3),546,814,0,1360,0
Precinct,107 - Richneck (CD 3),638,756,1,1395,0
Precinct,108 - Katherine Johnson (CD 3),299,706,1,1006,0
Precinct,109 - Windsor (CD 3),358,418,1,777,0
Precinct,110 - Greenwood (CD 3),370,787,1,1158,0
Precinct,201 - Bland (CD 3),76,131,0,207,0
Precinct,202 - Boulevard (CD 3),658,448,3,1109,0
Precinct,203 - Charles (CD 3),989,765,2,1756,0
Precinct,204 - Mariners' Museum (CD 3),296,265,0,561,0
Precinct,205 - Deep Creek (CD 3),994,512,2,1508,0
Precinct,208 - Hidenwood (CD 3),535,317,1,853,0
Precinct,209 - Hilton (CD 3),600,526,1,1127,0
Precinct,210 - Knollwood Meadows (CD 3),979,831,3,1813,0
Precinct,211 - Palmer (CD 2),29,58,0,87,0
Precinct,211 - Palmer (CD 3),443,528,0,971,0
Precinct,212 - Riverside (CD 3),489,320,0,809,0
Precinct,213 - Sanford (CD 3),408,244,1,653,0
Precinct,215 - Warwick (CD 3),313,299,0,612,0
Precinct,216 - Yates (CD 3),461,302,0,763,0
Precinct,217 - Riverview (CD 3),668,405,3,1076,0
Precinct,218 - Kiln Creek (CD 2),25,20,0,45,0
Precinct,218 - Kiln Creek (CD 3),781,786,3,1570,0
Precinct,219 - Deer Park (CD 3),355,631,2,988,0
Precinct,302 - Briarfield (CD 3),184,455,2,641,0
Precinct,303 - Carver (CD 3),143,326,0,469,0
Precinct,304 - Chestnut (CD 3),24,321,0,345,0
Precinct,305 - Downtown (CD 3),57,178,0,235,0
Precinct,306 - Dunbar (CD 3),3,66,0,69,0
Precinct,307 - Huntington (CD 3),19,234,0,253,0
Precinct,308 - Jefferson (CD 3),10,211,0,221,0
Precinct,309 - Magruder (CD 3),16,317,2,335,0
Precinct,310 - Marshall (CD 3),23,355,1,379,0
Precinct,311 - Newmarket (CD 3),309,684,1,994,0
Precinct,312 - Newsome Park (CD 3),5,121,1,127,0
Precinct,313 - Reed (CD 3),34,513,1,548,0
Precinct,314 - River (CD 3),254,284,0,538,0
Precinct,315 - Sedgefield (CD 3),442,412,0,854,0
Precinct,316 - South Morrison (CD 3),357,502,0,859,0
Precinct,317 - Washington (CD 3),13,167,0,180,0
Precinct,318 - Wilson (CD 3),54,339,1,394,0
Precinct,319 - Saunders (CD 3),652,606,0,1258,0
Precinct,320 - Watkins (CD 3),989,720,2,1711,0
Precinct,Ab - Central Absentee Precinct (CD 2),17,18,0,35,0
Precinct,Ab - Central Absentee Precinct (CD 3),885,4217,4,5106,0
Precinct,Provisional (CD 2),0,0,0,0,0
Precinct,Provisional (CD 3),41,71,0,112,0
Locality,Norfolk City,18770,40914,87,59771,0
Precinct,##ev - Central Absentee Precinct (CD 2),1686,2564,5,4255,0
Precinct,##ev - Central Absentee Precinct (CD 3),1592,6550,12,8154,0
Precinct,##pe - Central Absentee Precinct (CD 2),23,92,0,115,0
Precinct,##pe - Central Absentee Precinct (CD 3),27,171,0,198,0
Precinct,101 - Granby (CD 3),420,710,3,1133,0
Precinct,102 - Ocean View School (CD 2),293,234,1,528,0
Precinct,103 - Northside (CD 2),503,396,1,900,0
Precinct,104 - Titustown (CD 3),1,21,0,22,0
Precinct,104 - Titustown (CD 2),64,319,0,383,0
Precinct,106 - Second Presbyterian (CD 2),436,596,0,1032,0
Precinct,201 - Larchmont School (CD 3),383,564,1,948,0
Precinct,203 - Ghent Square (CD 3),166,357,1,524,0
Precinct,207 - Lambert's Point (CD 3),124,608,5,737,0
Precinct,208 - Larchmont Library (CD 3),373,406,2,781,0
Precinct,210 - Maury (CD 3),273,674,2,949,0
Precinct,211 - Chrysler Museum (CD 3),451,738,0,1189,0
Precinct,212 - Park Place (CD 3),61,518,5,584,0
Precinct,213 - Taylor Elementary School (CD 3),295,900,1,1196,0
Precinct,214 - Stuart (CD 3),317,811,2,1130,0
Precinct,215 - Suburban Park (CD 2),418,483,0,901,0
Precinct,217 - Wesley (CD 2),298,412,0,710,0
Precinct,218 - Willard (CD 3),643,719,1,1363,0
Precinct,301 - Ballentine (CD 3),133,571,0,704,0
Precinct,302 - Tanners Creek (CD 3),117,370,3,490,0
Precinct,303 - Broad Creek (CD 3),59,724,1,784,0
Precinct,304 - Coleman Place School (CD 3),104,353,2,459,0
Precinct,305 - Lafayette-winona (CD 3),154,486,1,641,0
Precinct,306 - Lindenwood (CD 3),74,452,1,527,0
Precinct,309 - Norview (CD 3),332,841,0,1173,0
Precinct,310 - Rosemont (CD 3),85,1003,0,1088,0
Precinct,311 - Sherwood (CD 3),521,827,3,1351,0
Precinct,313 - Union Chapel (CD 3),21,338,0,359,0
Precinct,402 - Berkley (CD 3),16,571,1,588,0
Precinct,404 - Campostella (CD 3),36,550,1,587,0
Precinct,405 - Chesterfield (CD 3),50,568,2,620,0
Precinct,406 - Barron Black (CD 2),334,346,0,680,0
Precinct,408 - Easton (CD 3),479,426,1,906,0
Precinct,409 - Fairlawn (CD 3),325,353,0,678,0
Precinct,411 - Ruffner Academy (CD 3),20,273,0,293,0
Precinct,412 - Ingleside (CD 3),141,597,1,739,0
Precinct,413 - Poplar Halls (CD 3),204,737,1,942,0
Precinct,414 - Young Park (CD 3),31,478,0,509,0
Precinct,415 - Lake Taylor High School (CD 3),303,377,1,681,0
Precinct,501 - Bayview (CD 2),597,476,0,1073,0
Precinct,503 - East Ocean View (CD 2),626,521,2,1149,0
Precinct,504 - Larrymore (CD 2),416,496,2,914,0
Precinct,505 - Little Creek (CD 2),431,321,3,755,0
Precinct,506 - Ocean View Center (CD 2),440,578,0,1018,0
Precinct,507 - Pretlow (CD 2),424,440,4,868,0
Precinct,509 - Tarrallton (CD 2),715,404,1,1120,0
Precinct,510 - Third Presbyterian (CD 2),774,468,2,1244,0
Precinct,511 - Crossroads (CD 2),540,501,1,1042,0
Precinct,512 - Azalea Gardens (CD 2),349,313,0,662,0
Precinct,Ab - Central Absentee Precinct (CD 2),444,1701,2,2147,0
Precinct,Ab - Central Absentee Precinct (CD 3),595,4459,9,5063,0
Precinct,Provisional (CD 2),14,30,0,44,0
Precinct,Provisional (CD 3),19,122,0,141,0
Locality,Northampton County,2625,2588,3,5216,0
Precinct,##ev - Central Absentee Precinct,779,931,1,1711,0
Precinct,##pe - Central Absentee Precinct,5,7,0,12,0
Precinct,101 - Precinct 1-1,529,287,0,816,0
Precinct,201 - Precinct 2-1,218,269,1,488,0
Precinct,301 - Precinct 3-1,190,289,0,479,0
Precinct,401 - Precinct 4-1,358,199,1,558,0
Precinct,501 - Precinct 5-1,409,232,0,641,0
Precinct,Ab - Central Absentee Precinct,136,371,0,507,0
Precinct,Provisional,1,3,0,4,0
Locality,Northumberland County,4145,2336,3,6484,0
Precinct,##ev - Central Absentee Precinct,1313,984,0,2297,0
Precinct,##pe - Central Absentee Precinct,3,0,0,3,0
Precinct,101 - 1a,447,163,1,611,0
Precinct,201 - 2a,547,180,1,728,0
Precinct,301 - 3a,189,271,0,460,0
Precinct,401 - 4a,770,256,0,1026,0
Precinct,501 - 5a,757,215,1,973,0
Precinct,Ab - Central Absentee Precinct,116,260,0,376,0
Precinct,Provisional,3,7,0,10,0
Locality,Norton City,842,344,2,1188,0
Precinct,##ev - Central Absentee Precinct,322,140,0,462,0
Precinct,##pe - Central Absentee Precinct,0,0,0,0,0
Precinct,1 - East Ward,501,152,2,655,0
Precinct,AB - Central Absentee Precinct,18,52,0,70,0
Precinct,Provisional,1,0,0,1,0
Locality,Nottoway County,3444,1947,6,5397,0
Precinct,##ev - Central Absentee Precinct,985,674,1,1660,0
Precinct,##pe - Central Absentee Precinct,1,6,0,7,0
Precinct,101 - Precinct 1-1,315,112,2,429,0
Precinct,102 - Precinct 1-2,239,87,0,326,0
Precinct,201 - Precinct 2-1,369,149,1,519,0
Precinct,202 - Precinct 2-2,199,51,0,250,0
Precinct,301 - Precinct 3-1,164,156,0,320,0
Precinct,302 - Precinct 3-2,190,61,0,251,0
Precinct,401 - Precinct 4-1,91,182,0,273,0
Precinct,402 - Precinct 4-2,372,89,0,461,0
Precinct,501 - Precinct 5-1,419,218,1,638,0
Precinct,Ab - Central Absentee Precinct,100,162,1,263,0
Precinct,Provisional,0,0,0,0,0
Locality,Orange County,10493,5533,9,16035,0
Precinct,##ev - Central Absentee Precinct,1696,1366,3,3065,0
Precinct,##pe - Central Absentee Precinct,11,40,0,51,0
Precinct,101 - One West,848,373,1,1222,0
Precinct,102 - One East,742,375,0,1117,0
Precinct,201 - Two West,930,205,1,1136,0
Precinct,202 - Two East,914,206,0,1120,0
Precinct,301 - Three West,687,382,0,1069,0
Precinct,302 - Three East,337,105,1,443,0
Precinct,401 - Four West,1104,212,1,1317,0
Precinct,402 - Four East,883,459,0,1342,0
Precinct,501 - Five South,940,495,0,1435,0
Precinct,502 - Five North,1049,554,2,1605,0
Precinct,Ab - Central Absentee Precinct,345,747,0,1092,0
Precinct,Provisional,7,14,0,21,0
Locality,Page County,7425,2107,8,9540,0
Precinct,##ev - Central Absentee Precinct,1226,802,3,2031,0
Precinct,##pe - Central Absentee Precinct,2,3,0,5,0
Precinct,101 - West Luray,934,218,0,1152,0
Precinct,201 - East Luray,1065,252,1,1318,0
Precinct,301 - Marksville,1439,195,2,1636,0
Precinct,401 - Newport,1105,124,0,1229,0
Precinct,501 - Shenandoah,1424,186,2,1612,0
Precinct,Ab - Central Absentee Precinct,224,324,0,548,0
Precinct,Provisional,6,3,0,9,0
Locality,Patrick County,5855,1331,3,7189,0
Precinct,##ev - Central Absentee Precinct,1031,279,0,1310,0
Precinct,##pe - Central Absentee Precinct,4,6,0,10,0
Precinct,101 - Ararat,315,63,0,378,0
Precinct,102 - Claudville,315,48,0,363,0
Precinct,103 - Willis Gap,363,49,0,412,0
Precinct,201 - Dry Pond,197,24,0,221,0
Precinct,202 - Patrick Springs,444,80,0,524,0
Precinct,203 - Russell Creek,361,71,0,432,0
Precinct,301 - Critz/stella,506,116,0,622,0
Precinct,302 - Liberty,381,44,1,426,0
Precinct,401 - Meadows Of Dan,410,116,0,526,0
Precinct,402 - Stuart Fairgrounds,363,65,0,428,0
Precinct,501 - Stuart Community,188,30,0,218,0
Precinct,502 - Elamsville,341,65,1,407,0
Precinct,503 - Woolwine,460,59,0,519,0
Precinct,Ab - Central Absentee Precinct,176,214,1,391,0
Precinct,Provisional,0,2,0,2,0
Locality,Petersburg City,1207,7625,10,8842,0
Precinct,##ev - Central Absentee Precinct,393,2278,2,2673,0
Precinct,##pe - Central Absentee Precinct,4,42,0,46,0
Precinct,101 - First Ward First Precinct,87,422,0,509,0
Precinct,201 - Second Ward First Precinct,102,838,1,941,0
Precinct,301 - Third Ward First Precinct,233,751,2,986,0
Precinct,401 - Fourth Ward First Precinct,135,477,0,612,0
Precinct,501 - Fifth Ward First Precinct,58,478,2,538,0
Precinct,601 - Sixth Ward First Precinct,30,421,1,452,0
Precinct,701 - Seventh Ward First Precinct,64,637,1,702,0
Precinct,Ab - Central Absentee Precinct,96,1265,1,1362,0
Precinct,Provisional,5,16,0,21,0
Locality,Pittsylvania County,19391,6476,11,25878,0
Precinct,##ev - Central Absentee Precinct,2763,1004,2,3769,0
Precinct,##pe - Central Absentee Precinct,26,31,0,57,0
Precinct,103 - Twin Springs,1476,231,0,1707,0
Precinct,105 - Chatham,332,93,0,425,0
Precinct,106 - Tunstall,591,114,1,706,0
Precinct,108 - West Blairs,336,90,0,426,0
Precinct,201 - Callands,581,105,0,686,0
Precinct,202- Bearskin,134,50,0,184,0
Precinct,204 - Sandy Level,383,85,0,468,0
Precinct,206 - Climax,390,75,0,465,0
Precinct,207 - Gretna,905,209,0,1114,0
Precinct,301 - Central,190,210,0,400,0
Precinct,305 - Riceville,252,223,0,475,0
Precinct,307 - East Blairs,179,370,0,549,0
Precinct,308 - Mt Airy,152,140,0,292,0
Precinct,309 - East Gretna,202,129,1,332,0
Precinct,402 - Keeling,606,81,0,687,0
Precinct,404 - Kentuck,1053,203,1,1257,0
Precinct,405 - Ringgold,1075,260,0,1335,0
Precinct,501 - Hurt,778,247,0,1025,0
Precinct,502 - Motley Sycamore,924,231,3,1158,0
Precinct,503 - Renan,509,115,0,624,0
Precinct,603 - Stony Mill,687,152,0,839,0
Precinct,604 - Swansonville,505,159,1,665,0
Precinct,605 - Whitmell,546,119,1,666,0
Precinct,606 - Brosville,419,263,1,683,0
Precinct,607 - Dry Fork,269,54,0,323,0
Precinct,702 - Bachelors Hall,877,117,0,994,0
Precinct,703 - Ferry Road,160,49,0,209,0
Precinct,704 - Mt Hermon,955,282,0,1237,0
Precinct,705 - Mt Cross,598,111,0,709,0
Precinct,Ab - Central Absentee Precinct,525,868,0,1393,0
Precinct,Provisional,13,6,0,19,0
Locality,Poquoson City,4870,1396,6,6272,0
Precinct,##ev - Central Absentee Precinct,1605,618,0,2223,0
Precinct,##pe - Central Absentee Precinct,0,7,0,7,0
Precinct,1 - Central,966,185,1,1152,0
Precinct,2 - Eastern,1126,219,2,1347,0
Precinct,3 - Western,1093,228,3,1324,0
Precinct,Ab - Central Absentee Precinct,80,137,0,217,0
Precinct,Provisional,0,2,0,2,0
Locality,Portsmouth City,9809,19783,37,29629,0
Precinct,##ev - Central Absentee Precinct,1004,3780,6,4790,0
Precinct,##pe - Central Absentee Precinct,28,92,0,120,0
Precinct,1 - Emanuel A. M. E. Church,230,524,1,755,0
Precinct,5 - Hampton Roads Community Health Center,19,366,0,385,0
Precinct,7- Park View Elementary School,139,374,0,513,0
Precinct,9 - Third Baptist Church,130,501,1,632,0
Precinct,10 - Port Norfolk Recreation Center,187,239,1,427,0
Precinct,11 - Joseph E. Parker Recreation Center,15,389,1,405,0
Precinct,13 - St. Mark Missionary Baptist Church,18,197,0,215,0
Precinct,14 - Brighton Elementary School,27,462,0,489,0
Precinct,16 - Cradock Middle School,189,353,1,543,0
Precinct,17 - Victory Life Fellowship,261,408,0,669,0
Precinct,19 - Victory Elementary School,210,201,1,412,0
Precinct,20 - Noble Street Baptist Church,168,471,0,639,0
Precinct,21 - John F. Kennedy Community Center,12,339,0,351,0
Precinct,22 - St. Mark Deliverance Center,332,302,1,635,0
Precinct,23 - Westhaven Baptist Church,477,241,0,718,0
Precinct,24 - The Senior Station,223,300,2,525,0
Precinct,25 - Waterview Elementary School,423,410,1,834,0
Precinct,26 - William E. Waters Middle School,24,596,0,620,0
Precinct,27 - Cavalier Manor Recreation Center,35,528,2,565,0
Precinct,28 - Lakeview Elementary School,39,811,1,851,0
Precinct,29 - Manor High School,408,161,1,570,0
Precinct,30 - The Rescue Church,529,191,0,720,0
Precinct,31 - West Park Church Of Christ,460,500,1,961,0
Precinct,32 - Hodges Manor Elementary School,441,240,1,682,0
Precinct,33- Pinecrest Baptist Church,498,178,2,678,0
Precinct,34- Churchland Branch Library,495,316,3,814,0
Precinct,35 - Churchland Elementary School,568,381,1,950,0
Precinct,36 - Churchland High School,754,698,3,1455,0
Precinct,37 - Churchland Middle School,441,662,2,1105,0
Precinct,38 - Grove Baptist Church,170,773,0,943,0
Precinct,39 - Churchland Primary And Intermediate School,376,828,2,1206,0
Precinct,Ab - Central Absentee Precinct,464,2904,2,3370,0
Precinct,Provisional,15,67,0,82,0
Locality,Powhatan County,12556,3774,10,16340,0
Precinct,##ev - Central Absentee Precinct,3662,1277,3,4942,0
Precinct,##pe - Central Absentee Precinct,5,8,0,13,0
Precinct,101 - Subletts,876,220,0,1096,0
Precinct,102 - Manakin,677,208,2,887,0
Precinct,103 - Flat Rock,565,130,0,695,0
Precinct,201 - Powhatan Station,833,139,1,973,0
Precinct,202 - Graceland,1087,218,0,1305,0
Precinct,301 - Bethesda,693,179,1,873,0
Precinct,302 - Lee's Landing,778,199,0,977,0
Precinct,401 - Powhatan Courthouse,1115,175,1,1291,0
Precinct,402 - Mt Zion,509,96,0,605,0
Precinct,501 - Smith Cross Roads,595,226,2,823,0
Precinct,502 - Pineville,430,178,0,608,0
Precinct,503 - Tobaccoville,441,73,0,514,0
Precinct,AB - Central Absentee Precinct,288,444,0,732,0
Precinct,Provisional,2,4,0,6,0
Locality,Prince Edward County,3855,3213,9,7077,0
Precinct,##ev - Central Absentee Precinct,740,699,3,1442,0
Precinct,##pe - Central Absentee Precinct,4,8,0,12,0
Precinct,101 - Farmville,302,272,2,576,0
Precinct,201 - Lockett,520,284,2,806,0
Precinct,301 - Leigh,312,200,0,512,0
Precinct,302 - Mt Pleasant,165,142,1,308,0
Precinct,401 - Hampden,368,222,0,590,0
Precinct,501 - Darlington Hts,339,131,0,470,0
Precinct,502 - Buffalo Hts,153,75,0,228,0
Precinct,601 - Prospect,440,340,0,780,0
Precinct,701 - West End,256,241,0,497,0
Precinct,801 - Center,74,157,0,231,0
Precinct,Ab - Central Absentee Precinct,180,434,1,615,0
Precinct,Provisional,2,8,0,10,0
Locality,Prince George County,8526,4646,5,13177,0
Precinct,##ev - Central Absentee Precinct (CD 4),2508,1503,3,4014,0
Precinct,##pe - Central Absentee Precinct (CD 4),22,21,0,43,0
Precinct,101 - Richard Bland (CD 4),438,171,0,609,0
Precinct,102 - Templeton (CD 4),1375,290,0,1665,0
Precinct,103 - Union Branch (CD 4),657,336,2,995,0
Precinct,104 - Rives (CD 4),318,271,0,589,0
Precinct,105 - Harrison (CD 4),354,55,0,409,0
Precinct,201 - Bland (CD 4),772,303,0,1075,0
Precinct,202 - Black Water (CD 4),705,260,0,965,0
Precinct,203 - Brandon (CD 4),347,108,0,455,0
Precinct,204 - Courts Bldg (CD 4),530,464,0,994,0
Precinct,205 - Jefferson Park (CD 4),267,395,0,662,0
Precinct,Ab - Central Absentee Precinct (CD 4),233,469,0,702,0
Precinct,Provisional (CD 4),0,0,0,0,0
Locality,Prince William County,64148,88374,136,152658,0
Precinct,##ev - Central Absentee Precinct (CD 1),7616,9788,10,17414,0
Precinct,##ev - Central Absentee Precinct (CD 10),6027,5825,6,11858,0
Precinct,##ev - Central Absentee Precinct (CD 11),3580,9787,9,13376,0
Precinct,##pe - Central Absentee Precinct (CD 1),96,262,0,358,0
Precinct,##pe - Central Absentee Precinct (CD 10),42,85,1,128,0
Precinct,##pe - Central Absentee Precinct (CD 11),65,243,0,308,0
Precinct,101 - Brentsville (CD 1),1015,292,1,1308,0
Precinct,102 - Cedar Point (CD 1),887,787,4,1678,0
Precinct,103 - Glenkirk (CD 1),650,562,2,1214,0
Precinct,104 - Nokesville (CD 1),977,464,1,1442,0
Precinct,105 - Limestone (CD 1),889,742,1,1632,0
Precinct,106 - Westgate (CD 1),237,361,0,598,0
Precinct,107 - Marsteller (CD 1),816,811,1,1628,0
Precinct,108 - Victory (CD 1),846,962,1,1809,0
Precinct,109 - Chris Yung (CD 1),698,695,3,1396,0
Precinct,110 - Buckland Mills (CD 10),317,312,1,630,0
Precinct,110 - Buckland Mills (CD 1),185,134,0,319,0
Precinct,111 - Bristow Run (CD 1),380,328,1,709,0
Precinct,112 - Burke-nickens (CD 10),708,621,3,1332,0
Precinct,112 - Burke-nickens (CD 1),58,62,0,120,0
Precinct,114 - Piney Branch (CD 1),620,496,0,1116,0
Precinct,201 - Saunders (CD 11),377,565,2,944,0
Precinct,202 - Marshall (CD 1),747,529,1,1277,0
Precinct,203 - Bennett (CD 1),682,523,1,1206,0
Precinct,204 - Ellis (CD 1),434,411,1,846,0
Precinct,205 - Buckhall (CD 10),714,604,0,1318,0
Precinct,206 - Coles (CD 1),643,386,0,1029,0
Precinct,207 - Spriggs (CD 1),615,746,1,1362,0
Precinct,208 - Hylton (CD 1),626,362,2,990,0
Precinct,209 - Independent Hill (CD 1),647,272,1,920,0
Precinct,210 - Penn (CD 11),34,70,0,104,0
Precinct,210 - Penn (CD 1),625,402,3,1030,0
Precinct,211 - Signal Hill (CD 10),629,542,1,1172,0
Precinct,212 - Yorkshire (CD 10),558,674,2,1234,0
Precinct,213 - Saratoga (CD 1),240,423,2,665,0
Precinct,214 - Lucasville (CD 1),535,274,1,810,0
Precinct,215 - Rosa Parks (CD 11),358,604,0,962,0
Precinct,301 - Dumfries (CD 11),202,395,0,597,0
Precinct,302 - Potomac (CD 11),176,623,1,800,0
Precinct,303 - Graham Park (CD 11),174,353,0,527,0
Precinct,304 - Quantico (CD 1),82,52,0,134,0
Precinct,305 - Pattie (CD 1),522,551,1,1074,0
Precinct,306 - Washington-reid (CD 1),455,531,0,986,0
Precinct,307 - Henderson (CD 1),503,510,2,1015,0
Precinct,308 - Montclair (CD 1),380,369,1,750,0
Precinct,309 - Ashland (CD 1),461,491,0,952,0
Precinct,310 - Forest Park (CD 1),318,524,1,843,0
Precinct,311 - Swans Creek (CD 11),564,1354,1,1919,0
Precinct,312 - Triangle (CD 1),55,148,0,203,0
Precinct,312 - Triangle (CD 11),300,492,0,792,0
Precinct,313 - Cardinal (CD 1),311,549,1,861,0
Precinct,314 - Cabin Branch (CD 1),380,467,0,847,0
Precinct,315 - Williams (CD 11),90,387,0,477,0
Precinct,401 - Evergreen (CD 10),801,371,1,1173,0
Precinct,402 - Battlefield (CD 10),781,355,0,1136,0
Precinct,403 - Bull Run (CD 10),503,414,0,917,0
Precinct,404 - Ben Lomond (CD 1),305,485,1,791,0
Precinct,405 - Unity Braxton (CD 1),417,606,1,1024,0
Precinct,406 - Alvey (CD 10),220,114,0,334,0
Precinct,407 - Heritage Hunt (CD 10),692,394,1,1087,0
Precinct,408 - Sudley (CD 1),373,379,0,752,0
Precinct,409 - Tyler (CD 10),589,602,0,1191,0
Precinct,410 - Mountain View (CD 10),625,396,0,1021,0
Precinct,411 - Mullen (CD 1),320,630,1,951,0
Precinct,412 - Catharpin (CD 10),566,237,1,804,0
Precinct,413 - Reagan (CD 10),843,542,0,1385,0
Precinct,501 - Lake Ridge (CD 1),452,586,0,1038,0
Precinct,502 - Occoquan (CD 11),286,404,3,693,0
Precinct,503 - Old Bridge (CD 11),283,514,0,797,0
Precinct,504 - Rockledge (CD 11),319,432,1,752,0
Precinct,505 - Mohican (CD 1),509,647,0,1156,0
Precinct,506 - Bethel (CD 11),471,593,2,1066,0
Precinct,507 - Chinn (CD 11),378,546,1,925,0
Precinct,508 - Springwoods (CD 1),263,486,1,750,0
Precinct,509 - Mc Coart (CD 1),705,508,1,1214,0
Precinct,510 - Yates Ford (CD 10),574,361,2,937,0
Precinct,511 - Westridge (CD 1),568,689,0,1257,0
Precinct,512 - York (CD 11),227,656,1,884,0
Precinct,513 - Lynnwood (CD 11),469,512,1,982,0
Precinct,514 - Antietam (CD 11),500,731,2,1233,0
Precinct,601 - Dale (CD 11),213,527,4,744,0
Precinct,602 - Beville (CD 11),381,898,3,1282,0
Precinct,603 - Hampton (CD 11),159,499,0,658,0
Precinct,604 - Gideon (CD 11),237,489,1,727,0
Precinct,605 - Minnieville (CD 11),325,407,5,737,0
Precinct,606 - Bel Air (CD 11),337,421,3,761,0
Precinct,607 - Kerrydale (CD 11),352,682,0,1034,0
Precinct,608 - Enterprise (CD 11),313,539,1,853,0
Precinct,609 - King (CD 1),8,38,0,46,0
Precinct,609 - King (CD 11),446,721,2,1169,0
Precinct,610 - Fitzgerald (CD 11),343,716,2,1061,0
Precinct,611 - Neabsco (CD 11),252,471,2,725,0
Precinct,701 - Belmont (CD 11),448,531,0,979,0
Precinct,702 - Library (CD 11),255,651,1,907,0
Precinct,703 - Lynn (CD 11),124,317,0,441,0
Precinct,704 - Porter (CD 11),192,593,1,786,0
Precinct,705 - Potomac View (CD 11),270,309,1,580,0
Precinct,706 - Rippon (CD 11),378,591,0,969,0
Precinct,707 - Kilby (CD 11),293,442,1,736,0
Precinct,708 - River Oaks (CD 11),235,732,1,968,0
Precinct,709 - Freedom (CD 11),214,709,4,927,0
Precinct,710 - Powells Creek (CD 11),169,661,1,831,0
Precinct,711 - Grayson (CD 11),248,576,1,825,0
Precinct,712 - Leesylvania (CD 11),408,609,1,1018,0
Precinct,Ab - Central Absentee Precinct (CD 1),1918,5201,1,7120,0
Precinct,Ab - Central Absentee Precinct (CD 10),1014,2338,2,3354,0
Precinct,Ab - Central Absentee Precinct (CD 11),1332,5438,6,6776,0
Precinct,Provisional (CD 1),51,116,0,167,0
Precinct,Provisional (CD 10),17,29,0,46,0
Precinct,Provisional (CD 11),31,131,0,162,0
Locality,Pulaski County,9555,3393,8,12956,0
Precinct,##ev - Central Absentee Precinct,2137,1033,2,3172,0
Precinct,##pe - Central Absentee Precinct,5,11,1,17,0
Precinct,101 - Belspring,373,98,0,471,0
Precinct,102 - New River,816,342,2,1160,0
Precinct,103 - West Cloyd,497,112,0,609,0
Precinct,201 - Draper,636,114,0,750,0
Precinct,202 - South Pulaski,93,28,0,121,0
Precinct,203 - Newbern,841,224,0,1065,0
Precinct,301 - Dublin,788,154,0,942,0
Precinct,302 - Hiwassee,215,42,0,257,0
Precinct,304 - Snowville,554,97,1,652,0
Precinct,401 - Massie,905,173,1,1079,0
Precinct,402 - Walker,417,62,0,479,0
Precinct,501 - Robinson,909,239,0,1148,0
Precinct,Ab - Central Absentee Precinct,365,656,1,1022,0
Precinct,Provisional,4,8,0,12,0
Locality,Radford City,2226,1931,5,4162,0
Precinct,##ev - Central Absentee Precinct,615,676,0,1291,0
Precinct,##pe - Central Absentee Precinct,1,0,0,1,0
Precinct,1 - East Precinct,261,231,2,494,0
Precinct,2 - Central Precinct,469,320,0,789,0
Precinct,3 - West Precinct,598,306,2,906,0
Precinct,4 - New River Precinct,204,166,0,370,0
Precinct,Ab - Central Absentee Precinct,78,227,1,306,0
Precinct,Provisional,0,5,0,5,0
Locality,Rappahannock County,2456,1725,5,4186,0
Precinct,##ev - Central Absentee Precinct,353,440,0,793,0
Precinct,##pe - Central Absentee Precinct,1,8,0,9,0
Precinct,101 - Washington,371,204,0,575,0
Precinct,201 - Amissville,492,156,2,650,0
Precinct,301 - Sperryville,333,223,0,556,0
Precinct,401 - Scrabble,373,173,1,547,0
Precinct,501 - Chester Gap,251,48,0,299,0
Precinct,502 - Flint Hill,195,133,0,328,0
Precinct,Ab - Central Absentee Precinct,87,334,2,423,0
Precinct,Provisional,0,6,0,6,0
Locality,Richmond City,15723,63724,159,79606,0
Precinct,##ev - Central Absentee Precinct (CD 4),3419,16929,38,20386,0
Precinct,##pe - Central Absentee Precinct (CD 4),57,528,2,587,0
Precinct,101 - One Hundred One (CD 4),161,237,0,398,0
Precinct,102 - One Hundred Two (CD 4),328,316,0,644,0
Precinct,104 - One Hundred Four (CD 4),574,497,1,1072,0
Precinct,105 - One Hundred Five (CD 4),392,599,1,992,0
Precinct,106 - One Hundred Six (CD 4),674,340,1,1015,0
Precinct,111 - One Hundred Eleven (CD 4),371,520,2,893,0
Precinct,112 - One Hundred Twelve (CD 4),251,477,1,729,0
Precinct,113 - One Hundred Thirteen (CD 4),234,927,7,1168,0
Precinct,114 - One Hundred Fourteen (CD 4),290,1011,1,1302,0
Precinct,115 - One Hundred Fifteen (CD 4),372,424,0,796,0
Precinct,203 - Two Hundred Three (CD 4),174,384,2,560,0
Precinct,204 - Two Hundred Four (CD 4),230,859,5,1094,0
Precinct,206 - Two Hundred Six (CD 4),51,360,2,413,0
Precinct,207 - Two Hundred Seven (CD 4),249,934,1,1184,0
Precinct,208 - Two Hundred Eight (CD 4),234,808,3,1045,0
Precinct,213 - Two Hundred Thirteen (CD 4),79,961,4,1044,0
Precinct,214 - Two Hundred Fourteen (CD 4),56,404,2,462,0
Precinct,215 - Two Hundred Fifteen (CD 4),230,580,1,811,0
Precinct,301 - Three Hundred One (CD 4),31,320,0,351,0
Precinct,302 - Three Hundred Two (CD 4),107,357,0,464,0
Precinct,303 - Three Hundred Three (CD 4),42,431,1,474,0
Precinct,304 - Three Hundred Four (CD 4),44,628,3,675,0
Precinct,305 - Three Hundred Five (CD 4),85,599,0,684,0
Precinct,306 - Three Hundred Six (CD 4),40,384,2,426,0
Precinct,307 - Three Hundred Seven (CD 4),177,433,1,611,0
Precinct,308 - Three Hundred Eight (CD 4),187,525,0,712,0
Precinct,309 - Three Hundred Nine (CD 4),155,312,0,467,0
Precinct,310 - Three Hundred Ten (CD 4),8,129,0,137,0
Precinct,402 - Four Hundred Two (CD 4),402,1153,4,1559,0
Precinct,404 - Four Hundred Four (CD 4),259,829,1,1089,0
Precinct,409 - Four Hundred Nine (CD 4),452,544,0,996,0
Precinct,410 - Four Hundred Ten (CD 4),285,614,1,900,0
Precinct,412 - Four Hundred Twelve (CD 4),175,673,1,849,0
Precinct,413 - Four Hundred Thirteen (CD 4),298,601,3,902,0
Precinct,414 - Four Hundred Fourteen (CD 4),448,633,3,1084,0
Precinct,415 - Four Hundred Fifteen (CD 4),346,480,0,826,0
Precinct,501 - Five Hundred One (CD 4),189,996,4,1189,0
Precinct,503 - Five Hundred Three (CD 4),130,958,4,1092,0
Precinct,504 - Five Hundred Four (CD 4),168,1112,1,1281,0
Precinct,505 - Five Hundred Five (CD 4),82,507,3,592,0
Precinct,508 - Five Hundred Eight (CD 4),106,545,1,652,0
Precinct,509 - Five Hundred Nine (CD 4),52,519,1,572,0
Precinct,510 - Five Hundred Ten (CD 4),91,745,3,839,0
Precinct,602 - Six Hundred Two (CD 4),20,304,3,327,0
Precinct,603 - Six Hundred Three (CD 4),56,631,0,687,0
Precinct,604 - Six Hundred Four (CD 4),44,462,3,509,0
Precinct,606 - Six Hundred Six (CD 4),49,663,1,713,0
Precinct,607 - Six Hundred Seven (CD 4),143,650,3,796,0
Precinct,609 - Six Hundred Nine (CD 4),194,1059,2,1255,0
Precinct,610 - Six Hundred Ten (CD 4),25,358,1,384,0
Precinct,701 - Seven Hundred One (CD 4),30,375,1,406,0
Precinct,702 - Seven Hundred Two (CD 4),56,535,1,592,0
Precinct,703 - Seven Hundred Three (CD 4),80,729,2,811,0
Precinct,705 - Seven Hundred Five (CD 4),100,682,3,785,0
Precinct,706 - Seven Hundred Six (CD 4),100,961,3,1064,0
Precinct,707 - Seven Hundred Seven (CD 4),226,1233,3,1462,0
Precinct,708 - Seven Hundred Eight (CD 4),192,965,1,1158,0
Precinct,802 - Eight Hundred Two (CD 4),30,432,0,462,0
Precinct,806 - Eight Hundred Six (CD 4),62,400,1,463,0
Precinct,810 - Eight Hundred Ten (CD 4),73,359,0,432,0
Precinct,811 - Eight Hundred Eleven (CD 4),75,458,0,533,0
Precinct,812 - Eight Hundred Twelve (CD 4),131,733,3,867,0
Precinct,814 - Eight Hundred Fourteen (CD 4),32,325,1,358,0
Precinct,902 - Nine Hundred Two (CD 4),23,178,1,202,0
Precinct,903 - Nine Hundred Three (CD 4),92,464,1,557,0
Precinct,908 - Nine Hundred Eight (CD 4),67,498,1,566,0
Precinct,909 - Nine Hundred Nine (CD 4),93,593,0,686,0
Precinct,910 - Nine Hundred Ten (CD 4),90,479,2,571,0
Precinct,911 - Nine Hundred Eleven (CD 4),35,535,0,570,0
Precinct,AB - Central Absentee Precinct (CD 4),798,5373,10,6181,0
Precinct,Provisional (CD 4),22,168,1,191,0
Locality,Richmond County,2201,977,0,3178,0
Precinct,##ev - Central Absentee Precinct,0,0,0,0,0
Precinct,##pe - Central Absentee Precinct,0,0,0,0,0
Precinct,101 - Precinct 1-1,174,132,0,306,0
Precinct,201 - Precinct 2-1,305,73,0,378,0
Precinct,301 - Precinct 3-1,235,79,0,314,0
Precinct,401 - Precinct 4-1,388,102,0,490,0
Precinct,501 - Precinct 5-1,380,81,0,461,0
Precinct,Ab - Central Absentee Precinct,719,510,0,1229,0
Precinct,Provisional,0,0,0,0,0
Locality,Roanoke City,11814,17078,31,28923,0
Precinct,##ev - Central Absentee Precinct,2640,5395,3,8038,0
Precinct,##pe - Central Absentee Precinct,17,87,0,104,0
Precinct,1 -Peters Creek,195,452,0,647,0
Precinct,2 - Grandview,364,435,1,800,0
Precinct,3 -Preston Park,545,343,1,889,0
Precinct,4 - Williamson Road,383,380,3,766,0
Precinct,5 - East Gate,614,292,1,907,0
Precinct,6 - Hollins Road,421,243,2,666,0
Precinct,7 - Southeast,393,227,1,621,0
Precinct,8 - Lincoln Terrace,46,344,1,391,0
Precinct,9 - Highland,231,474,3,708,0
Precinct,10 - Old Southwest-Wasena,431,680,0,1111,0
Precinct,11 - Raleigh Court,574,821,2,1397,0
Precinct,12 - South Roanoke,623,458,0,1081,0
Precinct,13 - Garden City,659,305,1,965,0
Precinct,14 - Crystal Spring,573,510,3,1086,0
Precinct,15 - Grandin Court,548,587,4,1139,0
Precinct,16 - Deyerle,715,480,1,1196,0
Precinct,17 - Lee-Hi,601,689,0,1290,0
Precinct,18 - Summit Hills,438,464,2,904,0
Precinct,19 - Forest Park,114,411,0,525,0
Precinct,20 - Eureka Park,87,567,0,654,0
Precinct,AB - Central Absentee Precinct,595,2395,2,2992,0
Precinct,Provisional,7,39,0,46,0
Locality,Roanoke County,27968,14670,33,42671,0
Precinct,##ev - Central Absentee Precinct (CD 6),6064,3785,5,9854,0
Precinct,##ev - Central Absentee Precinct (CD 9),1215,763,0,1978,0
Precinct,##pe - Central Absentee Precinct (CD 6),28,79,0,107,0
Precinct,##pe - Central Absentee Precinct (CD 9),15,18,0,33,0
Precinct,101 - Catawba (CD 9),381,85,0,466,0
Precinct,102 - Mason Valley (CD 9),345,77,0,422,0
Precinct,103 - Glenvar (CD 9),964,299,0,1263,0
Precinct,104 - Northside (CD 9),426,233,7,666,0
Precinct,105 - Peters Creek (CD 9),923,427,1,1351,0
Precinct,106 - Green Hill (CD 9),882,244,1,1127,0
Precinct,107 - Bennett Springs (CD 9),438,109,1,548,0
Precinct,108 - Wildwood (CD 9),574,178,0,752,0
Precinct,201 - Plantation (CD 6),601,255,0,856,0
Precinct,202 - Burlington (CD 6),386,236,2,624,0
Precinct,203 - Mountain View (CD 6),1013,378,0,1391,0
Precinct,204 - Botetourt Springs (CD 9),753,349,1,1103,0
Precinct,205 - Orchards (CD 6),1025,293,2,1320,0
Precinct,206 - Hollins (CD 6),315,147,0,462,0
Precinct,301 - Bent Mountain (CD 9),273,125,1,399,0
Precinct,302 - Poages Mill (CD 6),933,351,0,1284,0
Precinct,303 - Windsor Hills (CD 6),385,251,0,636,0
Precinct,304 - Oak Grove (CD 6),807,411,1,1219,0
Precinct,305 - Castle Rock (CD 6),825,462,3,1290,0
Precinct,306 - Garst Mill (CD 6),344,197,1,542,0
Precinct,401 - South Lindenwood (CD 6),481,137,0,618,0
Precinct,402 - Bonsack (CD 6),225,82,0,307,0
Precinct,403 - North Vinton (CD 6),588,200,0,788,0
Precinct,404 - South Vinton (CD 6),610,234,1,845,0
Precinct,405 - North Lindenwood (CD 6),606,142,0,748,0
Precinct,406 - Mount Pleasant (CD 6),941,251,0,1192,0
Precinct,501 - Cotton Hill (CD 6),543,243,0,786,0
Precinct,502 - Penn Forest (CD 6),428,203,0,631,0
Precinct,503 - Cave Spring (CD 6),521,285,0,806,0
Precinct,504 - Ogden (CD 6),384,284,2,670,0
Precinct,505 - Clearbrook (CD 6),529,154,0,683,0
Precinct,506 - Mount Vernon (CD 6),355,214,0,569,0
Precinct,507 - Hunting Hills (CD 6),728,369,2,1099,0
Precinct,Ab - Central Absentee Precinct (CD 6),733,1539,0,2272,0
Precinct,Ab - Central Absentee Precinct (CD 9),359,558,2,919,0
Precinct,Provisional (CD 6),12,15,0,27,0
Precinct,Provisional (CD 9),10,8,0,18,0
Locality,Rockbridge County,6810,3172,4,9986,0
Precinct,##ev - Central Absentee Precinct,1135,1098,0,2233,0
Precinct,##pe - Central Absentee Precinct,7,13,0,20,0
Precinct,101 - Airport,383,178,1,562,0
Precinct,102 - Ben Salem,345,91,0,436,0
Precinct,103 - Plank Road,239,52,0,291,0
Precinct,104 - Effinger,220,52,1,273,0
Precinct,201 - Collierstown,269,98,0,367,0
Precinct,202 - Highland Belle,601,220,0,821,0
Precinct,203 - Vo-tech,133,68,0,201,0
Precinct,301 - Maury River,291,103,0,394,0
Precinct,302 - Natural Bridge,390,83,1,474,0
Precinct,303 - Falling Spring,187,35,0,222,0
Precinct,401 - Fairfield,415,125,0,540,0
Precinct,402 - Mountain View,589,113,0,702,0
Precinct,403 - Vesuvius,232,31,0,263,0
Precinct,501 - Goshen,253,31,0,284,0
Precinct,502 - Meadowview,282,137,0,419,0
Precinct,503 - Rockbridge Baths,248,96,0,344,0
Precinct,504 - Rockbridge,418,135,1,554,0
Precinct,Ab - Central Absentee Precinct,171,410,0,581,0
Precinct,Provisional,2,3,0,5,0
Locality,Rockingham County,26287,8971,29,35287,0
Precinct,##ev - Central Absentee Precinct,4689,2402,5,7096,0
Precinct,##pe - Central Absentee Precinct,52,62,0,114,0
Precinct,101 - Broadway,1031,318,1,1350,0
Precinct,102 - Timberville,612,135,1,748,0
Precinct,103 - Fulks Run,718,68,0,786,0
Precinct,104 - Bergton,266,33,1,300,0
Precinct,105 - Lacey Spring,505,74,1,580,0
Precinct,106 - Tenth Legion,482,96,1,579,0
Precinct,107 - Plains,536,93,0,629,0
Precinct,108 - Little North Mountain,381,74,0,455,0
Precinct,201 - Singers Glen,748,135,1,884,0
Precinct,202 - Edom,970,301,0,1271,0
Precinct,203 - Dayton,476,161,1,638,0
Precinct,204 - Mt Clinton,756,199,1,956,0
Precinct,205 - Silver Lake,725,240,1,966,0
Precinct,301 - Keezletown,485,155,0,640,0
Precinct,302 - Port Republic,779,167,0,946,0
Precinct,303 - Melrose,412,90,0,502,0
Precinct,304 - Grottoes,799,162,1,962,0
Precinct,305 - Massanetta Springs,697,441,2,1140,0
Precinct,306 - Cross Keys,287,81,0,368,0
Precinct,307 - Crossroads,767,394,2,1163,0
Precinct,401 - West Bridgewater,529,203,4,736,0
Precinct,402 - Montezuma,777,131,0,908,0
Precinct,403 - Mt Crawford,125,48,0,173,0
Precinct,404 - North River,705,195,0,900,0
Precinct,405 - Ottobine,1037,126,1,1164,0
Precinct,406 - East Bridgewater,605,279,2,886,0
Precinct,501 - Elkton,814,185,0,999,0
Precinct,502 - Swift Run,1370,157,1,1528,0
Precinct,503 - Mcgaheysville,1067,243,1,1311,0
Precinct,504 - South Fork,620,68,0,688,0
Precinct,505 - Stony Run,672,279,0,951,0
Precinct,Ab - Central Absentee Precinct,783,1171,1,1955,0
Precinct,Provisional,10,5,0,15,0
Locality,Russell County,8118,1491,7,9616,0
Precinct,##ev - Central Absentee Precinct,1426,399,1,1826,0
Precinct,##pe - Central Absentee Precinct,6,8,0,14,0
Precinct,101 - Moccasin,521,52,0,573,0
Precinct,102 - Copper Creek,414,57,1,472,0
Precinct,103 - South Castlewood,302,41,0,343,0
Precinct,201 - North Castlewood,784,108,0,892,0
Precinct,202 - Dante,162,24,0,186,0
Precinct,301 - Cooks Mill,162,21,0,183,0
Precinct,302 - Daugherty,213,35,0,248,0
Precinct,303 - New Garden,457,52,0,509,0
Precinct,304 - Cleveland,245,53,0,298,0
Precinct,401 - Drill,59,12,0,71,0
Precinct,402 - Swords Creek,764,53,2,819,0
Precinct,403 - Honaker,277,48,1,326,0
Precinct,501 - West Lebanon,873,151,1,1025,0
Precinct,601 - East Lebanon,507,71,0,578,0
Precinct,602 - Elk Garden,806,79,0,885,0
Precinct,Ab - Central Absentee Precinct,137,225,1,363,0
Precinct,Provisional,3,2,0,5,0
Locality,Salem City,6100,3395,11,9506,0
Precinct,##ev - Central Absentee Precinct,2101,1404,1,3506,0
Precinct,##pe - Central Absentee Precinct,5,11,0,16,0
Precinct,1 - North Salem No 2,380,169,0,549,0
Precinct,2 - Conehurst,259,102,0,361,0
Precinct,3 - Beverly Heights,279,78,0,357,0
Precinct,4 - West Salem,378,141,1,520,0
Precinct,5 - North Salem No 1,503,265,3,771,0
Precinct,6 - South Salem No 1,284,132,1,417,0
Precinct,7 - South Salem No 2,403,139,0,542,0
Precinct,8 - East Salem,168,80,0,248,0
Precinct,9 - South Side Hills,528,176,1,705,0
Precinct,10 - Hidden Valley,591,217,1,809,0
Precinct,Ab - Central Absentee Precinct,221,481,3,705,0
Precinct,Provisional,0,0,0,0,0
Locality,Scott County,6986,1072,7,8065,0
Precinct,##ev - Central Absentee Precinct,1404,272,0,1676,0
Precinct,##pe - Central Absentee Precinct,6,3,0,9,0
Precinct,101 - Weber City,379,53,1,433,0
Precinct,102 - Yuma,512,76,2,590,0
Precinct,202 - Weber City East,258,34,1,293,0
Precinct,203 - Hiltons,508,59,0,567,0
Precinct,204 - Clark's,158,9,0,167,0
Precinct,301 - Nickelsville,398,34,0,432,0
Precinct,302 - Snowflake,312,38,0,350,0
Precinct,303 - Twin Springs,227,44,0,271,0
Precinct,304 - Copper Creek,91,9,0,100,0
Precinct,401 - Gate City,750,121,0,871,0
Precinct,501 - Dungannon,193,34,1,228,0
Precinct,502 - Fort Blackmore,226,32,0,258,0
Precinct,503 - Manville,145,7,0,152,0
Precinct,504 - Rye Cove,354,30,0,384,0
Precinct,601 - Clinchport,205,17,1,223,0
Precinct,602 - Duffield-pattonsville,552,54,1,607,0
Precinct,603 - Fairview,132,23,0,155,0
Precinct,Ab - Central Absentee Precinct,175,122,0,297,0
Precinct,Provisional,1,1,0,2,0
Locality,Shenandoah County,13475,4750,11,18236,0
Precinct,##ev - Central Absentee Precinct,2873,1574,3,4450,0
Precinct,##pe - Central Absentee Precinct,14,16,0,30,0
Precinct,101 - Orkney Springs,485,189,0,674,0
Precinct,103 - New Market,1277,326,0,1603,0
Precinct,201 - Conicville,1025,178,0,1203,0
Precinct,202 - Mt Jackson,762,180,0,942,0
Precinct,302 - Edinburg,777,178,0,955,0
Precinct,303 - St Luke,875,143,1,1019,0
Precinct,304 - Fort Valley,486,107,1,594,0
Precinct,401 - Woodstock,1091,346,2,1439,0
Precinct,501 - Cedar Creek,84,31,0,115,0
Precinct,503 - Toms Brook,1039,219,0,1258,0
Precinct,504 - Lebanon Church,891,195,0,1086,0
Precinct,601 - Strasburg,1432,458,2,1892,0
Precinct,Ab - Central Absentee Precinct,354,604,2,960,0
Precinct,Provisional,10,6,0,16,0
Locality,Smyth County,8416,1796,4,10216,0
Precinct,##ev - Central Absentee Precinct,678,262,0,940,0
Precinct,##pe - Central Absentee Precinct,16,16,1,33,0
Precinct,101 - Saltville,957,161,0,1118,0
Precinct,201 - Seven Mile Ford,735,73,1,809,0
Precinct,202 - Rich Valley,308,54,0,362,0
Precinct,301 - Chilhowie,902,149,0,1051,0
Precinct,302 - St Clair,316,44,0,360,0
Precinct,401 - East Park,539,133,0,672,0
Precinct,402 - West Park,291,76,0,367,0
Precinct,501 - Atkins,762,78,1,841,0
Precinct,502 - Wassona,389,130,1,520,0
Precinct,601 - Royal Oak East,574,120,0,694,0
Precinct,602 - Royal Oak West,359,73,0,432,0
Precinct,701 - Adwolfe,802,65,0,867,0
Precinct,702 - Sugar Grove,425,94,0,519,0
Precinct,703 - Konnarock,82,11,0,93,0
Precinct,Ab - Central Absentee Precinct,279,257,0,536,0
Precinct,Provisional,2,0,0,2,0
Locality,Southampton County,5013,2785,6,7804,0
Precinct,##ev - Central Absentee Precinct,969,712,2,1683,0
Precinct,##pe - Central Absentee Precinct,4,2,0,6,0
Precinct,101 - Berlin,458,76,1,535,0
Precinct,102 - Ivor,425,198,1,624,0
Precinct,201 - Boykins,304,250,0,554,0
Precinct,202 - Branchville,146,71,0,217,0
Precinct,301 - Capron,251,148,0,399,0
Precinct,302 - Sebrell,313,116,1,430,0
Precinct,401 - Drewryville,217,149,0,366,0
Precinct,501 - Hunterdale,509,146,1,656,0
Precinct,502 - Forks-of-the-river,199,108,0,307,0
Precinct,601 - Courtland,349,202,0,551,0
Precinct,602 - Sedley,280,36,0,316,0
Precinct,701 - Blackwater River,124,157,0,281,0
Precinct,702 - Newsoms,354,146,0,500,0
Precinct,Ab - Central Absentee Precinct,110,262,0,372,0
Precinct,Provisional,1,6,0,7,0
Locality,Spotsylvania County,32231,21807,33,54071,0
Precinct,##ev - Central Absentee Precinct (CD 1),2273,2068,1,4342,0
Precinct,##ev - Central Absentee Precinct (CD 7),6337,4441,6,10784,0
Precinct,##pe - Central Absentee Precinct (CD 1),20,45,0,65,0
Precinct,##pe - Central Absentee Precinct (CD 7),61,141,0,202,0
Precinct,101 - Partlow (CD 7),1045,224,0,1269,0
Precinct,102 - Blaydes Corner (CD 7),994,249,2,1245,0
Precinct,103 - Travelers Rest (CD 7),1107,517,1,1625,0
Precinct,103 - Travelers Rest (CD 1),1,3,0,4,0
Precinct,104 - Massaponax (CD 1),808,448,1,1257,0
Precinct,201 - Wilderness School (CD 7),805,437,3,1245,0
Precinct,202 - Wilderness Fire (CD 7),996,356,0,1352,0
Precinct,203 - Ni River Elys Ford (CD 7),865,357,1,1223,0
Precinct,204 - Chancellor (CD 7),865,564,0,1429,0
Precinct,301 - Plank Road (CD 7),825,494,0,1319,0
Precinct,302 - Hazel Run (CD 7),702,531,1,1234,0
Precinct,303 - Riverbend (CD 7),1250,629,1,1880,0
Precinct,401 - Summit (CD 1),916,688,0,1604,0
Precinct,402 - Parkside (CD 1),583,542,1,1126,0
Precinct,402 - Parkside (CD 7),203,195,1,399,0
Precinct,403 - Lee Hill (CD 1),799,670,0,1469,0
Precinct,501 - Belmont (CD 7),906,212,3,1121,0
Precinct,502 - Brokenburg (CD 7),830,226,1,1057,0
Precinct,503 - Post Oak (CD 7),905,191,0,1096,0
Precinct,504 - Courthouse (CD 7),849,395,0,1244,0
Precinct,505 - Brock (CD 7),1184,415,0,1599,0
Precinct,601 - Salem (CD 7),864,541,4,1409,0
Precinct,602 - Smith Station (CD 7),968,815,2,1785,0
Precinct,603 - Piedmont (CD 7),526,322,0,848,0
Precinct,701 - Battlefield (CD 1),569,458,2,1029,0
Precinct,702 - Brents Mill (CD 1),356,285,1,642,0
Precinct,702 - Brents Mill (CD 7),395,322,0,717,0
Precinct,703 - Fairview (CD 7),271,218,0,489,0
Precinct,703 - Fairview (CD 1),92,90,0,182,0
Precinct,704 - Gayle (CD 7),712,508,0,1220,0
Precinct,704 - Gayle (CD 1),224,133,0,357,0
Precinct,Ab - Central Absentee Precinct (CD 1),246,893,1,1140,0
Precinct,Ab - Central Absentee Precinct (CD 7),843,2118,0,2961,0
Precinct,Provisional (CD 1),4,20,0,24,0
Precinct,Provisional (CD 7),32,46,0,78,0
Locality,Stafford County,31397,25863,49,57309,0
Precinct,##ev - Central Absentee Precinct,6292,6404,8,12704,0
Precinct,##pe - Central Absentee Precinct,90,165,1,256,0
Precinct,101 - Hartwood,1969,705,0,2674,0
Precinct,102 - Rocky Run,811,640,1,1452,0
Precinct,103 - Simpson,903,541,0,1444,0
Precinct,104 - College,1285,781,1,2067,0
Precinct,201 - Rock Hill,791,469,1,1261,0
Precinct,202 - Roseville,923,683,2,1608,0
Precinct,203 - Ruby,1018,295,1,1314,0
Precinct,204 - Stefaniga,1141,597,3,1741,0
Precinct,301 - Griffis,381,581,1,963,0
Precinct,302 - Widewater,810,710,2,1522,0
Precinct,303 - Harbour,609,398,0,1007,0
Precinct,304 - Barrett,340,307,1,648,0
Precinct,401 - Aquia,155,337,1,493,0
Precinct,402 - Courthouse,694,905,0,1599,0
Precinct,403 - Brooke,1233,638,0,1871,0
Precinct,404 - Government Island,697,485,1,1183,0
Precinct,501 - Grafton,1337,673,1,2011,0
Precinct,502 - Falmouth,854,630,0,1484,0
Precinct,503 - Drew,847,624,4,1475,0
Precinct,504 - Gayle,503,588,1,1092,0
Precinct,601 - Ferry Farm,901,479,4,1384,0
Precinct,602 - Chatham,967,643,1,1611,0
Precinct,603 - White Oak,1509,557,2,2068,0
Precinct,604 - England Run,346,507,1,854,0
Precinct,701 - Woodlands,1083,986,2,2071,0
Precinct,702 - Whitson,556,628,0,1184,0
Precinct,703 - Hampton,1043,800,2,1845,0
Precinct,Ab - Central Absentee Precinct,1287,3049,7,4343,0
Precinct,Provisional,22,58,0,80,0
Locality,Staunton City,4528,5163,14,9705,0
Precinct,##ev - Central Absentee Precinct,1203,2002,5,3210,0
Precinct,##pe - Central Absentee Precinct,14,26,0,40,0
Precinct,101 - Ward No 1,652,480,3,1135,0
Precinct,201 - Ward No 2,815,439,0,1254,0
Precinct,301 - Ward No 3,649,508,2,1159,0
Precinct,401 - Ward No 4,500,460,0,960,0
Precinct,501 - Ward No 5,411,519,1,931,0
Precinct,Ab - Central Absentee Precinct,281,719,3,1003,0
Precinct,Provisional,3,10,0,13,0
Locality,Suffolk City,17184,19310,30,36524,0
Precinct,##ev - Central Absentee Precinct (CD 3),2018,3615,1,5634,0
Precinct,##ev - Central Absentee Precinct (CD 4),1609,1960,1,3570,0
Precinct,##pe - Central Absentee Precinct (CD 3),49,102,0,151,0
Precinct,##pe - Central Absentee Precinct (CD 4),15,43,0,58,0
Precinct,101 - Belleharbour (CD 3),282,509,5,796,0
Precinct,102 - Driver (CD 3),1483,582,3,2068,0
Precinct,104 - Bennetts Creek (CD 3),744,613,1,1358,0
Precinct,201 - Ebenezer (CD 3),852,302,0,1154,0
Precinct,202 - Chuckatuck (CD 3),692,304,0,996,0
Precinct,203 - Kings Fork (CD 3),463,633,2,1098,0
Precinct,204 - Hillpoint (CD 3),404,538,1,943,0
Precinct,301 - White Marsh (CD 4),101,166,0,267,0
Precinct,302 - John F Kennedy (CD 4),15,371,0,386,0
Precinct,302 - John F Kennedy (CD 3),144,319,0,463,0
Precinct,304 - Nansemond River (CD 3),485,587,1,1073,0
Precinct,305 - Shoulders Hill (CD 3),248,263,1,512,0
Precinct,401 - Airport (CD 4),392,186,0,578,0
Precinct,402 - Whaleyville (CD 4),717,162,1,880,0
Precinct,403 - Southside (CD 4),38,318,1,357,0
Precinct,404 - Booker T Washington (CD 4),33,411,1,445,0
Precinct,404 - Booker T Washington (CD 3),8,131,0,139,0
Precinct,405 - Pittmantown (CD 4),212,108,0,320,0
Precinct,501 - Kilbys Mill (CD 4),833,371,0,1204,0
Precinct,502 - Holland (CD 4),1014,335,0,1349,0
Precinct,504 - Lake Cohoon (CD 4),772,339,0,1111,0
Precinct,504 - Lake Cohoon (CD 3),222,56,1,279,0
Precinct,601 - Lakeside (CD 4),427,381,1,809,0
Precinct,602 - Olde Towne (CD 4),1,1,0,2,0
Precinct,602 - Olde Towne (CD 3),113,126,0,239,0
Precinct,603 - Elephants Fork/westhaven (CD 4),171,151,0,322,0
Precinct,604 - Wilroy (CD 3),421,404,0,825,0
Precinct,605 - Hollywood (CD 3),27,323,0,350,0
Precinct,702 - Harbourview (CD 3),774,736,1,1511,0
Precinct,704 - Burbage Grant (CD 3),502,787,0,1289,0
Precinct,706 - Huntersville (CD 3),236,924,1,1161,0
Precinct,AB - Central Absentee Precinct (CD 3),443,1490,5,1938,0
Precinct,Ab - Central Absentee Precinct (CD 4),203,624,2,829,0
Precinct,Provisional (CD 3),10,31,0,41,0
Precinct,Provisional (CD 4),11,8,0,19,0
Locality,Surry County,1742,1778,5,3525,0
Precinct,##ev - Central Absentee Precinct,410,560,1,971,0
Precinct,##pe - Central Absentee Precinct,1,7,0,8,0
Precinct,101 - Surry,290,131,1,422,0
Precinct,201 - Bacons Castle,237,217,0,454,0
Precinct,301 - Dendron,263,187,0,450,0
Precinct,401 - Carsley,267,224,1,492,0
Precinct,501 - Claremont,189,131,2,322,0
Precinct,502 - Spring Grove,24,92,0,116,0
Precinct,AB - Central Absentee Precinct,61,229,0,290,0
Precinct,Provisional,0,0,0,0,0
Locality,Sussex County,1955,2038,1,3994,0
Precinct,##ev - Central Absentee Precinct,399,445,0,844,0
Precinct,##pe - Central Absentee Precinct,1,2,0,3,0
Precinct,101 - Waverly,102,307,0,409,0
Precinct,201 - Stony Creek,146,203,0,349,0
Precinct,202 - Little Mill,49,51,0,100,0
Precinct,301 - Courthouse,265,67,0,332,0
Precinct,302 - Wakefield,114,21,0,135,0
Precinct,401 - Mars Hill,197,232,1,430,0
Precinct,402 - West Wakefield,4,37,0,41,0
Precinct,501 - Henry,173,198,0,371,0
Precinct,502 - Yale,83,71,0,154,0
Precinct,601 - Blackwater,233,110,0,343,0
Precinct,602 - Newville,109,54,0,163,0
Precinct,AB - Central Absentee Precinct,80,233,0,313,0
Precinct,Provisional,0,7,0,7,0
Locality,Tazewell County,11884,1952,4,13840,0
Precinct,##ev - Central Absentee Precinct,3014,590,0,3604,0
Precinct,##pe - Central Absentee Precinct,12,12,0,24,0
Precinct,101 - Indian Valley,356,27,0,383,0
Precinct,102 - Tip Top,210,21,0,231,0
Precinct,103 - Mundy Town,402,31,1,434,0
Precinct,104 - Falls Mills,281,30,0,311,0
Precinct,106 - Pocahontas,109,17,0,126,0
Precinct,107 - Amonate,35,4,0,39,0
Precinct,109 - Bishop,98,7,0,105,0
Precinct,112 - Bandy,127,10,1,138,0
Precinct,203 - Burkes Garden,82,9,0,91,0
Precinct,204 - Clear Fork,259,22,0,281,0
Precinct,207 - Freestone,100,16,0,116,0
Precinct,209 - Jeffersonville,857,156,1,1014,0
Precinct,214 - Thompson Valley,293,31,0,324,0
Precinct,301 - Cedar Bluff,921,80,0,1001,0
Precinct,302 - Baptist Valley,212,23,0,235,0
Precinct,303 - Paint Lick,760,74,0,834,0
Precinct,401 - Richlands,1478,194,0,1672,0
Precinct,402 - Jewell Ridge,148,14,0,162,0
Precinct,501 - Springville,686,53,0,739,0
Precinct,502 - Graham,1092,174,0,1266,0
Precinct,Ab - Central Absentee Precinct,345,351,1,697,0
Precinct,Provisional,7,6,0,13,0
Locality,Virginia Beach City,86888,74430,110,161428,0
Precinct,##ev - Central Absentee Precinct,19825,17419,19,37263,0
Precinct,##pe - Central Absentee Precinct,278,524,0,802,0
Precinct,1 - North Beach,1111,487,0,1598,0
Precinct,2 - South Beach,712,505,0,1217,0
Precinct,3 - Ocean Lakes,570,316,0,886,0
Precinct,4 - Linkhorn,761,354,1,1116,0
Precinct,5 - Seatack,535,434,1,970,0
Precinct,6 - Alanton,840,416,0,1256,0
Precinct,7 - Kingston,625,332,0,957,0
Precinct,8 - London Bridge,770,531,1,1302,0
Precinct,9 - Trantwood,747,353,1,1101,0
Precinct,10 - Great Neck,848,273,1,1122,0
Precinct,11 - Cape Henry,859,630,0,1489,0
Precinct,12 - Plaza,570,528,1,1099,0
Precinct,13 - Mt Trashmore,834,537,0,1371,0
Precinct,14 - Malibu,788,508,1,1297,0
Precinct,15 - Old Donation,521,351,1,873,0
Precinct,16 - Aragona,873,564,2,1439,0
Precinct,17 - Ocean Park,491,280,1,772,0
Precinct,18 - Thoroughgood,786,453,0,1239,0
Precinct,19 - Lake Smith,481,262,0,743,0
Precinct,20 - Bayside,599,446,1,1046,0
Precinct,21 - Davis Corner,302,647,0,949,0
Precinct,22 - Point O View,662,397,0,1059,0
Precinct,23 - Arrowhead,783,497,0,1280,0
Precinct,24 - Larkspur,507,408,0,915,0
Precinct,25 - Avalon,1041,699,1,1741,0
Precinct,26 - Fairfield,755,496,1,1252,0
Precinct,27 - Edwin,804,480,3,1287,0
Precinct,28 - Thalia,604,325,2,931,0
Precinct,29 - Holland,463,494,0,957,0
Precinct,30 - Red Wing,592,307,2,901,0
Precinct,31 - Sigma,1079,401,0,1480,0
Precinct,32 - Creeds,710,150,1,861,0
Precinct,33 - Capps Shop,741,160,0,901,0
Precinct,34 - Blackwater,459,98,1,558,0
Precinct,35 - Courthouse,645,265,1,911,0
Precinct,36 - Windsor Oaks,599,650,2,1251,0
Precinct,37 - Chesapeake Beach,533,378,0,911,0
Precinct,38 - Witchduck,925,444,0,1369,0
Precinct,39 - Pembroke,713,574,4,1291,0
Precinct,40 - Bonney,456,353,0,809,0
Precinct,41 - College Park,391,929,2,1322,0
Precinct,42 - Brandon,627,577,0,1204,0
Precinct,43 - Bellamy,415,567,1,983,0
Precinct,44 - Centerville,822,506,1,1329,0
Precinct,45 - Timberlake,407,604,1,1012,0
Precinct,46 - Green Run,387,538,0,925,0
Precinct,47 - Kings Grant,1099,481,0,1580,0
Precinct,48 - Wolfsnare,819,462,1,1282,0
Precinct,49 - Lynnhaven,693,327,0,1020,0
Precinct,50 - Oceana,275,382,0,657,0
Precinct,51 - Stratford Chase,645,384,0,1029,0
Precinct,52 - Homestead,865,608,1,1474,0
Precinct,53 - Shannon,593,374,0,967,0
Precinct,54 - Cromwell,429,317,1,747,0
Precinct,55 - Magic Hollow,421,601,1,1023,0
Precinct,56 - Edinburgh,416,269,0,685,0
Precinct,57 - Sherry Park,527,264,2,793,0
Precinct,58 - Glenwood,680,536,0,1216,0
Precinct,59 - Shelton Park,486,332,0,818,0
Precinct,60 - Foxfire,1029,399,0,1428,0
Precinct,61 - Baker,166,734,3,903,0
Precinct,62 - Landstown,804,497,1,1302,0
Precinct,63 - Culver,910,581,2,1493,0
Precinct,64 - Rosemont Forest,585,409,0,994,0
Precinct,65 - Colonial,673,521,2,1196,0
Precinct,66 - Hunt,734,361,0,1095,0
Precinct,67 - Eastern Shore,288,285,0,573,0
Precinct,68 - Manor,721,451,0,1172,0
Precinct,69 - Shell,312,489,0,801,0
Precinct,70 - Corporate Landing,681,460,0,1141,0
Precinct,71 - Round Hill,353,295,6,654,0
Precinct,72 - Rudee,800,401,0,1201,0
Precinct,73 - Dahlia,333,525,1,859,0
Precinct,74 - Buckner,366,464,3,833,0
Precinct,75 - Colony,927,394,1,1322,0
Precinct,76 - Village,320,472,1,793,0
Precinct,77 - Brookwood,560,455,1,1016,0
Precinct,78 - Indian Lakes,493,497,0,990,0
Precinct,79 - Pleasant Hall,326,471,0,797,0
Precinct,80 - Chimney Hill,338,509,0,847,0
Precinct,81 - Rock Lake,568,574,0,1142,0
Precinct,82 - Shelburne,663,324,0,987,0
Precinct,83 - Strawbridge,920,471,1,1392,0
Precinct,84 - Tallwood,504,560,1,1065,0
Precinct,85 - Upton,932,439,1,1372,0
Precinct,86 - Haygood,693,513,1,1207,0
Precinct,87 - Hillcrest,677,439,0,1116,0
Precinct,88 - North Landing,631,383,3,1017,0
Precinct,89 - Lake Christopher,724,464,3,1191,0
Precinct,90 - Lake Joyce,530,274,1,805,0
Precinct,91 - Lexington,454,549,0,1003,0
Precinct,92 - Little Neck,690,351,2,1043,0
Precinct,93 - Newtown,158,674,0,832,0
Precinct,94 - Pinewood,403,252,0,655,0
Precinct,95 - Dam Neck,519,297,0,816,0
Precinct,96 - Hilltop,334,377,1,712,0
Precinct,97 - Indian River,418,530,2,950,0
Precinct,98 - Independence,221,353,1,575,0
Precinct,99 - Salem Woods,335,404,0,739,0
Precinct,100 - Sandbridge,505,175,0,680,0
Precinct,Ab - Central Absentee Precinct,5340,12351,11,17702,0
Precinct,Provisional,156,222,1,379,0
Locality,Warren County,11152,4488,17,15657,0
Precinct,##ev - Central Absentee Precinct,2479,1518,1,3998,0
Precinct,##pe - Central Absentee Precinct,16,21,0,37,0
Precinct,101 - Fork Town,452,154,0,606,0
Precinct,102 - Otterburn,1169,243,1,1413,0
Precinct,201 - Happy Creek,809,256,0,1065,0
Precinct,202 - Linden,852,309,2,1163,0
Precinct,301 - North River,573,214,1,788,0
Precinct,302 - Riverton,960,209,4,1173,0
Precinct,401 - East Shenandoah,1330,307,3,1640,0
Precinct,402 - Town - West Shenandoah,471,136,0,607,0
Precinct,501 - South River,883,254,1,1138,0
Precinct,502 - Bentonville,463,109,1,573,0
Precinct,504 - Browntown,356,96,0,452,0
Precinct,Ab - Central Absentee Precinct,327,657,2,986,0
Precinct,Provisional,12,5,1,18,0
Locality,Washington County,17319,4573,10,21902,0
Precinct,##ev - Central Absentee Precinct,3707,1453,1,5161,0
Precinct,##pe - Central Absentee Precinct,18,27,0,45,0
Precinct,101 - East Abingdon,890,282,0,1172,0
Precinct,102 - West Abingdon,438,146,0,584,0
Precinct,201 - Clinchburg,501,65,0,566,0
Precinct,202 - Greendale,701,85,0,786,0
Precinct,203 - Hayters Gap,308,32,0,340,0
Precinct,204 Woodland Hills,495,96,0,591,0
Precinct,301 - Watauga,1014,179,0,1193,0
Precinct,302 - South Abingdon,719,224,2,945,0
Precinct,401 - Glade Spring,848,154,0,1002,0
Precinct,402 - Meadowview,974,157,0,1131,0
Precinct,501 - Rhea Valley,1291,147,0,1438,0
Precinct,502 - Damascus,538,158,0,696,0
Precinct,504 - Green Cove,120,14,0,134,0
Precinct,601 - Burson Place,1069,89,1,1159,0
Precinct,602 - Mendota,243,22,0,265,0
Precinct,603 - Valley Institute,810,117,0,927,0
Precinct,701 - High Point,869,106,1,976,0
Precinct,702 - Wallace,395,52,0,447,0
Precinct,703 - John Battle,795,136,0,931,0
Precinct,Ab - Central Absentee Precinct,568,829,5,1402,0
Precinct,Provisional,8,3,0,11,0
Locality,Waynesboro City,4361,3417,11,7789,0
Precinct,##ev - Central Absentee Precinct,1195,1002,1,2198,0
Precinct,##pe - Central Absentee Precinct,3,16,0,19,0
Precinct,1 - Ward A,465,302,0,767,0
Precinct,2 - Ward B,721,492,0,1213,0
Precinct,3 - Ward C,701,424,6,1131,0
Precinct,4 - Ward D,1001,527,2,1530,0
Precinct,Ab - Central Absentee Precinct,269,641,2,912,0
Precinct,Provisional,6,13,0,19,0
Locality,Westmoreland County,4522,3037,8,7567,0
Precinct,##ev - Central Absentee Precinct,1112,860,1,1973,0
Precinct,##pe - Central Absentee Precinct,4,6,0,10,0
Precinct,101 - Precinct 1-1,206,323,2,531,0
Precinct,102 - Precinct 1-2,143,127,0,270,0
Precinct,201 - Precinct 2-1,325,271,1,597,0
Precinct,202 - Precinct 2-2,295,116,1,412,0
Precinct,301 - Precinct 3-1,286,145,2,433,0
Precinct,302 - Precinct 3-2,342,153,0,495,0
Precinct,401 - Precinct 4-1,940,245,0,1185,0
Precinct,501 - Precinct 5-1,731,393,0,1124,0
Precinct,Ab - Central Absentee Precinct,133,389,1,523,0
Precinct,Provisional,5,9,0,14,0
Locality,Williamsburg City,1701,3209,2,4912,0
Precinct,##ev - Central Absentee Precinct,797,1404,0,2201,0
Precinct,##pe - Central Absentee Precinct,3,13,0,16,0
Precinct,1 - Stryker,478,726,1,1205,0
Precinct,2 - Matoaka,319,584,1,904,0
Precinct,Ab - Central Absentee Precinct,100,469,0,569,0
Precinct,Provisional,4,13,0,17,0
Locality,Winchester City,4031,4421,3,8455,0
Precinct,##ev - Central Absentee Precinct,1287,1725,0,3012,0
Precinct,##pe - Central Absentee Precinct,13,40,0,53,0
Precinct,101 - Merrimans,554,459,0,1013,0
Precinct,102 - Old Town,410,325,0,735,0
Precinct,201 - Virginia Avenue,354,409,2,765,0
Precinct,301 - War Memorial,478,374,0,852,0
Precinct,401 - Frederick Douglass,271,208,1,480,0
Precinct,402 - Rolling Hills,535,386,0,921,0
Precinct,AB - Central Absentee Precinct,125,485,0,610,0
Precinct,Provisional,4,10,0,14,0
Locality,Wise County,9583,1878,8,11469,0
Precinct,##ev - Central Absentee Precinct,2358,534,2,2894,0
Precinct,##pe - Central Absentee Precinct,16,9,0,25,0
Precinct,101 - Appalachia,467,78,0,545,0
Precinct,102 - Dorchester,324,45,0,369,0
Precinct,103 - Guest River Voting Place,307,43,0,350,0
Precinct,104 - West Pound,788,106,0,894,0
Precinct,201 - North Coeburn,425,43,0,468,0
Precinct,202 - Wise,946,198,1,1145,0
Precinct,203 - East Pound,215,22,1,238,0
Precinct,301 - Big Stone Gap,700,144,0,844,0
Precinct,302 - East Stone Gap,916,114,0,1030,0
Precinct,401 - Clinch Valley,685,90,1,776,0
Precinct,402 - South Coeburn,875,79,2,956,0
Precinct,403 - St Paul,306,70,0,376,0
Precinct,Ab - Central Absentee Precinct,252,303,1,556,0
Precinct,Provisional,3,0,0,3,0
Locality,Wythe County,9364,2143,7,11514,0
Precinct,##ev - Central Absentee Precinct,1578,671,1,2250,0
Precinct,##pe - Central Absentee Precinct,6,3,0,9,0
Precinct,101 - Royal Oak,284,41,0,325,0
Precinct,102 - Rural Retreat,1156,147,0,1303,0
Precinct,203 - West Wytheville,874,192,2,1068,0
Precinct,303 - East Wytheville,932,259,1,1192,0
Precinct,401 - Fort Chiswell,718,106,0,824,0
Precinct,402 - Max Meadows,751,90,1,842,0
Precinct,501 - Jackson Memorial,548,81,0,629,0
Precinct,502 - Sheffey,790,77,0,867,0
Precinct,601 - Huddle,410,36,0,446,0
Precinct,602 - Zion,611,80,0,691,0
Precinct,603 Evergreen,427,61,1,489,0
Precinct,Ab - Central Absentee Precinct,271,295,1,567,0
Precinct,Provisional,8,4,0,12,0
Locality,York County,17460,12272,19,29751,0
Precinct,##ev - Central Absentee Precinct,6682,5444,6,12132,0
Precinct,##pe - Central Absentee Precinct,19,39,0,58,0
Precinct,101 - Queens Lake,531,412,0,943,0
Precinct,102 - Waller Mill,700,407,0,1107,0
Precinct,103 - Magruder,700,762,4,1466,0
Precinct,201 - Coventry,924,637,2,1563,0
Precinct,202 - Kiln Creek,492,308,0,800,0
Precinct,301 - Seaford,1415,316,3,1734,0
Precinct,302 - Yorktown,640,281,0,921,0
Precinct,303 - Edgehill,672,523,0,1195,0
Precinct,401 - Harwoods Mill,940,294,0,1234,0
Precinct,402 - Dare,896,280,0,1176,0
Precinct,403 - Grafton,426,187,0,613,0
Precinct,501 - Tabb,1016,384,2,1402,0
Precinct,502 - Bethel,840,547,1,1388,0
Precinct,Ab - Central Absentee Precinct,548,1430,1,1979,0
Precinct,Provisional,19,21,0,40,0
