,,Timothy Michael Kaine,Corey Alan Stewart,Matthew Joseph Waters,Write-Ins,Total Votes Cast,Undervotes
,,Democratic,Republican,Libertarian,,,
State,Virginia,1910370,1374313,61565,5509,3351757,0
Locality,Accomack County,5997,6605,135,8,12745,0
Precinct,101 - Chincoteague,487,932,16,0,1435,0
Precinct,201 - Atlantic,159,430,10,0,599,0
Precinct,202 - Greenbackville,277,541,7,1,826,0
Precinct,301 - New Church,515,447,10,0,972,0
Precinct,401 - Bloxom,106,260,4,0,370,0
Precinct,402 - Parksley,236,363,7,0,606,0
Precinct,403 - Saxis,39,117,0,0,156,0
Precinct,501 - Mappsville,299,180,4,1,484,0
Precinct,502 - Rue,312,98,0,1,411,0
Precinct,601 - Accomac,436,495,11,0,942,0
Precinct,602 - Tangier,30,171,2,0,203,0
Precinct,701 - Nandua,755,763,19,3,1540,0
Precinct,801 - Bobtown,214,311,3,1,529,0
Precinct,802 - Melfa,358,308,8,0,674,0
Precinct,803 - Wachapreague,155,285,10,0,450,0
Precinct,901 - Painter,869,492,14,0,1375,0
Precinct,Ab - Central Absentee Precinct,748,412,10,1,1171,0
Precinct,Provisional,2,0,0,0,2,0
Locality,Albemarle County,35701,16371,1161,93,53326,0
Precinct,101 - Woodbrook,1268,591,53,4,1916,0
Precinct,103 - Branchlands,536,170,20,1,727,0
Precinct,104 - Agnor-hurt,1115,343,30,1,1489,0
Precinct,105 - Dunlora,1641,493,51,1,2186,0
Precinct,106 - Northside,1367,798,60,3,2228,0
Precinct,201 - Jack Jouett,1490,718,47,8,2263,0
Precinct,202 - University,1933,308,77,6,2324,0
Precinct,203 - Georgetown,1356,289,56,3,1704,0
Precinct,301 - Ivy,1811,773,52,6,2642,0
Precinct,302 - Red Hill,1203,641,32,1,1877,0
Precinct,304 - East Ivy,425,208,17,2,652,0
Precinct,305 - Country Green,1194,451,31,2,1678,0
Precinct,306 - Porters,601,344,19,1,965,0
Precinct,307 - Yellow Mountain,265,178,10,1,454,0
Precinct,401 - Scottsville,462,491,20,0,973,0
Precinct,402 - Monticello,468,437,15,1,921,0
Precinct,405 - Cale,1504,461,41,8,2014,0
Precinct,406 - Stone Robinson,1021,925,38,5,1989,0
Precinct,407 - Biscuit Run,959,232,44,2,1237,0
Precinct,501 - Keswick,589,343,10,0,942,0
Precinct,502 - Stony Point,548,454,23,0,1025,0
Precinct,503 - Hollymead,1051,467,36,1,1555,0
Precinct,504 - Free Bridge,1054,403,27,1,1485,0
Precinct,506 - Baker-butler,1245,836,44,5,2130,0
Precinct,507 - Pantops,934,417,21,2,1374,0
Precinct,601 - Crozet,1365,699,53,2,2119,0
Precinct,602 - Free Union,516,392,8,0,916,0
Precinct,603 - Earlysville,1176,912,39,4,2131,0
Precinct,604 - Brownsville,1096,570,41,5,1712,0
Precinct,606 - Mechums River,1426,695,61,4,2186,0
Precinct,Ab - Central Absentee Precinct,4044,1314,85,13,5456,0
Precinct,Provisional,38,18,0,0,56,0
Locality,Alexandria City,53307,10734,1468,303,65812,0
Precinct,101 - Ladrey Senior Building,1109,357,37,4,1507,0
Precinct,102 - City Hall,1007,406,24,18,1455,0
Precinct,103 - Lyles Crouch School,1671,522,63,8,2264,0
Precinct,104 - Durant Center,1420,266,58,12,1756,0
Precinct,105 - Lee Center,2112,453,62,11,2638,0
Precinct,106 - Cora Kelly,2135,259,62,7,2463,0
Precinct,107 - Mt Vernon Recreation Center,2309,314,67,17,2707,0
Precinct,108 - George Washington Middle Sch,2293,319,72,13,2697,0
Precinct,109 - Fire Department Headquarters,1215,352,30,10,1607,0
Precinct,110 - Charles Houston Center,1579,245,64,13,1901,0
Precinct,111 - Potomac Yard,767,188,28,3,986,0
Precinct,201 - Maury School,1454,282,45,12,1793,0
Precinct,202 - George Mason School,1365,396,46,17,1824,0
Precinct,203 - Agudas Achim Synagogue,1534,279,48,5,1866,0
Precinct,204 - Blessed Sacrament Church,1335,363,48,24,1770,0
Precinct,205 - Douglas Macarthur School,1721,429,67,18,2235,0
Precinct,206 - Chinquapin Park Recreation Ctr,1280,297,40,7,1624,0
Precinct,207 - Temple Beth El Synagogue,1642,468,59,17,2186,0
Precinct,208 - Nova Arts Center,1874,340,56,7,2277,0
Precinct,209 - James K Polk School,1850,352,36,10,2248,0
Precinct,210 - The Hermitage,871,231,22,4,1128,0
Precinct,302 - Patrick Henry Rec Center,1364,217,32,7,1620,0
Precinct,303 - Charles E Beatley Library,1602,219,36,3,1860,0
Precinct,304 - Samuel Tucker School,2341,315,34,6,2696,0
Precinct,305 - John Adams School,1647,213,57,3,1920,0
Precinct,306 - William Ramsay School,1744,235,28,2,2009,0
Precinct,307 - South Port,1453,303,23,1,1780,0
Precinct,308 - Cameron Station Community Ctr,1628,503,33,7,2171,0
Precinct,Ab - Central Absentee Precinct,8891,1584,186,36,10697,0
Precinct,Provisional,94,27,5,1,127,0
Locality,Alleghany County,1952,3433,66,2,5453,0
Precinct,101 - Arritt,136,332,4,0,472,0
Precinct,103 - Dameron,50,126,3,0,179,0
Precinct,201 - Humpback Bridge,90,223,2,0,315,0
Precinct,202 - Dolly Ann,117,272,6,0,395,0
Precinct,301 - Callaghan,55,222,3,0,280,0
Precinct,302 - Griffith,159,355,6,0,520,0
Precinct,401 - Low Moor,125,242,3,0,370,0
Precinct,402 - Jackson Heights,143,325,10,0,478,0
Precinct,501 - Iron Gate,97,125,5,0,227,0
Precinct,502 - Peters Switch,163,431,9,0,603,0
Precinct,601 - District 1,377,384,8,0,769,0
Precinct,701 - District 2,304,240,6,1,551,0
Precinct,Ab - Central Absentee Precinct,136,156,1,1,294,0
Precinct,Provisional,0,0,0,0,0,0
Locality,Amelia County,1938,3823,81,7,5849,0
Precinct,101 - Number One,292,605,7,0,904,0
Precinct,201 - Number Two,411,711,15,1,1138,0
Precinct,301 - Number Three,286,758,22,1,1067,0
Precinct,401 - Number Four,291,712,16,1,1020,0
Precinct,501 - Number Five,473,742,17,0,1232,0
Precinct,Ab - Central Absentee Precinct,182,290,4,4,480,0
Precinct,Provisional,3,5,0,0,8,0
Locality,Amherst County,4541,7779,215,10,12545,0
Precinct,101 - Wright Shop,469,325,6,0,800,0
Precinct,102 - New Glasgow,371,675,20,1,1067,0
Precinct,103 - Coolwell,129,394,13,0,536,0
Precinct,201 - Court House,691,957,30,3,1681,0
Precinct,202 - Temperance,182,459,4,0,645,0
Precinct,301 - Monroe,206,489,11,0,706,0
Precinct,302 - Elon,458,1242,24,0,1724,0
Precinct,303 - Pleasant View,117,276,9,2,404,0
Precinct,401 - Amelon,622,1174,37,2,1835,0
Precinct,402 - Lonco,144,298,9,0,451,0
Precinct,501 - Madison,798,1095,40,0,1933,0
Precinct,Ab - Central Absentee Precinct,350,392,12,2,756,0
Precinct,Provisional,4,3,0,0,7,0
Locality,Appomattox County,1828,4751,99,3,6681,0
Precinct,101 - Vera,99,360,14,0,473,0
Precinct,102 - Pamplin,242,573,14,1,830,0
Precinct,201 - Chap,141,178,2,0,321,0
Precinct,202 - Spout Spring,201,817,13,1,1032,0
Precinct,301 - Us 460,158,475,7,0,640,0
Precinct,302 - Stonewall,199,560,8,0,767,0
Precinct,401 - Courthouse,301,757,22,1,1081,0
Precinct,501 - Oakville,247,572,8,0,827,0
Precinct,502 - Agee,113,221,7,0,341,0
Precinct,Ab - Central Absentee Precinct,127,237,4,0,368,0
Precinct,Provisional,0,1,0,0,1,0
Locality,Arlington County,87258,16495,2771,389,106913,0
Precinct,1 - Arlington,1324,200,25,2,1551,0
Precinct,2 - Ashton Heights,1502,261,44,8,1815,0
Precinct,3 - Aurora Hills,830,233,37,5,1105,0
Precinct,4 - Ballston,1434,290,58,6,1788,0
Precinct,5 - Barcroft,1188,231,38,6,1463,0
Precinct,6 - Crystal City,1116,263,28,6,1413,0
Precinct,7 - Cherrydale,1392,288,44,5,1729,0
Precinct,8 - Hume,1604,366,62,12,2044,0
Precinct,9 - Columbia,1942,353,59,10,2364,0
Precinct,10 - Wilson,1674,343,64,8,2089,0
Precinct,11 - East Falls Church,985,252,28,5,1270,0
Precinct,12 - Fairlington,1445,288,68,8,1809,0
Precinct,13 - Glen Carlyn,944,211,27,5,1187,0
Precinct,14 - Clarendon,1085,211,61,2,1359,0
Precinct,15 - Lyon Park,761,160,25,1,947,0
Precinct,16 - Lyon Village,1378,265,61,11,1715,0
Precinct,17 - Overlee Knolls,1475,324,40,9,1848,0
Precinct,18 - Park Lane,2044,389,72,11,2516,0
Precinct,19 - Rosslyn,1574,297,45,7,1923,0
Precinct,20 - Thrifton,1191,367,46,8,1612,0
Precinct,21 - Virginia Highlands,701,179,31,4,915,0
Precinct,22 - Abingdon,1569,300,61,8,1938,0
Precinct,23 - Westover,1345,259,51,6,1661,0
Precinct,24 - Woodlawn,1770,313,59,8,2150,0
Precinct,25 - Arlington Forest,1354,305,47,10,1716,0
Precinct,26 - Fillmore,1813,305,79,5,2202,0
Precinct,27 - Jefferson,1486,281,42,4,1813,0
Precinct,28 - Wakefield,1654,249,44,7,1954,0
Precinct,29 - Dominion Hills,1412,277,42,2,1733,0
Precinct,30 - Glebe,1490,194,42,3,1729,0
Precinct,31 - Lexington,1479,315,35,5,1834,0
Precinct,32 - Oakridge,577,179,21,4,781,0
Precinct,33 - Rock Spring,1336,422,32,7,1797,0
Precinct,34 - Yorktown,1247,291,36,11,1585,0
Precinct,35 - Madison,1340,564,31,14,1949,0
Precinct,36 - Marshall,1458,365,52,7,1882,0
Precinct,37 - Nottingham,1258,326,41,5,1630,0
Precinct,38 - Arlington View,1352,178,46,3,1579,0
Precinct,39 - Ashlawn,796,169,30,1,996,0
Precinct,40 - Virginia Square,1720,360,70,8,2158,0
Precinct,41 - Navy League,1345,229,62,6,1642,0
Precinct,42 - Shirlington,1192,186,46,4,1428,0
Precinct,43 - Campbell,1159,126,18,5,1308,0
Precinct,44 - Dawson Terrace,1105,176,45,3,1329,0
Precinct,45 - Buckingham,1121,178,44,2,1345,0
Precinct,46 - Central,1638,307,77,9,2031,0
Precinct,47 - Four Mile Run,1170,143,38,3,1354,0
Precinct,48 - Ausa,1042,257,46,6,1351,0
Precinct,49 - Monroe,837,137,44,2,1020,0
Precinct,50 - Crystal Plaza,1157,297,46,11,1511,0
Precinct,51 - Taylor,386,113,10,2,511,0
Precinct,52 - Gunston,1092,193,41,8,1334,0
Precinct,53 - Met Park,1282,287,47,9,1625,0
Precinct,54 - Garfield Park,698,109,43,7,857,0
Precinct,Ab - Central Absentee Precinct,17893,2307,335,54,20589,0
Precinct,Provisional,96,27,5,1,129,0
Locality,Augusta County,8427,20796,550,34,29807,0
Precinct,101 - Jolivue,290,505,16,1,812,0
Precinct,102 - Stuarts Draft Elementary,304,576,17,1,898,0
Precinct,103 - Verona,392,1024,36,3,1455,0
Precinct,201 - Crimora,371,1084,29,0,1484,0
Precinct,202 - New Hope,234,719,11,1,965,0
Precinct,203 - Weyers Cave,447,1005,30,4,1486,0
Precinct,301 - Fort Defiance,670,1538,62,2,2272,0
Precinct,302 - North River,137,456,11,0,604,0
Precinct,303 - Mount Solon,126,609,7,2,744,0
Precinct,304 - Churchville Fire Station,175,536,6,0,717,0
Precinct,401 - Buffalo Gap,188,588,16,0,792,0
Precinct,402 - Churchville Elementary,195,611,13,0,819,0
Precinct,403 - Craigsville,103,420,6,0,529,0
Precinct,404 - Deerfield,50,209,5,1,265,0
Precinct,405 - Cedar Green,354,670,22,0,1046,0
Precinct,501 - Greenville,326,991,27,2,1346,0
Precinct,502 - Middlebrook,171,503,16,0,690,0
Precinct,503 - Spottswood,148,537,4,0,689,0
Precinct,504 - White Hill,334,1034,36,3,1407,0
Precinct,601 - Sherando,250,689,15,0,954,0
Precinct,602 - Ridgeview,538,1504,32,3,2077,0
Precinct,603 - Lyndhurst,462,984,34,3,1483,0
Precinct,801 - Dooms,283,775,15,2,1075,0
Precinct,802 - Fishersville,671,1262,32,1,1966,0
Precinct,803 - Wilson,618,912,36,2,1568,0
Precinct,Ab - Central Absentee Precinct,579,1048,16,3,1646,0
Precinct,Provisional,11,7,0,0,18,0
Locality,Bath County,576,1142,24,6,1748,0
Precinct,101 - Warm Springs,119,167,4,0,290,0
Precinct,102 - Mountain Grove,13,43,1,1,58,0
Precinct,201 - Hot Springs,104,143,1,1,249,0
Precinct,301 - Fairview,57,203,4,0,264,0
Precinct,302 - Burnsville,16,46,0,0,62,0
Precinct,401 - Millboro,106,253,5,0,364,0
Precinct,501 - Healing Springs,114,225,6,4,349,0
Precinct,Ab - Central Absentee Precinct,46,62,3,0,111,0
Precinct,Provisional,1,0,0,0,1,0
Locality,Bedford County,9632,25301,603,12,35548,0
Precinct,101 - Goodview Elem School (CD 5),310,1099,22,1,1432,0
Precinct,102 - Hardy Vol Fire Co (CD 5),164,457,4,0,625,0
Precinct,103 - Chamblissburg Baptist Church (CD 5),264,776,10,0,1050,0
Precinct,104 - Stewartsville Rescue Squad (CD 5),228,678,11,1,918,0
Precinct,201 - Bedford Christian Church (CD 5),152,402,6,0,560,0
Precinct,202 - Staunton River High School (CD 5),181,533,7,0,721,0
Precinct,203 - Moneta Elem School (CD 5),417,1059,10,0,1486,0
Precinct,204 - Quaker Baptist Church (CD 5),142,361,7,1,511,0
Precinct,205 - Saunders Vol Fire Co (CD 5),326,858,11,0,1195,0
Precinct,301 - New London Academy (CD 6),330,1164,38,2,1534,0
Precinct,302 - Bedford Regional Water Auth (CD 5),253,732,14,1,1000,0
Precinct,303 - Bethesda United Methodist Church (CD 5),153,475,10,0,638,0
Precinct,304 - The Well Church (CD 6),178,487,11,0,676,0
Precinct,305 - Huddleston Elem School (CD 5),99,406,10,0,515,0
Precinct,306 - Forest Fire Station #2 (CD 6),163,712,9,0,884,0
Precinct,401 - Forest Elementary School (CD 6),404,1206,31,0,1641,0
Precinct,402 - Thomas Jefferson Elem School (CD 6),274,625,26,0,925,0
Precinct,403 - Knights Of Columbus Bldg (CD 6),562,1324,56,2,1944,0
Precinct,404 - St. Paul Baptist Church (CD 6),343,1086,19,1,1449,0
Precinct,502 - Big Island Elem School (CD 6),99,270,4,0,373,0
Precinct,503 - Sedalia Center (CD 6),129,381,8,0,518,0
Precinct,504 - Suck Springs Baptist Church (CD 6),178,598,15,0,791,0
Precinct,505 - Boonsboro Elementary School (CD 6),517,937,32,1,1487,0
Precinct,506 - Boonsboro Ruritan Club (CD 6),563,1527,46,0,2136,0
Precinct,601 - Montvale Elem School (CD 6),235,695,18,0,948,0
Precinct,602 - Shady Grove Fire Department (CD 5),247,745,8,0,1000,0
Precinct,603 - Thaxton Baptist Church #1 (CD 5),64,222,4,0,290,0
Precinct,604 - Bedford Welcome Center (CD 5),461,907,35,0,1403,0
Precinct,701 - Goode Vol Rescue Squad (CD 5),320,1213,24,0,1557,0
Precinct,702 - Liberty High School (CD 5),219,579,9,0,807,0
Precinct,703 - Thaxton Baptist Church #2 (CD 5),145,462,10,0,617,0
Precinct,704 - Bedford Central Library (CD 5),624,913,38,0,1575,0
Precinct,Ab - Central Absentee Precinct (CD 5),457,773,20,2,1252,0
Precinct,Ab - Central Absentee Precinct (CD 6),428,633,19,0,1080,0
Precinct,Provisional (CD 5),3,5,0,0,8,0
Precinct,Provisional (CD 6),0,1,1,0,2,0
Locality,Bland County,504,1916,30,3,2453,0
Precinct,101 - Bastian,61,249,3,2,315,0
Precinct,102 - Ceres,62,242,5,0,309,0
Precinct,201 - Davis,23,67,2,0,92,0
Precinct,202 - Seddon,117,437,9,1,564,0
Precinct,301 - Hollybrook,48,230,6,0,284,0
Precinct,302 - Mechanicsburg,24,130,0,0,154,0
Precinct,401 - Rocky Gap,130,477,5,0,612,0
Precinct,Ab - Central Absentee Precinct,39,84,0,0,123,0
Precinct,Provisional,0,0,0,0,0,0
Locality,Botetourt County,4543,10720,246,13,15522,0
Precinct,101 - Daleville,528,1003,22,0,1553,0
Precinct,102 - Greenfield,448,1258,31,2,1739,0
Precinct,201 - Blue Ridge,408,1090,27,0,1525,0
Precinct,202 - Rainbow Forest,433,1129,22,0,1584,0
Precinct,301 - Buchanan,358,916,16,2,1292,0
Precinct,302 - Mill Creek,358,877,31,1,1267,0
Precinct,403 - Eagle Rock,219,629,11,0,859,0
Precinct,406 - Fincastle,545,1250,23,1,1819,0
Precinct,501 - Troutville,237,627,14,1,879,0
Precinct,502 - Cloverdale,645,1357,30,5,2037,0
Precinct,Ab - Central Absentee Precinct,364,584,19,1,968,0
Precinct,Provisional,0,0,0,0,0,0
Locality,Bristol City,1770,3427,67,8,5272,0
Precinct,1 - First Ward,267,582,8,1,858,0
Precinct,2 - Second Ward,464,740,31,3,1238,0
Precinct,3 - Third Ward,315,388,4,1,708,0
Precinct,4 - Fourth Ward,550,1465,24,2,2041,0
Precinct,Ab - Central Absentee Precinct,173,249,0,1,423,0
Precinct,Provisional,1,3,0,0,4,0
Locality,Brunswick County,3717,2394,41,4,6156,0
Precinct,101 - Brodnax,167,121,4,0,292,0
Precinct,102 - Rock Store,193,253,5,1,452,0
Precinct,103 - Tillman,206,315,2,0,523,0
Precinct,201 - Dromgoole,87,90,2,0,179,0
Precinct,202 - Edgerton,395,131,3,0,529,0
Precinct,203 - Fitzhugh,309,139,1,1,450,0
Precinct,301 - Alberta,78,65,1,0,144,0
Precinct,302 - Danieltown,275,262,3,0,540,0
Precinct,303 - Elmore,138,120,0,0,258,0
Precinct,304 - Seymour,133,107,2,0,242,0
Precinct,401 - Sturgeon,539,295,9,0,843,0
Precinct,402 - King's Store,229,85,0,1,315,0
Precinct,501 - Totaro,693,200,5,0,898,0
Precinct,Ab - Central Absentee Precinct,269,210,4,1,484,0
Precinct,Provisional,6,1,0,0,7,0
Locality,Buchanan County,1785,4095,50,3,5933,0
Precinct,102 - Blackey,49,202,0,0,251,0
Precinct,103 - Hurley,74,407,3,0,484,0
Precinct,201 - Grassy,29,45,0,0,74,0
Precinct,202 - Bull,94,229,3,0,326,0
Precinct,203 - Rocklick,98,237,5,0,340,0
Precinct,301 - Slate,120,280,2,0,402,0
Precinct,302 - North Grundy,101,274,5,1,381,0
Precinct,403 - South Grundy,161,419,6,0,586,0
Precinct,404 - Oakwood,17,38,1,0,56,0
Precinct,501 - Prater,133,205,3,0,341,0
Precinct,502 - Fox,63,55,0,0,118,0
Precinct,503 - Vansant,99,268,3,1,371,0
Precinct,601 - Council,78,153,0,0,231,0
Precinct,602 - Garden,111,246,2,0,359,0
Precinct,603 - Hurricane,114,123,0,0,237,0
Precinct,701 - Whitewood,147,311,3,0,461,0
Precinct,702 - Contrary,87,275,8,0,370,0
Precinct,Ab - Central Absentee Precinct,209,328,6,1,544,0
Precinct,Provisional,1,0,0,0,1,0
Locality,Buckingham County,2802,3249,83,5,6139,0
Precinct,101 - New Canton,374,394,11,0,779,0
Precinct,102 - Georgia Creek,80,132,6,1,219,0
Precinct,201 - White Hall,240,274,6,1,521,0
Precinct,301 - Curdsville,244,343,9,1,597,0
Precinct,302 - New Store,129,283,6,0,418,0
Precinct,401 - Maysville,380,505,10,1,896,0
Precinct,501 - Wrights,133,259,7,0,399,0
Precinct,502 - Glenmore,306,245,3,1,555,0
Precinct,601 - Slate River,457,320,13,0,790,0
Precinct,701 - Gold Hill,257,288,6,0,551,0
Precinct,Ab - Central Absentee Precinct,200,206,6,0,412,0
Precinct,Provisional,2,0,0,0,2,0
Locality,Buena Vista City,666,1047,37,4,1754,0
Precinct,1 - First Ward,362,609,22,2,995,0
Precinct,2 - Second Ward,304,438,15,2,759,0
Precinct,Provisional,0,0,0,0,0,0
Locality,Campbell County,6305,15239,408,27,21979,0
Precinct,101 - Brookville,492,1244,35,4,1775,0
Precinct,102 - New London,418,1259,45,0,1722,0
Precinct,201 - Walker,383,880,46,6,1315,0
Precinct,202 - Bedford Springs,439,1349,43,2,1833,0
Precinct,301 - Evington,174,453,6,0,633,0
Precinct,302 - Otter River,158,418,11,1,588,0
Precinct,303 - Altavista,636,948,22,1,1607,0
Precinct,401 - Three Forks,249,826,18,2,1095,0
Precinct,402 - Court House,457,1460,35,2,1954,0
Precinct,501 - Spring Hill,448,1299,35,4,1786,0
Precinct,502 - Yellow Branch,360,716,16,1,1093,0
Precinct,601 - Kings,355,749,16,3,1123,0
Precinct,602 - Concord,477,1206,33,1,1717,0
Precinct,701 - Brookneal,306,585,12,0,903,0
Precinct,702 - Gladys,401,817,16,0,1234,0
Precinct,703 - Morris Church,166,380,10,0,556,0
Precinct,AB - Central Absentee Precinct,386,650,9,0,1045,0
Precinct,Provisional,0,0,0,0,0,0
Locality,Caroline County,5838,5323,179,13,11353,0
Precinct,101 - Bowling Green,378,609,14,3,1004,0
Precinct,102 - Sparta,303,450,12,1,766,0
Precinct,201 - North Madison,488,368,11,0,867,0
Precinct,202 - South Madison,506,546,31,0,1083,0
Precinct,301 - Port Royal,205,233,5,0,443,0
Precinct,302 - Woodford,525,587,18,2,1132,0
Precinct,401 - Dawn,892,486,12,1,1391,0
Precinct,402 - Carmel Church,300,172,8,0,480,0
Precinct,501 - West Mattaponi,623,345,14,1,983,0
Precinct,502 - Milford,323,403,8,1,735,0
Precinct,601 - Chilesburg,530,435,28,0,993,0
Precinct,602 - Lake,330,328,18,0,676,0
Precinct,Ab - Central Absentee Precinct,424,355,0,4,783,0
Precinct,Provisional,11,6,0,0,17,0
Locality,Carroll County,2459,8042,114,6,10621,0
Precinct,101 - Mt Bethel,89,306,1,1,397,0
Precinct,102 - St Paul,107,474,3,0,584,0
Precinct,103 - Lambsburg,59,261,3,1,324,0
Precinct,105 - Fancy Gap,140,401,2,0,543,0
Precinct,201 - Hillsville B,317,815,15,1,1148,0
Precinct,202 - Laurel Fork,99,294,4,0,397,0
Precinct,203 - Gladesboro,138,443,7,0,588,0
Precinct,301 - Hillsville C,278,925,16,0,1219,0
Precinct,302 - Sylvatus,102,357,8,0,467,0
Precinct,303 - Dugspur,57,220,5,0,282,0
Precinct,401 - Oakland,209,696,11,1,917,0
Precinct,402 - Woodlawn D,245,683,13,1,942,0
Precinct,406 - Woodlawn F,40,120,3,0,163,0
Precinct,501 - Vaughan,60,268,2,0,330,0
Precinct,502 - Gladeville,148,656,9,1,814,0
Precinct,503 - Woodlawn E,102,312,2,0,416,0
Precinct,504 - Laurel,90,375,3,0,468,0
Precinct,Ab - Central Absentee Precinct,179,433,7,0,619,0
Precinct,Provisional,0,3,0,0,3,0
Locality,Charles City County,2131,1168,36,2,3337,0
Precinct,101 - Precinct 1-1,569,421,16,1,1007,0
Precinct,201 - Precinct 2-1,677,266,9,0,952,0
Precinct,301 - Precinct 3-1,640,374,11,1,1026,0
Precinct,Ab - Central Absentee Precinct,245,107,0,0,352,0
Precinct,Provisional,0,0,0,0,0,0
Locality,Charlotte County,1871,2792,52,4,4719,0
Precinct,101 - County Seat,287,413,6,1,707,0
Precinct,201 - Red Oak Wylliesburg,266,402,2,0,670,0
Precinct,302 - Drakes Branch,205,327,11,0,543,0
Precinct,401 - Keysville,253,422,8,0,683,0
Precinct,501 - Cullen/Red House,222,363,6,2,593,0
Precinct,602 - Phenix,226,458,9,1,694,0
Precinct,702 - Bacon/Saxe,252,309,10,0,571,0
Precinct,Ab - Central Absentee Precinct,159,98,0,0,257,0
Precinct,Provisional,1,0,0,0,1,0
Locality,Charlottesville City,17641,2346,451,52,20490,0
Precinct,101 - Recreation,1991,312,58,5,2366,0
Precinct,102 - Clark,1967,247,35,4,2253,0
Precinct,201 - Carver,1822,133,45,2,2002,0
Precinct,202 - Walker,2152,417,54,3,2626,0
Precinct,301 - Benjamin Tonsler,1728,163,39,5,1935,0
Precinct,302 - Johnson,2157,356,70,7,2590,0
Precinct,303 - Buford,1169,117,39,4,1329,0
Precinct,401 - Venable,1107,114,27,7,1255,0
Precinct,402 - Alumni Hall,1196,252,41,4,1493,0
Precinct,Ab - Central Absentee Precinct,2315,232,42,11,2600,0
Precinct,Provisional,37,3,1,0,41,0
Locality,Chesapeake City,49506,39632,1493,121,90752,0
Precinct,1 - Great Bridge (CD 4),563,843,30,1,1437,0
Precinct,2 - Bethel (CD 4),330,1045,32,2,1409,0
Precinct,3 - Camelot (CD 3),1695,110,10,3,1818,0
Precinct,4 - Churchland (CD 3),453,708,19,5,1185,0
Precinct,5 - Crestwood (CD 3),1303,137,11,2,1453,0
Precinct,6 - Deep Creek (CD 4),1485,1058,45,2,2590,0
Precinct,7 - Greenbrier (CD 4),759,931,34,2,1726,0
Precinct,8 - South Norfolk Recreation (CD 3),894,600,26,3,1523,0
Precinct,9 - Bells Mill (CD 4),1035,1595,42,0,2672,0
Precinct,10 - Oscar Smith (CD 3),382,294,22,2,700,0
Precinct,11 - Geneva Park (CD 3),515,514,22,3,1054,0
Precinct,12 - Georgetown (CD 3),1155,145,16,2,1318,0
Precinct,13 - Gilmerton (CD 3),650,578,19,2,1249,0
Precinct,14 - Grassfield (CD 4),220,260,9,0,489,0
Precinct,15 - B M Williams (CD 3),861,437,18,1,1317,0
Precinct,16 - Hickory Grove (CD 4),504,1072,25,1,1602,0
Precinct,17 - Indian Creek (CD 4),302,735,22,1,1060,0
Precinct,18 - Indian River (CD 3),711,303,18,2,1034,0
Precinct,19 - Jolliff (CD 4),398,616,19,2,1035,0
Precinct,20 - E W Chittum (CD 4),787,880,26,3,1696,0
Precinct,20 - E W Chittum (CD 3),11,14,1,0,26,0
Precinct,21 - Fellowship (CD 3),731,763,23,2,1519,0
Precinct,22 - Norfolk Highlands (CD 3),394,459,14,2,869,0
Precinct,23 - Oak Grove (CD 4),920,624,28,1,1573,0
Precinct,24 - Oaklette (CD 3),791,427,21,0,1239,0
Precinct,25 - St Julians (CD 3),387,288,14,1,690,0
Precinct,26 - Johnson Park (CD 3),455,179,13,1,648,0
Precinct,27 - Silverwood (CD 3),874,879,31,2,1786,0
Precinct,28 - Sunray I (CD 4),92,146,3,1,242,0
Precinct,29 - Tanglewood (CD 3),419,687,23,1,1130,0
Precinct,30 - South Norfolk (CD 3),628,20,5,1,654,0
Precinct,31 - Carver School (CD 3),1280,176,10,1,1467,0
Precinct,32 - Providence (CD 3),1622,68,13,5,1708,0
Precinct,33 - Westover (CD 3),354,440,18,1,813,0
Precinct,34 - Hickory Middle School (CD 4),630,1398,50,2,2080,0
Precinct,35 - Taylor Road (CD 3),689,260,17,0,966,0
Precinct,36 - Great Bridge Baptist Church (CD 4),936,1353,41,3,2333,0
Precinct,37 - Bridgetown (CD 4),543,675,24,1,1243,0
Precinct,38 - Bailey Creek (CD 3),448,813,20,4,1285,0
Precinct,39 - Lake Drummond (CD 4),219,366,12,0,597,0
Precinct,40 - River Birch (CD 3),1138,713,27,3,1881,0
Precinct,41 - John T West (CD 4),1340,920,39,1,2300,0
Precinct,42 - Parkways (CD 3),804,443,21,1,1269,0
Precinct,43 - Pleasant Crossing (CD 4),389,832,18,5,1244,0
Precinct,44 - Nansemond (CD 3),720,418,12,1,1151,0
Precinct,45 - Sunray II (CD 4),401,165,8,0,574,0
Precinct,46 - Bells Mill II (CD 4),635,642,18,1,1296,0
Precinct,47 - Green Sea (CD 4),281,478,14,2,775,0
Precinct,48 - Jolliff Middle School (CD 4),1491,118,9,0,1618,0
Precinct,49 - Waterway (CD 4),1339,1310,58,3,2710,0
Precinct,50 - River Walk (CD 4),932,540,34,0,1506,0
Precinct,51 - Coopers Way (CD 4),506,1185,28,2,1721,0
Precinct,52 - Shipyard Road (CD 4),977,556,26,2,1561,0
Precinct,53 - Fairways (CD 3),643,370,22,2,1037,0
Precinct,54 - Pughsville (CD 3),1019,333,20,5,1377,0
Precinct,55 - Georgetown East (CD 3),871,190,18,2,1081,0
Precinct,56 - Green Tree (CD 3),749,380,31,2,1162,0
Precinct,57 - Cypress (CD 3),898,444,24,2,1368,0
Precinct,58 - Expressway (CD 4),449,136,8,0,593,0
Precinct,59 - Clearfield (CD 4),606,502,20,1,1129,0
Precinct,60 - Parker Road (CD 4),710,1158,42,1,1911,0
Precinct,61 - Centerville (CD 4),442,802,17,2,1263,0
Precinct,62 - Fentress (CD 4),556,976,21,1,1554,0
Precinct,63 - Poplar Branch (CD 4),292,677,18,3,990,0
Precinct,AB - Central Absentee Precinct (CD 3),1635,639,34,8,2316,0
Precinct,Ab - Central Absentee Precinct (CD 4),2211,1781,60,3,4055,0
Precinct,Provisional (CD 3),22,13,0,0,35,0
Precinct,Provisional (CD 4),25,15,0,0,40,0
Locality,Chesterfield County,83091,67835,2705,223,153854,0
Precinct,101 - Bellwood (CD 4),631,473,20,0,1124,0
Precinct,102 - South Chester (CD 4),920,838,30,2,1790,0
Precinct,103 - Enon (CD 4),1066,1231,34,4,2335,0
Precinct,104 - North Chester (CD 4),857,1220,40,3,2120,0
Precinct,105 - Drewrys Bluff (CD 7),829,476,19,1,1325,0
Precinct,106 - Harrowgate (CD 4),1536,1084,22,3,2645,0
Precinct,107 - Wells (CD 4),993,765,24,0,1782,0
Precinct,108 - Ecoff (CD 4),1090,1471,38,2,2601,0
Precinct,109 - Elizabeth Scott (CD 4),1524,1281,47,2,2854,0
Precinct,110 - Dutch Gap (CD 4),631,657,18,2,1308,0
Precinct,111 - Iron Bridge (CD 4),1596,1411,36,3,3046,0
Precinct,112 - Carver (CD 4),942,716,20,3,1681,0
Precinct,201 - Gates (CD 4),718,734,26,0,1478,0
Precinct,202 - Beulah (CD 7),1530,662,35,3,2230,0
Precinct,203 - Bird (CD 4),258,294,13,2,567,0
Precinct,204 - Jacobs (CD 7),769,498,26,2,1295,0
Precinct,205 - Falling Creek (CD 7),1489,592,18,0,2099,0
Precinct,206 - Belmont (CD 7),1059,158,9,0,1226,0
Precinct,207 - Chippenham (CD 7),516,164,6,0,686,0
Precinct,208 - Meadowbrook (CD 7),1365,440,16,1,1822,0
Precinct,209 - Salem Church (CD 4),1153,983,53,5,2194,0
Precinct,210 - Five Forks (CD 7),1788,821,35,2,2646,0
Precinct,211 - Nash (CD 4),1074,1635,44,1,2754,0
Precinct,212 - St. Luke's (CD 7),585,560,15,2,1162,0
Precinct,213 - Southside (CD 7),2506,511,32,0,3049,0
Precinct,214 - Hopkins (CD 7),226,34,3,0,263,0
Precinct,215 - North Bird (CD 7),581,193,4,0,778,0
Precinct,301 - Ettrick (CD 4),1866,359,11,2,2238,0
Precinct,302 - Deer Run (CD 7),367,484,13,0,864,0
Precinct,303 - Matoaca (CD 4),1212,1104,18,5,2339,0
Precinct,304 - Winfrees Store (CD 4),755,1683,19,2,2459,0
Precinct,305 - Beach (CD 4),212,591,12,0,815,0
Precinct,306 - Winterpock (CD 7),709,1678,36,6,2429,0
Precinct,307 - Cosby (CD 7),1481,1404,51,4,2940,0
Precinct,308 - South Manchester (CD 7),457,302,9,1,769,0
Precinct,309 - Skinquarter (CD 7),1560,2058,69,3,3690,0
Precinct,310 - Tomahawk (CD 7),1003,1111,59,1,2174,0
Precinct,313 - Woolridge (CD 7),1366,1516,64,4,2950,0
Precinct,315 - Bailey Bridge (CD 7),729,1401,46,3,2179,0
Precinct,316 - Spring Run (CD 7),947,1003,40,5,1995,0
Precinct,317 - Birkdale (CD 7),1222,1345,33,3,2603,0
Precinct,318 - West Beach (CD 7),333,403,7,0,743,0
Precinct,401 - Harbour Pointe (CD 7),711,668,47,1,1427,0
Precinct,402 - Genito (CD 7),1642,1250,58,9,2959,0
Precinct,403 - Brandermill (CD 7),1199,1064,50,1,2314,0
Precinct,404 - Providence (CD 7),1091,736,41,3,1871,0
Precinct,405 - La Prade (CD 7),1127,957,36,2,2122,0
Precinct,406 - Smoketree (CD 7),881,894,49,4,1828,0
Precinct,407 - Monacan (CD 7),574,644,24,3,1245,0
Precinct,408 - Reams (CD 7),1797,870,54,3,2724,0
Precinct,409 - Manchester (CD 7),668,433,16,1,1118,0
Precinct,410 - Wagstaff (CD 7),691,524,21,1,1237,0
Precinct,411 - Swift Creek (CD 7),1079,978,44,3,2104,0
Precinct,413 - Shenandoah (CD 7),1061,747,34,4,1846,0
Precinct,414 - Crenshaw (CD 7),1435,1356,40,4,2835,0
Precinct,415 - Evergreen (CD 7),1117,1017,47,5,2186,0
Precinct,416 - Evergreen West (CD 7),640,449,19,3,1111,0
Precinct,417 - Edgewater (CD 7),602,492,25,1,1120,0
Precinct,501 - Huguenot (CD 7),867,583,34,10,1494,0
Precinct,502 - Crestwood (CD 7),631,474,24,3,1132,0
Precinct,503 - Midlothian (CD 7),1010,1042,35,2,2089,0
Precinct,504 - Robious (CD 7),1573,1528,62,17,3180,0
Precinct,505 - Bon Air (CD 7),1299,871,57,8,2235,0
Precinct,506 - Greenfield (CD 7),1194,818,52,1,2065,0
Precinct,507 - Salisbury (CD 7),1286,1469,83,4,2842,0
Precinct,508 - Belgrade (CD 7),1032,803,40,2,1877,0
Precinct,509 - Cranbeck (CD 7),889,496,37,0,1422,0
Precinct,510 - Sycamore (CD 7),1089,1070,69,3,2231,0
Precinct,511 - Black Heath (CD 7),702,765,39,7,1513,0
Precinct,513 - Beaufont (CD 7),719,209,23,1,952,0
Precinct,514 - Watkins (CD 7),1209,1201,77,5,2492,0
Precinct,515 - Davis (CD 7),1391,286,13,2,1692,0
Precinct,516 - Pocoshock (CD 7),864,217,21,0,1102,0
Precinct,517 - Roseland (CD 7),452,588,19,0,1059,0
Precinct,518 - Midlothian North (CD 7),1097,1337,51,4,2489,0
Precinct,Ab - Central Absentee Precinct (CD 4),1736,1513,46,6,3301,0
Precinct,Ab - Central Absentee Precinct (CD 7),5179,3110,143,18,8450,0
Precinct,Provisional (CD 4),25,8,1,0,34,0
Precinct,Provisional (CD 7),81,24,4,0,109,0
Locality,Clarke County,3210,3845,126,5,7186,0
Precinct,101 - Russell,489,828,23,0,1340,0
Precinct,201 - Berryville,569,519,28,1,1117,0
Precinct,301 - Millwood,439,522,17,1,979,0
Precinct,302 - Pine Grove,190,230,7,0,427,0
Precinct,401 - White Post,562,700,19,1,1282,0
Precinct,501 - Buckmarsh,394,503,7,0,904,0
Precinct,502 - Blue Ridge,159,192,13,0,364,0
Precinct,Ab - Central Absentee Precinct,404,351,12,2,769,0
Precinct,Provisional,4,0,0,0,4,0
Locality,Colonial Heights City,2105,4183,120,7,6415,0
Precinct,1 - First,347,480,30,0,857,0
Precinct,2 - Second,312,588,17,0,917,0
Precinct,3 - Third,403,723,26,1,1153,0
Precinct,4 - Fourth,489,900,16,1,1406,0
Precinct,5 - Fifth,349,1078,21,2,1450,0
Precinct,Ab - Central Absentee Precinct,205,414,10,3,632,0
Precinct,Provisional,0,0,0,0,0,0
Locality,Covington City,785,957,33,1,1776,0
Precinct,101 - Precinct 1-1,125,149,6,0,280,0
Precinct,201 - Precinct 2-1,155,155,6,1,317,0
Precinct,301 - Precinct 3-1,170,106,0,0,276,0
Precinct,401 - Precinct 4-1,155,252,11,0,418,0
Precinct,501 - Precinct 5-1,135,257,9,0,401,0
Precinct,Ab - Central Absentee Precinct,45,38,1,0,84,0
Precinct,Provisional,0,0,0,0,0,0
Locality,Craig County,544,1615,30,4,2193,0
Precinct,101 - Court House,80,290,9,1,380,0
Precinct,201 - Ammendale Precinct,100,389,5,0,494,0
Precinct,301 - Givens & Reynolds Store,92,183,5,2,282,0
Precinct,303 - Marshalls Store,77,154,3,1,235,0
Precinct,401 - Barbours Creek,54,142,2,0,198,0
Precinct,402 - Paint Bank,14,25,0,0,39,0
Precinct,403 - Craig Springs,42,151,1,0,194,0
Precinct,501 - Craig City,85,281,5,0,371,0
Precinct,Provisional,0,0,0,0,0,0
Locality,Culpeper County,8093,10913,361,37,19404,0
Precinct,101 - West Fairfax,1166,955,58,4,2183,0
Precinct,201 - East Fairfax,1108,749,44,5,1906,0
Precinct,302 - Eggbornsville,327,739,20,1,1087,0
Precinct,303 - Cardova,296,544,18,1,859,0
Precinct,304 - Willow Shade,219,187,10,1,417,0
Precinct,401 - Eldorado,417,740,15,0,1172,0
Precinct,402 - Browns Store,696,1156,29,2,1883,0
Precinct,501 - Jeffersonton,559,1016,31,1,1607,0
Precinct,502 - Rixeyville,456,985,25,1,1467,0
Precinct,601 - Mitchells,100,164,4,0,268,0
Precinct,602 - Pearl Sample,713,949,33,3,1698,0
Precinct,603 - South Ridge,262,241,10,1,514,0
Precinct,702 - Brandy Station,545,1005,19,7,1576,0
Precinct,703 - Lignum,241,489,18,2,750,0
Precinct,704 - Richardsville,110,273,7,1,391,0
Precinct,Ab - Central Absentee Precinct,874,718,20,7,1619,0
Precinct,Provisional,4,3,0,0,7,0
Locality,Cumberland County,1849,2270,74,1,4194,0
Precinct,101 - Precinct 1,359,487,13,0,859,0
Precinct,201 - Precinct 2,271,533,20,0,824,0
Precinct,301 - Precinct 3,448,293,10,1,752,0
Precinct,401 - Precinct 4,307,466,18,0,791,0
Precinct,501 - Precinct 5,320,348,12,0,680,0
Precinct,Ab - Central Absentee Precinct,143,143,1,0,287,0
Precinct,Provisional,1,0,0,0,1,0
Locality,Danville City,9418,5518,163,16,15115,0
Precinct,1 - Ward One,351,48,5,0,404,0
Precinct,2 - Ward Two,295,140,7,0,442,0
Precinct,3 - Ward Three,665,212,21,0,898,0
Precinct,4 - Ward Four,850,664,14,2,1530,0
Precinct,6 - Ward Six,371,42,4,0,417,0
Precinct,7 - Ward Seven,651,91,4,0,746,0
Precinct,8 - Ward Eight,526,199,5,0,730,0
Precinct,9 - Ward Nine,384,273,6,2,665,0
Precinct,10 - Ward Ten,555,346,13,0,914,0
Precinct,11 - Ward Eleven,891,358,8,1,1258,0
Precinct,12 - Ward Twelve,883,480,14,0,1377,0
Precinct,13 - Ward Thirteen,791,354,14,2,1161,0
Precinct,14 - Ward Fourteen,189,6,1,0,196,0
Precinct,15 - Ward Fifteen,558,496,10,2,1066,0
Precinct,16 - Ward Sixteen,549,659,16,0,1224,0
Precinct,17 - Ward Seventeen,365,752,15,2,1134,0
Precinct,Ab - Central Absentee Precinct,541,397,6,5,949,0
Precinct,Provisional,3,1,0,0,4,0
Locality,Dickenson County,1524,2926,20,5,4475,0
Precinct,101 - South Clintwood,274,563,3,2,842,0
Precinct,201 - Nora,82,170,0,0,252,0
Precinct,202 - Frying Pan,31,86,1,0,118,0
Precinct,203 - Clinchco,140,246,3,0,389,0
Precinct,301 - West Dante,16,144,1,0,161,0
Precinct,302 - Herald,46,207,0,0,253,0
Precinct,303 - Ridge,96,322,3,0,421,0
Precinct,401 - Haysi-colley,304,375,4,1,684,0
Precinct,501 - Tarpon,89,126,0,1,216,0
Precinct,502 - North Clintwood,207,446,1,1,655,0
Precinct,Ab - Central Absentee Precinct,237,241,4,0,482,0
Precinct,Provisional,2,0,0,0,2,0
Locality,Dinwiddie County,4865,5626,78,7,10576,0
Precinct,101 - White Oak,106,309,2,1,418,0
Precinct,102 - Rocky Run,175,437,1,0,613,0
Precinct,103 - Church Road,197,782,5,2,986,0
Precinct,201 - Rohoic,341,196,9,0,546,0
Precinct,202 - Sutherland,598,827,5,1,1431,0
Precinct,301 - Reams,152,277,5,0,434,0
Precinct,302 - New Hope,260,434,7,2,703,0
Precinct,303 - Little Zion,502,468,10,0,980,0
Precinct,401 - Dinwiddie,416,597,6,1,1020,0
Precinct,402 - Mckenney,251,313,6,0,570,0
Precinct,403 - Cherry Hill,235,176,4,0,415,0
Precinct,501 - Edgehill,147,45,1,0,193,0
Precinct,502 - Chesdin,1004,426,13,0,1443,0
Precinct,Ab - Central Absentee Precinct,480,339,4,0,823,0
Precinct,Provisional,1,0,0,0,1,0
Locality,Emporia City,1163,608,18,1,1790,0
Precinct,101 - Precinct 1-1,221,78,4,0,303,0
Precinct,201 - Precinct 2-1,179,11,2,0,192,0
Precinct,301 - Precinct 3-1,111,129,3,1,244,0
Precinct,401 - Precinct 4-1,168,145,1,0,314,0
Precinct,501 - Precinct 5-1,171,10,1,0,182,0
Precinct,601 - District 6,127,152,3,0,282,0
Precinct,701 - District 7,136,59,4,0,199,0
Precinct,AB - Central Absentee Precinct,50,24,0,0,74,0
Precinct,Provisional,0,0,0,0,0,0
Locality,Essex County,2266,2115,36,1,4418,0
Precinct,101 - Greater Tappahannock,501,390,11,0,902,0
Precinct,201 - North,620,318,4,0,942,0
Precinct,301 - South,439,680,11,0,1130,0
Precinct,401 - Central,487,545,8,0,1040,0
Precinct,Ab - Central Absentee Precinct,217,182,2,1,402,0
Precinct,Provisional,2,0,0,0,2,0
Locality,Fairfax City,7330,2988,245,26,10589,0
Precinct,1 - One,986,396,35,5,1422,0
Precinct,2 - Two,924,443,40,8,1415,0
Precinct,3 - Three,1313,566,50,1,1930,0
Precinct,4 - Four,1047,447,39,4,1537,0
Precinct,5 - Five,938,373,28,3,1342,0
Precinct,6 - Six,921,380,31,4,1336,0
Precinct,Ab - Central Absentee Precinct,1194,381,22,2,1599,0
Precinct,Provisional,7,2,0,0,9,0
Locality,Fairfax County,340740,129095,9517,1133,480485,0
Precinct,104 - Chapel (CD 11),985,476,31,4,1496,0
Precinct,105 - Fairview (CD 11),1950,806,61,7,2824,0
Precinct,106 - Heritage (CD 11),1448,439,30,2,1919,0
Precinct,108 - Kings Park (CD 11),993,472,28,4,1497,0
Precinct,109 - Little Run (CD 11),608,264,18,1,891,0
Precinct,110 - North Springfield (CD 11),1636,739,54,1,2430,0
Precinct,113 - Canterbury (CD 11),1669,713,52,10,2444,0
Precinct,114 - Olde Creek (CD 11),766,371,32,2,1171,0
Precinct,115 - Ravensworth (CD 11),710,368,28,3,1109,0
Precinct,116 - Wakefield (CD 11),1027,409,34,4,1474,0
Precinct,117 - Woodson (CD 11),1072,544,35,6,1657,0
Precinct,118 - Lake Braddock (CD 11),1759,574,63,4,2400,0
Precinct,119 - Laurel (CD 11),1630,727,53,6,2416,0
Precinct,120 - Sideburn (CD 11),1194,715,28,4,1941,0
Precinct,121 - Villa (CD 11),771,362,36,3,1172,0
Precinct,123 - Robinson (CD 11),1641,717,62,3,2423,0
Precinct,125 - Signal Hill (CD 11),1270,555,37,7,1869,0
Precinct,126 - Bonnie Brae (CD 11),1042,366,52,3,1463,0
Precinct,127 - Burke Centre (CD 11),1881,702,75,2,2660,0
Precinct,128 - Cardinal (CD 11),976,365,31,0,1372,0
Precinct,129 - Keene Mill (CD 11),738,305,25,0,1068,0
Precinct,130 - Terra Centre (CD 11),1013,448,45,3,1509,0
Precinct,131 - Eagle View (CD 11),1356,576,36,5,1973,0
Precinct,132 - Monument (CD 11),1618,511,51,4,2184,0
Precinct,133 - Danbury (CD 11),337,102,11,0,450,0
Precinct,134 - University (CD 11),1460,175,54,2,1691,0
Precinct,201 - Armstrong (CD 11),1681,574,61,2,2318,0
Precinct,202 - Flint Hill (CD 11),1188,631,34,7,1860,0
Precinct,203 - Floris (CD 11),1574,680,28,4,2286,0
Precinct,204 - Madison (CD 11),399,114,8,0,521,0
Precinct,208 - Reston #1 (CD 11),1632,427,50,4,2113,0
Precinct,209 - Reston #2 (CD 11),1528,341,41,0,1910,0
Precinct,213 - Vienna #1 (CD 11),1671,712,55,4,2442,0
Precinct,214 - Vienna #2 (CD 11),1328,546,38,9,1921,0
Precinct,216 - Vienna #4 (CD 11),697,257,23,0,977,0
Precinct,218 - Vienna #6 (CD 11),1024,321,21,1,1367,0
Precinct,219 - Westbriar (CD 11),1435,635,39,3,2112,0
Precinct,220 - Dogwood (CD 11),1872,529,41,3,2445,0
Precinct,221 - Hunters Woods (CD 11),1275,429,30,3,1737,0
Precinct,222 - Reston #3 (CD 11),1126,223,24,3,1376,0
Precinct,223 - Glade (CD 11),1786,500,51,8,2345,0
Precinct,224 - South Lakes (CD 11),2241,548,71,6,2866,0
Precinct,225 - Hughes (CD 11),1828,397,58,1,2284,0
Precinct,226 - Wolftrap (CD 11),1447,671,41,7,2166,0
Precinct,227 - Sunrise Valley (CD 11),729,350,32,1,1112,0
Precinct,229 - Fox Mill (CD 10),1908,929,55,3,2895,0
Precinct,233 - North Point (CD 11),1392,652,26,4,2074,0
Precinct,234 - Aldrin (CD 11),1279,440,28,1,1748,0
Precinct,235 - Frying Pan (CD 11),1326,354,28,0,1708,0
Precinct,236 - Stuart (CD 11),621,237,23,1,882,0
Precinct,237 - Mcnair (CD 11),1484,349,44,3,1880,0
Precinct,238 - Cameron Glen (CD 11),1350,577,46,5,1978,0
Precinct,240 - Colvin (CD 10),907,553,22,1,1483,0
Precinct,301 - Chain Bridge (CD 10),1108,574,43,5,1730,0
Precinct,302 - Chesterbrook (CD 8),1033,502,31,8,1574,0
Precinct,303 - Churchill (CD 10),604,262,17,2,885,0
Precinct,304 - Cooper (CD 10),679,408,17,6,1110,0
Precinct,305 - El Nido (CD 8),921,348,29,4,1302,0
Precinct,306 - Great Falls (CD 10),682,534,14,5,1235,0
Precinct,307 - Haycock (CD 8),1033,393,29,6,1461,0
Precinct,309 - Kenmore (CD 10),1248,672,30,11,1961,0
Precinct,310 - Kirby (CD 8),843,307,22,6,1178,0
Precinct,311 - Langley (CD 10),665,416,34,8,1123,0
Precinct,312 - Longfellow (CD 8),1022,422,38,5,1487,0
Precinct,314 - Mclean (CD 10),883,402,39,6,1330,0
Precinct,315 - Pimmit (CD 8),1328,544,47,4,1923,0
Precinct,316 - Salona #1 (CD 8),331,181,9,3,524,0
Precinct,317 - Westhampton (CD 8),959,386,19,8,1372,0
Precinct,318 - Westmoreland (CD 8),566,258,19,2,845,0
Precinct,319 - Herndon #1 (CD 11),1654,636,67,7,2364,0
Precinct,320 - Herndon #2 (CD 11),1855,568,70,3,2496,0
Precinct,321 - Clearview (CD 10),1702,785,70,5,2562,0
Precinct,322 - Forestville (CD 10),974,779,38,10,1801,0
Precinct,323 - Shouse (CD 10),917,455,13,1,1386,0
Precinct,324 - Herndon #3 (CD 11),1589,446,61,2,2098,0
Precinct,325 - Hutchison (CD 11),1075,216,22,0,1313,0
Precinct,327 - Sugarland (CD 10),1440,731,47,1,2219,0
Precinct,328 - Hickory (CD 10),1134,685,44,4,1867,0
Precinct,329 - Seneca (CD 10),1194,792,31,1,2018,0
Precinct,331 - Spring Hill (CD 10),776,391,23,6,1196,0
Precinct,332 - Coates (CD 11),1608,371,39,4,2022,0
Precinct,333 - Salona #2 (CD 8),669,278,26,7,980,0
Precinct,401 - Bush Hill (CD 8),1376,561,43,4,1984,0
Precinct,402 - Cameron (CD 8),547,166,14,1,728,0
Precinct,403 - Forestdale (CD 8),559,205,13,1,778,0
Precinct,404 - Franconia (CD 8),1583,482,35,1,2101,0
Precinct,405 - Groveton (CD 8),907,203,22,2,1134,0
Precinct,406 - Hayfield (CD 8),923,497,43,7,1470,0
Precinct,408 - Mount Eagle (CD 8),1179,202,51,2,1434,0
Precinct,409 - Pioneer (CD 8),1594,486,32,1,2113,0
Precinct,410 - Rose Hill (CD 8),1833,755,77,8,2673,0
Precinct,411 - Virginia Hills (CD 8),1027,317,36,4,1384,0
Precinct,413 - Fairfield (CD 8),1164,144,14,1,1323,0
Precinct,415 - Crestwood (CD 8),1031,450,29,2,1512,0
Precinct,417 - Garfield (CD 8),1479,536,29,7,2051,0
Precinct,418 - Lynbrook (CD 8),881,275,27,5,1188,0
Precinct,419 - Lane (CD 8),1639,386,47,2,2074,0
Precinct,420 - Villages (CD 8),1810,564,46,8,2428,0
Precinct,421 - Kingstowne (CD 8),1544,460,44,7,2055,0
Precinct,422 - Van Dorn (CD 8),1688,443,61,4,2196,0
Precinct,423 - Clermont (CD 8),1190,459,42,4,1695,0
Precinct,424 - Huntley (CD 8),1185,444,48,2,1679,0
Precinct,426 - Greenspring (CD 11),862,404,9,2,1277,0
Precinct,427 - Island Creek (CD 8),1212,382,36,5,1635,0
Precinct,428 - Pinewood (CD 8),1449,202,30,2,1683,0
Precinct,429 - Hybla Valley (CD 8),1419,207,22,4,1652,0
Precinct,501 - Baileys (CD 8),1573,334,31,0,1938,0
Precinct,502 - Barcroft (CD 11),583,213,18,5,819,0
Precinct,503 - Belvedere (CD 11),759,226,24,0,1009,0
Precinct,504 - Bristow (CD 11),1082,319,15,1,1417,0
Precinct,505 - Glen Forest (CD 8),1244,323,38,0,1605,0
Precinct,506 - Holmes #1 (CD 8),257,69,4,2,332,0
Precinct,507 - Lincolnia (CD 8),1483,365,37,3,1888,0
Precinct,508 - Masonville (CD 11),1201,455,35,7,1698,0
Precinct,509 - Plaza (CD 8),571,82,10,0,663,0
Precinct,510 - Parklawn (CD 8),945,326,27,6,1304,0
Precinct,511 - Ravenwood (CD 11),1107,361,37,2,1507,0
Precinct,512 - Sleepy Hollow (CD 11),645,246,31,3,925,0
Precinct,513 - Saint Albans (CD 8),342,136,9,1,488,0
Precinct,513 - Saint Albans (CD 11),749,259,17,1,1026,0
Precinct,514 - Crossroads (CD 8),597,93,9,0,699,0
Precinct,515 - Westlawn (CD 8),771,242,22,0,1035,0
Precinct,516 - Weyanoke (CD 8),1408,353,28,8,1797,0
Precinct,517 - Willston (CD 8),724,232,19,2,977,0
Precinct,518 - Columbia (CD 11),1077,426,26,3,1532,0
Precinct,519 - Hummer (CD 11),791,319,21,2,1133,0
Precinct,520 - Skyline (CD 8),1254,210,20,3,1487,0
Precinct,521 - Brook Hill (CD 8),785,409,22,2,1218,0
Precinct,522 - Camelot (CD 11),602,312,18,3,935,0
Precinct,523 - Poe (CD 8),1097,400,37,5,1539,0
Precinct,525 - Walnut Hill (CD 8),1487,540,42,7,2076,0
Precinct,526 - Bren Mar (CD 8),1636,357,33,4,2030,0
Precinct,527 - Edsall (CD 8),877,353,28,6,1264,0
Precinct,528 - Ridgelea (CD 11),549,239,22,3,813,0
Precinct,530 - Holmes #2 (CD 11),868,162,20,2,1052,0
Precinct,601 - Belle Haven (CD 8),860,405,29,11,1305,0
Precinct,602 - Belleview (CD 8),968,378,36,13,1395,0
Precinct,604 - Bucknell (CD 8),1611,354,37,1,2003,0
Precinct,605 - Fort Hunt (CD 8),974,460,40,6,1480,0
Precinct,606 - Hollin Hall (CD 8),1116,485,53,15,1669,0
Precinct,607 - Huntington (CD 8),1765,423,53,13,2254,0
Precinct,608 - Kirkside (CD 8),924,250,22,3,1199,0
Precinct,609 - Marlan (CD 8),910,440,37,5,1392,0
Precinct,610 - Sherwood (CD 8),925,269,23,7,1224,0
Precinct,611 - Stratford (CD 8),1177,539,29,6,1751,0
Precinct,612 - Waynewood (CD 8),556,275,21,3,855,0
Precinct,613 - Westgate (CD 8),1183,900,30,17,2130,0
Precinct,614 - Riverside (CD 8),789,464,23,4,1280,0
Precinct,615 - Woodley (CD 8),1178,525,36,3,1742,0
Precinct,616 - Gunston (CD 8),823,623,39,1,1486,0
Precinct,617 - Lorton (CD 8),1074,195,12,0,1281,0
Precinct,618 - Newington (CD 11),2181,811,73,9,3074,0
Precinct,619 - Belvoir (CD 8),1456,547,35,3,2041,0
Precinct,621 - Grosvenor (CD 8),1096,235,48,8,1387,0
Precinct,622 - Lorton Station (CD 8),1610,374,32,2,2018,0
Precinct,623 - Alban (CD 8),1351,407,31,8,1797,0
Precinct,626 - Saratoga (CD 8),1451,591,54,4,2100,0
Precinct,627 - Woodlawn (CD 8),1766,432,49,0,2247,0
Precinct,628 - Laurel Hill (CD 11),1811,432,27,2,2272,0
Precinct,629 - South County (CD 11),1218,709,41,1,1969,0
Precinct,630- Army (CD 8),328,130,4,1,463,0
Precinct,701 - Blake (CD 11),1917,592,45,6,2560,0
Precinct,703 - Fort Buffalo (CD 8),1013,244,25,5,1287,0
Precinct,704 - Freedom Hill (CD 11),955,349,15,1,1320,0
Precinct,705 - Graham - Greenway (CD 8),1684,463,54,12,2213,0
Precinct,707 - Mantua (CD 11),965,371,22,3,1361,0
Precinct,708 - Marshall (CD 8),2171,566,77,3,2817,0
Precinct,709 - Mosby (CD 11),1454,398,53,2,1907,0
Precinct,710 - Pine Spring (CD 8),1069,318,37,4,1428,0
Precinct,711 - Price (CD 11),821,353,20,4,1198,0
Precinct,712 - Shreve (CD 8),702,211,29,2,944,0
Precinct,713 - Timber Lane (CD 8),1473,349,36,6,1864,0
Precinct,714 - Walker (CD 11),1392,531,36,3,1962,0
Precinct,717 - Woodburn (CD 11),843,265,40,5,1153,0
Precinct,718 - Pine Ridge (CD 11),1019,370,33,5,1427,0
Precinct,720 - Thoreau (CD 11),1293,482,46,6,1827,0
Precinct,721 - Merrifield (CD 11),1851,365,65,5,2286,0
Precinct,723 - Gallows East (CD 11),860,208,24,0,1092,0
Precinct,726 - Magarity (CD 8),1587,456,44,3,2090,0
Precinct,727 - Oakton (CD 11),991,508,36,2,1537,0
Precinct,729 - Nottoway (CD 11),1456,456,38,6,1956,0
Precinct,730 - Penderbrook (CD 11),1525,565,44,2,2136,0
Precinct,731 - Tysons (CD 11),1256,381,55,6,1698,0
Precinct,732 - Oak Marr (CD 11),1334,706,46,10,2096,0
Precinct,733 - Kilmer (CD 11),1871,539,51,9,2470,0
Precinct,734 - Hunters Branch (CD 11),906,260,50,3,1219,0
Precinct,735 - Rotonda (CD 11),523,190,14,0,727,0
Precinct,801 - Burke (CD 11),1921,701,67,6,2695,0
Precinct,802 - Cedar Lake (CD 11),579,180,17,1,777,0
Precinct,803 - Clifton (CD 10),1216,1268,42,2,2528,0
Precinct,804 - Colchester (CD 10),641,472,11,2,1126,0
Precinct,805 - Fairfax Station (CD 10),582,415,17,3,1017,0
Precinct,806 - Sydenstricker (CD 11),1345,629,35,4,2013,0
Precinct,807 - Hunt Valley (CD 11),821,463,26,2,1312,0
Precinct,811 - Pohick (CD 11),923,286,28,3,1240,0
Precinct,812 - Valley (CD 11),1168,543,35,2,1748,0
Precinct,815 - Woodyard (CD 10),888,747,25,0,1660,0
Precinct,824 - Orange (CD 11),1562,833,62,5,2462,0
Precinct,825 - Cherry Run (CD 11),1117,582,25,3,1727,0
Precinct,827 - Irving (CD 11),1087,503,40,2,1632,0
Precinct,833 - White Oaks (CD 11),1262,511,44,4,1821,0
Precinct,838 - Sangster (CD 10),836,540,26,1,1403,0
Precinct,839 - Silverbrook (CD 10),1285,846,37,6,2174,0
Precinct,840 - West Springfield (CD 11),1219,529,34,7,1789,0
Precinct,841 - Popes Head (CD 10),514,459,18,1,992,0
Precinct,842 - Parkway (CD 11),869,540,24,3,1436,0
Precinct,843 - Fair Lakes (CD 11),1335,542,55,9,1941,0
Precinct,844 - Centerpointe (CD 11),1200,319,41,3,1563,0
Precinct,845 - Fountainhead (CD 10),1297,1031,41,9,2378,0
Precinct,846 - Greenbriar East (CD 11),1449,516,29,1,1995,0
Precinct,847 - Greenbriar West (CD 10),929,456,33,5,1423,0
Precinct,848 - Fair Oaks (CD 11),1281,518,28,1,1828,0
Precinct,849 - Newgate (CD 10),1734,1197,38,10,2979,0
Precinct,850 - South Run (CD 10),1015,704,24,7,1750,0
Precinct,851 - Willow Springs (CD 11),969,557,24,3,1553,0
Precinct,901 - Centre Ridge (CD 11),1332,464,47,0,1843,0
Precinct,902 - Brookfield (CD 10),1741,642,37,1,2421,0
Precinct,903 - Cub Run (CD 10),1470,791,59,3,2323,0
Precinct,904 - Stonecroft (CD 10),558,366,28,3,955,0
Precinct,905 - Franklin (CD 10),385,189,8,2,584,0
Precinct,908 - Hidden Meadow (CD 10),945,504,25,5,1479,0
Precinct,909 - Oak Hill (CD 10),967,424,34,0,1425,0
Precinct,910 - London Towne (CD 11),1571,509,66,6,2152,0
Precinct,911 - Navy (CD 10),1413,639,24,4,2080,0
Precinct,913 - Rocky Run (CD 10),1530,902,35,3,2470,0
Precinct,914 - Vale (CD 10),921,495,35,5,1456,0
Precinct,915 - Virginia Run (CD 10),873,783,39,0,1695,0
Precinct,916 - Waples Mill (CD 10),1589,919,58,5,2571,0
Precinct,917 - Stone North (CD 10),835,358,32,3,1228,0
Precinct,918 - Centreville (CD 11),1809,665,49,3,2526,0
Precinct,919 - Green Trails (CD 11),1698,645,44,4,2391,0
Precinct,920 - Chantilly (CD 10),1207,491,22,4,1724,0
Precinct,921 - Deer Park (CD 10),1254,798,52,7,2111,0
Precinct,923 - Bull Run (CD 10),791,635,21,6,1453,0
Precinct,924 - Spindle (CD 11),860,239,22,2,1123,0
Precinct,925 - Old Mill (CD 10),740,366,17,1,1124,0
Precinct,926 - Powell (CD 11),1820,649,43,3,2515,0
Precinct,927 - Armfield (CD 10),815,371,24,0,1210,0
Precinct,928 - Poplar Tree (CD 10),1123,569,41,1,1734,0
Precinct,929 - Difficult Run (CD 10),268,209,10,3,490,0
Precinct,930 - Lees Corner (CD 10),933,423,38,5,1399,0
Precinct,931 - Carson (CD 10),1144,423,33,1,1601,0
Precinct,932 - Stone South (CD 10),742,242,20,3,1007,0
Precinct,933 - Compton (CD 11),287,127,9,1,424,0
Precinct,Ab - Central Absentee Precinct (CD 10),13480,5506,255,66,19307,0
Precinct,Ab - Central Absentee Precinct (CD 11),27092,7745,491,78,35406,0
Precinct,Ab - Central Absentee Precinct (CD 8),17170,4753,295,58,22276,0
Precinct,Provisional (CD 10),65,28,1,1,95,0
Precinct,Provisional (CD 11),197,47,9,1,254,0
Precinct,Provisional (CD 8),124,33,1,0,158,0
Locality,Falls Church City,5902,1112,144,31,7189,0
Precinct,1 - First Ward,1486,326,42,7,1861,0
Precinct,2 - Second Ward,1176,234,24,14,1448,0
Precinct,3 - Third Ward,1514,363,55,5,1937,0
Precinct,Ab - Central Absentee Precinct,1716,189,23,5,1933,0
Precinct,Provisional,10,0,0,0,10,0
Locality,Fauquier County,13735,17801,634,44,32214,0
Precinct,101 - Kettle Run (CD 5),218,533,15,0,766,0
Precinct,102 - Catlett (CD 1),482,1163,29,1,1675,0
Precinct,103 - Casanova (CD 5),342,470,12,0,824,0
Precinct,104 - Lois (CD 1),239,493,9,0,741,0
Precinct,105 - Opal (CD 5),255,490,14,2,761,0
Precinct,106 - Baldwin Ridge (CD 5),430,600,17,3,1050,0
Precinct,201 - Courthouse (CD 5),974,921,44,3,1942,0
Precinct,202 - Airlie (CD 5),713,880,37,2,1632,0
Precinct,203 - Warrenton (CD 5),898,860,37,3,1798,0
Precinct,301 - Morrisville (CD 1),326,776,19,1,1122,0
Precinct,302 - Remington (CD 5),678,979,32,1,1690,0
Precinct,303 - Bealeton (CD 1),915,1050,44,2,2011,0
Precinct,401 - Marshall (CD 5),769,917,28,4,1718,0
Precinct,402 - Leeds (CD 5),734,752,25,2,1513,0
Precinct,403 - Waterloo (CD 5),693,1106,49,3,1851,0
Precinct,404 - Springs Valley (CD 5),339,486,15,4,844,0
Precinct,501 - The Plains (CD 5),748,648,26,2,1424,0
Precinct,502 - New Baltimore (CD 5),632,958,47,2,1639,0
Precinct,503 - Broad Run (CD 5),569,807,35,3,1414,0
Precinct,504 - Vint Hill (CD 5),1031,1383,49,4,2467,0
Precinct,Ab - Central Absentee Precinct (CD 1),177,206,10,1,394,0
Precinct,Ab - Central Absentee Precinct (CD 5),1562,1312,41,1,2916,0
Precinct,Provisional (CD 1),0,0,0,0,0,0
Precinct,Provisional (CD 5),11,11,0,0,22,0
Locality,Floyd County,2480,4180,78,8,6746,0
Precinct,101 - Locust Grove,411,772,13,1,1197,0
Precinct,201 - Little River,537,833,30,2,1402,0
Precinct,301 - Courthouse,514,620,11,1,1146,0
Precinct,401 - Burks Fork,335,771,8,1,1115,0
Precinct,501 - Indian Valley,310,870,14,3,1197,0
Precinct,Ab - Central Absentee Precinct,372,312,2,0,686,0
Precinct,Provisional,1,2,0,0,3,0
Locality,Fluvanna County,5981,5793,217,10,12001,0
Precinct,101 - Palmyra,1286,1087,56,1,2430,0
Precinct,201 - Columbia,761,820,33,2,1616,0
Precinct,301 - Fork Union,876,854,24,2,1756,0
Precinct,401 - Cunningham,914,1346,42,4,2306,0
Precinct,501 - Rivanna,1331,1132,51,1,2515,0
Precinct,Ab - Central Absentee Precinct,808,550,11,0,1369,0
Precinct,Provisional,5,4,0,0,9,0
Locality,Franklin City,1894,1065,30,2,2991,0
Precinct,101 - Precinct 1-1,237,416,14,1,668,0
Precinct,201 - Precinct 2-1,228,299,7,0,534,0
Precinct,301 - Precinct 3-1,394,28,1,1,424,0
Precinct,401 - Precinct 4-1,284,28,3,0,315,0
Precinct,501 - Precinct 5-1,336,11,1,0,348,0
Precinct,601 - Precinct 6-1,299,221,3,0,523,0
Precinct,Ab - Central Absentee Precinct,115,61,1,0,177,0
Precinct,Provisional,1,1,0,0,2,0
Locality,Franklin County,6995,14849,321,16,22181,0
Precinct,102 - Burnt Chimney,443,1045,33,3,1524,0
Precinct,103 - Scruggs,746,1838,39,0,2623,0
Precinct,201 - Glade Hill,300,860,23,1,1184,0
Precinct,202 - Penhook,346,653,7,0,1006,0
Precinct,203 - Hodgesville,66,140,1,0,207,0
Precinct,204 - Dudley,241,548,7,0,796,0
Precinct,301 - Snow Creek,133,412,9,0,554,0
Precinct,302 - Fork Mountain,115,395,10,0,520,0
Precinct,303 - Sontag,412,516,10,1,939,0
Precinct,304 - Dickinson,191,234,5,0,430,0
Precinct,401 - Henry,194,716,11,2,923,0
Precinct,402 - Ferrum,186,366,3,0,555,0
Precinct,403 - Endicott,152,405,5,0,562,0
Precinct,501 - Waidsboro,204,471,9,0,684,0
Precinct,502 - Callaway,248,692,9,2,951,0
Precinct,503 - Bowmans,155,356,12,0,523,0
Precinct,504 - Gogginsville,215,592,20,1,828,0
Precinct,601 - Boones Mill,357,848,18,1,1224,0
Precinct,602 - Bonbrook,308,813,17,1,1139,0
Precinct,603 - Coopers Cove,189,649,11,1,850,0
Precinct,701 - Rocky Mount East,470,651,25,1,1147,0
Precinct,702 - Rocky Mount West,426,433,6,1,866,0
Precinct,703 - Rocky Mount South,324,390,11,1,726,0
Precinct,Ab - Central Absentee Precinct,572,822,20,0,1414,0
Precinct,Provisional,2,4,0,0,6,0
Locality,Frederick County,12885,20640,637,55,34217,0
Precinct,101 - Russells,331,975,22,1,1329,0
Precinct,102 - Gore,397,1017,20,3,1437,0
Precinct,103 - Kernstown,611,1025,28,3,1667,0
Precinct,104 - Cedar Creek,317,640,19,1,977,0
Precinct,201 - Gainesborough,217,704,10,0,931,0
Precinct,202 - Albin,449,923,19,2,1393,0
Precinct,203 - Redland,587,1204,29,2,1822,0
Precinct,204 - Nain,475,1006,22,2,1505,0
Precinct,301 - Clear Brook,251,633,8,1,893,0
Precinct,302 - Neff's Town,975,1023,56,8,2062,0
Precinct,303 - White Hall,670,1290,38,2,2000,0
Precinct,401 - Carpers Valley,621,879,28,2,1530,0
Precinct,402 - Shenandoah,277,490,13,1,781,0
Precinct,403 - Parkin's Mill,603,880,41,3,1527,0
Precinct,404 - Armel,592,843,28,5,1468,0
Precinct,501 - Stephens City,707,966,38,5,1716,0
Precinct,502 - Newtown,784,1154,51,1,1990,0
Precinct,503 - Canterburg,878,1201,31,0,2110,0
Precinct,601 - Millbrook,424,602,18,1,1045,0
Precinct,602 - Ash Hollow,640,699,46,1,1386,0
Precinct,603 - Greenwood,1010,1319,47,7,2383,0
Precinct,Ab - Central Absentee Precinct,1058,1159,25,4,2246,0
Precinct,Provisional,11,8,0,0,19,0
Locality,Fredericksburg City,6621,2832,237,20,9710,0
Precinct,101 - Precinct 1 - District One,1542,840,43,3,2428,0
Precinct,201 - Precinct 1 - District Two,1731,636,75,8,2450,0
Precinct,301 - Precinct 1 - District Three,1234,665,53,4,1956,0
Precinct,401 - Precinct 1 - District Four,968,216,28,3,1215,0
Precinct,402 - Precinct 2 - District Four,547,169,20,1,737,0
Precinct,Ab - Central Absentee Precinct,584,304,18,1,907,0
Precinct,Provisional,15,2,0,0,17,0
Locality,Galax City,620,1198,12,0,1830,0
Precinct,1 - East,246,479,5,0,730,0
Precinct,2 - North,166,336,4,0,506,0
Precinct,3 - South,144,297,2,0,443,0
Precinct,Ab - Central Absentee Precinct,64,85,1,0,150,0
Precinct,Provisional,0,1,0,0,1,0
Locality,Giles County,2036,4500,97,5,6638,0
Precinct,101 - Glen Lyn,18,63,2,0,83,0
Precinct,102 - Rich Creek,99,264,2,0,365,0
Precinct,103 - Narrows,360,827,12,1,1200,0
Precinct,201 - Pearisburg,464,1143,24,2,1633,0
Precinct,202 - Staffordsville,63,198,4,0,265,0
Precinct,203 - White Gate,24,158,3,0,185,0
Precinct,301 - Eggleston,164,338,9,0,511,0
Precinct,302 - Pembroke,380,825,20,1,1226,0
Precinct,303 - Newport,276,398,12,0,686,0
Precinct,Ab - Central Absentee Precinct,188,285,9,1,483,0
Precinct,Provisional,0,1,0,0,1,0
Locality,Gloucester County,5529,9816,277,15,15637,0
Precinct,101 - Harcum,338,726,16,0,1080,0
Precinct,102 - Salem,296,620,14,0,930,0
Precinct,103 - Peasley,218,474,11,2,705,0
Precinct,201 - Courthouse,493,666,16,2,1177,0
Precinct,202 - Botetourt,656,1023,33,0,1712,0
Precinct,301 - White Marsh,429,839,23,1,1292,0
Precinct,302 - Roanes,557,1047,28,1,1633,0
Precinct,401 - Hayes,606,939,24,1,1570,0
Precinct,402 - Sarahs Creek,518,784,21,1,1324,0
Precinct,501 - Achilles,545,1310,39,2,1896,0
Precinct,502 - Walker,455,823,32,2,1312,0
Precinct,Ab - Central Absentee Precinct,415,563,20,3,1001,0
Precinct,Provisional,3,2,0,0,5,0
Locality,Goochland County,5443,7472,279,31,13225,0
Precinct,101 - Fife,346,440,21,0,807,0
Precinct,102 - Hadensville,497,769,22,4,1292,0
Precinct,201 - Three Square,212,164,9,0,385,0
Precinct,202 - Sandy Hook,754,933,30,2,1719,0
Precinct,301 - Goochland Court House 1,483,670,15,1,1169,0
Precinct,302 - Goochland Court House 2,209,315,15,1,540,0
Precinct,401 - Shallow Well,479,590,31,0,1100,0
Precinct,402 - Centerville,692,1231,33,4,1960,0
Precinct,501 - Manakin,706,1114,48,8,1876,0
Precinct,502 - Blair Road,423,666,30,3,1122,0
Precinct,Ab - Central Absentee Precinct,638,574,25,8,1245,0
Precinct,Provisional,4,6,0,0,10,0
Locality,Grayson County,1412,4249,67,5,5733,0
Precinct,101 - Bridle Creek,69,150,1,0,220,0
Precinct,102 - Flatridge,34,94,0,0,128,0
Precinct,103 - Grant,83,160,1,0,244,0
Precinct,104 - Mouth Of Wilson,57,94,2,1,154,0
Precinct,105 - Mount Rogers,35,135,0,0,170,0
Precinct,106 - Rugby,39,130,2,0,171,0
Precinct,107 - Troutdale,23,89,2,0,114,0
Precinct,108 - Comers Rock,50,113,1,0,164,0
Precinct,202 - Elk Creek,84,284,4,0,372,0
Precinct,203 - Independence,259,714,12,4,989,0
Precinct,301 - Baywood,122,450,8,0,580,0
Precinct,302 - Fairview,151,606,10,0,767,0
Precinct,401 - Fries,92,208,4,0,304,0
Precinct,402 - Providence,112,506,6,0,624,0
Precinct,403 - Oldtown,77,213,8,0,298,0
Precinct,Ab - Central Absentee Precinct,125,303,6,0,434,0
Precinct,Provisional,0,0,0,0,0,0
Locality,Greene County,3183,4749,190,8,8130,0
Precinct,101 - Dyke,234,486,10,0,730,0
Precinct,102 - Swift Run,375,589,24,1,989,0
Precinct,201 - Ruckersville,736,1062,49,2,1849,0
Precinct,301 - Stanardsville,581,1030,34,2,1647,0
Precinct,401 - Midway,892,1185,57,2,2136,0
Precinct,Ab - Central Absentee Precinct,364,395,16,1,776,0
Precinct,Provisional,1,2,0,0,3,0
Locality,Greensville County,2109,1363,19,0,3491,0
Precinct,101 - Precinct 1-a,245,127,0,0,372,0
Precinct,102 - Precinct 1-b,73,94,1,0,168,0
Precinct,103 - Precinct 1-c,210,35,1,0,246,0
Precinct,201 - Precinct 2-a,312,108,1,0,421,0
Precinct,202 - Precinct 2-b,204,296,3,0,503,0
Precinct,302 - Precinct 3-a,640,293,4,0,937,0
Precinct,401 - Precinct 4-a,86,155,5,0,246,0
Precinct,402 - Precinct 4-b,260,148,0,0,408,0
Precinct,403 - Precinct 4-c,79,106,4,0,189,0
Precinct,Provisional,0,1,0,0,1,0
Locality,Halifax County,5869,7691,119,7,13686,0
Precinct,101 - Childrey,257,343,5,0,605,0
Precinct,102 - Liberty,113,188,1,0,302,0
Precinct,103 - Republican Grove,302,325,3,0,630,0
Precinct,201 - Clays Mill,148,312,3,0,463,0
Precinct,202 - Crossroads,182,248,5,0,435,0
Precinct,203 - Clover,334,317,4,0,655,0
Precinct,302 - Meadville,190,81,2,0,273,0
Precinct,304 - Vernon Hill,159,305,2,0,466,0
Precinct,305 - Sinai,521,301,8,1,831,0
Precinct,401 - Courthouse,404,376,11,1,792,0
Precinct,403 - Center,236,499,9,0,744,0
Precinct,502 - Dan River,408,650,17,0,1075,0
Precinct,503 - Scottsburg,126,402,2,0,530,0
Precinct,601 - Black Walnut,203,419,6,1,629,0
Precinct,603 - Mt Carmel,429,493,8,0,930,0
Precinct,605 - Union,94,177,1,0,272,0
Precinct,701 - Hyco,239,662,3,0,904,0
Precinct,702 - Midway,104,478,10,0,592,0
Precinct,703 - Virgilina,101,296,3,1,401,0
Precinct,801 - South Boston,833,335,7,1,1176,0
Precinct,Ab - Central Absentee Precinct,484,482,9,2,977,0
Precinct,Provisional,2,2,0,0,4,0
Locality,Hampton City,37078,12696,651,72,50497,0
Precinct,101 - Aberdeen (CD 3),1253,170,12,2,1437,0
Precinct,102 - Bassette (CD 3),1456,70,5,3,1534,0
Precinct,103 - City Hall (CD 3),798,122,11,0,931,0
Precinct,104 - Cooper (CD 3),2001,228,23,3,2255,0
Precinct,105 - East Hampton (CD 3),1477,173,15,2,1667,0
Precinct,106 - Armstrong (CD 3),1178,485,16,2,1681,0
Precinct,107 - Lindsay (CD 3),1280,213,11,1,1505,0
Precinct,108 - Thomas (CD 3),1654,193,18,0,1865,0
Precinct,109 - Phenix (CD 3),1676,86,10,4,1776,0
Precinct,110 - Phoebus (CD 2),310,144,8,0,462,0
Precinct,111 - Hampton Library (CD 3),378,232,15,1,626,0
Precinct,112 - Smith (CD 3),1511,447,36,7,2001,0
Precinct,115 - Wythe (CD 3),591,358,17,2,968,0
Precinct,116 - Jones (CD 3),596,142,16,1,755,0
Precinct,117 - Kecoughtan (CD 3),1006,254,15,3,1278,0
Precinct,118 - Mallory (CD 3),1708,161,16,5,1890,0
Precinct,201 - Booker (CD 2),995,808,35,2,1840,0
Precinct,202 - Bryan (CD 2),1100,678,33,7,1818,0
Precinct,203 - Burbank (CD 2),837,421,30,1,1289,0
Precinct,204 - Forrest (CD 3),1058,396,10,3,1467,0
Precinct,205 - Asbury (CD 2),1132,1409,44,0,2585,0
Precinct,208 - Kraft (CD 3),1626,817,35,2,2480,0
Precinct,209 - Langley (CD 2),931,564,32,1,1528,0
Precinct,210 - Machen (CD 3),1873,490,26,1,2390,0
Precinct,212 - Bethel (CD 3),1987,520,33,3,2543,0
Precinct,213 - Phillips (CD 2),1328,1051,40,5,2424,0
Precinct,214 - Tucker Capps (CD 3),1331,632,27,1,1991,0
Precinct,215 - Tyler (CD 3),340,59,10,5,414,0
Precinct,215 - Tyler (CD 2),35,9,1,0,45,0
Precinct,216 - Sandy Bottom (CD 3),829,337,13,3,1182,0
Precinct,217 - Syms (CD 3),445,384,8,1,838,0
Precinct,Ab - Central Absentee Precinct (CD 2),468,270,12,0,750,0
Precinct,Ab - Central Absentee Precinct (CD 3),1820,363,17,1,2201,0
Precinct,Provisional (CD 2),20,3,0,0,23,0
Precinct,Provisional (CD 3),50,7,1,0,58,0
Locality,Hanover County,20228,32333,1082,91,53734,0
Precinct,101 - Ashland,721,479,23,1,1224,0
Precinct,104 - Sliding Hill,694,704,31,2,1431,0
Precinct,105 - Berkley,706,363,35,3,1107,0
Precinct,106 - Kersey Creek,350,476,19,0,845,0
Precinct,107 - Chickahominy,544,596,24,5,1169,0
Precinct,201 - Beaverdam,483,1229,41,3,1756,0
Precinct,202 - Blunts,374,535,10,0,919,0
Precinct,203 - Wilmington Parish,514,879,19,1,1413,0
Precinct,206 - Courthouse,601,615,27,3,1246,0
Precinct,208 - Oak Knoll,446,823,18,0,1287,0
Precinct,209 - West Hanover,122,234,7,0,363,0
Precinct,210 - Oak Hill,157,314,12,2,485,0
Precinct,301 - Clay,546,1092,28,3,1669,0
Precinct,303 - Shady Grove,554,971,28,3,1556,0
Precinct,304 - Atlee,1582,1910,75,8,3575,0
Precinct,305 - Cool Spring,664,898,57,4,1623,0
Precinct,401 - Battlefield,414,1253,30,4,1701,0
Precinct,403 - Cold Harbor,661,1349,35,1,2046,0
Precinct,404 - Black Creek,405,1475,30,3,1913,0
Precinct,405 - Pebble Creek,424,619,12,1,1056,0
Precinct,406 - Beaverdam Creek,138,235,3,0,376,0
Precinct,502 - Rural Point,602,1034,27,3,1666,0
Precinct,503 - Newman,543,741,31,5,1320,0
Precinct,504 - Studley,253,797,31,1,1082,0
Precinct,505 - Totopotomoy,226,614,18,1,859,0
Precinct,506 - Georgetown,419,821,22,1,1263,0
Precinct,507 - Laurel Meadow,472,983,31,4,1490,0
Precinct,601 - Village,776,1532,64,2,2374,0
Precinct,602 - Lee Davis,612,1171,36,2,1821,0
Precinct,603 - Mechanicsville,558,617,27,4,1206,0
Precinct,604 - Hanover Grove,385,732,20,2,1139,0
Precinct,701 - Farrington,523,1042,29,1,1595,0
Precinct,702 - Montpelier,603,834,25,0,1462,0
Precinct,703 - Rockville,548,987,32,4,1571,0
Precinct,704 - Elmont,681,965,27,1,1674,0
Precinct,705 - South Anna,303,577,22,1,903,0
Precinct,Ab - Central Absentee Precinct,1603,1819,76,11,3509,0
Precinct,Provisional,21,18,0,1,40,0
Locality,Harrisonburg City,9234,4056,404,30,13724,0
Precinct,101 - Northeast,1326,501,60,9,1896,0
Precinct,102 - East Central,704,186,37,2,929,0
Precinct,103 - Southeast,1263,473,60,4,1800,0
Precinct,104 - East,1119,547,44,1,1711,0
Precinct,105 - South East Central,814,257,38,4,1113,0
Precinct,201 - Northwest,1086,602,56,0,1744,0
Precinct,202 - Southwest,1185,599,58,1,1843,0
Precinct,203 - West,1134,520,37,4,1695,0
Precinct,Ab - Central Absentee Precinct,598,367,14,5,984,0
Precinct,Provisional,5,4,0,0,9,0
Locality,Henrico County,94826,47786,2678,246,145536,0
Precinct,101 - Coalpit (CD 7),1418,1058,51,4,2531,0
Precinct,102 - Dumbarton (CD 7),1516,420,39,3,1978,0
Precinct,103 - Glen Allen (CD 7),1422,1220,38,1,2681,0
Precinct,105 - Greendale (CD 7),1292,652,56,3,2003,0
Precinct,106 - Hermitage (CD 7),1161,666,48,3,1878,0
Precinct,108 - Hungary Creek (CD 7),1452,1071,37,3,2563,0
Precinct,109 - Hunton (CD 7),296,354,10,2,662,0
Precinct,110 - Johnson (CD 7),1537,499,35,1,2072,0
Precinct,111 - Lakeside (CD 7),1533,878,58,1,2470,0
Precinct,112 - Longan (CD 7),979,719,32,1,1731,0
Precinct,113 - Maude Trevvett (CD 7),443,317,18,0,778,0
Precinct,114 - Monument Hills (CD 7),443,300,18,4,765,0
Precinct,115 - Staples Mill (CD 7),1340,1210,48,7,2605,0
Precinct,117 - Westwood (CD 7),912,474,32,4,1422,0
Precinct,201 - Adams (CD 4),1236,62,8,0,1306,0
Precinct,202 - Azalea (CD 7),1797,96,14,2,1909,0
Precinct,203 - Belmont (CD 7),1135,370,42,0,1547,0
Precinct,204 - Brookland (CD 7),290,175,1,0,466,0
Precinct,205 - Canterbury (CD 7),288,256,7,0,551,0
Precinct,206 - Central Gardens (CD 4),1586,35,7,0,1628,0
Precinct,207 - Chamberlayne (CD 7),1382,365,28,0,1775,0
Precinct,208 - Fairfield (CD 4),1392,44,8,1,1445,0
Precinct,209 - Glen Lea (CD 4),977,122,7,1,1107,0
Precinct,210 - Greenwood (CD 7),874,155,14,3,1046,0
Precinct,211 - Highland Gardens (CD 4),626,27,3,0,656,0
Precinct,212 - Hollybrook (CD 7),447,133,11,0,591,0
Precinct,213 - Hungary (CD 7),895,179,16,2,1092,0
Precinct,214 - Longdale (CD 7),749,289,17,0,1055,0
Precinct,215 - Maplewood (CD 4),1679,61,12,0,1752,0
Precinct,216 - Moody (CD 7),414,269,24,0,707,0
Precinct,217 - Mountain (CD 7),345,171,16,1,533,0
Precinct,218 - Oakview (CD 7),56,50,3,0,109,0
Precinct,219 - Randolph (CD 7),193,39,2,0,234,0
Precinct,220 - Ratcliffe (CD 4),1961,101,10,2,2074,0
Precinct,221 - Stratford Hall (CD 7),156,81,6,1,244,0
Precinct,222 - Wilder (CD 7),1147,196,15,0,1358,0
Precinct,223 - Yellow Tavern (CD 7),1331,720,37,3,2091,0
Precinct,224 - Essex Village (CD 4),370,11,2,0,383,0
Precinct,301 - Causeway (CD 7),823,577,34,4,1438,0
Precinct,302 - Cedarfield (CD 7),926,862,37,4,1829,0
Precinct,303 - Innsbrook (CD 7),1233,715,40,8,1996,0
Precinct,304 - Jackson Davis (CD 7),557,541,23,0,1121,0
Precinct,305 - Nuckols Farm (CD 7),1169,1024,48,6,2247,0
Precinct,306 - Pocahontas (CD 7),1019,699,47,5,1770,0
Precinct,307 - Ridge (CD 7),563,426,30,3,1022,0
Precinct,308 - Rivers Edge (CD 7),1074,924,49,3,2050,0
Precinct,309 - Sadler (CD 7),1190,768,33,7,1998,0
Precinct,310 - Shady Grove (CD 7),1118,1011,36,8,2173,0
Precinct,311 - Short Pump (CD 7),1609,992,49,6,2656,0
Precinct,312 - Springfield (CD 7),769,465,20,2,1256,0
Precinct,313 - Stoney Run (CD 7),1438,1062,69,10,2579,0
Precinct,314 - Three Chopt (CD 7),1043,756,49,4,1852,0
Precinct,315 - Tucker (CD 7),1505,450,42,2,1999,0
Precinct,401 - Quioccasin (CD 7),1154,708,43,1,1906,0
Precinct,402 - Crestview (CD 7),1012,462,32,3,1509,0
Precinct,403 - Derbyshire (CD 7),656,710,41,3,1410,0
Precinct,404 - Freeman (CD 7),696,504,39,1,1240,0
Precinct,405 - Gayton (CD 7),1054,994,57,7,2112,0
Precinct,406 - Godwin (CD 7),965,646,45,4,1660,0
Precinct,407 - Lakewood (CD 7),686,618,39,1,1344,0
Precinct,408 - Lauderdale (CD 7),933,617,33,3,1586,0
Precinct,409 - Maybeury (CD 7),996,756,63,7,1822,0
Precinct,410 - Mooreland (CD 7),506,579,32,3,1120,0
Precinct,411 - Pemberton (CD 7),934,496,33,5,1468,0
Precinct,412 - Pinchbeck (CD 7),1147,746,46,3,1942,0
Precinct,413 - Ridgefield (CD 7),1146,926,52,9,2133,0
Precinct,414 - Rollingwood (CD 7),802,532,31,0,1365,0
Precinct,415 - Skipwith (CD 7),591,344,27,4,966,0
Precinct,416 - Spottswood (CD 7),460,302,28,0,790,0
Precinct,417 - Tuckahoe (CD 7),1205,1211,78,7,2501,0
Precinct,418 - Welborne (CD 7),753,431,24,3,1211,0
Precinct,419 - West End (CD 7),935,781,45,9,1770,0
Precinct,501 - Antioch (CD 4),373,862,21,0,1256,0
Precinct,502 - Cedar Fork (CD 4),673,91,5,1,770,0
Precinct,503 - Chickahominy (CD 4),725,694,15,2,1436,0
Precinct,504 - Donahoe (CD 4),757,268,7,5,1037,0
Precinct,505 - Dorey (CD 4),949,733,19,1,1702,0
Precinct,506 - Eanes (CD 4),1149,299,19,1,1468,0
Precinct,507 - Elko (CD 4),99,347,8,0,454,0
Precinct,508 - Highland Springs (CD 4),992,164,7,1,1164,0
Precinct,509 - Laburnum (CD 4),962,262,13,2,1239,0
Precinct,510 - Mehfoud (CD 4),1034,315,16,1,1366,0
Precinct,511 - Montrose (CD 4),2110,233,17,0,2360,0
Precinct,512 - Nine Mile (CD 4),472,206,16,1,695,0
Precinct,513 - Pleasants (CD 4),1659,166,11,1,1837,0
Precinct,514 - Rolfe (CD 4),2800,226,19,1,3046,0
Precinct,515 - Sandston (CD 4),466,676,21,0,1163,0
Precinct,516 - Sullivans (CD 4),892,374,19,0,1285,0
Precinct,517 - Town Hall (CD 4),274,337,14,1,626,0
Precinct,518 - Whitlocks (CD 4),615,731,23,2,1371,0
Precinct,AB - Central Absentee Precinct (CD 4),1954,405,22,0,2381,0
Precinct,Ab - Central Absentee Precinct (CD 7),5937,2858,158,28,8981,0
Precinct,Provisional (CD 4),51,4,0,0,55,0
Precinct,Provisional (CD 7),146,55,4,0,205,0
Locality,Henry County,7061,11471,190,6,18728,0
Precinct,101 - Bassett Number Two (CD 9),205,181,2,0,388,0
Precinct,102 - Gunville (CD 9),156,576,9,0,741,0
Precinct,103 - Scott's Tanyard (CD 9),313,937,19,0,1269,0
Precinct,201 - Fieldale (CD 9),202,286,6,0,494,0
Precinct,202 - Horsepasture #1 (CD 9),341,538,4,0,883,0
Precinct,203 - Horsepasture #2 (CD 9),604,200,4,0,808,0
Precinct,204 - Spencer (CD 9),271,656,6,0,933,0
Precinct,302 - Axton (CD 5),319,275,10,0,604,0
Precinct,303 - Irisburg (CD 5),495,557,8,0,1060,0
Precinct,304 - Mount Olivet (CD 5),676,533,8,0,1217,0
Precinct,304 - Mount Olivet (CD 9),4,0,0,0,4,0
Precinct,305 - Mountain Valley (CD 5),240,292,8,0,540,0
Precinct,401 - Collinsville Number 1 (CD 9),167,381,9,1,558,0
Precinct,402 - Daniels Creek (CD 9),215,400,6,0,621,0
Precinct,404 - Collinsville Number 2 (CD 9),388,643,21,0,1052,0
Precinct,405 - Mountain View (CD 5),268,336,4,1,609,0
Precinct,501 - Bassett Number One (CD 9),230,239,3,0,472,0
Precinct,502 - Figsboro (CD 9),189,488,5,0,682,0
Precinct,503 - Stanleytown (CD 9),193,787,15,2,997,0
Precinct,504 - Oak Level (CD 9),119,261,6,0,386,0
Precinct,505 - Dyers Store (CD 5),13,44,0,0,57,0
Precinct,505 - Dyers Store (CD 9),139,212,4,1,356,0
Precinct,601 - Fontaine (CD 9),275,598,11,0,884,0
Precinct,602 - Hillcrest (CD 9),152,186,5,0,343,0
Precinct,603 - Ridgeway #1 (CD 5),270,700,6,1,977,0
Precinct,604 - Ridgeway #2 (CD 9),202,543,1,0,746,0
Precinct,Ab - Central Absentee Precinct (CD 5),154,151,4,0,309,0
Precinct,Ab - Central Absentee Precinct (CD 9),256,463,6,0,725,0
Precinct,Provisional (CD 5),3,2,0,0,5,0
Precinct,Provisional (CD 9),2,6,0,0,8,0
Locality,Highland County,400,772,12,0,1184,0
Precinct,1 - Monterey,158,224,5,0,387,0
Precinct,3 - Wilsons Mill,30,61,2,0,93,0
Precinct,5 - Blue Grass,77,147,0,0,224,0
Precinct,7 - Mill Gap,54,87,1,0,142,0
Precinct,8 - Mcdowell,65,191,4,0,260,0
Precinct,10 - Headwaters,16,62,0,0,78,0
Precinct,Provisional,0,0,0,0,0,0
Locality,Hopewell City,3878,2894,107,5,6884,0
Precinct,101 - Ward One,366,330,21,1,718,0
Precinct,201 - Ward Two,559,91,8,1,659,0
Precinct,301 - Ward Three,377,753,25,0,1155,0
Precinct,401 - Ward Four,772,594,9,2,1377,0
Precinct,501 - Ward Five,381,547,12,0,940,0
Precinct,601 - Ward Six,686,94,13,1,794,0
Precinct,701 - Ward Seven,488,282,16,0,786,0
Precinct,Ab - Central Absentee Precinct,244,202,3,0,449,0
Precinct,Provisional,5,1,0,0,6,0
Locality,Isle of Wight County,7357,9171,263,18,16809,0
Precinct,101 - Smithfield,779,1149,40,1,1969,0
Precinct,102 - Cypress Creek,677,892,28,0,1597,0
Precinct,201 - Bartlett,769,1132,37,5,1943,0
Precinct,202 - Carrollton,941,1023,35,3,2002,0
Precinct,301 - Rushmere,763,611,22,1,1397,0
Precinct,302 - Pons,906,464,10,1,1381,0
Precinct,401 - Courthouse,171,394,7,2,574,0
Precinct,402 - Windsor,419,711,22,0,1152,0
Precinct,403 - Longview,502,613,19,1,1135,0
Precinct,501 - Walters,183,451,6,0,640,0
Precinct,502 - Camps Mill,181,140,0,0,321,0
Precinct,503 - Carrsville,193,264,5,0,462,0
Precinct,504 - Zuni,255,536,14,1,806,0
Precinct,505 - Raynor,118,324,4,0,446,0
Precinct,Ab - Central Absentee Precinct,496,463,14,3,976,0
Precinct,Provisional,4,4,0,0,8,0
Locality,James City County,20146,17955,664,58,38823,0
Precinct,101 - Berkeley A (CD 1),1088,1083,43,2,2216,0
Precinct,102 - Berkeley B (CD 1),779,663,40,4,1486,0
Precinct,103 - Berkeley C (CD 1),1355,1569,46,6,2976,0
Precinct,104- Berkeley D (CD 2),396,284,17,1,698,0
Precinct,201 - Jamestown A (CD 2),401,244,12,0,657,0
Precinct,202 - Jamestown B (CD 1),1298,715,51,2,2066,0
Precinct,202 - Jamestown B (CD 2),3,0,0,0,3,0
Precinct,203 - Jamestown C (CD 1),901,815,32,4,1752,0
Precinct,204 - Jamestown D (CD 1),1162,1241,48,2,2453,0
Precinct,301 - Powhatan A (CD 1),1215,1280,33,1,2529,0
Precinct,302 - Powhatan B (CD 1),436,273,16,1,726,0
Precinct,303 - Powhatan C (CD 1),304,554,8,0,866,0
Precinct,304 - Powhatan D (CD 1),1233,759,34,5,2031,0
Precinct,401 - Stonehouse A (CD 1),1133,1220,54,4,2411,0
Precinct,402 - Stonehouse B (CD 1),1633,1567,46,2,3248,0
Precinct,403 - Stonehouse C (CD 1),910,1178,34,0,2122,0
Precinct,501 - Roberts A (CD 2),756,230,13,1,1000,0
Precinct,502 - Roberts B (CD 2),966,1331,29,11,2337,0
Precinct,503 - Roberts C (CD 2),272,102,11,1,386,0
Precinct,504 - Roberts D (CD 1),10,8,0,0,18,0
Precinct,504 - Roberts D (CD 2),1207,906,38,3,2154,0
Precinct,AB - Central Absentee Precinct (CD 2),670,453,15,0,1138,0
Precinct,Ab - Central Absentee Precinct (CD 1),1992,1469,44,8,3513,0
Precinct,Provisional (CD 1),18,8,0,0,26,0
Precinct,Provisional (CD 2),8,3,0,0,11,0
Locality,King and Queen County,1318,1615,38,3,2974,0
Precinct,101 - Owenton,315,214,5,0,534,0
Precinct,201 - Clarks,228,355,8,1,592,0
Precinct,301 - Shacklefords,243,317,8,1,569,0
Precinct,401 - Courthouse,286,285,10,1,582,0
Precinct,501 - Oldmill,142,349,6,0,497,0
Precinct,Ab - Central Absentee Precinct,104,93,1,0,198,0
Precinct,Provisional,0,2,0,0,2,0
Locality,King George County,3976,5546,213,15,9750,0
Precinct,101 - Courthouse,653,962,46,0,1661,0
Precinct,102 - Passapatanzy,302,501,13,0,816,0
Precinct,201 - Monroe,806,1380,57,6,2249,0
Precinct,301 - Dahlgren,920,992,41,6,1959,0
Precinct,401 - Shiloh,846,1227,35,1,2109,0
Precinct,Ab - Central Absentee Precinct,443,480,21,2,946,0
Precinct,Provisional,6,4,0,0,10,0
Locality,King William County,2675,4707,122,14,7518,0
Precinct,101 - West Point,510,794,27,2,1333,0
Precinct,201 - Sweet Hall,186,316,15,0,517,0
Precinct,202 - Courthouse,410,485,9,3,907,0
Precinct,301 - Aylett,404,961,29,1,1395,0
Precinct,401 - Manquin,494,997,19,8,1518,0
Precinct,501 - Mangohick,545,968,19,0,1532,0
Precinct,Ab - Central Absentee Precinct,126,186,4,0,316,0
Precinct,Provisional,0,0,0,0,0,0
Locality,Lancaster County,2683,2947,74,2,5706,0
Precinct,101 - Precinct 1-1,402,582,19,0,1003,0
Precinct,201 - Precinct 2-1,551,338,10,1,900,0
Precinct,301 - Precinct 3-1,266,486,10,0,762,0
Precinct,302 - Precinct 3-2,160,246,6,0,412,0
Precinct,401 - Precinct 4-1,575,304,6,1,886,0
Precinct,501 - Precinct 5-1,460,683,15,0,1158,0
Precinct,Ab - Central Absentee Precinct,268,308,8,0,584,0
Precinct,Provisional,1,0,0,0,1,0
Locality,Lee County,1671,5096,52,2,6821,0
Precinct,101 - Elydale,76,230,4,0,310,0
Precinct,102 - Ewing,70,250,2,0,322,0
Precinct,103 - Rose Hill,146,471,6,0,623,0
Precinct,201 - Blackwater,44,89,1,1,135,0
Precinct,202 - Flatwoods,91,409,3,0,503,0
Precinct,203 - Jonesville,197,564,4,0,765,0
Precinct,301 - Ben Hur,194,618,4,0,816,0
Precinct,302 - Woodway,109,423,1,0,533,0
Precinct,401 - Stickleyville,80,204,5,0,289,0
Precinct,402 - Jasper,42,176,1,0,219,0
Precinct,403 - Seminary,54,241,4,0,299,0
Precinct,404 - Dryden,135,394,3,0,532,0
Precinct,501 - Saint Charles,96,148,3,0,247,0
Precinct,502 - Pennington,127,430,6,1,564,0
Precinct,503 - Robbins Chapel,13,67,0,0,80,0
Precinct,504 - Keokee,40,84,0,0,124,0
Precinct,Ab - Central Absentee Precinct,157,298,5,0,460,0
Precinct,Provisional,0,0,0,0,0,0
Locality,Lexington City,1511,569,36,4,2120,0
Precinct,1 - Lexington,1301,490,30,4,1825,0
Precinct,Ab - Central Absentee Precinct,209,79,6,0,294,0
Precinct,Provisional,1,0,0,0,1,0
Locality,Loudoun County,106064,58369,3318,274,168025,0
Precinct,107 - Little River,1018,620,26,1,1665,0
Precinct,108 - Mercer,1046,520,23,1,1590,0
Precinct,112 - Freedom,809,344,23,3,1179,0
Precinct,114 - Dulles South,1005,446,21,1,1473,0
Precinct,117 - Carter,599,192,12,0,803,0
Precinct,118 - Moorefield,1276,462,25,5,1768,0
Precinct,119 - Arcola,943,371,32,2,1348,0
Precinct,120 - Lunsford,1216,597,26,2,1841,0
Precinct,121 - Town Hall,719,386,31,2,1138,0
Precinct,122 - Hutchison Farm,1204,629,41,2,1876,0
Precinct,123 - Cardinal Ridge,700,377,22,0,1099,0
Precinct,124 - Liberty,833,392,23,1,1249,0
Precinct,125 - Rock Ridge,1113,372,11,2,1498,0
Precinct,126-Goshen Post,1130,524,33,2,1689,0
Precinct,207 - River Bend,691,450,26,1,1168,0
Precinct,208 - Algonkian,732,412,27,2,1173,0
Precinct,209 - Potomac Falls,1115,550,41,4,1710,0
Precinct,210 - Cascades,1321,596,38,1,1956,0
Precinct,213 - Countryside,451,207,21,1,680,0
Precinct,214 - Sugarland North,1279,748,42,1,2070,0
Precinct,215 - Sugarland South,1231,564,49,2,1846,0
Precinct,216 - Lowes Island,981,582,26,4,1593,0
Precinct,217 - South Bank,1251,666,33,5,1955,0
Precinct,218 - University Center,853,331,37,0,1221,0
Precinct,219 - Galilee Church,920,442,45,0,1407,0
Precinct,301 - Purcellville,1062,922,52,5,2041,0
Precinct,302 - Round Hill,799,908,41,3,1751,0
Precinct,303 - Hillsboro,744,845,31,2,1622,0
Precinct,305 - Philomont,354,397,14,4,769,0
Precinct,307 - Middleburg,491,301,15,2,809,0
Precinct,308 - St Louis,471,342,15,1,829,0
Precinct,309 - Aldie,317,309,18,1,645,0
Precinct,310 - Mountain View,1070,1044,70,5,2189,0
Precinct,311 - Round Hill Elementary,758,890,34,3,1685,0
Precinct,312 - Briar Woods,1295,548,33,1,1877,0
Precinct,313 - Pinebrook,1082,598,29,2,1711,0
Precinct,314 - Legacy,1180,448,22,3,1653,0
Precinct,315 - Firehouse,248,318,13,2,581,0
Precinct,316 - Creighton's Corner,1292,525,40,1,1858,0
Precinct,318 - Madison's Trust,961,930,49,4,1944,0
Precinct,319 - John Champe,1474,795,39,2,2310,0
Precinct,320 - Stone Hill,1498,423,24,0,1945,0
Precinct,321 - Brambleton Middle,828,315,15,0,1158,0
Precinct,322-Buffalo Trail,857,370,19,0,1246,0
Precinct,401 - West Lovettsville,942,1084,55,5,2086,0
Precinct,402 - Waterford,867,921,33,3,1824,0
Precinct,403 - Lucketts,1055,988,35,1,2079,0
Precinct,407 - Harper Park,690,434,25,5,1154,0
Precinct,408 - Evergreen,1098,768,38,0,1904,0
Precinct,409 - Clarkes Gap,843,926,39,6,1814,0
Precinct,411 - East Lovettsville,614,756,31,4,1405,0
Precinct,413 - Tuscarora,43,44,1,0,88,0
Precinct,414 - Red Rock,676,324,19,1,1020,0
Precinct,416 - Hamilton,1102,1052,50,8,2212,0
Precinct,420 - River Creek,763,714,17,4,1498,0
Precinct,421 - Between The Hills,91,118,3,0,212,0
Precinct,422 - Sycolin Creek,674,692,16,1,1383,0
Precinct,501 - West Leesburg,1058,561,44,5,1668,0
Precinct,502 - East Leesburg,1266,459,49,2,1776,0
Precinct,503 - Dry Mill,550,338,26,1,915,0
Precinct,504 - Smarts Mill,1195,621,51,2,1869,0
Precinct,505 - Cool Spring,1065,766,43,4,1878,0
Precinct,506 - Brandon Park,731,297,31,2,1061,0
Precinct,507 - Greenway,562,374,19,5,960,0
Precinct,508 - Balls Bluff,1149,637,40,1,1827,0
Precinct,509 - Tolbert,1354,560,23,1,1938,0
Precinct,510 - Heritage,642,480,20,3,1145,0
Precinct,615 - Hillside,1035,594,46,2,1677,0
Precinct,616 - Eagle Ridge,1209,619,33,10,1871,0
Precinct,617 - Oak Grove,602,140,12,1,755,0
Precinct,619 - Ridgetop,658,162,19,0,839,0
Precinct,620 - Russell Branch,1310,710,49,3,2072,0
Precinct,621 - Dominion Trail,1423,639,40,4,2106,0
Precinct,622 - Farmwell Station,1405,595,41,3,2044,0
Precinct,623 - Weller,1603,803,39,3,2448,0
Precinct,625 - Mill Run,463,306,15,2,786,0
Precinct,626 - Ashby Ponds,588,422,6,1,1017,0
Precinct,627 - Ashbrook,482,146,22,3,653,0
Precinct,628 - Moorefield Station,1416,522,43,3,1984,0
Precinct,629 - Discovery,309,165,10,0,484,0
Precinct,701 - Sully,1043,470,38,1,1552,0
Precinct,702 - Park View,943,422,29,3,1397,0
Precinct,703 - Rolling Ridge,1339,346,37,0,1722,0
Precinct,705 - Forest Grove,1348,631,44,6,2029,0
Precinct,707 - Claude Moore Park,974,342,27,0,1343,0
Precinct,708 - Seneca,957,517,26,1,1501,0
Precinct,709 - Mirror Ridge,1143,450,32,4,1629,0
Precinct,710 - Sterling,889,382,35,1,1307,0
Precinct,808 - Stone Bridge,1362,725,42,3,2132,0
Precinct,810 - Cedar Lane,1209,561,43,2,1815,0
Precinct,813 - Seldens Landing,940,387,27,0,1354,0
Precinct,814 - Newton - Lee,1080,782,31,7,1900,0
Precinct,815 - Belmont Ridge,1132,675,24,4,1835,0
Precinct,817 - Sanders Corner,1359,793,46,5,2203,0
Precinct,818 - Broad Run,927,524,29,1,1481,0
Precinct,819 - Heritage Church,863,486,27,3,1379,0
Precinct,820 - Belmont Station,998,558,32,1,1589,0
Precinct,822 - Riverside,759,434,19,3,1215,0
Precinct,Ab - Central Absentee Precinct,13929,6093,337,43,20402,0
Precinct,Provisional,120,46,3,1,170,0
Locality,Louisa County,6384,8790,242,12,15428,0
Precinct,101 - Zion,839,882,28,2,1751,0
Precinct,102 - Mechanicsville,352,458,14,1,825,0
Precinct,201 - Louisa #1,380,530,11,2,923,0
Precinct,202 - Louisa #2,355,501,16,1,873,0
Precinct,301 - Patrick Henry No 1,907,723,26,1,1657,0
Precinct,302 - Patrick Henry #2,187,250,3,0,440,0
Precinct,401 - Mineral,491,872,19,1,1383,0
Precinct,402 - Yanceyville,223,239,5,0,467,0
Precinct,501 - Fredericks Hall,253,207,5,0,465,0
Precinct,502 - Cuckoo,255,472,13,0,740,0
Precinct,503 - Elk Creek,196,419,10,0,625,0
Precinct,601 - Bumpass,210,609,15,1,835,0
Precinct,602 - Locust Creek,347,723,16,1,1087,0
Precinct,701 - Sheltons Mill,372,735,23,0,1130,0
Precinct,702 - South Anna,320,538,18,2,878,0
Precinct,Ab - Central Absentee Precinct,693,632,20,0,1345,0
Precinct,Provisional,4,0,0,0,4,0
Locality,Lunenburg County,1943,2480,51,1,4475,0
Precinct,101 - Plymouth,133,318,8,0,459,0
Precinct,201 - Browns Store,166,306,10,0,482,0
Precinct,301 - Rosebud,74,252,1,0,327,0
Precinct,302 - Flat Rock,141,194,2,0,337,0
Precinct,401 - Arrowhead Gun Club,50,173,1,0,224,0
Precinct,402 - Pleasant Grove,131,279,2,0,412,0
Precinct,501 - Reedy Creek,157,139,4,0,300,0
Precinct,502 - Peoples Community Center,250,110,7,0,367,0
Precinct,601 - Hounds Creek,329,215,8,0,552,0
Precinct,701 - Meherrin Fire Department,125,151,3,0,279,0
Precinct,702 - Victoria Public Library,138,208,2,0,348,0
Precinct,Ab - Central Absentee Precinct,248,135,3,1,387,0
Precinct,Provisional,1,0,0,0,1,0
Locality,Lynchburg City,13582,12238,993,32,26845,0
Precinct,101 - First Ward First Precinct,1095,997,86,3,2181,0
Precinct,102 - First Ward Second Precinct,1061,1188,83,3,2335,0
Precinct,103 - First Ward Third Precinct,778,799,60,2,1639,0
Precinct,104 - First Ward Fourth Precinct,456,259,20,0,735,0
Precinct,105 - First Ward Fifth Precinct,614,428,35,0,1077,0
Precinct,201 - Second Ward First Precinct,1522,351,56,2,1931,0
Precinct,202 - Second Ward Second Precinct,1231,265,31,2,1529,0
Precinct,203 - Second Ward Third Precinct,409,107,9,0,525,0
Precinct,204 - Second Ward Fourth Precinct,283,197,15,1,496,0
Precinct,301 - Third Ward First Precinct,490,341,27,1,859,0
Precinct,302 - Third Ward Second Precinct,102,781,141,2,1026,0
Precinct,303 - Third Ward Third Precinct,431,471,39,0,941,0
Precinct,304 - Third Ward Fourth Precinct,375,521,35,1,932,0
Precinct,305 - Third Ward Fifth Precinct,672,1082,73,6,1833,0
Precinct,401 - Fourth Ward First Precinct,962,1535,81,4,2582,0
Precinct,402 - Fourth Ward Second Precinct,417,509,33,1,960,0
Precinct,403 - Fourth Ward Third Precinct,843,891,87,1,1822,0
Precinct,404 - Fourth Ward Fourth Precinct,949,904,52,3,1908,0
Precinct,Ab - Central Absentee Precinct,890,609,30,0,1529,0
Precinct,Provisional,2,3,0,0,5,0
Locality,Madison County,2273,3655,88,13,6029,0
Precinct,1 - Oak Park,300,323,10,1,634,0
Precinct,2 - Radiant,381,522,11,1,915,0
Precinct,3 - Rochelle,141,313,2,2,458,0
Precinct,4 - Graves Mill,21,40,0,0,61,0
Precinct,5 - Madison,404,617,21,1,1043,0
Precinct,6 - Wolftown,220,364,14,1,599,0
Precinct,7 - Brightwood,286,739,13,2,1040,0
Precinct,8 - Criglersville,175,302,7,1,485,0
Precinct,9 - Etlan,89,204,8,1,302,0
Precinct,Ab - Central Absentee Precinct,256,231,2,3,492,0
Precinct,Provisional,0,0,0,0,0,0
Locality,Manassas City,8130,4496,287,16,12929,0
Precinct,1 - Dean,1122,432,38,0,1592,0
Precinct,2 - Weems,1370,683,48,1,2102,0
Precinct,3 - Metz,1308,735,51,3,2097,0
Precinct,4 - Haydon,1141,724,39,3,1907,0
Precinct,5 - Baldwin,1058,547,35,5,1645,0
Precinct,6 - Round,930,705,44,2,1681,0
Precinct,Ab - Central Absentee Precinct,1189,670,32,2,1893,0
Precinct,Provisional,12,0,0,0,12,0
Locality,Manassas Park City,3032,1260,89,4,4385,0
Precinct,1 - Precinct One,1050,361,22,1,1434,0
Precinct,2 - Precinct Two,754,331,30,2,1117,0
Precinct,3 - Precinct Three,827,403,24,0,1254,0
Precinct,Ab - Central Absentee Precinct,395,165,13,1,574,0
Precinct,Provisional,6,0,0,0,6,0
Locality,Martinsville City,2889,1566,82,7,4544,0
Precinct,1 - Precinct #1,449,10,6,1,466,0
Precinct,2 - Precinct #2,542,309,17,1,869,0
Precinct,3 - Precinct #3,369,152,4,5,530,0
Precinct,4 - Precinct #4,604,251,10,0,865,0
Precinct,5 - Precinct #5,513,711,42,0,1266,0
Precinct,6 - Precinct #6,219,3,0,0,222,0
Precinct,Ab - Central Absentee Precinct,191,129,3,0,323,0
Precinct,Provisional,2,1,0,0,3,0
Locality,Mathews County,1566,2791,58,1,4416,0
Precinct,1 - Chesapeake,282,582,13,0,877,0
Precinct,2 - Westville,486,866,18,0,1370,0
Precinct,3 - Piankatank,514,969,25,1,1509,0
Precinct,Ab - Central Absentee Precinct,283,374,2,0,659,0
Precinct,Provisional,1,0,0,0,1,0
Locality,Mecklenburg County,5149,6533,118,5,11805,0
Precinct,101 - Wrights Store,220,195,5,0,420,0
Precinct,102 - Pearsons Store,44,107,0,0,151,0
Precinct,103 - South Clarksville,349,305,5,0,659,0
Precinct,201 - Boydton,206,168,2,0,376,0
Precinct,202 - Bluestone Senior High School,90,64,0,0,154,0
Precinct,203 - Chase City Vfw Post,247,71,3,0,321,0
Precinct,301 - Bracey,228,581,5,0,814,0
Precinct,302 - Lacrosse,224,258,7,0,489,0
Precinct,401 - American Legion Hall,690,345,7,0,1042,0
Precinct,402 - Park View Middle School,97,62,1,0,160,0
Precinct,501 - South Hill,500,645,17,3,1165,0
Precinct,601 - Baskerville,195,314,2,1,512,0
Precinct,602 - Union Level,59,217,5,0,281,0
Precinct,603 - Smith Crossroads,84,129,3,0,216,0
Precinct,604 - Lake Gaston,94,191,2,0,287,0
Precinct,701 - Chase City,230,281,6,0,517,0
Precinct,702 - Sunshine,173,277,3,0,453,0
Precinct,801 - Finchley,76,101,1,0,178,0
Precinct,802 - Bluestone,192,420,3,0,615,0
Precinct,803 - Chase City Elementary School,205,247,5,0,457,0
Precinct,901 - Averett,25,134,2,0,161,0
Precinct,902 - Buffalo Springs,61,219,6,0,286,0
Precinct,903 - Clarksville,346,707,9,0,1062,0
Precinct,Ab - Central Absentee Precinct,512,492,19,0,1023,0
Precinct,Provisional,2,3,0,1,6,0
Locality,Middlesex County,2031,3014,83,2,5130,0
Precinct,101 - Saluda,135,188,9,0,332,0
Precinct,102 - Urbanna,238,351,15,0,604,0
Precinct,201 - New Market,313,756,9,1,1079,0
Precinct,302 - Church View,404,438,11,1,854,0
Precinct,401- Harmony Village,376,427,14,0,817,0
Precinct,501 - Wilton,373,631,19,0,1023,0
Precinct,Ab - Central Absentee Precinct,189,222,6,0,417,0
Precinct,Provisional,3,1,0,0,4,0
Locality,Montgomery County,20109,14382,966,51,35508,0
Precinct,101 - Precinct A-1,1023,663,49,2,1737,0
Precinct,102 - Precinct A-2,1204,268,40,0,1512,0
Precinct,103 - Precinct A-3,1610,607,57,6,2280,0
Precinct,201 - Precinct B-1,115,102,6,0,223,0
Precinct,202 - Precinct B-2,921,856,53,1,1831,0
Precinct,203 - Precinct B-3,539,581,28,5,1153,0
Precinct,204 - Precinct B-4,1152,1018,57,3,2230,0
Precinct,301 - Precinct C-1,384,912,28,3,1327,0
Precinct,302 - Precinct C-2,521,820,38,3,1382,0
Precinct,303 - Precinct C-3,151,344,6,0,501,0
Precinct,304 - Precinct C-4,627,794,38,0,1459,0
Precinct,401 - Precinct D-1,372,510,25,0,907,0
Precinct,402 - Precinct D-2,407,975,18,1,1401,0
Precinct,403 - Precinct D-3,325,736,19,1,1081,0
Precinct,404 - Precinct D-4,180,422,5,1,608,0
Precinct,405 - Precinct D-5,710,851,34,1,1596,0
Precinct,501 - Precinct E-1,885,641,44,3,1573,0
Precinct,502 - Precinct E-2,465,568,23,1,1057,0
Precinct,503 - Precinct E-3,960,294,79,2,1335,0
Precinct,601 - Precinct F-1,1466,415,56,3,1940,0
Precinct,602 - Precinct F-2,1345,358,57,3,1763,0
Precinct,603 - Precinct F-3,364,168,35,1,568,0
Precinct,701 - Precinct G-1,1707,517,65,8,2297,0
Precinct,702 - Precinct G-2,1130,246,71,2,1449,0
Precinct,Ab - Central Absentee Precinct,1525,706,34,1,2266,0
Precinct,Provisional,21,10,1,0,32,0
Locality,Nelson County,3808,3417,138,15,7378,0
Precinct,101 - Rockfish,748,631,37,2,1418,0
Precinct,201 - Lovingston,361,382,13,0,756,0
Precinct,202 - Schuyler,251,208,7,2,468,0
Precinct,301 - Shipman,484,478,18,0,980,0
Precinct,302 - Gladstone,68,91,3,0,162,0
Precinct,401 - Roseland,481,645,15,2,1143,0
Precinct,402 - Montebello,37,63,0,0,100,0
Precinct,501 - Faber,295,223,12,0,530,0
Precinct,502 - Nellysford,708,505,25,6,1244,0
Precinct,Ab - Central Absentee Precinct,374,189,7,3,573,0
Precinct,Provisional,1,2,1,0,4,0
Locality,New Kent County,3736,6774,159,14,10683,0
Precinct,102 - Tunstall,124,371,5,0,500,0
Precinct,103 - Southern Branch,394,1027,19,1,1441,0
Precinct,201 - Quinton,557,887,28,0,1472,0
Precinct,202 - Kentwood,213,595,17,0,825,0
Precinct,301 - Watkins,456,477,11,3,947,0
Precinct,302 - Cumberland,398,680,21,0,1099,0
Precinct,401 - Providence Forge,565,816,24,5,1410,0
Precinct,403 - Mountcastle,208,338,12,3,561,0
Precinct,501 - Eltham,249,462,7,0,718,0
Precinct,502 - Chickahominy River,266,763,10,0,1039,0
Precinct,Ab - Central Absentee Precinct,299,352,5,2,658,0
Precinct,Provisional,7,6,0,0,13,0
Locality,Newport News City,39398,17891,974,68,58331,0
Precinct,101 - Denbigh (CD 3),1552,377,23,2,1954,0
Precinct,102 - Epes (CD 3),1486,299,32,3,1820,0
Precinct,103 - Jenkins (CD 3),1212,565,37,4,1818,0
Precinct,104 - Mcintosh (CD 3),1062,239,17,0,1318,0
Precinct,105 - Oyster Point (CD 3),331,157,11,2,501,0
Precinct,106 - Reservoir (CD 3),1654,535,34,2,2225,0
Precinct,107 - Richneck (CD 3),1395,675,35,1,2106,0
Precinct,108 - Lee Hall (CD 3),1224,324,24,2,1574,0
Precinct,109 - Windsor (CD 3),704,355,18,2,1079,0
Precinct,110 - Greenwood (CD 3),1366,359,40,5,1770,0
Precinct,201 - Bland (CD 3),278,78,6,0,362,0
Precinct,202 - Boulevard (CD 3),753,608,32,3,1396,0
Precinct,203 - Charles (CD 3),1221,1025,46,1,2293,0
Precinct,204 - Wellesley (CD 3),743,368,19,1,1131,0
Precinct,205 - Deep Creek (CD 3),843,999,45,0,1887,0
Precinct,208 - Hidenwood (CD 3),507,573,22,1,1103,0
Precinct,209 - Hilton (CD 3),817,577,36,1,1431,0
Precinct,210 - Nelson (CD 3),1302,978,43,4,2327,0
Precinct,211 - Palmer (CD 3),1116,485,41,1,1643,0
Precinct,212 - Riverside (CD 3),472,489,24,2,987,0
Precinct,213 - Sanford (CD 3),309,389,22,0,720,0
Precinct,215 - Warwick (CD 3),516,289,18,1,824,0
Precinct,216 - Yates (CD 3),544,480,24,0,1048,0
Precinct,217 - Riverview (CD 3),769,719,25,1,1514,0
Precinct,218 - Kiln Creek (CD 3),1552,924,40,6,2522,0
Precinct,219 - Deer Park (CD 3),1488,458,38,1,1985,0
Precinct,302 - Briarfield (CD 3),844,197,10,1,1052,0
Precinct,303 - Carver (CD 3),569,160,14,2,745,0
Precinct,304 - Chestnut (CD 3),518,12,3,0,533,0
Precinct,305 - Downtown (CD 3),325,65,5,0,395,0
Precinct,306 - Dunbar (CD 3),160,4,1,0,165,0
Precinct,307 - Huntington (CD 3),393,8,2,0,403,0
Precinct,308 - Jefferson (CD 3),412,19,2,0,433,0
Precinct,309 - Magruder (CD 3),527,6,3,0,536,0
Precinct,310 - Marshall (CD 3),662,20,3,1,686,0
Precinct,311 - Newmarket (CD 3),1212,299,15,0,1526,0
Precinct,312 - Newsome Park (CD 3),146,4,0,0,150,0
Precinct,313 - Reed (CD 3),964,20,7,1,992,0
Precinct,314 - River (CD 3),490,255,16,2,763,0
Precinct,315 - Sedgefield (CD 3),638,434,9,0,1081,0
Precinct,316 - South Morrison (CD 3),951,386,15,4,1356,0
Precinct,317 - Washington (CD 3),304,4,1,0,309,0
Precinct,318 - Wilson (CD 3),584,47,4,3,638,0
Precinct,319 - Saunders (CD 3),1169,736,32,1,1938,0
Precinct,320 - Watkins (CD 3),1316,1107,54,2,2479,0
Precinct,Ab - Central Absentee Precinct (CD 3),1974,777,25,5,2781,0
Precinct,Provisional (CD 3),24,7,1,0,32,0
Locality,Norfolk City,50565,15603,1233,104,67505,0
Precinct,101 - Granby (CD 3),1350,471,34,1,1856,0
Precinct,102 - Ocean View School (CD 2),517,358,17,1,893,0
Precinct,103 - Northside (CD 2),718,494,25,2,1239,0
Precinct,104 - Titustown (CD 3),45,2,0,0,47,0
Precinct,104 - Titustown (CD 2),596,63,11,0,670,0
Precinct,106 - Second Presbyterian (CD 2),1099,520,41,1,1661,0
Precinct,201 - Larchmont School (CD 3),1451,460,50,4,1965,0
Precinct,203 - Ghent Square (CD 3),574,175,17,0,766,0
Precinct,207 - Lambert's Point (CD 3),1317,95,26,4,1442,0
Precinct,208 - Larchmont Library (CD 3),716,383,26,3,1128,0
Precinct,210 - Maury (CD 3),1140,300,46,5,1491,0
Precinct,211 - Chrysler Museum (CD 3),1444,497,44,6,1991,0
Precinct,212 - Park Place (CD 3),886,35,13,1,935,0
Precinct,213 - Taylor Elementary School (CD 3),1444,256,48,5,1753,0
Precinct,214 - Stuart (CD 3),1408,313,23,1,1745,0
Precinct,215 - Suburban Park (CD 2),873,409,15,1,1298,0
Precinct,217 - Wesley (CD 2),801,288,21,0,1110,0
Precinct,218 - Willard (CD 3),1337,680,69,6,2092,0
Precinct,301 - Ballentine (CD 3),1088,109,22,3,1222,0
Precinct,302 - Tanners Creek (CD 3),632,114,5,2,753,0
Precinct,303 - Broad Creek (CD 3),1434,43,9,1,1487,0
Precinct,304 - Coleman Place School (CD 3),624,114,4,2,744,0
Precinct,305 - Lafayette-winona (CD 3),945,155,12,2,1114,0
Precinct,306 - Lindenwood (CD 3),801,52,8,2,863,0
Precinct,309 - Norview (CD 3),1718,327,36,1,2082,0
Precinct,310 - Rosemont (CD 3),1678,66,11,1,1756,0
Precinct,311 - Sherwood (CD 3),1528,519,24,2,2073,0
Precinct,313 - Union Chapel (CD 3),589,9,5,0,603,0
Precinct,402 - Berkley (CD 3),997,9,5,0,1011,0
Precinct,404 - Campostella (CD 3),1007,28,11,0,1046,0
Precinct,405 - Chesterfield (CD 3),1434,42,17,2,1495,0
Precinct,406 - Barron Black (CD 2),655,339,13,0,1007,0
Precinct,408 - Easton (CD 3),788,461,27,3,1279,0
Precinct,409 - Fairlawn (CD 3),649,316,17,2,984,0
Precinct,411 - Ruffner Academy (CD 3),652,13,6,1,672,0
Precinct,412 - Ingleside (CD 3),1059,113,12,2,1186,0
Precinct,413 - Poplar Halls (CD 3),1472,235,17,2,1726,0
Precinct,414 - Young Park (CD 3),1075,26,10,2,1113,0
Precinct,415 - Lake Taylor High School (CD 3),741,313,23,1,1078,0
Precinct,501 - Bayview (CD 2),896,644,43,1,1584,0
Precinct,503 - East Ocean View (CD 2),1081,666,44,1,1792,0
Precinct,504 - Larrymore (CD 2),869,444,26,2,1341,0
Precinct,505 - Little Creek (CD 2),499,409,24,1,933,0
Precinct,506 - Ocean View Center (CD 2),1221,517,38,2,1778,0
Precinct,507 - Pretlow (CD 2),906,506,38,5,1455,0
Precinct,509 - Tarrallton (CD 2),697,722,35,5,1459,0
Precinct,510 - Third Presbyterian (CD 2),820,746,47,1,1614,0
Precinct,511 - Crossroads (CD 2),841,583,45,3,1472,0
Precinct,512 - Azalea Gardens (CD 2),517,376,12,1,906,0
Precinct,Ab - Central Absentee Precinct (CD 2),786,376,28,2,1192,0
Precinct,Ab - Central Absentee Precinct (CD 3),2086,403,32,7,2528,0
Precinct,Provisional (CD 2),25,6,1,0,32,0
Precinct,Provisional (CD 3),39,3,0,1,43,0
Locality,Northampton County,2924,2124,59,9,5116,0
Precinct,101 - Precinct 1-1,585,552,12,1,1150,0
Precinct,201 - Precinct 2-1,617,225,11,0,853,0
Precinct,301 - Precinct 3-1,520,225,5,2,752,0
Precinct,401 - Precinct 4-1,467,445,11,1,924,0
Precinct,501 - Precinct 5-1,415,458,16,2,891,0
Precinct,Ab - Central Absentee Precinct,317,219,4,3,543,0
Precinct,Provisional,3,0,0,0,3,0
Locality,Northumberland County,2631,3567,63,8,6269,0
Precinct,101 - 1a,371,524,9,1,905,0
Precinct,201 - 2a,415,703,10,1,1129,0
Precinct,301 - 3a,388,173,8,0,569,0
Precinct,302 - 3b,220,64,3,0,287,0
Precinct,401 - 4a,496,872,17,5,1390,0
Precinct,501 - 5a,453,887,11,0,1351,0
Precinct,Ab - Central Absentee Precinct,286,342,5,1,634,0
Precinct,Provisional,2,2,0,0,4,0
Locality,Norton City,408,672,16,3,1099,0
Precinct,1 - East Ward,408,671,16,3,1098,0
Precinct,Provisional,0,1,0,0,1,0
Locality,Nottoway County,2466,2775,64,0,5305,0
Precinct,101 - Precinct 1-1,251,316,6,0,573,0
Precinct,102 - Precinct 1-2,156,268,3,0,427,0
Precinct,201 - Precinct 2-1,291,406,13,0,710,0
Precinct,202 - Precinct 2-2,92,244,5,0,341,0
Precinct,301 - Precinct 3-1,328,192,5,0,525,0
Precinct,302 - Precinct 3-2,140,211,2,0,353,0
Precinct,401 - Precinct 4-1,400,89,6,0,495,0
Precinct,402 - Precinct 4-2,175,344,6,0,525,0
Precinct,501 - Precinct 5-1,466,523,13,0,1002,0
Precinct,Ab - Central Absentee Precinct,167,182,5,0,354,0
Precinct,Provisional,0,0,0,0,0,0
Locality,Orange County,6148,8577,215,12,14952,0
Precinct,101 - One West,611,852,14,0,1477,0
Precinct,102 - One East,650,722,27,0,1399,0
Precinct,201 - Two West,465,893,12,1,1371,0
Precinct,202 - Two East,349,818,16,3,1186,0
Precinct,301 - Three West,806,798,29,1,1634,0
Precinct,302 - Three East,199,329,6,0,534,0
Precinct,401 - Four West,357,994,15,0,1366,0
Precinct,402 - Four East,611,735,23,1,1370,0
Precinct,501 - Five South,719,884,26,1,1630,0
Precinct,502 - Five North,773,1020,31,3,1827,0
Precinct,Ab - Central Absentee Precinct,603,526,16,2,1147,0
Precinct,Provisional,5,6,0,0,11,0
Locality,Page County,2356,5825,106,8,8295,0
Precinct,101 - West Luray,540,999,20,0,1559,0
Precinct,201 - East Luray,550,1109,24,1,1684,0
Precinct,301 - Marksville,387,1295,11,3,1696,0
Precinct,401 - Newport,307,946,19,1,1273,0
Precinct,501 - Shenandoah,317,1208,26,2,1553,0
Precinct,Ab - Central Absentee Precinct,255,268,6,1,530,0
Precinct,Provisional,0,0,0,0,0,0
Locality,Patrick County,1633,4999,56,1,6689,0
Precinct,101 - Ararat,111,272,2,0,385,0
Precinct,102 - Claudville,71,293,3,0,367,0
Precinct,103 - Willis Gap,85,308,1,0,394,0
Precinct,201 - Dry Pond,55,180,3,0,238,0
Precinct,202 - Patrick Springs,143,517,9,0,669,0
Precinct,203 - Russell Creek,114,365,1,0,480,0
Precinct,301 - Critz/stella,204,530,2,1,737,0
Precinct,302 - Liberty,75,427,5,0,507,0
Precinct,401 - Meadows Of Dan,176,349,6,0,531,0
Precinct,402 - Stuart Fairgrounds,174,459,7,0,640,0
Precinct,501 - Stuart Community,60,212,5,0,277,0
Precinct,502 - Elamsville,101,333,3,0,437,0
Precinct,503 - Woolwine,131,431,6,0,568,0
Precinct,Ab - Central Absentee Precinct,133,321,3,0,457,0
Precinct,Provisional,0,2,0,0,2,0
Locality,Petersburg City,9170,989,75,9,10243,0
Precinct,101 - First Ward First Precinct,833,81,5,4,923,0
Precinct,201 - Second Ward First Precinct,1560,106,12,2,1680,0
Precinct,301 - Third Ward First Precinct,1434,288,18,1,1741,0
Precinct,401 - Fourth Ward First Precinct,1027,173,12,0,1212,0
Precinct,501 - Fifth Ward First Precinct,953,70,9,2,1034,0
Precinct,601 - Sixth Ward First Precinct,940,33,4,0,977,0
Precinct,701 - Seventh Ward First Precinct,1231,108,4,0,1343,0
Precinct,Ab - Central Absentee Precinct,1183,130,11,0,1324,0
Precinct,Provisional,9,0,0,0,9,0
Locality,Pittsylvania County,8105,16923,267,11,25306,0
Precinct,103 - Twin Springs,372,1545,27,0,1944,0
Precinct,105 - Chatham,228,486,14,0,728,0
Precinct,106 - Tunstall,187,608,9,1,805,0
Precinct,108 - West Blairs,167,321,3,0,491,0
Precinct,201 - Callands,165,515,9,0,689,0
Precinct,202- Bearskin,69,145,2,0,216,0
Precinct,204 - Sandy Level,129,345,5,1,480,0
Precinct,206 - Climax,115,411,7,0,533,0
Precinct,207 - Gretna,349,908,13,1,1271,0
Precinct,301 - Central,378,233,12,0,623,0
Precinct,305 - Riceville,344,281,5,0,630,0
Precinct,307 - East Blairs,630,188,3,0,821,0
Precinct,308 - Mt Airy,203,139,6,0,348,0
Precinct,309 - East Gretna,183,210,2,0,395,0
Precinct,402 - Keeling,136,610,9,0,755,0
Precinct,404 - Kentuck,339,1028,15,0,1382,0
Precinct,405 - Ringgold,443,1012,13,2,1470,0
Precinct,501 - Hurt,389,740,18,0,1147,0
Precinct,502 - Motley Sycamore,378,816,14,0,1208,0
Precinct,503 - Renan,198,466,5,0,669,0
Precinct,603 - Stony Mill,233,682,7,0,922,0
Precinct,604 - Swansonville,272,481,6,0,759,0
Precinct,605 - Whitmell,217,542,6,0,765,0
Precinct,606 - Brosville,368,364,6,0,738,0
Precinct,607 - Dry Fork,79,269,0,0,348,0
Precinct,702 - Bachelors Hall,187,903,13,1,1104,0
Precinct,703 - Ferry Road,80,154,0,0,234,0
Precinct,704 - Mt Hermon,488,1183,11,3,1685,0
Precinct,705 - Mt Cross,154,583,7,0,744,0
Precinct,Ab - Central Absentee Precinct,622,754,20,2,1398,0
Precinct,Provisional,3,1,0,0,4,0
Locality,Poquoson City,1737,4105,140,13,5995,0
Precinct,1 - Central,455,1194,31,5,1685,0
Precinct,2 - Eastern,490,1261,56,2,1809,0
Precinct,3 - Western,565,1286,43,3,1897,0
Precinct,Ab - Central Absentee Precinct,225,363,10,3,601,0
Precinct,Provisional,2,1,0,0,3,0
Locality,Portsmouth City,23985,8601,528,56,33170,0
Precinct,1 - Emanuel A. M. E. Church,892,281,27,1,1201,0
Precinct,5 - Hampton Roads Community Health Center,637,17,3,2,659,0
Precinct,7- Park View Elementary School,582,136,15,2,735,0
Precinct,9 - Third Baptist Church,871,133,14,1,1019,0
Precinct,10 - Port Norfolk Recreation Center,390,185,9,3,587,0
Precinct,11 - Mt. Hermon Village,709,17,6,0,732,0
Precinct,13 - St. Mark Missionary Baptist Church,464,8,8,0,480,0
Precinct,14 - Brighton Elementary School,800,20,7,1,828,0
Precinct,16 - Cradock Middle School,609,200,14,1,824,0
Precinct,17 - Victory Life Fellowship,685,262,19,1,967,0
Precinct,19 - Fairview Heights Baptist Church,358,200,9,1,568,0
Precinct,20 - Noble Street Baptist Church,641,176,10,1,828,0
Precinct,21 - John F. Kennedy Community Center,577,16,3,0,596,0
Precinct,22 - St. Mark Deliverance Center,516,298,16,6,836,0
Precinct,23 - Westhaven Baptist Church,390,467,20,1,878,0
Precinct,24 - The Senior Station,518,226,18,3,765,0
Precinct,25 - John Tyler Elementary School,605,382,22,1,1010,0
Precinct,26 - William E. Waters Middle School,1038,19,3,2,1062,0
Precinct,27 - Cavalier Manor Recreation Center,983,23,9,2,1017,0
Precinct,28 - Lakeview Elementary School,1436,35,10,0,1481,0
Precinct,29 - Saint Andrew's United Methodist Church,260,423,20,1,704,0
Precinct,30 - The Rescue Church,314,485,15,0,814,0
Precinct,31 - West Park Church Of Christ,881,452,18,0,1351,0
Precinct,32 - Hodges Manor Elementary School,399,442,12,1,854,0
Precinct,33- Pinecrest Baptist Church,235,442,21,0,698,0
Precinct,34- Churchland Branch Library,526,487,29,8,1050,0
Precinct,35 - Churchland Elementary School,604,591,33,0,1228,0
Precinct,36 - Scottish Rite Temple,1339,817,34,3,2193,0
Precinct,37 - Churchland Middle School,1176,439,23,5,1643,0
Precinct,38 - Grove Baptist Church,1479,155,33,1,1668,0
Precinct,39 - Churchland Primary And Intermediate School,1507,410,28,2,1947,0
Precinct,Ab - Central Absentee Precinct,1541,352,20,6,1919,0
Precinct,Provisional,23,5,0,0,28,0
Locality,Powhatan County,4384,10254,310,24,14972,0
Precinct,101 - Subletts,441,1081,34,4,1560,0
Precinct,102 - Manakin,404,762,25,3,1194,0
Precinct,103 - Flat Rock,223,624,21,0,868,0
Precinct,201 - Powhatan Station,255,906,28,3,1192,0
Precinct,202 - Graceland,432,1134,27,0,1593,0
Precinct,301 - Bethesda,379,889,28,3,1299,0
Precinct,302 - Lee's Landing,300,753,30,0,1083,0
Precinct,401 - Powhatan Courthouse,485,1468,32,5,1990,0
Precinct,402 - Mt Zion,193,530,14,1,738,0
Precinct,501 - Smith Cross Roads,449,663,19,0,1131,0
Precinct,502 - Pineville,273,372,17,3,665,0
Precinct,503 - Tobaccoville,121,394,13,0,528,0
Precinct,Ab - Central Absentee Precinct,428,678,22,1,1129,0
Precinct,Provisional,1,0,0,1,2,0
Locality,Prince Edward County,3893,3064,111,5,7073,0
Precinct,101 - Farmville,486,366,16,0,868,0
Precinct,201 - Lockett,527,520,18,0,1065,0
Precinct,301 - Leigh,343,300,7,0,650,0
Precinct,302 - Mt Pleasant,214,127,4,1,346,0
Precinct,401 - Hampden,371,310,18,1,700,0
Precinct,501 - Darlington Hts,206,304,8,0,518,0
Precinct,502 - Buffalo Hts,143,165,2,0,310,0
Precinct,601 - Prospect,550,405,11,0,966,0
Precinct,701 - West End,467,290,7,3,767,0
Precinct,801 - Center,347,75,14,0,436,0
Precinct,Ab - Central Absentee Precinct,238,202,6,0,446,0
Precinct,Provisional,1,0,0,0,1,0
Locality,Prince George County,5475,7004,143,10,12632,0
Precinct,101 - Richard Bland (CD 4),328,484,11,1,824,0
Precinct,102 - Templeton (CD 4),521,1442,19,2,1984,0
Precinct,103 - Union Branch (CD 4),560,692,16,0,1268,0
Precinct,104 - Rives (CD 4),499,356,8,0,863,0
Precinct,105 - Harrison (CD 4),108,337,6,1,452,0
Precinct,201 - Bland (CD 4),705,1084,15,3,1807,0
Precinct,202 - Black Water (CD 4),434,819,15,1,1269,0
Precinct,203 - Brandon (CD 4),165,355,3,0,523,0
Precinct,204 - Courts Bldg (CD 4),880,700,22,0,1602,0
Precinct,205 - Jefferson Park (CD 4),756,283,17,1,1057,0
Precinct,Ab - Central Absentee Precinct (CD 4),519,452,11,1,983,0
Precinct,Provisional (CD 4),0,0,0,0,0,0
Locality,Prince William County,106449,54040,3063,374,163926,0
Precinct,101 - Brentsville (CD 1),520,977,34,9,1540,0
Precinct,102 - Cedar Point (CD 1),1304,871,76,9,2260,0
Precinct,103 - Glenkirk (CD 1),888,734,28,6,1656,0
Precinct,104 - Nokesville (CD 1),818,932,57,10,1817,0
Precinct,105 - Limestone (CD 1),1329,925,49,11,2314,0
Precinct,106 - Westgate (CD 1),830,227,23,2,1082,0
Precinct,107 - Marsteller (CD 1),1361,926,62,9,2358,0
Precinct,108 - Victory (CD 1),1438,781,47,3,2269,0
Precinct,109 - Piney Branch (CD 1),1159,592,33,8,1792,0
Precinct,110 - Buckland Mills (CD 10),591,371,20,2,984,0
Precinct,110 - Buckland Mills (CD 1),241,230,7,1,479,0
Precinct,111 - Bristow Run (CD 1),1342,972,50,4,2368,0
Precinct,112 - Burke-nickens (CD 10),1147,810,40,8,2005,0
Precinct,112 - Burke-nickens (CD 1),34,28,2,0,64,0
Precinct,201 - Saunders (CD 11),987,326,21,5,1339,0
Precinct,202 - Marshall (CD 1),895,879,41,5,1820,0
Precinct,203 - Bennett (CD 1),1045,825,44,5,1919,0
Precinct,204 - Ellis (CD 1),885,494,29,6,1414,0
Precinct,205 - Buckhall (CD 10),1031,821,33,3,1888,0
Precinct,206 - Coles (CD 1),686,712,41,1,1440,0
Precinct,207 - Spriggs (CD 1),1399,643,35,6,2083,0
Precinct,208 - Hylton (CD 1),611,693,25,1,1330,0
Precinct,209 - Independent Hill (CD 1),479,712,35,2,1228,0
Precinct,210 - Penn (CD 11),95,40,4,1,140,0
Precinct,210 - Penn (CD 1),705,723,38,4,1470,0
Precinct,211 - Signal Hill (CD 10),888,672,31,6,1597,0
Precinct,212 - Yorkshire (CD 10),1406,679,41,10,2136,0
Precinct,213 - Saratoga (CD 1),748,271,19,3,1041,0
Precinct,214 - Lucasville (CD 1),434,596,29,2,1061,0
Precinct,215 - Rosa Parks (CD 11),953,384,26,2,1365,0
Precinct,301 - Dumfries (CD 11),904,260,18,4,1186,0
Precinct,302 - Potomac (CD 11),1934,288,20,2,2244,0
Precinct,303 - Graham Park (CD 11),696,194,16,0,906,0
Precinct,304 - Quantico (CD 1),138,112,6,0,256,0
Precinct,305 - Pattie (CD 1),965,597,28,5,1595,0
Precinct,306 - Washington-reid (CD 1),1061,637,29,6,1733,0
Precinct,307 - Henderson (CD 1),863,593,34,4,1494,0
Precinct,308 - Montclair (CD 1),599,397,35,2,1033,0
Precinct,309 - Ashland (CD 1),717,472,27,2,1218,0
Precinct,310 - Forest Park (CD 1),1048,354,30,1,1433,0
Precinct,311 - Swans Creek (CD 11),1759,461,29,5,2254,0
Precinct,312 - Triangle (CD 1),247,54,5,1,307,0
Precinct,312 - Triangle (CD 11),944,328,21,1,1294,0
Precinct,313 - Cardinal (CD 1),897,326,27,3,1253,0
Precinct,314 - Cabin Branch (CD 1),816,422,32,2,1272,0
Precinct,401 - Evergreen (CD 10),722,948,38,5,1713,0
Precinct,402 - Battlefield (CD 10),789,1015,29,1,1834,0
Precinct,403 - Bull Run (CD 10),824,587,26,6,1443,0
Precinct,404 - Ben Lomond (CD 1),984,331,40,1,1356,0
Precinct,405 - Stonewall (CD 1),1263,453,40,2,1758,0
Precinct,406 - Alvey (CD 10),399,369,10,2,780,0
Precinct,407 - Heritage Hunt (CD 10),915,1019,29,2,1965,0
Precinct,408 - Sudley (CD 1),627,400,39,2,1068,0
Precinct,409 - Tyler (CD 10),1097,662,53,3,1815,0
Precinct,410 - Mountain View (CD 10),1006,869,36,8,1919,0
Precinct,411 - Mullen (CD 1),1134,251,35,1,1421,0
Precinct,412 - Catharpin (CD 10),493,671,21,2,1187,0
Precinct,413 - Reagan (CD 10),1106,1012,47,2,2167,0
Precinct,501 - Lake Ridge (CD 1),1000,478,29,4,1511,0
Precinct,502 - Occoquan (CD 11),735,318,25,1,1079,0
Precinct,503 - Old Bridge (CD 11),940,305,23,1,1269,0
Precinct,504 - Rockledge (CD 11),753,381,22,1,1157,0
Precinct,505 - Mohican (CD 1),1030,541,48,7,1626,0
Precinct,506 - Bethel (CD 11),1308,597,43,3,1951,0
Precinct,507 - Chinn (CD 11),981,436,22,4,1443,0
Precinct,508 - Springwoods (CD 1),827,259,22,1,1109,0
Precinct,509 - Mc Coart (CD 1),924,842,37,4,1807,0
Precinct,510 - Yates Ford (CD 10),568,576,28,1,1173,0
Precinct,511 - Westridge (CD 1),1180,559,34,2,1775,0
Precinct,512 - York (CD 11),1311,233,26,1,1571,0
Precinct,513 - Lynnwood (CD 11),991,549,44,5,1589,0
Precinct,514 - Antietam (CD 11),1201,509,46,8,1764,0
Precinct,601 - Dale (CD 11),1058,206,14,3,1281,0
Precinct,602 - Beville (CD 11),1564,419,31,3,2017,0
Precinct,603 - Hampton (CD 11),910,179,13,2,1104,0
Precinct,604 - Gideon (CD 11),1011,257,14,2,1284,0
Precinct,605 - Minnieville (CD 11),959,355,21,4,1339,0
Precinct,606 - Bel Air (CD 11),954,356,18,1,1329,0
Precinct,607 - Kerrydale (CD 11),1229,360,18,7,1614,0
Precinct,608 - Enterprise (CD 11),1054,313,20,1,1388,0
Precinct,609 - King (CD 1),39,4,0,0,43,0
Precinct,609 - King (CD 11),1328,427,31,1,1787,0
Precinct,610 - Fitzgerald (CD 11),1268,330,22,2,1622,0
Precinct,611 - Neabsco (CD 11),871,241,11,1,1124,0
Precinct,701 - Belmont (CD 11),1022,492,25,1,1540,0
Precinct,702 - Library (CD 11),1271,271,26,2,1570,0
Precinct,703 - Lynn (CD 11),734,113,18,2,867,0
Precinct,704 - Porter (CD 11),1189,162,16,4,1371,0
Precinct,705 - Potomac View (CD 11),661,303,16,4,984,0
Precinct,706 - Rippon (CD 11),1176,413,17,3,1609,0
Precinct,707 - Kilby (CD 11),945,261,10,1,1217,0
Precinct,708 - River Oaks (CD 11),1375,222,22,0,1619,0
Precinct,709 - Freedom (CD 11),1419,199,12,3,1633,0
Precinct,710 - Powells Creek (CD 11),1165,174,20,3,1362,0
Precinct,711 - Grayson (CD 11),1257,263,17,0,1537,0
Precinct,712 - Leesylvania (CD 11),1088,460,25,5,1578,0
Precinct,Ab - Central Absentee Precinct (CD 1),6106,3334,173,27,9640,0
Precinct,Ab - Central Absentee Precinct (CD 10),3717,2658,94,15,6484,0
Precinct,Ab - Central Absentee Precinct (CD 11),6037,1721,89,15,7862,0
Precinct,Provisional (CD 1),35,22,1,0,58,0
Precinct,Provisional (CD 10),21,7,0,0,28,0
Precinct,Provisional (CD 11),41,7,0,0,48,0
Locality,Pulaski County,4063,7835,169,14,12081,0
Precinct,101 - Belspring,161,322,5,1,489,0
Precinct,102 - New River,671,798,25,1,1495,0
Precinct,103 - West Cloyd,241,512,10,1,764,0
Precinct,201 - Draper,215,653,9,1,878,0
Precinct,202 - South Pulaski,57,109,4,0,170,0
Precinct,203 - Newbern,473,860,18,0,1351,0
Precinct,301 - Dublin,352,872,15,1,1240,0
Precinct,302 - Hiwassee,68,209,2,0,279,0
Precinct,304 - Snowville,204,521,9,1,735,0
Precinct,401 - Massie,546,1080,25,4,1655,0
Precinct,402 - Walker,123,434,3,0,560,0
Precinct,501 - Robinson,668,1066,28,3,1765,0
Precinct,Ab - Central Absentee Precinct,281,396,16,1,694,0
Precinct,Provisional,3,3,0,0,6,0
Locality,Radford City,2979,1958,130,11,5078,0
Precinct,1 - East Precinct,1442,591,60,0,2093,0
Precinct,2 - Central Precinct,711,566,39,4,1320,0
Precinct,3 - West Precinct,629,714,26,4,1373,0
Precinct,Ab - Central Absentee Precinct,196,87,5,3,291,0
Precinct,Provisional,1,0,0,0,1,0
Locality,Rappahannock County,1845,1984,42,12,3883,0
Precinct,101 - Washington,358,365,3,3,729,0
Precinct,201 - Amissville,263,438,9,2,712,0
Precinct,301 - Sperryville,352,302,3,1,658,0
Precinct,401 - Scrabble,287,316,9,4,616,0
Precinct,501 - Chester Gap,87,232,8,0,327,0
Precinct,502 - Flint Hill,204,187,7,1,399,0
Precinct,Ab - Central Absentee Precinct,292,142,3,1,438,0
Precinct,Provisional,2,2,0,0,4,0
Locality,Richmond City,75485,11962,1662,164,89273,0
Precinct,101 - One Hundred One,0,0,0,0,0,0
Precinct,101 - One Hundred One (CD 4),616,184,19,2,821,0
Precinct,102 - One Hundred Two,0,0,0,0,0,0
Precinct,102 - One Hundred Two (CD 4),547,322,25,6,900,0
Precinct,104 - One Hundred Four,0,0,0,0,0,0
Precinct,104 - One Hundred Four (CD 4),814,518,24,6,1362,0
Precinct,105 - One Hundred Five,0,0,0,0,0,0
Precinct,105 - One Hundred Five (CD 4),899,371,34,5,1309,0
Precinct,106 - One Hundred Six,0,0,0,0,0,0
Precinct,106 - One Hundred Six (CD 4),631,714,48,5,1398,0
Precinct,111 - One Hundred Eleven,0,0,0,0,0,0
Precinct,111 - One Hundred Eleven (CD 4),804,352,34,1,1191,0
Precinct,112 - One Hundred Twelve,0,0,0,0,0,0
Precinct,112 - One Hundred Twelve (CD 4),790,244,27,6,1067,0
Precinct,113 - One Hundred Thirteen,0,0,0,0,0,0
Precinct,113 - One Hundred Thirteen (CD 4),1332,195,31,3,1561,0
Precinct,114 - One Hundred Fourteen,0,0,0,0,0,0
Precinct,114 - One Hundred Fourteen (CD 4),1660,287,57,1,2005,0
Precinct,115 - One Hundred Fifteen (CD 4),617,384,31,5,1037,0
Precinct,115 - One Hundred Fifteen,0,0,0,0,0,0
Precinct,203 - Two Hundred Three,0,0,0,0,0,0
Precinct,203 - Two Hundred Three (CD 4),1646,310,63,8,2027,0
Precinct,204 - Two Hundred Four,0,0,0,0,0,0
Precinct,204 - Two Hundred Four (CD 4),1388,224,42,3,1657,0
Precinct,206 - Two Hundred Six,0,0,0,0,0,0
Precinct,206 - Two Hundred Six (CD 4),870,87,22,1,980,0
Precinct,207 - Two Hundred Seven,0,0,0,0,0,0
Precinct,207 - Two Hundred Seven (CD 4),1435,280,52,5,1772,0
Precinct,208 - Two Hundred Eight,0,0,0,0,0,0
Precinct,208 - Two Hundred Eight (CD 4),1294,210,35,5,1544,0
Precinct,213 - Two Hundred Thirteen,0,0,0,0,0,0
Precinct,213 - Two Hundred Thirteen (CD 4),2048,73,35,2,2158,0
Precinct,214 - Two Hundred Fourteen (CD 4),1734,94,32,4,1864,0
Precinct,214 - Two Hundred Fourteen,0,0,0,0,0,0
Precinct,301 - Three Hundred One,0,0,0,0,0,0
Precinct,301 - Three Hundred One (CD 4),613,22,2,3,640,0
Precinct,302 - Three Hundred Two,0,0,0,0,0,0
Precinct,302 - Three Hundred Two (CD 4),753,76,14,6,849,0
Precinct,303 - Three Hundred Three,0,0,0,0,0,0
Precinct,303 - Three Hundred Three (CD 4),718,24,12,2,756,0
Precinct,304 - Three Hundred Four,0,0,0,0,0,0
Precinct,304 - Three Hundred Four (CD 4),1030,29,11,1,1071,0
Precinct,305 - Three Hundred Five,0,0,0,0,0,0
Precinct,305 - Three Hundred Five (CD 4),1035,57,19,1,1112,0
Precinct,306 - Three Hundred Six,0,0,0,0,0,0
Precinct,306 - Three Hundred Six (CD 4),834,27,8,0,869,0
Precinct,307 - Three Hundred Seven,0,0,0,0,0,0
Precinct,307 - Three Hundred Seven (CD 4),977,169,30,3,1179,0
Precinct,308 - Three Hundred Eight,0,0,0,0,0,0
Precinct,308 - Three Hundred Eight (CD 4),1002,203,32,3,1240,0
Precinct,309 - Three Hundred Nine,0,0,0,0,0,0
Precinct,309 - Three Hundred Nine (CD 4),602,247,15,1,865,0
Precinct,310 - Three Hundred Ten,0,0,0,0,0,0
Precinct,310 - Three Hundred Ten (CD 4),309,4,4,0,317,0
Precinct,402 - Four Hundred Two,0,0,0,0,0,0
Precinct,402 - Four Hundred Two (CD 4),1654,424,61,1,2140,0
Precinct,404 - Four Hundred Four,0,0,0,0,0,0
Precinct,404 - Four Hundred Four (CD 4),1436,304,41,4,1785,0
Precinct,409 - Four Hundred Nine,0,0,0,0,0,0
Precinct,409 - Four Hundred Nine (CD 4),1716,859,53,4,2632,0
Precinct,410 - Four Hundred Ten,0,0,0,0,0,0
Precinct,410 - Four Hundred Ten (CD 4),976,358,32,2,1368,0
Precinct,412 - Four Hundred Twelve,0,0,0,0,0,0
Precinct,412 - Four Hundred Twelve (CD 4),1040,220,31,1,1292,0
Precinct,413 - Four Hundred Thirteen,0,0,0,0,0,0
Precinct,413 - Four Hundred Thirteen (CD 4),1007,335,31,0,1373,0
Precinct,414 - Four Hundred Fourteen,0,0,0,0,0,0
Precinct,414 - Four Hundred Fourteen (CD 4),984,476,31,3,1494,0
Precinct,501 - Five Hundred One,0,0,0,0,0,0
Precinct,501 - Five Hundred One (CD 4),1564,150,35,3,1752,0
Precinct,503 - Five Hundred Three,0,0,0,0,0,0
Precinct,503 - Five Hundred Three (CD 4),1503,117,32,1,1653,0
Precinct,504 - Five Hundred Four,0,0,0,0,0,0
Precinct,504 - Five Hundred Four (CD 4),1945,171,43,2,2161,0
Precinct,505 - Five Hundred Five,0,0,0,0,0,0
Precinct,505 - Five Hundred Five (CD 4),1298,106,21,0,1425,0
Precinct,508 - Five Hundred Eight,0,0,0,0,0,0
Precinct,508 - Five Hundred Eight (CD 4),769,97,16,0,882,0
Precinct,509 - Five Hundred Nine,0,0,0,0,0,0
Precinct,509 - Five Hundred Nine (CD 4),943,48,12,0,1003,0
Precinct,510 - Five Hundred Ten,0,0,0,0,0,0
Precinct,510 - Five Hundred Ten (CD 4),1188,84,24,4,1300,0
Precinct,602 - Six Hundred Two,0,0,0,0,0,0
Precinct,602 - Six Hundred Two (CD 4),554,11,2,2,569,0
Precinct,603 - Six Hundred Three,0,0,0,0,0,0
Precinct,603 - Six Hundred Three (CD 4),990,28,10,0,1028,0
Precinct,604 - Six Hundred Four,0,0,0,0,0,0
Precinct,604 - Six Hundred Four (CD 4),689,25,12,3,729,0
Precinct,606 - Six Hundred Six,0,0,0,0,0,0
Precinct,606 - Six Hundred Six (CD 4),1135,30,10,1,1176,0
Precinct,607 - Six Hundred Seven,0,0,0,0,0,0
Precinct,607 - Six Hundred Seven (CD 4),1198,155,23,2,1378,0
Precinct,609 - Six Hundred Nine,0,0,0,0,0,0
Precinct,609 - Six Hundred Nine (CD 4),1529,131,34,6,1700,0
Precinct,610 - Six Hundred Ten,0,0,0,0,0,0
Precinct,610 - Six Hundred Ten (CD 4),636,19,7,1,663,0
Precinct,701 - Seven Hundred One,0,0,0,0,0,0
Precinct,701 - Seven Hundred One (CD 4),717,20,6,1,744,0
Precinct,702 - Seven Hundred Two,0,0,0,0,0,0
Precinct,702 - Seven Hundred Two (CD 4),792,35,13,3,843,0
Precinct,703 - Seven Hundred Three,0,0,0,0,0,0
Precinct,703 - Seven Hundred Three (CD 4),1000,36,17,1,1054,0
Precinct,705 - Seven Hundred Five,0,0,0,0,0,0
Precinct,705 - Seven Hundred Five (CD 4),922,67,19,0,1008,0
Precinct,706 - Seven Hundred Six,0,0,0,0,0,0
Precinct,706 - Seven Hundred Six (CD 4),1448,90,18,1,1557,0
Precinct,707 - Seven Hundred Seven,0,0,0,0,0,0
Precinct,707 - Seven Hundred Seven (CD 4),1951,204,43,7,2205,0
Precinct,708 - Seven Hundred Eight,0,0,0,0,0,0
Precinct,708 - Seven Hundred Eight (CD 4),1623,198,55,7,1883,0
Precinct,802 - Eight Hundred Two,0,0,0,0,0,0
Precinct,802 - Eight Hundred Two (CD 4),781,18,8,2,809,0
Precinct,806 - Eight Hundred Six,0,0,0,0,0,0
Precinct,806 - Eight Hundred Six (CD 4),955,79,6,1,1041,0
Precinct,810 - Eight Hundred Ten,0,0,0,0,0,0
Precinct,810 - Eight Hundred Ten (CD 4),825,60,2,3,890,0
Precinct,811 - Eight Hundred Eleven,0,0,0,0,0,0
Precinct,811 - Eight Hundred Eleven (CD 4),894,70,4,0,968,0
Precinct,812 - Eight Hundred Twelve,0,0,0,0,0,0
Precinct,812 - Eight Hundred Twelve (CD 4),1300,153,18,1,1472,0
Precinct,814 - Eight Hundred Fourteen,0,0,0,0,0,0
Precinct,814 - Eight Hundred Fourteen (CD 4),760,39,6,0,805,0
Precinct,902 - Nine Hundred Two,0,0,0,0,0,0
Precinct,902 - Nine Hundred Two (CD 4),400,24,4,1,429,0
Precinct,903 - Nine Hundred Three,0,0,0,0,0,0
Precinct,903 - Nine Hundred Three (CD 4),1020,97,13,2,1132,0
Precinct,908 - Nine Hundred Eight,0,0,0,0,0,0
Precinct,908 - Nine Hundred Eight (CD 4),1024,65,4,0,1093,0
Precinct,909 - Nine Hundred Nine,0,0,0,0,0,0
Precinct,909 - Nine Hundred Nine (CD 4),1132,99,16,2,1249,0
Precinct,910 - Nine Hundred Ten,0,0,0,0,0,0
Precinct,910 - Nine Hundred Ten (CD 4),951,85,7,0,1043,0
Precinct,911 - Nine Hundred Eleven,0,0,0,0,0,0
Precinct,911 - Nine Hundred Eleven (CD 4),1011,43,3,0,1057,0
Precinct,AB - Central Absentee Precinct,0,0,0,0,0,0
Precinct,AB - Central Absentee Precinct (CD 4),4179,621,80,14,4894,0
Precinct,Provisional,0,0,0,0,0,0
Precinct,Provisional (CD 4),48,4,1,0,53,0
Locality,Richmond County,1191,1683,20,5,2899,0
Precinct,101 - Precinct 1-1,371,204,3,0,578,0
Precinct,201 - Precinct 2-1,190,349,5,0,544,0
Precinct,301 - Precinct 3-1,203,297,3,2,505,0
Precinct,401 - Precinct 4-1,185,371,4,2,562,0
Precinct,501 - Precinct 5-1,169,368,5,1,543,0
Precinct,Ab - Central Absentee Precinct,73,94,0,0,167,0
Precinct,Provisional,0,0,0,0,0,0
Locality,Roanoke City,20149,10509,587,37,31282,0
Precinct,1 -Peters Creek,1079,237,16,1,1333,0
Precinct,2 - Grandview,950,382,27,1,1360,0
Precinct,3 -Preston Park,669,717,19,1,1406,0
Precinct,4 - Williamson Road,738,467,22,1,1228,0
Precinct,5 - East Gate,555,718,28,0,1301,0
Precinct,6 - Hollins Road,696,502,17,1,1216,0
Precinct,7 - Southeast,444,440,24,2,910,0
Precinct,8 - Lincoln Terrace,850,62,6,0,918,0
Precinct,9 - Highland,978,255,25,2,1260,0
Precinct,10 - Old Southwest-Wasena,1282,472,53,2,1809,0
Precinct,11 - Raleigh Court,1424,677,48,3,2152,0
Precinct,12 - South Roanoke,865,690,26,2,1583,0
Precinct,13 - Garden City,534,789,29,1,1353,0
Precinct,14 - Crystal Spring,996,713,29,1,1739,0
Precinct,15 - Grandin Court,935,606,49,0,1590,0
Precinct,16 - Deyerle,905,825,26,8,1764,0
Precinct,17 - Lee-Hi,1140,580,60,2,1782,0
Precinct,18 - Summit Hills,968,509,31,0,1508,0
Precinct,19 - Forest Park,1014,127,8,2,1151,0
Precinct,20 - Eureka Park,1555,86,4,2,1647,0
Precinct,AB - Central Absentee Precinct,1528,643,40,5,2216,0
Precinct,Provisional,44,12,0,0,56,0
Locality,Roanoke County,17012,24194,724,36,41966,0
Precinct,101 - Catawba (CD 9),136,310,9,0,455,0
Precinct,102 - Mason Valley (CD 9),119,331,6,0,456,0
Precinct,103 - Glenvar (CD 9),336,750,16,2,1104,0
Precinct,104 - Northside (CD 9),440,456,18,2,916,0
Precinct,105 - Peters Creek (CD 9),769,1059,41,5,1874,0
Precinct,106 - Green Hill (CD 9),629,1120,28,2,1779,0
Precinct,107 - Bennett Springs (CD 9),167,433,16,1,617,0
Precinct,108 - Wildwood (CD 9),325,577,25,3,930,0
Precinct,201 - Plantation (CD 6),489,644,28,0,1161,0
Precinct,202 - Burlington (CD 6),404,416,11,1,832,0
Precinct,203 - Mountain View (CD 6),679,1152,31,2,1864,0
Precinct,204 - Botetourt Springs (CD 9),648,837,23,2,1510,0
Precinct,205 - Orchards (CD 6),720,1318,29,6,2073,0
Precinct,206 - Hollins (CD 6),297,331,11,1,640,0
Precinct,301 - Bent Mountain (CD 9),170,268,18,0,456,0
Precinct,302 - Poages Mill (CD 6),722,1218,26,2,1968,0
Precinct,303 - Windsor Hills (CD 6),478,581,27,3,1089,0
Precinct,304 - Oak Grove (CD 6),862,1103,29,0,1994,0
Precinct,305 - Castle Rock (CD 6),1010,1152,27,0,2189,0
Precinct,306 - Garst Mill (CD 6),474,441,19,1,935,0
Precinct,402 - Bonsack (CD 6),128,251,10,0,389,0
Precinct,403 - North Vinton (CD 6),373,679,31,1,1084,0
Precinct,404 - South Vinton (CD 6),562,734,21,6,1323,0
Precinct,405 - Lindenwood (CD 6),679,1256,25,2,1962,0
Precinct,406 - Mount Pleasant (CD 6),457,1058,18,3,1536,0
Precinct,501 - Cotton Hill (CD 6),463,629,17,0,1109,0
Precinct,502 - Penn Forest (CD 6),417,496,18,2,933,0
Precinct,503 - Cave Spring (CD 6),555,659,26,2,1242,0
Precinct,504 - Ogden (CD 6),563,455,17,1,1036,0
Precinct,505 - Clearbrook (CD 6),291,556,10,0,857,0
Precinct,506 - Mount Vernon (CD 6),440,459,21,0,920,0
Precinct,507 - Hunting Hills (CD 6),750,922,32,7,1711,0
Precinct,Ab - Central Absentee Precinct,0,0,0,0,0,0
Precinct,Ab - Central Absentee Precinct (CD 6),1119,1168,31,4,2322,0
Precinct,Ab - Central Absentee Precinct (CD 9),332,356,9,0,697,0
Precinct,Provisional,0,0,0,0,0,0
Precinct,Provisional (CD 6),7,17,0,0,24,0
Precinct,Provisional (CD 9),2,2,0,0,4,0
Locality,Rockbridge County,3584,5622,143,0,9349,0
Precinct,101 - Airport,383,413,14,0,810,0
Precinct,102 - Ben Salem,208,353,7,0,568,0
Precinct,103 - Plank Road,92,222,3,0,317,0
Precinct,104 - Effinger,113,214,7,0,334,0
Precinct,201 - Collierstown,249,312,5,0,566,0
Precinct,202 - Highland Belle,421,603,16,0,1040,0
Precinct,203 - Vo-tech,153,123,5,0,281,0
Precinct,301 - Maury River,180,294,8,0,482,0
Precinct,302 - Natural Bridge,146,335,7,0,488,0
Precinct,303 - Falling Spring,68,191,5,0,264,0
Precinct,401 - Fairfield,201,374,10,0,585,0
Precinct,402 - Mountain View,223,537,12,0,772,0
Precinct,403 - Vesuvius,62,219,1,0,282,0
Precinct,501 - Goshen,50,222,5,0,277,0
Precinct,502 - Meadowview,254,274,9,0,537,0
Precinct,503 - Rockbridge Baths,162,209,8,0,379,0
Precinct,504 - Rockbridge,239,368,9,0,616,0
Precinct,Ab - Central Absentee Precinct,375,357,12,0,744,0
Precinct,Provisional,5,2,0,0,7,0
Locality,Rockingham County,9811,21151,654,29,31645,0
Precinct,101 - Broadway,454,988,38,0,1480,0
Precinct,102 - Timberville,213,472,13,0,698,0
Precinct,103 - Fulks Run,119,613,8,0,740,0
Precinct,104 - Bergton,46,235,5,0,286,0
Precinct,105 - Lacey Spring,124,510,17,0,651,0
Precinct,106 - Tenth Legion,140,428,9,0,577,0
Precinct,107 - Plains,144,492,13,1,650,0
Precinct,108 - Little North Mountain,109,324,13,2,448,0
Precinct,201 - Singers Glen,246,685,19,1,951,0
Precinct,202 - Edom,530,951,19,2,1502,0
Precinct,203 - Dayton,255,448,17,0,720,0
Precinct,204 - Mt Clinton,281,733,25,1,1040,0
Precinct,205 - Silver Lake,485,840,29,1,1355,0
Precinct,301 - Keezletown,207,490,23,2,722,0
Precinct,302 - Port Republic,288,760,23,0,1071,0
Precinct,303 - Melrose,159,453,9,0,621,0
Precinct,304 - Grottoes,290,720,23,1,1034,0
Precinct,305 - Massanetta Springs,637,722,48,3,1410,0
Precinct,306 - Cross Keys,121,283,4,0,408,0
Precinct,307 - Crossroads,764,956,39,2,1761,0
Precinct,401 - West Bridgewater,326,550,20,1,897,0
Precinct,402 - Montezuma,245,782,20,2,1049,0
Precinct,403 - Mt Crawford,59,109,4,0,172,0
Precinct,404 - North River,345,726,19,0,1090,0
Precinct,405 - Ottobine,197,959,18,0,1174,0
Precinct,406 - East Bridgewater,584,703,33,0,1320,0
Precinct,501 - Elkton,304,782,28,1,1115,0
Precinct,502 - Swift Run,246,1203,15,1,1465,0
Precinct,503 - Mcgaheysville,392,978,30,5,1405,0
Precinct,504 - South Fork,123,531,13,0,667,0
Precinct,505 - Stony Run,546,690,30,1,1267,0
Precinct,Ab - Central Absentee Precinct,823,1030,30,2,1885,0
Precinct,Provisional,9,5,0,0,14,0
Locality,Russell County,2471,6379,97,4,8951,0
Precinct,101 - Moccasin,122,482,5,1,610,0
Precinct,102 - Copper Creek,124,347,3,0,474,0
Precinct,103 - South Castlewood,114,263,4,0,381,0
Precinct,201 - North Castlewood,259,699,8,0,966,0
Precinct,202 - Dante,65,136,5,0,206,0
Precinct,301 - Cooks Mill,54,135,4,0,193,0
Precinct,302 - Daugherty,68,215,5,0,288,0
Precinct,303 - New Garden,147,419,3,0,569,0
Precinct,304 - Cleveland,109,207,6,1,323,0
Precinct,401 - Drill,41,39,1,0,81,0
Precinct,402 - Swords Creek,148,659,10,1,818,0
Precinct,403 - Honaker,137,260,4,0,401,0
Precinct,501 - West Lebanon,419,902,15,1,1337,0
Precinct,601 - East Lebanon,185,530,11,0,726,0
Precinct,602 - Elk Garden,190,661,9,0,860,0
Precinct,Ab - Central Absentee Precinct,288,424,4,0,716,0
Precinct,Provisional,1,1,0,0,2,0
Locality,Salem City,4116,5571,186,10,9883,0
Precinct,1 - North Salem No 2,596,616,18,3,1233,0
Precinct,2 - Conehurst,241,309,11,0,561,0
Precinct,3 - Beverly Heights,223,404,11,1,639,0
Precinct,4 - West Salem,371,577,21,1,970,0
Precinct,5 - North Salem No 1,568,635,33,1,1237,0
Precinct,6 - South Salem No 1,280,330,12,2,624,0
Precinct,7 - South Salem No 2,351,541,21,1,914,0
Precinct,8 - East Salem,135,191,9,1,336,0
Precinct,9 - South Side Hills,434,793,22,0,1249,0
Precinct,10 - Hidden Valley,579,770,23,0,1372,0
Precinct,Ab - Central Absentee Precinct,337,401,5,0,743,0
Precinct,Provisional,1,4,0,0,5,0
Locality,Scott County,1627,5824,63,8,7522,0
Precinct,101 - Weber City,133,411,4,4,552,0
Precinct,102 - Yuma,150,504,5,0,659,0
Precinct,202 - Weber City East,85,328,7,0,420,0
Precinct,203 - Hiltons,114,539,6,0,659,0
Precinct,204 - Clark's,25,162,0,0,187,0
Precinct,301 - Nickelsville,93,391,0,0,484,0
Precinct,302 - Snowflake,78,294,3,0,375,0
Precinct,303 - Twin Springs,82,243,6,1,332,0
Precinct,304 - Copper Creek,24,79,1,1,105,0
Precinct,401 - Gate City,277,915,9,0,1201,0
Precinct,501 - Dungannon,94,174,2,0,270,0
Precinct,502 - Fort Blackmore,64,202,2,0,268,0
Precinct,503 - Manville,18,125,3,0,146,0
Precinct,504 - Rye Cove,65,319,2,0,386,0
Precinct,601 - Clinchport,43,208,2,1,254,0
Precinct,602 - Duffield-pattonsville,107,489,5,1,602,0
Precinct,603 - Fairview,40,103,1,0,144,0
Precinct,Ab - Central Absentee Precinct,135,338,5,0,478,0
Precinct,Provisional,0,0,0,0,0,0
Locality,Shenandoah County,5362,10836,270,17,16485,0
Precinct,101 - Orkney Springs,286,465,11,0,762,0
Precinct,103 - New Market,540,1248,35,5,1828,0
Precinct,201 - Conicville,302,961,18,1,1282,0
Precinct,202 - Mt Jackson,332,715,19,1,1067,0
Precinct,302 - Edinburg,346,804,24,1,1175,0
Precinct,303 - St Luke,230,867,23,2,1122,0
Precinct,304 - Fort Valley,181,478,11,0,670,0
Precinct,401 - Woodstock,941,1389,31,1,2362,0
Precinct,501 - Cedar Creek,41,71,2,0,114,0
Precinct,503 - Toms Brook,478,1107,20,0,1605,0
Precinct,504 - Lebanon Church,312,813,23,0,1148,0
Precinct,601 - Strasburg,894,1365,39,3,2301,0
Precinct,Ab - Central Absentee Precinct,473,546,14,3,1036,0
Precinct,Provisional,6,7,0,0,13,0
Locality,Smyth County,2683,6864,110,11,9668,0
Precinct,101 - Saltville,324,833,13,2,1172,0
Precinct,201 - Seven Mile Ford,199,672,4,0,875,0
Precinct,202 - Rich Valley,103,235,0,1,339,0
Precinct,301 - Chilhowie,263,846,13,1,1123,0
Precinct,302 - St Clair,54,288,3,2,347,0
Precinct,401 - East Park,285,531,14,0,830,0
Precinct,402 - West Park,147,245,3,0,395,0
Precinct,501 - Atkins,187,651,13,1,852,0
Precinct,502 - Wassona,248,365,10,0,623,0
Precinct,601 - Royal Oak East,234,551,6,1,792,0
Precinct,602 - Royal Oak West,134,318,8,1,461,0
Precinct,701 - Adwolfe,157,680,11,1,849,0
Precinct,702 - Sugar Grove,158,346,4,1,509,0
Precinct,703 - Konnarock,17,63,2,0,82,0
Precinct,Ab - Central Absentee Precinct,172,240,6,0,418,0
Precinct,Provisional,1,0,0,0,1,0
Locality,Southampton County,3047,3869,67,6,6989,0
Precinct,101 - Berlin,103,375,9,0,487,0
Precinct,102 - Ivor,291,407,8,0,706,0
Precinct,201 - Boykins,414,255,4,0,673,0
Precinct,202 - Branchville,91,129,2,0,222,0
Precinct,301 - Capron,292,280,2,0,574,0
Precinct,302 - Sebrell,212,299,3,1,515,0
Precinct,401 - Drewryville,220,173,3,0,396,0
Precinct,501 - Hunterdale,283,531,6,0,820,0
Precinct,502 - Forks-of-the-river,163,181,1,0,345,0
Precinct,601 - Courtland,334,391,11,2,738,0
Precinct,602 - Sedley,58,241,5,0,304,0
Precinct,701 - Blackwater River,231,118,4,0,353,0
Precinct,702 - Newsoms,200,328,3,0,531,0
Precinct,Ab - Central Absentee Precinct,155,161,6,3,325,0
Precinct,Provisional,0,0,0,0,0,0
Locality,Spotsylvania County,24554,26466,896,58,51974,0
Precinct,101 - Partlow (CD 7),351,909,21,0,1281,0
Precinct,102 - Blaydes Corner (CD 7),449,882,16,5,1352,0
Precinct,103 - Travelers Rest (CD 7),831,1064,32,1,1928,0
Precinct,103 - Travelers Rest (CD 1),4,1,1,0,6,0
Precinct,104 - Massaponax (CD 1),785,916,36,0,1737,0
Precinct,201 - Wilderness School (CD 7),769,857,29,1,1656,0
Precinct,202 - Wilderness Fire (CD 7),598,942,28,0,1568,0
Precinct,203 - Ni River / Elys Ford (CD 7),548,965,23,3,1539,0
Precinct,204 - Chancellor (CD 7),1072,904,37,1,2014,0
Precinct,301 - Plank Road (CD 7),887,953,28,0,1868,0
Precinct,302 - Hazel Run (CD 7),1094,921,41,2,2058,0
Precinct,303 - Riverbend (CD 7),1158,1444,39,3,2644,0
Precinct,401 - Summit (CD 1),1112,946,41,0,2099,0
Precinct,402 - Parkside (CD 1),1024,651,37,0,1712,0
Precinct,402 - Parkside (CD 7),225,145,7,0,377,0
Precinct,403 - Lee Hill (CD 1),1259,1034,52,4,2349,0
Precinct,501 - Belmont (CD 7),370,789,16,4,1179,0
Precinct,502 - Brokenburg (CD 7),334,733,13,1,1081,0
Precinct,503 - Post Oak (CD 7),329,822,13,2,1166,0
Precinct,504 - Courthouse (CD 7),777,1002,30,6,1815,0
Precinct,505 - Brock (CD 7),643,1219,30,2,1894,0
Precinct,601 - Salem (CD 7),1066,946,39,2,2053,0
Precinct,602 - Smith Station (CD 7),1409,1120,51,1,2581,0
Precinct,603 - Piedmont (CD 7),666,595,26,2,1289,0
Precinct,701 - Battlefield (CD 1),809,670,26,0,1505,0
Precinct,702 - Brents Mill (CD 1),577,381,31,3,992,0
Precinct,702 - Brents Mill (CD 7),518,484,23,4,1029,0
Precinct,703 - Fairview (CD 7),449,278,10,1,738,0
Precinct,703 - Fairview (CD 1),148,111,6,1,266,0
Precinct,704 - Gayle (CD 7),921,804,25,1,1751,0
Precinct,704 - Gayle (CD 1),430,413,13,1,857,0
Precinct,Ab - Central Absentee Precinct (CD 1),822,642,15,3,1482,0
Precinct,Ab - Central Absentee Precinct (CD 7),2111,1919,60,4,4094,0
Precinct,Provisional (CD 1),3,1,0,0,4,0
Precinct,Provisional (CD 7),6,3,1,0,10,0
Locality,Stafford County,28536,26368,1088,57,56049,0
Precinct,101 - Hartwood,1048,1968,51,1,3068,0
Precinct,102 - Rocky Run,962,862,35,1,1860,0
Precinct,103 - Simpson,928,1001,38,1,1968,0
Precinct,104 - College,1080,1215,60,3,2358,0
Precinct,201 - Rock Hill,763,808,35,1,1607,0
Precinct,202 - Roseville,1141,991,50,4,2186,0
Precinct,203 - Ruby,501,988,38,1,1528,0
Precinct,204 - Stefaniga,988,1223,30,1,2242,0
Precinct,301 - Griffis,1005,402,18,1,1426,0
Precinct,302 - Widewater,1314,838,33,1,2186,0
Precinct,303 - Harbour,603,644,30,2,1279,0
Precinct,304 - Barrett,534,340,18,1,893,0
Precinct,401 - Aquia,569,200,19,0,788,0
Precinct,402 - Courthouse,1726,786,48,7,2567,0
Precinct,403 - Brooke,1017,1290,47,3,2357,0
Precinct,404 - Government Island,677,798,30,1,1506,0
Precinct,501 - Grafton,1114,1323,30,1,2468,0
Precinct,502 - Falmouth,855,806,39,1,1701,0
Precinct,503 - Drew,844,819,48,1,1712,0
Precinct,504 - Gayle,990,634,25,0,1649,0
Precinct,601 - Ferry Farm,733,943,45,2,1723,0
Precinct,602 - Chatham,1039,963,40,0,2042,0
Precinct,603 - White Oak,742,1340,52,1,2135,0
Precinct,604 - England Run,808,303,27,5,1143,0
Precinct,701 - Woodlands,1291,1092,40,4,2427,0
Precinct,702 - Whitson,1131,626,26,0,1783,0
Precinct,703 - Hampton,1516,1238,62,3,2819,0
Precinct,Ab - Central Absentee Precinct,2593,1911,74,10,4588,0
Precinct,Provisional,24,16,0,0,40,0
Locality,Staunton City,5417,3937,228,17,9599,0
Precinct,101 - Ward No 1,900,744,36,5,1685,0
Precinct,201 - Ward No 2,992,974,51,3,2020,0
Precinct,301 - Ward No 3,972,776,47,1,1796,0
Precinct,401 - Ward No 4,849,641,36,2,1528,0
Precinct,501 - Ward No 5,1186,506,46,3,1741,0
Precinct,Ab - Central Absentee Precinct,512,293,12,3,820,0
Precinct,Provisional,6,3,0,0,9,0
Locality,Suffolk City,21397,13397,461,37,35292,0
Precinct,101 - Belleharbour (CD 3),820,253,17,4,1094,0
Precinct,102 - Driver (CD 3),969,1368,47,1,2385,0
Precinct,104 - Bennetts Creek (CD 3),889,674,31,1,1595,0
Precinct,201 - Ebenezer (CD 3),443,776,16,3,1238,0
Precinct,202 - Chuckatuck (CD 3),490,677,17,0,1184,0
Precinct,203 - Kings Fork (CD 3),1147,490,26,5,1668,0
Precinct,204 - Hillpoint (CD 3),904,367,15,3,1289,0
Precinct,301 - White Marsh (CD 4),314,131,5,0,450,0
Precinct,302 - John F Kennedy (CD 4),766,25,1,0,792,0
Precinct,302 - John F Kennedy (CD 3),581,139,4,1,725,0
Precinct,304 - Nansemond River (CD 3),1021,477,27,1,1526,0
Precinct,305 - Shoulders Hill (CD 3),443,242,7,1,693,0
Precinct,401 - Airport (CD 4),375,404,14,0,793,0
Precinct,402 - Whaleyville (CD 4),273,686,8,1,968,0
Precinct,403 - Southside (CD 4),587,27,7,0,621,0
Precinct,404 - Booker T Washington (CD 4),759,50,2,0,811,0
Precinct,404 - Booker T Washington (CD 3),249,5,0,1,255,0
Precinct,405 - Pittmantown (CD 4),159,213,3,0,375,0
Precinct,501 - Kilbys Mill (CD 4),732,966,21,2,1721,0
Precinct,502 - Holland (CD 4),607,809,26,0,1442,0
Precinct,504 - Lake Cohoon (CD 4),520,838,17,1,1376,0
Precinct,504 - Lake Cohoon (CD 3),99,229,3,1,332,0
Precinct,601 - Lakeside (CD 4),882,500,26,1,1409,0
Precinct,602 - Olde Towne (CD 4),3,0,0,0,3,0
Precinct,602 - Olde Towne (CD 3),257,116,5,0,378,0
Precinct,603 - Elephants Fork/westhaven (CD 4),270,220,6,0,496,0
Precinct,604 - Wilroy (CD 3),533,472,21,1,1027,0
Precinct,605 - Hollywood (CD 3),580,24,5,0,609,0
Precinct,702 - Harbourview (CD 3),1059,744,16,2,1821,0
Precinct,704 - Burbage Grant (CD 3),1163,459,21,1,1644,0
Precinct,706 - Huntersville (CD 3),1436,192,22,2,1652,0
Precinct,AB - Central Absentee Precinct (CD 3),1340,575,18,3,1936,0
Precinct,Ab - Central Absentee Precinct (CD 4),715,242,7,1,965,0
Precinct,Provisional (CD 3),6,4,0,0,10,0
Precinct,Provisional (CD 4),6,3,0,0,9,0
Locality,Surry County,1997,1436,35,9,3477,0
Precinct,101 - Surry,332,400,10,3,745,0
Precinct,201 - Bacons Castle,456,243,8,1,708,0
Precinct,301 - Dendron,187,175,0,1,363,0
Precinct,302 - Walls Bridge,175,148,2,0,325,0
Precinct,401 - Carsley,414,238,7,1,660,0
Precinct,501 - Claremont,233,203,6,2,444,0
Precinct,502 - Spring Grove,196,29,2,1,228,0
Precinct,Provisional,4,0,0,0,4,0
Locality,Sussex County,2258,1598,32,0,3888,0
Precinct,101 - Waverly,455,121,2,0,578,0
Precinct,201 - Stony Creek,323,136,2,0,461,0
Precinct,202 - Little Mill,78,42,1,0,121,0
Precinct,301 - Courthouse,183,303,5,0,491,0
Precinct,302 - Wakefield,27,110,0,0,137,0
Precinct,401 - Mars Hill,335,194,6,0,535,0
Precinct,402 - West Wakefield,55,10,1,0,66,0
Precinct,501 - Henry,275,152,3,0,430,0
Precinct,502 - Yale,132,81,2,0,215,0
Precinct,601 - Blackwater,183,244,5,0,432,0
Precinct,602 - Newville,111,123,4,0,238,0
Precinct,AB - Central Absentee Precinct,98,80,1,0,179,0
Precinct,Provisional,3,2,0,0,5,0
Locality,Tazewell County,2809,10428,118,16,13371,0
Precinct,101 - Indian Valley,91,293,1,0,385,0
Precinct,102 - Tip Top,59,229,1,0,289,0
Precinct,103 - Mundy Town,109,490,3,2,604,0
Precinct,104 - Falls Mills,54,257,0,0,311,0
Precinct,106 - Pocahontas,65,107,2,1,175,0
Precinct,107 - Amonate,10,49,0,0,59,0
Precinct,109 - Bishop,17,90,0,0,107,0
Precinct,112 - Bandy,25,96,2,0,123,0
Precinct,203 - Burkes Garden,19,75,1,0,95,0
Precinct,204 - Clear Fork,57,303,4,1,365,0
Precinct,207 - Freestone,36,86,0,0,122,0
Precinct,209 - Jeffersonville,417,1335,11,2,1765,0
Precinct,214 - Thompson Valley,70,322,3,0,395,0
Precinct,301 - Cedar Bluff,236,1169,18,0,1423,0
Precinct,302 - Baptist Valley,62,199,5,0,266,0
Precinct,303 - Paint Lick,178,798,8,4,988,0
Precinct,401 - Richlands,517,1735,25,2,2279,0
Precinct,402 - Jewell Ridge,39,121,1,0,161,0
Precinct,501 - Springville,149,752,10,2,913,0
Precinct,502 - Graham,369,1283,13,1,1666,0
Precinct,Ab - Central Absentee Precinct,229,635,10,1,875,0
Precinct,Provisional,1,4,0,0,5,0
Locality,Virginia Beach City,91813,73575,3851,204,169443,0
Precinct,1 - North Beach,1010,1225,50,1,2286,0
Precinct,2 - South Beach,919,777,52,2,1750,0
Precinct,3 - Ocean Lakes,582,621,27,0,1230,0
Precinct,4 - Linkhorn,796,948,55,3,1802,0
Precinct,5 - Seatack,1000,571,39,1,1611,0
Precinct,6 - Alanton,900,999,49,2,1950,0
Precinct,7 - Kingston,570,645,20,3,1238,0
Precinct,8 - London Bridge,1024,833,51,2,1910,0
Precinct,9 - Trantwood,738,952,40,4,1734,0
Precinct,10 - Great Neck,742,1202,44,7,1995,0
Precinct,11 - Cape Henry,1153,934,58,4,2149,0
Precinct,12 - Plaza,988,611,45,2,1646,0
Precinct,13 - Mt Trashmore,1073,931,51,4,2059,0
Precinct,14 - Malibu,900,828,37,1,1766,0
Precinct,15 - Old Donation,625,504,33,1,1163,0
Precinct,16 - Aragona,1058,863,54,2,1977,0
Precinct,17 - Ocean Park,658,655,48,1,1362,0
Precinct,18 - Thoroughgood,1046,999,51,3,2099,0
Precinct,19 - Lake Smith,457,507,21,0,985,0
Precinct,20 - Bayside,734,657,22,2,1415,0
Precinct,21 - Davis Corner,1184,294,32,0,1510,0
Precinct,22 - Point O View,646,759,32,3,1440,0
Precinct,23 - Arrowhead,809,815,35,1,1660,0
Precinct,24 - Larkspur,639,539,15,2,1195,0
Precinct,25 - Avalon,1261,1010,57,2,2330,0
Precinct,26 - Fairfield,791,766,29,3,1589,0
Precinct,27 - Edwin,845,878,47,4,1774,0
Precinct,28 - Thalia,648,658,35,4,1345,0
Precinct,29 - Holland,1029,493,39,1,1562,0
Precinct,30 - Red Wing,700,894,36,2,1632,0
Precinct,31 - Sigma,795,1207,62,1,2065,0
Precinct,32 - Creeds,251,620,13,0,884,0
Precinct,33 - Capps Shop,277,689,10,0,976,0
Precinct,34 - Blackwater,147,412,10,0,569,0
Precinct,35 - Courthouse,731,1077,27,0,1835,0
Precinct,36 - Windsor Oaks,1237,698,38,1,1974,0
Precinct,37 - Chesapeake Beach,688,551,32,4,1275,0
Precinct,38 - Witchduck,960,1163,51,1,2175,0
Precinct,39 - Pembroke,1099,845,59,3,2006,0
Precinct,40 - Bonney,710,545,35,1,1291,0
Precinct,41 - College Park,1642,441,40,1,2124,0
Precinct,42 - Brandon,950,669,47,0,1666,0
Precinct,43 - Bellamy,986,428,44,2,1460,0
Precinct,44 - Centerville,1009,876,55,2,1942,0
Precinct,45 - Timberlake,1140,393,30,3,1566,0
Precinct,46 - Green Run,960,421,21,1,1403,0
Precinct,47 - Kings Grant,949,1182,57,2,2190,0
Precinct,48 - Wolfsnare,962,951,45,2,1960,0
Precinct,49 - Lynnhaven,834,963,37,2,1836,0
Precinct,50 - Oceana,708,286,30,3,1027,0
Precinct,51 - Stratford Chase,743,707,41,2,1493,0
Precinct,52 - Homestead,1091,953,47,6,2097,0
Precinct,53 - Shannon,711,656,45,1,1413,0
Precinct,54 - Cromwell,692,519,31,0,1242,0
Precinct,55 - Magic Hollow,1122,421,34,4,1581,0
Precinct,56 - Edinburgh,422,435,18,2,877,0
Precinct,57 - Sherry Park,496,543,25,4,1068,0
Precinct,58 - Glenwood,938,689,32,1,1660,0
Precinct,59 - Shelton Park,642,505,29,1,1177,0
Precinct,60 - Foxfire,794,1151,34,0,1979,0
Precinct,61 - Baker,1312,147,25,5,1489,0
Precinct,62 - Landstown,941,889,41,1,1872,0
Precinct,63 - Culver,963,1055,48,3,2069,0
Precinct,64 - Rosemont Forest,882,652,32,0,1566,0
Precinct,65 - Colonial,874,667,34,2,1577,0
Precinct,66 - Hunt,671,839,46,0,1556,0
Precinct,67 - Eastern Shore,479,278,33,0,790,0
Precinct,68 - Manor,792,787,36,2,1617,0
Precinct,69 - Shell,964,328,22,1,1315,0
Precinct,70 - Corporate Landing,842,742,52,0,1636,0
Precinct,71 - Round Hill,535,336,12,2,885,0
Precinct,72 - Rudee,799,903,35,5,1742,0
Precinct,73 - Dahlia,976,354,26,1,1357,0
Precinct,74 - Buckner,939,391,31,0,1361,0
Precinct,75 - Colony,823,1062,52,7,1944,0
Precinct,76 - Village,1017,327,24,0,1368,0
Precinct,77 - Brookwood,803,606,38,2,1449,0
Precinct,78 - Indian Lakes,847,552,41,4,1444,0
Precinct,79 - Pleasant Hall,1051,369,25,1,1446,0
Precinct,80 - Chimney Hill,885,383,31,3,1302,0
Precinct,81 - Rock Lake,1079,578,36,2,1695,0
Precinct,82 - Shelburne,629,690,32,4,1355,0
Precinct,83 - Strawbridge,777,900,51,1,1729,0
Precinct,84 - Tallwood,967,535,39,0,1541,0
Precinct,85 - Upton,952,1059,60,3,2074,0
Precinct,86 - Haygood,984,822,27,1,1834,0
Precinct,87 - Hillcrest,774,717,37,0,1528,0
Precinct,88 - North Landing,736,707,28,2,1473,0
Precinct,89 - Lake Christopher,844,764,29,2,1639,0
Precinct,90 - Lake Joyce,475,570,38,3,1086,0
Precinct,91 - Lexington,1068,495,38,1,1602,0
Precinct,92 - Little Neck,579,660,40,0,1279,0
Precinct,93 - Newtown,1290,187,18,2,1497,0
Precinct,94 - Pinewood,478,426,12,0,916,0
Precinct,95 - Dam Neck,519,452,30,1,1002,0
Precinct,96 - Hilltop,694,329,27,0,1050,0
Precinct,97 - Indian River,993,467,41,2,1503,0
Precinct,98 - Independence,656,284,19,2,961,0
Precinct,99 - Salem Woods,635,337,13,0,985,0
Precinct,100 - Sandbridge,302,481,19,1,803,0
Precinct,Ab - Central Absentee Precinct,8631,5999,243,21,14894,0
Precinct,Provisional,145,85,7,0,237,0
Locality,Warren County,5060,8875,304,23,14262,0
Precinct,101 - Fork Town,332,481,16,3,832,0
Precinct,102 - Otterburn,502,1158,30,1,1691,0
Precinct,201 - Happy Creek,575,964,45,2,1586,0
Precinct,202 - Linden,525,810,48,2,1385,0
Precinct,301 - North River,475,661,23,2,1161,0
Precinct,302 - Riverton,387,938,13,1,1339,0
Precinct,401 - East Shenandoah,566,1285,44,6,1901,0
Precinct,402 - Town - West Shenandoah,302,565,22,1,890,0
Precinct,501 - South River,619,872,30,2,1523,0
Precinct,502 - Bentonville,158,387,8,2,555,0
Precinct,504 - Browntown,161,291,10,0,462,0
Precinct,Ab - Central Absentee Precinct,453,461,15,1,930,0
Precinct,Provisional,5,2,0,0,7,0
Locality,Washington County,5825,14350,267,15,20457,0
Precinct,101 - East Abingdon,657,1101,32,4,1794,0
Precinct,102 - West Abingdon,385,518,16,1,920,0
Precinct,201 - Clinchburg,120,411,2,0,533,0
Precinct,202 - Greendale,186,719,10,0,915,0
Precinct,203 - Hayters Gap,63,264,4,0,331,0
Precinct,204 Woodland Hills,278,613,13,1,905,0
Precinct,301 - Watauga,410,1114,18,1,1543,0
Precinct,302 - South Abingdon,587,854,22,2,1465,0
Precinct,401 - Glade Spring,297,786,13,1,1097,0
Precinct,402 - Meadowview,378,935,17,0,1330,0
Precinct,501 - Rhea Valley,353,1233,22,0,1608,0
Precinct,502 - Damascus,296,476,8,0,780,0
Precinct,504 - Green Cove,32,100,0,0,132,0
Precinct,601 - Burson Place,223,1023,16,1,1263,0
Precinct,602 - Mendota,44,209,5,1,259,0
Precinct,603 - Valley Institute,201,776,10,0,987,0
Precinct,701 - High Point,226,900,14,0,1140,0
Precinct,702 - Wallace,117,417,6,1,541,0
Precinct,703 - John Battle,323,881,18,0,1222,0
Precinct,Ab - Central Absentee Precinct,647,1016,21,2,1686,0
Precinct,Provisional,2,4,0,0,6,0
Locality,Waynesboro City,3849,3713,149,7,7718,0
Precinct,1 - Ward A,564,473,22,2,1061,0
Precinct,2 - Ward B,1016,982,35,1,2034,0
Precinct,3 - Ward C,798,699,30,1,1528,0
Precinct,4 - Ward D,1192,1320,56,1,2569,0
Precinct,Ab - Central Absentee Precinct,279,237,6,2,524,0
Precinct,Provisional,0,2,0,0,2,0
Locality,Westmoreland County,3448,3421,78,2,6949,0
Precinct,101 - Precinct 1-1,573,229,6,0,808,0
Precinct,102 - Precinct 1-2,302,189,1,1,493,0
Precinct,201 - Precinct 2-1,520,402,8,1,931,0
Precinct,202 - Precinct 2-2,192,291,6,0,489,0
Precinct,301 - Precinct 3-1,279,286,5,0,570,0
Precinct,302 - Precinct 3-2,279,225,5,0,509,0
Precinct,401 - Precinct 4-1,395,787,17,0,1199,0
Precinct,501 - Precinct 5-1,569,698,24,0,1291,0
Precinct,Ab - Central Absentee Precinct,332,309,6,0,647,0
Precinct,Provisional,7,5,0,0,12,0
Locality,Williamsburg City,4530,1547,114,9,6200,0
Precinct,1 - Stryker,2100,738,56,4,2898,0
Precinct,2 - Matoaka,1954,610,58,5,2627,0
Precinct,Ab - Central Absentee Precinct,471,199,0,0,670,0
Precinct,Provisional,5,0,0,0,5,0
Locality,Winchester City,5242,3657,210,15,9124,0
Precinct,101 - Merrimans,1028,737,34,5,1804,0
Precinct,102 - Old Town,754,577,43,5,1379,0
Precinct,201 - Virginia Avenue,927,452,36,4,1419,0
Precinct,301 - War Memorial,868,590,35,0,1493,0
Precinct,401 - Frederick Douglass,436,329,11,0,776,0
Precinct,402 - Rolling Hills,681,679,31,0,1391,0
Precinct,AB - Central Absentee Precinct,541,293,20,1,855,0
Precinct,Provisional,7,0,0,0,7,0
Locality,Wise County,2860,7991,98,6,10955,0
Precinct,101 - Appalachia,220,385,6,2,613,0
Precinct,102 - Dorchester,107,317,3,0,427,0
Precinct,103 - Guest River Voting Place,98,325,2,0,425,0
Precinct,104 - West Pound,270,814,3,1,1088,0
Precinct,201 - North Coeburn,111,444,6,0,561,0
Precinct,202 - Wise,493,1097,19,0,1609,0
Precinct,203 - East Pound,55,225,4,0,284,0
Precinct,301 - Big Stone Gap,390,867,16,0,1273,0
Precinct,302 - East Stone Gap,290,1017,12,2,1321,0
Precinct,401 - Clinch Valley,244,852,9,1,1106,0
Precinct,402 - South Coeburn,199,896,9,0,1104,0
Precinct,403 - St Paul,133,251,7,0,391,0
Precinct,Ab - Central Absentee Precinct,248,501,2,0,751,0
Precinct,Provisional,2,0,0,0,2,0
Locality,Wythe County,2879,7669,153,12,10713,0
Precinct,101 - Royal Oak,65,323,6,1,395,0
Precinct,102 - Rural Retreat,323,1000,13,2,1338,0
Precinct,203 - West Wytheville,594,986,33,1,1614,0
Precinct,303 - East Wytheville,650,1095,30,0,1775,0
Precinct,401 - Fort Chiswell,169,695,12,0,876,0
Precinct,402 - Max Meadows,178,684,13,1,876,0
Precinct,501 - Jackson Memorial,132,488,9,0,629,0
Precinct,502 - Sheffey,187,755,11,1,954,0
Precinct,601 - Huddle,62,360,6,0,428,0
Precinct,602 - Zion,167,537,8,1,713,0
Precinct,603 Evergreen,124,410,5,2,541,0
Precinct,Ab - Central Absentee Precinct,226,334,7,3,570,0
Precinct,Provisional,2,2,0,0,4,0
Locality,York County,13634,14828,534,38,29034,0
Precinct,101 - Queens Lake,795,675,29,1,1500,0
Precinct,102 - Waller Mill,928,957,34,0,1919,0
Precinct,103 - Magruder,1492,720,37,1,2250,0
Precinct,201 - Coventry,1298,1221,54,2,2575,0
Precinct,202 - Kiln Creek,680,654,16,5,1355,0
Precinct,301 - Seaford,719,1684,40,3,2446,0
Precinct,302 - Yorktown,798,1028,32,1,1859,0
Precinct,303 - Edgehill,1023,828,44,0,1895,0
Precinct,401 - Harwoods Mill,869,1376,46,5,2296,0
Precinct,402 - Dare,836,1437,35,4,2312,0
Precinct,403 - Grafton,509,683,21,1,1214,0
Precinct,501 - Tabb,1052,1369,53,6,2480,0
Precinct,502 - Bethel,1256,1113,53,2,2424,0
Precinct,Ab - Central Absentee Precinct,1366,1071,38,7,2482,0
Precinct,Provisional,13,12,2,0,27,0
