{
"type": "FeatureCollection",
"name": "Polling_Places",
"crs": { "type": "name", "properties": { "name": "urn:ogc:def:crs:OGC:1.3:CRS84" } },
"features": [
{ "type": "Feature", "properties": { "OBJECTID": 5422, "TYPE": "POLL", "DESCRIPTION": "CUNNINGHAM PARK ELEMENTARY SCHOOL", "JURISDICTION": "COUNTY OF FAIRFAX", "WEB_ADDRESS": null, "STREET_NUMBER": "1001", "STREET_NAME": "PARK ST., SE", "PREC_IDENT": 213, "PREC_IDENT2": null, "PRECINCT": "VIENNA #1", "DISTRICT": "HUNTER MILL", "ID": "213", "CITY": "VIENNA", "CREATED_USER": "FairfaxCounty", "CREATED_DATE": "2025-03-09T06:07:40.358Z", "LAST_EDITED_USER": "FairfaxCounty", "LAST_EDITED_DATE": "2025-03-09T06:07:40.358Z" }, "geometry": { "type": "Point", "coordinates": [ -77.249972034688298, 38.892242663902302 ] } },
{ "type": "Feature", "properties": { "OBJECTID": 5423, "TYPE": "POLL", "DESCRIPTION": "WESTGATE ELEMENTARY SCHOOL", "JURISDICTION": "COUNTY OF FAIRFAX", "WEB_ADDRESS": null, "STREET_NUMBER": "7500", "STREET_NAME": "MAGARITY RD", "PREC_IDENT": 726, "PREC_IDENT2": null, "PRECINCT": "MAGARITY", "DISTRICT": "PROVIDENCE", "ID": "726", "CITY": "FALLS CHURCH", "CREATED_USER": "FairfaxCounty", "CREATED_DATE": "2025-03-09T06:07:40.358Z", "LAST_EDITED_USER": "FairfaxCounty", "LAST_EDITED_DATE": "2025-03-09T06:07:40.358Z" }, "geometry": { "type": "Point", "coordinates": [ -77.2052340798502, 38.919362513533301 ] } },
{ "type": "Feature", "properties": { "OBJECTID": 5424, "TYPE": "POLL", "DESCRIPTION": "HUNTERS WOODS ELEMENTARY SCHOOL", "JURISDICTION": "COUNTY OF FAIRFAX", "WEB_ADDRESS": null, "STREET_NUMBER": "2401", "STREET_NAME": "COLTS NECK RD", "PREC_IDENT": 221, "PREC_IDENT2": null, "PRECINCT": "HUNTERS WOODS", "DISTRICT": "HUNTER MILL", "ID": "221", "CITY": "RESTON", "CREATED_USER": "FairfaxCounty", "CREATED_DATE": "2025-03-09T06:07:40.358Z", "LAST_EDITED_USER": "FairfaxCounty", "LAST_EDITED_DATE": "2025-03-09T06:07:40.358Z" }, "geometry": { "type": "Point", "coordinates": [ -77.361575143402803, 38.932334635888203 ] } },
{ "type": "Feature", "properties": { "OBJECTID": 5425, "TYPE": "POLL", "DESCRIPTION": "COMMONS COMMUNITY CENTER", "JURISDICTION": "COUNTY OF FAIRFAX", "WEB_ADDRESS": null, "STREET_NUMBER": "5701", "STREET_NAME": "ROBERTS PKWY", "PREC_IDENT": 127, "PREC_IDENT2": null, "PRECINCT": "BURKE CENTRE", "DISTRICT": "BRADDOCK", "ID": "127", "CITY": "BURKE", "CREATED_USER": "FairfaxCounty", "CREATED_DATE": "2025-03-09T06:07:40.358Z", "LAST_EDITED_USER": "FairfaxCounty", "LAST_EDITED_DATE": "2025-03-09T06:07:40.358Z" }, "geometry": { "type": "Point", "coordinates": [ -77.302116798943004, 38.795280686165398 ] } },
{ "type": "Feature", "properties": { "OBJECTID": 5426, "TYPE": "POLL", "DESCRIPTION": "VIRGINIA RUN ELEMENTARY SCHOOL", "JURISDICTION": "COUNTY OF FAIRFAX", "WEB_ADDRESS": null, "STREET_NUMBER": "15450", "STREET_NAME": "MARTINS HUNDRED DR", "PREC_IDENT": 915, "PREC_IDENT2": null, "PRECINCT": "VIRGINIA RUN", "DISTRICT": "SULLY", "ID": "915", "CITY": "CENTREVILLE", "CREATED_USER": "FairfaxCounty", "CREATED_DATE": "2025-03-09T06:07:40.358Z", "LAST_EDITED_USER": "FairfaxCounty", "LAST_EDITED_DATE": "2025-03-09T06:07:40.358Z" }, "geometry": { "type": "Point", "coordinates": [ -77.485895935875902, 38.852178870130302 ] } },
{ "type": "Feature", "properties": { "OBJECTID": 5427, "TYPE": "POLL", "DESCRIPTION": "PARISH HALL, SAINT ALBANS CHURCH", "JURISDICTION": "COUNTY OF FAIRFAX", "WEB_ADDRESS": null, "STREET_NUMBER": "6800", "STREET_NAME": "COLUMBIA PIKE", "PREC_IDENT": 513, "PREC_IDENT2": null, "PRECINCT": "SAINT ALBANS", "DISTRICT": "MASON", "ID": "513", "CITY": "ANNANDALE", "CREATED_USER": "FairfaxCounty", "CREATED_DATE": "2025-03-09T06:07:40.358Z", "LAST_EDITED_USER": "FairfaxCounty", "LAST_EDITED_DATE": "2025-03-09T06:07:40.358Z" }, "geometry": { "type": "Point", "coordinates": [ -77.179028099316398, 38.836366632918399 ] } },
{ "type": "Feature", "properties": { "OBJECTID": 5428, "TYPE": "POLL", "DESCRIPTION": "ELKS LODGE", "JURISDICTION": "COUNTY OF FAIRFAX", "WEB_ADDRESS": null, "STREET_NUMBER": "8421", "STREET_NAME": "ARLINGTON BLVD", "PREC_IDENT": 718, "PREC_IDENT2": null, "PRECINCT": "PINE RIDGE", "DISTRICT": "PROVIDENCE", "ID": "718", "CITY": "FAIRFAX", "CREATED_USER": "FairfaxCounty", "CREATED_DATE": "2025-03-09T06:07:40.358Z", "LAST_EDITED_USER": "FairfaxCounty", "LAST_EDITED_DATE": "2025-03-09T06:07:40.358Z" }, "geometry": { "type": "Point", "coordinates": [ -77.237349558715707, 38.864760883341603 ] } },
{ "type": "Feature", "properties": { "OBJECTID": 5429, "TYPE": "POLL", "DESCRIPTION": "BUSH HILL ELEMENTARY SCHOOL", "JURISDICTION": "COUNTY OF FAIRFAX", "WEB_ADDRESS": null, "STREET_NUMBER": "5927", "STREET_NAME": "WESTCHESTER ST", "PREC_IDENT": 401, "PREC_IDENT2": null, "PRECINCT": "BUSH HILL", "DISTRICT": "FRANCONIA", "ID": "401", "CITY": "ALEXANDRIA", "CREATED_USER": "FairfaxCounty", "CREATED_DATE": "2025-03-09T06:07:40.358Z", "LAST_EDITED_USER": "FairfaxCounty", "LAST_EDITED_DATE": "2025-03-09T06:07:40.358Z" }, "geometry": { "type": "Point", "coordinates": [ -77.124150123027704, 38.790053202858999 ] } },
{ "type": "Feature", "properties": { "OBJECTID": 5430, "TYPE": "POLL", "DESCRIPTION": "CENTREVILLE HIGH SCHOOL", "JURISDICTION": "COUNTY OF FAIRFAX", "WEB_ADDRESS": null, "STREET_NUMBER": "6001", "STREET_NAME": "UNION MILL RD", "PREC_IDENT": 849, "PREC_IDENT2": 854, "PRECINCT": "NEWGATE NORTH, NEWGATE SOUTH", "DISTRICT": "SPRINGFIELD", "ID": "849854", "CITY": "CLIFTON", "CREATED_USER": "FairfaxCounty", "CREATED_DATE": "2025-03-09T06:07:40.358Z", "LAST_EDITED_USER": "FairfaxCounty", "LAST_EDITED_DATE": "2025-03-09T06:07:40.358Z" }, "geometry": { "type": "Point", "coordinates": [ -77.410648260862203, 38.825259580179598 ] } },
{ "type": "Feature", "properties": { "OBJECTID": 5431, "TYPE": "POLL", "DESCRIPTION": "CHERRY RUN ELEMENTARY SCHOOL", "JURISDICTION": "COUNTY OF FAIRFAX", "WEB_ADDRESS": null, "STREET_NUMBER": "9732", "STREET_NAME": "IRONMASTER DR", "PREC_IDENT": 825, "PREC_IDENT2": null, "PRECINCT": "CHERRY RUN", "DISTRICT": "SPRINGFIELD", "ID": "825", "CITY": "BURKE", "CREATED_USER": "FairfaxCounty", "CREATED_DATE": "2025-03-09T06:07:40.358Z", "LAST_EDITED_USER": "FairfaxCounty", "LAST_EDITED_DATE": "2025-03-09T06:07:40.358Z" }, "geometry": { "type": "Point", "coordinates": [ -77.284470847025304, 38.768150011434599 ] } },
{ "type": "Feature", "properties": { "OBJECTID": 5432, "TYPE": "POLL", "DESCRIPTION": "CRESTWOOD ELEMENTARY SCHOOL", "JURISDICTION": "COUNTY OF FAIRFAX", "WEB_ADDRESS": null, "STREET_NUMBER": "6010", "STREET_NAME": "HANOVER AVE", "PREC_IDENT": 415, "PREC_IDENT2": null, "PRECINCT": "CRESTWOOD", "DISTRICT": "FRANCONIA", "ID": "415", "CITY": "SPRINGFIELD", "CREATED_USER": "FairfaxCounty", "CREATED_DATE": "2025-03-09T06:07:40.358Z", "LAST_EDITED_USER": "FairfaxCounty", "LAST_EDITED_DATE": "2025-03-09T06:07:40.358Z" }, "geometry": { "type": "Point", "coordinates": [ -77.194491403145904, 38.787171431071599 ] } },
{ "type": "Feature", "properties": { "OBJECTID": 5434, "TYPE": "POLL", "DESCRIPTION": "BREN MAR PARK ELEMENTARY SCHOOL", "JURISDICTION": "COUNTY OF FAIRFAX", "WEB_ADDRESS": null, "STREET_NUMBER": "6344", "STREET_NAME": "BERYL RD", "PREC_IDENT": 526, "PREC_IDENT2": null, "PRECINCT": "BREN MAR", "DISTRICT": "MASON", "ID": "526", "CITY": "ALEXANDRIA", "CREATED_USER": "FairfaxCounty", "CREATED_DATE": "2025-03-09T06:07:40.358Z", "LAST_EDITED_USER": "FairfaxCounty", "LAST_EDITED_DATE": "2025-03-09T06:07:40.358Z" }, "geometry": { "type": "Point", "coordinates": [ -77.157499433468899, 38.801775254665401 ] } },
{ "type": "Feature", "properties": { "OBJECTID": 5435, "TYPE": "POLL", "DESCRIPTION": "NEWINGTON FOREST ELEMENTARY SCHOOL", "JURISDICTION": "COUNTY OF FAIRFAX", "WEB_ADDRESS": null, "STREET_NUMBER": "8001", "STREET_NAME": "NEWINGTON FOREST AVE", "PREC_IDENT": 618, "PREC_IDENT2": 634, "PRECINCT": "NEWINGTON #1, NEWINGTON #2", "DISTRICT": "MOUNT VERNON", "ID": "618634", "CITY": "SPRINGFIELD", "CREATED_USER": "FairfaxCounty", "CREATED_DATE": "2025-03-09T06:07:40.358Z", "LAST_EDITED_USER": "FairfaxCounty", "LAST_EDITED_DATE": "2025-03-09T06:07:40.358Z" }, "geometry": { "type": "Point", "coordinates": [ -77.240320256284505, 38.739219076017299 ] } },
{ "type": "Feature", "properties": { "OBJECTID": 5436, "TYPE": "POLL", "DESCRIPTION": "FORT HUNT ELEMENTARY SCHOOL", "JURISDICTION": "COUNTY OF FAIRFAX", "WEB_ADDRESS": null, "STREET_NUMBER": "8832", "STREET_NAME": "LINTON LN", "PREC_IDENT": 605, "PREC_IDENT2": null, "PRECINCT": "FORT HUNT", "DISTRICT": "MOUNT VERNON", "ID": "605", "CITY": "ALEXANDRIA", "CREATED_USER": "FairfaxCounty", "CREATED_DATE": "2025-03-09T06:07:40.358Z", "LAST_EDITED_USER": "FairfaxCounty", "LAST_EDITED_DATE": "2025-03-09T06:07:40.358Z" }, "geometry": { "type": "Point", "coordinates": [ -77.066384490829904, 38.719164173030599 ] } },
{ "type": "Feature", "properties": { "OBJECTID": 5437, "TYPE": "POLL", "DESCRIPTION": "FOREST EDGE ELEMENTARY SCHOOL", "JURISDICTION": "COUNTY OF FAIRFAX", "WEB_ADDRESS": null, "STREET_NUMBER": "1501", "STREET_NAME": "BECONTREE LN", "PREC_IDENT": 209, "PREC_IDENT2": null, "PRECINCT": "RESTON #2", "DISTRICT": "HUNTER MILL", "ID": "209", "CITY": "RESTON", "CREATED_USER": "FairfaxCounty", "CREATED_DATE": "2025-03-09T06:07:40.358Z", "LAST_EDITED_USER": "FairfaxCounty", "LAST_EDITED_DATE": "2025-03-09T06:07:40.358Z" }, "geometry": { "type": "Point", "coordinates": [ -77.329547523415002, 38.968709288190297 ] } },
{ "type": "Feature", "properties": { "OBJECTID": 5438, "TYPE": "POLL", "DESCRIPTION": "SHREVEWOOD ELEMENTARY SCHOOL", "JURISDICTION": "COUNTY OF FAIRFAX", "WEB_ADDRESS": null, "STREET_NUMBER": "7525", "STREET_NAME": "SHREVE RD", "PREC_IDENT": 712, "PREC_IDENT2": null, "PRECINCT": "SHREVE", "DISTRICT": "PROVIDENCE", "ID": "712", "CITY": "FALLS CHURCH", "CREATED_USER": "FairfaxCounty", "CREATED_DATE": "2025-03-09T06:07:40.358Z", "LAST_EDITED_USER": "FairfaxCounty", "LAST_EDITED_DATE": "2025-03-09T06:07:40.358Z" }, "geometry": { "type": "Point", "coordinates": [ -77.205706628650404, 38.888657888977399 ] } },
{ "type": "Feature", "properties": { "OBJECTID": 5439, "TYPE": "POLL", "DESCRIPTION": "LEWINSVILLE SENIOR CENTER", "JURISDICTION": "COUNTY OF FAIRFAX", "WEB_ADDRESS": null, "STREET_NUMBER": "1613", "STREET_NAME": "GREAT FALLS ST", "PREC_IDENT": 314, "PREC_IDENT2": null, "PRECINCT": "MCLEAN", "DISTRICT": "DRANESVILLE", "ID": "314", "CITY": "MCLEAN", "CREATED_USER": "FairfaxCounty", "CREATED_DATE": "2025-03-09T06:07:40.358Z", "LAST_EDITED_USER": "FairfaxCounty", "LAST_EDITED_DATE": "2025-03-09T06:07:40.358Z" }, "geometry": { "type": "Point", "coordinates": [ -77.1946355357355, 38.9272791721354 ] } },
{ "type": "Feature", "properties": { "OBJECTID": 5440, "TYPE": "POLL", "DESCRIPTION": "ANNANDALE FIRE STATION, CO. #8", "JURISDICTION": "COUNTY OF FAIRFAX", "WEB_ADDRESS": null, "STREET_NUMBER": "7128", "STREET_NAME": "COLUMBIA PIKE", "PREC_IDENT": 518, "PREC_IDENT2": null, "PRECINCT": "COLUMBIA", "DISTRICT": "MASON", "ID": "518", "CITY": "ANNANDALE", "CREATED_USER": "FairfaxCounty", "CREATED_DATE": "2025-03-09T06:07:40.358Z", "LAST_EDITED_USER": "FairfaxCounty", "LAST_EDITED_DATE": "2025-03-09T06:07:40.358Z" }, "geometry": { "type": "Point", "coordinates": [ -77.191724779522403, 38.832529112841399 ] } },
{ "type": "Feature", "properties": { "OBJECTID": 5441, "TYPE": "POLL", "DESCRIPTION": "GARFIELD ELEMENTARY SCHOOL", "JURISDICTION": "COUNTY OF FAIRFAX", "WEB_ADDRESS": null, "STREET_NUMBER": "7101", "STREET_NAME": "OLD KEENE MILL RD", "PREC_IDENT": 417, "PREC_IDENT2": null, "PRECINCT": "GARFIELD", "DISTRICT": "FRANCONIA", "ID": "417", "CITY": "SPRINGFIELD", "CREATED_USER": "FairfaxCounty", "CREATED_DATE": "2025-03-09T06:07:40.358Z", "LAST_EDITED_USER": "FairfaxCounty", "LAST_EDITED_DATE": "2025-03-09T06:07:40.358Z" }, "geometry": { "type": "Point", "coordinates": [ -77.189646797374294, 38.778166951116503 ] } },
{ "type": "Feature", "properties": { "OBJECTID": 5442, "TYPE": "POLL", "DESCRIPTION": "GUNSTON ELEMENTARY SCHOOL", "JURISDICTION": "COUNTY OF FAIRFAX", "WEB_ADDRESS": null, "STREET_NUMBER": "10100", "STREET_NAME": "GUNSTON RD", "PREC_IDENT": 616, "PREC_IDENT2": null, "PRECINCT": "GUNSTON", "DISTRICT": "MOUNT VERNON", "ID": "616", "CITY": "LORTON", "CREATED_USER": "FairfaxCounty", "CREATED_DATE": "2025-03-09T06:07:40.358Z", "LAST_EDITED_USER": "FairfaxCounty", "LAST_EDITED_DATE": "2025-03-09T06:07:40.358Z" }, "geometry": { "type": "Point", "coordinates": [ -77.209630091812798, 38.684849619926297 ] } },
{ "type": "Feature", "properties": { "OBJECTID": 5443, "TYPE": "POLL", "DESCRIPTION": "GREENBRIAR EAST ELEMENTARY SCHOOL", "JURISDICTION": "COUNTY OF FAIRFAX", "WEB_ADDRESS": null, "STREET_NUMBER": "13006", "STREET_NAME": "POINT PLEASANT DR", "PREC_IDENT": 846, "PREC_IDENT2": null, "PRECINCT": "GREENBRIAR EAST", "DISTRICT": "SPRINGFIELD", "ID": "846", "CITY": "FAIRFAX", "CREATED_USER": "FairfaxCounty", "CREATED_DATE": "2025-03-09T06:07:40.358Z", "LAST_EDITED_USER": "FairfaxCounty", "LAST_EDITED_DATE": "2025-03-09T06:07:40.358Z" }, "geometry": { "type": "Point", "coordinates": [ -77.394389849062605, 38.871418657647801 ] } },
{ "type": "Feature", "properties": { "OBJECTID": 5444, "TYPE": "POLL", "DESCRIPTION": "ST. ANDREW'S EPISCOPAL CHURCH", "JURISDICTION": "COUNTY OF FAIRFAX", "WEB_ADDRESS": null, "STREET_NUMBER": "6509", "STREET_NAME": "SYDENSTRICKER RD", "PREC_IDENT": 811, "PREC_IDENT2": null, "PRECINCT": "POHICK", "DISTRICT": "SPRINGFIELD", "ID": "811", "CITY": "BURKE", "CREATED_USER": "FairfaxCounty", "CREATED_DATE": "2025-03-09T06:07:40.358Z", "LAST_EDITED_USER": "FairfaxCounty", "LAST_EDITED_DATE": "2025-03-09T06:07:40.358Z" }, "geometry": { "type": "Point", "coordinates": [ -77.264270512565204, 38.7748786194879 ] } },
{ "type": "Feature", "properties": { "OBJECTID": 5445, "TYPE": "POLL", "DESCRIPTION": "WILLOW SPRINGS ELEMENTARY SCHOOL", "JURISDICTION": "COUNTY OF FAIRFAX", "WEB_ADDRESS": null, "STREET_NUMBER": "5400", "STREET_NAME": "WILLOW SPRINGS SCHOOL RD", "PREC_IDENT": 851, "PREC_IDENT2": 862, "PRECINCT": "WILLOW SPRINGS #1, WILLOW SPRINGS #2", "DISTRICT": "SPRINGFIELD", "ID": "851862", "CITY": "FAIRFAX", "CREATED_USER": "FairfaxCounty", "CREATED_DATE": "2025-03-09T06:07:40.358Z", "LAST_EDITED_USER": "FairfaxCounty", "LAST_EDITED_DATE": "2025-03-09T06:07:40.358Z" }, "geometry": { "type": "Point", "coordinates": [ -77.379907314791296, 38.831736934848699 ] } },
{ "type": "Feature", "properties": { "OBJECTID": 5446, "TYPE": "POLL", "DESCRIPTION": "FREEDOM HILL ELEMENTARY SCHOOL", "JURISDICTION": "COUNTY OF FAIRFAX", "WEB_ADDRESS": null, "STREET_NUMBER": "1945", "STREET_NAME": "LORD FAIRFAX RD", "PREC_IDENT": 704, "PREC_IDENT2": null, "PRECINCT": "FREEDOM HILL", "DISTRICT": "PROVIDENCE", "ID": "704", "CITY": "VIENNA", "CREATED_USER": "FairfaxCounty", "CREATED_DATE": "2025-03-09T06:07:40.358Z", "LAST_EDITED_USER": "FairfaxCounty", "LAST_EDITED_DATE": "2025-03-09T06:07:40.358Z" }, "geometry": { "type": "Point", "coordinates": [ -77.229676420744099, 38.9112719359116 ] } },
{ "type": "Feature", "properties": { "OBJECTID": 5447, "TYPE": "POLL", "DESCRIPTION": "HERNDON HIGH SCHOOL", "JURISDICTION": "COUNTY OF FAIRFAX", "WEB_ADDRESS": null, "STREET_NUMBER": "700", "STREET_NAME": "BENNETT ST", "PREC_IDENT": 327, "PREC_IDENT2": null, "PRECINCT": "SUGARLAND", "DISTRICT": "DRANESVILLE", "ID": "327", "CITY": "HERNDON", "CREATED_USER": "FairfaxCounty", "CREATED_DATE": "2025-03-09T06:07:40.358Z", "LAST_EDITED_USER": "FairfaxCounty", "LAST_EDITED_DATE": "2025-03-09T06:07:40.358Z" }, "geometry": { "type": "Point", "coordinates": [ -77.374921705182302, 38.985699459966803 ] } },
{ "type": "Feature", "properties": { "OBJECTID": 5448, "TYPE": "POLL", "DESCRIPTION": "CLEARVIEW ELEMENTARY SCHOOL", "JURISDICTION": "COUNTY OF FAIRFAX", "WEB_ADDRESS": null, "STREET_NUMBER": "12635", "STREET_NAME": "BUILDERS RD", "PREC_IDENT": 321, "PREC_IDENT2": null, "PRECINCT": "CLEARVIEW", "DISTRICT": "DRANESVILLE", "ID": "321", "CITY": "HERNDON", "CREATED_USER": "FairfaxCounty", "CREATED_DATE": "2025-03-09T06:07:40.358Z", "LAST_EDITED_USER": "FairfaxCounty", "LAST_EDITED_DATE": "2025-03-09T06:07:40.358Z" }, "geometry": { "type": "Point", "coordinates": [ -77.391019957101804, 38.9834275165531 ] } },
{ "type": "Feature", "properties": { "OBJECTID": 5449, "TYPE": "POLL", "DESCRIPTION": "LANGLEY HIGH SCHOOL", "JURISDICTION": "COUNTY OF FAIRFAX", "WEB_ADDRESS": null, "STREET_NUMBER": "6520", "STREET_NAME": "GEORGETOWN PIKE", "PREC_IDENT": 311, "PREC_IDENT2": 301, "PRECINCT": "LANGLEY, CHAIN BRIDGE", "DISTRICT": "DRANESVILLE", "ID": "311301", "CITY": "MCLEAN", "CREATED_USER": "FairfaxCounty", "CREATED_DATE": "2025-03-09T06:07:40.358Z", "LAST_EDITED_USER": "FairfaxCounty", "LAST_EDITED_DATE": "2025-03-09T06:07:40.358Z" }, "geometry": { "type": "Point", "coordinates": [ -77.166183412350904, 38.949891785596002 ] } },
{ "type": "Feature", "properties": { "OBJECTID": 5450, "TYPE": "POLL", "DESCRIPTION": "CHURCHILL ROAD ELEMENTARY SCHOOL", "JURISDICTION": "COUNTY OF FAIRFAX", "WEB_ADDRESS": null, "STREET_NUMBER": "7100", "STREET_NAME": "CHURCHILL RD", "PREC_IDENT": 303, "PREC_IDENT2": null, "PRECINCT": "CHURCHILL", "DISTRICT": "DRANESVILLE", "ID": "303", "CITY": "MCLEAN", "CREATED_USER": "FairfaxCounty", "CREATED_DATE": "2025-03-09T06:07:40.358Z", "LAST_EDITED_USER": "FairfaxCounty", "LAST_EDITED_DATE": "2025-03-09T06:07:40.358Z" }, "geometry": { "type": "Point", "coordinates": [ -77.189421048463501, 38.946447678615399 ] } },
{ "type": "Feature", "properties": { "OBJECTID": 5451, "TYPE": "POLL", "DESCRIPTION": "KENT GARDENS ELEMENTARY SCHOOL", "JURISDICTION": "COUNTY OF FAIRFAX", "WEB_ADDRESS": null, "STREET_NUMBER": "1717", "STREET_NAME": "MELBOURNE DR", "PREC_IDENT": 318, "PREC_IDENT2": null, "PRECINCT": "WESTMORELAND", "DISTRICT": "DRANESVILLE", "ID": "318", "CITY": "MCLEAN", "CREATED_USER": "FairfaxCounty", "CREATED_DATE": "2025-03-09T06:07:40.358Z", "LAST_EDITED_USER": "FairfaxCounty", "LAST_EDITED_DATE": "2025-03-09T06:07:40.358Z" }, "geometry": { "type": "Point", "coordinates": [ -77.175580985002199, 38.9214073188271 ] } },
{ "type": "Feature", "properties": { "OBJECTID": 5452, "TYPE": "POLL", "DESCRIPTION": "FOX MILL ELEMENTARY SCHOOL", "JURISDICTION": "COUNTY OF FAIRFAX", "WEB_ADDRESS": null, "STREET_NUMBER": "2611", "STREET_NAME": "VIKING DR", "PREC_IDENT": 229, "PREC_IDENT2": 244, "PRECINCT": "FOX MILL #1, FOX MILL #2", "DISTRICT": "HUNTER MILL", "ID": "229244", "CITY": "HERNDON", "CREATED_USER": "FairfaxCounty", "CREATED_DATE": "2025-03-09T06:07:40.358Z", "LAST_EDITED_USER": "FairfaxCounty", "LAST_EDITED_DATE": "2025-03-09T06:07:40.358Z" }, "geometry": { "type": "Point", "coordinates": [ -77.382185634919693, 38.928033490761401 ] } },
{ "type": "Feature", "properties": { "OBJECTID": 5453, "TYPE": "POLL", "DESCRIPTION": "LONGFELLOW MIDDLE SCHOOL", "JURISDICTION": "COUNTY OF FAIRFAX", "WEB_ADDRESS": null, "STREET_NUMBER": "2000", "STREET_NAME": "WESTMORELAND ST", "PREC_IDENT": 312, "PREC_IDENT2": null, "PRECINCT": "LONGFELLOW", "DISTRICT": "DRANESVILLE", "ID": "312", "CITY": "FALLS CHURCH", "CREATED_USER": "FairfaxCounty", "CREATED_DATE": "2025-03-09T06:07:40.358Z", "LAST_EDITED_USER": "FairfaxCounty", "LAST_EDITED_DATE": "2025-03-09T06:07:40.358Z" }, "geometry": { "type": "Point", "coordinates": [ -77.174831867929001, 38.909465167635297 ] } },
{ "type": "Feature", "properties": { "OBJECTID": 5454, "TYPE": "POLL", "DESCRIPTION": "WAPLES MILL ELEMENTARY SCHOOL", "JURISDICTION": "COUNTY OF FAIRFAX", "WEB_ADDRESS": null, "STREET_NUMBER": "11509", "STREET_NAME": "WAPLES MILL RD", "PREC_IDENT": 916, "PREC_IDENT2": null, "PRECINCT": "WAPLES MILL", "DISTRICT": "SPRINGFIELD", "ID": "916", "CITY": "OAKTON", "CREATED_USER": "FairfaxCounty", "CREATED_DATE": "2025-03-09T06:07:40.358Z", "LAST_EDITED_USER": "FairfaxCounty", "LAST_EDITED_DATE": "2025-03-09T06:07:40.358Z" }, "geometry": { "type": "Point", "coordinates": [ -77.344748970903495, 38.876337601343501 ] } },
{ "type": "Feature", "properties": { "OBJECTID": 5455, "TYPE": "POLL", "DESCRIPTION": "FLORIS ELEMENTARY SCHOOL", "JURISDICTION": "COUNTY OF FAIRFAX", "WEB_ADDRESS": null, "STREET_NUMBER": "2708", "STREET_NAME": "CENTREVILLE RD", "PREC_IDENT": 203, "PREC_IDENT2": null, "PRECINCT": "FLORIS", "DISTRICT": "HUNTER MILL", "ID": "203", "CITY": "CENTREVILLE", "CREATED_USER": "FairfaxCounty", "CREATED_DATE": "2025-03-09T06:07:40.358Z", "LAST_EDITED_USER": "FairfaxCounty", "LAST_EDITED_DATE": "2025-03-09T06:07:40.358Z" }, "geometry": { "type": "Point", "coordinates": [ -77.414957285631601, 38.935855257047798 ] } },
{ "type": "Feature", "properties": { "OBJECTID": 5456, "TYPE": "POLL", "DESCRIPTION": "CENTRE RIDGE ELEMENTARY SCHOOL", "JURISDICTION": "COUNTY OF FAIRFAX", "WEB_ADDRESS": null, "STREET_NUMBER": "14400", "STREET_NAME": "NEW BRADDOCK RD", "PREC_IDENT": 901, "PREC_IDENT2": null, "PRECINCT": "CENTRE RIDGE", "DISTRICT": "SULLY", "ID": "901", "CITY": "CENTREVILLE", "CREATED_USER": "FairfaxCounty", "CREATED_DATE": "2025-03-09T06:07:40.358Z", "LAST_EDITED_USER": "FairfaxCounty", "LAST_EDITED_DATE": "2025-03-09T06:07:40.358Z" }, "geometry": { "type": "Point", "coordinates": [ -77.445468681381598, 38.8255945187626 ] } },
{ "type": "Feature", "properties": { "OBJECTID": 5457, "TYPE": "POLL", "DESCRIPTION": "ROCKY RUN MIDDLE SCHOOL", "JURISDICTION": "COUNTY OF FAIRFAX", "WEB_ADDRESS": null, "STREET_NUMBER": "4400", "STREET_NAME": "STRINGFELLOW RD", "PREC_IDENT": 913, "PREC_IDENT2": null, "PRECINCT": "ROCKY RUN", "DISTRICT": "SULLY", "ID": "913", "CITY": "CHANTILLY", "CREATED_USER": "FairfaxCounty", "CREATED_DATE": "2025-03-09T06:07:40.358Z", "LAST_EDITED_USER": "FairfaxCounty", "LAST_EDITED_DATE": "2025-03-09T06:07:40.358Z" }, "geometry": { "type": "Point", "coordinates": [ -77.410025599995606, 38.874172810444001 ] } },
{ "type": "Feature", "properties": { "OBJECTID": 5458, "TYPE": "POLL", "DESCRIPTION": "CARDINAL FOREST ELEMENTARY SCHOOL", "JURISDICTION": "COUNTY OF FAIRFAX", "WEB_ADDRESS": null, "STREET_NUMBER": "8600", "STREET_NAME": "FORRESTER BLVD", "PREC_IDENT": 128, "PREC_IDENT2": null, "PRECINCT": "CARDINAL", "DISTRICT": "BRADDOCK", "ID": "128", "CITY": "SPRINGFIELD", "CREATED_USER": "FairfaxCounty", "CREATED_DATE": "2025-03-09T06:07:40.358Z", "LAST_EDITED_USER": "FairfaxCounty", "LAST_EDITED_DATE": "2025-03-09T06:07:40.358Z" }, "geometry": { "type": "Point", "coordinates": [ -77.240218506572106, 38.791986434494802 ] } },
{ "type": "Feature", "properties": { "OBJECTID": 5459, "TYPE": "POLL", "DESCRIPTION": "WHITE OAKS ELEMENTARY SCHOOL", "JURISDICTION": "COUNTY OF FAIRFAX", "WEB_ADDRESS": null, "STREET_NUMBER": "6130", "STREET_NAME": "SHIPLETT BLVD", "PREC_IDENT": 833, "PREC_IDENT2": null, "PRECINCT": "WHITE OAKS", "DISTRICT": "SPRINGFIELD", "ID": "833", "CITY": "BURKE", "CREATED_USER": "FairfaxCounty", "CREATED_DATE": "2025-03-09T06:07:40.358Z", "LAST_EDITED_USER": "FairfaxCounty", "LAST_EDITED_DATE": "2025-03-09T06:07:40.358Z" }, "geometry": { "type": "Point", "coordinates": [ -77.270337802171497, 38.783424096222902 ] } },
{ "type": "Feature", "properties": { "OBJECTID": 5460, "TYPE": "POLL", "DESCRIPTION": "CHRIST CHURCH", "JURISDICTION": "COUNTY OF FAIRFAX", "WEB_ADDRESS": null, "STREET_NUMBER": "7600", "STREET_NAME": "OX RD", "PREC_IDENT": 845, "PREC_IDENT2": 860, "PRECINCT": "FOUNTAINHEAD, SANDY RUN", "DISTRICT": "SPRINGFIELD", "ID": "845860", "CITY": "FAIRFAX STATION", "CREATED_USER": "FairfaxCounty", "CREATED_DATE": "2025-03-09T06:07:40.358Z", "LAST_EDITED_USER": "FairfaxCounty", "LAST_EDITED_DATE": "2025-03-09T06:07:40.358Z" }, "geometry": { "type": "Point", "coordinates": [ -77.298078484690393, 38.749696246347597 ] } },
{ "type": "Feature", "properties": { "OBJECTID": 5461, "TYPE": "POLL", "DESCRIPTION": "ORANGE HUNT ELEMENTARY SCHOOL", "JURISDICTION": "COUNTY OF FAIRFAX", "WEB_ADDRESS": null, "STREET_NUMBER": "6820", "STREET_NAME": "SYDENSTRICKER RD", "PREC_IDENT": 824, "PREC_IDENT2": null, "PRECINCT": "ORANGE", "DISTRICT": "SPRINGFIELD", "ID": "824", "CITY": "SPRINGFIELD", "CREATED_USER": "FairfaxCounty", "CREATED_DATE": "2025-03-09T06:07:40.358Z", "LAST_EDITED_USER": "FairfaxCounty", "LAST_EDITED_DATE": "2025-03-09T06:07:40.358Z" }, "geometry": { "type": "Point", "coordinates": [ -77.2557304058695, 38.766195789844403 ] } },
{ "type": "Feature", "properties": { "OBJECTID": 5462, "TYPE": "POLL", "DESCRIPTION": "ROLLING VALLEY ELEMENTARY SCHOOL", "JURISDICTION": "COUNTY OF FAIRFAX", "WEB_ADDRESS": null, "STREET_NUMBER": "6703", "STREET_NAME": "BARNACK DR", "PREC_IDENT": 812, "PREC_IDENT2": null, "PRECINCT": "VALLEY", "DISTRICT": "SPRINGFIELD", "ID": "812", "CITY": "SPRINGFIELD", "CREATED_USER": "FairfaxCounty", "CREATED_DATE": "2025-03-09T06:07:40.358Z", "LAST_EDITED_USER": "FairfaxCounty", "LAST_EDITED_DATE": "2025-03-09T06:07:40.358Z" }, "geometry": { "type": "Point", "coordinates": [ -77.230984351382105, 38.768754898692499 ] } },
{ "type": "Feature", "properties": { "OBJECTID": 5463, "TYPE": "POLL", "DESCRIPTION": "IRVING MIDDLE SCHOOL", "JURISDICTION": "COUNTY OF FAIRFAX", "WEB_ADDRESS": null, "STREET_NUMBER": "8100", "STREET_NAME": "OLD KEENE MILL RD", "PREC_IDENT": 135, "PREC_IDENT2": null, "PRECINCT": "IRVING", "DISTRICT": "BRADDOCK", "ID": "135", "CITY": "SPRINGFIELD", "CREATED_USER": "FairfaxCounty", "CREATED_DATE": "2025-03-09T06:07:40.358Z", "LAST_EDITED_USER": "FairfaxCounty", "LAST_EDITED_DATE": "2025-03-09T06:07:40.358Z" }, "geometry": { "type": "Point", "coordinates": [ -77.224841006162706, 38.781771847370997 ] } },
{ "type": "Feature", "properties": { "OBJECTID": 5464, "TYPE": "POLL", "DESCRIPTION": "KEENE MILL ELEMENTARY SCHOOL", "JURISDICTION": "COUNTY OF FAIRFAX", "WEB_ADDRESS": null, "STREET_NUMBER": "6310", "STREET_NAME": "BARDU AVE", "PREC_IDENT": 129, "PREC_IDENT2": null, "PRECINCT": "KEENE MILL", "DISTRICT": "BRADDOCK", "ID": "129", "CITY": "SPRINGFIELD", "CREATED_USER": "FairfaxCounty", "CREATED_DATE": "2025-03-09T06:07:40.358Z", "LAST_EDITED_USER": "FairfaxCounty", "LAST_EDITED_DATE": "2025-03-09T06:07:40.358Z" }, "geometry": { "type": "Point", "coordinates": [ -77.221150186898498, 38.781303195516898 ] } },
{ "type": "Feature", "properties": { "OBJECTID": 5465, "TYPE": "POLL", "DESCRIPTION": "OAK VIEW ELEMENTARY SCHOOL", "JURISDICTION": "COUNTY OF FAIRFAX", "WEB_ADDRESS": null, "STREET_NUMBER": "5004", "STREET_NAME": "SIDEBURN RD", "PREC_IDENT": 120, "PREC_IDENT2": 137, "PRECINCT": "SIDEBURN #1, SIDEBURN #2", "DISTRICT": "BRADDOCK", "ID": "120137", "CITY": "FAIRFAX", "CREATED_USER": "FairfaxCounty", "CREATED_DATE": "2025-03-09T06:07:40.358Z", "LAST_EDITED_USER": "FairfaxCounty", "LAST_EDITED_DATE": "2025-03-09T06:07:40.358Z" }, "geometry": { "type": "Point", "coordinates": [ -77.309891328637903, 38.818840328418403 ] } },
{ "type": "Feature", "properties": { "OBJECTID": 5466, "TYPE": "POLL", "DESCRIPTION": "MANTUA ELEMENTARY SCHOOL", "JURISDICTION": "COUNTY OF FAIRFAX", "WEB_ADDRESS": null, "STREET_NUMBER": "9107", "STREET_NAME": "HORNER CT", "PREC_IDENT": 711, "PREC_IDENT2": null, "PRECINCT": "PRICE", "DISTRICT": "PROVIDENCE", "ID": "711", "CITY": "FAIRFAX", "CREATED_USER": "FairfaxCounty", "CREATED_DATE": "2025-03-09T06:07:40.358Z", "LAST_EDITED_USER": "FairfaxCounty", "LAST_EDITED_DATE": "2025-03-09T06:07:40.358Z" }, "geometry": { "type": "Point", "coordinates": [ -77.259284779592306, 38.847378528066699 ] } },
{ "type": "Feature", "properties": { "OBJECTID": 5467, "TYPE": "POLL", "DESCRIPTION": "FAIRFAX CIRCLE BAPTIST CHURCH", "JURISDICTION": "COUNTY OF FAIRFAX", "WEB_ADDRESS": null, "STREET_NUMBER": "3110", "STREET_NAME": "CHICHESTER LN", "PREC_IDENT": 707, "PREC_IDENT2": null, "PRECINCT": "MANTUA", "DISTRICT": "PROVIDENCE", "ID": "707", "CITY": "FAIRFAX", "CREATED_USER": "FairfaxCounty", "CREATED_DATE": "2025-03-09T06:07:40.358Z", "LAST_EDITED_USER": "FairfaxCounty", "LAST_EDITED_DATE": "2025-03-09T06:07:40.358Z" }, "geometry": { "type": "Point", "coordinates": [ -77.248420832463296, 38.864207442930798 ] } },
{ "type": "Feature", "properties": { "OBJECTID": 5468, "TYPE": "POLL", "DESCRIPTION": "CAMELOT ELEMENTARY SCHOOL", "JURISDICTION": "COUNTY OF FAIRFAX", "WEB_ADDRESS": null, "STREET_NUMBER": "8100", "STREET_NAME": "GUINEVERE DR", "PREC_IDENT": 522, "PREC_IDENT2": null, "PRECINCT": "CAMELOT", "DISTRICT": "MASON", "ID": "522", "CITY": "ANNANDALE", "CREATED_USER": "FairfaxCounty", "CREATED_DATE": "2025-03-09T06:07:40.358Z", "LAST_EDITED_USER": "FairfaxCounty", "LAST_EDITED_DATE": "2025-03-09T06:07:40.358Z" }, "geometry": { "type": "Point", "coordinates": [ -77.225317602317901, 38.848599434872398 ] } },
{ "type": "Feature", "properties": { "OBJECTID": 5469, "TYPE": "POLL", "DESCRIPTION": "BRADDOCK ELEMENTARY SCHOOL", "JURISDICTION": "COUNTY OF FAIRFAX", "WEB_ADDRESS": null, "STREET_NUMBER": "7825", "STREET_NAME": "HERITAGE DR", "PREC_IDENT": 106, "PREC_IDENT2": null, "PRECINCT": "HERITAGE", "DISTRICT": "BRADDOCK", "ID": "106", "CITY": "ANNANDALE", "CREATED_USER": "FairfaxCounty", "CREATED_DATE": "2025-03-09T06:07:40.358Z", "LAST_EDITED_USER": "FairfaxCounty", "LAST_EDITED_DATE": "2025-03-09T06:07:40.358Z" }, "geometry": { "type": "Point", "coordinates": [ -77.215531235608793, 38.822470420971399 ] } },
{ "type": "Feature", "properties": { "OBJECTID": 5470, "TYPE": "POLL", "DESCRIPTION": "ANNANDALE TERRACE ELEMENTARY SCHOOL", "JURISDICTION": "COUNTY OF FAIRFAX", "WEB_ADDRESS": null, "STREET_NUMBER": "7604", "STREET_NAME": "HERALD ST", "PREC_IDENT": 504, "PREC_IDENT2": null, "PRECINCT": "BRISTOW", "DISTRICT": "MASON", "ID": "504", "CITY": "ANNANDALE", "CREATED_USER": "FairfaxCounty", "CREATED_DATE": "2025-03-09T06:07:40.358Z", "LAST_EDITED_USER": "FairfaxCounty", "LAST_EDITED_DATE": "2025-03-09T06:07:40.358Z" }, "geometry": { "type": "Point", "coordinates": [ -77.208095893028698, 38.827288279047302 ] } },
{ "type": "Feature", "properties": { "OBJECTID": 5471, "TYPE": "POLL", "DESCRIPTION": "BELVEDERE ELEMENTARY SCHOOL", "JURISDICTION": "COUNTY OF FAIRFAX", "WEB_ADDRESS": null, "STREET_NUMBER": "6540", "STREET_NAME": "COLUMBIA PIKE", "PREC_IDENT": 503, "PREC_IDENT2": null, "PRECINCT": "BELVEDERE", "DISTRICT": "MASON", "ID": "503", "CITY": "FALLS CHURCH", "CREATED_USER": "FairfaxCounty", "CREATED_DATE": "2025-03-09T06:07:40.358Z", "LAST_EDITED_USER": "FairfaxCounty", "LAST_EDITED_DATE": "2025-03-09T06:07:40.358Z" }, "geometry": { "type": "Point", "coordinates": [ -77.168670525194301, 38.838559018536202 ] } },
{ "type": "Feature", "properties": { "OBJECTID": 5472, "TYPE": "POLL", "DESCRIPTION": "BEECH TREE ELEMENTARY SCHOOL", "JURISDICTION": "COUNTY OF FAIRFAX", "WEB_ADDRESS": null, "STREET_NUMBER": "3401", "STREET_NAME": "BEECH TREE LN", "PREC_IDENT": 512, "PREC_IDENT2": null, "PRECINCT": "SLEEPY HOLLOW", "DISTRICT": "MASON", "ID": "512", "CITY": "FALLS CHURCH", "CREATED_USER": "FairfaxCounty", "CREATED_DATE": "2025-03-09T06:07:40.358Z", "LAST_EDITED_USER": "FairfaxCounty", "LAST_EDITED_DATE": "2025-03-09T06:07:40.358Z" }, "geometry": { "type": "Point", "coordinates": [ -77.181194049125494, 38.852963256556102 ] } },
{ "type": "Feature", "properties": { "OBJECTID": 5473, "TYPE": "POLL", "DESCRIPTION": "HOLMES MIDDLE SCHOOL", "JURISDICTION": "COUNTY OF FAIRFAX", "WEB_ADDRESS": null, "STREET_NUMBER": "6525", "STREET_NAME": "MONTROSE ST", "PREC_IDENT": 516, "PREC_IDENT2": null, "PRECINCT": "WEYANOKE", "DISTRICT": "MASON", "ID": "516", "CITY": "ALEXANDRIA", "CREATED_USER": "FairfaxCounty", "CREATED_DATE": "2025-03-09T06:07:40.358Z", "LAST_EDITED_USER": "FairfaxCounty", "LAST_EDITED_DATE": "2025-03-09T06:07:40.358Z" }, "geometry": { "type": "Point", "coordinates": [ -77.163323923905097, 38.814895942994497 ] } },
{ "type": "Feature", "properties": { "OBJECTID": 5474, "TYPE": "POLL", "DESCRIPTION": "LYNBROOK ELEMENTARY SCHOOL", "JURISDICTION": "COUNTY OF FAIRFAX", "WEB_ADDRESS": null, "STREET_NUMBER": "5801", "STREET_NAME": "BACKLICK RD", "PREC_IDENT": 418, "PREC_IDENT2": 433, "PRECINCT": "LYNBROOK #1, LYNBROOK #2", "DISTRICT": "FRANCONIA", "ID": "418433", "CITY": "SPRINGFIELD", "CREATED_USER": "FairfaxCounty", "CREATED_DATE": "2025-03-09T06:07:40.358Z", "LAST_EDITED_USER": "FairfaxCounty", "LAST_EDITED_DATE": "2025-03-09T06:07:40.358Z" }, "geometry": { "type": "Point", "coordinates": [ -77.186225624037604, 38.7920516759457 ] } },
{ "type": "Feature", "properties": { "OBJECTID": 5475, "TYPE": "POLL", "DESCRIPTION": "HOLLIN MEADOWS ELEMENTARY SCHOOL", "JURISDICTION": "COUNTY OF FAIRFAX", "WEB_ADDRESS": null, "STREET_NUMBER": "2310", "STREET_NAME": "NORDOK PL", "PREC_IDENT": 608, "PREC_IDENT2": null, "PRECINCT": "KIRKSIDE", "DISTRICT": "MOUNT VERNON", "ID": "608", "CITY": "ALEXANDRIA", "CREATED_USER": "FairfaxCounty", "CREATED_DATE": "2025-03-09T06:07:40.358Z", "LAST_EDITED_USER": "FairfaxCounty", "LAST_EDITED_DATE": "2025-03-09T06:07:40.358Z" }, "geometry": { "type": "Point", "coordinates": [ -77.071381940298593, 38.750030468918098 ] } },
{ "type": "Feature", "properties": { "OBJECTID": 5476, "TYPE": "POLL", "DESCRIPTION": "HOLLIN HALL CENTER", "JURISDICTION": "COUNTY OF FAIRFAX", "WEB_ADDRESS": null, "STREET_NUMBER": "1500", "STREET_NAME": "SHENANDOAH RD", "PREC_IDENT": 606, "PREC_IDENT2": null, "PRECINCT": "HOLLIN HALL", "DISTRICT": "MOUNT VERNON", "ID": "606", "CITY": "ALEXANDRIA", "CREATED_USER": "FairfaxCounty", "CREATED_DATE": "2025-03-09T06:07:40.358Z", "LAST_EDITED_USER": "FairfaxCounty", "LAST_EDITED_DATE": "2025-03-09T06:07:40.358Z" }, "geometry": { "type": "Point", "coordinates": [ -77.058374067373805, 38.742137014834398 ] } },
{ "type": "Feature", "properties": { "OBJECTID": 5477, "TYPE": "POLL", "DESCRIPTION": "VIRGINIA HILLS CENTER", "JURISDICTION": "COUNTY OF FAIRFAX", "WEB_ADDRESS": null, "STREET_NUMBER": "6520", "STREET_NAME": "DIANA LN", "PREC_IDENT": 411, "PREC_IDENT2": null, "PRECINCT": "VIRGINIA HILLS", "DISTRICT": "FRANCONIA", "ID": "411", "CITY": "ALEXANDRIA", "CREATED_USER": "FairfaxCounty", "CREATED_DATE": "2025-03-09T06:07:40.358Z", "LAST_EDITED_USER": "FairfaxCounty", "LAST_EDITED_DATE": "2025-03-09T06:07:40.358Z" }, "geometry": { "type": "Point", "coordinates": [ -77.102314156581002, 38.7740498705924 ] } },
{ "type": "Feature", "properties": { "OBJECTID": 5478, "TYPE": "POLL", "DESCRIPTION": "MOUNT EAGLE ELEMENTARY SCHOOL", "JURISDICTION": "COUNTY OF FAIRFAX", "WEB_ADDRESS": null, "STREET_NUMBER": "6116", "STREET_NAME": "NORTH KINGS HWY", "PREC_IDENT": 408, "PREC_IDENT2": null, "PRECINCT": "MOUNT EAGLE", "DISTRICT": "LEE", "ID": "408", "CITY": "ALEXANDRIA", "CREATED_USER": "FairfaxCounty", "CREATED_DATE": "2025-03-09T06:07:40.358Z", "LAST_EDITED_USER": "FairfaxCounty", "LAST_EDITED_DATE": "2025-03-09T06:07:40.358Z" }, "geometry": { "type": "Point", "coordinates": [ -77.078500857088798, 38.785112808364701 ] } },
{ "type": "Feature", "properties": { "OBJECTID": 5479, "TYPE": "POLL", "DESCRIPTION": "WEST SPRINGFIELD ELEMENTARY SCHOOL", "JURISDICTION": "COUNTY OF FAIRFAX", "WEB_ADDRESS": null, "STREET_NUMBER": "6802", "STREET_NAME": "DELAND DR", "PREC_IDENT": 431, "PREC_IDENT2": null, "PRECINCT": "WEST SPRINGFIELD", "DISTRICT": "FRANCONIA", "ID": "431", "CITY": "SPRINGFIELD", "CREATED_USER": "FairfaxCounty", "CREATED_DATE": "2025-03-09T06:07:40.358Z", "LAST_EDITED_USER": "FairfaxCounty", "LAST_EDITED_DATE": "2025-03-09T06:07:40.358Z" }, "geometry": { "type": "Point", "coordinates": [ -77.219182757789298, 38.769104467363 ] } },
{ "type": "Feature", "properties": { "OBJECTID": 5480, "TYPE": "POLL", "DESCRIPTION": "HAYFIELD ELEMENTARY SCHOOL", "JURISDICTION": "COUNTY OF FAIRFAX", "WEB_ADDRESS": null, "STREET_NUMBER": "7633", "STREET_NAME": "TELEGRAPH RD", "PREC_IDENT": 406, "PREC_IDENT2": null, "PRECINCT": "HAYFIELD", "DISTRICT": "FRANCONIA", "ID": "406", "CITY": "ALEXANDRIA", "CREATED_USER": "FairfaxCounty", "CREATED_DATE": "2025-03-09T06:07:40.358Z", "LAST_EDITED_USER": "FairfaxCounty", "LAST_EDITED_DATE": "2025-03-09T06:07:40.358Z" }, "geometry": { "type": "Point", "coordinates": [ -77.1404676584974, 38.749150575596403 ] } },
{ "type": "Feature", "properties": { "OBJECTID": 5481, "TYPE": "POLL", "DESCRIPTION": "WASHINGTON MILL ELEMENTARY SCHOOL", "JURISDICTION": "COUNTY OF FAIRFAX", "WEB_ADDRESS": null, "STREET_NUMBER": "9100", "STREET_NAME": "CHERRY TREE DR", "PREC_IDENT": 613, "PREC_IDENT2": null, "PRECINCT": "WESTGATE", "DISTRICT": "MOUNT VERNON", "ID": "613", "CITY": "ALEXANDRIA", "CREATED_USER": "FairfaxCounty", "CREATED_DATE": "2025-03-09T06:07:40.358Z", "LAST_EDITED_USER": "FairfaxCounty", "LAST_EDITED_DATE": "2025-03-09T06:07:40.358Z" }, "geometry": { "type": "Point", "coordinates": [ -77.104247737774003, 38.7101401126965 ] } },
{ "type": "Feature", "properties": { "OBJECTID": 5482, "TYPE": "POLL", "DESCRIPTION": "STRATFORD LANDING ELEMENTARY SCHOOL", "JURISDICTION": "COUNTY OF FAIRFAX", "WEB_ADDRESS": null, "STREET_NUMBER": "8484", "STREET_NAME": "RIVERSIDE RD", "PREC_IDENT": 611, "PREC_IDENT2": null, "PRECINCT": "STRATFORD", "DISTRICT": "MOUNT VERNON", "ID": "611", "CITY": "ALEXANDRIA", "CREATED_USER": "FairfaxCounty", "CREATED_DATE": "2025-03-09T06:07:40.358Z", "LAST_EDITED_USER": "FairfaxCounty", "LAST_EDITED_DATE": "2025-03-09T06:07:40.358Z" }, "geometry": { "type": "Point", "coordinates": [ -77.068836557129899, 38.728105594104697 ] } },
{ "type": "Feature", "properties": { "OBJECTID": 5483, "TYPE": "POLL", "DESCRIPTION": "WHITMAN MIDDLE SCHOOL", "JURISDICTION": "COUNTY OF FAIRFAX", "WEB_ADDRESS": null, "STREET_NUMBER": "2500", "STREET_NAME": "PARKERS LN", "PREC_IDENT": 610, "PREC_IDENT2": null, "PRECINCT": "SHERWOOD", "DISTRICT": "MOUNT VERNON", "ID": "610", "CITY": "ALEXANDRIA", "CREATED_USER": "FairfaxCounty", "CREATED_DATE": "2025-03-09T06:07:40.358Z", "LAST_EDITED_USER": "FairfaxCounty", "LAST_EDITED_DATE": "2025-03-09T06:07:40.358Z" }, "geometry": { "type": "Point", "coordinates": [ -77.074978470839994, 38.741721541359901 ] } },
{ "type": "Feature", "properties": { "OBJECTID": 5484, "TYPE": "POLL", "DESCRIPTION": "NANCY F. SPRAGUE TECHNOLOGY CENTER", "JURISDICTION": "COUNTY OF FAIRFAX", "WEB_ADDRESS": null, "STREET_NUMBER": "4414", "STREET_NAME": "HOLBORN AVE", "PREC_IDENT": 104, "PREC_IDENT2": null, "PRECINCT": "CHAPEL", "DISTRICT": "BRADDOCK", "ID": "104", "CITY": "ANNANDALE", "CREATED_USER": "FairfaxCounty", "CREATED_DATE": "2025-03-09T06:07:40.358Z", "LAST_EDITED_USER": "FairfaxCounty", "LAST_EDITED_DATE": "2025-03-09T06:07:40.358Z" }, "geometry": { "type": "Point", "coordinates": [ -77.236545669157707, 38.826777129373703 ] } },
{ "type": "Feature", "properties": { "OBJECTID": 5485, "TYPE": "POLL", "DESCRIPTION": "HUTCHISON ELEMENTARY SCHOOL", "JURISDICTION": "COUNTY OF FAIRFAX", "WEB_ADDRESS": null, "STREET_NUMBER": "13209", "STREET_NAME": "PARCHER AVE", "PREC_IDENT": 325, "PREC_IDENT2": null, "PRECINCT": "HUTCHISON", "DISTRICT": "DRANESVILLE", "ID": "325", "CITY": "HERNDON", "CREATED_USER": "FairfaxCounty", "CREATED_DATE": "2025-03-09T06:07:40.358Z", "LAST_EDITED_USER": "FairfaxCounty", "LAST_EDITED_DATE": "2025-03-09T06:07:40.358Z" }, "geometry": { "type": "Point", "coordinates": [ -77.406818768112799, 38.961526807496597 ] } },
{ "type": "Feature", "properties": { "OBJECTID": 5486, "TYPE": "POLL", "DESCRIPTION": "CARTER G. WOODSON HIGH SCHOOL", "JURISDICTION": "COUNTY OF FAIRFAX", "WEB_ADDRESS": null, "STREET_NUMBER": "9525", "STREET_NAME": "MAIN ST", "PREC_IDENT": 117, "PREC_IDENT2": 136, "PRECINCT": "WOODSON #1, WOODSON #2", "DISTRICT": "BRADDOCK", "ID": "117136", "CITY": "FAIRFAX", "CREATED_USER": "FairfaxCounty", "CREATED_DATE": "2025-03-09T06:07:40.358Z", "LAST_EDITED_USER": "FairfaxCounty", "LAST_EDITED_DATE": "2025-03-09T06:07:40.358Z" }, "geometry": { "type": "Point", "coordinates": [ -77.275636820137393, 38.8404194956791 ] } },
{ "type": "Feature", "properties": { "OBJECTID": 5487, "TYPE": "POLL", "DESCRIPTION": "WAKEFIELD FOREST ELEMENTARY SCHOOL", "JURISDICTION": "COUNTY OF FAIRFAX", "WEB_ADDRESS": null, "STREET_NUMBER": "4011", "STREET_NAME": "IVA LN", "PREC_IDENT": 116, "PREC_IDENT2": null, "PRECINCT": "WAKEFIELD", "DISTRICT": "BRADDOCK", "ID": "116", "CITY": "FAIRFAX", "CREATED_USER": "FairfaxCounty", "CREATED_DATE": "2025-03-09T06:07:40.358Z", "LAST_EDITED_USER": "FairfaxCounty", "LAST_EDITED_DATE": "2025-03-09T06:07:40.358Z" }, "geometry": { "type": "Point", "coordinates": [ -77.246595633177293, 38.836095555091198 ] } },
{ "type": "Feature", "properties": { "OBJECTID": 5488, "TYPE": "POLL", "DESCRIPTION": "CUB RUN ELEMENTARY SCHOOL", "JURISDICTION": "COUNTY OF FAIRFAX", "WEB_ADDRESS": null, "STREET_NUMBER": "5301", "STREET_NAME": "SULLY STATION DR", "PREC_IDENT": 903, "PREC_IDENT2": null, "PRECINCT": "CUB RUN", "DISTRICT": "SULLY", "ID": "903", "CITY": "CENTREVILLE", "CREATED_USER": "FairfaxCounty", "CREATED_DATE": "2025-03-09T06:07:40.358Z", "LAST_EDITED_USER": "FairfaxCounty", "LAST_EDITED_DATE": "2025-03-09T06:07:40.358Z" }, "geometry": { "type": "Point", "coordinates": [ -77.458638392629695, 38.865746276227704 ] } },
{ "type": "Feature", "properties": { "OBJECTID": 5489, "TYPE": "POLL", "DESCRIPTION": "FAIRHILL ELEMENTARY SCHOOL", "JURISDICTION": "COUNTY OF FAIRFAX", "WEB_ADDRESS": null, "STREET_NUMBER": "3001", "STREET_NAME": "CHICHESTER LN", "PREC_IDENT": 714, "PREC_IDENT2": null, "PRECINCT": "WALKER", "DISTRICT": "PROVIDENCE", "ID": "714", "CITY": "FAIRFAX", "CREATED_USER": "FairfaxCounty", "CREATED_DATE": "2025-03-09T06:07:40.358Z", "LAST_EDITED_USER": "FairfaxCounty", "LAST_EDITED_DATE": "2025-03-09T06:07:40.358Z" }, "geometry": { "type": "Point", "coordinates": [ -77.248038186284305, 38.869585090015299 ] } },
{ "type": "Feature", "properties": { "OBJECTID": 5490, "TYPE": "POLL", "DESCRIPTION": "GATEHOUSE ADMINISTRATION CENTER", "JURISDICTION": "COUNTY OF FAIRFAX", "WEB_ADDRESS": null, "STREET_NUMBER": "8115", "STREET_NAME": "GATEHOUSE RD", "PREC_IDENT": 723, "PREC_IDENT2": null, "PRECINCT": "GALLOWS EAST", "DISTRICT": "PROVIDENCE", "ID": "723", "CITY": "FALLS CHURCH", "CREATED_USER": "FairfaxCounty", "CREATED_DATE": "2025-03-09T06:07:40.358Z", "LAST_EDITED_USER": "FairfaxCounty", "LAST_EDITED_DATE": "2025-03-09T06:07:40.358Z" }, "geometry": { "type": "Point", "coordinates": [ -77.2242760290967, 38.868547206822498 ] } },
{ "type": "Feature", "properties": { "OBJECTID": 5491, "TYPE": "POLL", "DESCRIPTION": "GRAHAM ROAD ELEMENTARY SCHOOL", "JURISDICTION": "COUNTY OF FAIRFAX", "WEB_ADDRESS": null, "STREET_NUMBER": "2831", "STREET_NAME": "GRAHAM RD", "PREC_IDENT": 705, "PREC_IDENT2": null, "PRECINCT": "GRAHAM-GREENWAY", "DISTRICT": "PROVIDENCE", "ID": "705", "CITY": "FALLS CHURCH", "CREATED_USER": "FairfaxCounty", "CREATED_DATE": "2025-03-09T06:07:40.358Z", "LAST_EDITED_USER": "FairfaxCounty", "LAST_EDITED_DATE": "2025-03-09T06:07:40.358Z" }, "geometry": { "type": "Point", "coordinates": [ -77.191114191165894, 38.876628388888903 ] } },
{ "type": "Feature", "properties": { "OBJECTID": 5492, "TYPE": "POLL", "DESCRIPTION": "JAMES LEE COMMUNITY CENTER", "JURISDICTION": "COUNTY OF FAIRFAX", "WEB_ADDRESS": null, "STREET_NUMBER": "2855-A", "STREET_NAME": "ANNANDALE RD", "PREC_IDENT": 535, "PREC_IDENT2": null, "PRECINCT": "FORT BUFFALO", "DISTRICT": "MASON", "ID": "535", "CITY": "FALLS CHURCH", "CREATED_USER": "FairfaxCounty", "CREATED_DATE": "2025-03-09T06:07:40.358Z", "LAST_EDITED_USER": "FairfaxCounty", "LAST_EDITED_DATE": "2025-03-09T06:07:40.358Z" }, "geometry": { "type": "Point", "coordinates": [ -77.173063614933994, 38.874183148940098 ] } },
{ "type": "Feature", "properties": { "OBJECTID": 5493, "TYPE": "POLL", "DESCRIPTION": "NAVY ELEMENTARY SCHOOL", "JURISDICTION": "COUNTY OF FAIRFAX", "WEB_ADDRESS": null, "STREET_NUMBER": "3500", "STREET_NAME": "WEST OX RD", "PREC_IDENT": 911, "PREC_IDENT2": null, "PRECINCT": "NAVY", "DISTRICT": "SULLY", "ID": "911", "CITY": "FAIRFAX", "CREATED_USER": "FairfaxCounty", "CREATED_DATE": "2025-03-09T06:07:40.358Z", "LAST_EDITED_USER": "FairfaxCounty", "LAST_EDITED_DATE": "2025-03-09T06:07:40.358Z" }, "geometry": { "type": "Point", "coordinates": [ -77.378852325561994, 38.889219680590799 ] } },
{ "type": "Feature", "properties": { "OBJECTID": 5494, "TYPE": "POLL", "DESCRIPTION": "GREENBRIAR WEST ELEMENTARY SCHOOL", "JURISDICTION": "COUNTY OF FAIRFAX", "WEB_ADDRESS": null, "STREET_NUMBER": "13300", "STREET_NAME": "POPLAR TREE RD", "PREC_IDENT": 847, "PREC_IDENT2": null, "PRECINCT": "GREENBRIAR WEST", "DISTRICT": "SPRINGFIELD", "ID": "847", "CITY": "FAIRFAX", "CREATED_USER": "FairfaxCounty", "CREATED_DATE": "2025-03-09T06:07:40.358Z", "LAST_EDITED_USER": "FairfaxCounty", "LAST_EDITED_DATE": "2025-03-09T06:07:40.358Z" }, "geometry": { "type": "Point", "coordinates": [ -77.405692793392902, 38.876324563636103 ] } },
{ "type": "Feature", "properties": { "OBJECTID": 5495, "TYPE": "POLL", "DESCRIPTION": "FLINT HILL ELEMENTARY SCHOOL", "JURISDICTION": "COUNTY OF FAIRFAX", "WEB_ADDRESS": null, "STREET_NUMBER": "2444", "STREET_NAME": "FLINT HILL RD", "PREC_IDENT": 202, "PREC_IDENT2": 241, "PRECINCT": "FLINT HILL #1, FLINT HILL #2", "DISTRICT": "HUNTER MILL", "ID": "202241", "CITY": "VIENNA", "CREATED_USER": "FairfaxCounty", "CREATED_DATE": "2025-03-09T06:07:40.358Z", "LAST_EDITED_USER": "FairfaxCounty", "LAST_EDITED_DATE": "2025-03-09T06:07:40.358Z" }, "geometry": { "type": "Point", "coordinates": [ -77.285133304588896, 38.896133773556997 ] } },
{ "type": "Feature", "properties": { "OBJECTID": 5496, "TYPE": "POLL", "DESCRIPTION": "HAYCOCK ELEMENTARY SCHOOL", "JURISDICTION": "COUNTY OF FAIRFAX", "WEB_ADDRESS": null, "STREET_NUMBER": "6616", "STREET_NAME": "HAYCOCK RD", "PREC_IDENT": 307, "PREC_IDENT2": null, "PRECINCT": "HAYCOCK", "DISTRICT": "DRANESVILLE", "ID": "307", "CITY": "FALLS CHURCH", "CREATED_USER": "FairfaxCounty", "CREATED_DATE": "2025-03-09T06:07:40.358Z", "LAST_EDITED_USER": "FairfaxCounty", "LAST_EDITED_DATE": "2025-03-09T06:07:40.358Z" }, "geometry": { "type": "Point", "coordinates": [ -77.173541192362805, 38.903872845782502 ] } },
{ "type": "Feature", "properties": { "OBJECTID": 5497, "TYPE": "POLL", "DESCRIPTION": "LEMON ROAD ELEMENTARY SCHOOL", "JURISDICTION": "COUNTY OF FAIRFAX", "WEB_ADDRESS": null, "STREET_NUMBER": "7230", "STREET_NAME": "IDYLWOOD RD", "PREC_IDENT": 317, "PREC_IDENT2": null, "PRECINCT": "WESTHAMPTON", "DISTRICT": "DRANESVILLE", "ID": "317", "CITY": "FALLS CHURCH", "CREATED_USER": "FairfaxCounty", "CREATED_DATE": "2025-03-09T06:07:40.358Z", "LAST_EDITED_USER": "FairfaxCounty", "LAST_EDITED_DATE": "2025-03-09T06:07:40.358Z" }, "geometry": { "type": "Point", "coordinates": [ -77.195191497047404, 38.903815935070199 ] } },
{ "type": "Feature", "properties": { "OBJECTID": 5498, "TYPE": "POLL", "DESCRIPTION": "MARSHALL HIGH SCHOOL", "JURISDICTION": "COUNTY OF FAIRFAX", "WEB_ADDRESS": null, "STREET_NUMBER": "7731", "STREET_NAME": "LEESBURG PIKE", "PREC_IDENT": 708, "PREC_IDENT2": null, "PRECINCT": "MARSHALL", "DISTRICT": "PROVIDENCE", "ID": "708", "CITY": "FALLS CHURCH", "CREATED_USER": "FairfaxCounty", "CREATED_DATE": "2025-03-09T06:07:40.358Z", "LAST_EDITED_USER": "FairfaxCounty", "LAST_EDITED_DATE": "2025-03-09T06:07:40.358Z" }, "geometry": { "type": "Point", "coordinates": [ -77.211772291690806, 38.906577186599598 ] } },
{ "type": "Feature", "properties": { "OBJECTID": 5499, "TYPE": "POLL", "DESCRIPTION": "SPRING HILL ELEMENTARY SCHOOL", "JURISDICTION": "COUNTY OF FAIRFAX", "WEB_ADDRESS": null, "STREET_NUMBER": "8201", "STREET_NAME": "LEWINSVILLE RD", "PREC_IDENT": 331, "PREC_IDENT2": null, "PRECINCT": "SPRING HILL", "DISTRICT": "DRANESVILLE", "ID": "331", "CITY": "MCLEAN", "CREATED_USER": "FairfaxCounty", "CREATED_DATE": "2025-03-09T06:07:40.358Z", "LAST_EDITED_USER": "FairfaxCounty", "LAST_EDITED_DATE": "2025-03-09T06:07:40.358Z" }, "geometry": { "type": "Point", "coordinates": [ -77.228435355568806, 38.939013073504597 ] } },
{ "type": "Feature", "properties": { "OBJECTID": 5500, "TYPE": "POLL", "DESCRIPTION": "SUNRISE VALLEY ELEMENTARY SCHOOL", "JURISDICTION": "COUNTY OF FAIRFAX", "WEB_ADDRESS": null, "STREET_NUMBER": "10824", "STREET_NAME": "CROSS SCHOOL RD", "PREC_IDENT": 227, "PREC_IDENT2": 243, "PRECINCT": "SUNRISE VALLEY #1, SUNRISE VALLEY#2", "DISTRICT": "HUNTER MILL", "ID": "227243", "CITY": "RESTON", "CREATED_USER": "FairfaxCounty", "CREATED_DATE": "2025-03-09T06:07:40.358Z", "LAST_EDITED_USER": "FairfaxCounty", "LAST_EDITED_DATE": "2025-03-09T06:07:40.358Z" }, "geometry": { "type": "Point", "coordinates": [ -77.320227669396104, 38.940213661527103 ] } },
{ "type": "Feature", "properties": { "OBJECTID": 5501, "TYPE": "POLL", "DESCRIPTION": "HERNDON ELEMENTARY SCHOOL", "JURISDICTION": "COUNTY OF FAIRFAX", "WEB_ADDRESS": null, "STREET_NUMBER": "630", "STREET_NAME": "DRANESVILLE RD", "PREC_IDENT": 319, "PREC_IDENT2": null, "PRECINCT": "HERNDON #1", "DISTRICT": "DRANESVILLE", "ID": "319", "CITY": "HERNDON", "CREATED_USER": "FairfaxCounty", "CREATED_DATE": "2025-03-09T06:07:40.358Z", "LAST_EDITED_USER": "FairfaxCounty", "LAST_EDITED_DATE": "2025-03-09T06:07:40.358Z" }, "geometry": { "type": "Point", "coordinates": [ -77.377205145067094, 38.975930976667797 ] } },
{ "type": "Feature", "properties": { "OBJECTID": 5502, "TYPE": "POLL", "DESCRIPTION": "HERNDON COMMUNITY CENTER", "JURISDICTION": "COUNTY OF FAIRFAX", "WEB_ADDRESS": null, "STREET_NUMBER": "814", "STREET_NAME": "FERNDALE AVE", "PREC_IDENT": 320, "PREC_IDENT2": null, "PRECINCT": "HERNDON #2", "DISTRICT": "DRANESVILLE", "ID": "320", "CITY": "HERNDON", "CREATED_USER": "FairfaxCounty", "CREATED_DATE": "2025-03-09T06:07:40.358Z", "LAST_EDITED_USER": "FairfaxCounty", "LAST_EDITED_DATE": "2025-03-09T06:07:40.358Z" }, "geometry": { "type": "Point", "coordinates": [ -77.393470079776606, 38.972741164933801 ] } },
{ "type": "Feature", "properties": { "OBJECTID": 5503, "TYPE": "POLL", "DESCRIPTION": "FAIRFAX VILLA ELEMENTARY SCHOOL", "JURISDICTION": "COUNTY OF FAIRFAX", "WEB_ADDRESS": null, "STREET_NUMBER": "10900", "STREET_NAME": "SANTA CLARA DR", "PREC_IDENT": 121, "PREC_IDENT2": null, "PRECINCT": "VILLA", "DISTRICT": "BRADDOCK", "ID": "121", "CITY": "FAIRFAX", "CREATED_USER": "FairfaxCounty", "CREATED_DATE": "2025-03-09T06:07:40.358Z", "LAST_EDITED_USER": "FairfaxCounty", "LAST_EDITED_DATE": "2025-03-09T06:07:40.358Z" }, "geometry": { "type": "Point", "coordinates": [ -77.323317940943795, 38.8400407686281 ] } },
{ "type": "Feature", "properties": { "OBJECTID": 5504, "TYPE": "POLL", "DESCRIPTION": "KINGS PARK ELEMENTARY SCHOOL", "JURISDICTION": "COUNTY OF FAIRFAX", "WEB_ADDRESS": null, "STREET_NUMBER": "5400", "STREET_NAME": "HARROW WAY", "PREC_IDENT": 108, "PREC_IDENT2": null, "PRECINCT": "KINGS PARK", "DISTRICT": "BRADDOCK", "ID": "108", "CITY": "FAIRFAX", "CREATED_USER": "FairfaxCounty", "CREATED_DATE": "2025-03-09T06:07:40.358Z", "LAST_EDITED_USER": "FairfaxCounty", "LAST_EDITED_DATE": "2025-03-09T06:07:40.358Z" }, "geometry": { "type": "Point", "coordinates": [ -77.241667093802704, 38.804894442032001 ] } },
{ "type": "Feature", "properties": { "OBJECTID": 5505, "TYPE": "POLL", "DESCRIPTION": "COOPER MIDDLE SCHOOL", "JURISDICTION": "COUNTY OF FAIRFAX", "WEB_ADDRESS": null, "STREET_NUMBER": "977", "STREET_NAME": "BALLS HILL RD", "PREC_IDENT": 304, "PREC_IDENT2": null, "PRECINCT": "COOPER", "DISTRICT": "DRANESVILLE", "ID": "304", "CITY": "MCLEAN", "CREATED_USER": "FairfaxCounty", "CREATED_DATE": "2025-03-09T06:07:40.358Z", "LAST_EDITED_USER": "FairfaxCounty", "LAST_EDITED_DATE": "2025-03-09T06:07:40.358Z" }, "geometry": { "type": "Point", "coordinates": [ -77.192155906669797, 38.952604301955397 ] } },
{ "type": "Feature", "properties": { "OBJECTID": 5506, "TYPE": "POLL", "DESCRIPTION": "WEST POTOMAC HIGH SCHOOL", "JURISDICTION": "COUNTY OF FAIRFAX", "WEB_ADDRESS": null, "STREET_NUMBER": "6500", "STREET_NAME": "QUANDER RD", "PREC_IDENT": 601, "PREC_IDENT2": null, "PRECINCT": "BELLE HAVEN", "DISTRICT": "MOUNT VERNON", "ID": "601", "CITY": "ALEXANDRIA", "CREATED_USER": "FairfaxCounty", "CREATED_DATE": "2025-03-09T06:07:40.358Z", "LAST_EDITED_USER": "FairfaxCounty", "LAST_EDITED_DATE": "2025-03-09T06:07:40.358Z" }, "geometry": { "type": "Point", "coordinates": [ -77.070185317166406, 38.775981150178701 ] } },
{ "type": "Feature", "properties": { "OBJECTID": 5507, "TYPE": "POLL", "DESCRIPTION": "BELLE VIEW ELEMENTARY SCHOOOL", "JURISDICTION": "COUNTY OF FAIRFAX", "WEB_ADDRESS": null, "STREET_NUMBER": "6701", "STREET_NAME": "FORT HUNT RD", "PREC_IDENT": 602, "PREC_IDENT2": null, "PRECINCT": "BELLEVIEW", "DISTRICT": "MOUNT VERNON", "ID": "602", "CITY": "ALEXANDRIA", "CREATED_USER": "FairfaxCounty", "CREATED_DATE": "2025-03-09T06:07:40.358Z", "LAST_EDITED_USER": "FairfaxCounty", "LAST_EDITED_DATE": "2025-03-09T06:07:40.358Z" }, "geometry": { "type": "Point", "coordinates": [ -77.061035504592795, 38.7719600280004 ] } },
{ "type": "Feature", "properties": { "OBJECTID": 5508, "TYPE": "POLL", "DESCRIPTION": "KNIGHTS OF COLUMBUS #5998", "JURISDICTION": "COUNTY OF FAIRFAX", "WEB_ADDRESS": null, "STREET_NUMBER": "8592", "STREET_NAME": "RICHMOND HWY", "PREC_IDENT": 627, "PREC_IDENT2": 635, "PRECINCT": "WOODLAWN #1, WOODLAWN #2", "DISTRICT": "MOUNT VERNON", "ID": "627635", "CITY": "ALEXANDRIA", "CREATED_USER": "FairfaxCounty", "CREATED_DATE": "2025-03-09T06:07:40.358Z", "LAST_EDITED_USER": "FairfaxCounty", "LAST_EDITED_DATE": "2025-03-09T06:07:40.358Z" }, "geometry": { "type": "Point", "coordinates": [ -77.117024025725797, 38.725160943287499 ] } },
{ "type": "Feature", "properties": { "OBJECTID": 5509, "TYPE": "POLL", "DESCRIPTION": "ALDRIN ELEMENTARY SCHOOL", "JURISDICTION": "COUNTY OF FAIRFAX", "WEB_ADDRESS": null, "STREET_NUMBER": "11375", "STREET_NAME": "CENTER HARBOR RD", "PREC_IDENT": 234, "PREC_IDENT2": 233, "PRECINCT": "ALDRIN, NORTH POINT", "DISTRICT": "HUNTER MILL", "ID": "234233", "CITY": "RESTON", "CREATED_USER": "FairfaxCounty", "CREATED_DATE": "2025-03-09T06:07:40.358Z", "LAST_EDITED_USER": "FairfaxCounty", "LAST_EDITED_DATE": "2025-03-09T06:07:40.358Z" }, "geometry": { "type": "Point", "coordinates": [ -77.337969438124702, 38.979744030343603 ] } },
{ "type": "Feature", "properties": { "OBJECTID": 5510, "TYPE": "POLL", "DESCRIPTION": "BONNIE BRAE ELEMENTARY SCHOOL", "JURISDICTION": "COUNTY OF FAIRFAX", "WEB_ADDRESS": null, "STREET_NUMBER": "5420", "STREET_NAME": "SIDEBURN RD", "PREC_IDENT": 126, "PREC_IDENT2": null, "PRECINCT": "BONNIE BRAE", "DISTRICT": "BRADDOCK", "ID": "126", "CITY": "FAIRFAX", "CREATED_USER": "FairfaxCounty", "CREATED_DATE": "2025-03-09T06:07:40.358Z", "LAST_EDITED_USER": "FairfaxCounty", "LAST_EDITED_DATE": "2025-03-09T06:07:40.358Z" }, "geometry": { "type": "Point", "coordinates": [ -77.310093888213004, 38.8039896669274 ] } },
{ "type": "Feature", "properties": { "OBJECTID": 5511, "TYPE": "POLL", "DESCRIPTION": "FORESTVILLE ELEMENTARY SCHOOL", "JURISDICTION": "COUNTY OF FAIRFAX", "WEB_ADDRESS": null, "STREET_NUMBER": "1085", "STREET_NAME": "UTTERBACK STORE RD", "PREC_IDENT": 329, "PREC_IDENT2": null, "PRECINCT": "SENECA", "DISTRICT": "DRANESVILLE", "ID": "329", "CITY": "GREAT FALLS", "CREATED_USER": "FairfaxCounty", "CREATED_DATE": "2025-03-09T06:07:40.358Z", "LAST_EDITED_USER": "FairfaxCounty", "LAST_EDITED_DATE": "2025-03-09T06:07:40.358Z" }, "geometry": { "type": "Point", "coordinates": [ -77.328462708882597, 38.993566870688099 ] } },
{ "type": "Feature", "properties": { "OBJECTID": 5512, "TYPE": "POLL", "DESCRIPTION": "ARMSTRONG ELEMENTARY SCHOOL", "JURISDICTION": "COUNTY OF FAIRFAX", "WEB_ADDRESS": null, "STREET_NUMBER": "11900", "STREET_NAME": "LAKE NEWPORT RD", "PREC_IDENT": 201, "PREC_IDENT2": 236, "PRECINCT": "ARMSTRONG, STUART", "DISTRICT": "HUNTER MILL", "ID": "201236", "CITY": "RESTON", "CREATED_USER": "FairfaxCounty", "CREATED_DATE": "2025-03-09T06:07:40.358Z", "LAST_EDITED_USER": "FairfaxCounty", "LAST_EDITED_DATE": "2025-03-09T06:07:40.358Z" }, "geometry": { "type": "Point", "coordinates": [ -77.358540402310993, 38.980092780738602 ] } },
{ "type": "Feature", "properties": { "OBJECTID": 5513, "TYPE": "POLL", "DESCRIPTION": "LAKE BRADDOCK SECONDARY SCHOOL", "JURISDICTION": "COUNTY OF FAIRFAX", "WEB_ADDRESS": null, "STREET_NUMBER": "9200", "STREET_NAME": "BURKE LAKE RD", "PREC_IDENT": 125, "PREC_IDENT2": 118, "PRECINCT": "SIGNAL HILL, LAKE BRADDOCK", "DISTRICT": "BRADDOCK", "ID": "125118", "CITY": "BURKE", "CREATED_USER": "FairfaxCounty", "CREATED_DATE": "2025-03-09T06:07:40.358Z", "LAST_EDITED_USER": "FairfaxCounty", "LAST_EDITED_DATE": "2025-03-09T06:07:40.358Z" }, "geometry": { "type": "Point", "coordinates": [ -77.265504686697398, 38.803266121419597 ] } },
{ "type": "Feature", "properties": { "OBJECTID": 5514, "TYPE": "POLL", "DESCRIPTION": "LANE ELEMENTARY SCHOOL", "JURISDICTION": "COUNTY OF FAIRFAX", "WEB_ADDRESS": null, "STREET_NUMBER": "7137", "STREET_NAME": "BEULAH ST", "PREC_IDENT": 419, "PREC_IDENT2": null, "PRECINCT": "LANE", "DISTRICT": "FRANCONIA", "ID": "419", "CITY": "ALEXANDRIA", "CREATED_USER": "FairfaxCounty", "CREATED_DATE": "2025-03-09T06:07:40.358Z", "LAST_EDITED_USER": "FairfaxCounty", "LAST_EDITED_DATE": "2025-03-09T06:07:40.358Z" }, "geometry": { "type": "Point", "coordinates": [ -77.157849756005106, 38.761331284834696 ] } },
{ "type": "Feature", "properties": { "OBJECTID": 5515, "TYPE": "POLL", "DESCRIPTION": "CHESTERBROOK ELEMENTARY SCHOOL", "JURISDICTION": "COUNTY OF FAIRFAX", "WEB_ADDRESS": null, "STREET_NUMBER": "1753", "STREET_NAME": "KIRBY RD", "PREC_IDENT": 302, "PREC_IDENT2": 305, "PRECINCT": "CHESTERBROOK, EL NIDO", "DISTRICT": "DRANESVILLE", "ID": "302305", "CITY": "MCLEAN", "CREATED_USER": "FairfaxCounty", "CREATED_DATE": "2025-03-09T06:07:40.358Z", "LAST_EDITED_USER": "FairfaxCounty", "LAST_EDITED_DATE": "2025-03-09T06:07:40.358Z" }, "geometry": { "type": "Point", "coordinates": [ -77.155367585562203, 38.9188676453063 ] } },
{ "type": "Feature", "properties": { "OBJECTID": 5516, "TYPE": "POLL", "DESCRIPTION": "MINNIE H. PEYTON COMMUNITY CENTER AT BAILEY'S", "JURISDICTION": "COUNTY OF FAIRFAX", "WEB_ADDRESS": null, "STREET_NUMBER": "5920", "STREET_NAME": "SUMMERS LN", "PREC_IDENT": 501, "PREC_IDENT2": 520, "PRECINCT": "BAILEYS, SKYLINE", "DISTRICT": "MASON", "ID": "501520", "CITY": "FALLS CHURCH", "CREATED_USER": "FairfaxCounty", "CREATED_DATE": "2025-03-09T06:07:40.358Z", "LAST_EDITED_USER": "FairfaxCounty", "LAST_EDITED_DATE": "2025-03-09T06:07:40.358Z" }, "geometry": { "type": "Point", "coordinates": [ -77.136551801243101, 38.842245846447803 ] } },
{ "type": "Feature", "properties": { "OBJECTID": 5517, "TYPE": "POLL", "DESCRIPTION": "DEER PARK ELEMENTARY SCHOOL", "JURISDICTION": "COUNTY OF FAIRFAX", "WEB_ADDRESS": null, "STREET_NUMBER": "15109", "STREET_NAME": "CARLBERN DR", "PREC_IDENT": 921, "PREC_IDENT2": null, "PRECINCT": "DEER PARK", "DISTRICT": "SULLY", "ID": "921", "CITY": "CENTREVILLE", "CREATED_USER": "FairfaxCounty", "CREATED_DATE": "2025-03-09T06:07:40.358Z", "LAST_EDITED_USER": "FairfaxCounty", "LAST_EDITED_DATE": "2025-03-09T06:07:40.358Z" }, "geometry": { "type": "Point", "coordinates": [ -77.470936179472304, 38.855792417008203 ] } },
{ "type": "Feature", "properties": { "OBJECTID": 5518, "TYPE": "POLL", "DESCRIPTION": "GREEN SPRING GARDENS PARK", "JURISDICTION": "COUNTY OF FAIRFAX", "WEB_ADDRESS": null, "STREET_NUMBER": "4603", "STREET_NAME": "GREEN SPRING RD", "PREC_IDENT": 507, "PREC_IDENT2": null, "PRECINCT": "LINCOLNIA", "DISTRICT": "MASON", "ID": "507", "CITY": "ALEXANDRIA", "CREATED_USER": "FairfaxCounty", "CREATED_DATE": "2025-03-09T06:07:40.358Z", "LAST_EDITED_USER": "FairfaxCounty", "LAST_EDITED_DATE": "2025-03-09T06:07:40.358Z" }, "geometry": { "type": "Point", "coordinates": [ -77.156175582494996, 38.8235650202095 ] } },
{ "type": "Feature", "properties": { "OBJECTID": 5519, "TYPE": "POLL", "DESCRIPTION": "BURKE COMMUNITY CHURCH", "JURISDICTION": "COUNTY OF FAIRFAX", "WEB_ADDRESS": null, "STREET_NUMBER": "9900", "STREET_NAME": "OLD KEENE MILL RD", "PREC_IDENT": 842, "PREC_IDENT2": null, "PRECINCT": "PARKWAY", "DISTRICT": "SPRINGFIELD", "ID": "842", "CITY": "BURKE", "CREATED_USER": "FairfaxCounty", "CREATED_DATE": "2025-03-09T06:07:40.358Z", "LAST_EDITED_USER": "FairfaxCounty", "LAST_EDITED_DATE": "2025-03-09T06:07:40.358Z" }, "geometry": { "type": "Point", "coordinates": [ -77.288200100159699, 38.7709199331712 ] } },
{ "type": "Feature", "properties": { "OBJECTID": 5520, "TYPE": "POLL", "DESCRIPTION": "NORTH SPRINGFIELD ELEMENTARY SCHOOL", "JURISDICTION": "COUNTY OF FAIRFAX", "WEB_ADDRESS": null, "STREET_NUMBER": "7602", "STREET_NAME": "HEMING CT", "PREC_IDENT": 110, "PREC_IDENT2": null, "PRECINCT": "NORTH SPRINGFIELD", "DISTRICT": "BRADDOCK", "ID": "110", "CITY": "SPRINGFIELD", "CREATED_USER": "FairfaxCounty", "CREATED_DATE": "2025-03-09T06:07:40.358Z", "LAST_EDITED_USER": "FairfaxCounty", "LAST_EDITED_DATE": "2025-03-09T06:07:40.358Z" }, "geometry": { "type": "Point", "coordinates": [ -77.207201217605302, 38.801148693264103 ] } },
{ "type": "Feature", "properties": { "OBJECTID": 5521, "TYPE": "POLL", "DESCRIPTION": "CAMERON ELEMENTARY SCHOOL", "JURISDICTION": "COUNTY OF FAIRFAX", "WEB_ADDRESS": null, "STREET_NUMBER": "3434", "STREET_NAME": "CAMPBELL DR", "PREC_IDENT": 402, "PREC_IDENT2": null, "PRECINCT": "CAMERON", "DISTRICT": "FRANCONIA", "ID": "402", "CITY": "ALEXANDRIA", "CREATED_USER": "FairfaxCounty", "CREATED_DATE": "2025-03-09T06:07:40.358Z", "LAST_EDITED_USER": "FairfaxCounty", "LAST_EDITED_DATE": "2025-03-09T06:07:40.358Z" }, "geometry": { "type": "Point", "coordinates": [ -77.0911306571805, 38.800417162142402 ] } },
{ "type": "Feature", "properties": { "OBJECTID": 5522, "TYPE": "POLL", "DESCRIPTION": "SOUTH RUN RECREATION CENTER", "JURISDICTION": "COUNTY OF FAIRFAX", "WEB_ADDRESS": null, "STREET_NUMBER": "7550", "STREET_NAME": "RESERVATION DR", "PREC_IDENT": 850, "PREC_IDENT2": null, "PRECINCT": "SOUTH RUN", "DISTRICT": "SPRINGFIELD", "ID": "850", "CITY": "SPRINGFIELD", "CREATED_USER": "FairfaxCounty", "CREATED_DATE": "2025-03-09T06:07:40.358Z", "LAST_EDITED_USER": "FairfaxCounty", "LAST_EDITED_DATE": "2025-03-09T06:07:40.358Z" }, "geometry": { "type": "Point", "coordinates": [ -77.274753087276906, 38.747784728283698 ] } },
{ "type": "Feature", "properties": { "OBJECTID": 5523, "TYPE": "POLL", "DESCRIPTION": "BULL RUN ELEMENTARY SCHOOL", "JURISDICTION": "COUNTY OF FAIRFAX", "WEB_ADDRESS": null, "STREET_NUMBER": "15301", "STREET_NAME": "ROUTE 29", "PREC_IDENT": 923, "PREC_IDENT2": 935, "PRECINCT": "BULL RUN, ROBINSON MILL", "DISTRICT": "SULLY", "ID": "923935", "CITY": "CENTREVILLE", "CREATED_USER": "FairfaxCounty", "CREATED_DATE": "2025-03-09T06:07:40.358Z", "LAST_EDITED_USER": "FairfaxCounty", "LAST_EDITED_DATE": "2025-03-09T06:07:40.358Z" }, "geometry": { "type": "Point", "coordinates": [ -77.475701310494799, 38.828663941817503 ] } },
{ "type": "Feature", "properties": { "OBJECTID": 5524, "TYPE": "POLL", "DESCRIPTION": "CENTREVILLE UNITED METHODIST CHURCH", "JURISDICTION": "COUNTY OF FAIRFAX", "WEB_ADDRESS": null, "STREET_NUMBER": "6400", "STREET_NAME": "OLD CENTREVILLE RD", "PREC_IDENT": 925, "PREC_IDENT2": null, "PRECINCT": "OLD MILL", "DISTRICT": "SULLY", "ID": "925", "CITY": "CENTREVILLE", "CREATED_USER": "FairfaxCounty", "CREATED_DATE": "2025-03-09T06:07:40.358Z", "LAST_EDITED_USER": "FairfaxCounty", "LAST_EDITED_DATE": "2025-03-09T06:07:40.358Z" }, "geometry": { "type": "Point", "coordinates": [ -77.439884174058804, 38.825598422656903 ] } },
{ "type": "Feature", "properties": { "OBJECTID": 5525, "TYPE": "POLL", "DESCRIPTION": "ST. PAUL CHUNG CATHOLIC CHURCH", "JURISDICTION": "COUNTY OF FAIRFAX", "WEB_ADDRESS": null, "STREET_NUMBER": "4712", "STREET_NAME": "RIPPLING POND DR", "PREC_IDENT": 843, "PREC_IDENT2": null, "PRECINCT": "FAIR LAKES", "DISTRICT": "SPRINGFIELD", "ID": "843", "CITY": "FAIRFAX", "CREATED_USER": "FairfaxCounty", "CREATED_DATE": "2025-03-09T06:07:40.358Z", "LAST_EDITED_USER": "FairfaxCounty", "LAST_EDITED_DATE": "2025-03-09T06:07:40.358Z" }, "geometry": { "type": "Point", "coordinates": [ -77.404124222711104, 38.861603748604601 ] } },
{ "type": "Feature", "properties": { "OBJECTID": 5526, "TYPE": "POLL", "DESCRIPTION": "MCNAIR ELEMENTARY SCHOOL", "JURISDICTION": "COUNTY OF FAIRFAX", "WEB_ADDRESS": null, "STREET_NUMBER": "2499", "STREET_NAME": "THOMAS JEFFERSON DR", "PREC_IDENT": 237, "PREC_IDENT2": null, "PRECINCT": "MCNAIR", "DISTRICT": "HUNTER MILL", "ID": "237", "CITY": "HERNDON", "CREATED_USER": "FairfaxCounty", "CREATED_DATE": "2025-03-09T06:07:40.358Z", "LAST_EDITED_USER": "FairfaxCounty", "LAST_EDITED_DATE": "2025-03-09T06:07:40.358Z" }, "geometry": { "type": "Point", "coordinates": [ -77.405088492951194, 38.946352824922002 ] } },
{ "type": "Feature", "properties": { "OBJECTID": 5527, "TYPE": "POLL", "DESCRIPTION": "RESTON COMMUNITY CENTER-LAKE ANNE", "JURISDICTION": "COUNTY OF FAIRFAX", "WEB_ADDRESS": null, "STREET_NUMBER": "1609-A", "STREET_NAME": "WASHINGTON PLAZA", "PREC_IDENT": 222, "PREC_IDENT2": null, "PRECINCT": "RESTON #3", "DISTRICT": "HUNTER MILL", "ID": "222", "CITY": "RESTON", "CREATED_USER": "FairfaxCounty", "CREATED_DATE": "2025-03-09T06:07:40.358Z", "LAST_EDITED_USER": "FairfaxCounty", "LAST_EDITED_DATE": "2025-03-09T06:07:40.358Z" }, "geometry": { "type": "Point", "coordinates": [ -77.340733080185103, 38.969129867910603 ] } },
{ "type": "Feature", "properties": { "OBJECTID": 5528, "TYPE": "POLL", "DESCRIPTION": "PINE SPRING ELEMENTARY SCHOOL", "JURISDICTION": "COUNTY OF FAIRFAX", "WEB_ADDRESS": null, "STREET_NUMBER": "7607", "STREET_NAME": "WILLOW LN", "PREC_IDENT": 710, "PREC_IDENT2": null, "PRECINCT": "PINE SPRING", "DISTRICT": "PROVIDENCE", "ID": "710", "CITY": "FALLS CHURCH", "CREATED_USER": "FairfaxCounty", "CREATED_DATE": "2025-03-09T06:07:40.358Z", "LAST_EDITED_USER": "FairfaxCounty", "LAST_EDITED_DATE": "2025-03-09T06:07:40.358Z" }, "geometry": { "type": "Point", "coordinates": [ -77.209028505699294, 38.870446224633298 ] } },
{ "type": "Feature", "properties": { "OBJECTID": 5529, "TYPE": "POLL", "DESCRIPTION": "BETHLEHEM LUTHERAN CHURCH", "JURISDICTION": "COUNTY OF FAIRFAX", "WEB_ADDRESS": null, "STREET_NUMBER": "8922", "STREET_NAME": "LITTLE RIVER TPK", "PREC_IDENT": 528, "PREC_IDENT2": null, "PRECINCT": "RIDGELEA", "DISTRICT": "MASON", "ID": "528", "CITY": "FAIRFAX", "CREATED_USER": "FairfaxCounty", "CREATED_DATE": "2025-03-09T06:07:40.358Z", "LAST_EDITED_USER": "FairfaxCounty", "LAST_EDITED_DATE": "2025-03-09T06:07:40.358Z" }, "geometry": { "type": "Point", "coordinates": [ -77.252545039640495, 38.839390741882198 ] } },
{ "type": "Feature", "properties": { "OBJECTID": 5530, "TYPE": "POLL", "DESCRIPTION": "KILMER MIDDLE SCHOOL", "JURISDICTION": "COUNTY OF FAIRFAX", "WEB_ADDRESS": null, "STREET_NUMBER": "8100", "STREET_NAME": "WOLFTRAP RD", "PREC_IDENT": 733, "PREC_IDENT2": null, "PRECINCT": "KILMER", "DISTRICT": "PROVIDENCE", "ID": "733", "CITY": "VIENNA", "CREATED_USER": "FairfaxCounty", "CREATED_DATE": "2025-03-09T06:07:40.358Z", "LAST_EDITED_USER": "FairfaxCounty", "LAST_EDITED_DATE": "2025-03-09T06:07:40.358Z" }, "geometry": { "type": "Point", "coordinates": [ -77.225099693851107, 38.903632296023297 ] } },
{ "type": "Feature", "properties": { "OBJECTID": 5531, "TYPE": "POLL", "DESCRIPTION": "FAIRFAX COUNTY GOVERNMENT CENTER", "JURISDICTION": "COUNTY OF FAIRFAX", "WEB_ADDRESS": null, "STREET_NUMBER": "12000", "STREET_NAME": "GOVERNMENT CENTER PKWY", "PREC_IDENT": 132, "PREC_IDENT2": null, "PRECINCT": "MONUMENT", "DISTRICT": "BRADDOCK", "ID": "132", "CITY": "FAIRFAX", "CREATED_USER": "FairfaxCounty", "CREATED_DATE": "2025-03-09T06:07:40.358Z", "LAST_EDITED_USER": "FairfaxCounty", "LAST_EDITED_DATE": "2025-03-09T06:07:40.358Z" }, "geometry": { "type": "Point", "coordinates": [ -77.356555964745397, 38.8541441116299 ] } },
{ "type": "Feature", "properties": { "OBJECTID": 5532, "TYPE": "POLL", "DESCRIPTION": "POPLAR TREE ELEMENTARY SCHOOL", "JURISDICTION": "COUNTY OF FAIRFAX", "WEB_ADDRESS": null, "STREET_NUMBER": "13440", "STREET_NAME": "MELVILLE LN", "PREC_IDENT": 928, "PREC_IDENT2": null, "PRECINCT": "POPLAR TREE", "DISTRICT": "SULLY", "ID": "928", "CITY": "CHANTILLY", "CREATED_USER": "FairfaxCounty", "CREATED_DATE": "2025-03-09T06:07:40.358Z", "LAST_EDITED_USER": "FairfaxCounty", "LAST_EDITED_DATE": "2025-03-09T06:07:40.358Z" }, "geometry": { "type": "Point", "coordinates": [ -77.414757403339095, 38.862779910228497 ] } },
{ "type": "Feature", "properties": { "OBJECTID": 5533, "TYPE": "POLL", "DESCRIPTION": "BROOKFIELD ELEMENTARY SCHOOL", "JURISDICTION": "COUNTY OF FAIRFAX", "WEB_ADDRESS": null, "STREET_NUMBER": "4200", "STREET_NAME": "LEES CORNER RD", "PREC_IDENT": 902, "PREC_IDENT2": null, "PRECINCT": "BROOKFIELD", "DISTRICT": "SULLY", "ID": "902", "CITY": "CHANTILLY", "CREATED_USER": "FairfaxCounty", "CREATED_DATE": "2025-03-09T06:07:40.358Z", "LAST_EDITED_USER": "FairfaxCounty", "LAST_EDITED_DATE": "2025-03-09T06:07:40.358Z" }, "geometry": { "type": "Point", "coordinates": [ -77.419319305828694, 38.8821963661794 ] } },
{ "type": "Feature", "properties": { "OBJECTID": 5534, "TYPE": "POLL", "DESCRIPTION": "GREENSPRING CONFERENCE CENTER", "JURISDICTION": "COUNTY OF FAIRFAX", "WEB_ADDRESS": null, "STREET_NUMBER": "7430", "STREET_NAME": "SPRING VILLAGE DR", "PREC_IDENT": 426, "PREC_IDENT2": null, "PRECINCT": "GREENSPRING", "DISTRICT": "FRANCONIA", "ID": "426", "CITY": "SPRINGFIELD", "CREATED_USER": "FairfaxCounty", "CREATED_DATE": "2025-03-09T06:07:40.358Z", "LAST_EDITED_USER": "FairfaxCounty", "LAST_EDITED_DATE": "2025-03-09T06:07:40.358Z" }, "geometry": { "type": "Point", "coordinates": [ -77.204867124329297, 38.766305723680702 ] } },
{ "type": "Feature", "properties": { "OBJECTID": 5535, "TYPE": "POLL", "DESCRIPTION": "GREAT FALLS LIBRARY", "JURISDICTION": "COUNTY OF FAIRFAX", "WEB_ADDRESS": null, "STREET_NUMBER": "9830", "STREET_NAME": "GEORGETOWN PIKE", "PREC_IDENT": 328, "PREC_IDENT2": null, "PRECINCT": "HICKORY", "DISTRICT": "DRANESVILLE", "ID": "328", "CITY": "GREAT FALLS", "CREATED_USER": "FairfaxCounty", "CREATED_DATE": "2025-03-09T06:07:40.358Z", "LAST_EDITED_USER": "FairfaxCounty", "LAST_EDITED_DATE": "2025-03-09T06:07:40.358Z" }, "geometry": { "type": "Point", "coordinates": [ -77.286993765788793, 38.998332677172698 ] } },
{ "type": "Feature", "properties": { "OBJECTID": 5537, "TYPE": "POLL", "DESCRIPTION": "MOUNTAIN VIEW HIGH SCHOOL", "JURISDICTION": "COUNTY OF FAIRFAX", "WEB_ADDRESS": null, "STREET_NUMBER": "5775", "STREET_NAME": "SPINDLE CT", "PREC_IDENT": 918, "PREC_IDENT2": null, "PRECINCT": "CENTREVILLE", "DISTRICT": "SULLY", "ID": "918", "CITY": "CENTREVILLE", "CREATED_USER": "FairfaxCounty", "CREATED_DATE": "2025-03-09T06:07:40.358Z", "LAST_EDITED_USER": "FairfaxCounty", "LAST_EDITED_DATE": "2025-03-09T06:07:40.358Z" }, "geometry": { "type": "Point", "coordinates": [ -77.425103120363801, 38.837186066427698 ] } },
{ "type": "Feature", "properties": { "OBJECTID": 5538, "TYPE": "POLL", "DESCRIPTION": "LAUREL HILL ELEMENTARY SCHOOL", "JURISDICTION": "COUNTY OF FAIRFAX", "WEB_ADDRESS": null, "STREET_NUMBER": "8390", "STREET_NAME": "LAUREL CREST DR", "PREC_IDENT": 628, "PREC_IDENT2": 636, "PRECINCT": "LAUREL HILL #1, LAURNE HILL #2", "DISTRICT": "MOUNT VERNON", "ID": "628636", "CITY": "LORTON", "CREATED_USER": "FairfaxCounty", "CREATED_DATE": "2025-03-09T06:07:40.358Z", "LAST_EDITED_USER": "FairfaxCounty", "LAST_EDITED_DATE": "2025-03-09T06:07:40.358Z" }, "geometry": { "type": "Point", "coordinates": [ -77.232997055750502, 38.7175046340218 ] } },
{ "type": "Feature", "properties": { "OBJECTID": 5539, "TYPE": "POLL", "DESCRIPTION": "POWELL ELEMENTARY SCHOOL", "JURISDICTION": "COUNTY OF FAIRFAX", "WEB_ADDRESS": null, "STREET_NUMBER": "13340", "STREET_NAME": "LELAND RD", "PREC_IDENT": 926, "PREC_IDENT2": null, "PRECINCT": "POWELL", "DISTRICT": "SULLY", "ID": "926", "CITY": "CENTREVILLE", "CREATED_USER": "FairfaxCounty", "CREATED_DATE": "2025-03-09T06:07:40.358Z", "LAST_EDITED_USER": "FairfaxCounty", "LAST_EDITED_DATE": "2025-03-09T06:07:40.358Z" }, "geometry": { "type": "Point", "coordinates": [ -77.407412001955294, 38.846334860180399 ] } },
{ "type": "Feature", "properties": { "OBJECTID": 5540, "TYPE": "POLL", "DESCRIPTION": "COLVIN RUN ELEMENTARY SCHOOL", "JURISDICTION": "COUNTY OF FAIRFAX", "WEB_ADDRESS": null, "STREET_NUMBER": "1400", "STREET_NAME": "TRAP RD", "PREC_IDENT": 323, "PREC_IDENT2": null, "PRECINCT": "SHOUSE", "DISTRICT": "DRANESVILLE", "ID": "323", "CITY": "VIENNA", "CREATED_USER": "FairfaxCounty", "CREATED_DATE": "2025-03-09T06:07:40.358Z", "LAST_EDITED_USER": "FairfaxCounty", "LAST_EDITED_DATE": "2025-03-09T06:07:40.358Z" }, "geometry": { "type": "Point", "coordinates": [ -77.264501533376901, 38.946727252829099 ] } },
{ "type": "Feature", "properties": { "OBJECTID": 5541, "TYPE": "POLL", "DESCRIPTION": "ISLAND CREEK ELEMENTARY SCHOOL", "JURISDICTION": "COUNTY OF FAIRFAX", "WEB_ADDRESS": null, "STREET_NUMBER": "7855", "STREET_NAME": "MORNING VIEW LN", "PREC_IDENT": 427, "PREC_IDENT2": null, "PRECINCT": "ISLAND CREEK", "DISTRICT": "FRANCONIA", "ID": "427", "CITY": "ALEXANDRIA", "CREATED_USER": "FairfaxCounty", "CREATED_DATE": "2025-03-09T06:07:40.358Z", "LAST_EDITED_USER": "FairfaxCounty", "LAST_EDITED_DATE": "2025-03-09T06:07:40.358Z" }, "geometry": { "type": "Point", "coordinates": [ -77.168473916411401, 38.745177542679897 ] } },
{ "type": "Feature", "properties": { "OBJECTID": 5542, "TYPE": "POLL", "DESCRIPTION": "LORTON STATION ELEMENTARY SCHOOL", "JURISDICTION": "COUNTY OF FAIRFAX", "WEB_ADDRESS": null, "STREET_NUMBER": "9298", "STREET_NAME": "LEWIS CHAPEL RD", "PREC_IDENT": 622, "PREC_IDENT2": 631, "PRECINCT": "LORTON STATION, POHICK CREEK", "DISTRICT": "MOUNT VERNON", "ID": "622631", "CITY": "LORTON", "CREATED_USER": "FairfaxCounty", "CREATED_DATE": "2025-03-09T06:07:40.358Z", "LAST_EDITED_USER": "FairfaxCounty", "LAST_EDITED_DATE": "2025-03-09T06:07:40.358Z" }, "geometry": { "type": "Point", "coordinates": [ -77.218479671555897, 38.706214350334299 ] } },
{ "type": "Feature", "properties": { "OBJECTID": 5543, "TYPE": "POLL", "DESCRIPTION": "THE CAPITAL CHURCH", "JURISDICTION": "COUNTY OF FAIRFAX", "WEB_ADDRESS": null, "STREET_NUMBER": "10233", "STREET_NAME": "LEESBURG PIKE", "PREC_IDENT": 240, "PREC_IDENT2": null, "PRECINCT": "COLVIN", "DISTRICT": "HUNTER MILL", "ID": "240", "CITY": "VIENNA", "CREATED_USER": "FairfaxCounty", "CREATED_DATE": "2025-03-09T06:07:40.358Z", "LAST_EDITED_USER": "FairfaxCounty", "LAST_EDITED_DATE": "2025-03-09T06:07:40.358Z" }, "geometry": { "type": "Point", "coordinates": [ -77.303065048793798, 38.970762832716602 ] } },
{ "type": "Feature", "properties": { "OBJECTID": 5544, "TYPE": "POLL", "DESCRIPTION": "CEDAR LANE SCHOOL", "JURISDICTION": "COUNTY OF FAIRFAX", "WEB_ADDRESS": null, "STREET_NUMBER": "101", "STREET_NAME": "CEDAR LANE, SW", "PREC_IDENT": 216, "PREC_IDENT2": null, "PRECINCT": "VIENNA #4", "DISTRICT": "HUNTER MILL", "ID": "216", "CITY": "VIENNA", "CREATED_USER": "FairfaxCounty", "CREATED_DATE": "2025-03-09T06:07:40.358Z", "LAST_EDITED_USER": "FairfaxCounty", "LAST_EDITED_DATE": "2025-03-09T06:07:40.358Z" }, "geometry": { "type": "Point", "coordinates": [ -77.246086401962103, 38.883979490833703 ] } },
{ "type": "Feature", "properties": { "OBJECTID": 5545, "TYPE": "POLL", "DESCRIPTION": "VISITOR CENTER AT FRYING PAN FARM PARK", "JURISDICTION": "COUNTY OF FAIRFAX", "WEB_ADDRESS": null, "STREET_NUMBER": "2739", "STREET_NAME": "WEST OX RD", "PREC_IDENT": 235, "PREC_IDENT2": null, "PRECINCT": "FRYING PAN", "DISTRICT": "HUNTER MILL", "ID": "235", "CITY": "HERNDON", "CREATED_USER": "FairfaxCounty", "CREATED_DATE": "2025-03-09T06:07:40.358Z", "LAST_EDITED_USER": "FairfaxCounty", "LAST_EDITED_DATE": "2025-03-09T06:07:40.358Z" }, "geometry": { "type": "Point", "coordinates": [ -77.4052925400552, 38.934583718400198 ] } },
{ "type": "Feature", "properties": { "OBJECTID": 5546, "TYPE": "POLL", "DESCRIPTION": "CLERMONT ELEMENTARY SCHOOL", "JURISDICTION": "COUNTY OF FAIRFAX", "WEB_ADDRESS": null, "STREET_NUMBER": "5720", "STREET_NAME": "CLERMONT DR", "PREC_IDENT": 423, "PREC_IDENT2": null, "PRECINCT": "CLERMONT", "DISTRICT": "FRANCONIA", "ID": "423", "CITY": "ALEXANDRIA", "CREATED_USER": "FairfaxCounty", "CREATED_DATE": "2025-03-09T06:07:40.358Z", "LAST_EDITED_USER": "FairfaxCounty", "LAST_EDITED_DATE": "2025-03-09T06:07:40.358Z" }, "geometry": { "type": "Point", "coordinates": [ -77.110751160084305, 38.794881206850903 ] } },
{ "type": "Feature", "properties": { "OBJECTID": 5547, "TYPE": "POLL", "DESCRIPTION": "WESTBRIAR ELEMENTARY SCHOOL", "JURISDICTION": "COUNTY OF FAIRFAX", "WEB_ADDRESS": null, "STREET_NUMBER": "1741", "STREET_NAME": "PINE VALLEY DR", "PREC_IDENT": 219, "PREC_IDENT2": 242, "PRECINCT": "WESTBRIAR #1, WESTBRIAR #2", "DISTRICT": "HUNTER MILL", "ID": "219242", "CITY": "VIENNA", "CREATED_USER": "FairfaxCounty", "CREATED_DATE": "2025-03-09T06:07:40.358Z", "LAST_EDITED_USER": "FairfaxCounty", "LAST_EDITED_DATE": "2025-03-09T06:07:40.358Z" }, "geometry": { "type": "Point", "coordinates": [ -77.245486421993903, 38.9211054174976 ] } },
{ "type": "Feature", "properties": { "OBJECTID": 5548, "TYPE": "POLL", "DESCRIPTION": "HAYFIELD SECONDARY SCHOOL", "JURISDICTION": "COUNTY OF FAIRFAX", "WEB_ADDRESS": null, "STREET_NUMBER": "7630", "STREET_NAME": "TELEGRAPH RD", "PREC_IDENT": 420, "PREC_IDENT2": 421, "PRECINCT": "VILLAGES, KINGSTOWNE", "DISTRICT": "FRANCONIA", "ID": "420421", "CITY": "ALEXANDRIA", "CREATED_USER": "FairfaxCounty", "CREATED_DATE": "2025-03-09T06:07:40.358Z", "LAST_EDITED_USER": "FairfaxCounty", "LAST_EDITED_DATE": "2025-03-09T06:07:40.358Z" }, "geometry": { "type": "Point", "coordinates": [ -77.144266565055602, 38.749048457461797 ] } },
{ "type": "Feature", "properties": { "OBJECTID": 5549, "TYPE": "POLL", "DESCRIPTION": "WAYNEWOOD ELEMENTARY SCHOOL", "JURISDICTION": "COUNTY OF FAIRFAX", "WEB_ADDRESS": null, "STREET_NUMBER": "1205", "STREET_NAME": "WAYNEWOOD BLVD", "PREC_IDENT": 612, "PREC_IDENT2": null, "PRECINCT": "WAYNEWOOD", "DISTRICT": "MOUNT VERNON", "ID": "612", "CITY": "ALEXANDRIA", "CREATED_USER": "FairfaxCounty", "CREATED_DATE": "2025-03-09T06:07:40.358Z", "LAST_EDITED_USER": "FairfaxCounty", "LAST_EDITED_DATE": "2025-03-09T06:07:40.358Z" }, "geometry": { "type": "Point", "coordinates": [ -77.056350985907201, 38.725188393209997 ] } },
{ "type": "Feature", "properties": { "OBJECTID": 5550, "TYPE": "POLL", "DESCRIPTION": "GREAT FALLS ELEMENTARY SCHOOL", "JURISDICTION": "COUNTY OF FAIRFAX", "WEB_ADDRESS": null, "STREET_NUMBER": "701", "STREET_NAME": "WALKER RD", "PREC_IDENT": 306, "PREC_IDENT2": null, "PRECINCT": "GREAT FALLS", "DISTRICT": "DRANESVILLE", "ID": "306", "CITY": "GREAT FALLS", "CREATED_USER": "FairfaxCounty", "CREATED_DATE": "2025-03-09T06:07:40.358Z", "LAST_EDITED_USER": "FairfaxCounty", "LAST_EDITED_DATE": "2025-03-09T06:07:40.358Z" }, "geometry": { "type": "Point", "coordinates": [ -77.291852528190404, 39.001468563214203 ] } },
{ "type": "Feature", "properties": { "OBJECTID": 5551, "TYPE": "POLL", "DESCRIPTION": "HERNDON MIDDLE SCHOOL", "JURISDICTION": "COUNTY OF FAIRFAX", "WEB_ADDRESS": null, "STREET_NUMBER": "901", "STREET_NAME": "LOCUST ST", "PREC_IDENT": 324, "PREC_IDENT2": null, "PRECINCT": "HERNDON #3", "DISTRICT": "DRANESVILLE", "ID": "324", "CITY": "HERNDON", "CREATED_USER": "FairfaxCounty", "CREATED_DATE": "2025-03-09T06:07:40.358Z", "LAST_EDITED_USER": "FairfaxCounty", "LAST_EDITED_DATE": "2025-03-09T06:07:40.358Z" }, "geometry": { "type": "Point", "coordinates": [ -77.391816739886593, 38.9681865978826 ] } },
{ "type": "Feature", "properties": { "OBJECTID": 5552, "TYPE": "POLL", "DESCRIPTION": "WESTLAWN ELEMENTARY SCHOOL", "JURISDICTION": "COUNTY OF FAIRFAX", "WEB_ADDRESS": null, "STREET_NUMBER": "3200", "STREET_NAME": "WESTLEY RD", "PREC_IDENT": 515, "PREC_IDENT2": null, "PRECINCT": "WESTLAWN", "DISTRICT": "MASON", "ID": "515", "CITY": "HERNDON", "CREATED_USER": "FairfaxCounty", "CREATED_DATE": "2025-03-09T06:07:40.358Z", "LAST_EDITED_USER": "FairfaxCounty", "LAST_EDITED_DATE": "2025-03-09T06:07:40.358Z" }, "geometry": { "type": "Point", "coordinates": [ -77.183639813037502, 38.862894570752502 ] } },
{ "type": "Feature", "properties": { "OBJECTID": 5553, "TYPE": "POLL", "DESCRIPTION": "PARKLAWN ELEMENTARY SCHOOL", "JURISDICTION": "COUNTY OF FAIRFAX", "WEB_ADDRESS": null, "STREET_NUMBER": "4116", "STREET_NAME": "BRADDOCK RD", "PREC_IDENT": 510, "PREC_IDENT2": null, "PRECINCT": "PARKLAWN", "DISTRICT": "MASON", "ID": "510", "CITY": "ALEXANDRIA", "CREATED_USER": "FairfaxCounty", "CREATED_DATE": "2025-03-09T06:07:40.358Z", "LAST_EDITED_USER": "FairfaxCounty", "LAST_EDITED_DATE": "2025-03-09T06:07:40.358Z" }, "geometry": { "type": "Point", "coordinates": [ -77.152788780897197, 38.834188393607903 ] } },
{ "type": "Feature", "properties": { "OBJECTID": 5554, "TYPE": "POLL", "DESCRIPTION": "SLEEPY HOLLOW ELEMENTARY SCHOOL", "JURISDICTION": "COUNTY OF FAIRFAX", "WEB_ADDRESS": null, "STREET_NUMBER": "3333", "STREET_NAME": "SLEEPY HOLLOW RD", "PREC_IDENT": 502, "PREC_IDENT2": null, "PRECINCT": "BARCROFT", "DISTRICT": "MASON", "ID": "502", "CITY": "FALLS CHURCH", "CREATED_USER": "FairfaxCounty", "CREATED_DATE": "2025-03-09T06:07:40.358Z", "LAST_EDITED_USER": "FairfaxCounty", "LAST_EDITED_DATE": "2025-03-09T06:07:40.358Z" }, "geometry": { "type": "Point", "coordinates": [ -77.168719287753305, 38.855694042605798 ] } },
{ "type": "Feature", "properties": { "OBJECTID": 5555, "TYPE": "POLL", "DESCRIPTION": "PENDERBROOK COMMUNITY CENTER", "JURISDICTION": "COUNTY OF FAIRFAX", "WEB_ADDRESS": null, "STREET_NUMBER": "3704", "STREET_NAME": "GOLF TRAIL LN", "PREC_IDENT": 856, "PREC_IDENT2": null, "PRECINCT": "PENDERBROOK", "DISTRICT": "SPRINGFIELD", "ID": "856", "CITY": "FAIRFAX", "CREATED_USER": "FairfaxCounty", "CREATED_DATE": "2025-03-09T06:07:40.358Z", "LAST_EDITED_USER": "FairfaxCounty", "LAST_EDITED_DATE": "2025-03-09T06:07:40.358Z" }, "geometry": { "type": "Point", "coordinates": [ -77.359642091232899, 38.873258191772202 ] } },
{ "type": "Feature", "properties": { "OBJECTID": 5556, "TYPE": "POLL", "DESCRIPTION": "OAKTON HIGH SCHOOL", "JURISDICTION": "COUNTY OF FAIRFAX", "WEB_ADDRESS": null, "STREET_NUMBER": "2900", "STREET_NAME": "SUTTON RD", "PREC_IDENT": 701, "PREC_IDENT2": null, "PRECINCT": "BLAKE", "DISTRICT": "PROVIDENCE", "ID": "701", "CITY": "VIENNA", "CREATED_USER": "FairfaxCounty", "CREATED_DATE": "2025-03-09T06:07:40.358Z", "LAST_EDITED_USER": "FairfaxCounty", "LAST_EDITED_DATE": "2025-03-09T06:07:40.358Z" }, "geometry": { "type": "Point", "coordinates": [ -77.282246527679305, 38.877829827202 ] } },
{ "type": "Feature", "properties": { "OBJECTID": 5557, "TYPE": "POLL", "DESCRIPTION": "CUB RUN RECREATION CENTER", "JURISDICTION": "COUNTY OF FAIRFAX", "WEB_ADDRESS": null, "STREET_NUMBER": "4630", "STREET_NAME": "STONECROFT BLVD", "PREC_IDENT": 904, "PREC_IDENT2": null, "PRECINCT": "STONECROFT", "DISTRICT": "SULLY", "ID": "904", "CITY": "CHANTILLY", "CREATED_USER": "FairfaxCounty", "CREATED_DATE": "2025-03-09T06:07:40.358Z", "LAST_EDITED_USER": "FairfaxCounty", "LAST_EDITED_DATE": "2025-03-09T06:07:40.358Z" }, "geometry": { "type": "Point", "coordinates": [ -77.468408489753799, 38.890130925955802 ] } },
{ "type": "Feature", "properties": { "OBJECTID": 5558, "TYPE": "POLL", "DESCRIPTION": "VIENNA COMMUNITY CENTER", "JURISDICTION": "COUNTY OF FAIRFAX", "WEB_ADDRESS": null, "STREET_NUMBER": "120", "STREET_NAME": "CHERRY ST., SE", "PREC_IDENT": 214, "PREC_IDENT2": null, "PRECINCT": "VIENNA #2", "DISTRICT": "HUNTER MILL", "ID": "214", "CITY": "VIENNA", "CREATED_USER": "FairfaxCounty", "CREATED_DATE": "2025-03-09T06:07:40.358Z", "LAST_EDITED_USER": "FairfaxCounty", "LAST_EDITED_DATE": "2025-03-09T06:07:40.358Z" }, "geometry": { "type": "Point", "coordinates": [ -77.260320750466605, 38.900823845866 ] } },
{ "type": "Feature", "properties": { "OBJECTID": 5559, "TYPE": "POLL", "DESCRIPTION": "PIMMIT HILLS CENTER", "JURISDICTION": "COUNTY OF FAIRFAX", "WEB_ADDRESS": null, "STREET_NUMBER": "7510", "STREET_NAME": "LISLE AVE", "PREC_IDENT": 315, "PREC_IDENT2": null, "PRECINCT": "PIMMIT", "DISTRICT": "DRANESVILLE", "ID": "315", "CITY": "FALLS CHURCH", "CREATED_USER": "FairfaxCounty", "CREATED_DATE": "2025-03-09T06:07:40.358Z", "LAST_EDITED_USER": "FairfaxCounty", "LAST_EDITED_DATE": "2025-03-09T06:07:40.358Z" }, "geometry": { "type": "Point", "coordinates": [ -77.204960900057003, 38.916587833521803 ] } },
{ "type": "Feature", "properties": { "OBJECTID": 5560, "TYPE": "POLL", "DESCRIPTION": "MCLEAN HIGH SCHOOL", "JURISDICTION": "COUNTY OF FAIRFAX", "WEB_ADDRESS": null, "STREET_NUMBER": "1633", "STREET_NAME": "DAVIDSON RD", "PREC_IDENT": 310, "PREC_IDENT2": null, "PRECINCT": "KIRBY", "DISTRICT": "DRANESVILLE", "ID": "310", "CITY": "MCLEAN", "CREATED_USER": "FairfaxCounty", "CREATED_DATE": "2025-03-09T06:07:40.358Z", "LAST_EDITED_USER": "FairfaxCounty", "LAST_EDITED_DATE": "2025-03-09T06:07:40.358Z" }, "geometry": { "type": "Point", "coordinates": [ -77.186276952187399, 38.923566317410497 ] } },
{ "type": "Feature", "properties": { "OBJECTID": 5561, "TYPE": "POLL", "DESCRIPTION": "SOUTH LAKES HIGH SCHOOL", "JURISDICTION": "COUNTY OF FAIRFAX", "WEB_ADDRESS": null, "STREET_NUMBER": "11400", "STREET_NAME": "SOUTH LAKES DR", "PREC_IDENT": 224, "PREC_IDENT2": null, "PRECINCT": "SOUTH LAKES", "DISTRICT": "HUNTER MILL", "ID": "224", "CITY": "RESTON", "CREATED_USER": "FairfaxCounty", "CREATED_DATE": "2025-03-09T06:07:40.358Z", "LAST_EDITED_USER": "FairfaxCounty", "LAST_EDITED_DATE": "2025-03-09T06:07:40.358Z" }, "geometry": { "type": "Point", "coordinates": [ -77.339225242044293, 38.932155524050003 ] } },
{ "type": "Feature", "properties": { "OBJECTID": 5562, "TYPE": "POLL", "DESCRIPTION": "DOGWOOD ELEMENTARY SCHOOL", "JURISDICTION": "COUNTY OF FAIRFAX", "WEB_ADDRESS": null, "STREET_NUMBER": "12300", "STREET_NAME": "GLADE DR", "PREC_IDENT": 220, "PREC_IDENT2": null, "PRECINCT": "DOGWOOD", "DISTRICT": "HUNTER MILL", "ID": "220", "CITY": "RESTON", "CREATED_USER": "FairfaxCounty", "CREATED_DATE": "2025-03-09T06:07:40.358Z", "LAST_EDITED_USER": "FairfaxCounty", "LAST_EDITED_DATE": "2025-03-09T06:07:40.358Z" }, "geometry": { "type": "Point", "coordinates": [ -77.370927944116801, 38.942649690877403 ] } },
{ "type": "Feature", "properties": { "OBJECTID": 5563, "TYPE": "POLL", "DESCRIPTION": "MASON CREST ELEMENTARY SCHOOL", "JURISDICTION": "COUNTY OF FAIRFAX", "WEB_ADDRESS": null, "STREET_NUMBER": "3705", "STREET_NAME": "CREST DR", "PREC_IDENT": 508, "PREC_IDENT2": null, "PRECINCT": "MASONVILLE", "DISTRICT": "MASON", "ID": "508", "CITY": "ANNANDALE", "CREATED_USER": "FairfaxCounty", "CREATED_DATE": "2025-03-09T06:07:40.358Z", "LAST_EDITED_USER": "FairfaxCounty", "LAST_EDITED_DATE": "2025-03-09T06:07:40.358Z" }, "geometry": { "type": "Point", "coordinates": [ -77.196618774378607, 38.842914723083901 ] } },
{ "type": "Feature", "properties": { "OBJECTID": 5564, "TYPE": "POLL", "DESCRIPTION": "FAIRVIEW ELEMENTARY SCHOOL", "JURISDICTION": "COUNTY OF FAIRFAX", "WEB_ADDRESS": null, "STREET_NUMBER": "5815", "STREET_NAME": "OX RD", "PREC_IDENT": 105, "PREC_IDENT2": null, "PRECINCT": "FAIRVIEW", "DISTRICT": "BRADDOCK", "ID": "105", "CITY": "FAIRFAX STATION", "CREATED_USER": "FairfaxCounty", "CREATED_DATE": "2025-03-09T06:07:40.358Z", "LAST_EDITED_USER": "FairfaxCounty", "LAST_EDITED_DATE": "2025-03-09T06:07:40.358Z" }, "geometry": { "type": "Point", "coordinates": [ -77.323806045394704, 38.7976203098358 ] } },
{ "type": "Feature", "properties": { "OBJECTID": 5565, "TYPE": "POLL", "DESCRIPTION": "RAVENSWORTH ELEMENTARY SCHOOL", "JURISDICTION": "COUNTY OF FAIRFAX", "WEB_ADDRESS": null, "STREET_NUMBER": "5411", "STREET_NAME": "NUTTING DR", "PREC_IDENT": 115, "PREC_IDENT2": null, "PRECINCT": "RAVENSWORTH", "DISTRICT": "BRADDOCK", "ID": "115", "CITY": "SPRINGFIELD", "CREATED_USER": "FairfaxCounty", "CREATED_DATE": "2025-03-09T06:07:40.358Z", "LAST_EDITED_USER": "FairfaxCounty", "LAST_EDITED_DATE": "2025-03-09T06:07:40.358Z" }, "geometry": { "type": "Point", "coordinates": [ -77.2234999326772, 38.802837596694303 ] } },
{ "type": "Feature", "properties": { "OBJECTID": 5566, "TYPE": "POLL", "DESCRIPTION": "ROSE HILL ELEMENTARY SCHOOL", "JURISDICTION": "COUNTY OF FAIRFAX", "WEB_ADDRESS": null, "STREET_NUMBER": "6301", "STREET_NAME": "ROSE HILL DR", "PREC_IDENT": 410, "PREC_IDENT2": null, "PRECINCT": "ROSE HILL", "DISTRICT": "FRANCONIA", "ID": "410", "CITY": "ALEXANDRIA", "CREATED_USER": "FairfaxCounty", "CREATED_DATE": "2025-03-09T06:07:40.358Z", "LAST_EDITED_USER": "FairfaxCounty", "LAST_EDITED_DATE": "2025-03-09T06:07:40.358Z" }, "geometry": { "type": "Point", "coordinates": [ -77.117706650632599, 38.781829455547097 ] } },
{ "type": "Feature", "properties": { "OBJECTID": 5567, "TYPE": "POLL", "DESCRIPTION": "BRYANT CENTER", "JURISDICTION": "COUNTY OF FAIRFAX", "WEB_ADDRESS": null, "STREET_NUMBER": "2709", "STREET_NAME": "POPKINS LN", "PREC_IDENT": 604, "PREC_IDENT2": null, "PRECINCT": "BUCKNELL", "DISTRICT": "MOUNT VERNON", "ID": "604", "CITY": "ALEXANDRIA", "CREATED_USER": "FairfaxCounty", "CREATED_DATE": "2025-03-09T06:07:40.358Z", "LAST_EDITED_USER": "FairfaxCounty", "LAST_EDITED_DATE": "2025-03-09T06:07:40.358Z" }, "geometry": { "type": "Point", "coordinates": [ -77.079519349713394, 38.763781457635197 ] } },
{ "type": "Feature", "properties": { "OBJECTID": 5568, "TYPE": "POLL", "DESCRIPTION": "SANGSTER ELEMENTARY SCHOOL", "JURISDICTION": "COUNTY OF FAIRFAX", "WEB_ADDRESS": null, "STREET_NUMBER": "7420", "STREET_NAME": "RESERVATION DR", "PREC_IDENT": 838, "PREC_IDENT2": null, "PRECINCT": "SANGSTER", "DISTRICT": "SPRINGFIELD", "ID": "838", "CITY": "SPRINGFIELD", "CREATED_USER": "FairfaxCounty", "CREATED_DATE": "2025-03-09T06:07:40.358Z", "LAST_EDITED_USER": "FairfaxCounty", "LAST_EDITED_DATE": "2025-03-09T06:07:40.358Z" }, "geometry": { "type": "Point", "coordinates": [ -77.272128490018602, 38.755195367499802 ] } },
{ "type": "Feature", "properties": { "OBJECTID": 5569, "TYPE": "POLL", "DESCRIPTION": "SARATOGA ELEMENTARY SCHOOL", "JURISDICTION": "COUNTY OF FAIRFAX", "WEB_ADDRESS": null, "STREET_NUMBER": "8111", "STREET_NAME": "NORTHUMBERLAND RD", "PREC_IDENT": 855, "PREC_IDENT2": 623, "PRECINCT": "SARATOGA, ALBAN", "DISTRICT": "SPRINGFIELD", "ID": "855623", "CITY": "SPRINGFIELD", "CREATED_USER": "FairfaxCounty", "CREATED_DATE": "2025-03-09T06:07:40.358Z", "LAST_EDITED_USER": "FairfaxCounty", "LAST_EDITED_DATE": "2025-03-09T06:07:40.358Z" }, "geometry": { "type": "Point", "coordinates": [ -77.213940128265193, 38.735614530198802 ] } },
{ "type": "Feature", "properties": { "OBJECTID": 5570, "TYPE": "POLL", "DESCRIPTION": "NORTH COUNTY HUMAN SERVICES BUILDING", "JURISDICTION": "COUNTY OF FAIRFAX", "WEB_ADDRESS": null, "STREET_NUMBER": "1850", "STREET_NAME": "CAMERON GLEN DR", "PREC_IDENT": 238, "PREC_IDENT2": null, "PRECINCT": "CAMERON GLEN", "DISTRICT": "HUNTER MILL", "ID": "238", "CITY": "RESTON", "CREATED_USER": "FairfaxCounty", "CREATED_DATE": "2025-03-09T06:07:40.358Z", "LAST_EDITED_USER": "FairfaxCounty", "LAST_EDITED_DATE": "2025-03-09T06:07:40.358Z" }, "geometry": { "type": "Point", "coordinates": [ -77.358757545944002, 38.965526509063302 ] } },
{ "type": "Feature", "properties": { "OBJECTID": 5571, "TYPE": "POLL", "DESCRIPTION": "EAGLE VIEW ELEMENTARY SCHOOL", "JURISDICTION": "COUNTY OF FAIRFAX", "WEB_ADDRESS": null, "STREET_NUMBER": "4500", "STREET_NAME": "DIXIE HILL RD", "PREC_IDENT": 131, "PREC_IDENT2": 138, "PRECINCT": "EAGLE VIEW #1, EAGLE VIEW #2", "DISTRICT": "BRADDOCK", "ID": "131138", "CITY": "FAIRFAX", "CREATED_USER": "FairfaxCounty", "CREATED_DATE": "2025-03-09T06:07:40.358Z", "LAST_EDITED_USER": "FairfaxCounty", "LAST_EDITED_DATE": "2025-03-09T06:07:40.358Z" }, "geometry": { "type": "Point", "coordinates": [ -77.362619614930296, 38.851398125282799 ] } },
{ "type": "Feature", "properties": { "OBJECTID": 5572, "TYPE": "POLL", "DESCRIPTION": "SPRING HILL RECREATION CENTER", "JURISDICTION": "COUNTY OF FAIRFAX", "WEB_ADDRESS": null, "STREET_NUMBER": "1239", "STREET_NAME": "SPRING HILL RD", "PREC_IDENT": 309, "PREC_IDENT2": null, "PRECINCT": "KENMORE", "DISTRICT": "DRANESVILLE", "ID": "309", "CITY": "MCLEAN", "CREATED_USER": "FairfaxCounty", "CREATED_DATE": "2025-03-09T06:07:40.358Z", "LAST_EDITED_USER": "FairfaxCounty", "LAST_EDITED_DATE": "2025-03-09T06:07:40.358Z" }, "geometry": { "type": "Point", "coordinates": [ -77.228685747549207, 38.941984040425801 ] } },
{ "type": "Feature", "properties": { "OBJECTID": 5573, "TYPE": "POLL", "DESCRIPTION": "HUNTINGTON COMMUNITY CENTER", "JURISDICTION": "COUNTY OF FAIRFAX", "WEB_ADDRESS": null, "STREET_NUMBER": "5751", "STREET_NAME": "LIBERTY DR", "PREC_IDENT": 621, "PREC_IDENT2": null, "PRECINCT": "GROSVENOR", "DISTRICT": "MOUNT VERNON", "ID": "621", "CITY": "ALEXANDRIA", "CREATED_USER": "FairfaxCounty", "CREATED_DATE": "2025-03-09T06:07:40.358Z", "LAST_EDITED_USER": "FairfaxCounty", "LAST_EDITED_DATE": "2025-03-09T06:07:40.358Z" }, "geometry": { "type": "Point", "coordinates": [ -77.068376112194599, 38.794552734239801 ] } },
{ "type": "Feature", "properties": { "OBJECTID": 5574, "TYPE": "POLL", "DESCRIPTION": "UNITARIAN UNIVERSALIST CONGREGATION OF FAIRFAX", "JURISDICTION": "COUNTY OF FAIRFAX", "WEB_ADDRESS": null, "STREET_NUMBER": "2709", "STREET_NAME": "HUNTER MILL RD", "PREC_IDENT": 727, "PREC_IDENT2": 929, "PRECINCT": "OAKTON, DIFFICULT RUN", "DISTRICT": "PROVIDENCE", "ID": "727929", "CITY": "OAKTON", "CREATED_USER": "FairfaxCounty", "CREATED_DATE": "2025-03-09T06:07:40.358Z", "LAST_EDITED_USER": "FairfaxCounty", "LAST_EDITED_DATE": "2025-03-09T06:07:40.358Z" }, "geometry": { "type": "Point", "coordinates": [ -77.302442916546099, 38.892510462003003 ] } },
{ "type": "Feature", "properties": { "OBJECTID": 5575, "TYPE": "POLL", "DESCRIPTION": "COATES ELEMENTARY SCHOOL", "JURISDICTION": "COUNTY OF FAIRFAX", "WEB_ADDRESS": null, "STREET_NUMBER": "2480", "STREET_NAME": "RIVER BIRCH RD", "PREC_IDENT": 332, "PREC_IDENT2": null, "PRECINCT": "COATES", "DISTRICT": "DRANESVILLE", "ID": "332", "CITY": "HERNDON", "CREATED_USER": "FairfaxCounty", "CREATED_DATE": "2025-03-09T06:07:40.358Z", "LAST_EDITED_USER": "FairfaxCounty", "LAST_EDITED_DATE": "2025-03-09T06:07:40.358Z" }, "geometry": { "type": "Point", "coordinates": [ -77.418791611613301, 38.952002000485102 ] } },
{ "type": "Feature", "properties": { "OBJECTID": 5576, "TYPE": "POLL", "DESCRIPTION": "RESTON COMMUNITY CENTER", "JURISDICTION": "COUNTY OF FAIRFAX", "WEB_ADDRESS": null, "STREET_NUMBER": "2310", "STREET_NAME": "COLTS NECK RD", "PREC_IDENT": 223, "PREC_IDENT2": null, "PRECINCT": "GLADE", "DISTRICT": "HUNTER MILL", "ID": "223", "CITY": "RESTON", "CREATED_USER": "FairfaxCounty", "CREATED_DATE": "2025-03-09T06:07:40.358Z", "LAST_EDITED_USER": "FairfaxCounty", "LAST_EDITED_DATE": "2025-03-09T06:07:40.358Z" }, "geometry": { "type": "Point", "coordinates": [ -77.3602449044444, 38.936579550878399 ] } },
{ "type": "Feature", "properties": { "OBJECTID": 5577, "TYPE": "POLL", "DESCRIPTION": "KEY MIDDLE SCHOOL", "JURISDICTION": "COUNTY OF FAIRFAX", "WEB_ADDRESS": null, "STREET_NUMBER": "6402", "STREET_NAME": "FRANCONIA RD", "PREC_IDENT": 422, "PREC_IDENT2": null, "PRECINCT": "VAN DORN", "DISTRICT": "FRANCONIA", "ID": "422", "CITY": "SPRINGFIELD", "CREATED_USER": "FairfaxCounty", "CREATED_DATE": "2025-03-09T06:07:40.358Z", "LAST_EDITED_USER": "FairfaxCounty", "LAST_EDITED_DATE": "2025-03-09T06:07:40.358Z" }, "geometry": { "type": "Point", "coordinates": [ -77.160873573262293, 38.779748944665499 ] } },
{ "type": "Feature", "properties": { "OBJECTID": 5578, "TYPE": "POLL", "DESCRIPTION": "EDISON HIGH SCHOOL", "JURISDICTION": "COUNTY OF FAIRFAX", "WEB_ADDRESS": null, "STREET_NUMBER": "5801", "STREET_NAME": "FRANCONIA RD", "PREC_IDENT": 404, "PREC_IDENT2": 432, "PRECINCT": "EDISON #1, EDISON #2", "DISTRICT": "FRANCONIA", "ID": "404432", "CITY": "ALEXANDRIA", "CREATED_USER": "FairfaxCounty", "CREATED_DATE": "2025-03-09T06:07:40.358Z", "LAST_EDITED_USER": "FairfaxCounty", "LAST_EDITED_DATE": "2025-03-09T06:07:40.358Z" }, "geometry": { "type": "Point", "coordinates": [ -77.132791377690793, 38.783143331848798 ] } },
{ "type": "Feature", "properties": { "OBJECTID": 5579, "TYPE": "POLL", "DESCRIPTION": "RACHEL CARSON MIDDLE SCHOOL", "JURISDICTION": "COUNTY OF FAIRFAX", "WEB_ADDRESS": null, "STREET_NUMBER": "13618", "STREET_NAME": "MCLEAREN RD", "PREC_IDENT": 931, "PREC_IDENT2": null, "PRECINCT": "CARSON", "DISTRICT": "SULLY", "ID": "931", "CITY": "HERNDON", "CREATED_USER": "FairfaxCounty", "CREATED_DATE": "2025-03-09T06:07:40.358Z", "LAST_EDITED_USER": "FairfaxCounty", "LAST_EDITED_DATE": "2025-03-09T06:07:40.358Z" }, "geometry": { "type": "Point", "coordinates": [ -77.419544239927305, 38.927455190200803 ] } },
{ "type": "Feature", "properties": { "OBJECTID": 5580, "TYPE": "POLL", "DESCRIPTION": "CHANTILLY HIGH SCHOOL", "JURISDICTION": "COUNTY OF FAIRFAX", "WEB_ADDRESS": null, "STREET_NUMBER": "4201", "STREET_NAME": "STRINGFELLOW RD", "PREC_IDENT": 920, "PREC_IDENT2": null, "PRECINCT": "CHANTILLY", "DISTRICT": "SULLY", "ID": "920", "CITY": "FAIRFAX", "CREATED_USER": "FairfaxCounty", "CREATED_DATE": "2025-03-09T06:07:40.358Z", "LAST_EDITED_USER": "FairfaxCounty", "LAST_EDITED_DATE": "2025-03-09T06:07:40.358Z" }, "geometry": { "type": "Point", "coordinates": [ -77.406934936711906, 38.880491018016301 ] } },
{ "type": "Feature", "properties": { "OBJECTID": 5581, "TYPE": "POLL", "DESCRIPTION": "CROSSFIELD ELEMENTARY SCHOOL", "JURISDICTION": "COUNTY OF FAIRFAX", "WEB_ADDRESS": null, "STREET_NUMBER": "2791", "STREET_NAME": "FOX MILL RD", "PREC_IDENT": 914, "PREC_IDENT2": null, "PRECINCT": "VALE", "DISTRICT": "SULLY", "ID": "914", "CITY": "HERNDON", "CREATED_USER": "FairfaxCounty", "CREATED_DATE": "2025-03-09T06:07:40.358Z", "LAST_EDITED_USER": "FairfaxCounty", "LAST_EDITED_DATE": "2025-03-09T06:07:40.358Z" }, "geometry": { "type": "Point", "coordinates": [ -77.362143786074, 38.9150136569952 ] } },
{ "type": "Feature", "properties": { "OBJECTID": 5582, "TYPE": "POLL", "DESCRIPTION": "MOTT COMMUNITY CENTER", "JURISDICTION": "COUNTY OF FAIRFAX", "WEB_ADDRESS": null, "STREET_NUMBER": "12111", "STREET_NAME": "BRADDOCK RD", "PREC_IDENT": 804, "PREC_IDENT2": null, "PRECINCT": "COLCHESTER", "DISTRICT": "SPRINGFIELD", "ID": "804", "CITY": "FAIRFAX", "CREATED_USER": "FairfaxCounty", "CREATED_DATE": "2025-03-09T06:07:40.358Z", "LAST_EDITED_USER": "FairfaxCounty", "LAST_EDITED_DATE": "2025-03-09T06:07:40.358Z" }, "geometry": { "type": "Point", "coordinates": [ -77.363824027240994, 38.8290352261198 ] } },
{ "type": "Feature", "properties": { "OBJECTID": 5584, "TYPE": "POLL", "DESCRIPTION": "CLIFTON PRESBYTERIAN CHURCH", "JURISDICTION": "COUNTY OF FAIRFAX", "WEB_ADDRESS": null, "STREET_NUMBER": "12748", "STREET_NAME": "RICHARDS LN", "PREC_IDENT": 803, "PREC_IDENT2": null, "PRECINCT": "CLIFTON SOUTH", "DISTRICT": "SPRINGFIELD", "ID": "803", "CITY": "CLIFTON", "CREATED_USER": "FairfaxCounty", "CREATED_DATE": "2025-03-09T06:07:40.358Z", "LAST_EDITED_USER": "FairfaxCounty", "LAST_EDITED_DATE": "2025-03-09T06:07:40.358Z" }, "geometry": { "type": "Point", "coordinates": [ -77.388432488748705, 38.780817469256199 ] } },
{ "type": "Feature", "properties": { "OBJECTID": 5585, "TYPE": "POLL", "DESCRIPTION": "GROVETON ELEMENTARY SCHOOL", "JURISDICTION": "COUNTY OF FAIRFAX", "WEB_ADDRESS": null, "STREET_NUMBER": "6900", "STREET_NAME": "HARRISON LN", "PREC_IDENT": 405, "PREC_IDENT2": null, "PRECINCT": "GROVETON", "DISTRICT": "FRANCONIA", "ID": "405", "CITY": "ALEXANDRIA", "CREATED_USER": "FairfaxCounty", "CREATED_DATE": "2025-03-09T06:07:40.358Z", "LAST_EDITED_USER": "FairfaxCounty", "LAST_EDITED_DATE": "2025-03-09T06:07:40.358Z" }, "geometry": { "type": "Point", "coordinates": [ -77.095007608245794, 38.768825907189999 ] } },
{ "type": "Feature", "properties": { "OBJECTID": 5586, "TYPE": "POLL", "DESCRIPTION": "VA DEPT OF TRANSPORTATION (VDOT)", "JURISDICTION": "COUNTY OF FAIRFAX", "WEB_ADDRESS": null, "STREET_NUMBER": "4975", "STREET_NAME": "ALLIANCE DR", "PREC_IDENT": 848, "PREC_IDENT2": null, "PRECINCT": "FAIR OAKS", "DISTRICT": "SPRINGFIELD", "ID": "848", "CITY": "FAIRFAX", "CREATED_USER": "FairfaxCounty", "CREATED_DATE": "2025-03-09T06:07:40.358Z", "LAST_EDITED_USER": "FairfaxCounty", "LAST_EDITED_DATE": "2025-03-09T06:07:40.358Z" }, "geometry": { "type": "Point", "coordinates": [ -77.374554936765307, 38.849385864539698 ] } },
{ "type": "Feature", "properties": { "OBJECTID": 5587, "TYPE": "POLL", "DESCRIPTION": "HUNT VALLEY ELEMENTARY SCHOOL", "JURISDICTION": "COUNTY OF FAIRFAX", "WEB_ADDRESS": null, "STREET_NUMBER": "7107", "STREET_NAME": "SYDENSTRICKER RD", "PREC_IDENT": 807, "PREC_IDENT2": null, "PRECINCT": "HUNT VALLEY", "DISTRICT": "SPRINGFIELD", "ID": "807", "CITY": "SPRINGFIELD", "CREATED_USER": "FairfaxCounty", "CREATED_DATE": "2025-03-09T06:07:40.358Z", "LAST_EDITED_USER": "FairfaxCounty", "LAST_EDITED_DATE": "2025-03-09T06:07:40.358Z" }, "geometry": { "type": "Point", "coordinates": [ -77.243960661229806, 38.762068745825097 ] } },
{ "type": "Feature", "properties": { "OBJECTID": 5588, "TYPE": "POLL", "DESCRIPTION": "ANTIOCH BAPTIST CHURCH", "JURISDICTION": "COUNTY OF FAIRFAX", "WEB_ADDRESS": null, "STREET_NUMBER": "6531", "STREET_NAME": "LITTLE OX RD", "PREC_IDENT": 815, "PREC_IDENT2": null, "PRECINCT": "WOODYARD", "DISTRICT": "SPRINGFIELD", "ID": "815", "CITY": "FAIRFAX STATION", "CREATED_USER": "FairfaxCounty", "CREATED_DATE": "2025-03-09T06:07:40.358Z", "LAST_EDITED_USER": "FairfaxCounty", "LAST_EDITED_DATE": "2025-03-09T06:07:40.358Z" }, "geometry": { "type": "Point", "coordinates": [ -77.320563757075007, 38.777498013118802 ] } },
{ "type": "Feature", "properties": { "OBJECTID": 5589, "TYPE": "POLL", "DESCRIPTION": "HERRITY BUILDING", "JURISDICTION": "COUNTY OF FAIRFAX", "WEB_ADDRESS": null, "STREET_NUMBER": "12055", "STREET_NAME": "GOVERNMENT CENTER PKWY", "PREC_IDENT": 844, "PREC_IDENT2": null, "PRECINCT": "CENTERPOINTE", "DISTRICT": "SPRINGFIELD", "ID": "844", "CITY": "FAIRFAX", "CREATED_USER": "FairfaxCounty", "CREATED_DATE": "2025-03-09T06:07:40.358Z", "LAST_EDITED_USER": "FairfaxCounty", "LAST_EDITED_DATE": "2025-03-09T06:07:40.358Z" }, "geometry": { "type": "Point", "coordinates": [ -77.3631459335448, 38.856589511754798 ] } },
{ "type": "Feature", "properties": { "OBJECTID": 5590, "TYPE": "POLL", "DESCRIPTION": "MT. VERNON WOODS ELEMENTARY SCHOOL", "JURISDICTION": "COUNTY OF FAIRFAX", "WEB_ADDRESS": null, "STREET_NUMBER": "4015", "STREET_NAME": "FIELDING ST", "PREC_IDENT": 413, "PREC_IDENT2": 428, "PRECINCT": "FAIRFIELD, PINEWOOD", "DISTRICT": "FRANCONIA", "ID": "413428", "CITY": "ALEXANDRIA", "CREATED_USER": "FairfaxCounty", "CREATED_DATE": "2025-03-09T06:07:40.358Z", "LAST_EDITED_USER": "FairfaxCounty", "LAST_EDITED_DATE": "2025-03-09T06:07:40.358Z" }, "geometry": { "type": "Point", "coordinates": [ -77.100033439118306, 38.7429323792052 ] } },
{ "type": "Feature", "properties": { "OBJECTID": 5591, "TYPE": "POLL", "DESCRIPTION": "FRANKLIN SHERMAN ELEMENTARY SCHOOL", "JURISDICTION": "COUNTY OF FAIRFAX", "WEB_ADDRESS": null, "STREET_NUMBER": "6633", "STREET_NAME": "BRAWNER ST", "PREC_IDENT": 316, "PREC_IDENT2": null, "PRECINCT": "SALONA", "DISTRICT": "DRANESVILLE", "ID": "316", "CITY": "MCLEAN", "CREATED_USER": "FairfaxCounty", "CREATED_DATE": "2025-03-09T06:07:40.358Z", "LAST_EDITED_USER": "FairfaxCounty", "LAST_EDITED_DATE": "2025-03-09T06:07:40.358Z" }, "geometry": { "type": "Point", "coordinates": [ -77.174667367575594, 38.935068294433201 ] } },
{ "type": "Feature", "properties": { "OBJECTID": 5592, "TYPE": "POLL", "DESCRIPTION": "LITTLE RUN ELEMENTARY SCHOOL", "JURISDICTION": "COUNTY OF FAIRFAX", "WEB_ADDRESS": null, "STREET_NUMBER": "4511", "STREET_NAME": "OLLEY LN", "PREC_IDENT": 109, "PREC_IDENT2": null, "PRECINCT": "LITTLE RUN", "DISTRICT": "BRADDOCK", "ID": "109", "CITY": "FAIRFAX", "CREATED_USER": "FairfaxCounty", "CREATED_DATE": "2025-03-09T06:07:40.358Z", "LAST_EDITED_USER": "FairfaxCounty", "LAST_EDITED_DATE": "2025-03-09T06:07:40.358Z" }, "geometry": { "type": "Point", "coordinates": [ -77.266974888610704, 38.826346342160399 ] } },
{ "type": "Feature", "properties": { "OBJECTID": 5594, "TYPE": "POLL", "DESCRIPTION": "CANTERBURY WOODS ELEMENTARY SCHOOL", "JURISDICTION": "COUNTY OF FAIRFAX", "WEB_ADDRESS": null, "STREET_NUMBER": "4910", "STREET_NAME": "WILLET DR", "PREC_IDENT": 113, "PREC_IDENT2": null, "PRECINCT": "CANTERBURY", "DISTRICT": "BRADDOCK", "ID": "113", "CITY": "ANNANDALE", "CREATED_USER": "FairfaxCounty", "CREATED_DATE": "2025-03-09T06:07:40.358Z", "LAST_EDITED_USER": "FairfaxCounty", "LAST_EDITED_DATE": "2025-03-09T06:07:40.358Z" }, "geometry": { "type": "Point", "coordinates": [ -77.249448487353405, 38.820411621572802 ] } },
{ "type": "Feature", "properties": { "OBJECTID": 5595, "TYPE": "POLL", "DESCRIPTION": "MADISON HIGH SCHOOL", "JURISDICTION": "COUNTY OF FAIRFAX", "WEB_ADDRESS": null, "STREET_NUMBER": "2500", "STREET_NAME": "JAMES MADISON DR", "PREC_IDENT": 204, "PREC_IDENT2": 218, "PRECINCT": "MADISON, VIENNA #6", "DISTRICT": "HUNTER MILL", "ID": "204218", "CITY": "VIENNA", "CREATED_USER": "FairfaxCounty", "CREATED_DATE": "2025-03-09T06:07:40.358Z", "LAST_EDITED_USER": "FairfaxCounty", "LAST_EDITED_DATE": "2025-03-09T06:07:40.358Z" }, "geometry": { "type": "Point", "coordinates": [ -77.278256957491493, 38.896176311701304 ] } },
{ "type": "Feature", "properties": { "OBJECTID": 5596, "TYPE": "POLL", "DESCRIPTION": "GLEN FOREST ELEMENTARY SCHOOL", "JURISDICTION": "COUNTY OF FAIRFAX", "WEB_ADDRESS": null, "STREET_NUMBER": "5829", "STREET_NAME": "GLEN FOREST DR", "PREC_IDENT": 505, "PREC_IDENT2": null, "PRECINCT": "GLEN FOREST", "DISTRICT": "MASON", "ID": "505", "CITY": "FALLS CHURCH", "CREATED_USER": "FairfaxCounty", "CREATED_DATE": "2025-03-09T06:07:40.358Z", "LAST_EDITED_USER": "FairfaxCounty", "LAST_EDITED_DATE": "2025-03-09T06:07:40.358Z" }, "geometry": { "type": "Point", "coordinates": [ -77.128640219753294, 38.856175660404602 ] } },
{ "type": "Feature", "properties": { "OBJECTID": 5598, "TYPE": "POLL", "DESCRIPTION": "CULMORE COMMUNITY LIBRARY", "JURISDICTION": "COUNTY OF FAIRFAX", "WEB_ADDRESS": null, "STREET_NUMBER": "6101", "STREET_NAME": "KNOLLWOOD DR", "PREC_IDENT": 506, "PREC_IDENT2": null, "PRECINCT": "HOLMES", "DISTRICT": "MASON", "ID": "506", "CITY": "FALLS CHURCH", "CREATED_USER": "FairfaxCounty", "CREATED_DATE": "2025-03-09T06:07:40.358Z", "LAST_EDITED_USER": "FairfaxCounty", "LAST_EDITED_DATE": "2025-03-09T06:07:40.358Z" }, "geometry": { "type": "Point", "coordinates": [ -77.142993072752205, 38.851275687433997 ] } },
{ "type": "Feature", "properties": { "OBJECTID": 5599, "TYPE": "POLL", "DESCRIPTION": "ALAN LEIS CENTER AT WALNUT HILL", "JURISDICTION": "COUNTY OF FAIRFAX", "WEB_ADDRESS": null, "STREET_NUMBER": "7423", "STREET_NAME": "CAMP ALGER AVE", "PREC_IDENT": 525, "PREC_IDENT2": null, "PRECINCT": "WALNUT HILL", "DISTRICT": "MASON", "ID": "525", "CITY": "FALLS CHURCH", "CREATED_USER": "FairfaxCounty", "CREATED_DATE": "2025-03-09T06:07:40.358Z", "LAST_EDITED_USER": "FairfaxCounty", "LAST_EDITED_DATE": "2025-03-09T06:07:40.358Z" }, "geometry": { "type": "Point", "coordinates": [ -77.201738497958502, 38.857378936663103 ] } },
{ "type": "Feature", "properties": { "OBJECTID": 5600, "TYPE": "POLL", "DESCRIPTION": "RIVERSIDE ELEMENTARY SCHOOL", "JURISDICTION": "COUNTY OF FAIRFAX", "WEB_ADDRESS": null, "STREET_NUMBER": "8410", "STREET_NAME": "OLD MOUNT VERNON RD", "PREC_IDENT": 614, "PREC_IDENT2": null, "PRECINCT": "RIVERSIDE", "DISTRICT": "MOUNT VERNON", "ID": "614", "CITY": "ALEXANDRIA", "CREATED_USER": "FairfaxCounty", "CREATED_DATE": "2025-03-09T06:07:40.358Z", "LAST_EDITED_USER": "FairfaxCounty", "LAST_EDITED_DATE": "2025-03-09T06:07:40.358Z" }, "geometry": { "type": "Point", "coordinates": [ -77.094374817281206, 38.729698894884997 ] } },
{ "type": "Feature", "properties": { "OBJECTID": 5601, "TYPE": "POLL", "DESCRIPTION": "CENTREVILLE ELEMENTARY SCHOOL", "JURISDICTION": "COUNTY OF FAIRFAX", "WEB_ADDRESS": null, "STREET_NUMBER": "14330", "STREET_NAME": "GREEN TRAILS BLVD", "PREC_IDENT": 919, "PREC_IDENT2": null, "PRECINCT": "GREEN TRAILS", "DISTRICT": "SULLY", "ID": "919", "CITY": "CENTREVILLE", "CREATED_USER": "FairfaxCounty", "CREATED_DATE": "2025-03-09T06:07:40.358Z", "LAST_EDITED_USER": "FairfaxCounty", "LAST_EDITED_DATE": "2025-03-09T06:07:40.358Z" }, "geometry": { "type": "Point", "coordinates": [ -77.440611140460604, 38.819622708245298 ] } },
{ "type": "Feature", "properties": { "OBJECTID": 5602, "TYPE": "POLL", "DESCRIPTION": "STONE MIDDLE SCHOOL", "JURISDICTION": "COUNTY OF FAIRFAX", "WEB_ADDRESS": null, "STREET_NUMBER": "5500", "STREET_NAME": "SULLY PARK DR", "PREC_IDENT": 917, "PREC_IDENT2": 932, "PRECINCT": "STONE NORTH, STONE SOUTH", "DISTRICT": "SULLY", "ID": "917932", "CITY": "CENTREVILLE", "CREATED_USER": "FairfaxCounty", "CREATED_DATE": "2025-03-09T06:07:40.358Z", "LAST_EDITED_USER": "FairfaxCounty", "LAST_EDITED_DATE": "2025-03-09T06:07:40.358Z" }, "geometry": { "type": "Point", "coordinates": [ -77.454774095188498, 38.8575290642124 ] } },
{ "type": "Feature", "properties": { "OBJECTID": 5603, "TYPE": "POLL", "DESCRIPTION": "LONDON TOWNE ELEMENTARY SCHOOL", "JURISDICTION": "COUNTY OF FAIRFAX", "WEB_ADDRESS": null, "STREET_NUMBER": "6100", "STREET_NAME": "STONE RD", "PREC_IDENT": 910, "PREC_IDENT2": null, "PRECINCT": "LONDON TOWNE", "DISTRICT": "SULLY", "ID": "910", "CITY": "CENTREVILLE", "CREATED_USER": "FairfaxCounty", "CREATED_DATE": "2025-03-09T06:07:40.358Z", "LAST_EDITED_USER": "FairfaxCounty", "LAST_EDITED_DATE": "2025-03-09T06:07:40.358Z" }, "geometry": { "type": "Point", "coordinates": [ -77.456259873879006, 38.839658403806702 ] } },
{ "type": "Feature", "properties": { "OBJECTID": 5605, "TYPE": "POLL", "DESCRIPTION": "OAK HILL ELEMENTARY SCHOOL", "JURISDICTION": "COUNTY OF FAIRFAX", "WEB_ADDRESS": null, "STREET_NUMBER": "3210", "STREET_NAME": "KINROSS CI", "PREC_IDENT": 909, "PREC_IDENT2": null, "PRECINCT": "OAK HILL", "DISTRICT": "SULLY", "ID": "909", "CITY": "HERNDON", "CREATED_USER": "FairfaxCounty", "CREATED_DATE": "2025-03-09T06:07:40.358Z", "LAST_EDITED_USER": "FairfaxCounty", "LAST_EDITED_DATE": "2025-03-09T06:07:40.358Z" }, "geometry": { "type": "Point", "coordinates": [ -77.408897136088399, 38.913119304277998 ] } },
{ "type": "Feature", "properties": { "OBJECTID": 5606, "TYPE": "POLL", "DESCRIPTION": "LEES CORNER ELEMENTARY SCHOOL", "JURISDICTION": "COUNTY OF FAIRFAX", "WEB_ADDRESS": null, "STREET_NUMBER": "13500", "STREET_NAME": "HOLLINGER AVE", "PREC_IDENT": 934, "PREC_IDENT2": null, "PRECINCT": "FOX VALLEY", "DISTRICT": "SULLY", "ID": "934", "CITY": "FAIRFAX", "CREATED_USER": "FairfaxCounty", "CREATED_DATE": "2025-03-09T06:07:40.358Z", "LAST_EDITED_USER": "FairfaxCounty", "LAST_EDITED_DATE": "2025-03-09T06:07:40.358Z" }, "geometry": { "type": "Point", "coordinates": [ -77.4110847037838, 38.890454633868103 ] } },
{ "type": "Feature", "properties": { "OBJECTID": 5607, "TYPE": "POLL", "DESCRIPTION": "MOSAIC ELEMENTARY SCHOOL", "JURISDICTION": "COUNTY OF FAIRFAX", "WEB_ADDRESS": null, "STREET_NUMBER": "9819", "STREET_NAME": "FIVE OAKS RD", "PREC_IDENT": 709, "PREC_IDENT2": 737, "PRECINCT": "MOSBY #1, MOSBY #2", "DISTRICT": "PROVIDENCE", "ID": "709737", "CITY": "FAIRFAX", "CREATED_USER": "FairfaxCounty", "CREATED_DATE": "2025-03-09T06:07:40.358Z", "LAST_EDITED_USER": "FairfaxCounty", "LAST_EDITED_DATE": "2025-03-09T06:07:40.358Z" }, "geometry": { "type": "Point", "coordinates": [ -77.285948519042705, 38.869896491754297 ] } },
{ "type": "Feature", "properties": { "OBJECTID": 5608, "TYPE": "POLL", "DESCRIPTION": "TIMBER LANE ELEMENTARY SCHOOL", "JURISDICTION": "COUNTY OF FAIRFAX", "WEB_ADDRESS": null, "STREET_NUMBER": "2737", "STREET_NAME": "WEST ST", "PREC_IDENT": 713, "PREC_IDENT2": null, "PRECINCT": "TIMBER LANE", "DISTRICT": "PROVIDENCE", "ID": "713", "CITY": "FALLS CHURCH", "CREATED_USER": "FairfaxCounty", "CREATED_DATE": "2025-03-09T06:07:40.358Z", "LAST_EDITED_USER": "FairfaxCounty", "LAST_EDITED_DATE": "2025-03-09T06:07:40.358Z" }, "geometry": { "type": "Point", "coordinates": [ -77.197789364336401, 38.8798664292136 ] } },
{ "type": "Feature", "properties": { "OBJECTID": 5609, "TYPE": "POLL", "DESCRIPTION": "PROVIDENCE COMMITTEE MEETING ROOM", "JURISDICTION": "COUNTY OF FAIRFAX", "WEB_ADDRESS": null, "STREET_NUMBER": "7921", "STREET_NAME": "JONES BRANCH DR", "PREC_IDENT": 738, "PREC_IDENT2": null, "PRECINCT": "JONES BRANCH", "DISTRICT": "PROVIDENCE", "ID": "738", "CITY": "MCLEAN", "CREATED_USER": "FairfaxCounty", "CREATED_DATE": "2025-03-09T06:07:40.358Z", "LAST_EDITED_USER": "FairfaxCounty", "LAST_EDITED_DATE": "2025-03-09T06:07:40.358Z" }, "geometry": { "type": "Point", "coordinates": [ -77.217822749390606, 38.927894420932603 ] } },
{ "type": "Feature", "properties": { "OBJECTID": 5610, "TYPE": "POLL", "DESCRIPTION": "WOLFTRAP ELEMENTARY SCHOOL", "JURISDICTION": "COUNTY OF FAIRFAX", "WEB_ADDRESS": null, "STREET_NUMBER": "1903", "STREET_NAME": "BEULAH RD", "PREC_IDENT": 226, "PREC_IDENT2": null, "PRECINCT": "WOLFTRAP", "DISTRICT": "HUNTER MILL", "ID": "226", "CITY": "VIENNA", "CREATED_USER": "FairfaxCounty", "CREATED_DATE": "2025-03-09T06:07:40.358Z", "LAST_EDITED_USER": "FairfaxCounty", "LAST_EDITED_DATE": "2025-03-09T06:07:40.358Z" }, "geometry": { "type": "Point", "coordinates": [ -77.266722522700306, 38.9173661133838 ] } },
{ "type": "Feature", "properties": { "OBJECTID": 5611, "TYPE": "POLL", "DESCRIPTION": "LIVING SAVIOR LUTHERAN CHURCH", "JURISDICTION": "COUNTY OF FAIRFAX", "WEB_ADDRESS": null, "STREET_NUMBER": "5500", "STREET_NAME": "OX RD", "PREC_IDENT": 841, "PREC_IDENT2": null, "PRECINCT": "POPES HEAD", "DISTRICT": "SPRINGFIELD", "ID": "841", "CITY": "FAIRFAX STATION", "CREATED_USER": "FairfaxCounty", "CREATED_DATE": "2025-03-09T06:07:40.358Z", "LAST_EDITED_USER": "FairfaxCounty", "LAST_EDITED_DATE": "2025-03-09T06:07:40.358Z" }, "geometry": { "type": "Point", "coordinates": [ -77.327626122338302, 38.807937079860103 ] } },
{ "type": "Feature", "properties": { "OBJECTID": 5612, "TYPE": "POLL", "DESCRIPTION": "LAUREL RIDGE ELEMENTARY SCHOOL", "JURISDICTION": "COUNTY OF FAIRFAX", "WEB_ADDRESS": null, "STREET_NUMBER": "10110", "STREET_NAME": "COMMONWEALTH BLVD", "PREC_IDENT": 119, "PREC_IDENT2": null, "PRECINCT": "LAUREL", "DISTRICT": "BRADDOCK", "ID": "119", "CITY": "FAIRFAX", "CREATED_USER": "FairfaxCounty", "CREATED_DATE": "2025-03-09T06:07:40.358Z", "LAST_EDITED_USER": "FairfaxCounty", "LAST_EDITED_DATE": "2025-03-09T06:07:40.358Z" }, "geometry": { "type": "Point", "coordinates": [ -77.295738964158403, 38.814351136194901 ] } },
{ "type": "Feature", "properties": { "OBJECTID": 5613, "TYPE": "POLL", "DESCRIPTION": "THOMAS JEFFERSON HIGH SCHOOL", "JURISDICTION": "COUNTY OF FAIRFAX", "WEB_ADDRESS": null, "STREET_NUMBER": "6560", "STREET_NAME": "BRADDOCK RD", "PREC_IDENT": 523, "PREC_IDENT2": null, "PRECINCT": "POE", "DISTRICT": "MASON", "ID": "523", "CITY": "ALEXANDRIA", "CREATED_USER": "FairfaxCounty", "CREATED_DATE": "2025-03-09T06:07:40.358Z", "LAST_EDITED_USER": "FairfaxCounty", "LAST_EDITED_DATE": "2025-03-09T06:07:40.358Z" }, "geometry": { "type": "Point", "coordinates": [ -77.168418538020006, 38.818160745210498 ] } },
{ "type": "Feature", "properties": { "OBJECTID": 5614, "TYPE": "POLL", "DESCRIPTION": "LEWIS HIGH SCHOOL", "JURISDICTION": "COUNTY OF FAIRFAX", "WEB_ADDRESS": null, "STREET_NUMBER": "6540", "STREET_NAME": "FRANCONIA RD", "PREC_IDENT": 409, "PREC_IDENT2": null, "PRECINCT": "PIONEER", "DISTRICT": "FRANCONIA", "ID": "409", "CITY": "SPRINGFIELD", "CREATED_USER": "FairfaxCounty", "CREATED_DATE": "2025-03-09T06:07:40.358Z", "LAST_EDITED_USER": "FairfaxCounty", "LAST_EDITED_DATE": "2025-03-09T06:07:40.358Z" }, "geometry": { "type": "Point", "coordinates": [ -77.170293900052101, 38.779688222363902 ] } },
{ "type": "Feature", "properties": { "OBJECTID": 5615, "TYPE": "POLL", "DESCRIPTION": "WILLSTON INSTRUCTIONAL CENTER", "JURISDICTION": "COUNTY OF FAIRFAX", "WEB_ADDRESS": null, "STREET_NUMBER": "6131", "STREET_NAME": "WILLSTON DR", "PREC_IDENT": 517, "PREC_IDENT2": null, "PRECINCT": "WILLSTON", "DISTRICT": "MASON", "ID": "517", "CITY": "FALLS CHURCH", "CREATED_USER": "FairfaxCounty", "CREATED_DATE": "2025-03-09T06:07:40.358Z", "LAST_EDITED_USER": "FairfaxCounty", "LAST_EDITED_DATE": "2025-03-09T06:07:40.358Z" }, "geometry": { "type": "Point", "coordinates": [ -77.148577507863095, 38.870481589805799 ] } },
{ "type": "Feature", "properties": { "OBJECTID": 5616, "TYPE": "POLL", "DESCRIPTION": "GREAT FALLS UNITED METHODIST CHURCH", "JURISDICTION": "COUNTY OF FAIRFAX", "WEB_ADDRESS": null, "STREET_NUMBER": "10100", "STREET_NAME": "GEORGETOWN PIKE", "PREC_IDENT": 322, "PREC_IDENT2": null, "PRECINCT": "FORESTVILLE", "DISTRICT": "DRANESVILLE", "ID": "322", "CITY": "GREAT FALLS", "CREATED_USER": "FairfaxCounty", "CREATED_DATE": "2025-03-09T06:07:40.358Z", "LAST_EDITED_USER": "FairfaxCounty", "LAST_EDITED_DATE": "2025-03-09T06:07:40.358Z" }, "geometry": { "type": "Point", "coordinates": [ -77.293336530027204, 38.998927186386098 ] } },
{ "type": "Feature", "properties": { "OBJECTID": 5617, "TYPE": "POLL", "DESCRIPTION": "GMU - MERTEN HALL", "JURISDICTION": "COUNTY OF FAIRFAX", "WEB_ADDRESS": null, "STREET_NUMBER": "4441", "STREET_NAME": "GEORGE MASON BLVD", "PREC_IDENT": 134, "PREC_IDENT2": null, "PRECINCT": "UNIVERSITY", "DISTRICT": "BRADDOCK", "ID": "134", "CITY": "FAIRFAX", "CREATED_USER": "FairfaxCounty", "CREATED_DATE": "2025-03-09T06:07:40.358Z", "LAST_EDITED_USER": "FairfaxCounty", "LAST_EDITED_DATE": "2025-03-09T06:07:40.358Z" }, "geometry": { "type": "Point", "coordinates": [ -77.308229166042295, 38.834872986309598 ] } },
{ "type": "Feature", "properties": { "OBJECTID": 5618, "TYPE": "POLL", "DESCRIPTION": "TERRA CENTRE ELEMENTARY SCHOOL", "JURISDICTION": "COUNTY OF FAIRFAX", "WEB_ADDRESS": null, "STREET_NUMBER": "6000", "STREET_NAME": "BURKE CENTRE PKWY", "PREC_IDENT": 130, "PREC_IDENT2": null, "PRECINCT": "TERRA CENTRE", "DISTRICT": "BRADDOCK", "ID": "130", "CITY": "BURKE", "CREATED_USER": "FairfaxCounty", "CREATED_DATE": "2025-03-09T06:07:40.358Z", "LAST_EDITED_USER": "FairfaxCounty", "LAST_EDITED_DATE": "2025-03-09T06:07:40.358Z" }, "geometry": { "type": "Point", "coordinates": [ -77.297760377423103, 38.785386968642101 ] } },
{ "type": "Feature", "properties": { "OBJECTID": 5619, "TYPE": "POLL", "DESCRIPTION": "WEST SPRINGFIELD HIGH SCHOOL", "JURISDICTION": "COUNTY OF FAIRFAX", "WEB_ADDRESS": null, "STREET_NUMBER": "6100", "STREET_NAME": "ROLLING RD", "PREC_IDENT": 801, "PREC_IDENT2": 861, "PRECINCT": "BURKE #1, BURKE #2", "DISTRICT": "SPRINGFIELD", "ID": "801861", "CITY": "SPRINGFIELD", "CREATED_USER": "FairfaxCounty", "CREATED_DATE": "2025-03-09T06:07:40.358Z", "LAST_EDITED_USER": "FairfaxCounty", "LAST_EDITED_DATE": "2025-03-09T06:07:40.358Z" }, "geometry": { "type": "Point", "coordinates": [ -77.239763614505605, 38.786513871873098 ] } },
{ "type": "Feature", "properties": { "OBJECTID": 5620, "TYPE": "POLL", "DESCRIPTION": "ROBINSON SECONDARY SCHOOL", "JURISDICTION": "COUNTY OF FAIRFAX", "WEB_ADDRESS": null, "STREET_NUMBER": "5035", "STREET_NAME": "SIDEBURN RD", "PREC_IDENT": 123, "PREC_IDENT2": null, "PRECINCT": "ROBINSON", "DISTRICT": "BRADDOCK", "ID": "123", "CITY": "FAIRFAX", "CREATED_USER": "FairfaxCounty", "CREATED_DATE": "2025-03-09T06:07:40.358Z", "LAST_EDITED_USER": "FairfaxCounty", "LAST_EDITED_DATE": "2025-03-09T06:07:40.358Z" }, "geometry": { "type": "Point", "coordinates": [ -77.303435957619001, 38.815813687477402 ] } },
{ "type": "Feature", "properties": { "OBJECTID": 5621, "TYPE": "POLL", "DESCRIPTION": "WOODBURN ELEMENTARY SCHOOL", "JURISDICTION": "COUNTY OF FAIRFAX", "WEB_ADDRESS": null, "STREET_NUMBER": "3401", "STREET_NAME": "HEMLOCK DR", "PREC_IDENT": 536, "PREC_IDENT2": null, "PRECINCT": "WOODBURN", "DISTRICT": "MASON", "ID": "536", "CITY": "FALLS CHURCH", "CREATED_USER": "FairfaxCounty", "CREATED_DATE": "2025-03-09T06:07:40.358Z", "LAST_EDITED_USER": "FairfaxCounty", "LAST_EDITED_DATE": "2025-03-09T06:07:40.358Z" }, "geometry": { "type": "Point", "coordinates": [ -77.213811735492101, 38.852335348563699 ] } },
{ "type": "Feature", "properties": { "OBJECTID": 5622, "TYPE": "POLL", "DESCRIPTION": "HYBLA VALLEY ELEMENTARY SCHOOL", "JURISDICTION": "COUNTY OF FAIRFAX", "WEB_ADDRESS": null, "STREET_NUMBER": "3415", "STREET_NAME": "LOCKHEED BLVD", "PREC_IDENT": 429, "PREC_IDENT2": null, "PRECINCT": "HYBLA VALLEY", "DISTRICT": "FRANCONIA", "ID": "429", "CITY": "ALEXANDRIA", "CREATED_USER": "FairfaxCounty", "CREATED_DATE": "2025-03-09T06:07:40.358Z", "LAST_EDITED_USER": "FairfaxCounty", "LAST_EDITED_DATE": "2025-03-09T06:07:40.358Z" }, "geometry": { "type": "Point", "coordinates": [ -77.089258466943093, 38.759093008887298 ] } },
{ "type": "Feature", "properties": { "OBJECTID": 5623, "TYPE": "POLL", "DESCRIPTION": "POE MIDDLE SCHOOL", "JURISDICTION": "COUNTY OF FAIRFAX", "WEB_ADDRESS": null, "STREET_NUMBER": "7000", "STREET_NAME": "CINDY LN", "PREC_IDENT": 521, "PREC_IDENT2": 527, "PRECINCT": "BROOK HILL, EDSALL", "DISTRICT": "MASON", "ID": "521527", "CITY": "ANNANDALE", "CREATED_USER": "FairfaxCounty", "CREATED_DATE": "2025-03-09T06:07:40.358Z", "LAST_EDITED_USER": "FairfaxCounty", "LAST_EDITED_DATE": "2025-03-09T06:07:40.358Z" }, "geometry": { "type": "Point", "coordinates": [ -77.186619412810302, 38.821190335880601 ] } },
{ "type": "Feature", "properties": { "OBJECTID": 5624, "TYPE": "POLL", "DESCRIPTION": "JUSTICE HIGH SCHOOL", "JURISDICTION": "COUNTY OF FAIRFAX", "WEB_ADDRESS": null, "STREET_NUMBER": "3301", "STREET_NAME": "PEACE VALLEY LN", "PREC_IDENT": 511, "PREC_IDENT2": null, "PRECINCT": "RAVENWOOD", "DISTRICT": "MASON", "ID": "511", "CITY": "FALLS CHURCH", "CREATED_USER": "FairfaxCounty", "CREATED_DATE": "2025-03-09T06:07:40.358Z", "LAST_EDITED_USER": "FairfaxCounty", "LAST_EDITED_DATE": "2025-03-09T06:07:40.358Z" }, "geometry": { "type": "Point", "coordinates": [ -77.149225283691294, 38.856619943262103 ] } },
{ "type": "Feature", "properties": { "OBJECTID": 5625, "TYPE": "POLL", "DESCRIPTION": "FAIRHAVEN COMMUNITY CENTER", "JURISDICTION": "COUNTY OF FAIRFAX", "WEB_ADDRESS": null, "STREET_NUMBER": "2409", "STREET_NAME": "FORT DR", "PREC_IDENT": 607, "PREC_IDENT2": null, "PRECINCT": "HUNTINGTON", "DISTRICT": "MOUNT VERNON", "ID": "607", "CITY": "ALEXANDRIA", "CREATED_USER": "FairfaxCounty", "CREATED_DATE": "2025-03-09T06:07:40.358Z", "LAST_EDITED_USER": "FairfaxCounty", "LAST_EDITED_DATE": "2025-03-09T06:07:40.358Z" }, "geometry": { "type": "Point", "coordinates": [ -77.072874820406099, 38.786636787019802 ] } },
{ "type": "Feature", "properties": { "OBJECTID": 5626, "TYPE": "POLL", "DESCRIPTION": "WOODLEY HILLS ELEMENTARY SCHOOL", "JURISDICTION": "COUNTY OF FAIRFAX", "WEB_ADDRESS": null, "STREET_NUMBER": "8718", "STREET_NAME": "OLD MT. VERNON RD", "PREC_IDENT": 615, "PREC_IDENT2": null, "PRECINCT": "WOODLEY", "DISTRICT": "MOUNT VERNON", "ID": "615", "CITY": "ALEXANDRIA", "CREATED_USER": "FairfaxCounty", "CREATED_DATE": "2025-03-09T06:07:40.358Z", "LAST_EDITED_USER": "FairfaxCounty", "LAST_EDITED_DATE": "2025-03-09T06:07:40.358Z" }, "geometry": { "type": "Point", "coordinates": [ -77.096057757355496, 38.720238412789399 ] } },
{ "type": "Feature", "properties": { "OBJECTID": 5627, "TYPE": "POLL", "DESCRIPTION": "LAKE ANNE ELEMENTARY SCHOOL", "JURISDICTION": "COUNTY OF FAIRFAX", "WEB_ADDRESS": null, "STREET_NUMBER": "11510", "STREET_NAME": "NORTH SHORE DR", "PREC_IDENT": 208, "PREC_IDENT2": null, "PRECINCT": "RESTON #1", "DISTRICT": "HUNTER MILL", "ID": "208", "CITY": "RESTON", "CREATED_USER": "FairfaxCounty", "CREATED_DATE": "2025-03-09T06:07:40.358Z", "LAST_EDITED_USER": "FairfaxCounty", "LAST_EDITED_DATE": "2025-03-09T06:07:40.358Z" }, "geometry": { "type": "Point", "coordinates": [ -77.346782248564594, 38.965286979373197 ] } },
{ "type": "Feature", "properties": { "OBJECTID": 5628, "TYPE": "POLL", "DESCRIPTION": "MARSHALL ROAD ELEMENTARY SCHOOL", "JURISDICTION": "COUNTY OF FAIRFAX", "WEB_ADDRESS": null, "STREET_NUMBER": "730", "STREET_NAME": "MARSHALL RD SW", "PREC_IDENT": 729, "PREC_IDENT2": null, "PRECINCT": "NOTTOWAY", "DISTRICT": "PROVIDENCE", "ID": "729", "CITY": "VIENNA", "CREATED_USER": "FairfaxCounty", "CREATED_DATE": "2025-03-09T06:07:40.358Z", "LAST_EDITED_USER": "FairfaxCounty", "LAST_EDITED_DATE": "2025-03-09T06:07:40.358Z" }, "geometry": { "type": "Point", "coordinates": [ -77.266532518583304, 38.882174810308697 ] } },
{ "type": "Feature", "properties": { "OBJECTID": 5629, "TYPE": "POLL", "DESCRIPTION": "JIM SCOTT COMMUNITY CENTER", "JURISDICTION": "COUNTY OF FAIRFAX", "WEB_ADDRESS": null, "STREET_NUMBER": "3001", "STREET_NAME": "VADEN DR", "PREC_IDENT": 734, "PREC_IDENT2": null, "PRECINCT": "HUNTERS BRANCH", "DISTRICT": "PROVIDENCE", "ID": "734", "CITY": "FAIRFAX", "CREATED_USER": "FairfaxCounty", "CREATED_DATE": "2025-03-09T06:07:40.358Z", "LAST_EDITED_USER": "FairfaxCounty", "LAST_EDITED_DATE": "2025-03-09T06:07:40.358Z" }, "geometry": { "type": "Point", "coordinates": [ -77.272250230836804, 38.873226991229799 ] } },
{ "type": "Feature", "properties": { "OBJECTID": 5630, "TYPE": "POLL", "DESCRIPTION": "SOUTH COUNTY HIGH SCHOOL", "JURISDICTION": "COUNTY OF FAIRFAX", "WEB_ADDRESS": null, "STREET_NUMBER": "8501", "STREET_NAME": "SILVERBROOK RD", "PREC_IDENT": 629, "PREC_IDENT2": null, "PRECINCT": "SOUTH COUNTY", "DISTRICT": "MOUNT VERNON", "ID": "629", "CITY": "LORTON", "CREATED_USER": "FairfaxCounty", "CREATED_DATE": "2025-03-09T06:07:40.358Z", "LAST_EDITED_USER": "FairfaxCounty", "LAST_EDITED_DATE": "2025-03-09T06:07:40.358Z" }, "geometry": { "type": "Point", "coordinates": [ -77.2394682938762, 38.717624446858203 ] } },
{ "type": "Feature", "properties": { "OBJECTID": 5631, "TYPE": "POLL", "DESCRIPTION": "SYDENSTRICKER UNITED METHODIST CHURCH", "JURISDICTION": "COUNTY OF FAIRFAX", "WEB_ADDRESS": null, "STREET_NUMBER": "8508", "STREET_NAME": "HOOES ROAD", "PREC_IDENT": 806, "PREC_IDENT2": null, "PRECINCT": "SYDENSTRICKER", "DISTRICT": "SPRINGFIELD", "ID": "806", "CITY": "SPRINGFIELD", "CREATED_USER": "FairfaxCounty", "CREATED_DATE": "2025-03-09T06:07:40.358Z", "LAST_EDITED_USER": "FairfaxCounty", "LAST_EDITED_DATE": "2025-03-09T06:07:40.358Z" }, "geometry": { "type": "Point", "coordinates": [ -77.239796173427706, 38.756074997458697 ] } },
{ "type": "Feature", "properties": { "OBJECTID": 5633, "TYPE": "POLL", "DESCRIPTION": "OLDE CREEK ELEMENTARY SCHOOL", "JURISDICTION": "COUNTY OF FAIRFAX", "WEB_ADDRESS": null, "STREET_NUMBER": "9524", "STREET_NAME": "OLDE CREEK DR", "PREC_IDENT": 114, "PREC_IDENT2": null, "PRECINCT": "OLDE CREEK", "DISTRICT": "BRADDOCK", "ID": "114", "CITY": "FAIRFAX", "CREATED_USER": "FairfaxCounty", "CREATED_DATE": "2025-03-09T06:07:40.358Z", "LAST_EDITED_USER": "FairfaxCounty", "LAST_EDITED_DATE": "2025-03-09T06:07:40.358Z" }, "geometry": { "type": "Point", "coordinates": [ -77.276625776792798, 38.831174626003303 ] } },
{ "type": "Feature", "properties": { "OBJECTID": 5634, "TYPE": "POLL", "DESCRIPTION": "THOREAU MIDDLE SCHOOL", "JURISDICTION": "COUNTY OF FAIRFAX", "WEB_ADDRESS": null, "STREET_NUMBER": "2505", "STREET_NAME": "CEDAR LN", "PREC_IDENT": 720, "PREC_IDENT2": null, "PRECINCT": "THOREAU", "DISTRICT": "PROVIDENCE", "ID": "720", "CITY": "VIENNA", "CREATED_USER": "FairfaxCounty", "CREATED_DATE": "2025-03-09T06:07:40.358Z", "LAST_EDITED_USER": "FairfaxCounty", "LAST_EDITED_DATE": "2025-03-09T06:07:40.358Z" }, "geometry": { "type": "Point", "coordinates": [ -77.240742972471594, 38.888504905133999 ] } },
{ "type": "Feature", "properties": { "OBJECTID": 5635, "TYPE": "POLL", "DESCRIPTION": "CENTREVILLE REGIONAL LIBRARY", "JURISDICTION": "COUNTY OF FAIRFAX", "WEB_ADDRESS": null, "STREET_NUMBER": "14200", "STREET_NAME": "ST. GERMAIN DR", "PREC_IDENT": 924, "PREC_IDENT2": null, "PRECINCT": "SPINDLE", "DISTRICT": "SULLY", "ID": "924", "CITY": "CENTREVILLE", "CREATED_USER": "FairfaxCounty", "CREATED_DATE": "2025-03-09T06:07:40.358Z", "LAST_EDITED_USER": "FairfaxCounty", "LAST_EDITED_DATE": "2025-03-09T06:07:40.358Z" }, "geometry": { "type": "Point", "coordinates": [ -77.441322887417101, 38.8376544397331 ] } },
{ "type": "Feature", "properties": { "OBJECTID": 5636, "TYPE": "POLL", "DESCRIPTION": "FORESTDALE ELEMENTARY SCHOOL", "JURISDICTION": "COUNTY OF FAIRFAX", "WEB_ADDRESS": null, "STREET_NUMBER": "6530", "STREET_NAME": "ELDER AVE", "PREC_IDENT": 403, "PREC_IDENT2": null, "PRECINCT": "FORESTDALE", "DISTRICT": "FRANCONIA", "ID": "403", "CITY": "SPRINGFIELD", "CREATED_USER": "FairfaxCounty", "CREATED_DATE": "2025-03-09T06:07:40.358Z", "LAST_EDITED_USER": "FairfaxCounty", "LAST_EDITED_DATE": "2025-03-09T06:07:40.358Z" }, "geometry": { "type": "Point", "coordinates": [ -77.169692656206706, 38.776414387756802 ] } },
{ "type": "Feature", "properties": { "OBJECTID": 5637, "TYPE": "POLL", "DESCRIPTION": "EPIPHANY EPISCOPAL CHURCH", "JURISDICTION": "COUNTY OF FAIRFAX", "WEB_ADDRESS": null, "STREET_NUMBER": "3301", "STREET_NAME": "HIDDEN MEADOW DR", "PREC_IDENT": 908, "PREC_IDENT2": null, "PRECINCT": "HIDDEN MEADOW", "DISTRICT": "SULLY", "ID": "908", "CITY": "HERNDON", "CREATED_USER": "FairfaxCounty", "CREATED_DATE": "2025-03-09T06:07:40.358Z", "LAST_EDITED_USER": "FairfaxCounty", "LAST_EDITED_DATE": "2025-03-09T06:07:40.358Z" }, "geometry": { "type": "Point", "coordinates": [ -77.407485934670703, 38.9063507776983 ] } },
{ "type": "Feature", "properties": { "OBJECTID": 5638, "TYPE": "POLL", "DESCRIPTION": "FRANKLIN MIDDLE SCHOOL", "JURISDICTION": "COUNTY OF FAIRFAX", "WEB_ADDRESS": null, "STREET_NUMBER": "3300", "STREET_NAME": "LEES CORNER RD", "PREC_IDENT": 905, "PREC_IDENT2": 927, "PRECINCT": "FRANKLIN, ARMFIELD", "DISTRICT": "SULLY", "ID": "905927", "CITY": "CHANTILLY", "CREATED_USER": "FairfaxCounty", "CREATED_DATE": "2025-03-09T06:07:40.358Z", "LAST_EDITED_USER": "FairfaxCounty", "LAST_EDITED_DATE": "2025-03-09T06:07:40.358Z" }, "geometry": { "type": "Point", "coordinates": [ -77.420728271165899, 38.907461572745099 ] } },
{ "type": "Feature", "properties": { "OBJECTID": 5639, "TYPE": "POLL", "DESCRIPTION": "ST. THOMAS A' BECKET CATHOLIC CHURCH", "JURISDICTION": "COUNTY OF FAIRFAX", "WEB_ADDRESS": null, "STREET_NUMBER": "1421", "STREET_NAME": "WIEHLE AVE", "PREC_IDENT": 245, "PREC_IDENT2": null, "PRECINCT": "PINEY RUN", "DISTRICT": "HUNTER MILL", "ID": "245", "CITY": "RESTON", "CREATED_USER": "FairfaxCounty", "CREATED_DATE": "2025-03-09T06:07:40.358Z", "LAST_EDITED_USER": "FairfaxCounty", "LAST_EDITED_DATE": "2025-03-09T06:07:40.358Z" }, "geometry": { "type": "Point", "coordinates": [ -77.332817226835502, 38.972050014594103 ] } },
{ "type": "Feature", "properties": { "OBJECTID": 5640, "TYPE": "POLL", "DESCRIPTION": "BAILEYS ELEMENTARY SCHOOL", "JURISDICTION": "COUNTY OF FAIRFAX", "WEB_ADDRESS": null, "STREET_NUMBER": "6111", "STREET_NAME": "KNOLLWOOD DR", "PREC_IDENT": 530, "PREC_IDENT2": null, "PRECINCT": "TRIPPS", "DISTRICT": "MASON", "ID": "530", "CITY": "FALLS CHURCH", "CREATED_USER": "FairfaxCounty", "CREATED_DATE": "2025-03-09T06:07:40.358Z", "LAST_EDITED_USER": "FairfaxCounty", "LAST_EDITED_DATE": "2025-03-09T06:07:40.358Z" }, "geometry": { "type": "Point", "coordinates": [ -77.144843977279294, 38.852326730018703 ] } },
{ "type": "Feature", "properties": { "OBJECTID": 5641, "TYPE": "POLL", "DESCRIPTION": "SILVERBROOK ELEMENTARY SCHOOL", "JURISDICTION": "COUNTY OF FAIRFAX", "WEB_ADDRESS": null, "STREET_NUMBER": "9350", "STREET_NAME": "CROSSPOINTE DR", "PREC_IDENT": 839, "PREC_IDENT2": null, "PRECINCT": "SILVERBROOK", "DISTRICT": "SPRINGFIELD", "ID": "839", "CITY": "FAIRFAX STATION", "CREATED_USER": "FairfaxCounty", "CREATED_DATE": "2025-03-09T06:07:40.358Z", "LAST_EDITED_USER": "FairfaxCounty", "LAST_EDITED_DATE": "2025-03-09T06:07:40.358Z" }, "geometry": { "type": "Point", "coordinates": [ -77.269391995632304, 38.728957731667698 ] } },
{ "type": "Feature", "properties": { "OBJECTID": 5642, "TYPE": "POLL", "DESCRIPTION": "ST. MARTIN DE PORRES EPISCOPAL CHURCH", "JURISDICTION": "COUNTY OF FAIRFAX", "WEB_ADDRESS": null, "STREET_NUMBER": "6744", "STREET_NAME": "SOUTH KINGS HWY", "PREC_IDENT": 424, "PREC_IDENT2": null, "PRECINCT": "HUNTLEY", "DISTRICT": "FRANCONIA", "ID": "424", "CITY": "ALEXANDRIA", "CREATED_USER": "FairfaxCounty", "CREATED_DATE": "2025-03-09T06:07:40.358Z", "LAST_EDITED_USER": "FairfaxCounty", "LAST_EDITED_DATE": "2025-03-09T06:07:40.358Z" }, "geometry": { "type": "Point", "coordinates": [ -77.101555763341295, 38.7722264781954 ] } },
{ "type": "Feature", "properties": { "OBJECTID": 5643, "TYPE": "POLL", "DESCRIPTION": "ROTONDA CONDOMINIUMS COMMUNITY CENTER", "JURISDICTION": "COUNTY OF FAIRFAX", "WEB_ADDRESS": null, "STREET_NUMBER": "8352", "STREET_NAME": "GREENSBORO DR", "PREC_IDENT": 735, "PREC_IDENT2": null, "PRECINCT": "ROTONDA", "DISTRICT": "PROVIDENCE", "ID": "735", "CITY": "MCLEAN", "CREATED_USER": "FairfaxCounty", "CREATED_DATE": "2025-03-09T06:07:40.358Z", "LAST_EDITED_USER": "FairfaxCounty", "LAST_EDITED_DATE": "2025-03-09T06:07:40.358Z" }, "geometry": { "type": "Point", "coordinates": [ -77.233822224581004, 38.928530286582699 ] } },
{ "type": "Feature", "properties": { "OBJECTID": 5644, "TYPE": "POLL", "DESCRIPTION": "NEWINGTON DVS FACILITY", "JURISDICTION": "COUNTY OF FAIRFAX", "WEB_ADDRESS": null, "STREET_NUMBER": "8201", "STREET_NAME": "CINDER BED RD", "PREC_IDENT": 630, "PREC_IDENT2": null, "PRECINCT": "ARMY", "DISTRICT": "MOUNT VERNON", "ID": "630", "CITY": "LORTON", "CREATED_USER": "FairfaxCounty", "CREATED_DATE": "2025-03-09T06:07:40.358Z", "LAST_EDITED_USER": "FairfaxCounty", "LAST_EDITED_DATE": "2025-03-09T06:07:40.358Z" }, "geometry": { "type": "Point", "coordinates": [ -77.180410159799706, 38.735116760810399 ] } },
{ "type": "Feature", "properties": { "OBJECTID": 5645, "TYPE": "POLL", "DESCRIPTION": "LUTHER JACKSON MIDDLE SCHOOL", "JURISDICTION": "COUNTY OF FAIRFAX", "WEB_ADDRESS": null, "STREET_NUMBER": "3020", "STREET_NAME": "GALLOWS RD", "PREC_IDENT": 721, "PREC_IDENT2": 736, "PRECINCT": "MERRIFIELD, BEDFORD", "DISTRICT": "PROVIDENCE", "ID": "721736", "CITY": "FALLS CHURCH", "CREATED_USER": "FairfaxCounty", "CREATED_DATE": "2025-03-09T06:07:40.358Z", "LAST_EDITED_USER": "FairfaxCounty", "LAST_EDITED_DATE": "2025-03-09T06:07:40.358Z" }, "geometry": { "type": "Point", "coordinates": [ -77.2283838514888, 38.868336546417602 ] } },
{ "type": "Feature", "properties": { "OBJECTID": 5646, "TYPE": "POLL", "DESCRIPTION": "MICHAEL R. FREY ANIMAL SHELTER", "JURISDICTION": "COUNTY OF FAIRFAX", "WEB_ADDRESS": null, "STREET_NUMBER": "4500", "STREET_NAME": "WEST OX RD", "PREC_IDENT": 802, "PREC_IDENT2": null, "PRECINCT": "CEDAR LAKE", "DISTRICT": "SPRINGFIELD", "ID": "802", "CITY": "FAIRFAX", "CREATED_USER": "FairfaxCounty", "CREATED_DATE": "2025-03-09T06:07:40.358Z", "LAST_EDITED_USER": "FairfaxCounty", "LAST_EDITED_DATE": "2025-03-09T06:07:40.358Z" }, "geometry": { "type": "Point", "coordinates": [ -77.372487955308003, 38.8563610134374 ] } },
{ "type": "Feature", "properties": { "OBJECTID": 5647, "TYPE": "POLL", "DESCRIPTION": "OAKTON LIBRARY", "JURISDICTION": "COUNTY OF FAIRFAX", "WEB_ADDRESS": null, "STREET_NUMBER": "10304", "STREET_NAME": "LYNNHAVEN PL", "PREC_IDENT": 732, "PREC_IDENT2": null, "PRECINCT": "OAKTON CROSSING", "DISTRICT": "PROVIDENCE", "ID": "732", "CITY": "OAKTON", "CREATED_USER": "FairfaxCounty", "CREATED_DATE": "2025-03-09T06:07:40.358Z", "LAST_EDITED_USER": "FairfaxCounty", "LAST_EDITED_DATE": "2025-03-09T06:07:40.358Z" }, "geometry": { "type": "Point", "coordinates": [ -77.302340927599801, 38.883956223555799 ] } },
{ "type": "Feature", "properties": { "OBJECTID": 5649, "TYPE": "POLL", "DESCRIPTION": "HUGHES MIDDLE SCHOOL", "JURISDICTION": "COUNTY OF FAIRFAX", "WEB_ADDRESS": null, "STREET_NUMBER": "11401", "STREET_NAME": "RIDGE HEIGHTS RD", "PREC_IDENT": 225, "PREC_IDENT2": null, "PRECINCT": "HUGHES", "DISTRICT": "HUNTER MILL", "ID": "225", "CITY": "RESTON", "CREATED_USER": "FairfaxCounty", "CREATED_DATE": "2025-03-09T06:07:40.358Z", "LAST_EDITED_USER": "FairfaxCounty", "LAST_EDITED_DATE": "2025-03-09T06:07:40.358Z" }, "geometry": { "type": "Point", "coordinates": [ -77.338365486335903, 38.935351015894497 ] } },
{ "type": "Feature", "properties": { "OBJECTID": 5650, "TYPE": "POLL", "DESCRIPTION": "GOODWIN HOUSE BAILEY'S CROSROADS", "JURISDICTION": "COUNTY OF FAIRFAX", "WEB_ADDRESS": null, "STREET_NUMBER": "3440", "STREET_NAME": "SOUTH JEFFERSON ST", "PREC_IDENT": 514, "PREC_IDENT2": null, "PRECINCT": "CROSSROADS", "DISTRICT": "MASON", "ID": "514", "CITY": "FALLS CHURCH", "CREATED_USER": "FairfaxCounty", "CREATED_DATE": "2025-03-09T06:07:40.358Z", "LAST_EDITED_USER": "FairfaxCounty", "LAST_EDITED_DATE": "2025-03-09T06:07:40.358Z" }, "geometry": { "type": "Point", "coordinates": [ -77.120109720988197, 38.851102946255097 ] } },
{ "type": "Feature", "properties": { "OBJECTID": 5651, "TYPE": "POLL", "DESCRIPTION": "PAUL SPRING RETIREMENT COMMUNITY", "JURISDICTION": "COUNTY OF FAIRFAX", "WEB_ADDRESS": null, "STREET_NUMBER": "7116", "STREET_NAME": "FORT HUNT RD", "PREC_IDENT": 609, "PREC_IDENT2": null, "PRECINCT": "MARLAN", "DISTRICT": "MOUNT VERNON", "ID": "609", "CITY": "ALEXANDRIA", "CREATED_USER": "FairfaxCounty", "CREATED_DATE": "2025-03-09T06:07:40.358Z", "LAST_EDITED_USER": "FairfaxCounty", "LAST_EDITED_DATE": "2025-03-09T06:07:40.358Z" }, "geometry": { "type": "Point", "coordinates": [ -77.060717153407893, 38.7620479747155 ] } },
{ "type": "Feature", "properties": { "OBJECTID": 5652, "TYPE": "POLL", "DESCRIPTION": "LIBERTY MIDDLE SCHOOL", "JURISDICTION": "COUNTY OF FAIRFAX", "WEB_ADDRESS": null, "STREET_NUMBER": "6801", "STREET_NAME": "UNION MILL RD", "PREC_IDENT": 859, "PREC_IDENT2": null, "PRECINCT": "LIBERTY", "DISTRICT": "SPRINGFIELD", "ID": "859", "CITY": "CLIFTON", "CREATED_USER": "FairfaxCounty", "CREATED_DATE": "2025-03-09T06:07:40.358Z", "LAST_EDITED_USER": "FairfaxCounty", "LAST_EDITED_DATE": "2025-03-09T06:07:40.358Z" }, "geometry": { "type": "Point", "coordinates": [ -77.418171834638201, 38.8056680324787 ] } },
{ "type": "Feature", "properties": { "OBJECTID": 5653, "TYPE": "POLL", "DESCRIPTION": "OAKMONT RECREATION CENTER", "JURISDICTION": "COUNTY OF FAIRFAX", "WEB_ADDRESS": null, "STREET_NUMBER": "3200", "STREET_NAME": "JERMANTOWN RD", "PREC_IDENT": 857, "PREC_IDENT2": null, "PRECINCT": "ISLAND POND", "DISTRICT": "PROVIDENCE", "ID": "857", "CITY": "OAKTON", "CREATED_USER": "FairfaxCounty", "CREATED_DATE": "2025-03-09T06:07:40.358Z", "LAST_EDITED_USER": "FairfaxCounty", "LAST_EDITED_DATE": "2025-03-09T06:07:40.358Z" }, "geometry": { "type": "Point", "coordinates": [ -77.314149985033296, 38.875316455457501 ] } },
{ "type": "Feature", "properties": { "OBJECTID": 5654, "TYPE": "POLL", "DESCRIPTION": "HALLEY ELEMENTARY SCHOOL", "JURISDICTION": "COUNTY OF FAIRFAX", "WEB_ADDRESS": null, "STREET_NUMBER": "8850", "STREET_NAME": "CROSS CHASE CIR", "PREC_IDENT": 632, "PREC_IDENT2": 633, "PRECINCT": "HALLEY #1, HALLEY #2", "DISTRICT": "MOUNT VERNON", "ID": "632633", "CITY": "FAIRFAX STATION", "CREATED_USER": "FairfaxCounty", "CREATED_DATE": "2025-03-09T06:07:40.358Z", "LAST_EDITED_USER": "FairfaxCounty", "LAST_EDITED_DATE": "2025-03-09T06:07:40.358Z" }, "geometry": { "type": "Point", "coordinates": [ -77.259966953052995, 38.717932417910802 ] } },
{ "type": "Feature", "properties": { "OBJECTID": 6052, "TYPE": "POLL", "DESCRIPTION": "LORTON COMMUNITY CENTER", "JURISDICTION": "COUNTY OF FAIRFAX", "WEB_ADDRESS": null, "STREET_NUMBER": "9520", "STREET_NAME": "RICHMOND HWY", "PREC_IDENT": 617, "PREC_IDENT2": null, "PRECINCT": "LORTON", "DISTRICT": "MOUNT VERNON", "ID": "617", "CITY": "LORTON", "CREATED_USER": "FairfaxCounty", "CREATED_DATE": "2025-03-09T06:07:40.358Z", "LAST_EDITED_USER": "FairfaxCounty", "LAST_EDITED_DATE": "2025-03-09T06:07:40.358Z" }, "geometry": { "type": "Point", "coordinates": [ -77.214129387838895, 38.698084324136602 ] } },
{ "type": "Feature", "properties": { "OBJECTID": 6053, "TYPE": "POLL", "DESCRIPTION": "BURKE CENTRE LIBRARY", "JURISDICTION": "COUNTY OF FAIRFAX", "WEB_ADDRESS": null, "STREET_NUMBER": "5935", "STREET_NAME": "FREDS OAK RD", "PREC_IDENT": 805, "PREC_IDENT2": null, "PRECINCT": "FAIRFAX STATION", "DISTRICT": "SPRINGFIELD", "ID": "805", "CITY": "BURKE", "CREATED_USER": "FairfaxCounty", "CREATED_DATE": "2025-03-09T06:07:40.358Z", "LAST_EDITED_USER": "FairfaxCounty", "LAST_EDITED_DATE": "2025-03-09T06:07:40.358Z" }, "geometry": { "type": "Point", "coordinates": [ -77.317182806097307, 38.787358391960304 ] } },
{ "type": "Feature", "properties": { "OBJECTID": 6452, "TYPE": "POLL", "DESCRIPTION": "THE PARC AT TYSONS", "JURISDICTION": "COUNTY OF FAIRFAX", "WEB_ADDRESS": null, "STREET_NUMBER": "8508", "STREET_NAME": "LEESBURG PIKE", "PREC_IDENT": 731, "PREC_IDENT2": null, "PRECINCT": "TYSONS", "DISTRICT": "PROVIDENCE", "ID": "731", "CITY": "VIENNA", "CREATED_USER": "FairfaxCounty", "CREATED_DATE": "2025-03-09T06:07:40.358Z", "LAST_EDITED_USER": "FairfaxCounty", "LAST_EDITED_DATE": "2025-03-09T06:07:40.358Z" }, "geometry": { "type": "Point", "coordinates": [ -77.238531239329404, 38.926772154788203 ] } },
{ "type": "Feature", "properties": { "OBJECTID": 6852, "TYPE": "POLL", "DESCRIPTION": "SKYLINE PLAZA RESIDENTIAL TOWERS", "JURISDICTION": "COUNTY OF FAIRFAX", "WEB_ADDRESS": null, "STREET_NUMBER": "3703", "STREET_NAME": "SOUTH GEORGE MASON DR", "PREC_IDENT": 509, "PREC_IDENT2": null, "PRECINCT": "PLAZA", "DISTRICT": "MASON", "ID": "509", "CITY": "FALLS CHURCH", "CREATED_USER": "FairfaxCounty", "CREATED_DATE": "2025-03-09T06:07:40.358Z", "LAST_EDITED_USER": "FairfaxCounty", "LAST_EDITED_DATE": "2025-03-09T06:07:40.358Z" }, "geometry": { "type": "Point", "coordinates": [ -77.114061704417693, 38.843396250107702 ] } },
{ "type": "Feature", "properties": { "OBJECTID": 7252, "TYPE": "POLL", "DESCRIPTION": "WAYNE H. NICKUM TOWN HALL", "JURISDICTION": "COUNTY OF FAIRFAX", "WEB_ADDRESS": null, "STREET_NUMBER": "12641", "STREET_NAME": "CHAPEL RD", "PREC_IDENT": 858, "PREC_IDENT2": null, "PRECINCT": "CLIFTON TOWN", "DISTRICT": "SPRINGFIELD", "ID": "858", "CITY": "CLIFTON", "CREATED_USER": "FairfaxCounty", "CREATED_DATE": "2025-03-09T06:07:40.358Z", "LAST_EDITED_USER": "FairfaxCounty", "LAST_EDITED_DATE": "2025-03-09T06:07:40.358Z" }, "geometry": { "type": "Point", "coordinates": [ -77.3844014957958, 38.781026883815102 ] } }
]
}
