{"type":"FeatureCollection","features":[{"type":"Feature","geometry":{"type":"LineString","coordinates":[[-77.269708999780562,38.884038999698113],[-77.269934999736364,38.883752999805843],[-77.270215000118853,38.883321999989057],[-77.270571999595916,38.883130999909085],[-77.271031999903443,38.882857000142586]]},"properties":{"NAME":"Moorefield Hill Ct SW","BASENAME":"Moorefield Hill","MTFCC":"S1400"}},{"type":"Feature","geometry":{"type":"LineString","coordinates":[[-77.260658999705811,38.876274000256068],[-77.260108000060001,38.875828000267987]]},"properties":{"NAME":"Tanzanite Pl","BASENAME":"Tanzanite","MTFCC":"S1400"}},{"type":"Feature","geometry":{"type":"LineString","coordinates":[[-77.279246999751948,38.87967700002163],[-77.279415999806332,38.87969500020116],[-77.279481000103672,38.879753000049284],[-77.279452999616254,38.879906999874478],[-77.279357000255104,38.879946000131447],[-77.279292999782697,38.879849000152056],[-77.279246999751948,38.87967700002163]]},"properties":{"NAME":"Sutton Oaks Ln","BASENAME":"Sutton Oaks","MTFCC":"S1400"}},{"type":"Feature","geometry":{"type":"LineString","coordinates":[[-77.242914000281871,38.877326000323791],[-77.2428310004412,38.877470000102527],[-77.242775000364702,38.87755600009347],[-77.24273799965647,38.877602999857523],[-77.242705000044495,38.87764500009645],[-77.242670999709318,38.877682000119954],[-77.242619999655687,38.877741000249756],[-77.242576000173074,38.87778000029688],[-77.242541000012977,38.877819000322596],[-77.242494999982213,38.877879999710174],[-77.242414999616287,38.878003999794224],[-77.242360000263005,38.878129999725672],[-77.242340999996429,38.878196999731465],[-77.242320999904933,38.878264999704065],[-77.242289000117893,38.878327000136579],[-77.242242000262237,38.878376000146829],[-77.242187000010631,38.87841199976183],[-77.242127999561092,38.878670000198312],[-77.242159000421552,38.879150999755247]]},"properties":{"NAME":"Grovemore Ln","BASENAME":"Grovemore","MTFCC":"S1400"}},{"type":"Feature","geometry":{"type":"LineString","coordinates":[[-77.259288999727247,38.875825000075139],[-77.259165999703612,38.875913000084907],[-77.258138999856726,38.876678000156218],[-77.258055000191135,38.876720000242592],[-77.257957000281849,38.876750999740871],[-77.257854000349681,38.876767999911188],[-77.257731000326046,38.876767999911188],[-77.25762900021877,38.876751999792184],[-77.257517000065789,38.876713999932051],[-77.257441999722715,38.876672999894559],[-77.257373999950659,38.876620999949452],[-77.257292999759798,38.876527999845095],[-77.256891999901796,38.875934000007511],[-77.256659000273302,38.875572000139442],[-77.256522000005958,38.87537699992545],[-77.256434000142406,38.875290000023192],[-77.256337000058025,38.875215000190813],[-77.256224000080138,38.875148000170995],[-77.256147999912145,38.875112000301272],[-77.256082999614804,38.875088999986474],[-77.255986000428749,38.875063000138496],[-77.255733999635353,38.875016000093325],[-77.255615999634585,38.874988000066566],[-77.255514000425634,38.874958999952227],[-77.25540499974737,38.87491800030093],[-77.255309000386234,38.874869000004402],[-77.255215999601489,38.874809000208991],[-77.255127999737951,38.8747360000283],[-77.255086999730082,38.874692000007684],[-77.255055999767947,38.874660000229916],[-77.255002000239571,38.874585999814407],[-77.254968999729286,38.874527999945258],[-77.254936000117326,38.87445199992446],[-77.254914000376004,38.874376999907071],[-77.254875999842866,38.874169000172131],[-77.254813000093677,38.873724999750316],[-77.254752999819218,38.873370999912311]]},"properties":{"NAME":"Glenvale Dr","BASENAME":"Glenvale","MTFCC":"S1400"}},{"type":"Feature","geometry":{"type":"LineString","coordinates":[[-77.245710000315484,38.923883000196469],[-77.246036999655317,38.923595999930932]]},"properties":{"NAME":"Vesper St","BASENAME":"Vesper","MTFCC":"S1400"}},{"type":"Feature","geometry":{"type":"LineString","coordinates":[[-77.246544999643433,38.898399000340518],[-77.246924999585033,38.898688999662447]]},"properties":{"NAME":"Carole Ct SE","BASENAME":"Carole","MTFCC":"S1400"}},{"type":"Feature","geometry":{"type":"LineString","coordinates":[[-77.265609999715522,38.920040999684637],[-77.265565000408017,38.920020999663052],[-77.265500000110691,38.919981999744486],[-77.265435999638271,38.919926000182322],[-77.265353999622491,38.919809000205674],[-77.265296999721087,38.919699999802916],[-77.265259999911166,38.919589000336401],[-77.265239999819684,38.919470000205465],[-77.265242000367834,38.918976999933342]]},"properties":{"NAME":"Nigel Ct","BASENAME":"Nigel","MTFCC":"S1400"}},{"type":"Feature","geometry":{"type":"LineString","coordinates":[[-77.271681000356892,38.881108000065716],[-77.27170599957293,38.881402999988403],[-77.271766999672295,38.881796000317728],[-77.271811999878125,38.882084000347952]]},"properties":{"NAME":"Chanbourne Way","BASENAME":"Chanbourne","MTFCC":"S1400"}},{"type":"Feature","geometry":{"type":"LineString","coordinates":[[-77.275838999973146,38.889506999700338],[-77.275635999583542,38.889639000128739]]},"properties":{"NAME":"Grand Oaks Ct","BASENAME":"Grand Oaks","MTFCC":"S1400"}},{"type":"Feature","geometry":{"type":"LineString","coordinates":[[-77.288931000211505,38.878364999833487],[-77.288746000263572,38.87775299999759],[-77.288696000034861,38.877597999660885]]},"properties":{"NAME":"Langholm Pl","BASENAME":"Langholm","MTFCC":"S1400"}},{"type":"Feature","geometry":{"type":"LineString","coordinates":[[-77.258492000034138,38.909079000070136],[-77.258671999959191,38.909222999794736],[-77.258887999869259,38.909368999809509],[-77.25895599964133,38.909395999975629],[-77.259013000441044,38.909399000148795],[-77.259056000098752,38.909383999980719],[-77.259174000099534,38.909306000313926],[-77.259258999590031,38.909227999862459],[-77.259317000214665,38.909160999764666],[-77.25934700035188,38.909113000313006],[-77.25938199961368,38.908985000218507]]},"properties":{"NAME":"Council Dr NE","BASENAME":"Council","MTFCC":"S1400"}},{"type":"Feature","geometry":{"type":"LineString","coordinates":[[-77.263884999909735,38.878901999856033],[-77.262779000420153,38.878960999672323],[-77.261673999857123,38.879028000293225],[-77.260768000384076,38.879055000108075],[-77.259384000161816,38.879128000048254],[-77.258532000217116,38.879188999710856],[-77.258112000092552,38.879208000030701],[-77.257342000163604,38.879254000084714],[-77.256121000147971,38.879319999714923],[-77.255105000171724,38.879380999912023],[-77.254550000327953,38.879412000347486],[-77.254418999908381,38.879419999758362],[-77.254350000311405,38.879408000292081],[-77.254310999953361,38.879348000132886]]},"properties":{"NAME":null,"BASENAME":null,"MTFCC":"S1630"}},{"type":"Feature","geometry":{"type":"LineString","coordinates":[[-77.240996999957133,38.899833999699688],[-77.240591000076265,38.899807999818236],[-77.240334000158313,38.899692999690558],[-77.240125999745871,38.899422000081778],[-77.240062999996681,38.899254000135173],[-77.23999500022461,38.899047999991069],[-77.239960999889419,38.898884999955818],[-77.239955999866552,38.898760999961461],[-77.240006000095264,38.898131999688616],[-77.24002799983657,38.897998000158793],[-77.240040000430454,38.897959000023775],[-77.24010499982947,38.897805000177684],[-77.240159000256142,38.897717000015831],[-77.240379000364157,38.897390999752979],[-77.240598999573876,38.897088000283425]]},"properties":{"NAME":"Richelieu Dr","BASENAME":"Richelieu","MTFCC":"S1400"}},{"type":"Feature","geometry":{"type":"LineString","coordinates":[[-77.28809099996235,38.87754899981347],[-77.289712000011093,38.877262999673228]]},"properties":{"NAME":"Bickley Ct","BASENAME":"Bickley","MTFCC":"S1400"}},{"type":"Feature","geometry":{"type":"LineString","coordinates":[[-77.26333599991375,38.895792999824465],[-77.261936999622861,38.894716999758636],[-77.261827999842922,38.894625000067357],[-77.26172800028381,38.894517999744444],[-77.261643999719908,38.894400000031361],[-77.261585000168679,38.8942869998438],[-77.261543000335891,38.894168999746867],[-77.26151900004642,38.894063999750571],[-77.261509000000686,38.893934000172685],[-77.26151900004642,38.893801000223775],[-77.261548000358744,38.893678000254404],[-77.261594000389493,38.893558000215371],[-77.261748000375292,38.893296000031633]]},"properties":{"NAME":"Birch St SW","BASENAME":"Birch","MTFCC":"S1400"}},{"type":"Feature","geometry":{"type":"LineString","coordinates":[[-77.281104999627132,38.908427999926957],[-77.281593000422063,38.908454000146975]]},"properties":{"NAME":null,"BASENAME":null,"MTFCC":"S1400"}},{"type":"Feature","geometry":{"type":"LineString","coordinates":[[-77.282292000205885,38.89939199972094],[-77.281542000368447,38.89857800019449],[-77.281497999987508,38.898505999709869],[-77.281467999850292,38.898425000038728],[-77.281424000367664,38.898102000181048]]},"properties":{"NAME":"Oak Vale Ct NW","BASENAME":"Oak Vale","MTFCC":"S1400"}},{"type":"Feature","geometry":{"type":"LineString","coordinates":[[-77.24157299971732,38.89593399988685],[-77.241595000356938,38.895955000184543],[-77.241720000030412,38.896019000121392],[-77.24185700029777,38.896074999669239],[-77.242108000367935,38.896190999840677],[-77.242243000087143,38.896249000204918]]},"properties":{"NAME":"Locust Dr","BASENAME":"Locust","MTFCC":"S1400"}},{"type":"Feature","geometry":{"type":"LineString","coordinates":[[-77.255214999776584,38.890226000339574],[-77.255304000363353,38.890166000226095],[-77.255435999709519,38.890096999893146],[-77.255572000151972,38.890044000118834],[-77.255702999673218,38.89000899996914],[-77.255885000146392,38.88997700009687],[-77.256079000315168,38.889937999752348],[-77.256255999867193,38.889889999890556],[-77.256443000363248,38.889826000024378],[-77.25664000000674,38.889740000200817],[-77.256821999581604,38.889640999868476],[-77.256969999719601,38.889542999968626],[-77.257814999991623,38.889000999864479],[-77.257918999748696,38.888932999678154],[-77.258054000366229,38.888852000276131]]},"properties":{"NAME":"Harmony Dr SW","BASENAME":"Harmony","MTFCC":"S1400"}},{"type":"Feature","geometry":{"type":"LineString","coordinates":[[-77.246563999910009,38.910374000079393],[-77.246526000275182,38.910545999976534],[-77.246490000290166,38.910624999952155],[-77.246430000015707,38.910703999839917],[-77.246243000417962,38.910881000286658],[-77.246091999906909,38.911023000014012],[-77.245993999997623,38.911134000297153],[-77.245949999616684,38.911202000195964],[-77.245903999585934,38.911318000119628],[-77.245881999844613,38.911422999766621],[-77.245879000369897,38.911521999790743],[-77.245897999738148,38.911710000339035],[-77.245928999700283,38.911791999790168],[-77.245971000431396,38.911859000200515],[-77.246021999586702,38.911897000133912]]},"properties":{"NAME":"Westwood Forest Dr","BASENAME":"Westwood Forest","MTFCC":"S1400"}},{"type":"Feature","geometry":{"type":"LineString","coordinates":[[-77.273921999648408,38.889153000169046],[-77.274046000395259,38.889081999795891],[-77.274838000065515,38.888680000264067],[-77.274952999693241,38.888616000006941],[-77.27523200025081,38.888461000292445],[-77.275483000320989,38.88829400017638],[-77.275793999767288,38.888117000056099],[-77.276114000332754,38.887947000149587],[-77.276194999625289,38.887908000088956],[-77.276270999793269,38.887882000036647],[-77.276485000053512,38.887782999911742],[-77.276731999925701,38.887648999734843],[-77.277260999830233,38.887359999985229],[-77.277510000250572,38.887249000291511],[-77.277936000222908,38.887021000244324],[-77.277993000124326,38.886988999725261],[-77.278089000383801,38.886939000152715],[-77.278192000315954,38.886857999875495],[-77.278286999852199,38.886801000143031],[-77.278651999725184,38.886612000150791],[-77.279390999691984,38.88622899976783],[-77.28038699957672,38.885687000250641],[-77.280666999959223,38.88555099976152],[-77.281231999848728,38.885239999973237],[-77.281653999623117,38.885014000340938],[-77.281918000112071,38.884884000282433],[-77.282128000174367,38.884790999804203],[-77.282334000038688,38.884700999721673],[-77.282816000087536,38.884512999678769],[-77.283190000181349,38.884352999681894],[-77.283395000220764,38.884271999952531],[-77.283535999787759,38.884217000135436],[-77.283851000330344,38.884114999955116],[-77.28399699992022,38.884066999655069],[-77.28431099973956,38.883945000261527],[-77.284823999750543,38.883730000189928],[-77.285073999995802,38.883647999796096],[-77.285285999707909,38.883577000214316],[-77.286272000445237,38.883200000015492],[-77.286402999966484,38.883149999874149],[-77.286459000042981,38.883114999824194],[-77.286663000257477,38.883034000081935],[-77.287306999789735,38.882787999703083],[-77.287434000011331,38.882748000339831],[-77.28760200024081,38.88271300009179],[-77.287801000432466,38.882670000083174],[-77.287916000060179,38.882656999798989],[-77.28804800030467,38.882650999989806],[-77.288848000370834,38.882643000243377],[-77.289621999599404,38.882629999954254],[-77.290045999921929,38.882612999787717],[-77.290579000024394,38.882597000285458],[-77.291326000387116,38.882581000080258],[-77.291369000044824,38.882574000295286],[-77.291415000075574,38.882563999902047],[-77.291501000289301,38.882559000054499],[-77.291691000260087,38.882554000206639],[-77.291963000246668,38.882569999718577],[-77.292124999730063,38.882565999840949],[-77.29230300000529,38.882561999963031],[-77.29261500017482,38.882560999993537],[-77.292650000334916,38.882564999871498],[-77.292686000319932,38.882582000049474],[-77.292723999954774,38.882616999662766],[-77.292824000412182,38.882744999739849],[-77.292909999727598,38.882850999650948]]},"properties":{"NAME":"Courthouse Rd","BASENAME":"Courthouse","MTFCC":"S1400"}},{"type":"Feature","geometry":{"type":"LineString","coordinates":[[-77.26596799991583,38.878208000070813],[-77.265676999662674,38.878100000161893],[-77.265615999563323,38.878066999787869],[-77.26554100011856,38.878011000029396],[-77.26547800036937,38.877939999710193],[-77.26543300016354,38.877858999663204],[-77.265409999699003,38.877779000260084],[-77.265408999874083,38.877691999801655],[-77.265428000140659,38.877615000327935],[-77.26544900005706,38.877564999753091],[-77.265497999562541,38.877491000264399],[-77.265563999684773,38.877424000292308],[-77.265647000423783,38.877366999984552],[-77.265738999586972,38.877324000237401],[-77.265833000196608,38.877297999808434],[-77.265926999907947,38.877287000027515],[-77.266025999642153,38.877291000202362],[-77.266116000053827,38.877307000200084],[-77.266198000069593,38.87733399996948],[-77.266557999919698,38.877507000217079]]},"properties":{"NAME":null,"BASENAME":null,"MTFCC":"S1630"}},{"type":"Feature","geometry":{"type":"LineString","coordinates":[[-77.264601000310307,38.907055000023391],[-77.264525999967248,38.907051999751154],[-77.264183999660474,38.907090999785041],[-77.263983999643941,38.907149999956943]]},"properties":{"NAME":null,"BASENAME":null,"MTFCC":"S1400"}},{"type":"Feature","geometry":{"type":"LineString","coordinates":[[-77.280208000374913,38.882181000073459],[-77.281256999963105,38.882183999997963],[-77.281532000322699,38.882174000249073],[-77.283830000413943,38.882013999879796],[-77.284417999869689,38.881969000191795],[-77.284937999553364,38.881890999779266],[-77.285555000219745,38.881796000317728],[-77.286079000101381,38.881727000246393],[-77.28636299978352,38.881703999974647],[-77.286788999755856,38.881689000249438],[-77.28759100037017,38.881661000054692],[-77.287724000439553,38.881650000249877],[-77.287865000006562,38.881627999935802],[-77.28815600025969,38.88155499976677],[-77.288824000081377,38.881361999859081],[-77.288978000067161,38.881328000313829],[-77.289220999741417,38.881287000141235]]},"properties":{"NAME":"Oleander Ave","BASENAME":"Oleander","MTFCC":"S1400"}},{"type":"Feature","geometry":{"type":"LineString","coordinates":[[-77.28295300035488,38.919923999897605],[-77.282862999943205,38.919405000290489],[-77.282750999790196,38.918758999898955],[-77.282749999965304,38.918638000151866],[-77.282779000277614,38.918461000179107],[-77.282780000102534,38.918350000172268],[-77.282761999660863,38.918236000192344],[-77.282724000026022,38.918128999805482],[-77.2826720001475,38.91803200024939],[-77.282605000200348,38.917941999656456],[-77.282529999857275,38.917864999780761],[-77.282370999848624,38.917738000266141],[-77.281954000097087,38.917439999753313]]},"properties":{"NAME":"Contralto Ct","BASENAME":"Contralto","MTFCC":"S1400"}},{"type":"Feature","geometry":{"type":"LineString","coordinates":[[-77.269100000408429,38.895088000207565],[-77.269539999726149,38.894580999777659]]},"properties":{"NAME":"Albrecht Cir SW","BASENAME":"Albrecht","MTFCC":"S1400"}},{"type":"Feature","geometry":{"type":"LineString","coordinates":[[-77.266249000123224,38.921815000002219],[-77.266562000117673,38.921878999691408],[-77.266810999639688,38.921921999723125]]},"properties":{"NAME":"Kilport Ct","BASENAME":"Kilport","MTFCC":"S1400"}},{"type":"Feature","geometry":{"type":"LineString","coordinates":[[-77.246565999559834,38.877233999787869],[-77.247091000164701,38.877255000019538],[-77.247232999556601,38.877294000333322],[-77.247429000273499,38.877278000332687]]},"properties":{"NAME":"Cedar Meadow Ct","BASENAME":"Cedar Meadow","MTFCC":"S1400"}},{"type":"Feature","geometry":{"type":"LineString","coordinates":[[-77.26963900035868,38.876617999790035],[-77.269116000301935,38.876405000039078],[-77.269086000164734,38.876384000255648],[-77.268772000345365,38.876252999734568],[-77.268647999598485,38.876215000306971],[-77.268594999895043,38.876199000063401],[-77.268436999711298,38.876166000205316],[-77.268315000410865,38.876151000010438],[-77.268070000188501,38.876158999788402],[-77.267829999988962,38.876180999697674],[-77.267670000155405,38.876206999835958]]},"properties":{"NAME":null,"BASENAME":null,"MTFCC":"S1400"}},{"type":"Feature","geometry":{"type":"LineString","coordinates":[[-77.275042000280024,38.898125000037702],[-77.275094999983452,38.898822999985732]]},"properties":{"NAME":"Jade Ct NW","BASENAME":"Jade","MTFCC":"S1400"}},{"type":"Feature","geometry":{"type":"LineString","coordinates":[[-77.26152499989422,38.898744999901332],[-77.263412000081729,38.897237999836328],[-77.265456999554658,38.89561199967126],[-77.265515000179292,38.895544000220646],[-77.265551999989214,38.895485999979797]]},"properties":{"NAME":"Elm St SW","BASENAME":"Elm","MTFCC":"S1400"}},{"type":"Feature","geometry":{"type":"LineString","coordinates":[[-77.274191999985135,38.90419199968678],[-77.274285999696474,38.904048000242796],[-77.274328000427587,38.904004000199073],[-77.274392999826588,38.90396000012808],[-77.276249000051948,38.902890000271057],[-77.276890000109475,38.902519000035412],[-77.276971000300321,38.902471000287278],[-77.277290000142543,38.90228699990346],[-77.277504000402786,38.902163999950915],[-77.278100000254454,38.901819999668398],[-77.278597000371903,38.901517999924344],[-77.280143999902478,38.900614999821492],[-77.28052700021712,38.900397000014387],[-77.28080900024942,38.900237000140585],[-77.281128999916575,38.900058000273908],[-77.281482000093987,38.899860999996775],[-77.281877000104203,38.899637999928416],[-77.281996999754796,38.89957099986826],[-77.282115999580483,38.899503000013866]]},"properties":{"NAME":"Malcolm Rd NW","BASENAME":"Malcolm","MTFCC":"S1400"}},{"type":"Feature","geometry":{"type":"LineString","coordinates":[[-77.239309999786158,38.901765999854774],[-77.239298000090614,38.901470999901925],[-77.239279999648943,38.901333999867262],[-77.239255000432905,38.901207999841866],[-77.239246000212063,38.901167999664942],[-77.239204000379274,38.901037999808324],[-77.239148000302777,38.900911000245578],[-77.23905100021841,38.900736999947362],[-77.239019000431355,38.900692999949023],[-77.238959000156896,38.90063199987452],[-77.238883999813822,38.900579000271463],[-77.238805000171098,38.900542000287729],[-77.238697000216078,38.900511999700967],[-77.238604000329644,38.900501999735624],[-77.238415000183764,38.900510999984149],[-77.238320999574128,38.900510000267303],[-77.238251000152232,38.900493999902153],[-77.238188000403042,38.900464999711772],[-77.238138999999251,38.900426000232542],[-77.238102000189315,38.900376000331164]]},"properties":{"NAME":"Woodford Rd","BASENAME":"Woodford","MTFCC":"S1400"}},{"type":"Feature","geometry":{"type":"LineString","coordinates":[[-77.274058999915752,38.894600000176247],[-77.274555000208295,38.895220999843808],[-77.274597000041084,38.895260000084157],[-77.27479299985967,38.895505999923557],[-77.274899000164893,38.895614999727762],[-77.275017000165661,38.895711999855401],[-77.274988999678257,38.895736000270198],[-77.275121999747654,38.895853000078603],[-77.275765000353275,38.896346000165757],[-77.276207000219159,38.896676999885223],[-77.27627499999123,38.896728999833961],[-77.276541999954915,38.89693499971397],[-77.276813999941481,38.897154999889814],[-77.276853000299539,38.897193999767239],[-77.276932999767169,38.89729000007344],[-77.277034000049511,38.89748800025135],[-77.277074000232489,38.897634999687405],[-77.277102999646473,38.898021000049084],[-77.277266999678005,38.900305999710909],[-77.277384999678787,38.901976999682987],[-77.277409999793136,38.902049999838688],[-77.277449000151222,38.902109000005495],[-77.277504000402786,38.902163999950915]]},"properties":{"NAME":"Nutley St NW","BASENAME":"Nutley","MTFCC":"S1400"}},{"type":"Feature","geometry":{"type":"LineString","coordinates":[[-77.252212000053731,38.886626000322856],[-77.251601000133448,38.886648999700505],[-77.251502000399256,38.886643000228368],[-77.251398999568792,38.886623999798985],[-77.251302000382722,38.886591999800288],[-77.251225000389837,38.886552999695077],[-77.25115500006963,38.886502999815676],[-77.251115999711558,38.886468999933491],[-77.25105700016033,38.88639900028943],[-77.251016999977367,38.886327999960614],[-77.250990000213179,38.886243000015362],[-77.250949000205296,38.885637999687937],[-77.250934000136681,38.885545000196721],[-77.250897000326773,38.885452999813246],[-77.250843999725006,38.885371000009563],[-77.25077500012803,38.885298000189941],[-77.25071200037884,38.885247000194774],[-77.25063399966271,38.885201999757378],[-77.250546999624092,38.885168999884641],[-77.249838999619413,38.885004000291083]]},"properties":{"NAME":"Kelley St SW","BASENAME":"Kelley","MTFCC":"S1400"}},{"type":"Feature","geometry":{"type":"LineString","coordinates":[[-77.278988000184157,38.920866999986224],[-77.279075000222818,38.92089600022905],[-77.279156000413664,38.920906000117235],[-77.279234000231469,38.920903999860187],[-77.279408000308734,38.920882999952944],[-77.279816999664334,38.920826000273351]]},"properties":{"NAME":"Prelude Ct","BASENAME":"Prelude","MTFCC":"S1400"}},{"type":"Feature","geometry":{"type":"LineString","coordinates":[[-77.224767000276714,38.885996000337578],[-77.22539999993829,38.886163000261853],[-77.225798000321561,38.886277999922847],[-77.226641999870324,38.886500000073475],[-77.227022999636844,38.886594000325054],[-77.227125999569012,38.886627000235137],[-77.227260000361625,38.886684000107216],[-77.227755999755843,38.886917000077958],[-77.227928000183311,38.886981999675378],[-77.228122000352073,38.887038000055384],[-77.228324999843338,38.887078999706247],[-77.228565999867754,38.88710599995801],[-77.228775000105145,38.887112000090234],[-77.228867000166645,38.88710899967456],[-77.228944999984463,38.887100999730841],[-77.229112000389023,38.887073000270441],[-77.229284999743072,38.887029000197046],[-77.230928000431433,38.886422999655736],[-77.23245800024354,38.885854000202016],[-77.234000999576153,38.885282999824938],[-77.235019999925441,38.884908000160529],[-77.235407000438045,38.884755999863359],[-77.235635000043672,38.884682000171381],[-77.235829000212433,38.884637000075386],[-77.235948000038121,38.884617999808704],[-77.236127999963173,38.884602000058678],[-77.236312999911107,38.88460000017708],[-77.236403000322795,38.884606999762411],[-77.236507000079854,38.884614999986965],[-77.236667999738344,38.884621000329581],[-77.236821999724128,38.884614000046362],[-77.236984999930755,38.884587000245986],[-77.237097000083736,38.884558999794756],[-77.237287000054536,38.884484999897644],[-77.23745799975876,38.884387999821271],[-77.237562000414158,38.884309000021645],[-77.237903999822606,38.88400400008608],[-77.238465000412475,38.883502999993681],[-77.238565999796506,38.883426999781307],[-77.238724999805157,38.883331000316936],[-77.238871000293358,38.883260999678818],[-77.239124999838253,38.883164000029147],[-77.239456000274359,38.883048000259798],[-77.239755000025085,38.882956000139309],[-77.240165999928834,38.882844999858143],[-77.240667000244258,38.88274399977287],[-77.241155000140878,38.882672000019141],[-77.241587999785935,38.882589999802768],[-77.241932999567425,38.882505000280233],[-77.242152999675454,38.882441000054321],[-77.242699000196708,38.882270999851769],[-77.243254000040508,38.882098999989722],[-77.243403999828317,38.882061000191761],[-77.243609999692652,38.88201999974283],[-77.243789999617704,38.881994000332767],[-77.244071999650004,38.881974000080824],[-77.244253000298301,38.881973000103045],[-77.244442000444167,38.881981999902564],[-77.244511000041157,38.881989999723416],[-77.244803000119191,38.882040999958669],[-77.245182000235886,38.882156999973475],[-77.245502999727947,38.882270999851769]]},"properties":{"NAME":"Cottage St","BASENAME":"Cottage","MTFCC":"S1400"}},{"type":"Feature","geometry":{"type":"LineString","coordinates":[[-77.279682999770046,38.917808999945777],[-77.279589000058706,38.917550999785703],[-77.279574999814997,38.917447999774069],[-77.279594000081573,38.917232999776964]]},"properties":{"NAME":"Reprise Ct","BASENAME":"Reprise","MTFCC":"S1400"}},{"type":"Feature","geometry":{"type":"LineString","coordinates":[[-77.284319000135483,38.879573000293739],[-77.286709000288241,38.879069999689996],[-77.286669000105263,38.878975999973406],[-77.286670999755088,38.878872999940249],[-77.286724000356855,38.878803999827753],[-77.287228999971916,38.878696000125295],[-77.287514000377271,38.878635000039552],[-77.287613000111477,38.878615000240742],[-77.288379999667356,38.878467999903634]]},"properties":{"NAME":"Oakdale Woods Ct","BASENAME":"Oakdale Woods","MTFCC":"S1400"}},{"type":"Feature","geometry":{"type":"LineString","coordinates":[[-77.280095000396997,38.907959999930014],[-77.280470000315731,38.907549999864642]]},"properties":{"NAME":"Deed Ct","BASENAME":"Deed","MTFCC":"S1400"}},{"type":"Feature","geometry":{"type":"LineString","coordinates":[[-77.268764999774334,38.881256999812337],[-77.268794999911577,38.881401000016766],[-77.268815999827979,38.881575000136664],[-77.268794000086672,38.882069999980089]]},"properties":{"NAME":"Baronhurst Dr","BASENAME":"Baronhurst","MTFCC":"S1400"}},{"type":"Feature","geometry":{"type":"LineString","coordinates":[[-77.242638000097344,38.907921999985973],[-77.242639999747169,38.908333999912294],[-77.242653000165959,38.908629000009107]]},"properties":{"NAME":"Notre Dame Dr","BASENAME":"Notre Dame","MTFCC":"S1400"}},{"type":"Feature","geometry":{"type":"LineString","coordinates":[[-77.265507999608289,38.876388999838298],[-77.265516999829131,38.876477999904147],[-77.265551000164294,38.876627000267803],[-77.265602000217939,38.876790000331297],[-77.265614999738403,38.876898000133103],[-77.265609999715522,38.87701400015186],[-77.26558700014931,38.877138000348353],[-77.265546000141441,38.87725600006371],[-77.265486999691888,38.877364999899314],[-77.265399999653255,38.877476999690963],[-77.265116999796035,38.877788999928143],[-77.265003999818134,38.877895000239391],[-77.264884999992447,38.87798499985179],[-77.264736000029529,38.878075000049485],[-77.264591000264573,38.87814700026545],[-77.264438999928601,38.878206000009243],[-77.264281999569775,38.878252000012559],[-77.263893000305671,38.878344999958742]]},"properties":{"NAME":null,"BASENAME":null,"MTFCC":"S1630"}},{"type":"Feature","geometry":{"type":"LineString","coordinates":[[-77.254915000200938,38.894292000264258],[-77.25432299964892,38.894765999651987],[-77.253842000323289,38.895142999997972],[-77.25367200044397,38.89528799981327],[-77.252930999929035,38.895875999964503],[-77.252544000314757,38.896177999933329],[-77.252396000176745,38.89629900021567],[-77.251049999589327,38.89733700006677],[-77.251047000114582,38.897361999693551],[-77.250656000302342,38.897653000210944],[-77.25028600040649,38.8979420000299],[-77.249701000425475,38.898430999914005],[-77.249256000186563,38.898772999654682],[-77.248800999901889,38.899127999914342],[-77.248740999627415,38.899178999731028],[-77.24866399963453,38.899244999727323],[-77.248527000265497,38.899362999779612],[-77.247741000443042,38.899996999653887],[-77.247635999962725,38.900078000328307]]},"properties":{"NAME":"Tapawingo Rd SE","BASENAME":"Tapawingo","MTFCC":"S1400"}},{"type":"Feature","geometry":{"type":"LineString","coordinates":[[-77.240022999813704,38.91171800030672],[-77.240072000217495,38.911486999741491],[-77.240109999852336,38.911342000152473],[-77.240139000164646,38.911163999890476]]},"properties":{"NAME":"Hidden Fox Way","BASENAME":"Hidden Fox","MTFCC":"S1400"}},{"type":"Feature","geometry":{"type":"LineString","coordinates":[[-77.230961000043393,38.904829000151139],[-77.230982999784686,38.904829000151139],[-77.231090999739735,38.904827000139967],[-77.23121899978625,38.904841000216983],[-77.2313130003959,38.904861000322214],[-77.231546999849314,38.904926000275715],[-77.231654999804334,38.90495700004977],[-77.231750000238904,38.904997999842898],[-77.232233000112657,38.905300000164075],[-77.233399999701632,38.906027999851631],[-77.233425999640886,38.906043999668739],[-77.233573999778883,38.906137000281895],[-77.234157000110088,38.906463000236542],[-77.234465999906561,38.906619000139877],[-77.234958999826063,38.906866999728607],[-77.235067999606017,38.906922000182419],[-77.235389999821294,38.907055000023391],[-77.235984999848043,38.907362999802125],[-77.236095000351213,38.907419999809832],[-77.236378000208433,38.907595999740977],[-77.237272999810827,38.908098999680647],[-77.237451000086082,38.908178999891462]]},"properties":{"NAME":"Wolftrap Rd","BASENAME":"Wolftrap","MTFCC":"S1400"}},{"type":"Feature","geometry":{"type":"LineString","coordinates":[[-77.276223000112694,38.89307899995093],[-77.276444999870535,38.8932920000587]]},"properties":{"NAME":"Chain Brg Rd","BASENAME":"Chain Brg","MTFCC":"S1400"}},{"type":"Feature","geometry":{"type":"LineString","coordinates":[[-77.268590999697068,38.916164999775809],[-77.268674000436064,38.915818000336238]]},"properties":{"NAME":"Saybrook Ct","BASENAME":"Saybrook","MTFCC":"S1400"}},{"type":"Feature","geometry":{"type":"LineString","coordinates":[[-77.265209999682455,38.901569000121718],[-77.263309999974467,38.900107999700147],[-77.261914999881554,38.899040999731319],[-77.26152499989422,38.898744999901332],[-77.261374000281464,38.898630999892809],[-77.260570999842258,38.898001000114512],[-77.259491000291931,38.89717500006271],[-77.258423000437176,38.89635900004231],[-77.257471999859945,38.89563000000841],[-77.257252999576821,38.895491000315829]]},"properties":{"NAME":"Center St S","BASENAME":"Center","MTFCC":"S1400"}},{"type":"Feature","geometry":{"type":"LineString","coordinates":[[-77.263118000353842,38.911815000105086],[-77.26402999967469,38.912372999930334]]},"properties":{"NAME":"Murray Ln NE","BASENAME":"Murray","MTFCC":"S1400"}},{"type":"Feature","geometry":{"type":"LineString","coordinates":[[-77.242151999850535,38.876373000333253],[-77.242043000070595,38.876152000070149]]},"properties":{"NAME":"Evelyn Ct","BASENAME":"Evelyn","MTFCC":"S1400"}},{"type":"Feature","geometry":{"type":"LineString","coordinates":[[-77.25773799999871,38.899567000248751],[-77.257373000125739,38.899860000270728],[-77.257325000445164,38.899926000333132],[-77.257296000132854,38.89999899980112],[-77.257287999736931,38.900041999806909]]},"properties":{"NAME":"Battle Ct SE","BASENAME":"Battle","MTFCC":"S1400"}},{"type":"Feature","geometry":{"type":"LineString","coordinates":[[-77.261332000448675,38.875753999669946],[-77.261504999802725,38.875895000346048],[-77.261632000024335,38.87599899986197],[-77.261720999712793,38.876076999748726],[-77.261724999910754,38.876163000026743],[-77.261685999552682,38.876203000299448],[-77.261458999771989,38.876375999803656],[-77.261185999960503,38.876577999750921],[-77.261083000028336,38.876593999909105],[-77.26102000027916,38.876566999858561],[-77.260658999705811,38.876274000256068]]},"properties":{"NAME":"Moonstone Dr","BASENAME":"Moonstone","MTFCC":"S1400"}},{"type":"Feature","geometry":{"type":"LineString","coordinates":[[-77.282770000056772,38.883271999933513],[-77.28238900029028,38.883385000162725],[-77.281956999571818,38.88350799977475],[-77.281913000089219,38.883517000079117],[-77.281812999631768,38.883524999727143],[-77.281601999744595,38.88353599994096]]},"properties":{"NAME":"Hatmark Ct","BASENAME":"Hatmark","MTFCC":"S1400"}},{"type":"Feature","geometry":{"type":"LineString","coordinates":[[-77.287059000092611,38.897266999946339],[-77.288435999743868,38.897819000241036],[-77.288778999875532,38.897956999819087],[-77.288993999960695,38.898057000196829],[-77.28921499989363,38.898177000324438],[-77.289465999963795,38.898330000315347],[-77.289666999805249,38.898469999789747],[-77.291861000139406,38.900134999893048],[-77.291991999660667,38.900252000144064]]},"properties":{"NAME":"Lindel Ln","BASENAME":"Lindel","MTFCC":"S1400"}},{"type":"Feature","geometry":{"type":"LineString","coordinates":[[-77.267352000138089,38.880888999828798],[-77.267274000320285,38.880756999925133],[-77.267228000289521,38.880674000299834],[-77.267156000319503,38.880552999973155],[-77.267087999649135,38.880438000136301],[-77.267008000181491,38.880339000127684],[-77.266623000217024,38.879976000314592],[-77.265812000280206,38.879233999760842],[-77.265766000249457,38.879199999896642],[-77.265675000012862,38.879149999737741],[-77.265582000126443,38.879115999833346],[-77.26547900019429,38.879093000115027],[-77.26417000031509,38.878972999913408],[-77.263884999909735,38.878901999856033]]},"properties":{"NAME":null,"BASENAME":null,"MTFCC":"S1630"}},{"type":"Feature","geometry":{"type":"LineString","coordinates":[[-77.239422999764074,38.920692999677996],[-77.239575999924952,38.920416999880416],[-77.239497000282228,38.920252999846717],[-77.239438999657608,38.920115999715463],[-77.23934900014423,38.919979000018664],[-77.239291000417921,38.919893999813588],[-77.239127000386389,38.919688000152306]]},"properties":{"NAME":"Paisley Ct","BASENAME":"Paisley","MTFCC":"S1400"}},{"type":"Feature","geometry":{"type":"LineString","coordinates":[[-77.286788999755856,38.881689000249438],[-77.286770000387605,38.881353999967537],[-77.286756999968802,38.881265999702549],[-77.286740000250376,38.881207999690773],[-77.286536000035866,38.880631999753227],[-77.286341000042199,38.880080000151985],[-77.28627999994282,38.879891999769981]]},"properties":{"NAME":"Logway Rd","BASENAME":"Logway","MTFCC":"S1400"}},{"type":"Feature","geometry":{"type":"LineString","coordinates":[[-77.243209999659584,38.875818999689031],[-77.243519000354368,38.876243999908787]]},"properties":{"NAME":"Towney View Ct","BASENAME":"Towney View","MTFCC":"S1400"}},{"type":"Feature","geometry":{"type":"LineString","coordinates":[[-77.239135999708893,38.921902000231739],[-77.239437000007783,38.921342999725546]]},"properties":{"NAME":"Cy Ct","BASENAME":"Cy","MTFCC":"S1400"}},{"type":"Feature","geometry":{"type":"LineString","coordinates":[[-77.275942999730205,38.894949999948473],[-77.276423000129242,38.895229000271328],[-77.276602000229374,38.895379000255012],[-77.276976000323188,38.895926000237864],[-77.276966000277454,38.896072000331323],[-77.276921000071596,38.896190000063015],[-77.276838000230939,38.896262000099227],[-77.276757000040064,38.89633199981197],[-77.276207000219159,38.896676999885223]]},"properties":{"NAME":"Commons Dr NW","BASENAME":"Commons","MTFCC":"S1400"}},{"type":"Feature","geometry":{"type":"LineString","coordinates":[[-77.260096000364413,38.892535999730732],[-77.26052900000947,38.89234499995144],[-77.260898000080402,38.892173000007141]]},"properties":{"NAME":"Arcadian Cir SW","BASENAME":"Arcadian","MTFCC":"S1400"}},{"type":"Feature","geometry":{"type":"LineString","coordinates":[[-77.265275999804686,38.925806000127416],[-77.265306999766835,38.925774000314135],[-77.265379999561773,38.925714000188449],[-77.265684000233691,38.925548999755911],[-77.266362000101125,38.925205999653272],[-77.266497999645253,38.925130000041811],[-77.2667400003929,38.925012000189412],[-77.267074000303751,38.924838000262277],[-77.267318999627804,38.92471999992425],[-77.267458000443312,38.924642999716255],[-77.267773999912478,38.924489999826505],[-77.26832899975625,38.924197000126178],[-77.268452999604818,38.924139000230426],[-77.268715000443947,38.924002999999786],[-77.268898999668664,38.923916000249939]]},"properties":{"NAME":"Proffit Rd","BASENAME":"Proffit","MTFCC":"S1400"}},{"type":"Feature","geometry":{"type":"LineString","coordinates":[[-77.257481999905679,38.883536999896748],[-77.257339999615468,38.88346300033367],[-77.257208000269316,38.883420000079674],[-77.257072999651768,38.883391999867797],[-77.256882999680982,38.883373999925517],[-77.256744999588705,38.883375999841626],[-77.256613000242538,38.883389999952144],[-77.255465999846749,38.88361100008197],[-77.255222000347587,38.883644999933402],[-77.254979999599954,38.883665999668942],[-77.254760000390235,38.883676999860889],[-77.254342999740388,38.883688000051173]]},"properties":{"NAME":"Lakewood Dr SW","BASENAME":"Lakewood","MTFCC":"S1400"}},{"type":"Feature","geometry":{"type":"LineString","coordinates":[[-77.284637999977718,38.878380000260378],[-77.284873999979268,38.87831499978639],[-77.284901999568362,38.878206000009243],[-77.284857000260843,38.87789000006336],[-77.284936999728458,38.877777000186441],[-77.285023999767091,38.877695999953659],[-77.284802999834156,38.8775750001506],[-77.28476600002422,38.877341000270661]]},"properties":{"NAME":"Waterford Ct","BASENAME":"Waterford","MTFCC":"S1400"}},{"type":"Feature","geometry":{"type":"LineString","coordinates":[[-77.259457999781645,38.901247000289743],[-77.259313999841609,38.90168400000745],[-77.258928000052222,38.901646999900414],[-77.258805999853493,38.90174699997533],[-77.2600539996333,38.902704999889011]]},"properties":{"NAME":"Park Terrace Ct SE","BASENAME":"Park Terrace","MTFCC":"S1400"}},{"type":"Feature","geometry":{"type":"LineString","coordinates":[[-77.261103000119817,38.878012000062938],[-77.261252999907654,38.877824999840449],[-77.261436000205762,38.877545999693275],[-77.26106700013483,38.8772319996989],[-77.260548000276046,38.876822999899623],[-77.26030899990144,38.876644999821259],[-77.260235000281597,38.876591999802116],[-77.260159000113617,38.876537000334267],[-77.259288999727247,38.875825000075139],[-77.258903999762779,38.87550900003199],[-77.258716000340115,38.875361000192576],[-77.258288999644563,38.874927999672252],[-77.257938999840178,38.874556000153255],[-77.257731000326046,38.874310999882248],[-77.257580999639885,38.874113000139445],[-77.257472999684865,38.87394699995825],[-77.2574119995855,38.873854999943639],[-77.257106999986959,38.873453999675014],[-77.256927999886813,38.873229999823678],[-77.256877999658101,38.873179000258432],[-77.256710000326933,38.872964999887301],[-77.256583000105323,38.872789000151478],[-77.256521000181039,38.872678000074174],[-77.256508999587169,38.872614000089406],[-77.256502999739382,38.872506000071873]]},"properties":{"NAME":"Hideaway Rd","BASENAME":"Hideaway","MTFCC":"S1400"}},{"type":"Feature","geometry":{"type":"LineString","coordinates":[[-77.238706000436892,38.882475999737011],[-77.238076000250061,38.882703999685624]]},"properties":{"NAME":"Bowling Green Ct","BASENAME":"Bowling Green","MTFCC":"S1400"}},{"type":"Feature","geometry":{"type":"LineString","coordinates":[[-77.268857999660767,38.891869999949868],[-77.268580999651334,38.891606999989875],[-77.268496999985743,38.891547000343785],[-77.268389999855629,38.891490000178571],[-77.268117999869062,38.891382000181665],[-77.267533999712953,38.891163999998419],[-77.267398000168839,38.89110499982737],[-77.267245999832866,38.891012999652467],[-77.267154999596286,38.890941999740029],[-77.267056999687,38.890845000089634],[-77.26681999986053,38.890561999898431],[-77.266745000415767,38.890464999729062],[-77.266567999965446,38.89021800004771],[-77.26645599981245,38.890044000118834],[-77.26623099968154,38.8896639996684],[-77.266096999787251,38.889482000105367],[-77.265941999976548,38.889300999950684],[-77.265801000409553,38.889154999922475],[-77.26562099958619,38.889000999864479],[-77.265269999956914,38.888696999678118],[-77.265175000420683,38.888608000232985],[-77.265043000176192,38.888445999896113]]},"properties":{"NAME":"Ware St SW","BASENAME":"Ware","MTFCC":"S1400"}},{"type":"Feature","geometry":{"type":"LineString","coordinates":[[-77.267628000322603,38.878054000060189],[-77.267236999612052,38.87809299993549],[-77.267002000333719,38.87811599997746],[-77.26596799991583,38.878208000070813]]},"properties":{"NAME":null,"BASENAME":null,"MTFCC":"S1630"}},{"type":"Feature","geometry":{"type":"LineString","coordinates":[[-77.241292000408237,38.918578000281613],[-77.241042000162992,38.918191999856816],[-77.240970000192959,38.91809199988235],[-77.240807999811238,38.917867000123529]]},"properties":{"NAME":"Fallbrook Ln","BASENAME":"Fallbrook","MTFCC":"S1400"}},{"type":"Feature","geometry":{"type":"LineString","coordinates":[[-77.273129999978153,38.892820000272309],[-77.273272000268378,38.89291700002228],[-77.273633999768307,38.893200999739591],[-77.273675999601096,38.893252000316956],[-77.273703000263609,38.893315000074793],[-77.273709000111381,38.893377999776767]]},"properties":{"NAME":"Carter Ct SW","BASENAME":"Carter","MTFCC":"S1400"}},{"type":"Feature","geometry":{"type":"LineString","coordinates":[[-77.235542000157253,38.910621000256342],[-77.237897999974805,38.911173000185414],[-77.238125999580461,38.911242999877281]]},"properties":{"NAME":"Rainbow Rd","BASENAME":"Rainbow","MTFCC":"S1400"}},{"type":"Feature","geometry":{"type":"LineString","coordinates":[[-77.28412300031691,38.92106600023336],[-77.284114000096068,38.920906000117235],[-77.284118000294029,38.920815000244083],[-77.284141999685161,38.920714999772656],[-77.284227000073983,38.920534999687185],[-77.284237999944636,38.920498000319725],[-77.284253000013251,38.920396999964751],[-77.284246000340559,38.920292999753464],[-77.284225000424158,38.920216000332161],[-77.284181999868125,38.920124000133455],[-77.28412300031691,38.920040000242828],[-77.28395000006455,38.919863000272635],[-77.283882000292479,38.919771999760719],[-77.283825000391076,38.919666999885237],[-77.283786999857938,38.919560000258315],[-77.283781999835057,38.919486999936865],[-77.283798999553497,38.919414999689927],[-77.283835000436824,38.919350999874965],[-77.283847999957302,38.919335999713468]]},"properties":{"NAME":"Aubrey Place Ct","BASENAME":"Aubrey Place","MTFCC":"S1400"}},{"type":"Feature","geometry":{"type":"LineString","coordinates":[[-77.254199999625271,38.900535000175267],[-77.254013000027527,38.90049500031833],[-77.253258000167207,38.900302999852578],[-77.253009999571759,38.900227999857329],[-77.251709000088496,38.899919999885114],[-77.250642000058633,38.899673000226898],[-77.249701000425475,38.899450999999019],[-77.2495280001731,38.899409000066775],[-77.249289999623429,38.899352999652393],[-77.249117000269379,38.899320000061714],[-77.24866399963453,38.899244999727323]]},"properties":{"NAME":"Ninovan Rd SE","BASENAME":"Ninovan","MTFCC":"S1400"}},{"type":"Feature","geometry":{"type":"LineString","coordinates":[[-77.277871999750516,38.878190000213948],[-77.277942999895615,38.877743999662428]]},"properties":{"NAME":null,"BASENAME":null,"MTFCC":"S1630"}},{"type":"Feature","geometry":{"type":"LineString","coordinates":[[-77.240203999563661,38.879110999743169],[-77.2401500000353,38.879273999703635],[-77.240273999883868,38.879242999907291],[-77.240418999648824,38.87919199976168],[-77.240390000234825,38.8790809998942],[-77.240203999563661,38.879110999743169]]},"properties":{"NAME":"Knollside Ln","BASENAME":"Knollside","MTFCC":"S1400"}},{"type":"Feature","geometry":{"type":"LineString","coordinates":[[-77.288207000313321,38.892332000039296],[-77.288788000096361,38.892051999687006],[-77.288881999807685,38.891990000044068],[-77.288952000127907,38.891925999972464],[-77.289003000181523,38.891855000273431],[-77.289036999618375,38.891783999804282],[-77.289080999999314,38.891616999809457],[-77.289122999832117,38.891531000056688],[-77.289178999908614,38.891458000274284],[-77.289248000403916,38.891400000192554],[-77.289321000198839,38.891355000156814],[-77.289471999811568,38.891275999714317]]},"properties":{"NAME":"Dale Ridge Ct","BASENAME":"Dale Ridge","MTFCC":"S1400"}},{"type":"Feature","geometry":{"type":"LineString","coordinates":[[-77.250575000111482,38.877248999754158],[-77.250596999852803,38.877170999755101],[-77.25061699994427,38.876821999849362]]},"properties":{"NAME":"Ardwick Ct","BASENAME":"Ardwick","MTFCC":"S1400"}},{"type":"Feature","geometry":{"type":"LineString","coordinates":[[-77.285668000197646,38.877815000177463],[-77.286711999762971,38.877887999992844],[-77.286633999945167,38.878519999895907],[-77.285785000373508,38.878472000011953]]},"properties":{"NAME":"Longford Ct","BASENAME":"Longford","MTFCC":"S1400"}},{"type":"Feature","geometry":{"type":"LineString","coordinates":[[-77.272169000253513,38.8960180003413],[-77.272784000371743,38.896535999899754],[-77.27288599958068,38.896625999669887],[-77.272948000403289,38.896670999861797],[-77.27316699978806,38.896862999660939],[-77.273396999941852,38.897055000339279],[-77.273473000109831,38.897122999741384],[-77.273556999775423,38.897208999714429]]},"properties":{"NAME":"Lewis St NW","BASENAME":"Lewis","MTFCC":"S1400"}},{"type":"Feature","geometry":{"type":"LineString","coordinates":[[-77.272808999587795,38.921976000278732],[-77.275231000425919,38.921021000127986]]},"properties":{"NAME":"Scarab St","BASENAME":"Scarab","MTFCC":"S1400"}},{"type":"Feature","geometry":{"type":"LineString","coordinates":[[-77.27655700002353,38.890368000126436],[-77.276582000137893,38.89043300006221],[-77.276627000343723,38.890501000211032],[-77.276650999734869,38.890541000103632],[-77.276661999605537,38.890590999937722],[-77.276650999734869,38.890644000003107],[-77.276618999947814,38.890695000318935],[-77.27649400027434,38.89079300002787],[-77.276470999809817,38.890802999961991],[-77.276427000327203,38.890810000334625],[-77.276378999748289,38.890802999961991],[-77.276341999938381,38.890783000092291],[-77.276315000174208,38.890751999723769],[-77.276305999953365,38.890712999804713],[-77.276319000372155,38.890673000008974],[-77.276511999817686,38.890508999771853],[-77.276535000282223,38.890481000256294],[-77.27655799984845,38.890428999928048],[-77.27655700002353,38.890368000126436]]},"properties":{"NAME":"Pine Cluster Cir","BASENAME":"Pine Cluster","MTFCC":"S1400"}},{"type":"Feature","geometry":{"type":"LineString","coordinates":[[-77.25137199980459,38.874901999765413],[-77.251386000048299,38.875112000301272],[-77.25139100007118,38.875213000044958],[-77.251379000375607,38.875308999986849],[-77.251348000413472,38.875402999658561],[-77.251298000184761,38.875491000190856],[-77.251236000260462,38.875564000295412],[-77.251159000267577,38.87562999985596],[-77.251067000206078,38.875686000092017],[-77.250976999794389,38.875725999933884],[-77.250684999716341,38.875805000184855],[-77.250636000210847,38.875815000130672],[-77.250533000278693,38.875829999697118]]},"properties":{"NAME":"Subtle Ln","BASENAME":"Subtle","MTFCC":"S1400"}},{"type":"Feature","geometry":{"type":"LineString","coordinates":[[-77.277505000227706,38.877215999684303],[-77.277373999808134,38.877767999854328],[-77.277322999754517,38.87782899998502],[-77.277181000362589,38.877817000250033],[-77.277069000209607,38.877795000147913],[-77.276765000436001,38.87780699988658],[-77.276050999685253,38.878026999865007],[-77.275748999561458,38.878162000039026],[-77.275470999727105,38.878255000102996],[-77.275305999870668,38.878260000253341],[-77.27517000032654,38.878233000136426]]},"properties":{"NAME":"Daniel Lewis Ln","BASENAME":"Daniel Lewis","MTFCC":"S1400"}},{"type":"Feature","geometry":{"type":"LineString","coordinates":[[-77.26963900035868,38.876617999790035],[-77.269793000344464,38.876706000216565],[-77.270291000286832,38.876842000152735],[-77.2707259995817,38.876953000020926],[-77.272608999571247,38.876658999859259],[-77.27289899999947,38.876452999920495],[-77.273329999994701,38.87578100002937],[-77.273381999873237,38.875709000213654],[-77.273439999599546,38.875650999862252],[-77.273541999706808,38.875579999982584],[-77.273648000012003,38.875533000279326],[-77.273736999700475,38.875507999963233],[-77.273803999647626,38.875496999905252],[-77.273898000257262,38.875491000190856],[-77.273979000448108,38.875493999698435],[-77.274905999837586,38.875613000112772],[-77.275161999930617,38.875637999692572],[-77.27540600032809,38.875660999829741],[-77.275679000139561,38.875700000318986],[-77.275984999562993,38.875732999694087],[-77.276613000100028,38.875811999937284],[-77.277444999953232,38.87591799970069],[-77.277694000373586,38.875925000141343],[-77.277927000002094,38.875908999832482],[-77.278063000444533,38.875887999902481],[-77.278100000254454,38.875880000094014],[-77.278210999684219,38.87586699996622],[-77.278326000210271,38.875826000139433],[-77.279313999699099,38.875566999799915],[-77.279406999585504,38.875538999990226],[-77.279527000134422,38.87549000012185],[-77.27958400003584,38.875460000142922],[-77.279676999922245,38.875402000287622],[-77.279741000394665,38.875353000324793],[-77.279855000197486,38.875252000080692]]},"properties":{"NAME":"Saintsbury Dr","BASENAME":"Saintsbury","MTFCC":"S1400"}},{"type":"Feature","geometry":{"type":"LineString","coordinates":[[-77.276941999987997,38.903856999966521],[-77.276940000338186,38.903996000061085],[-77.276917999698568,38.904151000127307],[-77.276876999690671,38.904299999777216],[-77.276818999964362,38.904440000064142],[-77.276741000146544,38.904578999716371],[-77.276409999710452,38.905039000311426],[-77.275419999673474,38.906326000047748],[-77.27483999971534,38.907079000099515],[-77.274453000101047,38.907577000023643],[-77.274141999756424,38.907988999855171],[-77.274109999969369,38.908055999661087],[-77.274089999877887,38.90813400000242],[-77.274090999702807,38.908230000197221],[-77.274104000121596,38.908283999987638],[-77.274135999908651,38.908358000255056],[-77.274185000312443,38.908427000321581],[-77.274246000411821,38.908486000082078],[-77.274551000010348,38.908758000346204],[-77.27485599960886,38.909023999889463],[-77.274927999578892,38.909061000346135],[-77.275012000142794,38.909087000334353],[-77.275039999731888,38.909091999712622]]},"properties":{"NAME":"Upham Pl NW","BASENAME":"Upham","MTFCC":"S1400"}},{"type":"Feature","geometry":{"type":"LineString","coordinates":[[-77.255931000177171,38.898173999677027],[-77.255694000350715,38.898355000291694],[-77.255641999573839,38.898386000138224],[-77.255478000440633,38.898515000211383],[-77.255177000141757,38.898768000248815],[-77.254815999568407,38.899063000245704],[-77.254066999555889,38.899658000101056],[-77.253258000167207,38.900302999852578],[-77.252346999772953,38.901022000261264],[-77.252289000046616,38.901054999760071],[-77.252222000099479,38.901073999824703],[-77.252154000327423,38.901077000349567],[-77.252154000327423,38.901135000218652]]},"properties":{"NAME":"Talahi Rd SE","BASENAME":"Talahi","MTFCC":"S1400"}},{"type":"Feature","geometry":{"type":"LineString","coordinates":[[-77.259523999903905,38.898863000085356],[-77.257799999923009,38.897541000064109],[-77.25773799999871,38.897480000078325],[-77.256860999939661,38.896807999804331],[-77.256665999945994,38.896664999837817],[-77.256527000028825,38.896554999775248],[-77.256204999813548,38.896325999759405]]},"properties":{"NAME":"Spring St SE","BASENAME":"Spring","MTFCC":"S1400"}},{"type":"Feature","geometry":{"type":"LineString","coordinates":[[-77.277579999672454,38.906079999943088],[-77.276940000338186,38.905811000228297]]},"properties":{"NAME":"Brentwood Ct NW","BASENAME":"Brentwood","MTFCC":"S1400"}},{"type":"Feature","geometry":{"type":"LineString","coordinates":[[-77.249386999707824,38.876554999910518],[-77.249416000020119,38.876450999809535],[-77.249432999738573,38.876368000050128],[-77.249442999784307,38.876242999850376],[-77.249446000157349,38.876110000347495],[-77.249441999959387,38.876055999868314],[-77.249443999609198,38.875994000251886],[-77.249438999586346,38.875886999839004],[-77.249349000072968,38.875112000301272],[-77.24930600041526,38.874760999916589],[-77.249282999950736,38.874624000113002],[-77.24926000038451,38.874490999678407],[-77.249169999972835,38.874110999962639],[-77.249133999987819,38.873820000210863],[-77.24911899991919,38.873610000053624],[-77.249062000017787,38.872810000297839]]},"properties":{"NAME":"Cedarest Rd","BASENAME":"Cedarest","MTFCC":"S1400"}},{"type":"Feature","geometry":{"type":"LineString","coordinates":[[-77.241016000223709,38.909564999979565],[-77.240916999591207,38.910005999956269],[-77.240882000329407,38.910077999963292],[-77.240825000428003,38.910151999758533],[-77.240760000130663,38.910206999764171],[-77.240680999589642,38.910254999874098],[-77.240582999680356,38.91029400024528],[-77.240479999748189,38.910316000068867],[-77.240377999640941,38.91032200033726],[-77.240145999837338,38.910321000059611]]},"properties":{"NAME":"Wolftrap Oaks Ct","BASENAME":"Wolftrap Oaks","MTFCC":"S1400"}},{"type":"Feature","geometry":{"type":"LineString","coordinates":[[-77.27261699996717,38.925154999665494],[-77.274812999951152,38.924294000339842],[-77.275024999663273,38.924064000258802],[-77.275081999564676,38.92375500018251],[-77.274227999970151,38.922342000320654]]},"properties":{"NAME":"Liberty Tree Ln","BASENAME":"Liberty Tree","MTFCC":"S1400"}},{"type":"Feature","geometry":{"type":"LineString","coordinates":[[-77.248452999747343,38.922882000131253],[-77.24876900011482,38.923019999912732]]},"properties":{"NAME":"Pine Needles Ct","BASENAME":"Pine Needles","MTFCC":"S1400"}},{"type":"Feature","geometry":{"type":"LineString","coordinates":[[-77.238173000334427,38.899013999821562],[-77.238152000418026,38.898914000092361],[-77.238113999884888,38.898860000166053],[-77.238083999747658,38.898823999726325],[-77.238032999694028,38.898787999967418],[-77.237964000097065,38.898755000114122]]},"properties":{"NAME":"Idylwood Valley Pl","BASENAME":"Idylwood Valley","MTFCC":"S1400"}},{"type":"Feature","geometry":{"type":"LineString","coordinates":[[-77.278219999905048,38.887236000145954],[-77.278173000049378,38.887139000329441],[-77.278162000178739,38.887130999689916],[-77.277993000124326,38.886988999725261]]},"properties":{"NAME":null,"BASENAME":null,"MTFCC":"S1400"}},{"type":"Feature","geometry":{"type":"LineString","coordinates":[[-77.23879599995027,38.919617000255982],[-77.238979000248378,38.919535000060961],[-77.239708000169443,38.919266999768233],[-77.240377999640941,38.918973000009274],[-77.241103000262342,38.918660000184786],[-77.241292000408237,38.918578000281613]]},"properties":{"NAME":"Wall St","BASENAME":"Wall","MTFCC":"S1400"}},{"type":"Feature","geometry":{"type":"LineString","coordinates":[[-77.259200999863708,38.9224570001006],[-77.259432999667283,38.922125999664935]]},"properties":{"NAME":"Santillane Cir","BASENAME":"Santillane","MTFCC":"S1400"}},{"type":"Feature","geometry":{"type":"LineString","coordinates":[[-77.262510999733209,38.882695999945156],[-77.262509999908318,38.882514000012378],[-77.262494000014769,38.882378999714945],[-77.262462000227728,38.882271999825349],[-77.262410000349192,38.882173000274115]]},"properties":{"NAME":"Trowbridge Pl SW","BASENAME":"Trowbridge","MTFCC":"S1400"}},{"type":"Feature","geometry":{"type":"LineString","coordinates":[[-77.26472199978582,38.908917999891365],[-77.264603999785052,38.909025000185444],[-77.263047000208743,38.910387999761447]]},"properties":{"NAME":"Sherwood Dr NE","BASENAME":"Sherwood","MTFCC":"S1400"}},{"type":"Feature","geometry":{"type":"LineString","coordinates":[[-77.277942999895615,38.877743999662428],[-77.277964999636922,38.877628000135921],[-77.277967000185072,38.877495999769224],[-77.277954999591174,38.877424000292308],[-77.277930000375136,38.877353000085975],[-77.277892999666904,38.877284999940038],[-77.277850000009195,38.8772319996989],[-77.277779999689002,38.877168000318242],[-77.277718999589638,38.877125999797336],[-77.277663000411465,38.877096999856136],[-77.277625999703204,38.877081999857765],[-77.277591000441433,38.877066999856233],[-77.277515000273453,38.877046000268408],[-77.277409999793136,38.877028000117214],[-77.277296999815249,38.877018999690229],[-77.277177999989561,38.877026000022383],[-77.276998999889415,38.877026000022383]]},"properties":{"NAME":null,"BASENAME":null,"MTFCC":"S1630"}},{"type":"Feature","geometry":{"type":"LineString","coordinates":[[-77.243021000412,38.878536000316188],[-77.242971000183289,38.87905700014575],[-77.243080999788134,38.879074999783057],[-77.243319000337834,38.878591000334957]]},"properties":{"NAME":null,"BASENAME":null,"MTFCC":"S1400"}},{"type":"Feature","geometry":{"type":"LineString","coordinates":[[-77.241154000315987,38.876969000094739],[-77.240841000321538,38.877382999965157],[-77.240403999580209,38.878046999829252],[-77.240200000264011,38.878501000091383],[-77.240064999646506,38.878769999757857],[-77.24004499955501,38.87891800019036],[-77.240203999563661,38.879110999743169]]},"properties":{"NAME":"Knollside Ln","BASENAME":"Knollside","MTFCC":"S1400"}},{"type":"Feature","geometry":{"type":"LineString","coordinates":[[-77.281482000093987,38.899860999996775],[-77.280360999637466,38.898644000050204]]},"properties":{"NAME":"Valeview Ct NW","BASENAME":"Valeview","MTFCC":"S1400"}},{"type":"Feature","geometry":{"type":"LineString","coordinates":[[-77.288782000248588,38.875753999669946],[-77.288710000278556,38.875660999829741],[-77.288290000153978,38.87557500034297],[-77.287773999769939,38.875530000074029]]},"properties":{"NAME":"Oak Creek Pl","BASENAME":"Oak Creek","MTFCC":"S1400"}},{"type":"Feature","geometry":{"type":"LineString","coordinates":[[-77.254300999907599,38.882908999720144],[-77.254567999871298,38.882899000073287],[-77.254696999742734,38.882881000006122],[-77.254818000116558,38.882848999720068],[-77.25506199961572,38.882738999938042]]},"properties":{"NAME":"Walker Cir SW","BASENAME":"Walker","MTFCC":"S1400"}},{"type":"Feature","geometry":{"type":"LineString","coordinates":[[-77.266556000269873,38.915762999785905],[-77.266814999837649,38.915679999827717],[-77.266976000394436,38.915606000204228],[-77.267219999893612,38.915449000275288],[-77.267322000000846,38.915351000343939],[-77.267378000077372,38.915172000141354]]},"properties":{"NAME":"Sideling Ct NE","BASENAME":"Sideling","MTFCC":"S1400"}},{"type":"Feature","geometry":{"type":"LineString","coordinates":[[-77.269082999791678,38.881214000321123],[-77.269352000303499,38.881186999928047],[-77.269583000282182,38.881168000137365],[-77.270135999577818,38.881121999923778],[-77.270534999785994,38.881089000253908],[-77.271358000316695,38.881018000212904],[-77.271560999807974,38.881000999660678],[-77.271636000151034,38.880979999836775],[-77.27165600024253,38.880970999910339],[-77.271689999679396,38.880945000116427],[-77.271713000143919,38.880915000342441],[-77.271727000387628,38.880875999918004],[-77.271729000037453,38.880856000050663],[-77.271715999618664,38.880761999899484],[-77.271616000059552,38.880040999968557],[-77.271606000013804,38.87996700026099],[-77.271549000112401,38.879555000083307]]},"properties":{"NAME":"Centerboro Dr","BASENAME":"Centerboro","MTFCC":"S1400"}},{"type":"Feature","geometry":{"type":"LineString","coordinates":[[-77.236596999593246,38.890826999938106],[-77.237164000030887,38.890729000276075],[-77.237266000138149,38.890695000318935],[-77.237354999826593,38.890644000003107],[-77.237420999948839,38.890586999812463],[-77.237549999820274,38.890428999928048]]},"properties":{"NAME":"Manassas Cir","BASENAME":"Manassas","MTFCC":"S1400"}},{"type":"Feature","geometry":{"type":"LineString","coordinates":[[-77.270534999785994,38.8973239996701],[-77.270294999586469,38.897154999889814]]},"properties":{"NAME":"Library Ln SW","BASENAME":"Library","MTFCC":"S1400"}},{"type":"Feature","geometry":{"type":"LineString","coordinates":[[-77.253675999743621,38.885601000310942],[-77.253899000224706,38.885430999977515],[-77.254008999829566,38.88533299986377],[-77.254110000111893,38.885223999664028],[-77.254187999929698,38.885117999796918],[-77.254266999572422,38.88497699993971],[-77.254326999846882,38.884832000052597],[-77.254363999656789,38.884698999842868],[-77.254383999748285,38.884555000029096],[-77.254387000121326,38.88447299988816],[-77.254342999740388,38.883688000051173],[-77.254300999907599,38.882908999720144],[-77.254285999838999,38.882758000007932],[-77.254248000204157,38.882608999912506],[-77.254192999952579,38.882473999795579],[-77.254116999784586,38.882345999929562],[-77.254094000218373,38.882313000128867],[-77.253802999965231,38.881953999823239],[-77.253729000345388,38.881828999659241],[-77.253675999743621,38.881701000029878],[-77.253642000306755,38.881570000219568],[-77.253628000063046,38.881446000064493],[-77.253629999712871,38.881314999784102],[-77.253652000352503,38.881181999983596],[-77.253710000078812,38.881020000195321],[-77.253758999584306,38.880905999708467],[-77.254109000286988,38.880093000208348],[-77.254134000401351,38.880056000041613],[-77.254173999686003,38.88002799990263],[-77.254203999823233,38.880018999855615]]},"properties":{"NAME":"Walker St SW","BASENAME":"Walker","MTFCC":"S1400"}},{"type":"Feature","geometry":{"type":"LineString","coordinates":[[-77.245716999988176,38.912835000133754],[-77.245744999577269,38.912867000190829],[-77.245799999828861,38.912942999656892],[-77.245874000347015,38.913033999839371],[-77.246121000219219,38.913354999797349],[-77.246190999641115,38.91341099965215],[-77.246262999611119,38.913446999685249],[-77.246295000296485,38.913458000157739]]},"properties":{"NAME":"Oakmont Ct NE","BASENAME":"Oakmont","MTFCC":"S1400"}},{"type":"Feature","geometry":{"type":"LineString","coordinates":[[-77.282113999930658,38.921533999777431],[-77.282345999734247,38.922132000332674],[-77.282416999879374,38.922305999907572],[-77.282510999590698,38.922473999815203],[-77.282621000093854,38.922632999785733],[-77.282743000292598,38.92278000027224],[-77.28283100015615,38.922871999822675],[-77.283009000431392,38.923040999886339],[-77.283074999655312,38.923132999797268],[-77.283123000234198,38.923228999972139],[-77.283155000021253,38.923331999978892],[-77.283166999716826,38.923426999791552],[-77.283154000196333,38.923671999787956],[-77.283150999823292,38.92378199976784],[-77.283166999716826,38.923902999828343],[-77.283194000379311,38.923973000242704],[-77.283240000410061,38.924037000081896],[-77.283297000311478,38.924088000174493],[-77.283386999824842,38.924139000230426]]},"properties":{"NAME":"Ballycor Dr","BASENAME":"Ballycor","MTFCC":"S1400"}},{"type":"Feature","geometry":{"type":"LineString","coordinates":[[-77.255675000084125,38.917963999905119],[-77.255645999771801,38.917887000053277],[-77.255605999588838,38.917741000086707],[-77.255515000250554,38.917082999832076],[-77.255439999907495,38.916479999804046]]},"properties":{"NAME":"Devonshire Dr NE","BASENAME":"Devonshire","MTFCC":"S1400"}},{"type":"Feature","geometry":{"type":"LineString","coordinates":[[-77.277496999831783,38.918342000253247],[-77.278041999629835,38.917475999839517],[-77.278410999700768,38.916890000009701],[-77.278496999914495,38.916778000154586],[-77.278619000113224,38.91665900020223],[-77.278727999893164,38.91657700008367],[-77.278851999741732,38.916504000188198],[-77.278985999636035,38.91644299972009],[-77.279127999926246,38.916395000300291],[-77.279204000094225,38.916376000142371],[-77.279351000407331,38.916348999835662],[-77.279511000240902,38.916334999931451],[-77.279659000378899,38.916337000317299],[-77.279815000014509,38.916351999714934],[-77.279964999802331,38.916381999898505],[-77.280124999635902,38.916431000217671],[-77.280256999880379,38.916486999742176],[-77.280665000309384,38.916711000194233]]},"properties":{"NAME":"Podium Dr","BASENAME":"Podium","MTFCC":"S1400"}},{"type":"Feature","geometry":{"type":"LineString","coordinates":[[-77.259798000438593,38.901142000271953],[-77.259692000133384,38.901214000181049],[-77.259656000148368,38.901233999909792],[-77.259595000049003,38.901252000220133],[-77.259527000276947,38.901257000150167],[-77.259457999781645,38.901247000289743]]},"properties":{"NAME":"Dominion Rd SE","BASENAME":"Dominion","MTFCC":"S1400"}},{"type":"Feature","geometry":{"type":"LineString","coordinates":[[-77.288136000168208,38.877653999744865],[-77.287906000014431,38.877710999822426],[-77.287694000302338,38.877750999923222],[-77.287643000248693,38.877747999811504],[-77.287582000149342,38.877743000324465]]},"properties":{"NAME":"Trosby Ct","BASENAME":"Trosby","MTFCC":"S1400"}},{"type":"Feature","geometry":{"type":"LineString","coordinates":[[-77.267419000085241,38.882543999810544],[-77.267400999643584,38.882659999703449],[-77.26735700016097,38.882858000107923],[-77.267333999696433,38.882960999958918],[-77.267310000305301,38.883049000222499]]},"properties":{"NAME":null,"BASENAME":null,"MTFCC":"S1400"}},{"type":"Feature","geometry":{"type":"LineString","coordinates":[[-77.26628500010824,38.871545000194544],[-77.266430999698102,38.871729999912304],[-77.266547000049059,38.871791999751586],[-77.267005999633369,38.872012000166144],[-77.267249000205922,38.872128999883564],[-77.267393000145958,38.872252000096118],[-77.267569999697969,38.872476000232162],[-77.267752999996077,38.872821000072307],[-77.267783999958226,38.873029999659643],[-77.267840999859629,38.873226000119686],[-77.267948999814664,38.873455999870316],[-77.268049000272086,38.873644999889812],[-77.268261999809098,38.87397200012407],[-77.268493999612716,38.87414899981583],[-77.268584999849296,38.874341999732039],[-77.268603000290966,38.874496000093657],[-77.268649000321716,38.874880000159585],[-77.26867500026097,38.875086999837087],[-77.268728999789346,38.875536999853544],[-77.26873899983508,38.875618999816915],[-77.268784999865844,38.875993000189958],[-77.268647999598485,38.876215000306971]]},"properties":{"NAME":"Hunters Glen Way","BASENAME":"Hunters Glen","MTFCC":"S1400"}},{"type":"Feature","geometry":{"type":"LineString","coordinates":[[-77.24971999979374,38.919083000285163],[-77.249701000425475,38.919142999728408],[-77.249647999823708,38.919401999841405],[-77.249606999815839,38.919555000219525],[-77.249561999609995,38.919676999946624],[-77.249497000210965,38.919805999773615],[-77.249292000171565,38.920125000272961],[-77.249092999979936,38.9204500001482]]},"properties":{"NAME":"Course St NE","BASENAME":"Course","MTFCC":"S1400"}},{"type":"Feature","geometry":{"type":"LineString","coordinates":[[-77.238015999975588,38.907307999689976],[-77.239739999956498,38.907959000318009],[-77.23985499958421,38.908012000004327],[-77.239975999958034,38.908080000097883],[-77.240323000287674,38.908314000086442],[-77.240396999907503,38.908346000084713],[-77.240480999573094,38.908365000295262],[-77.24056299958886,38.908369999724378]]},"properties":{"NAME":"Quaint Ln","BASENAME":"Quaint","MTFCC":"S1400"}},{"type":"Feature","geometry":{"type":"LineString","coordinates":[[-77.26043600012305,38.920164000112933],[-77.26043699994797,38.920263999963112],[-77.260385999894325,38.920585000067348]]},"properties":{"NAME":"Wexford Way","BASENAME":"Wexford","MTFCC":"S1400"}},{"type":"Feature","geometry":{"type":"LineString","coordinates":[[-77.263346999784403,38.877445999809986],[-77.263340000111697,38.877330999840218],[-77.263329000241029,38.877257000107868],[-77.263311999624307,38.877059000180473],[-77.263390000340408,38.87683000025114],[-77.263433999823022,38.876766999860152],[-77.263489999899534,38.876708000320342],[-77.263646000433454,38.876546000122943],[-77.263684999893201,38.876507000098002]]},"properties":{"NAME":"Citrine Dr","BASENAME":"Citrine","MTFCC":"S1400"}},{"type":"Feature","geometry":{"type":"LineString","coordinates":[[-77.260919999821724,38.902015000012817],[-77.2600539996333,38.902704999889011],[-77.259939999830507,38.902795999914225],[-77.259822999654631,38.902890000271057],[-77.259056999923672,38.903496000134496],[-77.258245999986841,38.904136999914236],[-77.258066999886694,38.904272000106133],[-77.256946000328483,38.905164999829786]]},"properties":{"NAME":"Locust St SE","BASENAME":"Locust","MTFCC":"S1400"}},{"type":"Feature","geometry":{"type":"LineString","coordinates":[[-77.251670999555344,38.903354999707425],[-77.251654999661824,38.903472999920332],[-77.251642999966251,38.903509999774897],[-77.251590000262809,38.903622000294042],[-77.251514999919721,38.90372999985339],[-77.251433999728889,38.903814999844151],[-77.249701000425475,38.905196000198501],[-77.249138000185781,38.905643000019303],[-77.24876900011482,38.905930000194083]]},"properties":{"NAME":"Orrin St SE","BASENAME":"Orrin","MTFCC":"S1400"}},{"type":"Feature","geometry":{"type":"LineString","coordinates":[[-77.269353999953324,38.901095999709248],[-77.270316000401181,38.900302000132811],[-77.270311000378328,38.900272000143765],[-77.270324999723712,38.900244000282427],[-77.270390000021038,38.900182000100685],[-77.270534999785994,38.900021999742421],[-77.271014000360125,38.899497999960325]]},"properties":{"NAME":"Lovers Ln NW","BASENAME":"Lovers","MTFCC":"S1400"}},{"type":"Feature","geometry":{"type":"LineString","coordinates":[[-77.272483999897773,38.903601999839822],[-77.272454999585463,38.903627999730141],[-77.272206000063434,38.903856000296784],[-77.271606000013804,38.904380000074823],[-77.271564000181002,38.904436999681387],[-77.271540999716478,38.90450400004346],[-77.271539999891573,38.904569999983501],[-77.271559999983054,38.904635000203477],[-77.271628999580017,38.904733999907883],[-77.272294999751892,38.90553000024601],[-77.272887000303911,38.906241000267102],[-77.273538000407157,38.90701900024343],[-77.273678999974138,38.907179000212999],[-77.273776999883452,38.90725300023427],[-77.273827000112163,38.907283000069746],[-77.274453000101047,38.907577000023643]]},"properties":{"NAME":"Holmes Dr NW","BASENAME":"Holmes","MTFCC":"S1400"}},{"type":"Feature","geometry":{"type":"LineString","coordinates":[[-77.285017999919305,38.880400000149294],[-77.284803999659076,38.880275000048677],[-77.284687000381524,38.880211999914664]]},"properties":{"NAME":"Crossbow Ct","BASENAME":"Crossbow","MTFCC":"S1400"}},{"type":"Feature","geometry":{"type":"LineString","coordinates":[[-77.286823999915953,38.933660000150553],[-77.286689000196759,38.933672000233088],[-77.286608000005899,38.93366499989407],[-77.286459999867901,38.933620000093676],[-77.286433999928619,38.933607000052866],[-77.28639299992075,38.933572999666033],[-77.286371000179429,38.933534000209399],[-77.286332999646291,38.933380999929966],[-77.286295000011449,38.933321999903008],[-77.286211000345858,38.933234999702655],[-77.286115000086397,38.933111000316977],[-77.286007999956283,38.932946000319262],[-77.285864000016247,38.932786999704163],[-77.285850999597443,38.932728999843739],[-77.285826000381391,38.932669000010492],[-77.285786000198428,38.932618999761246],[-77.285474999853804,38.93237699981789],[-77.285361000050983,38.932279000206549],[-77.285263999966617,38.932175999912907],[-77.285166000057302,38.932036999801859],[-77.285106999607763,38.93192000023128],[-77.285063000125149,38.93179200004397],[-77.285037000185895,38.93165799976412],[-77.285031000338108,38.931522999951106],[-77.285044999683493,38.931398999668673],[-77.285072000345991,38.931303000067551],[-77.285128000422489,38.931159999707475],[-77.285300999776524,38.930781999864408],[-77.285354000378291,38.930667000301874],[-77.285498000318327,38.93034299970536],[-77.285708000380623,38.929883000284818],[-77.285756999886118,38.929775999991932],[-77.285894000153448,38.92947499970002],[-77.285976000169228,38.929296000186056],[-77.286131999804837,38.928953000031029],[-77.286291999638408,38.928602000154008],[-77.286326999798504,38.928488999895691],[-77.286357999760639,38.928336999938416],[-77.286371000179429,38.928179000198469],[-77.286363999608426,38.928019000050078],[-77.286336999844238,38.927862999662793],[-77.286294000186544,38.927716999957184],[-77.285850999597443,38.926689000310617],[-77.285658999976803,38.926242000251605],[-77.285342999609327,38.925507999953147],[-77.285196000194546,38.92515599973413],[-77.285095999737123,38.924876000234583],[-77.285023999767091,38.924621000140675],[-77.285001000200879,38.924541000292336],[-77.2849400001015,38.924262999925716],[-77.284889999872789,38.923940000215694],[-77.284844999666944,38.92360999980037],[-77.284571000030567,38.921603000313759],[-77.284524000174898,38.921066999660731]]},"properties":{"NAME":"Batten Hollow Rd","BASENAME":"Batten Hollow","MTFCC":"S1400"}},{"type":"Feature","geometry":{"type":"LineString","coordinates":[[-77.241832000183393,38.902693000161179],[-77.241806000244139,38.902657000266565],[-77.241775000282004,38.902586000110219],[-77.241766000061162,38.902516000270573],[-77.241818999764618,38.902035999910403],[-77.241816000289873,38.901929000267536],[-77.241802000046178,38.90185800008225],[-77.241750999992547,38.90173900028207],[-77.241628999793804,38.901562999812533],[-77.241433999800151,38.901226000158793],[-77.241369000401122,38.901077000349567],[-77.241082000345955,38.900490000334642],[-77.240991000109346,38.900262000144615],[-77.240996999957133,38.899833999699688],[-77.241032999942149,38.899289999657789],[-77.241063999904284,38.899135999901773],[-77.241089999843553,38.899077000061048],[-77.24114599992005,38.898991999991125],[-77.241193999600611,38.898940000301195],[-77.241294999882967,38.898857999986738],[-77.241393999617173,38.898799999656021],[-77.241504000120344,38.898755000114122],[-77.241644999687338,38.898722000245492],[-77.241800000396353,38.898706999918815],[-77.24207400003273,38.898711000285886]]},"properties":{"NAME":"Chestertown Dr","BASENAME":"Chestertown","MTFCC":"S1400"}},{"type":"Feature","geometry":{"type":"LineString","coordinates":[[-77.259369000093201,38.883052000110354],[-77.260579000238181,38.881827999679423],[-77.260638999614329,38.881783999854079],[-77.260702000261844,38.881755999696722],[-77.260780000079635,38.881736000077076]]},"properties":{"NAME":"Kearney Ct SW","BASENAME":"Kearney","MTFCC":"S1400"}},{"type":"Feature","geometry":{"type":"LineString","coordinates":[[-77.266287999582957,38.92325599975765],[-77.266153999688655,38.923102000273587],[-77.266100000160307,38.923025999806022],[-77.266051999581421,38.922931000155316],[-77.266019999794366,38.922828999667793],[-77.266007000273888,38.92272400012282],[-77.266012000296769,38.922622000036604],[-77.266073000396133,38.922393000233875],[-77.266249000123224,38.921815000002219],[-77.266281999735185,38.921703999650965],[-77.266326999941029,38.921521999738076],[-77.266332999788816,38.921417999777965],[-77.266321000093242,38.921310999995903],[-77.266289000306202,38.921206999726522],[-77.26623400005461,38.921094999695995],[-77.266063000350371,38.920848999757204]]},"properties":{"NAME":"Midlothian Ct","BASENAME":"Midlothian","MTFCC":"S1400"}},{"type":"Feature","geometry":{"type":"LineString","coordinates":[[-77.287256999561009,38.896433999929087],[-77.287346000147764,38.896427999885134],[-77.287432000361505,38.896437999725109],[-77.287505999981349,38.896461000120652],[-77.287930000303874,38.896627999912063],[-77.288024000015199,38.896645999991755],[-77.288112999703671,38.896649000004587],[-77.288213000161093,38.896636999952506],[-77.28829900037482,38.89661200007049],[-77.288351000253357,38.896588999723804],[-77.288777000225707,38.896356999792545],[-77.289856999776049,38.895772999961522],[-77.291369000044824,38.894947999659024],[-77.292058999607818,38.894573999776746],[-77.294211999934106,38.893406000247843],[-77.294334000132849,38.893353999963438],[-77.294457999981404,38.893316999711047],[-77.294596000073668,38.8932920000587],[-77.2947269995949,38.893281999775759],[-77.294817999831508,38.893281999775759],[-77.295186999902441,38.893314000256652],[-77.295364000352777,38.893333000294959],[-77.296128000433939,38.893407999881539],[-77.296268000176013,38.893431999676572],[-77.296406000268277,38.893472000016132],[-77.296525000093951,38.893521000069256],[-77.296639999721691,38.893585000102028],[-77.2967460000269,38.893663000260602],[-77.296834999715372,38.89374900022861],[-77.296910000058432,38.893843999787663],[-77.296966999959835,38.893945999982314],[-77.297064999869121,38.894218000018299]]},"properties":{"NAME":"E Meredith Dr","BASENAME":"Meredith","MTFCC":"S1400"}},{"type":"Feature","geometry":{"type":"LineString","coordinates":[[-77.249718000143915,38.909344000216073],[-77.249482000142351,38.909390999919744],[-77.249216999828505,38.909431999948154]]},"properties":{"NAME":"Hine St SE","BASENAME":"Hine","MTFCC":"S1400"}},{"type":"Feature","geometry":{"type":"LineString","coordinates":[[-77.239077000157678,38.910865999732792],[-77.239575999924952,38.910047999910972],[-77.239606000062167,38.91000099994335],[-77.239977999607859,38.909390000327939]]},"properties":{"NAME":"Eschol Rd","BASENAME":"Eschol","MTFCC":"S1400"}},{"type":"Feature","geometry":{"type":"LineString","coordinates":[[-77.272961999748674,38.918307000072602],[-77.273315999750977,38.918427000220639],[-77.273377999675276,38.918457999690048],[-77.273429999553812,38.918499000072252],[-77.273473000109831,38.918552000275504]]},"properties":{"NAME":"Broome Ct","BASENAME":"Broome","MTFCC":"S1400"}},{"type":"Feature","geometry":{"type":"LineString","coordinates":[[-77.241611000250458,38.891296000144422],[-77.242443999928582,38.891724000307661],[-77.243125000169059,38.892065000349604],[-77.244194999673653,38.892591999927419],[-77.244321999895263,38.892684000154638],[-77.244412000306951,38.892773000086315]]},"properties":{"NAME":"Janet Ln","BASENAME":"Janet","MTFCC":"S1400"}},{"type":"Feature","geometry":{"type":"LineString","coordinates":[[-77.272169000253513,38.8960180003413],[-77.272006999871792,38.895879999791909],[-77.271441999982287,38.895413999856018],[-77.271455000401062,38.895333000153855],[-77.271431999936524,38.895330999875199],[-77.27137099983716,38.895317000020469],[-77.271303999890009,38.895287000022897],[-77.270891000336448,38.894939000103761],[-77.270875000442942,38.89492100029058],[-77.270862000024152,38.894884999951422]]},"properties":{"NAME":"Wade Hampton Dr SW","BASENAME":"Wade Hampton","MTFCC":"S1400"}},{"type":"Feature","geometry":{"type":"LineString","coordinates":[[-77.285771000129813,38.907938000075269],[-77.286255999653392,38.908148000126261],[-77.286372000004363,38.908253999876152],[-77.286491999654928,38.908479999658496],[-77.286535000210961,38.908643000035326],[-77.286491999654928,38.908832000119489],[-77.28642200023306,38.90895200021135],[-77.286049999789071,38.909387000154389]]},"properties":{"NAME":"Marcliff Ct","BASENAME":"Marcliff","MTFCC":"S1400"}},{"type":"Feature","geometry":{"type":"LineString","coordinates":[[-77.258933000075103,38.918721000144984],[-77.259000000022255,38.918242999957307],[-77.259024000311697,38.918164000073872],[-77.259061000121633,38.918099999829614],[-77.259127000243851,38.918024000294523],[-77.259261999963073,38.917905999806649],[-77.259304999620781,38.917861999965446]]},"properties":{"NAME":"Sunny Creek Cv","BASENAME":"Sunny Creek","MTFCC":"S1400"}},{"type":"Feature","geometry":{"type":"LineString","coordinates":[[-77.246589999849292,38.898361999919935],[-77.245915000354898,38.897845999906025],[-77.245849000232667,38.897814000068912],[-77.245773999889593,38.897791999866705],[-77.245710000315484,38.89778399972792]]},"properties":{"NAME":"Lauren Ln SE","BASENAME":"Lauren","MTFCC":"S1400"}},{"type":"Feature","geometry":{"type":"LineString","coordinates":[[-77.2495280001731,38.899409000066775],[-77.249190000064303,38.900219999992991],[-77.249165999774874,38.900295999716555],[-77.249170999797727,38.900387999751409],[-77.249188000414492,38.900508000134472],[-77.249303000042218,38.900486000067779]]},"properties":{"NAME":"Surrey Ln SE","BASENAME":"Surrey","MTFCC":"S1400"}},{"type":"Feature","geometry":{"type":"LineString","coordinates":[[-77.264976000229041,38.888463999951782],[-77.264894000213275,38.888320000077897],[-77.264700999869419,38.888098999912515],[-77.26449900020306,38.887843999835539],[-77.264272000422338,38.887520000202393],[-77.26410699966759,38.887249000291511],[-77.264007999933384,38.887070999759153],[-77.263874000039081,38.88679300016463],[-77.263797000046182,38.886612000150791],[-77.263592000006781,38.886090999777402],[-77.263463999960251,38.88582500032657],[-77.263385000317555,38.885697000204352],[-77.26328800023316,38.885574000186459],[-77.263196999996566,38.885467000213708],[-77.262870999583342,38.885122000230162],[-77.26136500006065,38.883559000318968],[-77.261287000242845,38.883504999906151],[-77.261245000410057,38.883484000123012]]},"properties":{"NAME":"Ware St SW","BASENAME":"Ware","MTFCC":"S1400"}},{"type":"Feature","geometry":{"type":"LineString","coordinates":[[-77.286424999707776,38.877188999870064],[-77.286536999860786,38.877237999965715],[-77.286707999564996,38.877266999849375],[-77.28673900042547,38.877158999908993],[-77.286791000304007,38.876682999718241]]},"properties":{"NAME":null,"BASENAME":null,"MTFCC":"S1400"}},{"type":"Feature","geometry":{"type":"LineString","coordinates":[[-77.227790000091048,38.912349999796234],[-77.227995999955382,38.912321000254735],[-77.228114999781056,38.912315000155331],[-77.228238999629625,38.912323000054776],[-77.228358000353623,38.912344999948488],[-77.228462000110696,38.912377000226421],[-77.228611000073599,38.912442999836742],[-77.228867000166645,38.912575999818245],[-77.229582999668906,38.912940000332455],[-77.231161000059942,38.913732000001936],[-77.231439999719186,38.913874999844907],[-77.231653000154509,38.913969000210372],[-77.232245999633122,38.914196999717092],[-77.232588999764801,38.914323999976922],[-77.233291999746598,38.914576000078334],[-77.23465400022755,38.915060999882641],[-77.234954999628101,38.915176000279686],[-77.235280000216434,38.915254999994637],[-77.235322999874143,38.915270000319879],[-77.235600999708481,38.915368999870751],[-77.236047999597233,38.915549999984535],[-77.2363890000791,38.915695000063124],[-77.236678999608998,38.915828000241127],[-77.236929999679177,38.915976000345843],[-77.237013000418159,38.9160369998175],[-77.237358000199649,38.91631999983133],[-77.237528000078967,38.916460000176656],[-77.237677000041884,38.916582999822815],[-77.237873999685377,38.916760999774247],[-77.238056999983485,38.91692999971545],[-77.23812099955758,38.916994000316016],[-77.238235000258712,38.917105999830241],[-77.238319999749208,38.917213999843412]]},"properties":{"NAME":"Old Courthouse Rd","BASENAME":"Courthouse","MTFCC":"S1400"}},{"type":"Feature","geometry":{"type":"LineString","coordinates":[[-77.246147000158487,38.893597999784788],[-77.245035999747699,38.894491000212525],[-77.245002000310834,38.894538999761728],[-77.24473600017204,38.8947539999809],[-77.24470799968465,38.894775999725937],[-77.243777999922131,38.895527000347855],[-77.243592999974211,38.895682999809495]]},"properties":{"NAME":"Ayito Rd SE","BASENAME":"Ayito","MTFCC":"S1400"}},{"type":"Feature","geometry":{"type":"LineString","coordinates":[[-77.267771000437733,38.887015000104412],[-77.268194000037042,38.886789999735484],[-77.268507000031491,38.886651000223665],[-77.268654000344583,38.886595000237847],[-77.268911000262534,38.886515000181468],[-77.269234000302731,38.886432000290043],[-77.269477999801893,38.886371999768976],[-77.269513999786881,38.886362999826268],[-77.269671000145735,38.886339999656762],[-77.269820999933543,38.886333000242189],[-77.269933000086553,38.886321999762167],[-77.269955999652765,38.886319999929],[-77.270068999630666,38.886299000278647],[-77.270174999935875,38.886263999682207],[-77.270275000393312,38.886218999889003],[-77.270344999815194,38.886174000067228],[-77.270420000158268,38.886108999730531],[-77.270488999755244,38.886026999984743],[-77.270534999785994,38.885944000222388],[-77.270637999718161,38.885755000047908],[-77.27085199997839,38.885361999940052],[-77.270932000344345,38.885248000126523],[-77.270964000131372,38.88521099984716],[-77.271024000405859,38.885156000057712],[-77.271108999896342,38.885095999857462],[-77.271163000323028,38.885074999845315],[-77.27123000027018,38.885061000066862],[-77.271328000179452,38.885060000132547],[-77.271411999845057,38.885047000285667],[-77.271785000113951,38.884940000218478],[-77.271805000205433,38.884931000094369]]},"properties":{"NAME":"Tapawingo Rd SW","BASENAME":"Tapawingo","MTFCC":"S1400"}},{"type":"Feature","geometry":{"type":"LineString","coordinates":[[-77.26257799968036,38.891782999964533],[-77.263920999894751,38.890959000011115],[-77.264110999865551,38.890836999867439],[-77.264239999736986,38.890749000160994],[-77.264479000111578,38.890624000088629],[-77.264575000371053,38.890577999704604],[-77.264703000417569,38.890532999847245],[-77.264837000311871,38.890501000211032],[-77.264982999901733,38.890482000114318],[-77.265122999643808,38.890478999840987],[-77.265265999758952,38.890489999677278],[-77.26579399983855,38.890596999775639],[-77.265916999862199,38.890614999985459],[-77.266064000175291,38.89062199967735],[-77.266209999765152,38.890614999985459],[-77.266367000123992,38.890590999937722],[-77.266502999668134,38.890555000200571],[-77.266745000415767,38.890464999729062]]},"properties":{"NAME":"Ridge Rd SW","BASENAME":"Ridge","MTFCC":"S1400"}},{"type":"Feature","geometry":{"type":"LineString","coordinates":[[-77.271648999671527,38.916315000263197],[-77.271345999722797,38.9160369998175],[-77.270914999727594,38.915641000319127],[-77.270588000387761,38.915340999672914],[-77.270357000409078,38.915242000082991],[-77.269981999592034,38.915209999698867],[-77.269743000115739,38.915173999861061],[-77.269661999924907,38.915149000215344],[-77.269558999992739,38.915099000198559],[-77.269282999808212,38.914898999779112],[-77.268960999592935,38.914647000125619],[-77.268651999796447,38.914411999825575],[-77.26815800005204,38.914037999715326],[-77.266971000371584,38.913127999920768]]},"properties":{"NAME":"McKinley St NE","BASENAME":"McKinley","MTFCC":"S1400"}},{"type":"Feature","geometry":{"type":"LineString","coordinates":[[-77.265835999671353,38.893312999739308],[-77.265378999736853,38.892869000076068]]},"properties":{"NAME":"Nanterry Ct SW","BASENAME":"Nanterry","MTFCC":"S1400"}},{"type":"Feature","geometry":{"type":"LineString","coordinates":[[-77.265691999731303,38.907808000031956],[-77.266050999756501,38.907522999695416]]},"properties":{"NAME":"Jean Pl NE","BASENAME":"Jean","MTFCC":"S1400"}},{"type":"Feature","geometry":{"type":"LineString","coordinates":[[-77.284844999666944,38.92360999980037],[-77.285213999737877,38.923567000092731],[-77.285407000081747,38.92352900011818],[-77.28582100035851,38.923403999745588],[-77.285848999947618,38.923379000203724],[-77.285858000168446,38.923350999672067],[-77.285854999795404,38.922940999756683],[-77.285858000168446,38.922819000050637]]},"properties":{"NAME":"Kohoutek Ct","BASENAME":"Kohoutek","MTFCC":"S1400"}},{"type":"Feature","geometry":{"type":"LineString","coordinates":[[-77.268898999668664,38.923916000249939],[-77.268833000444729,38.923820000305824],[-77.26870899969785,38.923629000117941]]},"properties":{"NAME":"Brothers Rd","BASENAME":"Brothers","MTFCC":"S1400"}},{"type":"Feature","geometry":{"type":"LineString","coordinates":[[-77.276223000112694,38.89307899995093],[-77.276157999815368,38.893023999960462]]},"properties":{"NAME":null,"BASENAME":null,"MTFCC":"S1400"}},{"type":"Feature","geometry":{"type":"LineString","coordinates":[[-77.25435199996123,38.908321000130989],[-77.253120000074929,38.909277000227775]]},"properties":{"NAME":"Pine St SE","BASENAME":"Pine","MTFCC":"S1400"}},{"type":"Feature","geometry":{"type":"LineString","coordinates":[[-77.273569000369307,38.904006000233423],[-77.272294999751892,38.90553000024601]]},"properties":{"NAME":"Blackstone Ter NW","BASENAME":"Blackstone","MTFCC":"S1400"}},{"type":"Feature","geometry":{"type":"LineString","coordinates":[[-77.238447999795724,38.906611000296564],[-77.238719999782305,38.906715999915903],[-77.238815000216832,38.906736999821085],[-77.238918000148999,38.906744000021142],[-77.239016999883205,38.906736000191913],[-77.239135999708893,38.906706999754881],[-77.239215000249928,38.906674999716827],[-77.239304999763306,38.906613999888386],[-77.239359000189964,38.906558999894997],[-77.239390000152099,38.906507999786797],[-77.239409000418689,38.906431999722038],[-77.239407999695473,38.9063520003386],[-77.239399000372941,38.906310999929353]]},"properties":{"NAME":"Bethany Ct","BASENAME":"Bethany","MTFCC":"S1400"}},{"type":"Feature","geometry":{"type":"LineString","coordinates":[[-77.277969999659803,38.924145000029071],[-77.277430999709551,38.923967999816064],[-77.277145000377573,38.923878999850068],[-77.277078000430436,38.923839999955447],[-77.277024000003763,38.923790999860294],[-77.276982999995894,38.923727999887959],[-77.276964999554224,38.923667000038932]]},"properties":{"NAME":"Timberview Ct","BASENAME":"Timberview","MTFCC":"S1400"}},{"type":"Feature","geometry":{"type":"LineString","coordinates":[[-77.266323999567973,38.902424999886492],[-77.265843000242342,38.902890000271057],[-77.265550000339388,38.903175000331977],[-77.265443000209274,38.903278000084818],[-77.265360000368588,38.903358999812646],[-77.265298000444318,38.903420000340695],[-77.265156999979013,38.903556000171797],[-77.26505200039702,38.903648000177085],[-77.264956000137559,38.903742000104984],[-77.264886999642258,38.903810000094253],[-77.264176000162877,38.904504999704059],[-77.264045999568225,38.904635000203477],[-77.263905999826122,38.904758000069656],[-77.263805000442119,38.904813999716502],[-77.263655999580891,38.904940999987673],[-77.262750000107815,38.905680000141103],[-77.26243700011338,38.90594400005358],[-77.262345000051852,38.906012999670274],[-77.261746999652061,38.906478000322814],[-77.26130599961111,38.906836000089513],[-77.261180000112731,38.906944999978279],[-77.26095499998182,38.90712700022749],[-77.259744000011921,38.908076000258674],[-77.259498999789542,38.908276000331952],[-77.258492000034138,38.909079000070136],[-77.257296999957745,38.910032999880087],[-77.25709399956817,38.910186999767063]]},"properties":{"NAME":"Church St NE","BASENAME":"Church","MTFCC":"S1400"}},{"type":"Feature","geometry":{"type":"LineString","coordinates":[[-77.245568000025258,38.908832000119489],[-77.245662999561489,38.908802999839686],[-77.245742000102538,38.90876099984731],[-77.245773999889593,38.908737999940826],[-77.246033000355681,38.908514000188269],[-77.246092999731829,38.908482999870323],[-77.246163999876941,38.908461999782602],[-77.246245999892693,38.908456000055963],[-77.246270000182136,38.908457999964902]]},"properties":{"NAME":"Kramer Ct SE","BASENAME":"Kramer","MTFCC":"S1400"}},{"type":"Feature","geometry":{"type":"LineString","coordinates":[[-77.24242100036237,38.900931000059671],[-77.243589999601156,38.900577000140572],[-77.243926999885048,38.900474999682324],[-77.244100999962328,38.900416000255085],[-77.244302999628701,38.900337999823222],[-77.244577000163389,38.900262000144615],[-77.24464499993546,38.900254000284107],[-77.24475299989048,38.900255000004549],[-77.244858000370783,38.900274000283254],[-77.24492500031792,38.900294999996682],[-77.245003999960659,38.900332000109124],[-77.24508799962625,38.900389000169085]]},"properties":{"NAME":"Electric Ave SE","BASENAME":"Electric","MTFCC":"S1400"}},{"type":"Feature","geometry":{"type":"LineString","coordinates":[[-77.28442299989257,38.885583000229111],[-77.284601999992702,38.885567999924341],[-77.28464200017568,38.885559999807086],[-77.284709999947736,38.885538000004495],[-77.284744000282942,38.885520999834547],[-77.284853999887787,38.885452999813246],[-77.284993999629862,38.885354999729792],[-77.285178999577795,38.885253999716404],[-77.285313000370394,38.885209999914892],[-77.285392000013132,38.885194000298185],[-77.285597000052533,38.885174000247737],[-77.285703000357742,38.885156999990699],[-77.285803999741759,38.885126999897345],[-77.285899000176329,38.885086999753113],[-77.285987000039881,38.885032999802441],[-77.286064000032766,38.884971000326431],[-77.286105999865555,38.884927000349649],[-77.286242000308008,38.884757999740557],[-77.28634600006508,38.884673999954416],[-77.286475999761421,38.884595999714399],[-77.286791000304007,38.884467000232277]]},"properties":{"NAME":"Fox Rest Ln","BASENAME":"Fox Rest","MTFCC":"S1400"}},{"type":"Feature","geometry":{"type":"LineString","coordinates":[[-77.240192999693022,38.91625899990396],[-77.239872000200961,38.915730000134133]]},"properties":{"NAME":"Fawncrest Ct","BASENAME":"Fawncrest","MTFCC":"S1400"}},{"type":"Feature","geometry":{"type":"LineString","coordinates":[[-77.268768999972323,38.910314000212288],[-77.269046999806662,38.910256999732354],[-77.269159999784563,38.910226000175655],[-77.269257999693863,38.910189000326248],[-77.269308999747466,38.910163000042701],[-77.269375999694617,38.910114000288949],[-77.269423000448612,38.910064000220089],[-77.269468999581051,38.909990999916452],[-77.26949899971828,38.909910999650734],[-77.2695149996118,38.909810999890773],[-77.269557000342914,38.909682999656937],[-77.269589999954874,38.909622000316176],[-77.269646000031372,38.909556999769222],[-77.269712999978523,38.909510999765629],[-77.269783000298716,38.909481999763216],[-77.269858999568385,38.909464999732172],[-77.269976999569167,38.909448999987113]]},"properties":{"NAME":"Ridgewood Ct NE","BASENAME":"Ridgewood","MTFCC":"S1400"}},{"type":"Feature","geometry":{"type":"LineString","coordinates":[[-77.287243000215625,38.888425000174983],[-77.288035999710772,38.888047999830526],[-77.288096999810136,38.888029999669449],[-77.28829900037482,38.88801599977409]]},"properties":{"NAME":"Chappell Ln","BASENAME":"Chappell","MTFCC":"S1400"}},{"type":"Feature","geometry":{"type":"LineString","coordinates":[[-77.266384999667352,38.915368999870751],[-77.2662680003898,38.915405999815697],[-77.266163999734403,38.915453999904429],[-77.264793999755852,38.916381999898505],[-77.264209999599743,38.916778000154586],[-77.263782999802487,38.917075999952736],[-77.263714000205525,38.917143999750039],[-77.263668000174761,38.917216999686119],[-77.263639999687356,38.917297000104227],[-77.263633000014678,38.917365999868252],[-77.263642000235492,38.917439000274861],[-77.263715000030416,38.917665000167126],[-77.263767999733872,38.917796999975351],[-77.263788999650259,38.917850000004023],[-77.263875999688921,38.918019000147503],[-77.263920999894751,38.91808600027084]]},"properties":{"NAME":"John Marshall Dr NE","BASENAME":"John Marshall","MTFCC":"S1400"}},{"type":"Feature","geometry":{"type":"LineString","coordinates":[[-77.25540499974737,38.900722000046343],[-77.255275999875963,38.900599999894652],[-77.254890999911481,38.900302000132811],[-77.254392999969113,38.899921000309376],[-77.254066999555889,38.899658000101056],[-77.253756000109576,38.899432000199219],[-77.253480999749954,38.899222000233429],[-77.25301399976972,38.898855999807374],[-77.252202000007998,38.898225000178869],[-77.252046000372374,38.898117999686967],[-77.25190699955688,38.898012000184089],[-77.251577999668925,38.89776099976082],[-77.251535000011231,38.897714999804329],[-77.251422000033315,38.897630000201474],[-77.251365000131912,38.897599999782692],[-77.251047000114582,38.897361999693551]]},"properties":{"NAME":"Glyndon St SE","BASENAME":"Glyndon","MTFCC":"S1400"}},{"type":"Feature","geometry":{"type":"LineString","coordinates":[[-77.26804699972395,38.878631999965165],[-77.267459000268218,38.878689999981646],[-77.267256999703534,38.878709999759302],[-77.266514000437084,38.878734000324272]]},"properties":{"NAME":null,"BASENAME":null,"MTFCC":"S1630"}},{"type":"Feature","geometry":{"type":"LineString","coordinates":[[-77.246948999874476,38.922973000148971],[-77.247357000303467,38.9226599997981],[-77.247435999946191,38.922587999975278]]},"properties":{"NAME":"Tamerisk Ct","BASENAME":"Tamerisk","MTFCC":"S1400"}},{"type":"Feature","geometry":{"type":"LineString","coordinates":[[-77.244094000289635,38.890927999719409],[-77.245239999962195,38.889527999800777],[-77.245407000366797,38.889334000001668]]},"properties":{"NAME":"Casmar St","BASENAME":"Casmar","MTFCC":"S1400"}},{"type":"Feature","geometry":{"type":"LineString","coordinates":[[-77.245916000179818,38.878375000118425],[-77.245819000095423,38.878575999952602],[-77.246045999876159,38.878829999705715]]},"properties":{"NAME":"Cedar Crossing Ln","BASENAME":"Cedar Crossing","MTFCC":"S1400"}},{"type":"Feature","geometry":{"type":"LineString","coordinates":[[-77.270154000019474,38.918595999688876],[-77.26975099961335,38.918355000295961],[-77.269451000037705,38.918127000169044],[-77.269139999693081,38.917950999790762],[-77.269046999806662,38.917880000253255],[-77.268968999988857,38.917804999955862],[-77.268905000414748,38.917726000283764],[-77.268815000003073,38.917566999801238]]},"properties":{"NAME":"Quartet Cir","BASENAME":"Quartet","MTFCC":"S1400"}},{"type":"Feature","geometry":{"type":"LineString","coordinates":[[-77.23887600031621,38.920597000265175],[-77.239151999602427,38.920633000147554],[-77.239272000151345,38.920656999826058],[-77.239328000227829,38.920667999879832],[-77.239422999764074,38.920692999677996],[-77.23945700009925,38.920702000162301],[-77.239595000191542,38.920751000294082],[-77.239699999773521,38.920794999741695],[-77.239869999652839,38.920890000155701],[-77.239966999737192,38.920924000331794],[-77.240176999799488,38.920984999743553],[-77.240242999921733,38.921010000128945],[-77.24039199988465,38.921089000338334],[-77.24049999983967,38.921118999917098],[-77.240561999763969,38.921132000149967],[-77.24067399991695,38.921144000255282],[-77.240728000343637,38.921144999681545],[-77.240853000017097,38.921128999773856],[-77.240961999797037,38.921104000129304],[-77.24101899969844,38.921083999708429],[-77.241108000285223,38.92103099999855],[-77.241166999836437,38.920972000182665],[-77.241182999729986,38.920949000039769],[-77.24111400013301,38.92083100022252],[-77.241073999950046,38.920721999991933]]},"properties":{"NAME":"Raglan Rd","BASENAME":"Raglan","MTFCC":"S1400"}},{"type":"Feature","geometry":{"type":"LineString","coordinates":[[-77.251818999693342,38.888350000221365],[-77.252821000324204,38.888098999912515],[-77.25294599999765,38.888067999771053],[-77.253183999649039,38.888007999932512],[-77.253395000434551,38.887954000104386],[-77.253686999614274,38.887878999653495],[-77.253966999996777,38.88780700020898],[-77.254115999959694,38.887759000305635],[-77.254265999747503,38.887696999712446],[-77.254388999771137,38.887632000070056],[-77.254537999734069,38.887535000095021],[-77.254674000176522,38.887426999678624],[-77.255001000414666,38.887129999784669],[-77.25545300032627,38.886719999708461],[-77.255791000435082,38.886413999719501],[-77.255910000260783,38.886302999946125],[-77.256070000094326,38.886131000055563],[-77.256202000338817,38.885964000056063],[-77.256316000141624,38.885790000195847],[-77.256434999967325,38.885573000259349],[-77.256462999556419,38.885515000267155],[-77.256536000249653,38.885333999794256],[-77.25676100038055,38.88459499977354],[-77.256850999893928,38.884379000326504],[-77.256943999780361,38.884202000241473],[-77.257040000039808,38.884052999677998],[-77.257166000436513,38.883879999983243],[-77.257209999919127,38.883825999814455],[-77.257390999669099,38.883628000009722],[-77.257481999905679,38.883536999896748],[-77.257824000212452,38.88319700013389],[-77.258507000102753,38.882503000339611],[-77.259569000109749,38.88143100028487],[-77.260005999952739,38.880987999770426]]},"properties":{"NAME":"Yeonas Dr SW","BASENAME":"Yeonas","MTFCC":"S1400"}},{"type":"Feature","geometry":{"type":"LineString","coordinates":[[-77.284258000036104,38.903160999926435],[-77.28443799996117,38.903371000126945],[-77.284488000189896,38.903457000222879],[-77.284519000152031,38.903543000214626],[-77.28453199967251,38.90363999999898],[-77.284524999999817,38.903733999937479],[-77.284514999954069,38.903776999778614],[-77.284261000409174,38.904586999788656],[-77.284262000234065,38.904651999993071],[-77.284288000173348,38.904717000137929],[-77.284300999693826,38.904737000278089]]},"properties":{"NAME":"Concert Ct","BASENAME":"Concert","MTFCC":"S1400"}},{"type":"Feature","geometry":{"type":"LineString","coordinates":[[-77.28539899968581,38.884051999729486],[-77.285750000213412,38.883876000179349],[-77.285834999703923,38.883840999787751],[-77.285940000184226,38.883813999693665],[-77.286160000292256,38.883793999954023]]},"properties":{"NAME":"Hidden Estates Cv","BASENAME":"Hidden Estates","MTFCC":"S1400"}},{"type":"Feature","geometry":{"type":"LineString","coordinates":[[-77.26095499998182,38.904967000086749],[-77.259157000381094,38.903590999937123],[-77.259056999923672,38.903496000134496],[-77.25898499995364,38.903427999844496],[-77.25886000028018,38.903336000253177],[-77.258636999799094,38.903162999984545],[-77.258273999575934,38.902890000271057],[-77.257465000187253,38.902279000271101],[-77.256239999973644,38.90135799978016],[-77.256219999882177,38.901347999933954],[-77.256156000308067,38.901347999933954],[-77.256100000231569,38.901114000054577]]},"properties":{"NAME":"Glyndon St SE","BASENAME":"Glyndon","MTFCC":"S1400"}},{"type":"Feature","geometry":{"type":"LineString","coordinates":[[-77.276382999946279,38.879390000039848],[-77.277079000255355,38.879382999940518],[-77.277686999802583,38.879141000278842]]},"properties":{"NAME":"Motley Ln","BASENAME":"Motley","MTFCC":"S1400"}},{"type":"Feature","geometry":{"type":"LineString","coordinates":[[-77.28494099992642,38.902134999743495],[-77.284863999933521,38.902275000105035],[-77.284506999558147,38.902890000271057],[-77.284462000250628,38.902952999867892],[-77.284371000014019,38.903058999684816],[-77.284258000036104,38.903160999926435],[-77.284166999799524,38.90321700013385],[-77.284006000141034,38.903289000036018],[-77.283858000003036,38.903338999983376],[-77.283702000367427,38.903373999855674],[-77.283360999885588,38.903421999692419]]},"properties":{"NAME":"Rhapsody Dr","BASENAME":"Rhapsody","MTFCC":"S1400"}},{"type":"Feature","geometry":{"type":"LineString","coordinates":[[-77.288121999924499,38.889559999875317],[-77.288397000284107,38.889437000252919],[-77.288495000193407,38.889385999733072],[-77.288680000141341,38.889306999897507],[-77.288823000256457,38.889262999809382],[-77.288927999838435,38.889248000281626],[-77.289046999664137,38.889246999707005],[-77.289152999969346,38.889259000308549]]},"properties":{"NAME":"Timmark Ct","BASENAME":"Timmark","MTFCC":"S1400"}},{"type":"Feature","geometry":{"type":"LineString","coordinates":[[-77.23926799995337,38.905334000119801],[-77.239550999810604,38.90545599982682],[-77.239678999857119,38.905493000046029],[-77.239810000276677,38.905512999967577],[-77.239940999797938,38.905518000296624],[-77.24004200008028,38.905510999975675],[-77.240170999951701,38.905489999707768],[-77.240258999815239,38.905465000146393],[-77.240473000075497,38.905380999682187],[-77.240595000274226,38.905350999742026],[-77.240705999704005,38.905340000110293],[-77.240806000161413,38.905340999759126],[-77.241085999645591,38.905374999695212],[-77.241165000186626,38.905390000011323],[-77.241294999882967,38.905425000270647],[-77.241379000446869,38.905463000153134],[-77.241451000416902,38.905512000321174],[-77.241511999617956,38.905570999708168],[-77.241551999800919,38.905625000123173],[-77.24158899961084,38.905703000339358],[-77.241605000402686,38.905756000311854],[-77.241610000425538,38.905823999770185],[-77.241597999831669,38.905895000183712],[-77.241565000219708,38.905951999972054],[-77.241509000143211,38.906006999736654],[-77.241452000241821,38.906043000029804]]},"properties":{"NAME":"Tysons Ct","BASENAME":"Tysons","MTFCC":"S1400"}},{"type":"Feature","geometry":{"type":"LineString","coordinates":[[-77.23665199984481,38.912332000202753],[-77.23668700000492,38.912340000100336],[-77.236790999761993,38.912374999728911],[-77.237343999955954,38.912654000085567],[-77.237410000078185,38.912703999727952],[-77.237460000306896,38.912760000096455],[-77.237496000291912,38.912823000021284]]},"properties":{"NAME":"Yearling Ct","BASENAME":"Yearling","MTFCC":"S1400"}},{"type":"Feature","geometry":{"type":"LineString","coordinates":[[-77.270121000407514,38.87967900004179],[-77.269984999965089,38.879649999743783],[-77.269841999849945,38.879634000273604],[-77.269693999711961,38.879631000241439],[-77.269467999756131,38.879644999691237],[-77.269363000174152,38.879638000316341],[-77.269255000219118,38.879614000056691],[-77.269173000203352,38.879581999697926],[-77.269093999662331,38.879536999868314],[-77.26902599989026,38.879480999869614],[-77.268970999638668,38.87941299966198],[-77.268933000003841,38.879341000029463],[-77.268917999935226,38.879291999985242],[-77.268898999668664,38.879149999737741],[-77.268897999843745,38.879037999785524]]},"properties":{"NAME":null,"BASENAME":null,"MTFCC":"S1630"}},{"type":"Feature","geometry":{"type":"LineString","coordinates":[[-77.25548699976315,38.905556000129323],[-77.255402000272653,38.905583999993077],[-77.25536200008969,38.905603999888989],[-77.255323999556538,38.905629000100497],[-77.254587000137874,38.906205999711013],[-77.254337999717535,38.906408000126177],[-77.253118000425104,38.907373000199243],[-77.252985000355721,38.907494999897388],[-77.252628999805253,38.907786999744495],[-77.251909000105044,38.908351000214154],[-77.251873000120028,38.908362000078384],[-77.251222000016782,38.908882999956148],[-77.251119000084614,38.908971000259733],[-77.251010000304674,38.909037000241057],[-77.250898999976584,38.909086000039245],[-77.25077599995295,38.909129000133802],[-77.250648999731325,38.909155999692231],[-77.250553000370175,38.909165000241735],[-77.249706000448356,38.909293000011651]]},"properties":{"NAME":"Hine St SE","BASENAME":"Hine","MTFCC":"S1400"}},{"type":"Feature","geometry":{"type":"LineString","coordinates":[[-77.270216999768664,38.88871100013845],[-77.270534999785994,38.888595000336124],[-77.270614000327029,38.888555000046871],[-77.27067500042638,38.888512000077931],[-77.271115999569048,38.888123000102993],[-77.271189000262282,38.888076000305112],[-77.271236999942857,38.888054999775377],[-77.271374000210216,38.888013999988551],[-77.271515999602116,38.887981999916796]]},"properties":{"NAME":"Princeton Ter SW","BASENAME":"Princeton","MTFCC":"S1400"}},{"type":"Feature","geometry":{"type":"LineString","coordinates":[[-77.25855800015637,38.891541999730073],[-77.25838499990401,38.891202999669844],[-77.258228000443495,38.89093800033374],[-77.258054000366229,38.890679999695202],[-77.257910000426179,38.890492999950148],[-77.257708999686415,38.890253999955661],[-77.257496999974308,38.89002800019238],[-77.257259000322932,38.889799999974898],[-77.256969999719601,38.889542999968626]]},"properties":{"NAME":"Timber Ln SW","BASENAME":"Timber","MTFCC":"S1400"}},{"type":"Feature","geometry":{"type":"LineString","coordinates":[[-77.238020999998469,38.913871000332229],[-77.237799000240614,38.913917999834162],[-77.237562000414158,38.913997000250525],[-77.237405999880238,38.914069999928927],[-77.237184000122383,38.914299000031775]]},"properties":{"NAME":"Tysons Trace Dr","BASENAME":"Tysons Trace","MTFCC":"S1400"}},{"type":"Feature","geometry":{"type":"LineString","coordinates":[[-77.258066999886694,38.904272000106133],[-77.257409000110755,38.903772999696947],[-77.257359999706949,38.903753999655486],[-77.257300000330815,38.903746000188406],[-77.257239000231436,38.903753999655486],[-77.257184999804764,38.903776999778614],[-77.256182000247321,38.904580000074986]]},"properties":{"NAME":"Charles St SE","BASENAME":"Charles","MTFCC":"S1400"}},{"type":"Feature","geometry":{"type":"LineString","coordinates":[[-77.263920999894751,38.91808600027084],[-77.263975000321437,38.918166999876419],[-77.264023000001998,38.918229999894066],[-77.264159000444437,38.918377999881869],[-77.264514000271689,38.918707000009796],[-77.264629999724306,38.918796000173195],[-77.26473500020461,38.918855999859105],[-77.264843000159658,38.918902000096452],[-77.264961000160426,38.918938000139903],[-77.265101999727406,38.918965000160483],[-77.265242000367834,38.918976999933342],[-77.265329000406453,38.918975000320806],[-77.265494000262905,38.918953999842707],[-77.265611000438767,38.918926999817948],[-77.265689000256572,38.918900999939666],[-77.265875999854316,38.918814000224081],[-77.265993999855098,38.918770999706652],[-77.266090999939465,38.918749999867075],[-77.266253000321186,38.918731999799995],[-77.266366000299087,38.91870499969076],[-77.266484000299869,38.91865900002459],[-77.266592000254889,38.918600999795238],[-77.266651999631037,38.918560000170913],[-77.266865000066375,38.918409000071563],[-77.266981000417331,38.918334999799164],[-77.267077999603401,38.918279000335033],[-77.267295000236672,38.918170999845934],[-77.267845000057591,38.917947999979084],[-77.268743000033041,38.917590999817754],[-77.268815000003073,38.917566999801238],[-77.269000999775912,38.917521000096315],[-77.269158999959657,38.917498000232648],[-77.269311000295616,38.917487999864186],[-77.269415000052703,38.917486999687469],[-77.269666999947773,38.917497000056073],[-77.269773000252982,38.917486999687469],[-77.269866000139402,38.917467999821916],[-77.26998400014017,38.917428999898071],[-77.270087999897243,38.917376999733243],[-77.270534999785994,38.917075999952736],[-77.270971999629012,38.916778000154586],[-77.271648999671527,38.916315000263197],[-77.271946999597347,38.916110999690481],[-77.27219099999482,38.915944000292683],[-77.27229899994984,38.91585099994704],[-77.272394000384409,38.915745999861329],[-77.272464999631197,38.915641000319127],[-77.272471000377308,38.915631999891851],[-77.272492000293695,38.915589999746608],[-77.272528000278712,38.915517000233777],[-77.272563000438794,38.915408000227785],[-77.272569000286595,38.915390000011897],[-77.272580000157248,38.915330000191254],[-77.272718000249512,38.914690999863332],[-77.273172999635861,38.914372000098531]]},"properties":{"NAME":"Talisman Dr","BASENAME":"Talisman","MTFCC":"S1400"}},{"type":"Feature","geometry":{"type":"LineString","coordinates":[[-77.283559000252282,38.883748000042004],[-77.283682000275945,38.883952999861357],[-77.283851000330344,38.884114999955116]]},"properties":{"NAME":"Palace Green Way","BASENAME":"Palace Green","MTFCC":"S1400"}},{"type":"Feature","geometry":{"type":"LineString","coordinates":[[-77.238761999615093,38.881626999953156],[-77.239298999915519,38.881834000257463],[-77.239370000060632,38.881855999808415],[-77.239519999848454,38.881882999947265],[-77.239659999590543,38.881895999673823],[-77.23980899955346,38.881893999716063],[-77.240329999960352,38.881840000135647],[-77.241098000239475,38.881750999792366],[-77.242361000087911,38.881612000211739],[-77.242481999563438,38.881612000211739],[-77.242591000241688,38.881624999987821]]},"properties":{"NAME":"Marquette St","BASENAME":"Marquette","MTFCC":"S1400"}},{"type":"Feature","geometry":{"type":"LineString","coordinates":[[-77.253654000002328,38.896443999768209],[-77.25250800032974,38.897354999966744]]},"properties":{"NAME":"Elmar Dr SE","BASENAME":"Elmar","MTFCC":"S1400"}},{"type":"Feature","geometry":{"type":"LineString","coordinates":[[-77.23934900014423,38.917085000196877],[-77.239023999555911,38.917211000000577],[-77.238708999911651,38.917373999897301]]},"properties":{"NAME":"Brenthill Ct","BASENAME":"Brenthill","MTFCC":"S1400"}},{"type":"Feature","geometry":{"type":"LineString","coordinates":[[-77.234501999891577,38.898625999777863],[-77.234889000404195,38.898798000174153],[-77.235065999956177,38.898868000183619],[-77.235292999736913,38.898967000239033],[-77.235513999669863,38.899052000338934],[-77.235577000317363,38.899071999977501],[-77.23575399986936,38.899119999926079],[-77.236538999866909,38.899217000160093],[-77.237008000395278,38.899265999745033],[-77.237902999997686,38.899259999940362],[-77.237940999632528,38.899180000165728],[-77.237999000257147,38.899103999946846],[-77.238173000334427,38.899013999821562]]},"properties":{"NAME":"Idylwood Rd","BASENAME":"Idylwood","MTFCC":"S1400"}},{"type":"Feature","geometry":{"type":"LineString","coordinates":[[-77.25395899960084,38.902875000125775],[-77.253941000057495,38.902890000271057],[-77.25334400038092,38.903362000240946],[-77.25291900023349,38.903699000242653],[-77.251873999944934,38.90452800028293],[-77.250667000172996,38.905487000068462],[-77.249701000425475,38.906255000065272],[-77.249452999830041,38.906450999745864],[-77.249400999951519,38.906478999955631],[-77.249082000109283,38.906734999863673],[-77.248760999718911,38.906999999672614],[-77.248301000309681,38.907342999702699],[-77.248178000286046,38.907458000022544],[-77.248097999920105,38.907553000115833],[-77.248010999881458,38.907682999927125],[-77.247931000413843,38.907835000092781]]},"properties":{"NAME":"Echols St SE","BASENAME":"Echols","MTFCC":"S1400"}},{"type":"Feature","geometry":{"type":"LineString","coordinates":[[-77.243131999841765,38.895320999879409],[-77.243029999734503,38.895210999832528],[-77.242945000244006,38.895105000185481],[-77.242904000236138,38.895062999780265],[-77.242819999672221,38.895000999969071],[-77.242689000150975,38.894936999814007],[-77.242146000002762,38.894732000229013],[-77.241663999953929,38.894544000164444],[-77.241454999716538,38.894477999994038],[-77.241059999706323,38.894342000254518],[-77.240873000108593,38.894285000234859],[-77.240596000099146,38.894161999705346],[-77.240540000022648,38.894130000305758],[-77.240406000128345,38.894041999784946],[-77.240160999905967,38.893879999955324],[-77.23988600044467,38.893686999969461],[-77.239657000115812,38.893552999743235]]},"properties":{"NAME":"Aponi Rd","BASENAME":"Aponi","MTFCC":"S1400"}},{"type":"Feature","geometry":{"type":"LineString","coordinates":[[-77.241243999829337,38.878437999783152],[-77.241287000385356,38.879166000016163]]},"properties":{"NAME":"Stone Hollow Dr","BASENAME":"Stone Hollow","MTFCC":"S1400"}},{"type":"Feature","geometry":{"type":"LineString","coordinates":[[-77.260570999842258,38.898001000114512],[-77.262448999808939,38.896496999660918],[-77.26333599991375,38.895792999824465],[-77.264383999677023,38.894959999996502]]},"properties":{"NAME":"Battle St SW","BASENAME":"Battle","MTFCC":"S1400"}},{"type":"Feature","geometry":{"type":"LineString","coordinates":[[-77.280413000414313,38.887423999975496],[-77.279712999907247,38.886611000238297],[-77.279390999691984,38.88622899976783],[-77.279190999675436,38.886003999706467],[-77.279156000413664,38.885926000227457],[-77.279128999751165,38.885836000184284],[-77.279090000291404,38.885298000189941],[-77.27910899965967,38.885236000245868],[-77.279156000413664,38.885192999666458]]},"properties":{"NAME":"Snowberry Ct","BASENAME":"Snowberry","MTFCC":"S1400"}},{"type":"Feature","geometry":{"type":"LineString","coordinates":[[-77.270862000024152,38.894884999951422],[-77.270868999696845,38.894847999797399],[-77.271032999728362,38.894669000329742],[-77.271211999828495,38.894492999815661],[-77.271385999905775,38.894332000119469],[-77.271836000167582,38.89389300028332],[-77.272338000307911,38.893400999765007],[-77.272579000332343,38.893164999926896],[-77.272796999892222,38.89302600030409]]},"properties":{"NAME":"Roland St SW","BASENAME":"Roland","MTFCC":"S1400"}},{"type":"Feature","geometry":{"type":"LineString","coordinates":[[-77.275565000336741,38.904676999840746],[-77.27370499991342,38.906903000284643],[-77.27362600027071,38.906965999815725],[-77.273538000407157,38.90701900024343]]},"properties":{"NAME":"Tazewell Rd NW","BASENAME":"Tazewell","MTFCC":"S1400"}},{"type":"Feature","geometry":{"type":"LineString","coordinates":[[-77.252505999781604,38.924237999987717],[-77.251805000347957,38.924096000144566],[-77.251682000324308,38.924079000119711],[-77.25156299960031,38.924076999952064],[-77.251463999866118,38.924090999726594],[-77.251365000131912,38.924121000132658],[-77.251284999765971,38.92415899979013],[-77.251216000168995,38.924208000329948],[-77.251064999657942,38.924340999927381],[-77.250991000038098,38.924384999944195],[-77.250930999763639,38.9244089997513],[-77.250849999572779,38.924433000249167],[-77.250756999686359,38.924446999953396],[-77.250517000385159,38.924450000189196]]},"properties":{"NAME":"Skokie Ln","BASENAME":"Skokie","MTFCC":"S1400"}},{"type":"Feature","geometry":{"type":"LineString","coordinates":[[-77.277562000129109,38.878178999871814],[-77.27753100016696,38.878783000053886],[-77.277573999824682,38.878936999883337],[-77.277686999802583,38.879141000278842],[-77.277901000062812,38.879408000292081],[-77.277976000405886,38.87953199980776],[-77.277988000101473,38.879604999957238],[-77.277951000291537,38.879691000161635],[-77.277656999665339,38.880034999938424],[-77.27755100025847,38.880118000310119]]},"properties":{"NAME":"Village Spring Ln","BASENAME":"Village Spring","MTFCC":"S1400"}},{"type":"Feature","geometry":{"type":"LineString","coordinates":[[-77.276285000036964,38.878402000181381],[-77.276365000402905,38.878556000137237],[-77.276382999946279,38.879390000039848],[-77.276408000060613,38.879532999819887],[-77.276408999885518,38.879676000011528],[-77.275808999835903,38.879670999960751],[-77.275627000261039,38.879663999889104]]},"properties":{"NAME":"Shawn Leigh Dr","BASENAME":"Shawn Leigh","MTFCC":"S1400"}},{"type":"Feature","geometry":{"type":"LineString","coordinates":[[-77.272989000411158,38.924140999697435],[-77.272980000190344,38.924123000299069],[-77.272954000251062,38.924070000063793],[-77.272909000045203,38.923981000225751],[-77.272876000433257,38.923920999981412],[-77.272842999922972,38.923873000028976],[-77.272802999740009,38.923820999694392],[-77.272775999975821,38.923770000108689]]},"properties":{"NAME":"Mamie Dyer Ln","BASENAME":"Mamie Dyer","MTFCC":"S1400"}},{"type":"Feature","geometry":{"type":"LineString","coordinates":[[-77.278595999648701,38.878248999922043],[-77.278568000059593,38.878488999770582],[-77.278610999717301,38.878591000334957],[-77.278744999611604,38.878699000196988],[-77.278907999818216,38.878800999760543],[-77.279055999956228,38.878932999801194],[-77.279148999842647,38.879081999912678],[-77.279168999934129,38.879343000059087],[-77.279164999736167,38.879590999800293],[-77.279246999751948,38.87967700002163]]},"properties":{"NAME":"Sutton Oaks Ln","BASENAME":"Sutton Oaks","MTFCC":"S1400"}},{"type":"Feature","geometry":{"type":"LineString","coordinates":[[-77.256752999984641,38.886825999982264],[-77.256824999954645,38.886703999732568],[-77.257603000279516,38.885570999705827],[-77.257718999732148,38.885408000205601]]},"properties":{"NAME":"Orleans Cir SW","BASENAME":"Orleans","MTFCC":"S1400"}},{"type":"Feature","geometry":{"type":"LineString","coordinates":[[-77.278732999916045,38.87780699988658],[-77.278915000389233,38.877814000141157],[-77.278918999688884,38.877614000288816],[-77.278864000335602,38.877590000044911],[-77.278708999626602,38.877582999768265],[-77.278732999916045,38.87780699988658]]},"properties":{"NAME":"Rensselaer Ct","BASENAME":"Rensselaer","MTFCC":"S1400"}},{"type":"Feature","geometry":{"type":"LineString","coordinates":[[-77.279856999847297,38.890706999976643],[-77.279683999594937,38.890826000084935]]},"properties":{"NAME":"Pennington Pl","BASENAME":"Pennington","MTFCC":"S1400"}},{"type":"Feature","geometry":{"type":"LineString","coordinates":[[-77.279712999907247,38.886611000238297],[-77.280004999985294,38.886470999762473],[-77.280092000023956,38.886433000205059],[-77.280184999910347,38.886402999951279],[-77.280302999911143,38.886382000325462],[-77.280410999866177,38.886374000299931],[-77.280517999996292,38.886377000047403],[-77.280626999776246,38.88639100026576],[-77.280716000363014,38.886412999804215],[-77.280800999853511,38.886443000053767],[-77.280893999739945,38.886491000147046],[-77.280968000258085,38.886540000121343],[-77.281091000281748,38.886642000316307],[-77.281108999825094,38.886663999777028],[-77.281164000076672,38.886804999782235]]},"properties":{"NAME":"Bunchberry Pl","BASENAME":"Bunchberry","MTFCC":"S1400"}},{"type":"Feature","geometry":{"type":"LineString","coordinates":[[-77.247741000443042,38.899996999653887],[-77.247996999637749,38.900169000224864],[-77.248082000026571,38.90021299984879],[-77.248215000095954,38.90026500000468],[-77.248507999998907,38.900367000065536]]},"properties":{"NAME":"Shahraam Ct SE","BASENAME":"Shahraam","MTFCC":"S1400"}},{"type":"Feature","geometry":{"type":"LineString","coordinates":[[-77.28521100026316,38.885856000048307],[-77.285125999874339,38.885756999897033],[-77.285036000360975,38.885652000051941],[-77.284853999887787,38.885452999813246]]},"properties":{"NAME":"Access St","BASENAME":"Access","MTFCC":"S1400"}},{"type":"Feature","geometry":{"type":"LineString","coordinates":[[-77.256802000388433,38.898847000048207],[-77.256548999770132,38.899023000258694],[-77.256250000019378,38.899259000205902],[-77.256051999652669,38.899408000334411],[-77.255962999964211,38.899459999681632],[-77.255803999955546,38.899577000345779],[-77.255527999771047,38.899791999994022],[-77.255306000013178,38.89997200025563],[-77.255256999609387,38.900026000035417],[-77.254890999911481,38.900302000132811]]},"properties":{"NAME":"Manvell Rd SE","BASENAME":"Manvell","MTFCC":"S1400"}},{"type":"Feature","geometry":{"type":"LineString","coordinates":[[-77.242146000002762,38.894732000229013],[-77.2418389998561,38.8952030001021],[-77.241540999930265,38.895721999796194],[-77.241519000188973,38.895798000138889],[-77.241516999640822,38.895859999953458],[-77.241545999953146,38.89590899975736],[-77.24157299971732,38.89593399988685]]},"properties":{"NAME":"Addison St","BASENAME":"Addison","MTFCC":"S1400"}},{"type":"Feature","geometry":{"type":"LineString","coordinates":[[-77.275419999673474,38.906326000047748],[-77.275828999927384,38.906515000009435],[-77.275916999790951,38.906537999937107],[-77.276011000400587,38.906545999788641],[-77.276061999555907,38.906543999825843]]},"properties":{"NAME":"Colony Ct NW","BASENAME":"Colony","MTFCC":"S1400"}},{"type":"Feature","geometry":{"type":"LineString","coordinates":[[-77.251422999858235,38.922717000101002],[-77.251488000155547,38.922752000203026],[-77.25154599988187,38.922803999923381],[-77.251637000118464,38.922955999855027],[-77.251697000392937,38.923023000208886],[-77.251725999806936,38.923047999876133],[-77.25180000032509,38.923100000078449],[-77.25187700031799,38.923138000282762],[-77.252002999816369,38.923176999864431],[-77.252792999836771,38.923330999884541]]},"properties":{"NAME":"Olympia Fields Ln","BASENAME":"Olympia Fields","MTFCC":"S1400"}},{"type":"Feature","geometry":{"type":"LineString","coordinates":[[-77.275162999755523,38.877759000220401],[-77.275206000311556,38.877865999912657],[-77.275208999786287,38.877954000192418],[-77.27517000032654,38.878233000136426],[-77.275064000021317,38.878660999979296],[-77.275115000074962,38.878763000296779]]},"properties":{"NAME":"Roesh Way","BASENAME":"Roesh","MTFCC":"S1400"}},{"type":"Feature","geometry":{"type":"LineString","coordinates":[[-77.240868000085712,38.916007000186994],[-77.240690999635376,38.91569799997005],[-77.240602999771838,38.915548999780505]]},"properties":{"NAME":"Vance Pl","BASENAME":"Vance","MTFCC":"S1400"}},{"type":"Feature","geometry":{"type":"LineString","coordinates":[[-77.276444999870535,38.8932920000587],[-77.276618000122909,38.893771000285],[-77.276666999628389,38.894325000094014],[-77.276813999941481,38.894583000077439],[-77.277896000039945,38.895885999882147],[-77.278043000353037,38.895898000061131],[-77.278841999695999,38.895283000162109],[-77.279383000194386,38.89468100001524],[-77.279420000004293,38.894471999784834],[-77.278332000058043,38.893323000017837],[-77.277945000443751,38.893365999871108],[-77.277392000249804,38.893389999680338],[-77.276444999870535,38.8932920000587]]},"properties":{"NAME":"Chain Brg Rd","BASENAME":"Chain Brg","MTFCC":"S1400"}},{"type":"Feature","geometry":{"type":"LineString","coordinates":[[-77.270240000233215,38.893950999727601],[-77.270075000376764,38.893831999960739],[-77.269912999995057,38.893730000301552],[-77.269753999986392,38.893639999658021],[-77.269594999977755,38.893563999802659],[-77.269105000431296,38.893372999991087]]},"properties":{"NAME":"Hillside Cir SW","BASENAME":"Hillside","MTFCC":"S1400"}},{"type":"Feature","geometry":{"type":"LineString","coordinates":[[-77.240699000031299,38.911807999706149],[-77.240632999909067,38.912092000060603],[-77.240623999688225,38.912165999853123],[-77.24062500041147,38.912265999790222],[-77.240636000282123,38.91234199989983],[-77.240672000267111,38.91246700018818],[-77.240703000229274,38.912533999961347],[-77.240928000360157,38.912922999731663],[-77.241145000095145,38.913291000108828],[-77.241198999623492,38.913345999779096],[-77.241264999745752,38.913389000088905],[-77.241331999692903,38.913416999658942]]},"properties":{"NAME":"Gables Ln","BASENAME":"Gables","MTFCC":"S1400"}},{"type":"Feature","geometry":{"type":"LineString","coordinates":[[-77.258423000437176,38.89635900004231],[-77.260144000045003,38.894997999886627],[-77.260309999726346,38.894857000063368],[-77.260816000064636,38.894453999853305],[-77.26094199956303,38.894371999952156],[-77.261083000028336,38.894301999705817],[-77.261220000295694,38.89425000007747],[-77.261543000335891,38.894168999746867]]},"properties":{"NAME":"Oak St SW","BASENAME":"Oak","MTFCC":"S1400"}},{"type":"Feature","geometry":{"type":"LineString","coordinates":[[-77.275229999702674,38.917934999861806],[-77.274704999996118,38.917707999956882],[-77.274376000108148,38.917602999822975],[-77.274265999604992,38.917555999965643],[-77.274195000358176,38.917510000253586],[-77.274123000388172,38.917439999753313],[-77.274064999763524,38.917367000046674],[-77.27400399966416,38.917242000001195],[-77.273959000356641,38.917100000135321],[-77.273967999679158,38.917047000245432],[-77.273991999968601,38.916987999912678],[-77.274053999892885,38.91690300031842]]},"properties":{"NAME":"Macy Ave","BASENAME":"Macy","MTFCC":"S1400"}},{"type":"Feature","geometry":{"type":"LineString","coordinates":[[-77.246161000402182,38.885519999906691],[-77.246086999884028,38.885637999687937],[-77.246008000241318,38.885753000198768],[-77.24593500044638,38.885834000337425],[-77.245790999608019,38.885947999909895]]},"properties":{"NAME":"Sanoey Cir SE","BASENAME":"Sanoey","MTFCC":"S1400"}},{"type":"Feature","geometry":{"type":"LineString","coordinates":[[-77.239380000106365,38.902744999899092],[-77.239667999986466,38.902746000283557],[-77.239882000246709,38.902729999723178],[-77.239991999851554,38.902704999889011],[-77.240361999747407,38.902573999663225],[-77.240488000144097,38.90254500032237],[-77.240627999886186,38.90253099979261],[-77.240818999681906,38.90254600001056]]},"properties":{"NAME":"Connirae Ln","BASENAME":"Connirae","MTFCC":"S1400"}},{"type":"Feature","geometry":{"type":"LineString","coordinates":[[-77.257623000370998,38.887104000146849],[-77.257697999815747,38.886960000313131],[-77.257784999854394,38.886825999982264],[-77.257886000136736,38.886703999732568],[-77.258379999881143,38.886219999807018],[-77.259090000433943,38.885538000004495],[-77.259367000443376,38.885274999675644],[-77.259984000211432,38.884682000171381],[-77.260758000338328,38.883934000111026],[-77.261113999990471,38.883594000150204],[-77.261146999602445,38.883580000079924],[-77.261245000410057,38.883484000123012],[-77.261769000291693,38.882984999787318],[-77.261833999690694,38.882922999922634],[-77.261912000406824,38.882862999934389],[-77.262104999852355,38.882752000207212],[-77.262182999670159,38.882731000201531],[-77.262310999716675,38.882709000222206],[-77.262510999733209,38.882695999945156],[-77.26270200042724,38.882695999945156],[-77.263022999919286,38.882716999961204],[-77.263150999965802,38.882734000102808],[-77.263880999711773,38.882866999795347],[-77.263976000146329,38.882878000111042],[-77.264127999583991,38.882882999936093],[-77.265227000299205,38.882880000041112],[-77.265459000102794,38.88286999969089],[-77.265988999832231,38.882863999899683],[-77.266126999924481,38.88286999969089],[-77.266915000295086,38.88298900034065],[-77.267310000305301,38.883049000222499],[-77.267500000276087,38.883087000191345],[-77.267588000139639,38.883093999925784],[-77.267679000376233,38.883091000039649],[-77.267767000239772,38.883075999908009]]},"properties":{"NAME":"Marshall Rd SW","BASENAME":"Marshall","MTFCC":"S1400"}},{"type":"Feature","geometry":{"type":"LineString","coordinates":[[-77.248666000182666,38.896695999722994],[-77.248302000134601,38.896414000246715]]},"properties":{"NAME":"Farley Ct SE","BASENAME":"Farley","MTFCC":"S1400"}},{"type":"Feature","geometry":{"type":"LineString","coordinates":[[-77.285828999856122,38.880988999762074],[-77.285893000328542,38.880880999883992],[-77.285935000161345,38.880839000158993],[-77.286024999674709,38.880784999776843],[-77.286117999561142,38.880742000000055],[-77.28621899984347,38.880706000166882],[-77.286332999646291,38.880676000291984],[-77.286536000035866,38.880631999753227],[-77.287720000241606,38.88038000014798]]},"properties":{"NAME":"Snowbound Ct","BASENAME":"Snowbound","MTFCC":"S1400"}},{"type":"Feature","geometry":{"type":"LineString","coordinates":[[-77.287678000408789,38.906023000257569],[-77.28761899995925,38.905719000229723],[-77.28755700003498,38.905481999737233],[-77.287552000012099,38.904703999694263],[-77.28755700003498,38.904647000302113],[-77.287584999624059,38.90450400004346],[-77.287629999829903,38.904376000027128],[-77.28774700000578,38.904142000340194],[-77.287845999739972,38.903949999949248],[-77.287915000235259,38.903856999966521],[-77.288003000098811,38.903770999656025],[-77.288095999985231,38.903703000328498],[-77.289650000086809,38.902888999888617],[-77.289785999630922,38.902822000099746],[-77.291369000044824,38.901992999713961],[-77.291680000389448,38.901834000338361],[-77.291872000010059,38.901728000090742],[-77.291964000071573,38.901658999804972],[-77.292020999972976,38.901604000167488]]},"properties":{"NAME":"Corsica St","BASENAME":"Corsica","MTFCC":"S1400"}},{"type":"Feature","geometry":{"type":"LineString","coordinates":[[-77.285504999991034,38.875534000347727],[-77.285559000417706,38.875097999958527],[-77.28557299976309,38.874826000144544]]},"properties":{"NAME":"Spice Ct","BASENAME":"Spice","MTFCC":"S1400"}},{"type":"Feature","geometry":{"type":"LineString","coordinates":[[-77.240403999580209,38.878046999829252],[-77.240924999987115,38.878181999965278],[-77.241088000193727,38.878259000223302],[-77.241243999829337,38.878437999783152],[-77.242187000010631,38.87841199976183],[-77.243021000412,38.878536000316188],[-77.243216000405667,38.878548999955754],[-77.243319000337834,38.878591000334957],[-77.243910999991542,38.878823000250549],[-77.244388999842414,38.878976999993355]]},"properties":{"NAME":"Dellway Ln","BASENAME":"Dellway","MTFCC":"S1400"}},{"type":"Feature","geometry":{"type":"LineString","coordinates":[[-77.25747000021012,38.888283000000072],[-77.258107999894591,38.888061999719582],[-77.258382000429279,38.887963999739],[-77.258821999747028,38.887791999674548],[-77.258981999580584,38.887727000119021],[-77.259260000313247,38.887604000119694],[-77.259667000019022,38.88741299966442],[-77.259904999670397,38.887290999723554],[-77.260277000114385,38.887097000108291],[-77.260703999911655,38.886865999846577],[-77.261009000408492,38.886721000318673],[-77.26131700038006,38.88658900006191],[-77.261513000198647,38.886510999826676],[-77.261797999705678,38.88641000005827],[-77.262335999831038,38.886231000302828],[-77.262495999664608,38.886174000067228],[-77.262842999994234,38.886052000096356],[-77.263463999960251,38.88582500032657],[-77.264080999728321,38.885586000009972],[-77.265014999688788,38.885204000321288],[-77.26514799975817,38.885148999827166],[-77.265911999839332,38.884809000086705],[-77.266428000223357,38.884567000024724],[-77.266748999715418,38.884423999886693],[-77.267033000295854,38.884313999746006],[-77.267279000343166,38.884228000242125],[-77.267655999911696,38.884109000268992],[-77.268185999641119,38.883966999858131]]},"properties":{"NAME":"Kingsley Rd SW","BASENAME":"Kingsley","MTFCC":"S1400"}},{"type":"Feature","geometry":{"type":"LineString","coordinates":[[-77.260235000281597,38.876591999802116],[-77.260487000176681,38.876407000151389],[-77.260658999705811,38.876274000256068],[-77.261077000180563,38.875954999923984],[-77.26125600028071,38.87581099987279],[-77.261332000448675,38.875753999669946],[-77.262196999913854,38.875112000301272],[-77.262320999762423,38.875020999772268]]},"properties":{"NAME":"Suteki Dr","BASENAME":"Suteki","MTFCC":"S1400"}},{"type":"Feature","geometry":{"type":"LineString","coordinates":[[-77.224498999589798,38.897899000150666],[-77.225374999823941,38.897956999819087],[-77.225881999987152,38.897984000130684],[-77.226625000151898,38.898030999664741],[-77.226776999589546,38.89804699988575],[-77.226842999711792,38.898054999994898],[-77.227093999781957,38.898083000020307],[-77.227328000133681,38.898125999788121],[-77.227482999944385,38.898159999683664],[-77.227805000159663,38.898239000159414],[-77.228144000093366,38.89834700021634],[-77.228349999957686,38.898419999909272],[-77.228508999966351,38.898493000226345],[-77.228633999639825,38.898549999665121],[-77.228672999997883,38.898565000024966],[-77.228930999740754,38.898673000285171],[-77.229323000276239,38.898839000028282],[-77.229851000355822,38.89909000013683],[-77.231508000389553,38.899804000212086],[-77.233094000278186,38.900491999768875],[-77.233586000372782,38.900700999760119],[-77.233839999917677,38.900793999682207],[-77.233932999804082,38.900824000149768],[-77.234309000446046,38.900933000180594],[-77.234613000219667,38.901001000063765],[-77.235528999738477,38.901162999728641],[-77.235855000151702,38.901219999820626],[-77.236400999774645,38.901316000276765],[-77.23671799996707,38.901371999842112],[-77.238832999760191,38.90174499987733],[-77.239030000302009,38.901763000058125],[-77.239237999816154,38.901767999952177],[-77.239309999786158,38.901765999854774],[-77.239343000296458,38.901763999757321],[-77.239554000183645,38.901742999779287],[-77.239772999568444,38.901705999702948],[-77.239975999958034,38.901656999704514],[-77.24123899980647,38.901281000089085],[-77.241433999800151,38.901226000158793],[-77.241946999811134,38.901070000289856],[-77.24242100036237,38.900931000059671]]},"properties":{"NAME":"Electric Ave","BASENAME":"Electric","MTFCC":"S1400"}},{"type":"Feature","geometry":{"type":"LineString","coordinates":[[-77.270534999785994,38.899140999980808],[-77.271148000254414,38.898682000066444]]},"properties":{"NAME":"Salsbury Ln NW","BASENAME":"Salsbury","MTFCC":"S1400"}},{"type":"Feature","geometry":{"type":"LineString","coordinates":[[-77.248740999627415,38.899178999731028],[-77.248532000288378,38.899172000183327],[-77.248247999707914,38.899173999654671],[-77.247985999767096,38.899190000317269],[-77.247757000336549,38.899219000329296],[-77.247724999651197,38.899233000113874],[-77.24768700001637,38.899267000178519],[-77.247642999635445,38.899296000159055]]},"properties":{"NAME":"Ninovan Rd SE","BASENAME":"Ninovan","MTFCC":"S1400"}},{"type":"Feature","geometry":{"type":"LineString","coordinates":[[-77.278595999648701,38.878248999922043],[-77.278680000212603,38.877976000245354],[-77.278732999916045,38.87780699988658]]},"properties":{"NAME":"Rensselaer Ct","BASENAME":"Rensselaer","MTFCC":"S1400"}},{"type":"Feature","geometry":{"type":"LineString","coordinates":[[-77.269052999654434,38.921803000010385],[-77.268886000148171,38.921672000084136],[-77.268789000063805,38.921579000256372],[-77.268705000398199,38.921474999680896],[-77.268634000253101,38.921357000039549],[-77.268590999697068,38.921241999874525],[-77.268528999772812,38.920969999927429],[-77.268486999939995,38.920828999963362],[-77.268425999840645,38.920683999891416],[-77.268332999954211,38.920513000235637],[-77.26821999997631,38.92033999989475],[-77.267866999798883,38.919803000040346],[-77.267666999782364,38.919507000109007],[-77.267624999949575,38.919443999827315],[-77.267516999994527,38.919307000230859],[-77.267418000260335,38.919205000124848],[-77.267290000213819,38.919093999884005],[-77.267269000297418,38.91907599990418],[-77.266651999631037,38.918560000170913]]},"properties":{"NAME":"Saint Roman Dr","BASENAME":"Saint Roman","MTFCC":"S1400"}},{"type":"Feature","geometry":{"type":"LineString","coordinates":[[-77.279205999744065,38.881726000265147],[-77.279828000433298,38.881728000227632]]},"properties":{"NAME":"Glendevy Ct","BASENAME":"Glendevy","MTFCC":"S1400"}},{"type":"Feature","geometry":{"type":"LineString","coordinates":[[-77.242867000426202,38.889962999886002],[-77.24341800007204,38.889233000051483],[-77.243607000217906,38.889000999864479],[-77.243787000142973,38.888776000192081]]},"properties":{"NAME":"Patrick St","BASENAME":"Patrick","MTFCC":"S1400"}},{"type":"Feature","geometry":{"type":"LineString","coordinates":[[-77.256464000279621,38.920903999860187],[-77.256431999594284,38.920908999803856],[-77.256347999928678,38.920911000060819],[-77.25625900024022,38.920898999916105],[-77.255911000085675,38.920774999932632],[-77.255794999734718,38.920729000210578]]},"properties":{"NAME":"Clovelly Ct","BASENAME":"Clovelly","MTFCC":"S1400"}},{"type":"Feature","geometry":{"type":"LineString","coordinates":[[-77.25238299975797,38.889563000187465],[-77.25234900032109,38.889481000233268],[-77.252147999581325,38.889000999864479],[-77.252011000212292,38.888676999914622],[-77.251916999602642,38.888494000034427],[-77.251818999693342,38.888350000221365],[-77.251675999578225,38.888150999848783],[-77.25156400032354,38.888024000313948],[-77.251425000406357,38.887888000103381],[-77.251376999827471,38.887846000325048],[-77.251181999833804,38.887689999732331],[-77.250992999687909,38.887558999776743],[-77.250800000242378,38.887444000091712],[-77.250575999936402,38.887331999927653],[-77.25034900015568,38.887237999953342],[-77.25015800035996,38.887167999668513],[-77.249975000061866,38.887112999995672],[-77.249701000425475,38.887053000049775],[-77.249621000059534,38.887038000055384],[-77.249104999675495,38.886943999692036],[-77.249062000017787,38.88693399991385],[-77.248799000252063,38.886874999725556],[-77.248689999573813,38.886847000176026],[-77.248583000341995,38.886810999939946],[-77.248446999899571,38.886765999793958],[-77.248352000363326,38.886730000216026],[-77.248118999836507,38.886632999708617],[-77.247999000185899,38.886579000233752],[-77.247943999934307,38.886554000307598],[-77.247872999789195,38.886514000267603],[-77.247631999764778,38.886377000047403],[-77.247502999893342,38.886296999745582],[-77.247472999756127,38.886277999922847],[-77.247363000151267,38.886199000127107],[-77.247229000256965,38.886091999697214],[-77.247075000271195,38.885970000284743],[-77.246926000308264,38.885869999670142],[-77.246768000124504,38.885779000331027],[-77.246565999559834,38.885677000295509],[-77.246377000312251,38.885597999831461],[-77.246161000402182,38.885519999906691],[-77.244916999922012,38.885065999738352],[-77.244809999791897,38.885030999932987],[-77.2445350003306,38.884928000285846],[-77.244196000396883,38.884810999962411],[-77.244143999620022,38.884792999680421]]},"properties":{"NAME":"Desale St SW","BASENAME":"Desale","MTFCC":"S1400"}},{"type":"Feature","geometry":{"type":"LineString","coordinates":[[-77.257252999576821,38.895491000315829],[-77.256204999813548,38.896325999759405],[-77.255810999628267,38.896640999737038],[-77.255002000239571,38.897287000087687],[-77.254885000063709,38.897374000322266],[-77.254693000443083,38.897518000018302],[-77.254570000419434,38.897618000315106],[-77.254510000144975,38.897656000181229],[-77.253392999886401,38.898545999988109],[-77.25301399976972,38.898855999807374],[-77.252713000369155,38.899101999774402],[-77.252370000237477,38.899356999983084],[-77.252046000372374,38.8996259996823],[-77.251709000088496,38.899919999885114]]},"properties":{"NAME":"Moore Ave SE","BASENAME":"Moore","MTFCC":"S1400"}},{"type":"Feature","geometry":{"type":"LineString","coordinates":[[-77.237008000395278,38.899265999745033],[-77.236898999717027,38.899868999901557],[-77.236873999602651,38.900048000244617],[-77.236871999952839,38.900159999932988],[-77.236902999914989,38.900292000137888],[-77.23693600042526,38.900379999905105],[-77.237116000350312,38.900722000046343]]},"properties":{"NAME":"Benedictine Ct","BASENAME":"Benedictine","MTFCC":"S1400"}},{"type":"Feature","geometry":{"type":"LineString","coordinates":[[-77.274299999940155,38.867504999842964],[-77.274479000040316,38.867603000064342],[-77.275120000097829,38.867951000301211],[-77.275182000022113,38.867984999951645],[-77.275418999848569,38.868111000160027],[-77.275982000088277,38.868410000154881],[-77.276654999932816,38.868768000176225],[-77.276737999773502,38.868811999667656],[-77.276993999866534,38.868948000021625],[-77.277448000326302,38.86919100027886],[-77.277623000228488,38.869297000125144],[-77.277660000038409,38.869322999984114],[-77.277735000381469,38.869376999983608],[-77.277808000176407,38.869436000013891],[-77.27789799968977,38.869516999869049],[-77.277942999895615,38.869564000053501],[-77.278034000132223,38.869658999780903],[-77.278055999873516,38.869685999658159],[-77.278178999897179,38.869839000167744],[-77.278390999609258,38.870142999910463],[-77.278430999792235,38.870199999717507],[-77.278487999693652,38.870282000243165],[-77.279055000131308,38.871088999994761],[-77.279141000345035,38.871198000196628],[-77.279211999591837,38.87128500021209],[-77.279375999623369,38.871464999978478],[-77.279549999700635,38.871634000031918],[-77.281610000140503,38.873475000324213],[-77.282462000085204,38.874233000155392],[-77.282668999774458,38.874440000318629],[-77.283026999974737,38.874761999995854],[-77.283294999763328,38.875000000279186],[-77.283735999804293,38.875391000213291],[-77.283923000300362,38.875523000293825],[-77.284177999670177,38.875668999662857],[-77.284412000021916,38.875785999654489],[-77.284670999589665,38.875891000092665],[-77.284725000016351,38.87590799976936],[-77.28489400007075,38.875960000236162],[-77.28492699968271,38.87597000016023],[-77.285166000057302,38.876022999943835],[-77.285423999800173,38.876059000051455],[-77.285711999680274,38.876084000173719],[-77.28621999966839,38.876113999889242],[-77.287409999721888,38.876192000349093],[-77.28768500008151,38.876215000306971],[-77.288063000373285,38.876234000023281],[-77.288239000100376,38.876244999967184],[-77.288973000044294,38.876294000014362],[-77.289388000145991,38.876321000168637],[-77.291661000122872,38.876469000106873],[-77.293724999862377,38.876602999690611],[-77.294016000115519,38.876606999903913],[-77.294297000322914,38.876612000170219],[-77.294504000012154,38.876624000108691],[-77.294754000257413,38.876646999926756],[-77.295333000390642,38.876695999696764],[-77.295687000392974,38.876706000216565],[-77.295869999792757,38.876699999904837],[-77.296139000304564,38.876676000051596],[-77.29630300033611,38.876644999821259],[-77.296921999753991,38.876786000128298],[-77.298288000432905,38.876848999803038]]},"properties":{"NAME":"Blake Ln","BASENAME":"Blake","MTFCC":"S1400"}},{"type":"Feature","geometry":{"type":"LineString","coordinates":[[-77.263200000369608,38.894343000058193],[-77.263238000004449,38.894261000028891],[-77.263268999966598,38.894210000176081],[-77.26332199967004,38.89415499966313],[-77.263463999960251,38.894048000030473],[-77.264315999904966,38.893525999844464],[-77.265378999736853,38.892869000076068],[-77.266007000273888,38.892480000189082],[-77.266109000381135,38.892424999734821],[-77.266258000344052,38.89236299971828],[-77.266417000352718,38.892315999929075],[-77.266927999815564,38.892233999657037],[-77.267029000097892,38.892206999955995],[-77.26713200003006,38.892164000100237],[-77.2678109997224,38.891743999912421],[-77.267912999829662,38.891654000248295],[-77.2680009996932,38.891556000328876],[-77.268117999869062,38.891382000181665],[-77.268498999635568,38.890755999839733],[-77.268677999735715,38.890454999747355],[-77.268748000055922,38.890297000268482],[-77.268796999561403,38.890140000301074],[-77.268826999698632,38.889979999692237],[-77.268839000292516,38.889819000254043],[-77.268831999721513,38.889656999882099],[-77.268804999957311,38.889493999967989],[-77.268759999751481,38.889335999750003],[-77.26869199997941,38.88916900029259],[-77.268620999834297,38.889000999864479],[-77.267795999653785,38.887073000270441],[-77.267771000437733,38.887015000104412],[-77.267644000216137,38.886730000216026],[-77.26752799986518,38.886517000009206],[-77.267398999993759,38.886327999960614],[-77.267258000426764,38.886149999917599],[-77.26711799978635,38.886000999943249],[-77.267060999884947,38.885946999988057],[-77.266521999934696,38.885470999928074],[-77.26631299969732,38.885273999744335],[-77.266158999711536,38.885104999960667],[-77.266008999923699,38.884919000160217],[-77.265911999839332,38.884809000086705]]},"properties":{"NAME":"Meadow Ln SW","BASENAME":"Meadow","MTFCC":"S1400"}},{"type":"Feature","geometry":{"type":"LineString","coordinates":[[-77.285207000065199,38.878983000112783],[-77.285140999942953,38.878773999849187],[-77.285222000133814,38.878731000254064],[-77.285677000418474,38.878625999816101],[-77.285736999794608,38.878594999737025],[-77.285785000373508,38.878472000011953],[-77.285668000197646,38.877815000177463],[-77.285648000106178,38.877630000213806],[-77.285520999884554,38.876654000295609],[-77.285648000106178,38.876610000063742],[-77.286320999950718,38.876645999874015]]},"properties":{"NAME":"Cashel Ln","BASENAME":"Cashel","MTFCC":"S1400"}},{"type":"Feature","geometry":{"type":"LineString","coordinates":[[-77.23915999999835,38.916056000066128],[-77.238714999759424,38.916200999809881]]},"properties":{"NAME":"Westown Way","BASENAME":"Westown","MTFCC":"S1400"}},{"type":"Feature","geometry":{"type":"LineString","coordinates":[[-77.267546000306851,38.910369000092395],[-77.266367999948912,38.909464999732172]]},"properties":{"NAME":"Holloway Ct NE","BASENAME":"Holloway","MTFCC":"S1400"}},{"type":"Feature","geometry":{"type":"LineString","coordinates":[[-77.245664000284734,38.893226999942542],[-77.245862999578051,38.893063000008944],[-77.245957000187687,38.893008000006127],[-77.246086000059137,38.892961999767657],[-77.246507999833511,38.89283700009392],[-77.246682999735683,38.892790999744697],[-77.246789000040906,38.89277799991418],[-77.246911000239649,38.89277799991418],[-77.247014000171816,38.892792000269345],[-77.247080000294048,38.89280900009765],[-77.247208000340564,38.892857000084469],[-77.247317999945423,38.89291700002228],[-77.247442999618883,38.893027999948522],[-77.247621999719044,38.893226999942542]]},"properties":{"NAME":"Audreys Ct SE","BASENAME":"Audreys","MTFCC":"S1400"}},{"type":"Feature","geometry":{"type":"LineString","coordinates":[[-77.238328999970037,38.912994000034679],[-77.238735999675811,38.913203000268247],[-77.238841999981034,38.913241999718601],[-77.238934999867439,38.913265000262626],[-77.239045000370623,38.913279000073459],[-77.239153000325658,38.913277000300361],[-77.239228999595312,38.913259000242974],[-77.239293000067747,38.913230999911619],[-77.23934800031931,38.913189999980673],[-77.239389000327208,38.913142999996587]]},"properties":{"NAME":"Doveton Cir","BASENAME":"Doveton","MTFCC":"S1400"}},{"type":"Feature","geometry":{"type":"LineString","coordinates":[[-77.25190699955688,38.898012000184089],[-77.251412999812487,38.898444000108015]]},"properties":{"NAME":"Glyndon Ln SE","BASENAME":"Glyndon","MTFCC":"S1400"}},{"type":"Feature","geometry":{"type":"LineString","coordinates":[[-77.270807999597466,38.914118999747501],[-77.270840000282845,38.913690000130181],[-77.270827999688947,38.913579999882259],[-77.270796999726812,38.913477999932155],[-77.270740999650329,38.91338300007974],[-77.27067999955095,38.913315999710051],[-77.270534999785994,38.913203000268247],[-77.270345999640114,38.913059000230106],[-77.269960999675632,38.912764999914963],[-77.269492000045588,38.912405000195712],[-77.269143999891028,38.912282000298305],[-77.26891200008744,38.912204999873296],[-77.268835999919474,38.9121859999916],[-77.268712000070906,38.91216700010483],[-77.268558999910027,38.912160999992359],[-77.268414999969977,38.912170999713524],[-77.268290000296517,38.912195999709255],[-77.268132000112757,38.912246999924868],[-77.268057999594603,38.91228100004821],[-77.26795499966245,38.912343000149065],[-77.266971000371584,38.913127999920768],[-77.26681999986053,38.913244999729208],[-77.266656999653904,38.91338300007974],[-77.266130000297522,38.91380399972423],[-77.265897999595623,38.913981999656215],[-77.26582399997578,38.914025000279679],[-77.265741000135108,38.914058000025229]]},"properties":{"NAME":"Macarthur Ave NE","BASENAME":"Macarthur","MTFCC":"S1400"}},{"type":"Feature","geometry":{"type":"LineString","coordinates":[[-77.271441999982287,38.895413999856018],[-77.271348000270947,38.895469999880937],[-77.271169999995706,38.895610999885442],[-77.270966999606131,38.895779999844265],[-77.270794000252081,38.895916000325848],[-77.270739000000489,38.895936999929759],[-77.270683999748911,38.895943000015194],[-77.270624000372777,38.895934999668114],[-77.270534999785994,38.895894000234755],[-77.270281000241098,38.89575799971108],[-77.269100000408429,38.895088000207565],[-77.268133999762583,38.894541000062688],[-77.267615999728733,38.894247999768311],[-77.26757399989593,38.894228000169448],[-77.267491999880164,38.894203999944231],[-77.2673539997879,38.894189000061509]]},"properties":{"NAME":"Glen Ave SW","BASENAME":"Glen","MTFCC":"S1400"}},{"type":"Feature","geometry":{"type":"LineString","coordinates":[[-77.286767000014564,38.915814999735481],[-77.286854000053197,38.916208999970259],[-77.286896999710891,38.916315000263197],[-77.286956999985364,38.916413999754155],[-77.287029999780287,38.916502999997604],[-77.287109000321323,38.91657700008367],[-77.287181000291341,38.916632000003148],[-77.287434999836236,38.916778000154586],[-77.287714000393805,38.916936000123648],[-77.28782800019664,38.916982999692706],[-77.287941999999447,38.917017999827387],[-77.288076999718669,38.917043000212615],[-77.288208999963132,38.917052999944836],[-77.288337000009662,38.917048999912311],[-77.288469000254125,38.917029999929547],[-77.28859899995048,38.916997000168031],[-77.288782000248588,38.916928000045218],[-77.28885099984555,38.916918000295382],[-77.288906999922048,38.916921000150545],[-77.288936000234372,38.916830000059385],[-77.28895999962549,38.916778000154586],[-77.2905360003667,38.915066000238085],[-77.290640000123759,38.91498099973964],[-77.290738999857965,38.91491700011953],[-77.290825000071692,38.914869999881162],[-77.290938999874513,38.914825000040246],[-77.291077999791682,38.914790999737647],[-77.291219000256987,38.914776000010086],[-77.291369000044824,38.914776000010086],[-77.291485000395781,38.914786000061802],[-77.291738999940677,38.914832000141608],[-77.292652999809661,38.915019000098397]]},"properties":{"NAME":"Post Rd","BASENAME":"Post","MTFCC":"S1400"}},{"type":"Feature","geometry":{"type":"LineString","coordinates":[[-77.239930999752175,38.900438000343463],[-77.240100999631494,38.90054399972049],[-77.240697000381473,38.900558999659118],[-77.241082000345955,38.900490000334642]]},"properties":{"NAME":"Betterton Ct","BASENAME":"Betterton","MTFCC":"S1400"}},{"type":"Feature","geometry":{"type":"LineString","coordinates":[[-77.238319999749208,38.917213999843412],[-77.238388000419576,38.917313000177039],[-77.238446000145899,38.917414000029183],[-77.23853099963641,38.917590000341434],[-77.238595000108816,38.91776399987161],[-77.238627999720791,38.917884000238899],[-77.238682000147463,38.918457000225935],[-77.238724999805157,38.918899999782909],[-77.238747000444789,38.919119000236741],[-77.23879599995027,38.919617000255982],[-77.238872999943169,38.920404999652142],[-77.23887600031621,38.920597000265175],[-77.238862999897435,38.920783999707616],[-77.23883100011038,38.920975999994056],[-77.238775999858788,38.921184999784415],[-77.238701000414039,38.921383999838589],[-77.238544999880105,38.921731000016855],[-77.238206999771307,38.922490000118493],[-77.238103000014235,38.92267700016297],[-77.237989000211414,38.922845999992219],[-77.237855000317111,38.923014000019009],[-77.237704999630964,38.92317400027369],[-77.237574999934623,38.923293999878467],[-77.237440000215415,38.9234059999322],[-77.237231999802958,38.923519999992486],[-77.237046999855025,38.923620000004931],[-77.236724999639762,38.923806999866578]]},"properties":{"NAME":"Gosnell Rd","BASENAME":"Gosnell","MTFCC":"S1400"}},{"type":"Feature","geometry":{"type":"LineString","coordinates":[[-77.276978999797905,38.910309999799928],[-77.277020999630722,38.910307999943171],[-77.27709400032397,38.910314000212288],[-77.277167999943799,38.910337999885598],[-77.277701000046278,38.910647999946285]]},"properties":{"NAME":"Judge Ct","BASENAME":"Judge","MTFCC":"S1400"}},{"type":"Feature","geometry":{"type":"LineString","coordinates":[[-77.285023999767091,38.877695999953659],[-77.285130000072314,38.877674999852367],[-77.285648000106178,38.877630000213806],[-77.285770000304908,38.877618999784936],[-77.285848999947618,38.877608000053755],[-77.285914000244944,38.877594000202656],[-77.286037000268578,38.877554000013554],[-77.286106999690489,38.877522000125744],[-77.286223000041431,38.877449999975887],[-77.286269000072195,38.877410999747667],[-77.286350000263042,38.877325000280607],[-77.286404999616309,38.877239000010121],[-77.286424999707776,38.877188999870064],[-77.286442000324541,38.877147000060923],[-77.286460999692792,38.877051999851581],[-77.286460999692792,38.876957000214524],[-77.286444999799286,38.876874000346739],[-77.286413999837151,38.876792999784051],[-77.286382000050097,38.876735999669521],[-77.286320999950718,38.876645999874015],[-77.286299000209411,38.876612000170219],[-77.286254999828486,38.876526999790684],[-77.286239999759857,38.87648300017959],[-77.286221000391606,38.876360999653109],[-77.28621999966839,38.876113999889242]]},"properties":{"NAME":"Tipperary Pass","BASENAME":"Tipperary","MTFCC":"S1400"}},{"type":"Feature","geometry":{"type":"LineString","coordinates":[[-77.245903999585934,38.911318000119628],[-77.245702999744466,38.911271999859231],[-77.245631999599354,38.911260000181521],[-77.245506999925908,38.911252999727793],[-77.245403999993741,38.911253999992375]]},"properties":{"NAME":"Poplar Glen Ct","BASENAME":"Poplar Glen","MTFCC":"S1400"}},{"type":"Feature","geometry":{"type":"LineString","coordinates":[[-77.246243000417962,38.910881000286658],[-77.246091000082004,38.910788000296535],[-77.245985999601686,38.91073400031393],[-77.245844000209786,38.910675000324858],[-77.245732000056805,38.910644000251757],[-77.245614999880928,38.91062699979998],[-77.2455710003983,38.910634000315447],[-77.245438000328932,38.91068299971019]]},"properties":{"NAME":"White Beech Way","BASENAME":"White Beech","MTFCC":"S1400"}},{"type":"Feature","geometry":{"type":"LineString","coordinates":[[-77.270314999677979,38.904128000125333],[-77.270138000125968,38.903856999966521],[-77.270103999790763,38.903772000026038],[-77.270092000095204,38.903712000171275],[-77.270092000095204,38.903622000294042],[-77.270107000163819,38.903556999845762],[-77.27015700039253,38.903431000269897]]},"properties":{"NAME":"Sharon Ln NW","BASENAME":"Sharon","MTFCC":"S1400"}},{"type":"Feature","geometry":{"type":"LineString","coordinates":[[-77.268764999774334,38.881256999812337],[-77.268869000429746,38.88124299998082],[-77.269082999791678,38.881214000321123]]},"properties":{"NAME":"Baronhurst Dr","BASENAME":"Baronhurst","MTFCC":"S1400"}},{"type":"Feature","geometry":{"type":"LineString","coordinates":[[-77.282982999593813,38.900851999782397],[-77.283109999815409,38.900770999990918],[-77.283200000227083,38.900722000046343],[-77.283309999831943,38.900677000324222],[-77.283437000053553,38.900641999821552],[-77.283594000412407,38.900614999821492],[-77.283764000291711,38.900606000285215],[-77.284107000423376,38.900611000260746],[-77.284284999800292,38.900599000179056],[-77.284396000128368,38.900574000293688],[-77.284494000037682,38.900537000307338],[-77.284669999764773,38.900451999887757],[-77.28470499992487,38.900419999826774],[-77.284724000191432,38.900381000322888],[-77.284725000016351,38.900339000241594],[-77.284703000275044,38.900294000276809]]},"properties":{"NAME":"Jerry Ln NW","BASENAME":"Jerry","MTFCC":"S1400"}},{"type":"Feature","geometry":{"type":"LineString","coordinates":[[-77.243893000448182,38.875607999776172],[-77.243893000448182,38.875392000283689],[-77.243799999663437,38.874937999741469],[-77.243685999860645,38.874602999803301],[-77.243619999738385,38.874563000028701],[-77.243521000004179,38.874589000059608],[-77.243416000422215,38.874656999987778],[-77.243264999911148,38.874792000269416]]},"properties":{"NAME":"Lafora Ct","BASENAME":"Lafora","MTFCC":"S1400"}},{"type":"Feature","geometry":{"type":"LineString","coordinates":[[-77.275635999583542,38.889639000128739],[-77.275541000047298,38.889657999751719],[-77.275495000016548,38.889644000177206],[-77.27545499983357,38.88962499985125],[-77.275412000175862,38.889622000240941],[-77.275370000343074,38.889635999819795],[-77.275341000030764,38.8896639996684],[-77.275332999634841,38.889698999988077],[-77.275346999878536,38.889732999722796],[-77.275377000015766,38.889756000192143],[-77.275413000000782,38.889766000272253],[-77.275454000008651,38.889763999836816],[-77.275489999993667,38.889746999978932],[-77.275532999651389,38.889711999682902],[-77.275635999583542,38.889639000128739]]},"properties":{"NAME":"Grand Oaks Ct","BASENAME":"Grand Oaks","MTFCC":"S1400"}},{"type":"Feature","geometry":{"type":"LineString","coordinates":[[-77.288379999667356,38.878467999903634],[-77.288586000429987,38.878426000151052],[-77.288931000211505,38.878364999833487],[-77.289311000153091,38.878307000251084],[-77.28970000031552,38.878277000062695]]},"properties":{"NAME":"Lochmoore Ln","BASENAME":"Lochmoore","MTFCC":"S1400"}},{"type":"Feature","geometry":{"type":"LineString","coordinates":[[-77.271805000205433,38.884931000094369],[-77.271821000098967,38.884915999651923],[-77.27182699994674,38.884898000095802],[-77.271827999771659,38.884867999893032],[-77.271815000251195,38.884778999846404],[-77.271741999557932,38.884473999830753],[-77.271724999839506,38.884434000018139],[-77.27170499974801,38.884386999877421],[-77.271542000439709,38.884007999882819],[-77.271404000347445,38.883685000190177],[-77.271267999905021,38.883365000302312],[-77.271192999561933,38.883189999710368],[-77.271093000002821,38.882966999741939],[-77.271031999903443,38.882857000142586]]},"properties":{"NAME":"Moore Pl SW","BASENAME":"Moore","MTFCC":"S1400"}},{"type":"Feature","geometry":{"type":"LineString","coordinates":[[-77.271614000409741,38.923657999930747],[-77.272678999891454,38.923233999751979]]},"properties":{"NAME":"State St","BASENAME":"State","MTFCC":"S1400"}},{"type":"Feature","geometry":{"type":"LineString","coordinates":[[-77.266292999605838,38.908303999821939],[-77.265678000385918,38.908792000043846]]},"properties":{"NAME":"Ainstree Ct NE","BASENAME":"Ainstree","MTFCC":"S1400"}},{"type":"Feature","geometry":{"type":"LineString","coordinates":[[-77.265550000339388,38.903175000331977],[-77.265986000357486,38.903436000046483],[-77.266357999903178,38.903676000094251],[-77.266784999700434,38.903935000027928],[-77.266854000195707,38.903970999973616],[-77.266978999869195,38.904050000275916],[-77.267193999954344,38.904193999715837],[-77.267306999932245,38.904263000334346],[-77.267618000276855,38.904493000280503],[-77.267886999890379,38.904703000036456],[-77.268485000290184,38.905194999848561],[-77.268908999714398,38.905554999784499],[-77.268965999615816,38.9055959999313],[-77.269409000204902,38.905992000249917]]},"properties":{"NAME":"Dominion Rd NE","BASENAME":"Dominion","MTFCC":"S1400"}},{"type":"Feature","geometry":{"type":"LineString","coordinates":[[-77.269892000078656,38.882998999974838],[-77.270215000118853,38.883321999989057]]},"properties":{"NAME":null,"BASENAME":null,"MTFCC":"S1400"}},{"type":"Feature","geometry":{"type":"LineString","coordinates":[[-77.243389999584622,38.913923000270138],[-77.243448000209256,38.914022000302047],[-77.243519000354368,38.914114000024369],[-77.243696999731299,38.914338999799959],[-77.243772999899264,38.914408000343158],[-77.24387199963347,38.914478000339379],[-77.244007000251003,38.91455400017724],[-77.245005999610484,38.915073999827442],[-77.245358999787882,38.915249000143277],[-77.245737000079657,38.915452999699042]]},"properties":{"NAME":"Saint Andrews Dr NE","BASENAME":"Saint Andrews","MTFCC":"S1400"}},{"type":"Feature","geometry":{"type":"LineString","coordinates":[[-77.243535000247888,38.906901999958762],[-77.243514000331501,38.906696000333248],[-77.243612000240773,38.906623000061195],[-77.243830999625601,38.906562000188075],[-77.243966000243105,38.906518999936601],[-77.244100000137408,38.906513000045756],[-77.244379999621586,38.906543000193949],[-77.244486999751715,38.906581999808473]]},"properties":{"NAME":"Notre Dame Dr","BASENAME":"Notre Dame","MTFCC":"S1400"}},{"type":"Feature","geometry":{"type":"LineString","coordinates":[[-77.2879529998701,38.898543000055419],[-77.288239000100376,38.898110000283999],[-77.288357000101129,38.897922000073066],[-77.288435999743868,38.897819000241036],[-77.288558999767503,38.897665000091393],[-77.288634000110576,38.897596000052168],[-77.288720000324304,38.897537000330217],[-77.289542000131789,38.897086999819294],[-77.291369000044824,38.896095000146296],[-77.292719999756812,38.895363999921301],[-77.294574000332346,38.894356000301443],[-77.294684999762111,38.894299000293017],[-77.294858999839377,38.894196999906157],[-77.294956999748692,38.894128999799896],[-77.295053999833073,38.894044000099903],[-77.295145999894572,38.893942000045989],[-77.295222000062537,38.893831000149873],[-77.295278999963955,38.893716000131228],[-77.295319000146932,38.893590999686985],[-77.295364000352777,38.893333000294959],[-77.2954370001477,38.892885999885948],[-77.29547099958458,38.892801000096718],[-77.295516999615344,38.89273099970039],[-77.29567399997417,38.89255999982047]]},"properties":{"NAME":"Lakevale Dr","BASENAME":"Lakevale","MTFCC":"S1400"}},{"type":"Feature","geometry":{"type":"LineString","coordinates":[[-77.245672999607251,38.891696999713602],[-77.245573000048125,38.891655999931309],[-77.24555899980443,38.891650000182835],[-77.245423000260303,38.891588000188996],[-77.245207000350248,38.891491000022391],[-77.244866999693301,38.891311999785259],[-77.244094000289635,38.890927999719409],[-77.243531999874833,38.890648000125218],[-77.242561999929364,38.890164999664464],[-77.241987999819017,38.889879999827848],[-77.24164800006038,38.889721999769272],[-77.241207999844335,38.88950499995677]]},"properties":{"NAME":"McHenry St","BASENAME":"McHenry","MTFCC":"S1400"}},{"type":"Feature","geometry":{"type":"LineString","coordinates":[[-77.240514999908285,38.917723999937017],[-77.240135999791605,38.917359000016781],[-77.239961999714339,38.917105999830241],[-77.239642000047184,38.91666499993439]]},"properties":{"NAME":"Jeffersonian Dr","BASENAME":"Jeffersonian","MTFCC":"S1400"}},{"type":"Feature","geometry":{"type":"LineString","coordinates":[[-77.240507000410688,38.885251999853168],[-77.240208999586542,38.885457000227611],[-77.240083000088148,38.885569999778674],[-77.239950999843686,38.885720999807795],[-77.239868000003,38.885844000270403]]},"properties":{"NAME":"Dennis Dr","BASENAME":"Dennis","MTFCC":"S1400"}},{"type":"Feature","geometry":{"type":"LineString","coordinates":[[-77.250869999664275,38.920176999821905],[-77.250949000205296,38.920236999737888],[-77.251037999893768,38.920285000053497],[-77.252675999660923,38.920949000039769],[-77.252865999631723,38.921018999874121]]},"properties":{"NAME":"Manor Dr NE","BASENAME":"Manor","MTFCC":"S1400"}},{"type":"Feature","geometry":{"type":"LineString","coordinates":[[-77.25576999962037,38.894847999797399],[-77.255268000378351,38.895109000056301],[-77.255121999890164,38.895200999819778],[-77.253604999598508,38.896405999952698]]},"properties":{"NAME":"Elmar Dr SE","BASENAME":"Elmar","MTFCC":"S1400"}},{"type":"Feature","geometry":{"type":"LineString","coordinates":[[-77.242406000293755,38.893461999758529],[-77.242204999553991,38.893472000016132],[-77.241940000138428,38.893472999832049],[-77.241846000427117,38.893455000346513],[-77.241746999794586,38.893414999997376]]},"properties":{"NAME":"Otis Ct","BASENAME":"Otis","MTFCC":"S1400"}},{"type":"Feature","geometry":{"type":"LineString","coordinates":[[-77.273524999988368,38.891674999713992],[-77.27340399961453,38.891544999958505],[-77.273261000397724,38.891382000181665],[-77.273110999711577,38.891196999883114],[-77.272832999877238,38.890855000016437],[-77.272780000173782,38.890773000155342],[-77.272709000028669,38.890640999736625],[-77.272644999556249,38.890523999732544],[-77.272462000156466,38.890158999790053],[-77.272387999638312,38.889998999923236],[-77.272308999995587,38.889829000325292],[-77.272026999963302,38.889180000331748],[-77.271949999970388,38.889000999864479],[-77.271515999602116,38.887981999916796],[-77.271409000370312,38.887737999682237]]},"properties":{"NAME":"Moorefield Rd SW","BASENAME":"Moorefield","MTFCC":"S1400"}},{"type":"Feature","geometry":{"type":"LineString","coordinates":[[-77.280793000355914,38.918741999993152],[-77.281010999915793,38.918836999661167],[-77.281094999581398,38.918858000173884],[-77.281195000038807,38.918866000034782],[-77.281298999795879,38.9188609999471],[-77.281404000276183,38.918841000291849],[-77.282263999718509,38.918634999670338],[-77.282368000373879,38.918624000000293],[-77.28243299977288,38.918624000000293],[-77.282749999965304,38.918638000151866]]},"properties":{"NAME":"Woodwind Way","BASENAME":"Woodwind","MTFCC":"S1400"}},{"type":"Feature","geometry":{"type":"LineString","coordinates":[[-77.256156000308067,38.901347999933954],[-77.256126999995743,38.90135799978016],[-77.255804999780466,38.901613999977634],[-77.255747999879063,38.901653999903246],[-77.255671999711083,38.901697000305006],[-77.255552999885396,38.901751000171146],[-77.255413000143292,38.9017970003095],[-77.254208999846085,38.902010000136158],[-77.253763999607159,38.902076000297384],[-77.253320000091477,38.902127000094012],[-77.253160000257893,38.902141999698223],[-77.252713000369155,38.902173999682198],[-77.252264999757188,38.902191999754223],[-77.251834999586876,38.902195000231856],[-77.251408999614526,38.902186000196792],[-77.250970999946617,38.902163000257346]]},"properties":{"NAME":"Valley Dr SE","BASENAME":"Valley","MTFCC":"S1400"}},{"type":"Feature","geometry":{"type":"LineString","coordinates":[[-77.283559000252282,38.883748000042004],[-77.283698000169466,38.883694999726401],[-77.28388599959213,38.883643999979093],[-77.284417999869689,38.883424999866634],[-77.284684999833388,38.883374999883586],[-77.284863999933521,38.883372999967449],[-77.285119000201661,38.883386000120623],[-77.285433999845921,38.883341999861514],[-77.286196000277243,38.883073999983473],[-77.286293000361624,38.883018999938258],[-77.28646800026381,38.882852000315651],[-77.286561999975149,38.88280599979376],[-77.286660999709355,38.88277999997208],[-77.286735000227509,38.882728000300119],[-77.286744000448337,38.882659999703449],[-77.286722999633625,38.882608999912506],[-77.286660999709355,38.882574000295286],[-77.286435999578444,38.882570999687957],[-77.284863999933521,38.882566999810379],[-77.28388499976721,38.882552000267353],[-77.283538000335881,38.88255100029771],[-77.28338000015215,38.88258000011102],[-77.283283999892674,38.882626000079945],[-77.283149999998372,38.882756000074387],[-77.283122000409293,38.882866999795347],[-77.283107000340678,38.88293400022966],[-77.283478000061436,38.883612999991449],[-77.283559000252282,38.883748000042004]]},"properties":{"NAME":"Palace Green Way","BASENAME":"Palace Green","MTFCC":"S1400"}},{"type":"Feature","geometry":{"type":"LineString","coordinates":[[-77.250074999620992,38.910868999843828],[-77.250058999727443,38.910832999901089],[-77.250026999940388,38.910731999770164],[-77.250017999719574,38.910647999946285],[-77.249995000153348,38.910504999892559],[-77.249951999597315,38.910337999885598],[-77.249718000143915,38.909344000216073],[-77.249706000448356,38.909293000011651],[-77.249671000288245,38.909148999730022],[-77.249627999732226,38.909039000133632],[-77.249578000401826,38.908956000001204],[-77.249504999708577,38.908867999679067],[-77.249427999715692,38.908804000138787],[-77.248617999603781,38.90824199968818],[-77.248348000165365,38.908053999740879],[-77.24812899988224,38.907921999985973],[-77.248051000064436,38.907882000096542],[-77.247931000413843,38.907835000092781],[-77.245395999597818,38.906924999761102],[-77.244486999751715,38.906581999808473]]},"properties":{"NAME":"Niblick Dr SE","BASENAME":"Niblick","MTFCC":"S1400"}},{"type":"Feature","geometry":{"type":"LineString","coordinates":[[-77.271029000428712,38.893176999866455],[-77.27104299977411,38.893159000305893],[-77.271107000246516,38.893098000052149],[-77.271682000181784,38.89273099970039]]},"properties":{"NAME":"Paris Ct SW","BASENAME":"Paris","MTFCC":"S1400"}},{"type":"Feature","geometry":{"type":"LineString","coordinates":[[-77.288121999924499,38.889559999875317],[-77.287928999580643,38.889650999964786],[-77.28782800019664,38.889714999988634],[-77.287748999655591,38.889780999690622],[-77.287608999913516,38.889922999667924],[-77.28754299979127,38.889972000071836],[-77.28746499997348,38.890013000126956],[-77.287348999622523,38.890055999886513],[-77.28722700032209,38.890089000285975],[-77.287008999863886,38.890125000259303],[-77.286484999982264,38.890214999763231],[-77.286358999585559,38.890258999960835],[-77.286260999676259,38.890303000131233]]},"properties":{"NAME":"Rustic Rail Ln","BASENAME":"Rustic Rail","MTFCC":"S1400"}},{"type":"Feature","geometry":{"type":"LineString","coordinates":[[-77.257465000187253,38.902279000271101],[-77.25536200008969,38.903951999985132]]},"properties":{"NAME":"Cabin Rd SE","BASENAME":"Cabin","MTFCC":"S1400"}},{"type":"Feature","geometry":{"type":"LineString","coordinates":[[-77.286650999663607,38.900535000175267],[-77.287288000421469,38.900197999837026],[-77.28765199957121,38.900015000277811]]},"properties":{"NAME":"Montclair Ct","BASENAME":"Montclair","MTFCC":"S1400"}},{"type":"Feature","geometry":{"type":"LineString","coordinates":[[-77.265440999661138,38.913425000133167],[-77.265183999743186,38.913486999933625],[-77.262810000382288,38.915089999702488],[-77.262540999870453,38.91527600016952]]},"properties":{"NAME":"Cynthia Ln NE","BASENAME":"Cynthia","MTFCC":"S1400"}},{"type":"Feature","geometry":{"type":"LineString","coordinates":[[-77.279543999852862,38.902525999952275],[-77.279667999701417,38.90244499997322],[-77.28040699966823,38.902026000159694],[-77.280467999767581,38.902005999954937],[-77.280532000240001,38.901998999986802],[-77.280600999836963,38.902005999954937],[-77.2812710002068,38.902234000137597],[-77.281323999910256,38.902266999772216],[-77.28175999992834,38.902726000281611],[-77.281845000317148,38.902793000161083]]},"properties":{"NAME":"Highland St NW","BASENAME":"Highland","MTFCC":"S1400"}},{"type":"Feature","geometry":{"type":"LineString","coordinates":[[-77.245186000433847,38.896910999704431],[-77.244357999880265,38.896266999681465],[-77.243993999832199,38.895983000338809],[-77.243592999974211,38.895682999809495],[-77.243336999881166,38.895485999979797],[-77.243235999598824,38.895413999856018],[-77.243152999758166,38.895343999937545],[-77.243131999841765,38.895320999879409]]},"properties":{"NAME":"Aponi Rd SE","BASENAME":"Aponi","MTFCC":"S1400"}},{"type":"Feature","geometry":{"type":"LineString","coordinates":[[-77.278819000129772,38.906081000280558],[-77.279264000368684,38.906289999898107],[-77.279394999889945,38.906351000004953],[-77.279579000012959,38.906435000020473],[-77.279957000304734,38.9066090003356],[-77.280569000049908,38.906980999795728],[-77.280934999747814,38.907181999780818],[-77.281025000159488,38.907235999669403],[-77.28125299976513,38.907390999652165],[-77.281369999941006,38.907483000280145],[-77.281494999614466,38.907608000038159],[-77.281689999608133,38.907802999864224],[-77.281955999746913,38.90808799977566],[-77.282189000273718,38.908376000157318],[-77.282281000335232,38.908468999812548],[-77.282400999985825,38.908565999856769],[-77.282524999834393,38.908646000240317],[-77.282946999608797,38.908865999781689],[-77.283164000242081,38.90895200021135],[-77.283282000242849,38.909013999724984],[-77.283435000403728,38.909094000302616],[-77.283810000322461,38.909289000240776],[-77.283887000315346,38.909353000042763],[-77.284069999715143,38.909443000343899],[-77.28450099971036,38.909619000152432],[-77.284790000313691,38.909738000025968],[-77.285059999752107,38.909854999830443],[-77.285284999883018,38.909965000259398],[-77.285454999762322,38.910066000083724],[-77.285582999808838,38.910159000320853],[-77.285942999658943,38.91047500002071],[-77.286264000049314,38.910736000158693],[-77.286381000225177,38.910857999669084],[-77.286594999587095,38.911029999791417],[-77.286698000417573,38.911086000082676],[-77.286888000388387,38.911165000156302],[-77.287057000442772,38.911252999727793],[-77.287167999872551,38.911324000303367],[-77.287357000018432,38.911459000109069],[-77.287704000348072,38.911726999832418],[-77.287837000417454,38.911818999733626],[-77.287894000318857,38.911857999944516],[-77.28802900003808,38.911935000046924],[-77.288193000069626,38.912010000257055],[-77.288451999637374,38.91210600010281],[-77.288941000257239,38.912282999849381],[-77.289325000396801,38.912428999861007],[-77.290351000418767,38.912816999964271],[-77.290647999621385,38.912926999996763],[-77.291128999845313,38.913079000116952],[-77.291369000044824,38.913155000054999],[-77.291640000206485,38.913253999760215],[-77.291976999592052,38.91338300007974],[-77.293078999782011,38.913804999952859],[-77.293385999928688,38.913917999834162],[-77.293487000211002,38.913956000063159],[-77.293647999869492,38.914012000142726],[-77.294278000056337,38.914237000241691],[-77.294355999874156,38.914263999954017],[-77.294580000180133,38.914342999985244],[-77.294802999762894,38.914413000045577],[-77.295290999659528,38.914555999914363],[-77.295454999691046,38.914612000219485],[-77.295647000209996,38.914677000331025],[-77.296036000372425,38.914832000141608],[-77.296264999802958,38.914931000303469],[-77.296628000026118,38.915059000159751],[-77.296960000287143,38.915176999790006],[-77.297168999626194,38.915243000291355],[-77.297341999878569,38.915309000032352],[-77.297505999910086,38.915377000124927],[-77.297915999988916,38.915566999956063],[-77.298188999800388,38.915706999690045],[-77.299143999677256,38.916182000298974],[-77.299497999679573,38.916366000314746],[-77.299820999719756,38.916520999931194],[-77.300071999789935,38.916633000191915],[-77.300167000224491,38.916679999961659],[-77.300366000416133,38.916778000154586],[-77.300510000356169,38.916868000127032],[-77.300616999587973,38.916955000131637],[-77.30071500039557,38.917055999794357],[-77.300901000168423,38.917298999764057],[-77.301024000192072,38.917444999941125],[-77.301123999751169,38.917537000118621],[-77.30127000023937,38.917641000175635],[-77.301390999714869,38.917710000304076],[-77.301661999876529,38.917851000175624],[-77.30242099993481,38.91823799982572],[-77.302629000347267,38.918352999966949],[-77.30274899999786,38.91843799992116],[-77.302856999952894,38.91853800010697],[-77.302950999664233,38.918644999877166],[-77.303347000397665,38.91909700034617],[-77.303417999644452,38.919173000129931],[-77.303595000094788,38.919352000025413],[-77.303739000034824,38.919480000294669],[-77.303866000256448,38.919570999783211],[-77.304020000242218,38.919666999885237],[-77.304317000343147,38.919835999894829],[-77.304518000184601,38.919926000182322],[-77.30465700010177,38.919974000009397],[-77.305016000126969,38.920080999710954],[-77.305150000021285,38.920102999995365],[-77.305310999679747,38.920110999715902]]},"properties":{"NAME":"Lawyers Rd","BASENAME":"Lawyers","MTFCC":"S1400"}},{"type":"Feature","geometry":{"type":"LineString","coordinates":[[-77.257264000345799,38.916949999909335],[-77.255515000250554,38.917082999832076]]},"properties":{"NAME":"Woodnor Dr NE","BASENAME":"Woodnor","MTFCC":"S1400"}},{"type":"Feature","geometry":{"type":"LineString","coordinates":[[-77.244357999880265,38.896266999681465],[-77.244764999586053,38.895946999838813]]},"properties":{"NAME":"Aponi Ct SE","BASENAME":"Aponi","MTFCC":"S1400"}},{"type":"Feature","geometry":{"type":"LineString","coordinates":[[-77.242653000165959,38.908629000009107],[-77.242976000206156,38.908685999699252],[-77.243074999940362,38.907970999854776],[-77.242638000097344,38.907921999985973]]},"properties":{"NAME":"Notre Dame Dr","BASENAME":"Notre Dame","MTFCC":"S1400"}},{"type":"Feature","geometry":{"type":"LineString","coordinates":[[-77.266865999891294,38.895968999913492],[-77.266660999851865,38.895932000324223],[-77.266522999759601,38.895901999887343],[-77.266387000215474,38.895860999735767],[-77.265551999989214,38.895485999979797],[-77.264383999677023,38.894959999996502],[-77.264341000019314,38.894938000308422],[-77.26421600034584,38.8948609999482],[-77.26391800042002,38.894628999965214],[-77.263813999764622,38.894555999871059],[-77.263694000114015,38.894491000212525],[-77.263561000044646,38.894438000221058],[-77.263200000369608,38.894343000058193],[-77.263120000003681,38.89431800006782],[-77.263007999850672,38.894271000173944],[-77.262893000222945,38.89420700006022],[-77.262791000115698,38.894130000305758],[-77.262346999701691,38.893687999782358],[-77.262227000051098,38.893584000287632],[-77.262090999608645,38.893483999903822],[-77.261926999577128,38.893384000078392],[-77.261748000375292,38.893296000031633],[-77.261566999727009,38.893226000123157],[-77.261387999626876,38.893171000246525],[-77.261192999633195,38.89312800027519],[-77.260986999768875,38.893098999873331],[-77.260882000186896,38.893090000083717],[-77.260668999751545,38.8930890002624],[-77.260364999977938,38.893102999857135],[-77.259830000225648,38.893125000113621],[-77.259626000011139,38.893117999969206],[-77.259415999948857,38.893094000068068],[-77.259221999780095,38.893056999680184],[-77.259032999634215,38.893005999661987],[-77.258844000386645,38.892937999813753],[-77.258681000180019,38.892864000254612],[-77.258523999821193,38.89277799991418],[-77.258372000383545,38.89267699996676],[-77.258189999910357,38.892526000040583],[-77.258004000137504,38.892332999871265],[-77.257727999952976,38.892058000100711],[-77.256076999767032,38.890354999852498],[-77.256000999599053,38.89024999981141],[-77.25594200004781,38.890136000150413],[-77.255885000146392,38.88997700009687]]},"properties":{"NAME":"Plum St SW","BASENAME":"Plum","MTFCC":"S1400"}},{"type":"Feature","geometry":{"type":"LineString","coordinates":[[-77.287582000149342,38.877743000324465],[-77.287577999951381,38.877545999693275]]},"properties":{"NAME":"Trosby Ct","BASENAME":"Trosby","MTFCC":"S1400"}},{"type":"Feature","geometry":{"type":"LineString","coordinates":[[-77.258825999944975,38.914237999765234],[-77.259056000098752,38.914037999715326],[-77.259179999947307,38.9139530000826],[-77.259422999621549,38.913806000181474],[-77.259513999858157,38.913734999991775],[-77.259749000034802,38.913522999928226]]},"properties":{"NAME":"E Creek Ct NE","BASENAME":"Creek","MTFCC":"S1400"}},{"type":"Feature","geometry":{"type":"LineString","coordinates":[[-77.253202000090695,38.92022000018617],[-77.253771000178176,38.920357000116582],[-77.25391000009536,38.920374999771497],[-77.254073000301972,38.920374000334398],[-77.254172000036178,38.920364999808484],[-77.254213000044047,38.920353999707743]]},"properties":{"NAME":"Skyline Ct NE","BASENAME":"Skyline","MTFCC":"S1400"}},{"type":"Feature","geometry":{"type":"LineString","coordinates":[[-77.25789500035755,38.921727000248019],[-77.258326000352781,38.921693999875238],[-77.258415000041254,38.92169000010432],[-77.258485000361446,38.921693999875238],[-77.258611999684746,38.921713000007017],[-77.258727000210769,38.921744000137537],[-77.258832999617667,38.921787999668339],[-77.25901400026595,38.921892999899654],[-77.259312000191798,38.922069000284935],[-77.259432999667283,38.922125999664935],[-77.259591999675976,38.922188000250443],[-77.259707000201999,38.922224000024492],[-77.259845000294263,38.922257000150765],[-77.260043999587566,38.92229000026169],[-77.260144999869922,38.922301000062284],[-77.260340999688495,38.922308000125149],[-77.260600000154582,38.922308000125149],[-77.260715999607228,38.922301000062284],[-77.26090899995107,38.922273999913351],[-77.260976999723127,38.922260999889723],[-77.261144999952606,38.922214999733264],[-77.261297000288579,38.922159999947652],[-77.261452000099283,38.92208600009257],[-77.261580000145798,38.922008999821443],[-77.261811000124482,38.921832999986179],[-77.261884999744339,38.92179700001374],[-77.261986999851572,38.92177099978931]]},"properties":{"NAME":"Westerholme Way","BASENAME":"Westerholme","MTFCC":"S1400"}},{"type":"Feature","geometry":{"type":"LineString","coordinates":[[-77.272633999685596,38.90051800009897],[-77.27263200003577,38.900646000079625],[-77.272550999844924,38.901262999786098]]},"properties":{"NAME":"Windover Ct NW","BASENAME":"Windover","MTFCC":"S1400"}},{"type":"Feature","geometry":{"type":"LineString","coordinates":[[-77.244502999645221,38.913392000093303],[-77.24459899990471,38.913494999701015],[-77.244675999897595,38.913584000110319],[-77.244814999814778,38.913751000168745],[-77.244904000401533,38.913828000314432],[-77.245009999808445,38.913895000200782],[-77.245109000440948,38.91394100015912],[-77.245364999635669,38.914075999880019],[-77.246562000260184,38.91469000034617]]},"properties":{"NAME":"Saint Bernard Dr NE","BASENAME":"Saint Bernard","MTFCC":"S1400"}},{"type":"Feature","geometry":{"type":"LineString","coordinates":[[-77.278445000035944,38.906830000225504],[-77.278346000301752,38.906558999894997]]},"properties":{"NAME":"Witness Ct NW","BASENAME":"Witness","MTFCC":"S1400"}},{"type":"Feature","geometry":{"type":"LineString","coordinates":[[-77.255045999722185,38.891382000181665],[-77.255273000401218,38.89093699978293]]},"properties":{"NAME":"Woodview Cir SW","BASENAME":"Woodview","MTFCC":"S1400"}},{"type":"Feature","geometry":{"type":"LineString","coordinates":[[-77.267492999705084,38.899750000263474],[-77.267732999904595,38.9000660001565],[-77.267788999981093,38.900152000060991],[-77.267859000301286,38.900284000280706],[-77.268091000104889,38.900700000045909],[-77.268281999900609,38.901013999787267],[-77.268363000091441,38.901131999696233],[-77.268631999704965,38.901543999878754],[-77.268768999972323,38.901754999667631],[-77.26886600005669,38.901883000214653],[-77.268982000407647,38.902047000054033],[-77.269362000349233,38.902586000110219],[-77.269393000311382,38.902631000020619],[-77.269738000092886,38.903136999923895],[-77.269831999804197,38.903247999955035],[-77.269903999774229,38.903308000201925],[-77.269989000163051,38.903360000188457],[-77.270092000095204,38.903408999710706],[-77.27015700039253,38.903431000269897],[-77.270293999761577,38.90346699977205],[-77.27044500027263,38.90348999998816],[-77.271106000421611,38.903535999698953],[-77.271414000393193,38.903556999845762],[-77.271837999817407,38.903586000171394],[-77.272454999585463,38.903627999730141]]},"properties":{"NAME":"State Rte 673","BASENAME":"673","MTFCC":"S1400"}},{"type":"Feature","geometry":{"type":"LineString","coordinates":[[-77.241073999950046,38.920721999991933],[-77.241592999808788,38.920549000160619],[-77.241612000075364,38.92053999965691],[-77.24166599960374,38.920629000316872]]},"properties":{"NAME":"Raglan Rd","BASENAME":"Raglan","MTFCC":"S1400"}},{"type":"Feature","geometry":{"type":"LineString","coordinates":[[-77.236522999973388,38.913888000006949],[-77.236625999905556,38.914001999981949],[-77.237184000122383,38.914299000031775],[-77.237379999940956,38.914402999941352],[-77.237713000026901,38.914580000250261],[-77.237892000127033,38.914619000341901],[-77.238102000189315,38.914599999708486],[-77.238324999772075,38.91449199991095]]},"properties":{"NAME":"Tysons Trace Ct","BASENAME":"Tysons Trace","MTFCC":"S1400"}},{"type":"Feature","geometry":{"type":"LineString","coordinates":[[-77.286663000257477,38.883034000081935],[-77.286812000220408,38.883215000121005],[-77.286844999832368,38.883249000161889],[-77.286901999733757,38.883293999738505],[-77.286977000076831,38.883338000027344],[-77.287045999673808,38.883367000218726],[-77.287132999712455,38.883388999994303],[-77.28721100042857,38.883398000313697],[-77.287397000201409,38.883404000059855],[-77.287471999646158,38.883415000292416],[-77.287582000149342,38.883447000323542],[-77.287642000423787,38.883474999814467],[-77.287706999822802,38.883515000166987],[-77.287753999678472,38.883554999797724],[-77.287805999556994,38.883615999855493],[-77.287849000113027,38.883691999865697],[-77.287870999854334,38.88376300003177],[-77.287875999877215,38.883838999884738],[-77.287861999633492,38.883893000043642],[-77.287818999975798,38.883959000259878],[-77.287769999571992,38.883999000339919],[-77.287659999967147,38.884058000119637]]},"properties":{"NAME":"Fariba Ct","BASENAME":"Fariba","MTFCC":"S1400"}},{"type":"Feature","geometry":{"type":"LineString","coordinates":[[-77.264826000441204,38.91158000021376],[-77.26402999967469,38.912372999930334],[-77.263935999963365,38.912472000027392],[-77.263455999564343,38.912943999897593],[-77.263150000140897,38.913259000242974],[-77.262035000430458,38.914366000172464],[-77.261604000435241,38.91480499994644],[-77.260951999608764,38.915435999700208],[-77.260883000011802,38.915480999852733],[-77.260842999828824,38.915496000130211]]},"properties":{"NAME":"Druid Hill Rd NE","BASENAME":"Druid Hill","MTFCC":"S1400"}},{"type":"Feature","geometry":{"type":"LineString","coordinates":[[-77.267303999559203,38.879263000228626],[-77.267246999657786,38.879296000047233],[-77.267135000403101,38.879374999826162],[-77.267050000014294,38.879453000203384],[-77.266966000348702,38.879514000286257],[-77.266876999761919,38.879558000118671],[-77.266763999784018,38.879592999822876],[-77.266680000118441,38.879604999957238],[-77.266584999683886,38.879605999968334],[-77.266486999774585,38.879594999845395],[-77.266398999911047,38.879572000282117],[-77.266305000199708,38.879532999819887],[-77.266218000161075,38.879475999805123],[-77.266152000038844,38.879410000319808],[-77.266105000183174,38.879342000044282],[-77.266071999672903,38.879258000148795],[-77.266061999627155,38.879181000273974],[-77.266070000023078,38.879102000279325],[-77.266097999612171,38.879024000216205],[-77.266142999818001,38.878953000209783],[-77.266212000313288,38.878885000196206],[-77.26628500010824,38.878836999859523],[-77.266514000437084,38.878734000324272]]},"properties":{"NAME":null,"BASENAME":null,"MTFCC":"S1630"}},{"type":"Feature","geometry":{"type":"LineString","coordinates":[[-77.289621999599404,38.882629999954254],[-77.289474000359718,38.882059000238591],[-77.289380999574973,38.881769000145752],[-77.289220999741417,38.881287000141235],[-77.28908400037237,38.880820000275257],[-77.288993000135775,38.880491000084255],[-77.288976000417335,38.880467000112709],[-77.288646999631055,38.879389000025704],[-77.288634999935482,38.879317999684652],[-77.288589999729638,38.879119999905186],[-77.288422000398484,38.87856899977308],[-77.288379999667356,38.878467999903634],[-77.288310000245474,38.878277000062695],[-77.288255999818816,38.878083000310205],[-77.288224000031761,38.877967999972597],[-77.288167000130343,38.877762999669308],[-77.288136000168208,38.877653999744865],[-77.288116999901632,38.877633000330441],[-77.28809099996235,38.87754899981347],[-77.288070999870882,38.877485000019007],[-77.288008000121692,38.877281999808694],[-77.287856999610639,38.876833999752314],[-77.287824999823584,38.876739999875333],[-77.28768500008151,38.876215000306971]]},"properties":{"NAME":"Edgelea Rd","BASENAME":"Edgelea","MTFCC":"S1400"}},{"type":"Feature","geometry":{"type":"LineString","coordinates":[[-77.28013600040488,38.9088580001916],[-77.280184000085455,38.90883700021476],[-77.280260000253435,38.908814999932822],[-77.28033700024632,38.908807000336978],[-77.281056999946543,38.908851999799403]]},"properties":{"NAME":"Decree Ln","BASENAME":"Decree","MTFCC":"S1400"}},{"type":"Feature","geometry":{"type":"LineString","coordinates":[[-77.286594999587095,38.911029999791417],[-77.286192999904202,38.911430999766594],[-77.28615500026936,38.911473999838655],[-77.286103000390838,38.911542000110693],[-77.286080999751206,38.911574000051722],[-77.286008999781203,38.911707999822774],[-77.285961000100599,38.911824999875016],[-77.285946999856904,38.911861000013566],[-77.285900000001249,38.912026999678581],[-77.285869000039099,38.912228000054377],[-77.285818999810388,38.912478000113573],[-77.285755000236293,38.912735000299385],[-77.285607999923201,38.913150000263904],[-77.285422999975268,38.913585000342046],[-77.285371000096731,38.91365799974519],[-77.285300999776524,38.913721999801702],[-77.285217999935867,38.913773999848836],[-77.285120000026552,38.91381299968441],[-77.285023999767091,38.913834999815208],[-77.284895999720575,38.913849000212586],[-77.284776999894888,38.913846000227515],[-77.284663000092081,38.913828000314432],[-77.284566999832606,38.913800000207551],[-77.28453099984759,38.913787000029387],[-77.284428999740342,38.913736000221377],[-77.284338000402059,38.913672000177485],[-77.284113000271148,38.913443000148455],[-77.284032999905207,38.913344000007882],[-77.28395000006455,38.913209999830599],[-77.283899000010919,38.913092999964533],[-77.283863999850823,38.912974999665209]]},"properties":{"NAME":"Gunnell Farms Dr","BASENAME":"Gunnell Farms","MTFCC":"S1400"}},{"type":"Feature","geometry":{"type":"LineString","coordinates":[[-77.246430000015707,38.910703999839917],[-77.246584999826396,38.910791999982941],[-77.246655999971509,38.910819000306745],[-77.246733999789328,38.91083400017159],[-77.246921000285383,38.91083400017159]]},"properties":{"NAME":"Coldstream Pl","BASENAME":"Coldstream","MTFCC":"S1400"}},{"type":"Feature","geometry":{"type":"LineString","coordinates":[[-77.249471000271726,38.878924000314818],[-77.249502000233846,38.878921000252625],[-77.249701000425475,38.878852000186782],[-77.250354000178561,38.878615000240742],[-77.250432999821257,38.878582000105936],[-77.250554000195081,38.878515999790238],[-77.25058500015723,38.878493999904521],[-77.250664999624846,38.878436999755621],[-77.250735999769972,38.878369999976158],[-77.250862999991568,38.878235000197229],[-77.250933000311775,38.878141000075438],[-77.251143000374071,38.877889000028105],[-77.251390000246261,38.877570999991789],[-77.251468999888985,38.877470000102527],[-77.25149999985112,38.877430999885284],[-77.252350999970915,38.876360000295691],[-77.252715999843886,38.875926000204231],[-77.252812000103361,38.875804000120269],[-77.252850999563094,38.875725999933884],[-77.253211000311538,38.875259999959844],[-77.253324000289439,38.875112000301272],[-77.253550000245241,38.874831999915088],[-77.253701999682889,38.874644000335635],[-77.254130000203389,38.874137000158839],[-77.254151000119791,38.874112000051056],[-77.25438200009846,38.87382299978902],[-77.254752999819218,38.873370999912311],[-77.254855999751385,38.87320899980142],[-77.254956000208821,38.873082000134104],[-77.255111999844431,38.872850999766399],[-77.2551240004383,38.872825999905658],[-77.255161000248236,38.87270099977048],[-77.255166000271089,38.872551000157387]]},"properties":{"NAME":"Hunter Rd","BASENAME":"Hunter","MTFCC":"S1400"}},{"type":"Feature","geometry":{"type":"LineString","coordinates":[[-77.258866999952858,38.906634000193186],[-77.257194000025606,38.905354999734783],[-77.257013000275634,38.905216999854304],[-77.256946000328483,38.905164999829786],[-77.256182000247321,38.904580000074986],[-77.25536200008969,38.903951999985132],[-77.254658000282973,38.903412000136903],[-77.25395899960084,38.902875000125775],[-77.25367200044397,38.902642000072071],[-77.253526999780703,38.902494999815858],[-77.253402999932149,38.902343000101176],[-77.253361999924266,38.90227200032988],[-77.253330000137211,38.90218100033217],[-77.253320000091477,38.902127000094012]]},"properties":{"NAME":"Branch Rd SE","BASENAME":"Branch","MTFCC":"S1400"}},{"type":"Feature","geometry":{"type":"LineString","coordinates":[[-77.242453000149425,38.922393000233875],[-77.242510999875734,38.922312999969883],[-77.242576000173074,38.922260999889723],[-77.242736000006644,38.922186000029484],[-77.242901999687987,38.922124000141132],[-77.24313299966667,38.922057999749526],[-77.243409999676103,38.922001999729083],[-77.243490999866964,38.92197799980665],[-77.243879000204487,38.921774000138278]]},"properties":{"NAME":"Key West Ln","BASENAME":"Key West","MTFCC":"S1400"}},{"type":"Feature","geometry":{"type":"LineString","coordinates":[[-77.260438999597781,38.880617999798623],[-77.260457000039438,38.880575999918172],[-77.260508999918002,38.880490000085608],[-77.260662000078867,38.880315000104794],[-77.260832999783091,38.88006100006529],[-77.260907000301245,38.879958000206244],[-77.261076000355644,38.879755000067306],[-77.261110999617429,38.87968300008194],[-77.26112700040926,38.879607999990498],[-77.261124000036219,38.879521999685657],[-77.261093000074084,38.879411000333647],[-77.26106299993684,38.879333999925308],[-77.26103399962453,38.879298000078123],[-77.260989000317025,38.879271999672063],[-77.260937000438474,38.879261000196749],[-77.259296000298264,38.879357000264896],[-77.259212999559267,38.879368999739832],[-77.259122000220998,38.879400000180524],[-77.259049000426046,38.879442000056706]]},"properties":{"NAME":"Yeonas Dr","BASENAME":"Yeonas","MTFCC":"S1400"}},{"type":"Feature","geometry":{"type":"LineString","coordinates":[[-77.249661000242511,38.88859700010525],[-77.249288999798509,38.888953999948285],[-77.249220000201547,38.889000999864479],[-77.249149999881325,38.889032000298016],[-77.24907000041371,38.889052999839699]]},"properties":{"NAME":"Yeonas Cir SE","BASENAME":"Yeonas","MTFCC":"S1400"}},{"type":"Feature","geometry":{"type":"LineString","coordinates":[[-77.241556999823786,38.903509000100279],[-77.241521999663689,38.903505999678174],[-77.24142899977727,38.903485000215376],[-77.241340999913717,38.90344800034778],[-77.241043999812803,38.903247999955035],[-77.240905999720539,38.903138000302832],[-77.240864999712656,38.903093000014671],[-77.240832999925615,38.903040999832584],[-77.240806000161413,38.902959999741974],[-77.240795000290788,38.902890000271057],[-77.240792999742638,38.902864999794133],[-77.240807999811238,38.902713999858292],[-77.240808999636172,38.902631000020619],[-77.240818999681906,38.90254600001056],[-77.240847999994216,38.902433999891265],[-77.240897000398022,38.902332000003419],[-77.240970000192959,38.902236999914351],[-77.241059999706323,38.902154000218218],[-77.2411769998822,38.902086000041059],[-77.241407000035963,38.901992999713961],[-77.241802000046178,38.90185800008225]]},"properties":{"NAME":"Litwalton Ct","BASENAME":"Litwalton","MTFCC":"S1400"}},{"type":"Feature","geometry":{"type":"LineString","coordinates":[[-77.25291900023349,38.903699000242653],[-77.252740999958249,38.903567999753733],[-77.252627000155428,38.903498999857938],[-77.252501999583657,38.903442999872951],[-77.252376000085277,38.903403000256105],[-77.252251000411803,38.903375999907773],[-77.252119000167312,38.903360999865171],[-77.251670999555344,38.903354999707425],[-77.251386000048299,38.903349999925126],[-77.250673000020782,38.903306000147914],[-77.250205000215644,38.903265000076743],[-77.249847000015336,38.90322499966053]]},"properties":{"NAME":"Delano Dr SE","BASENAME":"Delano","MTFCC":"S1400"}},{"type":"Feature","geometry":{"type":"LineString","coordinates":[[-77.260005999952739,38.880987999770426],[-77.260256000197998,38.8807340000387],[-77.260342000411725,38.880593999869966]]},"properties":{"NAME":"Yeonas Dr","BASENAME":"Yeonas","MTFCC":"S1400"}},{"type":"Feature","geometry":{"type":"LineString","coordinates":[[-77.270316000401181,38.900302000132811],[-77.270338000142502,38.900322999837911],[-77.270378000325479,38.900337000103946],[-77.270534999785994,38.900330999690652],[-77.271051999994938,38.900297000135524],[-77.27132499980641,38.900282999861602],[-77.271426999913672,38.900297000135524]]},"properties":{"NAME":"Short St NW","BASENAME":"Short","MTFCC":"S1400"}},{"type":"Feature","geometry":{"type":"LineString","coordinates":[[-77.239304999763306,38.906613999888386],[-77.23986700017808,38.907034000212214],[-77.239986000003782,38.907099999897383],[-77.240077000240376,38.907138999904909],[-77.240412999801052,38.907249999970411],[-77.24051400008338,38.907266000211159],[-77.240620000388589,38.907268000153614],[-77.240721999597511,38.907255000177102],[-77.240816000207175,38.907229000216915],[-77.240853000017097,38.907214999911822],[-77.240931999659807,38.907175000323008],[-77.241006000177975,38.907123000334572],[-77.241068999927165,38.907058000295507],[-77.24120500036959,38.90688399968279]]},"properties":{"NAME":"Rehoboth Ct","BASENAME":"Rehoboth","MTFCC":"S1400"}},{"type":"Feature","geometry":{"type":"LineString","coordinates":[[-77.282115999580483,38.899503000013866],[-77.282164999984289,38.899474999849296],[-77.282292000205885,38.89939199972094],[-77.282405000183786,38.899320000061714],[-77.282724999850942,38.899141999716917],[-77.282840000376979,38.899098000128483],[-77.283105999617447,38.898946999871768],[-77.283751999697827,38.898578999938536],[-77.284002999768006,38.898438000233881],[-77.284273999929653,38.898292999858867],[-77.284502000433591,38.898181000022234],[-77.284588999573913,38.898142999737907],[-77.284730999864138,38.898080000068056],[-77.284925000032885,38.898013999688096],[-77.285029999614878,38.897982999679179],[-77.285099999935085,38.897944000235015],[-77.285135000095181,38.897913999948948],[-77.285360000226078,38.8979330001549],[-77.285587000006799,38.897965999691046],[-77.285757999711009,38.897999999663192],[-77.286152999721239,38.898091000125412],[-77.287752000028661,38.898469999789747],[-77.2879529998701,38.898543000055419],[-77.288099000358272,38.898603000083476],[-77.288222000381921,38.898668000173181],[-77.288331999986781,38.898744999901332],[-77.289270999970114,38.899455000324174],[-77.2900640003636,38.900056000128345],[-77.290512999902163,38.900394000159892],[-77.290974999859529,38.900739000073749],[-77.291066999921028,38.900829999822292],[-77.291236999800347,38.901010000249038],[-77.291349999778248,38.901094000291984],[-77.291532000251451,38.901231000090661],[-77.291677000016406,38.901340000195802],[-77.291887999903608,38.901529000148216],[-77.291969999919345,38.901581000039457],[-77.292020999972976,38.901604000167488],[-77.292101000338917,38.901637000094908],[-77.292201999722948,38.901693999806326],[-77.292291000309717,38.901761999659811],[-77.29245799981598,38.901922999988777],[-77.292549999877494,38.902003000168428],[-77.292610000151939,38.902067000247243],[-77.29269399981753,38.902125999700829],[-77.292860000397198,38.902216999769031],[-77.293077999957092,38.902318000130698],[-77.293154000125071,38.902352999807256],[-77.293712000341912,38.902593999707996],[-77.294043999704613,38.902727999652875],[-77.294468999852057,38.902890000271057],[-77.294648999777124,38.90296500025083],[-77.295352999583798,38.903269999865024],[-77.296042000220211,38.903565999707041],[-77.29640100024541,38.903720000341252],[-77.296864999852588,38.903911000287017],[-77.297890999874554,38.904347999686998],[-77.29799100033199,38.904376000027128],[-77.298094000264157,38.904390000193075],[-77.298202000219177,38.904388999831774],[-77.29833600011348,38.904371000316729],[-77.298475999855583,38.904336000236896],[-77.298612000298007,38.90429500006146],[-77.299040999745088,38.904157000217737],[-77.299366000333407,38.904052999975946],[-77.299850000032094,38.903880999725679],[-77.300139999561992,38.903778000148534],[-77.300330000431117,38.903710000128626],[-77.300676000037512,38.903586999844975],[-77.300799000061161,38.903543000214626],[-77.301144999667571,38.903414000187929],[-77.301577000386033,38.903252000066281],[-77.302354999812579,38.90296199980574],[-77.302441999851197,38.902928999795037],[-77.302562000400115,38.902890000271057],[-77.302662999784133,38.902851999710428],[-77.302815999945011,38.902809000008169],[-77.302897999960791,38.902791000092556],[-77.303431999888147,38.902711999787535]]},"properties":{"NAME":"Vale Rd","BASENAME":"Vale","MTFCC":"S1400"}},{"type":"Feature","geometry":{"type":"LineString","coordinates":[[-77.266514000437084,38.878734000324272],[-77.26532199983545,38.878801999782965],[-77.263884999909735,38.878901999856033]]},"properties":{"NAME":null,"BASENAME":null,"MTFCC":"S1630"}},{"type":"Feature","geometry":{"type":"LineString","coordinates":[[-77.269399999984074,38.877781999671093],[-77.268464000373783,38.87791200013605],[-77.267628000322603,38.878054000060189]]},"properties":{"NAME":null,"BASENAME":null,"MTFCC":"S1630"}},{"type":"Feature","geometry":{"type":"LineString","coordinates":[[-77.272597999700608,38.898208999997969],[-77.27270800020375,38.898217000088863],[-77.273591999935519,38.898172000177524],[-77.274330999902318,38.898145999687486],[-77.274500999781637,38.898147000136753],[-77.275042000280024,38.898125000037702],[-77.275616000390372,38.898097999779665],[-77.275705999903735,38.898080999819108],[-77.275884000178976,38.898071000210493],[-77.277102999646473,38.898021000049084],[-77.279170999583968,38.897934999661125]]},"properties":{"NAME":"Knoll St NW","BASENAME":"Knoll","MTFCC":"S1400"}},{"type":"Feature","geometry":{"type":"LineString","coordinates":[[-77.274299999940155,38.867504999842964],[-77.274479000040316,38.867603000064342],[-77.275120000097829,38.867951000301211],[-77.275182000022113,38.867984999951645],[-77.275418999848569,38.868111000160027],[-77.275982000088277,38.868410000154881],[-77.276654999932816,38.868768000176225],[-77.276737999773502,38.868811999667656],[-77.276993999866534,38.868948000021625],[-77.277448000326302,38.86919100027886],[-77.277623000228488,38.869297000125144],[-77.277660000038409,38.869322999984114],[-77.277735000381469,38.869376999983608],[-77.277808000176407,38.869436000013891],[-77.27789799968977,38.869516999869049],[-77.277942999895615,38.869564000053501],[-77.278034000132223,38.869658999780903],[-77.278055999873516,38.869685999658159],[-77.278178999897179,38.869839000167744],[-77.278390999609258,38.870142999910463],[-77.278430999792235,38.870199999717507],[-77.278487999693652,38.870282000243165],[-77.279055000131308,38.871088999994761],[-77.279141000345035,38.871198000196628],[-77.279211999591837,38.87128500021209],[-77.279375999623369,38.871464999978478],[-77.279549999700635,38.871634000031918],[-77.281610000140503,38.873475000324213],[-77.282462000085204,38.874233000155392],[-77.282668999774458,38.874440000318629],[-77.283026999974737,38.874761999995854],[-77.283294999763328,38.875000000279186],[-77.283735999804293,38.875391000213291],[-77.283923000300362,38.875523000293825],[-77.284177999670177,38.875668999662857],[-77.284412000021916,38.875785999654489],[-77.284670999589665,38.875891000092665],[-77.284725000016351,38.87590799976936],[-77.28489400007075,38.875960000236162],[-77.28492699968271,38.87597000016023],[-77.285166000057302,38.876022999943835],[-77.285423999800173,38.876059000051455],[-77.285711999680274,38.876084000173719],[-77.28621999966839,38.876113999889242],[-77.287409999721888,38.876192000349093],[-77.28768500008151,38.876215000306971],[-77.288063000373285,38.876234000023281],[-77.288239000100376,38.876244999967184],[-77.288973000044294,38.876294000014362],[-77.289388000145991,38.876321000168637],[-77.291661000122872,38.876469000106873],[-77.293724999862377,38.876602999690611],[-77.294016000115519,38.876606999903913],[-77.294297000322914,38.876612000170219],[-77.294504000012154,38.876624000108691],[-77.294754000257413,38.876646999926756],[-77.295333000390642,38.876695999696764],[-77.295687000392974,38.876706000216565],[-77.295869999792757,38.876699999904837],[-77.296139000304564,38.876676000051596],[-77.29630300033611,38.876644999821259],[-77.296921999753991,38.876786000128298],[-77.298288000432905,38.876848999803038],[-77.298741000169429,38.876876999796004],[-77.299033000247491,38.876893999936186],[-77.299162000118926,38.8769020003298],[-77.299556000304207,38.876926000106714],[-77.300341000301771,38.876974000335579],[-77.300472999647937,38.876989999705309],[-77.300547999990997,38.877005999770795],[-77.300639000227605,38.877032000306592],[-77.300727000091157,38.877062000321274],[-77.300789000015428,38.877088000137242],[-77.300856999787499,38.877126999843327],[-77.300886000099808,38.877142999877961],[-77.300957000244921,38.877188999870064],[-77.301097999811915,38.877294999677595],[-77.301791999572856,38.877819999659494],[-77.301892000030293,38.877896000274561],[-77.301933999863081,38.87792799999395],[-77.30213899990251,38.878087999773378],[-77.3022440003828,38.878170000289948],[-77.302322000200604,38.878232000106003],[-77.302918000052259,38.8786730002711],[-77.303556999561636,38.879146999685091],[-77.303595000094788,38.879178000222694],[-77.303697000202035,38.879263000228626]]},"properties":{"NAME":"State Rte 655","BASENAME":"655","MTFCC":"S1400"}},{"type":"Feature","geometry":{"type":"LineString","coordinates":[[-77.263709000182644,38.923021000011467],[-77.263755000213393,38.92305599996353],[-77.263790000373504,38.923102000273587],[-77.263812999939731,38.923158000124651],[-77.263813999764622,38.923222000000145],[-77.263801000244143,38.923262000329863],[-77.26352500005963,38.923847999953487],[-77.263474999830905,38.923914000077744],[-77.263401000211061,38.923980000140553],[-77.26322600030889,38.924100999863363],[-77.263054999706341,38.924191999715269],[-77.262955999972135,38.924239000069271]]},"properties":{"NAME":null,"BASENAME":null,"MTFCC":"S1400"}},{"type":"Feature","geometry":{"type":"LineString","coordinates":[[-77.244823000210687,38.908085000246125],[-77.244588000034042,38.908212000257983],[-77.24453600015552,38.908244999910124],[-77.24438999966732,38.908363999989966],[-77.244317999697316,38.90844399990214],[-77.244239999879511,38.908576999687675],[-77.243963999694969,38.909220000313155],[-77.243945000326704,38.909258000261339]]},"properties":{"NAME":"Polly St SE","BASENAME":"Polly","MTFCC":"S1400"}},{"type":"Feature","geometry":{"type":"LineString","coordinates":[[-77.263893000305671,38.878344999958742],[-77.262238999746657,38.878435999728069],[-77.260098000014239,38.878580000054839],[-77.259328000085304,38.878622999741339],[-77.2584040001706,38.878669000174035],[-77.25780400012097,38.878710999782996],[-77.256825999779565,38.878768999734994],[-77.255747999879063,38.878833999793706],[-77.254874000193041,38.878896999750857],[-77.25463499981845,38.878911000044525],[-77.254596000358717,38.878988000211962]]},"properties":{"NAME":null,"BASENAME":null,"MTFCC":"S1630"}},{"type":"Feature","geometry":{"type":"LineString","coordinates":[[-77.27755100025847,38.880118000310119],[-77.277290000142543,38.880158999758613],[-77.277022000353938,38.880152999738428],[-77.276868000368154,38.88018299983419],[-77.276846999553442,38.880797999704235],[-77.275980000438452,38.880758999914889],[-77.27600399982957,38.880346000132846],[-77.275151000059978,38.88030800009664],[-77.274924000279242,38.880294000078159]]},"properties":{"NAME":"Scotch Haven Dr","BASENAME":"Scotch Haven","MTFCC":"S1400"}},{"type":"Feature","geometry":{"type":"LineString","coordinates":[[-77.265845999717101,38.891540000043847],[-77.265919000410335,38.891509000005662],[-77.266010999573524,38.891482000029079],[-77.266330000314071,38.891438999734355],[-77.266477999553771,38.891405000117061],[-77.266624000041944,38.891360000084497],[-77.266773999829766,38.891300000229755],[-77.266927999815564,38.891219999878466],[-77.267245999832866,38.891012999652467]]},"properties":{"NAME":"Adelman Cir SW","BASENAME":"Adelman","MTFCC":"S1400"}},{"type":"Feature","geometry":{"type":"LineString","coordinates":[[-77.233326000081789,38.873885999992275],[-77.233376000310486,38.874154000255139],[-77.23340800009754,38.874233000155392],[-77.233512999679519,38.874249000142207],[-77.234203999965757,38.874479000079162],[-77.234403999982291,38.874544999947986],[-77.235208000246416,38.874831999915088],[-77.235493999578352,38.874904999997227],[-77.236034000251848,38.875100000107551],[-77.236374000010471,38.875211999972045],[-77.236665000263599,38.875314000344488],[-77.237565999713794,38.875608999843521],[-77.238124999755541,38.875796000302344],[-77.238309999703475,38.875849000215766],[-77.238524999788638,38.875903000152817],[-77.239276000349307,38.876102999925052],[-77.239545999787723,38.876169999743915],[-77.239735999758508,38.876191000289943],[-77.240171999776621,38.876335000270515],[-77.240487000319206,38.876448999698518],[-77.240934000207943,38.876605999850611],[-77.241412999883735,38.876768999962266],[-77.24180500041922,38.8769020003298],[-77.242321999729853,38.877083999950962],[-77.242479000088679,38.877173999891113],[-77.24261200015809,38.877219999863101],[-77.242914000281871,38.877326000323791],[-77.242973999658005,38.877346999828923],[-77.243281999629588,38.877448999934401],[-77.243571000232905,38.877506000176439],[-77.243984999611371,38.877640999941583],[-77.244263000344034,38.877736000062889],[-77.24440800010899,38.877788999928143],[-77.244808000142072,38.877935000236612],[-77.245143999702748,38.878062999656755],[-77.245209999824979,38.878086999740916],[-77.245579999720832,38.878219999739784],[-77.245675999980293,38.878261000283374],[-77.245705000292602,38.87828400027098],[-77.245741000277619,38.878313999757076],[-77.245916000179818,38.878375000118425],[-77.246746000383197,38.878666000101134]]},"properties":{"NAME":"Hilltop Rd","BASENAME":"Hilltop","MTFCC":"S1400"}},{"type":"Feature","geometry":{"type":"LineString","coordinates":[[-77.238560999773625,38.898881000297671],[-77.23870300006385,38.89902800034568]]},"properties":{"NAME":"Idylwood Mews Ct","BASENAME":"Idylwood Mews","MTFCC":"S1400"}},{"type":"Feature","geometry":{"type":"LineString","coordinates":[[-77.243993999832199,38.895983000338809],[-77.243013000016077,38.896767000175799],[-77.242947999718737,38.896804999798206],[-77.242870999725838,38.896828999843571],[-77.24280100030397,38.896836000321365]]},"properties":{"NAME":"Onondio Cir SE","BASENAME":"Onondio","MTFCC":"S1400"}},{"type":"Feature","geometry":{"type":"LineString","coordinates":[[-77.268717000093773,38.881015000239124],[-77.268764999774334,38.881256999812337]]},"properties":{"NAME":"Baronhurst Dr","BASENAME":"Baronhurst","MTFCC":"S1400"}},{"type":"Feature","geometry":{"type":"LineString","coordinates":[[-77.287547999814137,38.878517999843076],[-77.287444000057079,38.878217999678562],[-77.28754399961619,38.878195999700537],[-77.288255999818816,38.878083000310205]]},"properties":{"NAME":"Finian Ct","BASENAME":"Finian","MTFCC":"S1400"}},{"type":"Feature","geometry":{"type":"LineString","coordinates":[[-77.250735999769972,38.878369999976158],[-77.25090099962641,38.878441999893226],[-77.251128000305442,38.878540999747486],[-77.251242000108249,38.878572999875772],[-77.251355000086178,38.878587000233274],[-77.251848000005666,38.878589000284116],[-77.25200199999145,38.878590000309522],[-77.25200199999145,38.878527000080204]]},"properties":{"NAME":"Hargrove Ct","BASENAME":"Hargrove","MTFCC":"S1400"}},{"type":"Feature","geometry":{"type":"LineString","coordinates":[[-77.277901999887746,38.905660999910928],[-77.277579999672454,38.906079999943088],[-77.277500000204824,38.906191000266318],[-77.277430999709551,38.906312999898731],[-77.277394999724535,38.906402999859814],[-77.277369999610173,38.906539999900069],[-77.277367000135456,38.906577000253428]]},"properties":{"NAME":"Blair Ct NW","BASENAME":"Blair","MTFCC":"S1400"}},{"type":"Feature","geometry":{"type":"LineString","coordinates":[[-77.282345999734247,38.922132000332674],[-77.281543000193352,38.922323999766917],[-77.281011999740699,38.922452999673787],[-77.280682000027838,38.922563000145892],[-77.280495000430079,38.922632999785733],[-77.279758999938011,38.922963999952749]]},"properties":{"NAME":"Layminster Ln","BASENAME":"Layminster","MTFCC":"S1400"}},{"type":"Feature","geometry":{"type":"LineString","coordinates":[[-77.249092999979936,38.9204500001482],[-77.249701000425475,38.920692999677996],[-77.250264999591778,38.920923000203508],[-77.250971999771508,38.921212999773054],[-77.251104999840919,38.921262999675456],[-77.251483999957586,38.921405999718992],[-77.252249999688573,38.921713000007017],[-77.252386999955931,38.921771999905644],[-77.252500999758723,38.921824000344245],[-77.252673000186178,38.921903000346227],[-77.252834999669588,38.921970999711291],[-77.253614999644256,38.922297999735655],[-77.25398999956299,38.922440999789863],[-77.254181000257006,38.92251100024896],[-77.254444000022744,38.922618999723497],[-77.254586000312969,38.92267600005939],[-77.254796000375251,38.922767999744728],[-77.255122999715084,38.922899999844525],[-77.255266999655134,38.922938000155966],[-77.255319000431967,38.922959000153831],[-77.255589999695303,38.923067999743438],[-77.255776000366453,38.923133999894411],[-77.255973000009945,38.923202000176303],[-77.256239000148739,38.923276000265155],[-77.256598000173952,38.923351999766133],[-77.256686999862396,38.923395999697483],[-77.25715800004059,38.923479999808286],[-77.257449000293718,38.923525999843427],[-77.258083999605134,38.923626999937611],[-77.259451999933873,38.923836000305513],[-77.259537000322695,38.923842000129781],[-77.259703999828957,38.923842000129781],[-77.259887999951971,38.923825000044012],[-77.260261000220879,38.923780000290705],[-77.261149000150567,38.923724000231758],[-77.261339000121367,38.923709000295787],[-77.261566999727009,38.923681999983778],[-77.261815000322429,38.923647000340537],[-77.261969000308241,38.923634999959674],[-77.262088000133915,38.923638000229808],[-77.262215000355511,38.923655999751226],[-77.262336999655943,38.92368799982102],[-77.262431000265579,38.923726999799243],[-77.262541999695372,38.923788999684582],[-77.262644999627511,38.9238650000337],[-77.262730999841239,38.923950999760486],[-77.262955999972135,38.924239000069271],[-77.263120000003681,38.924451000267773],[-77.263217000088048,38.924584000108482],[-77.263467000333321,38.924957999848033],[-77.263566000067499,38.9250849997185],[-77.263646000433454,38.925163000214127],[-77.263709000182644,38.925205999653272],[-77.263776999954715,38.925230999949036],[-77.263818999787503,38.925238999790274],[-77.263889999932616,38.925243000059943],[-77.263956000054847,38.925232000016607],[-77.264135999979914,38.925203000148315],[-77.264206000300092,38.925204000216269],[-77.264280999744869,38.925219999903881],[-77.264310999882071,38.925232000016607],[-77.264387000050064,38.925274000045839],[-77.264855999680137,38.92556600012739],[-77.265275999804686,38.925806000127416],[-77.265746999982895,38.926077000348243],[-77.26590400034172,38.926184999985303],[-77.265988000007312,38.926262999970298],[-77.266053000304638,38.926333000152667],[-77.266096999787251,38.92636599976543],[-77.266275000062478,38.926471000209979],[-77.266404999758819,38.926559999719707],[-77.266520000284885,38.926626000116364],[-77.266653000354268,38.92669299979972],[-77.267121000159406,38.926916000136153],[-77.267388999947997,38.9270810001846],[-77.26746599994091,38.927118999654311],[-77.267819000118308,38.927291000199439],[-77.268351000395882,38.927587999837961],[-77.268491000137956,38.927664000310358],[-77.268994000103206,38.927917999919146],[-77.269736000443061,38.928298999723467],[-77.269836999827092,38.928354999665316],[-77.269907000147271,38.928398999987927],[-77.270027999622783,38.928492999982147],[-77.270129999730045,38.928596000033515],[-77.270825000214217,38.929487999799363],[-77.271252000011472,38.930079999703082],[-77.271340999699945,38.93017400026492],[-77.271461000248863,38.930345999691809]]},"properties":{"NAME":"Old Courthouse Rd","BASENAME":"Courthouse","MTFCC":"S1400"}},{"type":"Feature","geometry":{"type":"LineString","coordinates":[[-77.27483999971534,38.907079000099515],[-77.275735000216059,38.907921999985973],[-77.275838999973146,38.908010000082832],[-77.275888000376952,38.908028999684319],[-77.275939000430554,38.908033000225224],[-77.275989999585875,38.908022999921087],[-77.276033999966799,38.908001000085918],[-77.276066999578759,38.907963999775774],[-77.276525000236475,38.907375000138693]]},"properties":{"NAME":"Heritage Ln NW","BASENAME":"Heritage","MTFCC":"S1400"}},{"type":"Feature","geometry":{"type":"LineString","coordinates":[[-77.274581999972483,38.904326999774149],[-77.273113000259713,38.90607799996716],[-77.273068000053883,38.906122000123574],[-77.272981999840155,38.906187999957616],[-77.272887000303911,38.906241000267102],[-77.272365999896991,38.906513999678069],[-77.272257999941971,38.906587999693485],[-77.272045000404944,38.906768000202462]]},"properties":{"NAME":"John Marshall Dr NW","BASENAME":"John Marshall","MTFCC":"S1400"}},{"type":"Feature","geometry":{"type":"LineString","coordinates":[[-77.248516000394844,38.891677999936803],[-77.248307999982387,38.891721999927356],[-77.248235000187464,38.891727999669733],[-77.247980999744243,38.891734999951161],[-77.247692999864142,38.891738000171429],[-77.247295000379211,38.891734999951161],[-77.247046999783763,38.891737000331091],[-77.246891999973073,38.891743999912421],[-77.246747000208117,38.891742000231879],[-77.246325000433728,38.891740999692388],[-77.246074000363564,38.891734999951161],[-77.245761000369114,38.891716000184516],[-77.24568799967588,38.89170300015725],[-77.245672999607251,38.891696999713602]]},"properties":{"NAME":"McHenry St SE","BASENAME":"McHenry","MTFCC":"S1400"}},{"type":"Feature","geometry":{"type":"LineString","coordinates":[[-77.278451999708636,38.905885000277451],[-77.278522000028843,38.905776000159321],[-77.278598000196823,38.905670999848745],[-77.278691000083256,38.905572000052814],[-77.2793920004152,38.905001999855557],[-77.279523999761352,38.904910999861571],[-77.279660000203819,38.904835999840259],[-77.279743999869396,38.904796999965697],[-77.280300000436412,38.904586999788656],[-77.280414000239219,38.904526000263274],[-77.281456000154719,38.903780999860054],[-77.281768000324263,38.903550999704578],[-77.281891000347898,38.903446000297706],[-77.28221400038808,38.90311299991324]]},"properties":{"NAME":"Blair Rd NW","BASENAME":"Blair","MTFCC":"S1400"}},{"type":"Feature","geometry":{"type":"LineString","coordinates":[[-77.255810999628267,38.896640999737038],[-77.255240999715852,38.896209000031085]]},"properties":{"NAME":"Marjorie Ln SE","BASENAME":"Marjorie","MTFCC":"S1400"}},{"type":"Feature","geometry":{"type":"LineString","coordinates":[[-77.289250000053727,38.894481000098452],[-77.288956000325854,38.894211999787125],[-77.288664000247806,38.89392000004257],[-77.287769999571992,38.892976000086556],[-77.28757399975342,38.892757000075392],[-77.287166000222712,38.89231800029264],[-77.286962000008216,38.892098999650955],[-77.286515999944399,38.89163899982703],[-77.286351000087961,38.891460999807116],[-77.285940000184226,38.89103400000689],[-77.285613999770973,38.890677999984661],[-77.284908000314445,38.889940000182897],[-77.284822000100732,38.889856000231049],[-77.284022999859474,38.889000999864479],[-77.28342500035798,38.888366999714393],[-77.282936999563049,38.887862000043746],[-77.282805000216882,38.887687000040259]]},"properties":{"NAME":"Five Oaks Rd","BASENAME":"Five Oaks","MTFCC":"S1400"}},{"type":"Feature","geometry":{"type":"LineString","coordinates":[[-77.284736999711924,38.875029999752925],[-77.284728000389393,38.875388000002005],[-77.284771000047115,38.875489000052774],[-77.284838999819172,38.875519000019452],[-77.285504999991034,38.875534000347727],[-77.286291999638408,38.87562500021992],[-77.287105000123361,38.875664000029509],[-77.287721000066512,38.87571499990969]]},"properties":{"NAME":"Sweet Mint Dr","BASENAME":"Sweet Mint","MTFCC":"S1400"}},{"type":"Feature","geometry":{"type":"LineString","coordinates":[[-77.270150999646432,38.88456999984848],[-77.270588000387761,38.884756999801972],[-77.27075700044216,38.884693000206063],[-77.271724999839506,38.884434000018139]]},"properties":{"NAME":"Moorefield Hill Grove SW","BASENAME":"Moorefield Hill Grove","MTFCC":"S1400"}},{"type":"Feature","geometry":{"type":"LineString","coordinates":[[-77.27608500002043,38.922363999904007],[-77.276043000187641,38.922171999879112],[-77.275231000425919,38.921021000127986],[-77.275023000013448,38.920726999948492],[-77.274968999586761,38.920673999971946],[-77.274909000210627,38.920634999713371],[-77.274834999692459,38.920604999930021]]},"properties":{"NAME":"Toyon Way","BASENAME":"Toyon","MTFCC":"S1400"}},{"type":"Feature","geometry":{"type":"LineString","coordinates":[[-77.253751000086709,38.910102999997243],[-77.253094000135661,38.910189999906805],[-77.252411000245374,38.910291999689107],[-77.251521999592427,38.910415000238984],[-77.251458000018317,38.910390999892684],[-77.25126300002465,38.910051000056583]]},"properties":{"NAME":"Westmanor Ct SE","BASENAME":"Westmanor","MTFCC":"S1400"}},{"type":"Feature","geometry":{"type":"LineString","coordinates":[[-77.243057000397016,38.882974000187474],[-77.242699000196708,38.882270999851769],[-77.242588999693552,38.882051999702952],[-77.24256600012734,38.881983999857844],[-77.242552999708536,38.881913999990473],[-77.24254699986075,38.88181799988044],[-77.242552999708536,38.881753999735018],[-77.242591000241688,38.881624999987821],[-77.242645999594941,38.881519000345548],[-77.242730000158843,38.881414999817096],[-77.242808999801582,38.881344000101826],[-77.242941999870951,38.881253999848639],[-77.243062000419869,38.881198999793213],[-77.243198999788916,38.881162000202387],[-77.243358999622487,38.881142999705709],[-77.244145000343252,38.881098000165402],[-77.244336999963878,38.881098000165402],[-77.244479000254103,38.881111000035524],[-77.244639999912579,38.881142999705709],[-77.244727999776117,38.881168000137365],[-77.244928999617571,38.881235000075868],[-77.245199999779231,38.881333000247949]]},"properties":{"NAME":"Depaul Dr","BASENAME":"Depaul","MTFCC":"S1400"}},{"type":"Feature","geometry":{"type":"LineString","coordinates":[[-77.271402999624215,38.900345999674272],[-77.2716260001053,38.900488000201236],[-77.271693999877357,38.90054500013597]]},"properties":{"NAME":"Short St NW","BASENAME":"Short","MTFCC":"S1400"}},{"type":"Feature","geometry":{"type":"LineString","coordinates":[[-77.267203000175172,38.920688999850647],[-77.26676799998198,38.920034000097097],[-77.266717999753283,38.919941999662363],[-77.266690000164203,38.919852000094082],[-77.266680999943361,38.919760000122295],[-77.26669299963892,38.91966300000005],[-77.26672299977615,38.919571999930561],[-77.266773999829766,38.919483000041588],[-77.266843000325068,38.919401999841405],[-77.266901000051391,38.919354000326273],[-77.267269000297418,38.91907599990418]]},"properties":{"NAME":"Clachan Ct","BASENAME":"Clachan","MTFCC":"S1400"}},{"type":"Feature","geometry":{"type":"LineString","coordinates":[[-77.246968000141067,38.912532999714855],[-77.245874000347015,38.913033999839371],[-77.244675999897595,38.913584000110319],[-77.243519000354368,38.914114000024369],[-77.242110999842652,38.914758999849077]]},"properties":{"NAME":"Maple Ave E","BASENAME":"Maple","MTFCC":"S1400"}},{"type":"Feature","geometry":{"type":"LineString","coordinates":[[-77.266704000407884,38.893211000033887],[-77.266007000273888,38.892480000189082],[-77.265946999999429,38.89245100022184],[-77.265855999762834,38.892394000082888],[-77.265781000318086,38.892328999844096],[-77.265589999624055,38.892139000042057],[-77.26505200039702,38.891602999921837],[-77.264560000302438,38.891103000128844],[-77.264444999776401,38.8909810002325],[-77.264239999736986,38.890749000160994],[-77.262884999827023,38.88939099979936]]},"properties":{"NAME":"Frederick St SW","BASENAME":"Frederick","MTFCC":"S1400"}},{"type":"Feature","geometry":{"type":"LineString","coordinates":[[-77.254658000282973,38.903412000136903],[-77.25531500023402,38.902890000271057],[-77.255409999770251,38.902809999692636],[-77.255451999603054,38.902751999793679],[-77.255478000440633,38.902684999875518],[-77.255481999740269,38.902662000097671]]},"properties":{"NAME":"Branch Cir SE","BASENAME":"Branch","MTFCC":"S1400"}},{"type":"Feature","geometry":{"type":"LineString","coordinates":[[-77.253844999798034,38.886855000148351],[-77.254464999939131,38.886586000323405]]},"properties":{"NAME":"Scott Cir SW","BASENAME":"Scott","MTFCC":"S1400"}},{"type":"Feature","geometry":{"type":"LineString","coordinates":[[-77.283830000413943,38.882013999879796],[-77.283888999965171,38.882491999965858],[-77.28388499976721,38.882552000267353]]},"properties":{"NAME":"Nursery Ln","BASENAME":"Nursery","MTFCC":"S1400"}},{"type":"Feature","geometry":{"type":"LineString","coordinates":[[-77.252834999669588,38.921970999711291],[-77.252539000291875,38.922461999934832]]},"properties":{"NAME":"Tysons Crest Ln","BASENAME":"Tysons Crest","MTFCC":"S1400"}},{"type":"Feature","geometry":{"type":"LineString","coordinates":[[-77.249621000059534,38.887038000055384],[-77.249375000012236,38.888052999990983],[-77.249371999639195,38.888149000067095],[-77.249389000255945,38.888245000013427],[-77.249421000042986,38.888331000248527],[-77.249472999921537,38.888420000040718],[-77.24952999982294,38.888488999905015],[-77.249628999557132,38.888574999844671],[-77.249661000242511,38.88859700010525]]},"properties":{"NAME":"James Dr SE","BASENAME":"James","MTFCC":"S1400"}},{"type":"Feature","geometry":{"type":"LineString","coordinates":[[-77.281533999972524,38.923788999684582],[-77.28169700017915,38.923861999773209],[-77.281799000286398,38.923910999819277],[-77.281942000401514,38.923997000189182],[-77.282057000029255,38.92408499992338],[-77.282159999961422,38.924182999673683],[-77.282251000198016,38.924292000178248],[-77.282329000015821,38.924414000146861],[-77.282387999567035,38.924543999825289],[-77.282426999925107,38.924677000190528],[-77.282446000191683,38.924817000121706],[-77.282442999818642,38.924954000261124],[-77.28241900042751,38.925093000275027],[-77.282376999696396,38.925218999836154],[-77.282315999597031,38.925343999806337],[-77.281965999792661,38.925860999882069]]},"properties":{"NAME":"Pillory Dr","BASENAME":"Pillory","MTFCC":"S1400"}},{"type":"Feature","geometry":{"type":"LineString","coordinates":[[-77.250308000147811,38.89386400019383],[-77.250610000271593,38.893619000074096],[-77.250649999556245,38.893566000131088],[-77.250677000218744,38.893498999935431],[-77.250682000241596,38.893448000234613]]},"properties":{"NAME":"Cunningham Park Ct SE","BASENAME":"Cunningham Park","MTFCC":"S1400"}},{"type":"Feature","geometry":{"type":"LineString","coordinates":[[-77.275627000261039,38.879663999889104],[-77.275320000114348,38.879625000176681],[-77.275310000068615,38.879416999717158],[-77.275607000169529,38.879333999925308],[-77.275623000063078,38.879564000189092],[-77.275627000261039,38.879663999889104]]},"properties":{"NAME":"Shawn Leigh Dr","BASENAME":"Shawn Leigh","MTFCC":"S1400"}},{"type":"Feature","geometry":{"type":"LineString","coordinates":[[-77.243932999732834,38.922762999931997],[-77.244037000388232,38.922766000239015],[-77.244086999718633,38.922749999997968],[-77.244481999728833,38.922486999799801]]},"properties":{"NAME":"Paisley Blue Ct","BASENAME":"Paisley Blue","MTFCC":"S1400"}},{"type":"Feature","geometry":{"type":"LineString","coordinates":[[-77.256744999588705,38.883375999841626],[-77.256759999657334,38.883233000103516],[-77.256763000030375,38.883124000178299],[-77.25674799996176,38.883005999717945],[-77.256712999801664,38.882888999725751],[-77.256658000448382,38.882774000173221],[-77.256593000151071,38.882671000051189],[-77.256511000135305,38.88258000011102],[-77.256423000271752,38.882507000220791],[-77.256085999987874,38.882293999939975],[-77.255923999606168,38.882178000148826],[-77.255777000191372,38.882051999702952],[-77.255699000373568,38.881977000014061],[-77.255561000281304,38.881823999760023],[-77.255362999914581,38.881567000269094],[-77.255259999982414,38.881458999870986],[-77.25514100015674,38.881361999859081],[-77.255019999782931,38.881285000166272],[-77.254875000017961,38.881215000309574],[-77.254731000077911,38.881162000202387],[-77.253920000141093,38.880944000124174],[-77.253758999584306,38.880905999708467]]},"properties":{"NAME":"Drake St SW","BASENAME":"Drake","MTFCC":"S1400"}},{"type":"Feature","geometry":{"type":"LineString","coordinates":[[-77.241103000262342,38.918660000184786],[-77.240872000283673,38.918277000003933],[-77.241042000162992,38.918191999856816]]},"properties":{"NAME":null,"BASENAME":null,"MTFCC":"S1780"}},{"type":"Feature","geometry":{"type":"LineString","coordinates":[[-77.240841000321538,38.877382999965157],[-77.241451000416902,38.877538000071453],[-77.24180500041922,38.8769020003298]]},"properties":{"NAME":"Andiron Ln","BASENAME":"Andiron","MTFCC":"S1400"}},{"type":"Feature","geometry":{"type":"LineString","coordinates":[[-77.274191999985135,38.90419199968678],[-77.274285999696474,38.904048000242796],[-77.274328000427587,38.904004000199073],[-77.274392999826588,38.90396000012808],[-77.276249000051948,38.902890000271057],[-77.276890000109475,38.902519000035412],[-77.276971000300321,38.902471000287278],[-77.277290000142543,38.90228699990346],[-77.277504000402786,38.902163999950915],[-77.278100000254454,38.901819999668398],[-77.278597000371903,38.901517999924344],[-77.280143999902478,38.900614999821492],[-77.28052700021712,38.900397000014387],[-77.28080900024942,38.900237000140585],[-77.281128999916575,38.900058000273908],[-77.281482000093987,38.899860999996775],[-77.281877000104203,38.899637999928416],[-77.281996999754796,38.89957099986826],[-77.282115999580483,38.899503000013866],[-77.282164999984289,38.899474999849296],[-77.282292000205885,38.89939199972094],[-77.282405000183786,38.899320000061714],[-77.282724999850942,38.899141999716917],[-77.282840000376979,38.899098000128483],[-77.283105999617447,38.898946999871768],[-77.283751999697827,38.898578999938536],[-77.284002999768006,38.898438000233881],[-77.284273999929653,38.898292999858867],[-77.284502000433591,38.898181000022234],[-77.284588999573913,38.898142999737907],[-77.284730999864138,38.898080000068056],[-77.284925000032885,38.898013999688096],[-77.285029999614878,38.897982999679179],[-77.285099999935085,38.897944000235015],[-77.285135000095181,38.897913999948948],[-77.285360000226078,38.8979330001549],[-77.285587000006799,38.897965999691046],[-77.285757999711009,38.897999999663192],[-77.286152999721239,38.898091000125412],[-77.287752000028661,38.898469999789747],[-77.2879529998701,38.898543000055419],[-77.288099000358272,38.898603000083476],[-77.288222000381921,38.898668000173181],[-77.288331999986781,38.898744999901332],[-77.289270999970114,38.899455000324174],[-77.2900640003636,38.900056000128345],[-77.290512999902163,38.900394000159892],[-77.290974999859529,38.900739000073749],[-77.291066999921028,38.900829999822292],[-77.291236999800347,38.901010000249038],[-77.291349999778248,38.901094000291984],[-77.291532000251451,38.901231000090661],[-77.291677000016406,38.901340000195802],[-77.291887999903608,38.901529000148216],[-77.291969999919345,38.901581000039457],[-77.292020999972976,38.901604000167488],[-77.292101000338917,38.901637000094908],[-77.292201999722948,38.901693999806326],[-77.292291000309717,38.901761999659811],[-77.29245799981598,38.901922999988777],[-77.292549999877494,38.902003000168428],[-77.292610000151939,38.902067000247243],[-77.29269399981753,38.902125999700829],[-77.292860000397198,38.902216999769031],[-77.293077999957092,38.902318000130698],[-77.293154000125071,38.902352999807256],[-77.293712000341912,38.902593999707996],[-77.294043999704613,38.902727999652875],[-77.294468999852057,38.902890000271057],[-77.294648999777124,38.90296500025083],[-77.295352999583798,38.903269999865024],[-77.296042000220211,38.903565999707041],[-77.29640100024541,38.903720000341252],[-77.296864999852588,38.903911000287017],[-77.297890999874554,38.904347999686998],[-77.29799100033199,38.904376000027128],[-77.298094000264157,38.904390000193075],[-77.298202000219177,38.904388999831774],[-77.29833600011348,38.904371000316729],[-77.298475999855583,38.904336000236896],[-77.298612000298007,38.90429500006146],[-77.299040999745088,38.904157000217737],[-77.299366000333407,38.904052999975946],[-77.299850000032094,38.903880999725679],[-77.300139999561992,38.903778000148534],[-77.300330000431117,38.903710000128626],[-77.300676000037512,38.903586999844975],[-77.300799000061161,38.903543000214626],[-77.301144999667571,38.903414000187929],[-77.301577000386033,38.903252000066281],[-77.302354999812579,38.90296199980574],[-77.302441999851197,38.902928999795037],[-77.302562000400115,38.902890000271057],[-77.302662999784133,38.902851999710428],[-77.302815999945011,38.902809000008169],[-77.302897999960791,38.902791000092556],[-77.303431999888147,38.902711999787535]]},"properties":{"NAME":"State Rte 672","BASENAME":"672","MTFCC":"S1400"}},{"type":"Feature","geometry":{"type":"LineString","coordinates":[[-77.282094999664082,38.91389899971206],[-77.281728999966205,38.913661999968852],[-77.281584000201249,38.913404000109558],[-77.281604000292717,38.913127999920768],[-77.282124999801326,38.912433000153939],[-77.283171999739693,38.911073999674507],[-77.283263999801193,38.910964999834803],[-77.283391999847723,38.910839999697224],[-77.28353999998572,38.910721999846253],[-77.283704000017238,38.910605000072835],[-77.283847000132383,38.910480000000241],[-77.283957999562148,38.910362000249812],[-77.284166999799524,38.910086999696922],[-77.28450099971036,38.909619000152432]]},"properties":{"NAME":"Kedge Dr","BASENAME":"Kedge","MTFCC":"S1400"}},{"type":"Feature","geometry":{"type":"LineString","coordinates":[[-77.24470799968465,38.894775999725937],[-77.245089000349466,38.89506400027296]]},"properties":{"NAME":"Kerge Ct SE","BASENAME":"Kerge","MTFCC":"S1400"}},{"type":"Feature","geometry":{"type":"LineString","coordinates":[[-77.260842000003919,38.875353000324793],[-77.261332000448675,38.875753999669946]]},"properties":{"NAME":"Tourmaline Way","BASENAME":"Tourmaline","MTFCC":"S1400"}},{"type":"Feature","geometry":{"type":"LineString","coordinates":[[-77.288451999637374,38.91210600010281],[-77.288263000389804,38.912800000033023],[-77.288132999795153,38.913303999678909],[-77.28810900040402,38.913423999899187],[-77.288107999680804,38.913548000146655],[-77.288125000297555,38.913644000009114],[-77.288161000282571,38.913730999772284],[-77.2882199998338,38.91381999988559],[-77.288301999849566,38.913901999694893],[-77.288403000131893,38.91398100012907],[-77.288818000233604,38.914228999858999],[-77.289018000250124,38.914356000061566]]},"properties":{"NAME":"Helmwood Ct","BASENAME":"Helmwood","MTFCC":"S1400"}},{"type":"Feature","geometry":{"type":"LineString","coordinates":[[-77.278975999590287,38.88725900002536],[-77.278895000297751,38.887122999748676],[-77.278800999688102,38.887017999824813],[-77.278758000030408,38.886966999665994],[-77.278691999908148,38.886927999766591],[-77.278625999785916,38.886916000169755],[-77.278554999640804,38.8869320000979],[-77.278173000049378,38.887139000329441]]},"properties":{"NAME":"Salem Oak Ln","BASENAME":"Salem Oak","MTFCC":"S1400"}},{"type":"Feature","geometry":{"type":"LineString","coordinates":[[-77.24440800010899,38.877788999928143],[-77.244054000106658,38.878401000153339]]},"properties":{"NAME":"Morada Ct","BASENAME":"Morada","MTFCC":"S1400"}},{"type":"Feature","geometry":{"type":"LineString","coordinates":[[-77.251376999827471,38.887846000325048],[-77.251785000256476,38.887564999870754],[-77.251914999952817,38.887466999903779],[-77.252012000037197,38.887376999715109],[-77.252084999832135,38.887288999917651],[-77.252150000129461,38.887181999730998],[-77.252193999612075,38.887071999665189],[-77.252219999551343,38.886957999798668],[-77.252226000297426,38.886799000323336],[-77.252212000053731,38.886626000322856],[-77.252133000411021,38.885393999793507],[-77.252144000281675,38.885294999697599],[-77.252176000068715,38.885188999936489],[-77.252223999749305,38.885089000320264],[-77.25236500021461,38.884889999903109],[-77.252505999781604,38.884692000266554],[-77.252541999766621,38.884619999689782],[-77.252570000254011,38.884520999913924],[-77.252578999576542,38.884422999943403],[-77.252570000254011,38.884318000224503],[-77.252540999941701,38.884214000296723],[-77.252494000086045,38.884119999693119],[-77.252428999788719,38.884032000056827],[-77.252350000145995,38.883954999761166],[-77.251602999783287,38.883357999895345],[-77.251468000064079,38.883221999842782],[-77.251446000322758,38.883195000212751],[-77.251341999667375,38.883058999848238],[-77.251239999560113,38.882890999655508],[-77.251165000115364,38.882730000234403],[-77.251115999711558,38.882588999833665],[-77.251052000137463,38.882279000339324],[-77.251006999931604,38.882158999923845],[-77.250924000090947,38.882022999674135],[-77.250846000273128,38.88192899966819],[-77.250739999967934,38.881831000318137],[-77.250719999876438,38.881816999900465],[-77.250626999990033,38.881749999811404],[-77.250498999943517,38.881678999731633],[-77.250382999592546,38.881628999918476],[-77.250259999568897,38.881583999986596],[-77.250201000017682,38.881563000334999],[-77.250027999765308,38.881499999944339],[-77.249701000425475,38.881381000297196],[-77.249555999762208,38.88133000028752],[-77.247589999931989,38.880613999811047],[-77.247517999961957,38.880605999835339],[-77.247451999839726,38.880610999820263],[-77.247419000227765,38.880618999795466]]},"properties":{"NAME":"Ross Dr SW","BASENAME":"Ross","MTFCC":"S1400"}},{"type":"Feature","geometry":{"type":"LineString","coordinates":[[-77.282128000174367,38.884790999804203],[-77.28208899981631,38.884612000165113],[-77.282081000318698,38.88449000030888],[-77.282154000113636,38.884335999927615],[-77.282271000289498,38.884166000063558]]},"properties":{"NAME":"Oakton Park Ct","BASENAME":"Oakton Park","MTFCC":"S1400"}},{"type":"Feature","geometry":{"type":"LineString","coordinates":[[-77.26030899990144,38.876644999821259],[-77.260196999748445,38.876722999698302],[-77.259271000183901,38.877436000093667],[-77.258882999846378,38.877733999988045],[-77.258634000324363,38.87791500024084],[-77.258562000354345,38.877958000329727],[-77.258445000178469,38.878013000096459],[-77.258312000109086,38.878057000158933],[-77.258189999910357,38.878084000342724],[-77.258050000168268,38.878099000129602],[-77.25717399993411,38.878149000328676],[-77.257091999918359,38.878141000075438],[-77.257011999552404,38.87811599997746],[-77.256949999628134,38.878082000277672],[-77.255952999918463,38.877163000091045],[-77.255891999819113,38.877120000220472],[-77.255779999666103,38.877063999715688]]},"properties":{"NAME":"Elsmore St","BASENAME":"Elsmore","MTFCC":"S1400"}},{"type":"Feature","geometry":{"type":"LineString","coordinates":[[-77.251049999589327,38.89733700006677],[-77.250399000384391,38.896858999888906],[-77.250382999592546,38.896846999872302],[-77.249701000425475,38.896318999930479],[-77.249630000280376,38.896262999875866],[-77.249620000234643,38.89624499969915],[-77.249436000111601,38.896104000254233],[-77.248852999780425,38.895675999917202],[-77.248716000411378,38.895560000302886],[-77.248282999868024,38.895227999780957],[-77.248102999942972,38.895099000029198],[-77.247805999842043,38.894864000036435],[-77.24652299990214,38.893872999885318],[-77.246485000267299,38.893836999714104],[-77.246255000113521,38.893660000121635],[-77.246147000158487,38.893597999784788],[-77.245664000284734,38.893226999942542],[-77.245528999667201,38.893121999951923],[-77.245404999818632,38.893015000161391],[-77.245362000160952,38.892977999732345],[-77.245282999619917,38.892909999857359],[-77.245045999793447,38.892737000056677],[-77.245033000272969,38.892725999869171],[-77.244982000219338,38.892683000327615],[-77.244931999990641,38.892648999907472],[-77.244875000089223,38.892628999858346]]},"properties":{"NAME":"Glyndon St SE","BASENAME":"Glyndon","MTFCC":"S1400"}},{"type":"Feature","geometry":{"type":"LineString","coordinates":[[-77.27531199971844,38.91971499988751],[-77.275313000441685,38.919579000262608],[-77.275335000182977,38.919477999997369],[-77.275371999992899,38.919382999789654],[-77.275431000442438,38.919283000095739],[-77.275508000435337,38.919189999932428],[-77.275709000276791,38.918991000015268],[-77.276368999702555,38.918359999720366],[-77.276461999588975,38.918294000021085],[-77.276572000092159,38.918236999659563],[-77.27668400024514,38.91819900032506],[-77.27679399985,38.918178999784232],[-77.276906000002981,38.918174000347136],[-77.277013999958029,38.918182000285086],[-77.277128999585756,38.91820499992707],[-77.277496999831783,38.918342000253247],[-77.278188000117993,38.918603000117258],[-77.278614000090343,38.918761999676292],[-77.278850999916813,38.91883600020239],[-77.278988000184157,38.918872000279286],[-77.279779000029492,38.919047999771124],[-77.279883999611485,38.919082000130921],[-77.279963999977426,38.919123000152588],[-77.280027999551521,38.919169000216897],[-77.2801809997124,38.919298000268498]]},"properties":{"NAME":"Baton Dr","BASENAME":"Baton","MTFCC":"S1400"}},{"type":"Feature","geometry":{"type":"LineString","coordinates":[[-77.257365999554736,38.87720299980095],[-77.257441999722715,38.877128999935309],[-77.257507999844961,38.877044000174081],[-77.257563000096539,38.876937999992165],[-77.25762900021877,38.876751999792184]]},"properties":{"NAME":"Greer Ct","BASENAME":"Greer","MTFCC":"S1400"}},{"type":"Feature","geometry":{"type":"LineString","coordinates":[[-77.274378999582893,38.879878999676841],[-77.274332999552144,38.880135999678615],[-77.274309000160997,38.880453000125598],[-77.274151999802172,38.880739000014621],[-77.274017000082949,38.880906999701253],[-77.27389700043237,38.880995999703138],[-77.273654999684709,38.881141999716249],[-77.273108000236846,38.880652999679981],[-77.272954000251062,38.880381000148169],[-77.272888000128802,38.880160999765202],[-77.272856000341775,38.879960000218496]]},"properties":{"NAME":"Lagersfield Cir","BASENAME":"Lagersfield","MTFCC":"S1400"}},{"type":"Feature","geometry":{"type":"LineString","coordinates":[[-77.252068000113695,38.919488000085401],[-77.252156999802153,38.919599999856857],[-77.252232000145241,38.919703999686007],[-77.252260999559226,38.919756999688168],[-77.252272000328205,38.919814000226502],[-77.252265999582093,38.919871000020187]]},"properties":{"NAME":"Longview Ct NE","BASENAME":"Longview","MTFCC":"S1400"}},{"type":"Feature","geometry":{"type":"LineString","coordinates":[[-77.238852000026768,38.922550000175228],[-77.238974000225525,38.922228999875209],[-77.239135999708893,38.921902000231739]]},"properties":{"NAME":"Tyvale Ct","BASENAME":"Tyvale","MTFCC":"S1400"}},{"type":"Feature","geometry":{"type":"LineString","coordinates":[[-77.273516999592459,38.897251000248737],[-77.27353099983614,38.897360999932374],[-77.273581999889785,38.898100999731156],[-77.273591999935519,38.898172000177524],[-77.273600000331442,38.898228000124988],[-77.27361299985192,38.898477000105785],[-77.273661000430806,38.899018000171353],[-77.273689999844805,38.899437000257421],[-77.273729000202863,38.900139999901747],[-77.273738000423705,38.900174999952732],[-77.273746999746209,38.90045999972596],[-77.273785000279361,38.900901000336432],[-77.273827999937055,38.901519000326097],[-77.273848999853456,38.901602000065466],[-77.273875999617644,38.90197100010738],[-77.273882000363756,38.902104999829859],[-77.273888000211528,38.902200999788533],[-77.273884000013567,38.90232200029434],[-77.273874999792739,38.902462000287194],[-77.27387999981562,38.902804999871961],[-77.27387700034086,38.902890000271057],[-77.273872000317994,38.903104999674852],[-77.273838999807722,38.903304999771329],[-77.273690999669725,38.904042000143114]]},"properties":{"NAME":"Lewis St NW","BASENAME":"Lewis","MTFCC":"S1400"}},{"type":"Feature","geometry":{"type":"LineString","coordinates":[[-77.26413500015498,38.875402000287622],[-77.264243999934934,38.875467999998669],[-77.264387999874984,38.875544000331679],[-77.26449800037814,38.875612000045479],[-77.264566000150211,38.875672999928788],[-77.264621000401803,38.875743999715539],[-77.264647000341057,38.875789999913778],[-77.264909000281889,38.876399999758206],[-77.264983999726653,38.876565999804683],[-77.265033000130444,38.876673999946917],[-77.265062000442754,38.8767389998239],[-77.265315999987664,38.877267999893384],[-77.26532100001053,38.877322000150912],[-77.26530400029209,38.877371000154845],[-77.265270999781833,38.877419000083137],[-77.265211000405671,38.877490000223538]]},"properties":{"NAME":"Zimpel Dr","BASENAME":"Zimpel","MTFCC":"S1400"}},{"type":"Feature","geometry":{"type":"LineString","coordinates":[[-77.238544999880105,38.921731000016855],[-77.23898500009615,38.921849999850302],[-77.239079999632395,38.921879999806222],[-77.239135999708893,38.921902000231739],[-77.239194000333541,38.921926000179873],[-77.239390000152099,38.921990999882134],[-77.239590000168661,38.922063999724102],[-77.2396780000322,38.92211399972571],[-77.239760000047966,38.922176999733431]]},"properties":{"NAME":"Tyspring St","BASENAME":"Tyspring","MTFCC":"S1400"}},{"type":"Feature","geometry":{"type":"LineString","coordinates":[[-77.241423999754389,38.916071000222061],[-77.241078000147994,38.915927999911212],[-77.240690999635376,38.91569799997005]]},"properties":{"NAME":"Pollard Ter","BASENAME":"Pollard","MTFCC":"S1400"}},{"type":"Feature","geometry":{"type":"LineString","coordinates":[[-77.285850999597443,38.88460100011789],[-77.285700999809606,38.884425999773242],[-77.28539899968581,38.884051999729486],[-77.285073999995802,38.883647999796096]]},"properties":{"NAME":"Hidden Rd","BASENAME":"Hidden","MTFCC":"S1400"}},{"type":"Feature","geometry":{"type":"LineString","coordinates":[[-77.27755100025847,38.880118000310119],[-77.277839000138556,38.88017299980369],[-77.277861999704768,38.88017299980369]]},"properties":{"NAME":"Masterworks Dr","BASENAME":"Masterworks","MTFCC":"S1400"}},{"type":"Feature","geometry":{"type":"LineString","coordinates":[[-77.240135999791605,38.917359000016781],[-77.239725999712775,38.917607999999312],[-77.239267000128464,38.917799999793409]]},"properties":{"NAME":"Jeffersonian Ct","BASENAME":"Jeffersonian","MTFCC":"S1400"}},{"type":"Feature","geometry":{"type":"LineString","coordinates":[[-77.283021999951856,38.914589000111981],[-77.283069999632431,38.914593999801696],[-77.283115999663181,38.914583999722986],[-77.28322299979331,38.914528000094691],[-77.283476000411625,38.914350999656151]]},"properties":{"NAME":null,"BASENAME":null,"MTFCC":"S1400"}},{"type":"Feature","geometry":{"type":"LineString","coordinates":[[-77.283871000421826,38.907533999687949],[-77.284425000440706,38.907520000142],[-77.28461100021353,38.90752799988288]]},"properties":{"NAME":"Clyde Ct","BASENAME":"Clyde","MTFCC":"S1400"}},{"type":"Feature","geometry":{"type":"LineString","coordinates":[[-77.283851000330344,38.884114999955116],[-77.283929000148149,38.884367000299129],[-77.283955000087417,38.88449500002055],[-77.283975000178913,38.88454399997304],[-77.284008999615779,38.88460100011789],[-77.28405899984449,38.884663999856699],[-77.284098000202547,38.884699999782278],[-77.284136999662294,38.884728000177944],[-77.28431300028771,38.884798000069978]]},"properties":{"NAME":"Sutton Woods Ct","BASENAME":"Sutton Woods","MTFCC":"S1400"}},{"type":"Feature","geometry":{"type":"LineString","coordinates":[[-77.242110999842652,38.914758999849077],[-77.241898000305639,38.914856999898994],[-77.241991000192073,38.914967999777794],[-77.243536999897714,38.915817000135981],[-77.243591000324386,38.915832999843516],[-77.24365400007359,38.915835999744601],[-77.243712999624819,38.915824000139551],[-77.243751000157957,38.9158089999314],[-77.243770000424533,38.915797000321739]]},"properties":{"NAME":"Saratoga Waye NE","BASENAME":"Saratoga Waye","MTFCC":"S1400"}},{"type":"Feature","geometry":{"type":"LineString","coordinates":[[-77.279669000424633,38.876748000286341],[-77.279495000347367,38.876699999904837],[-77.279175999606821,38.876705000164648],[-77.27910899965967,38.876894999985439],[-77.2787799997717,38.87690000023148],[-77.278782000319836,38.876723999749963]]},"properties":{"NAME":"Sutton Green Ct","BASENAME":"Sutton Green","MTFCC":"S1400"}},{"type":"Feature","geometry":{"type":"LineString","coordinates":[[-77.288813000210723,38.883062999698126],[-77.288482999599509,38.883051000147745],[-77.288301000024646,38.883023999753398],[-77.288240999750187,38.8830130001596]]},"properties":{"NAME":"Miles Stone Ct","BASENAME":"Miles Stone","MTFCC":"S1400"}},{"type":"Feature","geometry":{"type":"LineString","coordinates":[[-77.277255999807352,38.922039999822644],[-77.277245999761618,38.921909999749403],[-77.277284000294756,38.921589000048343]]},"properties":{"NAME":"Alto Ct","BASENAME":"Alto","MTFCC":"S1400"}},{"type":"Feature","geometry":{"type":"LineString","coordinates":[[-77.261769000291693,38.882984999787318],[-77.261617999780626,38.882864999864921],[-77.261482000236512,38.882760999908072],[-77.261394000372974,38.88272099983034],[-77.261237000014134,38.882689000171517],[-77.261100999571681,38.88271300009179],[-77.261016999906104,38.882749000306696],[-77.260903999928203,38.882933000265389]]},"properties":{"NAME":"Kings Way Ct SW","BASENAME":"Kings Way","MTFCC":"S1400"}},{"type":"Feature","geometry":{"type":"LineString","coordinates":[[-77.244778000004843,38.875662999962934],[-77.24488000011209,38.875414999801116],[-77.244891999807663,38.875345999827793],[-77.244887999609702,38.875282000147422],[-77.244853000347916,38.875112000301272],[-77.244742999844746,38.874609000292033]]},"properties":{"NAME":"Schafflind Ct","BASENAME":"Schafflind","MTFCC":"S1400"}},{"type":"Feature","geometry":{"type":"LineString","coordinates":[[-77.257368999927778,38.917742000259842],[-77.256840999848194,38.917782999657859],[-77.256383999913695,38.917832999880453],[-77.256085000162955,38.917879000082074],[-77.255813000176389,38.917933000219904],[-77.255675000084125,38.917963999905119],[-77.255413999968212,38.918028000272088],[-77.255173999768701,38.918094999687945],[-77.25483999985785,38.918203999760451],[-77.254505000122094,38.918333000168523],[-77.254202999998313,38.918465000131995],[-77.253638000108779,38.91873400011827],[-77.252068000113695,38.919488000085401],[-77.251387999698139,38.919816999959302],[-77.251196000077499,38.919931000194921],[-77.251001999908752,38.920070000265113],[-77.250869999664275,38.920176999821905],[-77.250765999907202,38.920271000226883],[-77.250628999639858,38.920415000308445],[-77.250509999814156,38.920566000332435],[-77.250264999591778,38.920923000203508]]},"properties":{"NAME":"Westwood Dr NE","BASENAME":"Westwood","MTFCC":"S1400"}},{"type":"Feature","geometry":{"type":"LineString","coordinates":[[-77.267470000138871,38.879130000083869],[-77.267547999956676,38.87927999979803],[-77.267597000360468,38.879342000044282],[-77.267659000284752,38.879394000096276],[-77.267751000346266,38.879448000136918],[-77.267843000407765,38.879482999895295],[-77.267936000294199,38.879502000136533],[-77.26798300014984,38.879507000199141],[-77.268086000082008,38.879509000224147],[-77.268194000037042,38.879494000035564],[-77.268290000296517,38.879465999675134],[-77.268379999809881,38.879421999785748],[-77.26845599997786,38.879367999725403],[-77.268517999902144,38.879304000170443],[-77.268564999757814,38.879226000329034],[-77.268590999697068,38.879150999755247],[-77.268599000093005,38.879066000314609],[-77.268585999674201,38.878987000192168],[-77.268557000260216,38.878915000127968],[-77.268508999681302,38.878845000034453],[-77.268449000305168,38.878787000144527],[-77.268378999984961,38.8787389997416],[-77.268285000273636,38.878696000125295],[-77.268218000326485,38.87867600034371],[-77.26804699972395,38.878631999965165]]},"properties":{"NAME":null,"BASENAME":null,"MTFCC":"S1630"}},{"type":"Feature","geometry":{"type":"LineString","coordinates":[[-77.249256000186563,38.898772999654682],[-77.248918000077751,38.898561000348799],[-77.248846000107733,38.898493999971578],[-77.248810999947636,38.898452000172433]]},"properties":{"NAME":"Cooper Ct SE","BASENAME":"Cooper","MTFCC":"S1400"}},{"type":"Feature","geometry":{"type":"LineString","coordinates":[[-77.271106000421611,38.903535999698953],[-77.271079999584032,38.9031979999436],[-77.27107200008642,38.90302399965725],[-77.27105899966763,38.902888999888617],[-77.271033999553282,38.902640999686191],[-77.271026999880576,38.902499999658367],[-77.271019000382978,38.902440999816513],[-77.270994000268615,38.902161000171077],[-77.270949999887691,38.901776000341222],[-77.27093399999417,38.901404999877371],[-77.27094499986481,38.901319000092307],[-77.270954999910558,38.901276999866795],[-77.271005999964189,38.901154000261862],[-77.271294999669195,38.900565999769213],[-77.271402999624215,38.900345999674272],[-77.271426999913672,38.900297000135524],[-77.271636000151034,38.899853999817175],[-77.27167200013605,38.899786000233739],[-77.271801999832391,38.899542000000032],[-77.271997999650978,38.899122999834397],[-77.272268999812624,38.898609999687267],[-77.27236400024718,38.898469999789747],[-77.272551999669844,38.898255000333606],[-77.272597999700608,38.898208999997969],[-77.272677000241615,38.898130000187926],[-77.273049999612212,38.897731999852496],[-77.273160999940288,38.897624000258567],[-77.273516999592459,38.897251000248737],[-77.273556999775423,38.897208999714429],[-77.273898000257262,38.89684999987665],[-77.274121999664942,38.896621000112908],[-77.274787999836803,38.89592099993245],[-77.274905999837586,38.895805000019159],[-77.274988999678257,38.895736000270198],[-77.275017000165661,38.895711999855401],[-77.275121999747654,38.895623999896536],[-77.275592999925834,38.89525000007837],[-77.275606000344638,38.895220000052497],[-77.275766000178209,38.895092000079337],[-77.275942999730205,38.894949999948473],[-77.276237000356389,38.894713999664198],[-77.276541999954915,38.894481000098452]]},"properties":{"NAME":"Windover Ave NW","BASENAME":"Windover","MTFCC":"S1400"}},{"type":"Feature","geometry":{"type":"LineString","coordinates":[[-77.240873000108593,38.894285000234859],[-77.240566999786822,38.894785000001072],[-77.2404379999154,38.895020000255236]]},"properties":{"NAME":"Augustus Ct","BASENAME":"Augustus","MTFCC":"S1400"}},{"type":"Feature","geometry":{"type":"LineString","coordinates":[[-77.240683000137778,38.917671999988407],[-77.239845000436787,38.916458999985444],[-77.239815000299558,38.916414999945999]]},"properties":{"NAME":"Battery Park St","BASENAME":"Battery Park","MTFCC":"S1400"}},{"type":"Feature","geometry":{"type":"LineString","coordinates":[[-77.239014000408488,38.915763999986865],[-77.238805000171098,38.915395999851341],[-77.238696000391158,38.915193000340793],[-77.238580000040201,38.914960999689853],[-77.238324999772075,38.91449199991095],[-77.238185000030001,38.914218999728803],[-77.238129999778423,38.914102999653544],[-77.238060000356512,38.913969999737688],[-77.238020999998469,38.913871000332229],[-77.237988000386508,38.913708000078259],[-77.237980999815505,38.91362400028148],[-77.237979999990571,38.913602000085284],[-77.23799599988412,38.913497000166963],[-77.238029000394391,38.913399999871352],[-77.238078999724777,38.913306000150243],[-77.238148000220065,38.913212000304583],[-77.238328999970037,38.912994000034679],[-77.238868999745208,38.912344999948488],[-77.239083000005465,38.912090000254047],[-77.239156999625294,38.912013999874603],[-77.23926799995337,38.911925999848663],[-77.239385000129246,38.911856000131365],[-77.239505999604759,38.911802000262334],[-77.239591999818472,38.911774000055175],[-77.239744000154445,38.911737999872436],[-77.239913000208844,38.91171800030672],[-77.240022999813704,38.91171800030672],[-77.240109000027431,38.911721999940717],[-77.240699000031299,38.911807999706149],[-77.240934000207943,38.911845999666809],[-77.241369000401122,38.911908999703989],[-77.241716999657356,38.911977999813651],[-77.241824999612405,38.91200799974925],[-77.242464000020078,38.912249999977483],[-77.242888000342589,38.912405000195712],[-77.243091999658787,38.912493000326762],[-77.2431629998039,38.912535999755391],[-77.243233000124107,38.912600999671312],[-77.243664000119324,38.913135999728631],[-77.244027000342484,38.91361700006091]]},"properties":{"NAME":"Horse Shoe Dr","BASENAME":"Horse Shoe","MTFCC":"S1400"}},{"type":"Feature","geometry":{"type":"LineString","coordinates":[[-77.272815000333878,38.893047999885297],[-77.273026000221094,38.892916000198532],[-77.273129999978153,38.892820000272309],[-77.273345999888221,38.892620000009174],[-77.273588999562463,38.892394999913989],[-77.273632999943388,38.8923760003239],[-77.273684999821938,38.89236999993711],[-77.273735999875555,38.892378999817957]]},"properties":{"NAME":"Roland St SW","BASENAME":"Roland","MTFCC":"S1400"}},{"type":"Feature","geometry":{"type":"LineString","coordinates":[[-77.250308000147811,38.90035400022353],[-77.250684999716341,38.900530000194337],[-77.250739000143014,38.900564000337063],[-77.250786999823589,38.900609999846253],[-77.250825000356741,38.900673000067904]]},"properties":{"NAME":"Troy Ct SE","BASENAME":"Troy","MTFCC":"S1400"}},{"type":"Feature","geometry":{"type":"LineString","coordinates":[[-77.282672999972419,38.910796999940096],[-77.283171999739693,38.911073999674507],[-77.283446000274381,38.911236000120894],[-77.283524999917105,38.911299000000497],[-77.283564000275163,38.911339000061481],[-77.283725999758559,38.911527999957187],[-77.283828999690726,38.911610000317587],[-77.283943000391844,38.911672999865239],[-77.284175000195447,38.911758999690029],[-77.284278000127614,38.911810000219603],[-77.284367999640978,38.911870999777008],[-77.284439999610996,38.911938000112777],[-77.284503000258496,38.912016999937123],[-77.284551999763991,38.912107999908905],[-77.284581999901221,38.912209999730955],[-77.284612999863356,38.912285999900526],[-77.284667000290028,38.91236999988287],[-77.284731999689043,38.912442000287911],[-77.284817000077865,38.912510999879416],[-77.284913000337326,38.912566999701198],[-77.285010000421707,38.912606999746536],[-77.285119000201661,38.912637999661349],[-77.28552799955726,38.912697999660871],[-77.285755000236293,38.912735000299385],[-77.285839999726775,38.912752000246215],[-77.286173999637626,38.91283899970481],[-77.286207000147897,38.912852000056631],[-77.286290999813488,38.912894999966795],[-77.286368999631293,38.912952999966834],[-77.286433000103713,38.913023000000202],[-77.286476999586327,38.913097000219985],[-77.286503000423906,38.913176000152284],[-77.286542999708573,38.913590000102445],[-77.286537999685692,38.913669000184981],[-77.286515000119479,38.913754000157788],[-77.286469999913635,38.913839000028844]]},"properties":{"NAME":"Meadow Valley Dr","BASENAME":"Meadow Valley","MTFCC":"S1400"}},{"type":"Feature","geometry":{"type":"LineString","coordinates":[[-77.257982000396197,38.90733800020125],[-77.259498999789542,38.908276000331952],[-77.259892000149932,38.908521999817076],[-77.260383000419608,38.908814999932822],[-77.260775999881673,38.909060000050651],[-77.260797999622994,38.909073999991911],[-77.26147999968839,38.909471999663211],[-77.261972999607877,38.909766999923782],[-77.262393999557361,38.910005999956269],[-77.262634999581778,38.910159000320853],[-77.262760000153563,38.910221999758335],[-77.262873000131478,38.910286999696332],[-77.263047000208743,38.910387999761447],[-77.263243999852236,38.91052499980011],[-77.2635869999839,38.910739999848026],[-77.263968999575312,38.910972999886454],[-77.264428000057947,38.911260999746979],[-77.264632000272442,38.911398999761111],[-77.264734000379718,38.911481000270541],[-77.264826000441204,38.91158000021376],[-77.264900000061061,38.911690000066429],[-77.264970000381254,38.911848000179241],[-77.265050999673804,38.912104000296658],[-77.265294000246357,38.912876000269762],[-77.265412000247139,38.913330999746179],[-77.265440999661138,38.913425000133167],[-77.265521000027093,38.913623000050308],[-77.265640999677672,38.913868000348081],[-77.265741000135108,38.914058000025229],[-77.266384999667352,38.915368999870751],[-77.266435999720983,38.915487999889393],[-77.266501999843214,38.915616000138996],[-77.266556000269873,38.915762999785905],[-77.266593000079808,38.915866000146302],[-77.266649000156306,38.916005999989402],[-77.266709000430751,38.916156000113894],[-77.266809999814768,38.916344000269575],[-77.266967999998528,38.91661699996579],[-77.267038000318735,38.916778000154586],[-77.267060000060042,38.916824000341123],[-77.267481000009511,38.917451999784056],[-77.267573000071025,38.917534000289443],[-77.267618000276855,38.917602000346818],[-77.267845000057591,38.917947999979084],[-77.268228000372233,38.918527999885072],[-77.268955999570053,38.919635000098616],[-77.269107999906026,38.919889999941248],[-77.270039000391762,38.921262000250856],[-77.271614000409741,38.923657999930747],[-77.272164000230617,38.92451799990863],[-77.27261699996717,38.925154999665494],[-77.272831000227427,38.925492999695557],[-77.273236000283376,38.926107999969709],[-77.273359000307011,38.926300999878194],[-77.273395000292027,38.926412000025913],[-77.273664999730443,38.926823000193856],[-77.273679999799057,38.926852000098783],[-77.273694999867686,38.926917000179969],[-77.273689999844805,38.926985000330198],[-77.273665999555362,38.927046000121692],[-77.273222000039667,38.927729000346368],[-77.272851000318894,38.928320000230983],[-77.272226000154916,38.929313999669596],[-77.271819000449142,38.929966999702842],[-77.271617999709378,38.930279999961037],[-77.271571999678628,38.93033199975401],[-77.271504999731476,38.930385000202669],[-77.271523999998053,38.930545999898563],[-77.271556999610013,38.930667000301874],[-77.271928000229096,38.931911999745907],[-77.271996999826058,38.932101000052754],[-77.272094999735344,38.932300000234484],[-77.272206000063434,38.932478999854254],[-77.272313000193549,38.932615999870983],[-77.272934999984486,38.933351999899159],[-77.273071000426924,38.933518000300666],[-77.273434999576693,38.933976000016607],[-77.273493000201313,38.934086000090687],[-77.273852000226512,38.934428999880623],[-77.273954000333759,38.934519999760369],[-77.274246000411821,38.934784999935275],[-77.274377999757974,38.93491500017322],[-77.274530000093947,38.935084000196156],[-77.27461999960731,38.935205999772258],[-77.274647000269809,38.93524900011117],[-77.274720000064733,38.935391999913342],[-77.274865999654608,38.935671999829474],[-77.274909000210627,38.935768999724736],[-77.274973999609642,38.935885000016029],[-77.275058000173544,38.935994999924169],[-77.275155000257925,38.936086999805262],[-77.275252000342306,38.936157999988914],[-77.275356999924284,38.936214999927394],[-77.275484999970814,38.93626399982567],[-77.275616000390372,38.936299000231337],[-77.276193999800384,38.936403999947302],[-77.27638499959609,38.936429999699889],[-77.276521999863434,38.93643699976603],[-77.276737999773502,38.936431000308325],[-77.277326999952479,38.936417000174167],[-77.277403999945363,38.936424000241594],[-77.277545000410669,38.936449999986849],[-77.277649999992661,38.936481999875227],[-77.277747999901948,38.936523000322545],[-77.277880999971345,38.936610999890291],[-77.279234000231469,38.937701999873383],[-77.279702000036608,38.938083000225966],[-77.279933999840196,38.938266000157178],[-77.279949999733716,38.938280999809884],[-77.280090000374116,38.938418999679961],[-77.28049799990481,38.938904999878901],[-77.280671000157184,38.93913799966564],[-77.28114200033535,38.939685999792808],[-77.281380999811631,38.939976000217094],[-77.281386999659446,38.940021000176657],[-77.28175900010342,38.940455999710544],[-77.28186799988336,38.940577999826637],[-77.282035000287948,38.940764999700221],[-77.282113000105753,38.940841999874692],[-77.28226200006867,38.941013000135612],[-77.282379000244546,38.941131999763243],[-77.282546999575715,38.941358000338191],[-77.282663999751577,38.941516000064915],[-77.282708000132516,38.941602999887976],[-77.282746999592234,38.941713999844509],[-77.282866000316261,38.941965999780557],[-77.282946999608797,38.942138999783822],[-77.282990999989721,38.942232999733761],[-77.28308100040141,38.942425999782969],[-77.283161999693945,38.942598000238462],[-77.283288999915555,38.942871000218389],[-77.283305999633995,38.942910000129714],[-77.283374000304377,38.943071000038195],[-77.283396999870604,38.943106999694287],[-77.283449999574032,38.94314600017448],[-77.28347700023653,38.943207000040537],[-77.283517000419494,38.943341999969789],[-77.283545000008587,38.943504999914445],[-77.283545999833507,38.94365499988816],[-77.283526999566945,38.943794000283852],[-77.28342899965763,38.944142000330558],[-77.283288999915555,38.94454100012512],[-77.283210000272831,38.944802000015557],[-77.283107000340678,38.945067000192743],[-77.283030000347765,38.945240000314506],[-77.282925999692395,38.945452999706824],[-77.282776999729478,38.945929999822958],[-77.282734999896689,38.946105999953048],[-77.282713000155383,38.946283000115599],[-77.282708999957407,38.946456999832805],[-77.282719000003169,38.947277000002543],[-77.282740999744462,38.948063000042303],[-77.282748000315479,38.948497999837755],[-77.282774000254747,38.948606000264647],[-77.282811999889574,38.948695999679686],[-77.282855000445593,38.948765000341439],[-77.282927000415626,38.948837999874968],[-77.283026000149817,38.948903999800017],[-77.283128000257079,38.948948999681953],[-77.28324100023498,38.948981999949808],[-77.283367999558266,38.94900399965406],[-77.283538000335881,38.949012000306958],[-77.283582999643428,38.949018000097439],[-77.283622000001486,38.949018999829597],[-77.283786000033004,38.94902699978222],[-77.283960000110284,38.949046000277256],[-77.284078999935971,38.949072000284652],[-77.284169000347674,38.949106000226173],[-77.284266000432027,38.949158000187367],[-77.284339000226979,38.949218000041427],[-77.284401000151249,38.949288999651763],[-77.284448999831824,38.949375999716949],[-77.284678999985601,38.9499840002591],[-77.284694999879136,38.950051999949487],[-77.284698000252163,38.950140999908058],[-77.284678999985601,38.950248000212682],[-77.284612999863356,38.950463000049133],[-77.284575000228529,38.950557000139867],[-77.284488000189896,38.950708999978282],[-77.284371000014019,38.950887000229542],[-77.284309999914655,38.950982999865523],[-77.284248999815276,38.951065999737089],[-77.284175000195447,38.951166000034014],[-77.284042999950969,38.951313000067657],[-77.283909999881573,38.951436000061079],[-77.283782999659977,38.951530000258629],[-77.283693000146584,38.951585000323867],[-77.283550999856374,38.951659000141056],[-77.283404000441593,38.951718999973878],[-77.283247000082767,38.951769999721932],[-77.282944999958957,38.951846000127738],[-77.282143000242968,38.95207099969312],[-77.282022999694064,38.952123000273488],[-77.281846999966959,38.952228000308097],[-77.281568000307701,38.952439000293062],[-77.281406999750914,38.952561000047424],[-77.280867999800662,38.952933000304],[-77.280650000240783,38.953069999923436],[-77.280430000132753,38.953198999797195],[-77.280358999987641,38.953245000117782],[-77.279970999650118,38.953531000195909],[-77.279625999868628,38.953787999762795],[-77.279459000362365,38.953899000200856],[-77.279167000284318,38.954091999925531],[-77.279088999568188,38.954147999758128],[-77.27893799995546,38.954255999959003],[-77.278756000380582,38.954394000170183],[-77.278674000364802,38.954449000108589],[-77.278614000090343,38.954502999650984],[-77.278450999883745,38.954671000137438],[-77.278317999814334,38.954833000229371],[-77.278270000133773,38.95489900016063],[-77.278007000368035,38.955265999705176],[-77.277665000061276,38.955714999821637],[-77.277548999710319,38.955866999775054],[-77.277310000234039,38.956190999709037],[-77.27718999968512,38.956361000340955],[-77.277099000346823,38.95647899972623],[-77.276547999802702,38.957222999766877],[-77.276475000007764,38.957289999881986],[-77.276397000189959,38.957344000053716],[-77.276299000280673,38.957393000018733],[-77.275958999623739,38.957515000326154],[-77.275419999673474,38.957695000167085],[-77.275141000014216,38.957795000191631],[-77.27479000038494,38.957960999948696],[-77.274673000209077,38.958017999821905]]},"properties":{"NAME":"Beulah Rd NE","BASENAME":"Beulah","MTFCC":"S1400"}},{"type":"Feature","geometry":{"type":"LineString","coordinates":[[-77.281863999685413,38.919994000044284],[-77.281969000165702,38.92003500023786],[-77.282084999618348,38.920061999841032],[-77.28219900031948,38.920072999987084],[-77.282313000122286,38.920070000265113],[-77.282427999750013,38.920050999693316],[-77.28295300035488,38.919923999897605],[-77.283355000037801,38.919826999999607]]},"properties":{"NAME":"Cymbal Dr","BASENAME":"Cymbal","MTFCC":"S1400"}},{"type":"Feature","geometry":{"type":"LineString","coordinates":[[-77.272998999558581,38.881500999928775],[-77.272334999934856,38.880885999849568],[-77.272221000132035,38.880771999847084],[-77.27217699975111,38.880655999669045],[-77.272083000039785,38.880001999763735],[-77.272051000252731,38.879775000244543]]},"properties":{"NAME":"Pembsly Dr","BASENAME":"Pembsly","MTFCC":"S1400"}},{"type":"Feature","geometry":{"type":"LineString","coordinates":[[-77.281174000122405,38.888205000226343],[-77.281169999924458,38.888131999822718],[-77.281174000122405,38.888099999804069],[-77.281210000107421,38.888059000043221],[-77.281501000360549,38.887811999687159],[-77.281662999843959,38.887684000348109],[-77.281817999654663,38.887557999877565],[-77.281955999746913,38.887416000067255],[-77.282053999656213,38.887299000345124],[-77.282159999961422,38.887157999921854],[-77.282256000220869,38.887061999905008]]},"properties":{"NAME":"Cheriton Ct","BASENAME":"Cheriton","MTFCC":"S1400"}},{"type":"Feature","geometry":{"type":"LineString","coordinates":[[-77.25576999962037,38.894847999797399],[-77.256003000147189,38.894712999865746],[-77.256244999996525,38.894556999671714],[-77.256448000386115,38.894408999654928],[-77.256634999983859,38.89425799991519],[-77.256742000113988,38.894163000210725],[-77.256926000236987,38.893986000032399],[-77.257100000314267,38.893798000090634],[-77.257327999919909,38.893513999963865]]},"properties":{"NAME":"Elmar Dr SW","BASENAME":"Elmar","MTFCC":"S1400"}},{"type":"Feature","geometry":{"type":"LineString","coordinates":[[-77.276765000436001,38.87780699988658],[-77.276546999977782,38.87736099972863]]},"properties":{"NAME":"Jessica Ct","BASENAME":"Jessica","MTFCC":"S1400"}},{"type":"Feature","geometry":{"type":"LineString","coordinates":[[-77.286561999975149,38.88280599979376],[-77.286663000257477,38.883034000081935]]},"properties":{"NAME":null,"BASENAME":null,"MTFCC":"S1400"}},{"type":"Feature","geometry":{"type":"LineString","coordinates":[[-77.272483999897773,38.903601999839822],[-77.272759000257395,38.90314799989693]]},"properties":{"NAME":"Holmes Ct NW","BASENAME":"Holmes","MTFCC":"S1400"}},{"type":"Feature","geometry":{"type":"LineString","coordinates":[[-77.28360299973491,38.875715999975533],[-77.283687000298812,38.875849000215766],[-77.283679999727809,38.876074000265753]]},"properties":{"NAME":"Short Ct","BASENAME":"Short","MTFCC":"S1400"}},{"type":"Feature","geometry":{"type":"LineString","coordinates":[[-77.282805000216882,38.887687000040259],[-77.282679999645083,38.887577999956115],[-77.282515999613565,38.887395000041693],[-77.282442999818642,38.887302000053523],[-77.282292000205885,38.887106999863541],[-77.282256000220869,38.887061999905008],[-77.282020000219333,38.886772999865137],[-77.282015000196466,38.88675500008025],[-77.28196699961758,38.886683000195731],[-77.28181900037788,38.886535999767965],[-77.281651999973306,38.886369999937145],[-77.281492000139735,38.88622300026023],[-77.281003000418195,38.885820999932925],[-77.280836999838527,38.885693999728915],[-77.280666999959223,38.88555099976152],[-77.28060800040798,38.8854819998406],[-77.28056200037723,38.885402999858918],[-77.280519999646131,38.885002999656685],[-77.280420999911911,38.884204000134311],[-77.280341000444281,38.883440999881728],[-77.280254000405662,38.882697999880349],[-77.280246000009726,38.882537999991754],[-77.280208000374913,38.882181000073459],[-77.280189000108322,38.881998000242611],[-77.280170999666652,38.881922999797474],[-77.280143000077558,38.88169100021301],[-77.280112999940343,38.881437000197124],[-77.280109999567301,38.881284000178802],[-77.280087000001075,38.881107000075751],[-77.280076999955327,38.881032000088695],[-77.280050000191153,38.880911999665052],[-77.280037999597269,38.880816000299106],[-77.279770999633584,38.878342999901029],[-77.279676999922245,38.877717000048797],[-77.279590999708532,38.877188999870064],[-77.279603000302401,38.876954000069347],[-77.279669000424633,38.876748000286341],[-77.279688999617818,38.876704000112731],[-77.279722000128089,38.876653000242911],[-77.279770999633584,38.876577999750921],[-77.279801999595719,38.876549000285387],[-77.279921000319717,38.876472000272521],[-77.280037999597269,38.876376999860199],[-77.280118999788129,38.876323000283257],[-77.280219000245552,38.87626699984979],[-77.280336000421428,38.876211000071599],[-77.280440000178487,38.876170999803357],[-77.280801999678417,38.87606000011246],[-77.28095400001439,38.876032999859021],[-77.281307000191816,38.875927000267104],[-77.281549000041139,38.875864999838775],[-77.28172499976823,38.875828000267987],[-77.281883999776895,38.875805000184855],[-77.282005000150718,38.875796000302344],[-77.282154000113636,38.875796000302344],[-77.282498999895139,38.875814000066221],[-77.282913999996822,38.875836000082302],[-77.283088999899007,38.875829999697118],[-77.283205000249964,38.875814000066221],[-77.283230000364327,38.87581099987279],[-77.283513000221532,38.875746999911804],[-77.28360299973491,38.875715999975533],[-77.283644999567699,38.875701999751719],[-77.283704999842158,38.875671999862334],[-77.283923000300362,38.875523000293825]]},"properties":{"NAME":"Sutton Rd","BASENAME":"Sutton","MTFCC":"S1400"}},{"type":"Feature","geometry":{"type":"LineString","coordinates":[[-77.256255999867193,38.90011900014246],[-77.256344999555623,38.900101000244014],[-77.256428000294633,38.900069000024907],[-77.256500000264637,38.900023999888937],[-77.257398000240102,38.899307000028081]]},"properties":{"NAME":"Whispering Wind Ct SE","BASENAME":"Whispering Wind","MTFCC":"S1400"}},{"type":"Feature","geometry":{"type":"LineString","coordinates":[[-77.246276999854842,38.882505000280233],[-77.246870000231752,38.881444000094064],[-77.247288999633099,38.880705000171261],[-77.247333999838943,38.880660999650452],[-77.247395999763214,38.880626999769774],[-77.247419000227765,38.880618999795466]]},"properties":{"NAME":"George St SW","BASENAME":"George","MTFCC":"S1400"}},{"type":"Feature","geometry":{"type":"LineString","coordinates":[[-77.264167999766968,38.889831000059687],[-77.264495000005098,38.889670000283779],[-77.264576000195959,38.889639000128739],[-77.264734000379718,38.889593999676514],[-77.265101999727406,38.889525000186367],[-77.265175000420683,38.889505999828536],[-77.265305000117024,38.889459000246468],[-77.26543300016354,38.889395999865329],[-77.265801000409553,38.889154999922475],[-77.26588699972497,38.889104999776812],[-77.26601300012166,38.889046999871375],[-77.266151000213924,38.889000999864479],[-77.266246999575088,38.888976999970708],[-77.266398000086141,38.888953000068753],[-77.266543999676003,38.888945000332747],[-77.266690999989095,38.888949999730841],[-77.266834999929131,38.888969000237346],[-77.266972000196489,38.889000999864479],[-77.267126000182287,38.889039000145949],[-77.267849000255552,38.88922299989634],[-77.267998000218469,38.889246999707005],[-77.268158999876931,38.889255999983561],[-77.268317000060705,38.889248000281626],[-77.268466000023608,38.88922600022272],[-77.26869199997941,38.88916900029259]]},"properties":{"NAME":"Gibson Dr SW","BASENAME":"Gibson","MTFCC":"S1400"}},{"type":"Feature","geometry":{"type":"LineString","coordinates":[[-77.384808999867644,38.969740999894029],[-77.382443999829249,38.967863000339769],[-77.381977999673921,38.967540000166778],[-77.381935000016213,38.967480999930665],[-77.381908000252054,38.967445000082115],[-77.381720999755984,38.96729900015945],[-77.381617999823817,38.967258000050506],[-77.381561999747319,38.967251999708914],[-77.381471000409036,38.967214000094593],[-77.381415000332552,38.967176999935894],[-77.380190000118944,38.96621999974456],[-77.379701000397404,38.965873000027685],[-77.379605000137914,38.965805000151676],[-77.379369999961284,38.965634000329146],[-77.378748999995267,38.9651840000002],[-77.378237999634109,38.964813000003637],[-77.376959999717059,38.963873999797052],[-77.376126000214015,38.963268000134384],[-77.374460999784361,38.962020999664155],[-77.374126999873511,38.961785999847272],[-77.373401000325501,38.961260000214459],[-77.373113000445429,38.961029000315577],[-77.372926999774265,38.960856000312369],[-77.37283300006294,38.96078700024573],[-77.372685999749848,38.960679000219152],[-77.372588999665453,38.96060800014434],[-77.372414999588187,38.960481000324933],[-77.372319000227051,38.960415000004375],[-77.372052000263338,38.960259999909482],[-77.371945999958143,38.960197999776575],[-77.371858000094591,38.960135000014112],[-77.371670999598521,38.959989999970958],[-77.371111999556788,38.959587999677318],[-77.370854999638837,38.959402000145907],[-77.370473000047426,38.959114000133496],[-77.370401999902313,38.959059999913535],[-77.370149000182309,38.958874999986293],[-77.37008899990785,38.958832000005771],[-77.369894999739088,38.958692000164568],[-77.369474999614553,38.958388000175624],[-77.369000999961614,38.958052999966412],[-77.368712000256593,38.957866000291013],[-77.368472999882002,38.957725999938297],[-77.368220999986917,38.957591000159532],[-77.367805999885235,38.957369000196927],[-77.367626999785088,38.957286000022862],[-77.367246000018582,38.957133000002663],[-77.366646999793886,38.956912999942475],[-77.36613899980577,38.95675299966021],[-77.36564699971116,38.956609000005479],[-77.365265000119734,38.956515999883727],[-77.364911000117417,38.956444000201373],[-77.364598999947887,38.956390000042326],[-77.364184999671096,38.95632999997261],[-77.363784999638028,38.956286000215194],[-77.36361499975871,38.956271000180479],[-77.363391000351029,38.956263000346958],[-77.362722999631032,38.956260000059899],[-77.36196199992294,38.95625400018389],[-77.361561000064938,38.956273999768563],[-77.361000000373366,38.956324999731642],[-77.360700999724315,38.956365000252291],[-77.360520999799249,38.956401000142776],[-77.360184000413668,38.956453000340311],[-77.359641000265469,38.956562999772707],[-77.35926499962352,38.95664999999034],[-77.358437999793168,38.956840000343149],[-77.358165999806602,38.956892000218545],[-77.357901000391053,38.956933999660187],[-77.357580999825601,38.956977000093922],[-77.357270000379287,38.957008000179229],[-77.357107000172675,38.957023000057951],[-77.356714999637191,38.957039000251036],[-77.356300000433805,38.95704699999694],[-77.355927000164897,38.957039000251036],[-77.355563000116817,38.956993000297395],[-77.355240000076648,38.956944999676146],[-77.355209000114513,38.956940999797546],[-77.355055000128729,38.95691400026184],[-77.354851999739125,38.956877999933461],[-77.35449000023921,38.95681399969255],[-77.354251999689509,38.956781000277061],[-77.353870999923004,38.956685999735988],[-77.353413999988518,38.956549000121136],[-77.353203000101303,38.956482000004037],[-77.353029999848957,38.956414999823537],[-77.352665999800877,38.956260000059899],[-77.352548999625029,38.956205999760634],[-77.352321000019387,38.956085999957345],[-77.352059999903474,38.955948999881151],[-77.351980000435859,38.95589399970973],[-77.35187300030573,38.955795999768483],[-77.351753999581732,38.955716000157899],[-77.351664000068354,38.955689999793478],[-77.351638999953991,38.955681999894381],[-77.350959000436745,38.95530400013952],[-77.350605000434427,38.955113000213608],[-77.350298000287751,38.954955999702548],[-77.349273000090676,38.954481999911472],[-77.34901899964747,38.95437699972338],[-77.348662999995327,38.954245999882623],[-77.348369000267454,38.954159000206538],[-77.347631999950494,38.953918000088507],[-77.34746000042135,38.953866999790343],[-77.347130999635056,38.953751999942099],[-77.346825000211624,38.953653000166312],[-77.346702000187975,38.953609999811334],[-77.346205999895417,38.953436000188056],[-77.345777000448351,38.953305999676807],[-77.345485000370303,38.953206000303503],[-77.345214000208628,38.953132999679902],[-77.345035000108496,38.953093999803976],[-77.344803000304907,38.953035999787588],[-77.344655999991815,38.952994000131547],[-77.344528999770219,38.952948000346602],[-77.344445000104614,38.952910999723429],[-77.344316000233192,38.952855000310592],[-77.344149999653524,38.952797999777466],[-77.343408000211994,38.952580000293779],[-77.343108999562929,38.95249700009942],[-77.342552000069333,38.952342000149528],[-77.34208799956383,38.952220999705141],[-77.341489000237445,38.952036000087098],[-77.341129000387326,38.951930999768052],[-77.341016000409425,38.951898000174609],[-77.340807999996954,38.951842999653664],[-77.340002999907924,38.951613999883818],[-77.339890999754928,38.951588000110299],[-77.338211000154971,38.951121999864874],[-77.336339000036077,38.950589999659087],[-77.336046000133123,38.950511999881584],[-77.335892999972245,38.950467000293351],[-77.335760999727768,38.950434000018248],[-77.335639000427349,38.950404999975497],[-77.335057999745985,38.950231999883606],[-77.332551000315689,38.949518999672321],[-77.332497999713922,38.949515000073227],[-77.332361000344875,38.949482000053521],[-77.332132000016017,38.949420000271331],[-77.331300000162798,38.949158000187367],[-77.330986000343444,38.949046000277256],[-77.330601000378977,38.94889599983356],[-77.330339000438173,38.9487870001131],[-77.330026000443709,38.948638000256075],[-77.32951000005967,38.948370000231357],[-77.329207999935889,38.948199999992831],[-77.328976999957206,38.948058999662408],[-77.328567999703296,38.94779299974207],[-77.328365000212031,38.947645000341744],[-77.328125000012506,38.94743700002023],[-77.327796999949442,38.947176999808065],[-77.327749000268867,38.9471189998402],[-77.327699000040141,38.947039999976319],[-77.327202999747612,38.946582000100804],[-77.326944000179836,38.946322000245971],[-77.326627999812345,38.945985000041539],[-77.326512000359699,38.945834000330002],[-77.3262949997264,38.945532999723255],[-77.3260129996941,38.94510300023267],[-77.325874999601837,38.944932000054891],[-77.325715999593172,38.944737000255863],[-77.325616999858966,38.944616999897889],[-77.325503000056173,38.944493000153088],[-77.325399000299086,38.944379000263901],[-77.325319999758065,38.944293000152712],[-77.325134999810132,38.944093000286763],[-77.325052999794366,38.943998000205205],[-77.324893999785701,38.943844000339439],[-77.324753000218706,38.943716999821895],[-77.324617999601202,38.943603999890804],[-77.324217999568106,38.943293999884659],[-77.324009000229054,38.943143000030844],[-77.323687000013763,38.942932000321044],[-77.323291000178642,38.942689000115656],[-77.322898999643172,38.942469999760476],[-77.322681999908184,38.942361999766966],[-77.322404000073846,38.942235999915916],[-77.322014000086511,38.942069999659459],[-77.321815999719789,38.941985000072158],[-77.321726000206425,38.941947000182616],[-77.321620999726107,38.941890999793422],[-77.321513999595993,38.941834000225228],[-77.321443000349205,38.941810000025576],[-77.321208000172561,38.941759000098408],[-77.321131000179662,38.941738999911472],[-77.320382000167143,38.941511000176256],[-77.319940000301258,38.941383999671757],[-77.319612000238195,38.941284000247819],[-77.319269000106516,38.941179999914702],[-77.318812000172031,38.941019999749344],[-77.318595000437043,38.940936000146792],[-77.318242000259644,38.940777999826309],[-77.318031000372429,38.940670000050254],[-77.317715000004938,38.940487999887274],[-77.317500999744709,38.940348999997177],[-77.317447000216347,38.940310000074575],[-77.317141999719496,38.940089000340784],[-77.316959000319713,38.939944999669407],[-77.316700999678531,38.939720000043657],[-77.316473000072904,38.939499999734814],[-77.316290999599701,38.939306000236392],[-77.315955000039054,38.93891800034595],[-77.315717000387664,38.938643000061802],[-77.315575000097454,38.938491000204273],[-77.315343000293851,38.938265000273383],[-77.31511899998786,38.938071000191073],[-77.314828999559637,38.937846000208808],[-77.314574000189836,38.937660000215438],[-77.314353000256887,38.937520999672728],[-77.314212999616487,38.937444000084263],[-77.313748000184404,38.93720099993633],[-77.313641999879181,38.937133999697359],[-77.313596999673337,38.937091999702957],[-77.313473999649702,38.936938000209523],[-77.313360999671801,38.936830000174709],[-77.313287000051943,38.936780999968761],[-77.313147000309868,38.936711000314624],[-77.312985999753067,38.936648999844557],[-77.312862999729418,38.936587000018989],[-77.312203000303668,38.936230000013943],[-77.311871000042643,38.936054999738644],[-77.311722000079712,38.935982000318702],[-77.311655999957495,38.935944000007034],[-77.311180999581325,38.935756999997018],[-77.310763000004883,38.935582999873667],[-77.310636999608192,38.935530999737885],[-77.310480999972597,38.935449999692295],[-77.310188999894535,38.935263999703281],[-77.309838000265259,38.935040999757184],[-77.308531000035899,38.934173999887399],[-77.307848999970503,38.933747999777061],[-77.307535000151148,38.933568999866118],[-77.307098000308144,38.933364000033812],[-77.306628999779775,38.933161000219329],[-77.306006999988838,38.932914000232891],[-77.305658999834307,38.932802999777749],[-77.305411999962104,38.932731999729221],[-77.305293000136402,38.932705000056281],[-77.305247000105638,38.932705000056281],[-77.30516400026498,38.932727999881863],[-77.305131999579601,38.932727999881863],[-77.305027999822528,38.932700000245084],[-77.304991999837526,38.932676999711674],[-77.304946999631667,38.93266700008504],[-77.304858999768129,38.932605000272147],[-77.304806999889593,38.932586000262312],[-77.304427999772912,38.93249799989281],[-77.304207999664868,38.932451000119222],[-77.303918000134985,38.932403000348046],[-77.303708999897594,38.932372999950474],[-77.302295000436416,38.932201999817941],[-77.302044000366266,38.932160999667701],[-77.301229000231473,38.93199600025504],[-77.301127000124225,38.931972000219552],[-77.30090500036637,38.931919000258006],[-77.300676000037512,38.931855999817074],[-77.299951000314437,38.931617999975707],[-77.299636999596757,38.931500999713947],[-77.299060999836584,38.931268999973881],[-77.29840100041082,38.930964999768236],[-77.29829000008273,38.930913999727913],[-77.297505999910086,38.930552999846661],[-77.296422000161797,38.930057999717107],[-77.296068999984385,38.929901000318239],[-77.295323000344894,38.929553000260441],[-77.294056000298497,38.928983999793324],[-77.293994000374212,38.928956000076219],[-77.293120999614814,38.928555999915957],[-77.29274300022135,38.928383000318441],[-77.29189399975138,38.92798999992344],[-77.291574000084239,38.927845999841772],[-77.291369000044824,38.927748000259633],[-77.291036999783799,38.927583999700524],[-77.290851000010974,38.927486999792166],[-77.290375999634804,38.92722499972264],[-77.290162000272886,38.927097000147697],[-77.289664000330518,38.926780000337146],[-77.289477999659354,38.926649999864154],[-77.289280000190956,38.926496000060013],[-77.288922999815583,38.926191999664901],[-77.288804999814801,38.926068999902689],[-77.288716000126328,38.925966999733596],[-77.288593000102694,38.92586600017529],[-77.288461999683122,38.925739999666739],[-77.28837899984245,38.925646000217625],[-77.288172000153224,38.925414000196646],[-77.28798200018241,38.925182000115782],[-77.287640999700571,38.92472999997235],[-77.287515000202191,38.924549000211329],[-77.287229999796836,38.924063000174769],[-77.287171000245593,38.923949999674861],[-77.28706800031344,38.923754000094121],[-77.286508000446787,38.922564999657332],[-77.286212000170778,38.921910999863776],[-77.285857000343526,38.921167999760904],[-77.285832000229178,38.921107999933263],[-77.285729000297025,38.920863000168687],[-77.285449999739441,38.920312000260466],[-77.285284000058098,38.920016999797824],[-77.285018999744224,38.919604999892421],[-77.284899000093631,38.919432000133369],[-77.284613999688261,38.919048999925842],[-77.284437000136265,38.918829999954852],[-77.284154000279045,38.918503000023051],[-77.284116999570799,38.918463999969092],[-77.283951999714361,38.918287999727717],[-77.283531999589798,38.917868000294838],[-77.283313000204998,38.917670999814284],[-77.282888999882474,38.917318999853954],[-77.28278599995032,38.917243999662574],[-77.282093000014271,38.916778000154586],[-77.281846000142068,38.916622000211596],[-77.28136400009322,38.916333999738484],[-77.280460000269969,38.915829999942353],[-77.280234000314167,38.91569799997005],[-77.280072999757365,38.915599000179213],[-77.279867999717965,38.91546600027101],[-77.279456999814215,38.915176999790006],[-77.279286000109991,38.915047999935453],[-77.279122999903379,38.914912999966603],[-77.279043000435763,38.91484200018543],[-77.278741000311953,38.914576000078334],[-77.278441999662903,38.914313000337621],[-77.278358999822231,38.914238999987738],[-77.278260999912931,38.91414799995232],[-77.277473000440651,38.913455999690697],[-77.277141000179626,38.913159999845739],[-77.276808000093695,38.912862999922353],[-77.276428000152109,38.912518000209069],[-77.276233000158427,38.912352999844551],[-77.276115999982565,38.912243999872082],[-77.276019999723104,38.912154999879377],[-77.275729000368273,38.911884999862814],[-77.275072000417239,38.911300000264426],[-77.274710000018999,38.910977000261461],[-77.274578999599413,38.910850000303476],[-77.273868000120032,38.910224000316532],[-77.273538000407157,38.909935999743453],[-77.273511999569578,38.909913999802129],[-77.270641999916123,38.907364999741851],[-77.270534999785994,38.907253999856167],[-77.270410999937425,38.907129000173867],[-77.270163000240302,38.906894000147332],[-77.269759000009273,38.906566000112598],[-77.269521000357898,38.90635800024306],[-77.269272999762464,38.906128999685208],[-77.269037999585819,38.905922999913763],[-77.268883999600035,38.905794999659662],[-77.268645000123755,38.905580999658667],[-77.268398000251537,38.905342999755817],[-77.268286000098556,38.905246000200997],[-77.268091999929794,38.905100999747262],[-77.267737999927476,38.904819000094726],[-77.267327999848646,38.9045120001242],[-77.267151000296636,38.90438800016954],[-77.267100000243005,38.904344000336529],[-77.267003999983544,38.904280999876775],[-77.266717999753283,38.904078000034545],[-77.266419000002529,38.903877000348956],[-77.266160000434752,38.903712000171275],[-77.265688000431652,38.903420000340695],[-77.265443000209274,38.903278000084818],[-77.26473500020461,38.902890000271057],[-77.26459499956421,38.90281799996427],[-77.264392999897851,38.902722999826423],[-77.263991000214943,38.90254399993507],[-77.263905999826122,38.902492999738932],[-77.263682000418456,38.902386000085663],[-77.263193999623525,38.902175000074706],[-77.262791999940617,38.902005999954937],[-77.262097000354757,38.901739999981665],[-77.261876000421807,38.901660999905388],[-77.261797999705678,38.901613000276313],[-77.261715999689926,38.901538000266562],[-77.261692000298794,38.901489000152175],[-77.261673000032232,38.901449000133553],[-77.261642000070097,38.901421999741252],[-77.26161699995572,38.901409999796634],[-77.261284999694709,38.90129300005551],[-77.260749999942405,38.901113000346221],[-77.260051000158583,38.900926000106672],[-77.259689999585248,38.900841000152752],[-77.259595999873923,38.900826999986094],[-77.259554999866026,38.900838000317016],[-77.259481000246197,38.900895999682213],[-77.259451000108953,38.900928999938692],[-77.259424000344794,38.900960000059733],[-77.259371999567932,38.900979999860013],[-77.259155999657864,38.900972000080401],[-77.2568130002591,38.900890000015259],[-77.256082999614804,38.900918000320971],[-77.253749000436883,38.901291999650567],[-77.253124000272891,38.901368000324055],[-77.252239999642825,38.901390000117466],[-77.25012800022273,38.901248999702652],[-77.249756999603662,38.901216000293999],[-77.248976999628979,38.901051999933379],[-77.247629000290033,38.900660999996695],[-77.246315000387995,38.900099999822288],[-77.245367000183819,38.899591999789557],[-77.243587000126439,38.898251999689485],[-77.242788999710086,38.897687000332951],[-77.242580000371035,38.897538000088907],[-77.24235699988995,38.897396999715568],[-77.242007000085579,38.897181000043545],[-77.241660999580859,38.896990999937827],[-77.239576999749872,38.896228999771239],[-77.238225000212978,38.89581799999479],[-77.237800000065519,38.895701999913257],[-77.236461000049104,38.895341999659195],[-77.235906000205333,38.895217999770658],[-77.235778999983708,38.895190000013947],[-77.235269000345795,38.895052999746738],[-77.231002999876182,38.893910999657862],[-77.229582999668906,38.893540999867206],[-77.22886799999155,38.893356000297771],[-77.228580999936383,38.893296000031633],[-77.22814200044354,38.893195000121636],[-77.227966999643058,38.893157999786425],[-77.226302999936621,38.8928109997482],[-77.224988000209663,38.892428999756575],[-77.223573000025254,38.892015999991123],[-77.222317999674416,38.89164900034126],[-77.22126900008621,38.891348999683764],[-77.221050999628019,38.89128700012634],[-77.219906999605257,38.890913999695989],[-77.219806000221254,38.890893999857525],[-77.218524999931148,38.890515000315865],[-77.218017999767937,38.890609000149063],[-77.217913000185959,38.890587999668995],[-77.217878999850768,38.890579000260473],[-77.217719999842117,38.890535000261032],[-77.217610000237258,38.890507999914213],[-77.217483000015648,38.890462000154223],[-77.217108999921834,38.890355999712305],[-77.21698400024836,38.890298999989703],[-77.216877000118245,38.890204999746267],[-77.216795000102479,38.890157000064896],[-77.216133999953485,38.890029999921168],[-77.215492000071066,38.889842999863347],[-77.214808000355859,38.889665000237137],[-77.214334999629529,38.889569999983031],[-77.21413100031333,38.889537000041678],[-77.213794999854372,38.889622000240941],[-77.213515000370194,38.88972900024838],[-77.213173999888355,38.889866000297076],[-77.212794999771646,38.8900879997232],[-77.212378000020138,38.890338999996104],[-77.211834000047006,38.890671000298283],[-77.211479000219768,38.890874000013383],[-77.2113129996401,38.891083000343606],[-77.211193999814398,38.891474999722675]]},"properties":{"NAME":"Washington and Old Dominion Trl","BASENAME":"Washington and Old Dominion","MTFCC":"S1710"}},{"type":"Feature","geometry":{"type":"LineString","coordinates":[[-77.267108999565536,38.903016999789479],[-77.26730600010734,38.902908999844648],[-77.267336000244569,38.902888999888617],[-77.267472999613602,38.902773999857359],[-77.267711000163288,38.902584000035858],[-77.267836999661682,38.902474000054021],[-77.267998000218469,38.902347000263418],[-77.268430000038592,38.902024000069559],[-77.268768999972323,38.901754999667631]]},"properties":{"NAME":"Wilmar Pl NW","BASENAME":"Wilmar","MTFCC":"S1400"}},{"type":"Feature","geometry":{"type":"LineString","coordinates":[[-77.283878000094518,38.914288999911484],[-77.28378900040606,38.914306000185078],[-77.283566999749894,38.914319999790564],[-77.283495999604781,38.914341000242118],[-77.283476000411625,38.914350999656151]]},"properties":{"NAME":null,"BASENAME":null,"MTFCC":"S1400"}},{"type":"Feature","geometry":{"type":"LineString","coordinates":[[-77.276285000036964,38.878402000181381],[-77.276050999685253,38.878026999865007],[-77.275848000193974,38.8775570001334]]},"properties":{"NAME":"Fairfax Metro Ln","BASENAME":"Fairfax Metro","MTFCC":"S1400"}},{"type":"Feature","geometry":{"type":"LineString","coordinates":[[-77.281245000267518,38.910121999737498],[-77.28134999984951,38.910027000286242],[-77.281470000398414,38.909935999743453],[-77.281611999790329,38.909871999768093],[-77.282554999971637,38.909829000123565],[-77.28284899969951,38.909716000023288],[-77.283000000210563,38.909474000242547]]},"properties":{"NAME":"Bonaventure Dr","BASENAME":"Bonaventure","MTFCC":"S1400"}},{"type":"Feature","geometry":{"type":"LineString","coordinates":[[-77.23812099955758,38.916994000316016],[-77.238391999719227,38.916782000202389],[-77.238596999758641,38.916704999766964],[-77.238692000193197,38.91671400005815],[-77.239023999555911,38.917211000000577]]},"properties":{"NAME":"Brenthill Way","BASENAME":"Brenthill","MTFCC":"S1400"}},{"type":"Feature","geometry":{"type":"LineString","coordinates":[[-77.273746999746209,38.909832000278442],[-77.273697000415808,38.909837999888765],[-77.273607999829039,38.909874999921136],[-77.273511999569578,38.909913999802129]]},"properties":{"NAME":null,"BASENAME":null,"MTFCC":"S1400"}},{"type":"Feature","geometry":{"type":"LineString","coordinates":[[-77.24508799962625,38.900389000169085],[-77.245135000380216,38.90043400007368],[-77.245192000281634,38.900508999851333],[-77.24522800026665,38.90059099965741],[-77.245253000380998,38.900697999918471],[-77.245388999925112,38.902890000271057],[-77.245414999864394,38.903317999772078],[-77.245430999757914,38.903373000179137],[-77.245464000268186,38.903421999692419],[-77.246584999826396,38.904280999876775],[-77.246696000154486,38.904363000220094],[-77.247025999867375,38.904608999982813],[-77.247697000062104,38.905114999770248],[-77.247940999561266,38.905300000164075],[-77.24876900011482,38.905930000194083],[-77.249452999830041,38.906450999745864],[-77.249701000425475,38.906651000203119],[-77.25067999969346,38.907404000302833],[-77.251909000105044,38.908351000214154],[-77.253120000074929,38.909277000227775],[-77.253409999604841,38.909500000079447],[-77.253495999818568,38.909573000189013],[-77.253629999712871,38.909702999796046],[-77.25394400043055,38.909943999911079],[-77.254019999700205,38.910032999880087],[-77.254109000286988,38.910149999897328]]},"properties":{"NAME":"Follin Ln SE","BASENAME":"Follin","MTFCC":"S1400"}},{"type":"Feature","geometry":{"type":"LineString","coordinates":[[-77.263976000146329,38.882878000111042],[-77.263965000275675,38.883222999803039],[-77.263983999643941,38.883285000105175],[-77.264023000001998,38.883343999778575],[-77.264074999880535,38.883386000120623],[-77.264150000223609,38.883421000037082],[-77.264243000110028,38.883473999857806],[-77.264316999729886,38.88353599994096],[-77.264377999829222,38.883609000172484],[-77.264407999966465,38.883684000236478],[-77.264421000385255,38.883764999936929],[-77.264387999874984,38.884275999734122]]},"properties":{"NAME":"Pickett Pl SW","BASENAME":"Pickett","MTFCC":"S1400"}},{"type":"Feature","geometry":{"type":"LineString","coordinates":[[-77.257368999927778,38.917742000259842],[-77.257683999572052,38.917717000120916],[-77.257806999595701,38.917698999791753],[-77.257888999611467,38.917678999808956],[-77.257949999710831,38.917650000348125],[-77.258005999787329,38.917606000348179],[-77.258054000366229,38.917545000128385],[-77.258078999582267,38.917483999856174]]},"properties":{"NAME":"Avis Ct","BASENAME":"Avis","MTFCC":"S1400"}},{"type":"Feature","geometry":{"type":"LineString","coordinates":[[-77.268133999762583,38.894541000062688],[-77.268902000041706,38.893710999670219],[-77.268994000103206,38.893582999774139],[-77.269105000431296,38.893372999991087],[-77.26916399998251,38.893287000266973],[-77.269247999648115,38.893195000121636],[-77.269483999649665,38.89300099985013],[-77.26962699976481,38.892896000224596]]},"properties":{"NAME":"Johnson St SW","BASENAME":"Johnson","MTFCC":"S1400"}},{"type":"Feature","geometry":{"type":"LineString","coordinates":[[-77.285135000095181,38.897913999948948],[-77.285079999843575,38.897842999943755],[-77.285043000033667,38.897768999902191],[-77.284997999827823,38.897585999676167],[-77.284945999949286,38.897416000059856],[-77.284883000200097,38.897281999878111],[-77.284788999590447,38.89713799970351],[-77.284668000114948,38.896984000174456],[-77.28382200001802,38.896095999925286],[-77.283662000184449,38.895920000150994],[-77.283182999610347,38.895419000197123],[-77.283160999869025,38.895382000321369],[-77.283057000111967,38.895277000020911],[-77.282785000125401,38.894997999886627],[-77.281800999936209,38.893957999789968],[-77.281412999598686,38.893533999763733],[-77.281272000031692,38.893353999963438],[-77.28115999987871,38.893184999825081],[-77.281037999679981,38.892965999759163],[-77.280887999892144,38.892653999744063],[-77.280490000407198,38.8917789999064],[-77.280456999896927,38.891755000252012],[-77.280375999706067,38.891585999804875],[-77.280190999758162,38.891222000272911],[-77.280172000389896,38.891127000003529],[-77.280061999886712,38.890957000308482],[-77.279952000281867,38.890816000153997],[-77.279856999847297,38.890706999976643],[-77.279636999739282,38.890468999861199],[-77.279444000293751,38.890298000129107]]},"properties":{"NAME":"Flint Hill Rd","BASENAME":"Flint Hill","MTFCC":"S1400"}},{"type":"Feature","geometry":{"type":"LineString","coordinates":[[-77.233291999746598,38.914576000078334],[-77.23375500042718,38.913755999917448],[-77.233832000420065,38.913630999802315],[-77.234135000368767,38.913109999825608],[-77.234197000293051,38.913039999878045],[-77.234340000408181,38.91279500021691],[-77.235009999879694,38.911617000037097],[-77.235239000208566,38.911192999904699],[-77.235368999904907,38.910920999884191],[-77.235506999997156,38.910677999745012],[-77.235542000157253,38.910621000256342],[-77.235602000431726,38.910521999674536],[-77.235722000082319,38.910395000300483],[-77.235783000181698,38.910287999974528],[-77.235825000014486,38.910204000324178],[-77.235890000311812,38.910074000236641],[-77.236030999878793,38.909869999898987],[-77.236507000079854,38.909310000083849],[-77.236570999653964,38.90917599997983],[-77.237201999665714,38.908452000237929],[-77.237451000086082,38.908178999891462],[-77.237588000353412,38.908028000073337],[-77.237805000088414,38.907675999819666],[-77.237801999715344,38.907651999945323],[-77.238015999975588,38.907307999689976],[-77.238447999795724,38.906611000296564],[-77.238770000011002,38.906091999797475],[-77.239173000417139,38.90544199987108],[-77.23922199992262,38.905413999951321],[-77.23926799995337,38.905334000119801],[-77.239379000281474,38.905140000153956],[-77.239423999588993,38.905037999959269],[-77.23946100029724,38.904910999861571],[-77.239478999840571,38.904796999965697],[-77.23947700019076,38.90471799979553],[-77.239432999809821,38.904530999962752],[-77.239416000091381,38.904216999696438],[-77.239411000068515,38.904122999698394],[-77.239409000418689,38.90344000014715],[-77.239405000220728,38.903341000036463],[-77.23939699982482,38.903141000041394],[-77.239380000106365,38.902744999899092],[-77.239343000296458,38.901763999757321]]},"properties":{"NAME":"Woodford Rd","BASENAME":"Woodford","MTFCC":"S1400"}},{"type":"Feature","geometry":{"type":"LineString","coordinates":[[-77.239405000220728,38.903341000036463],[-77.239148000302777,38.9033459998194],[-77.238935999692359,38.9033459998194],[-77.238699999690809,38.9033459998194],[-77.238506000420372,38.903341000036463],[-77.23843500027526,38.903345000142473],[-77.238324999772075,38.9033519999779],[-77.238010000127801,38.9033519999779],[-77.237768000278464,38.903310000255885],[-77.237604000246961,38.903243000165205],[-77.23745899958368,38.903097999815067],[-77.237339999757978,38.902903000347791],[-77.237205000038784,38.902735000248235],[-77.23712600039606,38.902637999926448],[-77.23698699958058,38.902541000171283],[-77.236866000105067,38.90243800004837],[-77.2367630001729,38.90235099972633],[-77.236712999944189,38.902277000188093],[-77.236609000187116,38.902063000069226],[-77.236667999738344,38.901839999925542]]},"properties":{"NAME":"Falcone Pointe Way","BASENAME":"Falcone Pointe","MTFCC":"S1400"}},{"type":"Feature","geometry":{"type":"LineString","coordinates":[[-77.277415999640922,38.889900999818067],[-77.277481999763168,38.889868000030489],[-77.277533999641705,38.889825000157117],[-77.277572000174857,38.889773999915853],[-77.277592000266338,38.889720000031808],[-77.277594999741069,38.889623999981161],[-77.277552000083361,38.889248000281626],[-77.277521000121226,38.889000999864479],[-77.277481999763168,38.888660999680262],[-77.277458000372036,38.888567999951064],[-77.277424999861751,38.888488000018938],[-77.277359999564439,38.88838499979007],[-77.276731999925701,38.887648999734843]]},"properties":{"NAME":"Lemontree Ln","BASENAME":"Lemontree","MTFCC":"S1400"}},{"type":"Feature","geometry":{"type":"LineString","coordinates":[[-77.250642000058633,38.899673000226898],[-77.250528000255827,38.899939999978372],[-77.250379000292909,38.900245000003011],[-77.250308000147811,38.90035400022353],[-77.250220000284259,38.900451999887757],[-77.250103999933287,38.900570000031564],[-77.250061000275579,38.900639999692437],[-77.250047000031884,38.900675000196088]]},"properties":{"NAME":"Fellini Ct SE","BASENAME":"Fellini","MTFCC":"S1400"}},{"type":"Feature","geometry":{"type":"LineString","coordinates":[[-77.237502000139685,38.885487000181669],[-77.237487000071084,38.885607999797699],[-77.237396999659396,38.885784999876122],[-77.237358000199649,38.885847999963545],[-77.237213000434693,38.885971000206254],[-77.23701599989289,38.886009000010795],[-77.236893999694161,38.886015000235723],[-77.236786999564032,38.885988000268568],[-77.236420000041221,38.885855000125169],[-77.23635200026915,38.885791000119916],[-77.236331000352763,38.885717000107512]]},"properties":{"NAME":"Amanda Ct","BASENAME":"Amanda","MTFCC":"S1400"}},{"type":"Feature","geometry":{"type":"LineString","coordinates":[[-77.25149999985112,38.877430999885284],[-77.25156299960031,38.877512999761336],[-77.251625000422905,38.877535999991025],[-77.251677000301441,38.8775570001334],[-77.251745000073498,38.877558000173323],[-77.251801999974901,38.8775499998535],[-77.251864999724091,38.877527999668743],[-77.251933000394473,38.877526000287318],[-77.251990000295891,38.877516999923415],[-77.252052000220161,38.877510000338965],[-77.252109999946484,38.877496999810006],[-77.252165000198062,38.877473000225919],[-77.252221000274574,38.877461999772798],[-77.252283000198844,38.877462999814057],[-77.252341999750072,38.877471000143679],[-77.252403999674371,38.877493999687616],[-77.252610000436988,38.8775659997929]]},"properties":{"NAME":"Stolen Moments Ter","BASENAME":"Stolen Moments","MTFCC":"S1400"}},{"type":"Feature","geometry":{"type":"LineString","coordinates":[[-77.257523999738481,38.919264000012184],[-77.257466000012172,38.918845000223314],[-77.257435000050037,38.918603000117258],[-77.257389000019288,38.918270000242323],[-77.257421999631234,38.918127000169044],[-77.257368999927778,38.917742000259842],[-77.257264000345799,38.916949999909335],[-77.257241999706181,38.916778000154586],[-77.257164999713282,38.916203999695405],[-77.257105000337148,38.915752999871849],[-77.257087999720397,38.915633000094715],[-77.257070000177052,38.915425999740137],[-77.25710600016204,38.915219000179668],[-77.257169999736163,38.915026000180681],[-77.257214000117088,38.914943000059516],[-77.257271999843411,38.914861000055083],[-77.257365999554736,38.914754999687304],[-77.25744099989781,38.914683000230745],[-77.257547000203019,38.914596000236678],[-77.257644000287399,38.914516000268478],[-77.257708999686415,38.914468000244256],[-77.257765999587818,38.914427000328992],[-77.257788000227436,38.914411000304419],[-77.257860000197468,38.914370999877903],[-77.257996999566501,38.914266999921423],[-77.258295000390646,38.91402299982861],[-77.258401999622464,38.913929000233651],[-77.258641999821947,38.913715000289791],[-77.2590179995656,38.913416999658942],[-77.259206999711481,38.913280000309491],[-77.259379999963869,38.913141999758636],[-77.259534999774559,38.913006999659167],[-77.259877000081318,38.912692999837638],[-77.260114999732679,38.91246700018818],[-77.260628999568581,38.912007000194251],[-77.261486000434473,38.911221000341058],[-77.262395000280577,38.910372000224434],[-77.262473000098382,38.910326000049928],[-77.262634999581778,38.910159000320853]]},"properties":{"NAME":"Creek Crossing Rd NE","BASENAME":"Creek Crossing","MTFCC":"S1400"}},{"type":"Feature","geometry":{"type":"LineString","coordinates":[[-77.271236000117966,38.921342000302062],[-77.270940999666848,38.920898999916105]]},"properties":{"NAME":"Clifdale Ct","BASENAME":"Clifdale","MTFCC":"S1400"}},{"type":"Feature","geometry":{"type":"LineString","coordinates":[[-77.238868999745208,38.912344999948488],[-77.238665000429023,38.912259000134718],[-77.238585999888002,38.912221999947114],[-77.238390999894307,38.912154000326495],[-77.238238999558362,38.912118999889934],[-77.238094999618326,38.912098999732578],[-77.237875000408593,38.912089000001259],[-77.237687000087618,38.911704000187981],[-77.237677000041884,38.911666999711002],[-77.237676000216965,38.911623999755911],[-77.237687999912538,38.911570999970479],[-77.237718999874673,38.911513000239061],[-77.237750999661728,38.911470000190683],[-77.237871000210632,38.911331000051078]]},"properties":{"NAME":"Capo Ct","BASENAME":"Capo","MTFCC":"S1400"}},{"type":"Feature","geometry":{"type":"LineString","coordinates":[[-77.248617999603781,38.90824199968818],[-77.248487000082548,38.908367000206752],[-77.248241999860142,38.908627000104993],[-77.248051999889356,38.908814999932822],[-77.247977000444592,38.908912999801807],[-77.247936000436695,38.909008000045006],[-77.247876000162265,38.909263999920178],[-77.247596999604681,38.91050199976619]]},"properties":{"NAME":"Echols St SE","BASENAME":"Echols","MTFCC":"S1400"}},{"type":"Feature","geometry":{"type":"LineString","coordinates":[[-77.268004000066242,38.90370699971502],[-77.267523999667219,38.90409799965564],[-77.267409000039507,38.904182000239722],[-77.267306999932245,38.904263000334346],[-77.267151000296636,38.90438800016954],[-77.26708500017439,38.904442000086206],[-77.267024999899945,38.904491000259874],[-77.266911999922044,38.904582999752634],[-77.266834999929131,38.904645999944435],[-77.266617000369251,38.904817999739521],[-77.266424999850329,38.904969999748033]]},"properties":{"NAME":"Ayr Hill Ave NE","BASENAME":"Ayr Hill","MTFCC":"S1400"}},{"type":"Feature","geometry":{"type":"LineString","coordinates":[[-77.262480999595994,38.888326000107639],[-77.26256099996192,38.888335999689829],[-77.262648000000581,38.888333999913357],[-77.26273599986412,38.888315999824748],[-77.262815000405141,38.888285999666927],[-77.262944000276576,38.888207999896537],[-77.263049999683474,38.888124999885406],[-77.26314599994295,38.888028999776857],[-77.263228999783621,38.887911999665846],[-77.263339000286791,38.887721999935614],[-77.26341700010461,38.887624000185234],[-77.263463999960251,38.887576000158298],[-77.26357100009038,38.887486000107707],[-77.263693000289109,38.887409000059442],[-77.263816000312758,38.887351000167691],[-77.26395000020706,38.88730000024794],[-77.26410699966759,38.887249000291511]]},"properties":{"NAME":"Kibler Cir SW","BASENAME":"Kibler","MTFCC":"S1400"}},{"type":"Feature","geometry":{"type":"LineString","coordinates":[[-77.237807999563131,38.893715000318721],[-77.238472999910073,38.894055999891002],[-77.238751999569331,38.894195000294623],[-77.239025000279128,38.894319999675872]]},"properties":{"NAME":"Wedderburn Ln","BASENAME":"Wedderburn","MTFCC":"S1400"}},{"type":"Feature","geometry":{"type":"LineString","coordinates":[[-77.238718000132479,38.898444999853943],[-77.238720999607196,38.898549999665121],[-77.238708999911651,38.89861300031626],[-77.238693999843022,38.898676999955086],[-77.238686000345425,38.89872000006234],[-77.238655000383289,38.898790999889755],[-77.238619000398273,38.898831999747941],[-77.238560999773625,38.898881000297671],[-77.238424000404592,38.898927999937122],[-77.238328999970037,38.898962999886386],[-77.238173000334427,38.899013999821562]]},"properties":{"NAME":"Idylwood Mews Ln","BASENAME":"Idylwood Mews","MTFCC":"S1400"}},{"type":"Feature","geometry":{"type":"LineString","coordinates":[[-77.261467000167897,38.876911000072305],[-77.261495999581896,38.877389000219161],[-77.261550999833474,38.877472000184802],[-77.26166299998647,38.877510999680212],[-77.262359000295561,38.877493000346135],[-77.262832000123581,38.877465999937755],[-77.263346999784403,38.877445999809986],[-77.26442300003508,38.877420000124992],[-77.26449900020306,38.877394999773372],[-77.265110999948249,38.877470000102527],[-77.265211000405671,38.877490000223538]]},"properties":{"NAME":"Topaz St","BASENAME":"Topaz","MTFCC":"S1400"}},{"type":"Feature","geometry":{"type":"LineString","coordinates":[[-77.241002999804934,38.919920000026906],[-77.240377999640941,38.918973000009274],[-77.240134000141794,38.918518999823945],[-77.239926999554214,38.91819900032506]]},"properties":{"NAME":"Brentridge St","BASENAME":"Brentridge","MTFCC":"S1400"}},{"type":"Feature","geometry":{"type":"LineString","coordinates":[[-77.283372999581132,38.907555000050209],[-77.283871000421826,38.907533999687949]]},"properties":{"NAME":"Firth Ct","BASENAME":"Firth","MTFCC":"S1400"}},{"type":"Feature","geometry":{"type":"LineString","coordinates":[[-77.257623000370998,38.879879999684078],[-77.259167000426828,38.880283000061716],[-77.259747000384962,38.88044100013439],[-77.260342000411725,38.880593999869966],[-77.260438999597781,38.880617999798623],[-77.26198000017888,38.8810210001865],[-77.262194000439123,38.881073999699566],[-77.262442000136247,38.8811169999748],[-77.26267099956678,38.881143999695169],[-77.262914999964266,38.881159000234739],[-77.263181000103046,38.881162000202387],[-77.263423999777288,38.881150000330969],[-77.263739000319859,38.881111000035524],[-77.263981999994115,38.881063999794463],[-77.264129000307207,38.881029000115561],[-77.265863000333852,38.88057399992325],[-77.266495999995428,38.880411000147618],[-77.266561000292754,38.880403000148988],[-77.266622000392132,38.880411000147618],[-77.266675000095574,38.880432000139677],[-77.266720000301405,38.880466000113721],[-77.266747999890498,38.880507000060732],[-77.266907999724083,38.880881999877133],[-77.266945000432315,38.880968999926537],[-77.267168000015076,38.881491000083763],[-77.267212000396015,38.881618000108666],[-77.267409999864398,38.882342000039273],[-77.267423000283202,38.882465000058367],[-77.267419000085241,38.882543999810544],[-77.267599000010293,38.882484000201529]]},"properties":{"NAME":"Dellwood Dr","BASENAME":"Dellwood","MTFCC":"S1400"}},{"type":"Feature","geometry":{"type":"LineString","coordinates":[[-77.235753000044454,38.88807299993011],[-77.236452999653196,38.888217000304678],[-77.23654300006487,38.888228999681758],[-77.23663500012637,38.888227999792022],[-77.236713999769108,38.888214999825614],[-77.236795999784874,38.888188999885664],[-77.236881999998587,38.888145999695219],[-77.23693700025018,38.888104000069433],[-77.237598000399174,38.887273999973097],[-77.237650000277711,38.887179999922033],[-77.237683999714577,38.887098000013957],[-77.237739999791074,38.886864999937657]]},"properties":{"NAME":"Swift Run St","BASENAME":"Swift Run","MTFCC":"S1400"}},{"type":"Feature","geometry":{"type":"LineString","coordinates":[[-77.279221999637571,38.8814079999173],[-77.279205999744065,38.881726000265147],[-77.279209999942012,38.88226500000993],[-77.279262999645468,38.882343999984471],[-77.2797720003568,38.882376999770777]]},"properties":{"NAME":"Marywood Oaks Ln","BASENAME":"Marywood Oaks","MTFCC":"S1400"}},{"type":"Feature","geometry":{"type":"LineString","coordinates":[[-77.286398999768537,38.889218999693988],[-77.285809999589546,38.889483999849531],[-77.285655999603762,38.889483999849531],[-77.285530000105382,38.88946600005233],[-77.285448999914536,38.889429999745026],[-77.285232000179548,38.889302999699943]]},"properties":{"NAME":"Gold Dust Ct","BASENAME":"Gold Dust","MTFCC":"S1400"}},{"type":"Feature","geometry":{"type":"LineString","coordinates":[[-77.278701999953896,38.889418999744578],[-77.278376000438982,38.889091999970894]]},"properties":{"NAME":null,"BASENAME":null,"MTFCC":"S1400"}},{"type":"Feature","geometry":{"type":"LineString","coordinates":[[-77.271267999905021,38.883365000302312],[-77.271147000429494,38.883419000122252],[-77.270635000243416,38.883699000239758],[-77.270497999976087,38.884096000248107],[-77.270665000380646,38.884221999866263],[-77.271542000439709,38.884007999882819]]},"properties":{"NAME":"Moorefield Hill Pl SW","BASENAME":"Moorefield Hill","MTFCC":"S1400"}},{"type":"Feature","geometry":{"type":"LineString","coordinates":[[-77.269426999748248,38.896502999699095],[-77.268873999554302,38.896290999908693],[-77.268801999584269,38.896256000040736],[-77.268703999674983,38.896193999872722],[-77.268129999564636,38.895691000184961],[-77.268002000416431,38.895600000143055],[-77.267316000153073,38.89521499969738],[-77.267229000114455,38.895184999656713],[-77.267111000113658,38.895165000321718]]},"properties":{"NAME":"Courthouse Cir SW","BASENAME":"Courthouse","MTFCC":"S1400"}},{"type":"Feature","geometry":{"type":"LineString","coordinates":[[-77.284725000016351,38.87590799976936],[-77.284580000251395,38.876193999768027],[-77.284688000206415,38.876869000098864]]},"properties":{"NAME":"Oakton Crest Pl","BASENAME":"Oakton Crest","MTFCC":"S1400"}},{"type":"Feature","geometry":{"type":"LineString","coordinates":[[-77.242561000104459,38.887595000333071],[-77.239853999759291,38.886654999871325],[-77.239771999743525,38.886611000238297],[-77.238421000031551,38.886139000108507],[-77.237581999607329,38.88585199965641],[-77.237496000291912,38.885818000161926],[-77.237396999659396,38.885784999876122]]},"properties":{"NAME":"Amanda Pl","BASENAME":"Amanda","MTFCC":"S1400"}},{"type":"Feature","geometry":{"type":"LineString","coordinates":[[-77.28768500008151,38.876215000306971],[-77.287670000012881,38.876149999950719],[-77.287660999792038,38.876008999780538],[-77.287664000165108,38.875958000111332],[-77.287691999754173,38.875814000066221],[-77.28770000015011,38.875786999719338],[-77.287721000066512,38.87571499990969],[-77.287736000135112,38.875660999829741],[-77.287773999769939,38.875530000074029],[-77.287894000318857,38.875112000301272],[-77.287948999672139,38.874907000151694],[-77.288019999817251,38.874638999930809],[-77.288111000053846,38.874295999995219]]},"properties":{"NAME":"Platten Dr","BASENAME":"Platten","MTFCC":"S1400"}},{"type":"Feature","geometry":{"type":"LineString","coordinates":[[-77.246045999876159,38.878829999705715],[-77.245928999700283,38.878911000044525]]},"properties":{"NAME":"Cedar Crossing Ln","BASENAME":"Cedar Crossing","MTFCC":"S1400"}},{"type":"Feature","geometry":{"type":"LineString","coordinates":[[-77.253085999739739,38.91803100008034],[-77.253638000108779,38.91873400011827],[-77.253905000072479,38.919074000294437],[-77.254058000233357,38.919260000104288]]},"properties":{"NAME":"Overlook Ln NE","BASENAME":"Overlook","MTFCC":"S1400"}},{"type":"Feature","geometry":{"type":"LineString","coordinates":[[-77.268164999724718,38.915445999658935],[-77.268327999931344,38.915654000157737],[-77.268401999551173,38.915716000107814],[-77.268470000221569,38.915756999977432],[-77.268564999757814,38.915794999920671],[-77.268674000436064,38.915818000336238],[-77.268747000231002,38.915824000139551],[-77.268849000338264,38.915817000135981],[-77.268916000285415,38.915804999828758],[-77.269021999692299,38.915770999995665],[-77.269083999616569,38.91574199975512],[-77.269403000357116,38.915568999664636],[-77.269558999992739,38.915477999936648],[-77.26963900035868,38.915398000263714],[-77.269687000039241,38.915330000191254],[-77.269743000115739,38.915173999861061]]},"properties":{"NAME":"Wareham Ct","BASENAME":"Wareham","MTFCC":"S1400"}},{"type":"Feature","geometry":{"type":"LineString","coordinates":[[-77.26596799991583,38.878208000070813],[-77.263893000305671,38.878344999958742]]},"properties":{"NAME":null,"BASENAME":null,"MTFCC":"S1630"}},{"type":"Feature","geometry":{"type":"LineString","coordinates":[[-77.285393999662958,38.911042999775617],[-77.285575000311226,38.911197999833654],[-77.285879999909753,38.911403999675549],[-77.286103000390838,38.911542000110693]]},"properties":{"NAME":"Meadow Dale Ct","BASENAME":"Meadow Dale","MTFCC":"S1400"}},{"type":"Feature","geometry":{"type":"LineString","coordinates":[[-77.270273999670081,38.898943000217116],[-77.270020000125172,38.899140999980808],[-77.269405999831861,38.899642999972095],[-77.269348999930443,38.899673000226898],[-77.269285000356348,38.899689999806327],[-77.269208000363449,38.899712000119635],[-77.26907299974593,38.899761999789511],[-77.268655000169503,38.899973999704443],[-77.26851899972705,38.900064000011213],[-77.268404000099338,38.900156000346662],[-77.268302999816996,38.900252999864534],[-77.268209999930576,38.900362000072768],[-77.268152000204253,38.900459000008404],[-77.268112999846181,38.900560000074385],[-77.268093999579619,38.900656999739475],[-77.268091000104889,38.900700000045909],[-77.267716000186169,38.901073000115787],[-77.266677999570305,38.902072000119887],[-77.266323999567973,38.902424999886492]]},"properties":{"NAME":"Church St NW","BASENAME":"Church","MTFCC":"S1400"}},{"type":"Feature","geometry":{"type":"LineString","coordinates":[[-77.277309000409119,38.902952000185444],[-77.277356000264788,38.902890000271057],[-77.277403000120444,38.902846000208768],[-77.277473000440651,38.902800999735533],[-77.277629000076274,38.902737000318332],[-77.277660000038409,38.902729000037581],[-77.277736000206389,38.902720999755928],[-77.277814999849099,38.902729000037581],[-77.27788299962117,38.902751000108388],[-77.277938999697668,38.902784999886642],[-77.277987000276553,38.902833999805722],[-77.278014999865647,38.902890000271057],[-77.278072999591956,38.903084999774038],[-77.278082999637704,38.903106999734533],[-77.278127999843548,38.903171000216389],[-77.278660999946013,38.903622000294042],[-77.279025999819012,38.903930999955207],[-77.27914299999486,38.904023999841009],[-77.279260999995643,38.904136999914236],[-77.279368999950663,38.904266999689341],[-77.279464000385218,38.904411999749193],[-77.27953600035525,38.904549999796295],[-77.279660000203819,38.904835999840259]]},"properties":{"NAME":"Woodland Ct NW","BASENAME":"Woodland","MTFCC":"S1400"}},{"type":"Feature","geometry":{"type":"LineString","coordinates":[[-77.265459000102794,38.88286999969089],[-77.265475999821234,38.883062999698126],[-77.265506999783369,38.883138000338477],[-77.265597000195058,38.883289999901635],[-77.265618000111445,38.883370000093151],[-77.265618999936365,38.883453000065508],[-77.265601000393033,38.883530000205951],[-77.265565000408017,38.883601999789555],[-77.26554199994348,38.883632999782044],[-77.265440999661138,38.883739999719822],[-77.265413000072044,38.8837959998583],[-77.265404999676136,38.883855999757884],[-77.265418000094925,38.883914999656398],[-77.265438000186393,38.883950999961499]]},"properties":{"NAME":"Rachel Ln SW","BASENAME":"Rachel","MTFCC":"S1400"}},{"type":"Feature","geometry":{"type":"LineString","coordinates":[[-77.25559700026632,38.921632999675204],[-77.255572000151972,38.921609999746579],[-77.255542999839633,38.921531000117277],[-77.255541000189822,38.921426000049102],[-77.255556000258437,38.921310999995903],[-77.255598000091226,38.921140999879675],[-77.255650999794682,38.921006000319466],[-77.255794999734718,38.920729000210578],[-77.25586599987983,38.920588999900566],[-77.255961000314386,38.920324999942267],[-77.256015999667653,38.920217999909738],[-77.256087999637685,38.920116999855118],[-77.256168000003626,38.920030999674559],[-77.256302999722834,38.919923999897605],[-77.256399999807229,38.919862000129392],[-77.25652600020392,38.919799000162882],[-77.256779999748815,38.919708000267811],[-77.256865000137623,38.919657999968514],[-77.25695200017627,38.919578000115365],[-77.257019000123421,38.919524999979501],[-77.257122000055574,38.919462999862674],[-77.257205999721165,38.919432000133369],[-77.257293999584704,38.919415999839458],[-77.257543999829977,38.919413000089712]]},"properties":{"NAME":"Miller Ln","BASENAME":"Miller","MTFCC":"S1400"}},{"type":"Feature","geometry":{"type":"LineString","coordinates":[[-77.282329000015821,38.892505999956832],[-77.28242199990224,38.892382999842305],[-77.282739000094651,38.891985000160737]]},"properties":{"NAME":"Rambling Ct","BASENAME":"Rambling","MTFCC":"S1400"}},{"type":"Feature","geometry":{"type":"LineString","coordinates":[[-77.260401999787859,38.900242999862705],[-77.26035599975711,38.900259000284422],[-77.260298999855706,38.900259000284422],[-77.260252999824957,38.900244000282427],[-77.259738000164134,38.899858999845655],[-77.259396999682266,38.899586999742269]]},"properties":{"NAME":"Mill St SE","BASENAME":"Mill","MTFCC":"S1400"}},{"type":"Feature","geometry":{"type":"LineString","coordinates":[[-77.275575000382489,38.910522999949414],[-77.275757999782272,38.910188000046666],[-77.2758499998438,38.90995799967795],[-77.275935000232593,38.90980099983711],[-77.276039999814586,38.909641999773498],[-77.276095000066178,38.909568999734894],[-77.27616700003621,38.909503000248222],[-77.276244999853986,38.909452000157984],[-77.276327999694672,38.909413000023207],[-77.276432000350056,38.909380999806956],[-77.276546000152877,38.909363999751719],[-77.276663000328739,38.909363999751719],[-77.276777999956465,38.909380000214966],[-77.277080000080261,38.909481999763216],[-77.277243000286887,38.909544999801575]]},"properties":{"NAME":"Sheriff Ct","BASENAME":"Sheriff","MTFCC":"S1400"}},{"type":"Feature","geometry":{"type":"LineString","coordinates":[[-77.257435000050037,38.918603000117258],[-77.258206999628783,38.918665999747773],[-77.258497999881911,38.91868299967178],[-77.258933000075103,38.918721000144984],[-77.260001999754778,38.918814999683171],[-77.260112000257962,38.918832999729197],[-77.260452000016585,38.918872000279286],[-77.260817999714462,38.918904999867799],[-77.261180999937622,38.918918999963921],[-77.261281000395073,38.918908999795711],[-77.261432999832707,38.918878999981509],[-77.261847000109498,38.918761999676292],[-77.261939999995903,38.918748999708136],[-77.261982999653611,38.918748000248129],[-77.262254999640177,38.918620000056315]]},"properties":{"NAME":"Ridge Ln","BASENAME":"Ridge","MTFCC":"S1400"}},{"type":"Feature","geometry":{"type":"LineString","coordinates":[[-77.270740999650329,38.91338300007974],[-77.271503999906557,38.912772000219562]]},"properties":{"NAME":"Narragansett Pl","BASENAME":"Narragansett","MTFCC":"S1400"}},{"type":"Feature","geometry":{"type":"LineString","coordinates":[[-77.271294999669195,38.900565999769213],[-77.271693999877357,38.90054500013597],[-77.271871000327678,38.900535000175267],[-77.272093999910453,38.900532000326557],[-77.272134999918322,38.900538999740249],[-77.272264999614663,38.900535999891765],[-77.272633999685596,38.90051800009897],[-77.272815000333878,38.900506999718473],[-77.273554000300692,38.90047399996498],[-77.273746999746209,38.90045999972596],[-77.274202999855802,38.90043400007368],[-77.27427499982582,38.900421999962077],[-77.275031000409356,38.900391000305277],[-77.275546000070179,38.900367000065536],[-77.276014999700237,38.900344999955109],[-77.276486999703337,38.900324000256511],[-77.276625999620521,38.900332999828478],[-77.276916999873634,38.900320999699815],[-77.277266999678005,38.900305999710909],[-77.279821999687201,38.900194999974119],[-77.280076999955327,38.900184999964125],[-77.280410000041257,38.900172000088851],[-77.280516000346481,38.90016799980409],[-77.280619000278634,38.900177000094942],[-77.280721000385881,38.900200999699791],[-77.28080900024942,38.900237000140585]]},"properties":{"NAME":"Orchard St NW","BASENAME":"Orchard","MTFCC":"S1400"}},{"type":"Feature","geometry":{"type":"LineString","coordinates":[[-77.265050999673804,38.912104000296658],[-77.265254000063379,38.912059000099894],[-77.265396000353604,38.912019999999508],[-77.265507999608289,38.911968000065279],[-77.265645999700538,38.911881999794772],[-77.267546000306851,38.910369000092395],[-77.268224999999191,38.909783999882514]]},"properties":{"NAME":"Broadleaf Dr NE","BASENAME":"Broadleaf","MTFCC":"S1400"}},{"type":"Feature","geometry":{"type":"LineString","coordinates":[[-77.27802200043665,38.908872000172657],[-77.278651999725184,38.908802999839686]]},"properties":{"NAME":"Darrow Ct","BASENAME":"Darrow","MTFCC":"S1400"}},{"type":"Feature","geometry":{"type":"LineString","coordinates":[[-77.267725000406983,38.921452999821888],[-77.267895000286302,38.921399000266106],[-77.268016999586735,38.921365000317572],[-77.268257999611137,38.921306000080506],[-77.268590999697068,38.921241999874525]]},"properties":{"NAME":"Telfer Ct","BASENAME":"Telfer","MTFCC":"S1400"}},{"type":"Feature","geometry":{"type":"LineString","coordinates":[[-77.278660999946013,38.903622000294042],[-77.278497999739386,38.903731000223971],[-77.278383000111674,38.903822000332333],[-77.278312999791481,38.903903999807675],[-77.278241999646369,38.904013999671207],[-77.277850999834115,38.904874999693448],[-77.277815999674019,38.904928000284094],[-77.277762999970577,38.904973999762262],[-77.277701999871198,38.905005999867974]]},"properties":{"NAME":"Victoria Ct NW","BASENAME":"Victoria","MTFCC":"S1400"}},{"type":"Feature","geometry":{"type":"LineString","coordinates":[[-77.266368999773803,38.899497000229218],[-77.265988000007312,38.899207000012368],[-77.265197999986896,38.898603000083476],[-77.264321999752738,38.897930000196304],[-77.263412000081729,38.897237999836328],[-77.262448999808939,38.896496999660918],[-77.261372999558262,38.895675000132293],[-77.260309999726346,38.894857000063368],[-77.260210999992154,38.894771999836358],[-77.260134999824174,38.89468400011107],[-77.26007399972481,38.894589000277271],[-77.26002799969406,38.894485999806072],[-77.259999000280047,38.894371000148837],[-77.259991999709044,38.894258999720044],[-77.260004000302914,38.89414999993221],[-77.260034000440143,38.89404599971563],[-77.260077999922771,38.893952000235956],[-77.260260000395959,38.893660999934909],[-77.260304999703479,38.893569000274027],[-77.260349999909323,38.893440000305603],[-77.260376999673497,38.893303000158511],[-77.260364999977938,38.893102999857135],[-77.260349000084418,38.89299299987082],[-77.260312000274482,38.892873000072811],[-77.260256000197998,38.892757999901377],[-77.260185000052886,38.892653999744063],[-77.260096000364413,38.892535999730732],[-77.259912000241414,38.892290000091776],[-77.259800000088404,38.892113000139972],[-77.259732000316362,38.891985999997587],[-77.259636000056901,38.891765999890708],[-77.259574000132602,38.891576999823592],[-77.259528999926772,38.891382000181665],[-77.259502999987504,38.89119100009593],[-77.259425999994605,38.890682999960049],[-77.259383000336882,38.890501000211032],[-77.259322000237532,38.89032700027623],[-77.259242999696497,38.890155000339682],[-77.259148000160252,38.889991000304974],[-77.259034000357445,38.889831000059687],[-77.258907000135835,38.889681000245353],[-77.258209000176919,38.889000999864479],[-77.258054000366229,38.888852000276131],[-77.25747000021012,38.888283000000072],[-77.257425000004275,38.888244000123912],[-77.257235999858395,38.888084000138981],[-77.257071999826863,38.887986000188754],[-77.256907999795345,38.887907000194701],[-77.256771000426298,38.887854000184824],[-77.255763999772583,38.887528999998473],[-77.255552000060476,38.887443000190927],[-77.255323999556538,38.887333999732348],[-77.25525300030975,38.887295999937344],[-77.255065999813681,38.887176000303931],[-77.255001000414666,38.887129999784669],[-77.254853000276654,38.887016000011229],[-77.254714000359485,38.886888999845787],[-77.254577000092127,38.886738000201468],[-77.254464999939131,38.886586000323405],[-77.254053000210504,38.886008000089809],[-77.253927999638705,38.885847999963545],[-77.253824999706538,38.885737000005086],[-77.253675999743621,38.885601000310942],[-77.253571000161642,38.885517000122995],[-77.253525999955798,38.885480999912197],[-77.253392999886401,38.885391000004496],[-77.253362999749172,38.88537000007954],[-77.253177999801267,38.885263999731073],[-77.253116999701888,38.885233999682903],[-77.252977999784704,38.885166000086173],[-77.252818999776053,38.88509399998977],[-77.25236500021461,38.884889999903109],[-77.250920999717891,38.884236999756013],[-77.250431000171446,38.884027000312578],[-77.250262999941953,38.883961000159509],[-77.250104999758193,38.88389799979732],[-77.249866000281912,38.883808999934075],[-77.249701000425475,38.883747000089201],[-77.249580999876557,38.883703000053664],[-77.249243999592679,38.883580000079924],[-77.248794000229182,38.883417000207366],[-77.246276999854842,38.882505000280233],[-77.245648000391213,38.882276999693055],[-77.24552500036755,38.882232000171619]]},"properties":{"NAME":"Cottage St SW","BASENAME":"Cottage","MTFCC":"S1400"}},{"type":"Feature","geometry":{"type":"LineString","coordinates":[[-77.283797999728577,38.908335000218003],[-77.283848999782194,38.908196999839063],[-77.283880999569249,38.908053000130202],[-77.283893999988052,38.907905999893124],[-77.283893999988052,38.907856999979458],[-77.283871000421826,38.907533999687949],[-77.283858000003036,38.907301000244587],[-77.283871000421826,38.907177000268028],[-77.28390300020888,38.907051999751154],[-77.283954000262497,38.906928999665176],[-77.284031000255396,38.906800000198544],[-77.284108000248295,38.906706999754881],[-77.284201000134701,38.906623999691966],[-77.284294999846054,38.906558999894997],[-77.28443899978609,38.906486000181111],[-77.284572999680378,38.906440000284576],[-77.284711999597562,38.906410999726575],[-77.284839999644092,38.906398999926154],[-77.284966999865688,38.906398999926154],[-77.285108000331007,38.90641499965961],[-77.285233000004453,38.906444000215977],[-77.285347999632208,38.906482999884837],[-77.285474000028898,38.906543000193949],[-77.285529000280462,38.906575999922943],[-77.285597000052533,38.906623999691966],[-77.285689000114047,38.906708000083519],[-77.285768999581663,38.906809000347771],[-77.285840999551695,38.906924999761102],[-77.285891999605312,38.907040999683929],[-77.285925999940503,38.907162000329507],[-77.285946999856904,38.907296000041136],[-77.28595000022996,38.907419000190274],[-77.285932999613209,38.907558999918784],[-77.285896999628193,38.907688999719042],[-77.285844999749656,38.907813000199347],[-77.285771000129813,38.907938000075269],[-77.285613999770973,38.908187000257065],[-77.285535999953169,38.908271000197175],[-77.285438999868788,38.908351000214154],[-77.285329000263943,38.908418999982985],[-77.285212000088066,38.90847300032862],[-77.285085999691375,38.908514000188269],[-77.284964000390957,38.908540999980566],[-77.284817999902771,38.90855600032674],[-77.284674999787626,38.908555000024194],[-77.284545999916205,38.908539999677757],[-77.28445499967961,38.908521000213042],[-77.283797999728577,38.908335000218003]]},"properties":{"NAME":"Loch Lomond Dr","BASENAME":"Loch Lomond","MTFCC":"S1400"}},{"type":"Feature","geometry":{"type":"LineString","coordinates":[[-77.268890000346133,38.910577000092488],[-77.268153000029159,38.911092999853864],[-77.268106999998409,38.911253999992375]]},"properties":{"NAME":"Springwood Ct NE","BASENAME":"Springwood","MTFCC":"S1400"}},{"type":"Feature","geometry":{"type":"LineString","coordinates":[[-77.274128000411025,38.881488000130005],[-77.274201000205977,38.881635999796508],[-77.274873000225611,38.882227000300695],[-77.275382000038647,38.882233000145753],[-77.275375000365955,38.881390000171706],[-77.27461999960731,38.88136899976346],[-77.274473000192543,38.881306999887258]]},"properties":{"NAME":"Kelly Sq","BASENAME":"Kelly","MTFCC":"S1400"}},{"type":"Feature","geometry":{"type":"LineString","coordinates":[[-77.269695000435163,38.878465999849389],[-77.26954399992411,38.878537999669192],[-77.269416999702514,38.878583000131428],[-77.269287000006173,38.8786460003111],[-77.26916700035558,38.878721000019233],[-77.269075000294066,38.878794000302527],[-77.268989000080339,38.878887000238706],[-77.268922000133188,38.878989000231748],[-77.268897999843745,38.879037999785524]]},"properties":{"NAME":null,"BASENAME":null,"MTFCC":"S1630"}},{"type":"Feature","geometry":{"type":"LineString","coordinates":[[-77.280375999706067,38.891585999804875],[-77.280764000043575,38.891478999797982],[-77.281010000090873,38.891401999882717],[-77.281231000023823,38.891322000345518],[-77.28144299973593,38.891229999752476],[-77.281585999851075,38.891159999905419],[-77.281657999821078,38.891112000170239],[-77.281716000445726,38.891054999655935],[-77.281760999753246,38.890987000037477]]},"properties":{"NAME":"Flint Hill Ct","BASENAME":"Flint Hill","MTFCC":"S1400"}},{"type":"Feature","geometry":{"type":"LineString","coordinates":[[-77.262359000295561,38.877493000346135],[-77.262335000006118,38.877039999985378],[-77.262386000059749,38.876775000268118],[-77.262473999923301,38.876570000020074],[-77.262544000243494,38.876452999920495],[-77.262694999856237,38.876408000207491],[-77.262766000001349,38.876426999872201],[-77.26303399978994,38.876559000126527]]},"properties":{"NAME":"Star Opal Dr","BASENAME":"Star Opal","MTFCC":"S1400"}},{"type":"Feature","geometry":{"type":"LineString","coordinates":[[-77.290351000418767,38.912816999964271],[-77.290241999740502,38.912881000080162],[-77.290148000029191,38.912948000161506],[-77.290105000371469,38.912997000055768],[-77.290025000005514,38.913138999743722],[-77.289992000393568,38.913158000069288],[-77.289963999906178,38.913162999859765],[-77.289828000362036,38.913167000111329],[-77.28965299956154,38.913188999743376],[-77.289569999720854,38.913205000043384],[-77.289496000101025,38.913202000031134],[-77.289317000000878,38.913170999663677],[-77.288805999639706,38.913097999759586],[-77.288732000019877,38.913095999981429],[-77.288650000004097,38.913109999825608],[-77.288583000056946,38.91313500018957],[-77.288528999630259,38.913168000348932],[-77.288400999583757,38.913273000055],[-77.28834500040557,38.913297999662554],[-77.288281999758055,38.913310999930346],[-77.288132999795153,38.913303999678909]]},"properties":{"NAME":null,"BASENAME":null,"MTFCC":"S1400"}},{"type":"Feature","geometry":{"type":"LineString","coordinates":[[-77.265004999643054,38.923644000070773],[-77.265243000192726,38.923616000342591],[-77.265447000407235,38.923577999695404],[-77.265647000423783,38.923525999843427],[-77.265828999998647,38.92346700000563],[-77.26601300012166,38.923390999929005],[-77.266287999582957,38.92325599975765],[-77.267915000377783,38.922432000225051],[-77.268801999584269,38.921976999693278],[-77.268860000208903,38.921941999907837],[-77.269052999654434,38.921803000010385],[-77.269372000394981,38.921572000121635],[-77.270039000391762,38.921262000250856],[-77.270534999785994,38.921062999854506],[-77.270940999666848,38.920898999916105],[-77.271140999683411,38.920820000194027],[-77.271323999981504,38.92073500029754],[-77.27149700023385,38.92063800011038],[-77.271652000044568,38.920534000252324],[-77.271794000334779,38.920422999993761],[-77.271933000251963,38.920295000027799],[-77.272061000298478,38.920152999981035],[-77.272172999553149,38.920001999777057],[-77.272267000162785,38.919844999788914],[-77.272344999980604,38.919676999946624],[-77.27239699985914,38.919523999831547],[-77.272452999935638,38.919302000174255],[-77.272503999989254,38.919159000083923],[-77.272621999990037,38.918926999817948],[-77.272683000089415,38.918823000247798],[-77.272961999748674,38.918307000072602],[-77.273191999902423,38.917876999739647],[-77.273256000374843,38.917729000104821]]},"properties":{"NAME":"Abbotsford Dr","BASENAME":"Abbotsford","MTFCC":"S1400"}},{"type":"Feature","geometry":{"type":"LineString","coordinates":[[-77.26392199971967,38.898262999720181],[-77.264048000116361,38.898147999886859],[-77.264321999752738,38.897930000196304]]},"properties":{"NAME":"Cherry Cir SW","BASENAME":"Cherry","MTFCC":"S1400"}},{"type":"Feature","geometry":{"type":"LineString","coordinates":[[-77.276613000100028,38.875811999937284],[-77.276644999887083,38.875388000002005],[-77.276561000221491,38.87518099980241]]},"properties":{"NAME":"Saintsbury Plz","BASENAME":"Saintsbury","MTFCC":"S1400"}},{"type":"Feature","geometry":{"type":"LineString","coordinates":[[-77.239433999634727,38.918178999784232],[-77.239510999627626,38.918153000330875],[-77.240083000088148,38.917909000319042],[-77.240514999908285,38.917723999937017],[-77.240600000297107,38.917687999976671],[-77.240663999871202,38.917681000156968],[-77.240683000137778,38.917671999988407],[-77.24095599994925,38.917559999969598],[-77.241048000010764,38.917505000070399],[-77.241095999691339,38.91748100002475],[-77.241182999729986,38.917446000118439],[-77.241261000446102,38.917415000206937],[-77.241304999928715,38.917376999733243],[-77.241760000213375,38.917197000266427],[-77.242053000116343,38.917097999770924],[-77.242433000057929,38.916955000131637],[-77.242905000061043,38.916778000154586],[-77.243136999864632,38.916700999714813],[-77.243259999888281,38.916668999988573],[-77.243357999797567,38.916652000281026],[-77.24347999999631,38.916644000170585],[-77.243613000065693,38.916648999715534],[-77.243751999982862,38.91666799980031],[-77.243847000417432,38.916692000120925],[-77.243916000014394,38.91671400005815],[-77.244084000243888,38.916778000154586],[-77.244254999948112,38.916857000183093],[-77.244634999889712,38.917059999826492],[-77.244689000316384,38.917097000287654],[-77.244778000004843,38.917171999935441],[-77.245039000120755,38.917450000128532],[-77.245105000242987,38.917530000284017],[-77.245164999619135,38.917621000176489],[-77.245234000114422,38.917714000299341],[-77.245306999909346,38.917827000246994],[-77.245480999986626,38.918074999816803],[-77.245777000262635,38.91851200008621],[-77.245921000202685,38.91873400011827],[-77.24604500005124,38.918930000287119],[-77.2461260002421,38.919034999855363],[-77.246209999907691,38.919130999983615],[-77.246286000075671,38.919201999667294],[-77.246390999657635,38.919288000153692],[-77.246446999734147,38.919329000056329],[-77.246604000092987,38.919420999887997],[-77.246748000033023,38.919495999875267],[-77.246892999797979,38.919555999668177],[-77.247204999967522,38.91968199997681],[-77.247354999755345,38.919750000072554],[-77.24752899983261,38.91981800010317],[-77.247722000176466,38.91989899982849],[-77.248925999575349,38.920379000315464],[-77.249092999979936,38.9204500001482],[-77.249701000425475,38.920692999677996],[-77.250264999591778,38.920923000203508],[-77.250971999771508,38.921212999773054],[-77.251104999840919,38.921262999675456],[-77.251483999957586,38.921405999718992],[-77.252249999688573,38.921713000007017],[-77.252386999955931,38.921771999905644],[-77.252500999758723,38.921824000344245],[-77.252673000186178,38.921903000346227],[-77.252834999669588,38.921970999711291],[-77.253614999644256,38.922297999735655],[-77.25398999956299,38.922440999789863],[-77.254181000257006,38.92251100024896],[-77.254444000022744,38.922618999723497],[-77.254586000312969,38.92267600005939],[-77.254796000375251,38.922767999744728],[-77.255122999715084,38.922899999844525],[-77.255266999655134,38.922938000155966],[-77.255319000431967,38.922959000153831],[-77.255589999695303,38.923067999743438],[-77.255776000366453,38.923133999894411],[-77.255973000009945,38.923202000176303],[-77.256239000148739,38.923276000265155],[-77.256598000173952,38.923351999766133],[-77.256686999862396,38.923395999697483],[-77.25715800004059,38.923479999808286],[-77.257449000293718,38.923525999843427],[-77.258083999605134,38.923626999937611],[-77.259451999933873,38.923836000305513],[-77.259537000322695,38.923842000129781],[-77.259703999828957,38.923842000129781],[-77.259887999951971,38.923825000044012],[-77.260261000220879,38.923780000290705],[-77.261149000150567,38.923724000231758],[-77.261339000121367,38.923709000295787],[-77.261566999727009,38.923681999983778],[-77.261815000322429,38.923647000340537],[-77.261969000308241,38.923634999959674],[-77.262088000133915,38.923638000229808],[-77.262215000355511,38.923655999751226],[-77.262336999655943,38.92368799982102],[-77.262431000265579,38.923726999799243],[-77.262541999695372,38.923788999684582],[-77.262644999627511,38.9238650000337],[-77.262730999841239,38.923950999760486],[-77.262955999972135,38.924239000069271],[-77.263120000003681,38.924451000267773],[-77.263217000088048,38.924584000108482],[-77.263467000333321,38.924957999848033],[-77.263566000067499,38.9250849997185],[-77.263646000433454,38.925163000214127],[-77.263709000182644,38.925205999653272],[-77.263776999954715,38.925230999949036],[-77.263818999787503,38.925238999790274],[-77.263889999932616,38.925243000059943],[-77.263956000054847,38.925232000016607],[-77.264135999979914,38.925203000148315],[-77.264206000300092,38.925204000216269],[-77.264280999744869,38.925219999903881],[-77.264310999882071,38.925232000016607],[-77.264387000050064,38.925274000045839],[-77.264855999680137,38.92556600012739],[-77.265275999804686,38.925806000127416],[-77.265746999982895,38.926077000348243],[-77.26590400034172,38.926184999985303],[-77.265988000007312,38.926262999970298],[-77.266053000304638,38.926333000152667],[-77.266096999787251,38.92636599976543],[-77.266275000062478,38.926471000209979],[-77.266404999758819,38.926559999719707],[-77.266520000284885,38.926626000116364],[-77.266653000354268,38.92669299979972],[-77.267121000159406,38.926916000136153],[-77.267388999947997,38.9270810001846],[-77.26746599994091,38.927118999654311],[-77.267819000118308,38.927291000199439],[-77.268351000395882,38.927587999837961],[-77.268491000137956,38.927664000310358],[-77.268994000103206,38.927917999919146],[-77.269736000443061,38.928298999723467],[-77.269836999827092,38.928354999665316],[-77.269907000147271,38.928398999987927],[-77.270027999622783,38.928492999982147],[-77.270129999730045,38.928596000033515],[-77.270825000214217,38.929487999799363],[-77.271252000011472,38.930079999703082],[-77.271340999699945,38.93017400026492],[-77.271461000248863,38.930345999691809]]},"properties":{"NAME":"State Rte 677","BASENAME":"677","MTFCC":"S1400"}},{"type":"Feature","geometry":{"type":"LineString","coordinates":[[-77.277969999659803,38.924145000029071],[-77.278767000251221,38.924426999775996],[-77.279076999872629,38.924697999673668],[-77.279151000390783,38.924790000231319],[-77.27926799966832,38.925182000115782],[-77.279252999599734,38.925415000261623],[-77.278903999620255,38.926113000245515],[-77.278911000191272,38.926336999661842]]},"properties":{"NAME":"Elgin Dr","BASENAME":"Elgin","MTFCC":"S1400"}},{"type":"Feature","geometry":{"type":"LineString","coordinates":[[-77.271050000345113,38.882199000317968],[-77.271017999659747,38.882023999651203],[-77.271000999941322,38.88192899966819],[-77.27096300030648,38.881468999720497]]},"properties":{"NAME":"Earls Ct","BASENAME":"Earls","MTFCC":"S1400"}},{"type":"Feature","geometry":{"type":"LineString","coordinates":[[-77.267620999751614,38.877021999832671],[-77.267599999835213,38.876974000335579],[-77.267496000078125,38.876864999900249],[-77.267445999849414,38.87678800022983],[-77.267417000435415,38.876720000242592],[-77.267404000016626,38.876641999662858],[-77.267409999864398,38.876561000234446],[-77.267439000176722,38.876475999793904],[-77.267474000336819,38.876417000012495],[-77.267539999560753,38.876344000084771],[-77.267614000078908,38.876286000251604],[-77.267665000132538,38.876251999676278],[-77.267675000178272,38.876227000312412],[-77.267670000155405,38.876206999835958]]},"properties":{"NAME":null,"BASENAME":null,"MTFCC":"S1630"}},{"type":"Feature","geometry":{"type":"LineString","coordinates":[[-77.255266999655134,38.87632699981301],[-77.255184999639354,38.876358000182115],[-77.255114000392567,38.876402999926768],[-77.255071999661453,38.876442000008829],[-77.254793000002195,38.876794999885433],[-77.254719000382352,38.876857000201767],[-77.254618000099995,38.876926000106714],[-77.254556000175739,38.876990999753211],[-77.254511999794815,38.877064999762545],[-77.254486999680452,38.877137000302525],[-77.25447900018284,38.877219999863101],[-77.254490000053494,38.877296999764852],[-77.254509000320056,38.877351000000345],[-77.254546999954911,38.877419000083137],[-77.25460100038157,38.877480999855067],[-77.254663000305854,38.877530999789684],[-77.25471600000931,38.877562000332915],[-77.254797000200156,38.877598999700233],[-77.254885000063709,38.877623999980095],[-77.254992000193823,38.877635999747618],[-77.255092999577855,38.877633000330441],[-77.25518800001241,38.877615999667704],[-77.255278000424084,38.87758699992645],[-77.25536200008969,38.877544000312426],[-77.255434000059694,38.877490000223538],[-77.255500000181954,38.877419000083137],[-77.255779999666103,38.877063999715688],[-77.256158999782798,38.876586000180112],[-77.256470000127422,38.87619299970887],[-77.25651299978513,38.876138999992165],[-77.256608000219686,38.876052000323355],[-77.256675999991728,38.87600799971883],[-77.256738999740932,38.875982000207046],[-77.256891999901796,38.875934000007511]]},"properties":{"NAME":"Mears St","BASENAME":"Mears","MTFCC":"S1400"}},{"type":"Feature","geometry":{"type":"LineString","coordinates":[[-77.265835999671353,38.893312999739308],[-77.265378999736853,38.892869000076068]]},"properties":{"NAME":"Nanterry Cir SW","BASENAME":"Nanterry","MTFCC":"S1400"}},{"type":"Feature","geometry":{"type":"LineString","coordinates":[[-77.259569000109749,38.88143100028487],[-77.25949200011685,38.881382000283295],[-77.259399000230431,38.881342000128534],[-77.258680000355113,38.881155000277616],[-77.258179999864623,38.881020000195321],[-77.257230000010594,38.880776999820327],[-77.257086000070558,38.880755999930223],[-77.256891999901796,38.880744999985311],[-77.256742000113988,38.880746999975415],[-77.256609999869497,38.880763999889105],[-77.256482999647886,38.880794999721211],[-77.256332999860078,38.880854000063636]]},"properties":{"NAME":"Pekay St SW","BASENAME":"Pekay","MTFCC":"S1400"}},{"type":"Feature","geometry":{"type":"LineString","coordinates":[[-77.25398999956299,38.922440999789863],[-77.254076999601622,38.92230200017115],[-77.25412900037847,38.922233000314591],[-77.254207000196274,38.922151999759222],[-77.254279000166306,38.922101999784452],[-77.254358999633936,38.922064999836309],[-77.254495000076361,38.922026000342299],[-77.254776000283769,38.921971999824805]]},"properties":{"NAME":"Hursley Ct","BASENAME":"Hursley","MTFCC":"S1400"}},{"type":"Feature","geometry":{"type":"LineString","coordinates":[[-77.258791999609798,38.910649999793449],[-77.259487000093969,38.911186999709884],[-77.259530999576597,38.911242999877281],[-77.259558000239082,38.91131099967167],[-77.259562000437043,38.911379000099863],[-77.259545999645184,38.911441000289635],[-77.259509999660196,38.911500000340943],[-77.259461999979621,38.911548000275488],[-77.258888999694179,38.912012000065864],[-77.258836999815628,38.912073999702692],[-77.258796999632651,38.912150000017888],[-77.258784999937092,38.912189000046844]]},"properties":{"NAME":"Westview Ct NE","BASENAME":"Westview","MTFCC":"S1400"}},{"type":"Feature","geometry":{"type":"LineString","coordinates":[[-77.264321999752738,38.897930000196304],[-77.264542999685688,38.89775499982899],[-77.264652000363938,38.897685999877211],[-77.264982000076827,38.897520000235367],[-77.265096999704554,38.897450000295322],[-77.266010999573524,38.896722000044768],[-77.266043000258904,38.896701999744351],[-77.266106999832999,38.89667399987357],[-77.266186000374034,38.896657000271226],[-77.266259000168972,38.896655999800977],[-77.266679000293536,38.896722999814941]]},"properties":{"NAME":"Cherry St SW","BASENAME":"Cherry","MTFCC":"S1400"}},{"type":"Feature","geometry":{"type":"LineString","coordinates":[[-77.260401999787859,38.900242999862705],[-77.260433999574914,38.900220999713916],[-77.261914999881554,38.899040999731319]]},"properties":{"NAME":"Cherry St SE","BASENAME":"Cherry","MTFCC":"S1400"}},{"type":"Feature","geometry":{"type":"LineString","coordinates":[[-77.269353999953324,38.898264999916265],[-77.268939999676533,38.897956999819087],[-77.268743999857961,38.897822999959047],[-77.268100000325703,38.897337999828274],[-77.267932999921129,38.897205999725259],[-77.267722000033942,38.897050000113353],[-77.267335000419649,38.896743999879369],[-77.26697700021937,38.896482000262552],[-77.266773999829766,38.896341999665452]]},"properties":{"NAME":"Pleasant St SW","BASENAME":"Pleasant","MTFCC":"S1400"}},{"type":"Feature","geometry":{"type":"LineString","coordinates":[[-77.247224000234098,38.887848000115277],[-77.247348000082638,38.887995999818862],[-77.247379000044788,38.888044000261239],[-77.247428000448579,38.888150999848783],[-77.247461999885473,38.888282000111097],[-77.247471999931207,38.888396999838008],[-77.247465000258515,38.888488999905015],[-77.247440999969072,38.888611999770461],[-77.247308999724581,38.889000999864479],[-77.247041999760896,38.889778999954828],[-77.247001999577918,38.889896999653949],[-77.245633000322599,38.891580999893101],[-77.245573000048125,38.891655999931309]]},"properties":{"NAME":"Fardale St SE","BASENAME":"Fardale","MTFCC":"S1400"}},{"type":"Feature","geometry":{"type":"LineString","coordinates":[[-77.251533000361391,38.928515999775883],[-77.251290999613744,38.928070000075394],[-77.251249999605875,38.927818999706552],[-77.251552999554562,38.927294000314973],[-77.251892000386604,38.926205999720928],[-77.251955000135794,38.926000000215431],[-77.251966999831367,38.925892999656106],[-77.251960999983567,38.925842000162255],[-77.251916999602642,38.92563799972347],[-77.251915999777722,38.925528999889174],[-77.251936999694124,38.925433000031084],[-77.25197400040237,38.925316000050209],[-77.252011000212292,38.925197999808361],[-77.252068000113695,38.925046999858147],[-77.252139000258808,38.924910999970407],[-77.252315999810804,38.924654999926624],[-77.25239799982657,38.924506999752936],[-77.252484999865217,38.9243039997491],[-77.252505999781604,38.924237999987717],[-77.252792999836771,38.923330999884541],[-77.252889000096246,38.923026999904614]]},"properties":{"NAME":"Palm Springs Dr","BASENAME":"Palm Springs","MTFCC":"S1400"}},{"type":"Feature","geometry":{"type":"LineString","coordinates":[[-77.290596999567754,38.904670000135901],[-77.288889000378703,38.904590999824464],[-77.288804999814801,38.904578000056809],[-77.288717999776154,38.904549000136321],[-77.288644000156324,38.904508999744486],[-77.288495000193407,38.904403999657184],[-77.288410999629505,38.904355000122564],[-77.288325000314089,38.904320000034851],[-77.28774700000578,38.904142000340194],[-77.287471999646158,38.904057000041838],[-77.287341999949817,38.904004000199073],[-77.28720999970534,38.903935999696586],[-77.287070999788156,38.90384499973436],[-77.286951999962483,38.903746000188406],[-77.286850999680141,38.903639000326194],[-77.286768999664375,38.903526000159495],[-77.286705999915185,38.903412999812886],[-77.286657000409704,38.903289000036018],[-77.286624999724339,38.903158000188718],[-77.286613000028765,38.903022000294321],[-77.286622000249594,38.902890000271057],[-77.286655999686474,38.90274799965426],[-77.286742999725121,38.902532999868455],[-77.286799999626524,38.90241100003216],[-77.287140000283472,38.901688000206804],[-77.287198999834686,38.901531999954749],[-77.287220999575993,38.901437000193503],[-77.287222000299224,38.90134599982472],[-77.287204999682487,38.90125299992652],[-77.28716399967459,38.901152000147171],[-77.287099000275575,38.901046999988907],[-77.286741999900201,38.90063199987452],[-77.286650999663607,38.900535000175267],[-77.286561000150243,38.900424000097345],[-77.286483000332424,38.900304999991185],[-77.285972999796186,38.899275000150219],[-77.28590300037429,38.899125000006244],[-77.285869000039099,38.899010000170691],[-77.285860999643177,38.898922999843087],[-77.285874999886872,38.898822000245076],[-77.285906999673927,38.898714999953604],[-77.286152999721239,38.898091000125412]]},"properties":{"NAME":"Riviera Dr","BASENAME":"Riviera","MTFCC":"S1400"}},{"type":"Feature","geometry":{"type":"LineString","coordinates":[[-77.273810000393723,38.879342000044282],[-77.272607999746342,38.879449000150224],[-77.272189000345008,38.879500000111392],[-77.271549000112401,38.879555000083307],[-77.270534999785994,38.879638000316341],[-77.270121000407514,38.87967900004179],[-77.269976999569167,38.879712999676805],[-77.269845000223,38.879755000067306],[-77.269703999757695,38.879814999882846],[-77.26957700043441,38.879882999705735],[-77.26944900038788,38.879973000296815],[-77.269333999861828,38.880075000129636],[-77.26922900027985,38.88019499986892],[-77.269146000439179,38.880319000109203],[-77.269102999883145,38.880406000148611],[-77.269052999654434,38.880535000010966],[-77.269041999783781,38.880576999915654],[-77.269016999669418,38.880703000179928],[-77.269015000019607,38.88079099974366],[-77.269013000369782,38.880852000076544],[-77.269031999738047,38.881005000325707],[-77.269082999791678,38.881214000321123],[-77.269122999974641,38.881374999680958],[-77.269180999700964,38.881698000084931],[-77.269189000096873,38.881827999679423],[-77.269177000401314,38.881967000236045],[-77.269148999913909,38.882082999672427],[-77.269102999883145,38.882191999796063],[-77.269034000286169,38.882306000317492],[-77.268988000255419,38.882373999854423],[-77.268902999866626,38.882474999766302],[-77.268795999736497,38.882571999657316],[-77.268644000298835,38.882670000083174],[-77.268471000046489,38.882763999808084],[-77.268313999687635,38.882825999811516],[-77.268071999838313,38.882904999861537],[-77.267936000294199,38.882942999907456],[-77.267752999996077,38.883035000044785]]},"properties":{"NAME":"Virginia Center Blvd","BASENAME":"Virginia Center","MTFCC":"S1400"}},{"type":"Feature","geometry":{"type":"LineString","coordinates":[[-77.274952999693241,38.888616000006941],[-77.275103000379389,38.888814999776123],[-77.275243999946369,38.888987000160476],[-77.275336999832803,38.889080000040352],[-77.275488000343856,38.88924099975511],[-77.275547999720004,38.889293000253815],[-77.275762999805153,38.889444999933559],[-77.275838999973146,38.889506999700338],[-77.275978999715221,38.889644000177206],[-77.276074000149777,38.88975899979679],[-77.27616600021129,38.889903000249653],[-77.276235999633172,38.89005099986705],[-77.276496999749071,38.890263999965669],[-77.276536000107143,38.89031700027504],[-77.27655700002353,38.890368000126436]]},"properties":{"NAME":"Pine Knot Dr","BASENAME":"Pine Knot","MTFCC":"S1400"}},{"type":"Feature","geometry":{"type":"LineString","coordinates":[[-77.256617000440514,38.906516000340773],[-77.255921000131409,38.907079000099515],[-77.255576000349933,38.907364000121518]]},"properties":{"NAME":"Pine St SE","BASENAME":"Pine","MTFCC":"S1400"}},{"type":"Feature","geometry":{"type":"LineString","coordinates":[[-77.271616000059552,38.880040999968557],[-77.272083000039785,38.880001999763735]]},"properties":{"NAME":null,"BASENAME":null,"MTFCC":"S1400"}},{"type":"Feature","geometry":{"type":"LineString","coordinates":[[-77.247876000162265,38.909263999920178],[-77.247580999711147,38.909222999794736],[-77.247250000173366,38.909182000344636],[-77.247154999738797,38.909179000162297],[-77.247009999973841,38.909186999716212],[-77.246639000253083,38.90925100030919],[-77.246518999704165,38.909263000326597],[-77.246372000289398,38.909265000212791],[-77.246267999634,38.909255000082204],[-77.246125000417166,38.909222000200565],[-77.245973000081221,38.909165999836752],[-77.245867999600918,38.909115000203421],[-77.245747000125391,38.909035000348432],[-77.245685000201121,38.908983000324426],[-77.245640999820196,38.908933999756158],[-77.245568000025258,38.908832000119489],[-77.245460999895144,38.908613999678302],[-77.24538599955207,38.908505000255211],[-77.245258000403865,38.908367000206752],[-77.245207000350248,38.908321999737844],[-77.245091999824197,38.908239000165153],[-77.244823000210687,38.908085000246125],[-77.244656999631019,38.907990000165746],[-77.244592000232004,38.907927999757739],[-77.244545000376334,38.907858000291888],[-77.2445350003306,38.907835999706485]]},"properties":{"NAME":"Kramer Dr SE","BASENAME":"Kramer","MTFCC":"S1400"}},{"type":"Feature","geometry":{"type":"LineString","coordinates":[[-77.256936000282749,38.912142000098889],[-77.256773000076123,38.911570999970479],[-77.256145000437414,38.911089999752292],[-77.256041999606936,38.911011999863184],[-77.254691999719867,38.909990999916452]]},"properties":{"NAME":"Kenyon Ln NE","BASENAME":"Kenyon","MTFCC":"S1400"}},{"type":"Feature","geometry":{"type":"LineString","coordinates":[[-77.270135999577818,38.881121999923778],[-77.270179999958756,38.88153300012263],[-77.270292000111752,38.882172000299136]]},"properties":{"NAME":"Curzon Ct","BASENAME":"Curzon","MTFCC":"S1400"}},{"type":"Feature","geometry":{"type":"LineString","coordinates":[[-77.27014499979866,38.890484999688304],[-77.270093999745029,38.890555000200571],[-77.270029000346014,38.8906159998416],[-77.269949999804993,38.890668000032939],[-77.269696000260083,38.89079399988151],[-77.269558000167834,38.89084299968458],[-77.269409000204902,38.890877000270031],[-77.269266000089786,38.890893999857525],[-77.269131000370564,38.890897999965496],[-77.268984000057472,38.890887000192386],[-77.268799999934458,38.890851999758858],[-77.268498999635568,38.890755999839733]]},"properties":{"NAME":"Stephen Cir SW","BASENAME":"Stephen","MTFCC":"S1400"}},{"type":"Feature","geometry":{"type":"LineString","coordinates":[[-77.27353300038429,38.890080000114963],[-77.273601000156361,38.890107999788597],[-77.273682000347208,38.890125000259303],[-77.27377000021076,38.890126999985362],[-77.273844999655495,38.890115000229677],[-77.273914999975716,38.890089000285975],[-77.274171000068748,38.889942999779777],[-77.274325000054517,38.889862000130996]]},"properties":{"NAME":"Wild Olive Ct","BASENAME":"Wild Olive","MTFCC":"S1400"}},{"type":"Feature","geometry":{"type":"LineString","coordinates":[[-77.26910100023332,38.90837400024607],[-77.268873999554302,38.90855600032674],[-77.268743000033041,38.908648999746148],[-77.268597000443179,38.908737999940826],[-77.268496000160837,38.908790000144322],[-77.268228000372233,38.908909000009515],[-77.268076999861165,38.908983000324426],[-77.267973999929026,38.909046999703321],[-77.26761999992668,38.909313999853538]]},"properties":{"NAME":"Hill Top Rd NE","BASENAME":"Hill Top","MTFCC":"S1400"}},{"type":"Feature","geometry":{"type":"LineString","coordinates":[[-77.235825000014486,38.910204000324178],[-77.237373000268278,38.910731999770164],[-77.237465000329777,38.910746000080628],[-77.237562000414158,38.910744999808898],[-77.237636999858907,38.910731999770164],[-77.237706000354208,38.91068299971019],[-77.237784999996904,38.910646999673162],[-77.237868999662496,38.910618999709385],[-77.23794300018065,38.910568999996194],[-77.237993000409375,38.910519000247845],[-77.238152000418026,38.910317000346652]]},"properties":{"NAME":"Woodford Ct","BASENAME":"Woodford","MTFCC":"S1400"}},{"type":"Feature","geometry":{"type":"LineString","coordinates":[[-77.269695000435163,38.878465999849389],[-77.270800000099868,38.878338999785399],[-77.271729999862373,38.878168000227312],[-77.272559000240847,38.878005999861479],[-77.273961999831357,38.877742000287149],[-77.274776000141244,38.87757700022992],[-77.275073000242159,38.877510000338965],[-77.275781000246823,38.877353000085975],[-77.276998999889415,38.877026000022383]]},"properties":{"NAME":null,"BASENAME":null,"MTFCC":"S1630"}},{"type":"Feature","geometry":{"type":"LineString","coordinates":[[-77.257164999713282,38.916203999695405],[-77.256438000340367,38.916261000291996]]},"properties":{"NAME":"Lynnhill Ct NE","BASENAME":"Lynnhill","MTFCC":"S1400"}},{"type":"Feature","geometry":{"type":"LineString","coordinates":[[-77.239014000408488,38.915763999986865],[-77.239089999678143,38.915912000225099],[-77.23915999999835,38.916056000066128]]},"properties":{"NAME":"Westown Way","BASENAME":"Westown","MTFCC":"S1400"}},{"type":"Feature","geometry":{"type":"LineString","coordinates":[[-77.239433999634727,38.918178999784232],[-77.239324000029868,38.918224999761563],[-77.238682000147463,38.918457000225935]]},"properties":{"NAME":null,"BASENAME":null,"MTFCC":"S1400"}},{"type":"Feature","geometry":{"type":"LineString","coordinates":[[-77.241993999666789,38.900109000121766],[-77.24199899968967,38.899978999724468],[-77.242058000139224,38.899061000072116],[-77.24207400003273,38.898711000285886],[-77.24209400012424,38.898410000348449],[-77.242108000367935,38.898195999760887],[-77.242105999819785,38.898125999788121],[-77.242088000276425,38.898023000251968],[-77.242062000337185,38.897961000228413],[-77.242008999735418,38.897873000259878],[-77.241941999788267,38.897793000320945],[-77.241879999863983,38.89773900024128],[-77.241783999604507,38.897674000000357],[-77.241362999655038,38.897444000337217],[-77.241196000148776,38.897358999710839],[-77.240914999941353,38.897225000120635],[-77.240598999573876,38.897088000283425],[-77.240304999846003,38.896969000179745],[-77.239871000376041,38.896813000047288],[-77.239666000336641,38.896750999666395]]},"properties":{"NAME":"Malraux Dr","BASENAME":"Malraux","MTFCC":"S1400"}},{"type":"Feature","geometry":{"type":"LineString","coordinates":[[-77.287392000178528,38.891289999666341],[-77.287630999654823,38.891182000064546],[-77.288147999863767,38.890934000228015],[-77.288556000292786,38.89074400019031],[-77.288906000097143,38.890572999721819]]},"properties":{"NAME":"Oak Branch Dr","BASENAME":"Oak Branch","MTFCC":"S1400"}},{"type":"Feature","geometry":{"type":"LineString","coordinates":[[-77.228633999639825,38.898549999665121],[-77.228867000166645,38.898408000156458],[-77.228924999892953,38.898361999919935],[-77.229012999756506,38.898301999688243],[-77.229264999651591,38.898128999738425],[-77.229468999866086,38.897990000043222],[-77.229699000019849,38.897837000018846],[-77.229863999876301,38.897733000307589],[-77.229875999571874,38.897725999918208],[-77.23000399961839,38.897662000121485],[-77.230119999969347,38.897602999755215],[-77.230262000259572,38.897541000064109],[-77.230572999705885,38.897440999658826],[-77.230716999645921,38.897407999878716],[-77.231197999869849,38.89726399995962],[-77.23121899978625,38.89725799998579],[-77.231252000296521,38.897249000024104],[-77.23131000002283,38.897231999860253],[-77.231699000185259,38.897125999734065],[-77.232012000179722,38.897053000109175],[-77.232895999911477,38.896885999918879],[-77.233520000250536,38.896773000191168],[-77.233854999986292,38.896713999785447],[-77.234218000209452,38.896643999750083],[-77.234532999853727,38.896569999857405],[-77.234696999885244,38.896517999792181],[-77.234992000336362,38.896405000178056],[-77.235137999926209,38.89633799986408],[-77.235436999676949,38.896174000122706],[-77.235768999937974,38.895981000078457],[-77.235869000395411,38.89592099993245],[-77.235946000388296,38.895866000045402],[-77.236095000351213,38.895744999724464],[-77.236230000070421,38.895614999727762],[-77.236367000337779,38.895455000265606],[-77.236426999713927,38.895384999688432],[-77.236461000049104,38.895341999659195],[-77.23652700017135,38.8952590002934],[-77.237076000167335,38.894597999876936],[-77.23729799992519,38.894329999812612],[-77.237807999563131,38.893715000318721],[-77.238291000335209,38.893059999844624],[-77.238499999674275,38.892790999744697],[-77.238981999723109,38.892194999852556],[-77.23905100021841,38.892104000225466],[-77.239540999764856,38.891494000252983],[-77.240253999792387,38.890614999985459],[-77.240567999611741,38.890232000208265],[-77.240739000214262,38.890101000046059],[-77.240859999689789,38.889940000182897],[-77.241207999844335,38.88950499995677],[-77.241606000227591,38.889000999864479],[-77.24172900025124,38.888848000052882],[-77.241829999635257,38.888740000234257],[-77.241983999621056,38.8885399996704],[-77.24218899966047,38.888245999902928],[-77.242474999890732,38.887718000348031],[-77.242561000104459,38.887595000333071],[-77.242628999876516,38.887499000207526],[-77.242949000441968,38.886925999950421],[-77.242978999680886,38.886871999999073],[-77.243124000344167,38.886552999695077],[-77.24319200011621,38.886425000185262],[-77.243316999789684,38.886188000325603],[-77.243397000155639,38.886055999777746],[-77.243522999654004,38.88586400013223],[-77.243578999730516,38.885764000067631],[-77.243657000446632,38.885625999873206],[-77.243715999997846,38.885529999883865],[-77.24382599960272,38.885351000008946],[-77.243879000204487,38.885273999744335],[-77.243902999595605,38.885165000153322],[-77.244028000167404,38.884946999770357],[-77.244095000114555,38.88488300034561],[-77.244143999620022,38.884792999680421],[-77.244265999818765,38.884542000089816],[-77.244434000048258,38.884222999812387],[-77.245049000166489,38.883134999754965],[-77.245111999915693,38.883061999735666],[-77.245294000388881,38.882727000332956],[-77.245337999871481,38.882578000172515],[-77.245502999727947,38.882270999851769],[-77.24552500036755,38.882232000171619],[-77.245686000026055,38.881951999867113],[-77.245794999805995,38.881831000318137],[-77.245947999966873,38.881553999783094],[-77.246055000096987,38.881373999694695],[-77.246420999794879,38.880718000113276],[-77.246515000404514,38.880558999959554],[-77.246621999636332,38.880353000137255],[-77.246695000329581,38.880193999866101],[-77.246732000139502,38.880089000191269],[-77.246777000345347,38.879908999888215],[-77.246784000018039,38.87988499972009],[-77.246810999782213,38.879734999884448],[-77.246823000376111,38.87961600007862],[-77.246825000025922,38.879568000235722],[-77.246830000048789,38.879455000229846],[-77.246826999675747,38.87936999975426],[-77.246783000193133,38.879036999766434],[-77.246783000193133,38.878936999883337],[-77.246746000383197,38.878666000101134],[-77.246722000093754,38.878425000123343],[-77.246688999583483,38.878211000163105],[-77.246565999559834,38.877233999787869],[-77.246559999712048,38.877179000117579],[-77.246534999597699,38.877020999785195],[-77.246398000228652,38.875886999839004],[-77.246341000327234,38.875394999795496],[-77.246310000365114,38.875112000301272],[-77.246144999610351,38.873779999995641],[-77.246141000310715,38.873748999900776],[-77.246111999998377,38.87351500001175],[-77.24604400022632,38.872983999773062]]},"properties":{"NAME":"State Rte 698","BASENAME":"698","MTFCC":"S1400"}},{"type":"Feature","geometry":{"type":"LineString","coordinates":[[-77.240302000371273,38.920185000232969],[-77.239708000169443,38.919266999768233],[-77.239445000403705,38.918849000154616],[-77.239431000159996,38.91873100033969],[-77.239369000235712,38.918612000167734],[-77.239256000257797,38.918543999680317],[-77.238976999700242,38.918661000344919]]},"properties":{"NAME":"Dawson St","BASENAME":"Dawson","MTFCC":"S1400"}},{"type":"Feature","geometry":{"type":"LineString","coordinates":[[-77.249359000118716,38.925216000331744],[-77.249409000347427,38.925014999702441],[-77.249411999822158,38.924984999674429],[-77.249409000347427,38.924871999944166],[-77.249385999882904,38.924757999959759],[-77.249344000050101,38.924651999699485],[-77.249143000208662,38.924306999990961],[-77.24911999974411,38.924227999870261],[-77.249117000269379,38.924149999744351],[-77.2491330001629,38.924070000063793],[-77.249176999645528,38.923976999884921],[-77.249232999722011,38.923906000087101],[-77.249298000019351,38.923851000214626],[-77.249386999707824,38.923799999951662],[-77.249474999571362,38.923769000020521],[-77.249701000425475,38.923723000142928],[-77.250100999560232,38.923645000160704],[-77.250267999964834,38.923611999981127],[-77.250606999898537,38.923531999693914],[-77.250796000044417,38.923470999676375],[-77.251416000185515,38.923238000134745],[-77.25152999998835,38.923183999840809],[-77.251579000392155,38.923153999737416],[-77.251725999806936,38.923047999876133]]},"properties":{"NAME":"Pebble Beach Dr","BASENAME":"Pebble Beach","MTFCC":"S1400"}},{"type":"Feature","geometry":{"type":"LineString","coordinates":[[-77.246021999586702,38.911897000133912],[-77.246086000059137,38.911925000292555],[-77.246202000410079,38.911949000120153],[-77.24629699994631,38.911972999939643],[-77.246364999718381,38.911977999813651],[-77.246575999605568,38.911965000000698],[-77.246696000154486,38.911969999875268],[-77.246814999980174,38.911982999687304],[-77.246898999645751,38.911979000068008],[-77.246942000201784,38.911972999939643],[-77.247100000385529,38.91192400003743],[-77.247388000265616,38.911815999662736],[-77.247486000174916,38.911764999836443],[-77.247532000205666,38.911723000198691],[-77.247565999642532,38.911659999996424]]},"properties":{"NAME":"Westwood Forest Ln","BASENAME":"Westwood Forest","MTFCC":"S1400"}},{"type":"Feature","geometry":{"type":"LineString","coordinates":[[-77.268728999789346,38.875536999853544],[-77.269035999935994,38.875524999731539],[-77.26923000010477,38.875473000345117]]},"properties":{"NAME":"Deer Hollow Way","BASENAME":"Deer Hollow","MTFCC":"S1400"}},{"type":"Feature","geometry":{"type":"LineString","coordinates":[[-77.268982000407647,38.902047000054033],[-77.269976999569167,38.901567999720719],[-77.270019000300266,38.901545000280144],[-77.270050000262415,38.90151200030995],[-77.270102999965872,38.901378000167441],[-77.2701270002553,38.901300000093237],[-77.270154000019474,38.901279999683986],[-77.27019099982941,38.901274000049476],[-77.270534999785994,38.901295000166229],[-77.270887000138487,38.901312999762048],[-77.27094499986481,38.901319000092307]]},"properties":{"NAME":"Walnut Ln NW","BASENAME":"Walnut","MTFCC":"S1400"}},{"type":"Feature","geometry":{"type":"LineString","coordinates":[[-77.267843000407765,38.89254799977661],[-77.266704000407884,38.893211000033887]]},"properties":{"NAME":"Meadow Lane St SW","BASENAME":"Meadow Lane","MTFCC":"S1400"}},{"type":"Feature","geometry":{"type":"LineString","coordinates":[[-77.271455000401062,38.895333000153855],[-77.271591999770109,38.895234999717459],[-77.272025000313462,38.894880000271826],[-77.272088000062652,38.894798999960621],[-77.272117000374976,38.894732000229013],[-77.272124000047668,38.894677000120311]]},"properties":{"NAME":"Millwood Ct SW","BASENAME":"Millwood","MTFCC":"S1400"}},{"type":"Feature","geometry":{"type":"LineString","coordinates":[[-77.269695000435163,38.878465999849389],[-77.268697999827182,38.878596999787646],[-77.26804699972395,38.878631999965165]]},"properties":{"NAME":null,"BASENAME":null,"MTFCC":"S1630"}},{"type":"Feature","geometry":{"type":"LineString","coordinates":[[-77.227790000091048,38.912349999796234],[-77.227995999955382,38.912321000254735],[-77.228114999781056,38.912315000155331],[-77.228238999629625,38.912323000054776],[-77.228358000353623,38.912344999948488],[-77.228462000110696,38.912377000226421],[-77.228611000073599,38.912442999836742],[-77.228867000166645,38.912575999818245],[-77.229582999668906,38.912940000332455],[-77.231161000059942,38.913732000001936],[-77.231439999719186,38.913874999844907],[-77.231653000154509,38.913969000210372],[-77.232245999633122,38.914196999717092],[-77.232588999764801,38.914323999976922],[-77.233291999746598,38.914576000078334],[-77.23465400022755,38.915060999882641],[-77.234954999628101,38.915176000279686],[-77.235280000216434,38.915254999994637],[-77.235322999874143,38.915270000319879],[-77.235600999708481,38.915368999870751],[-77.236047999597233,38.915549999984535],[-77.2363890000791,38.915695000063124],[-77.236678999608998,38.915828000241127],[-77.236929999679177,38.915976000345843],[-77.237013000418159,38.9160369998175],[-77.237358000199649,38.91631999983133],[-77.237528000078967,38.916460000176656],[-77.237677000041884,38.916582999822815],[-77.237873999685377,38.916760999774247],[-77.238056999983485,38.91692999971545],[-77.23812099955758,38.916994000316016],[-77.238235000258712,38.917105999830241],[-77.238319999749208,38.917213999843412]]},"properties":{"NAME":"State Rte 677","BASENAME":"677","MTFCC":"S1400"}},{"type":"Feature","geometry":{"type":"LineString","coordinates":[[-77.25495299983578,38.885328000211075],[-77.255182000164638,38.885190999801502],[-77.25529599996743,38.885105999894364],[-77.255392000226905,38.885016000210882],[-77.255476999717402,38.884913999779172],[-77.255525000296288,38.884834999865156],[-77.255547000037609,38.884764000071094],[-77.255550000410651,38.884691000327038],[-77.25553399961882,38.884614999986965]]},"properties":{"NAME":"Dove Cir SW","BASENAME":"Dove","MTFCC":"S1400"}},{"type":"Feature","geometry":{"type":"LineString","coordinates":[[-77.25238299975797,38.889563000187465],[-77.252130000037965,38.889627000290609],[-77.250242999850471,38.890101999909433],[-77.247830999956406,38.890708999686318]]},"properties":{"NAME":"Kingsley Rd SE","BASENAME":"Kingsley","MTFCC":"S1400"}},{"type":"Feature","geometry":{"type":"LineString","coordinates":[[-77.269353999953324,38.898264999916265],[-77.269481999999854,38.898359999726594],[-77.269723999849163,38.898529000134808],[-77.270273999670081,38.898943000217116],[-77.270534999785994,38.899140999980808],[-77.270894999636099,38.899419000186043],[-77.271014000360125,38.899497999960325],[-77.27108899980486,38.899544000160077],[-77.271333000202333,38.899658999829946],[-77.27167200013605,38.899786000233739]]},"properties":{"NAME":"Pleasant St NW","BASENAME":"Pleasant","MTFCC":"S1400"}},{"type":"Feature","geometry":{"type":"LineString","coordinates":[[-77.282128000174367,38.884790999804203],[-77.282630000314697,38.885371999939508],[-77.282836000179017,38.885567999924341],[-77.282965999875358,38.885701999831021]]},"properties":{"NAME":"Courthouse Oaks Rd","BASENAME":"Courthouse Oaks","MTFCC":"S1400"}},{"type":"Feature","geometry":{"type":"LineString","coordinates":[[-77.265546999966332,38.887211999655854],[-77.265942999801467,38.887035000335779],[-77.26605999997733,38.886970000087658],[-77.266164999559322,38.886893000179292],[-77.266256999620822,38.886801000143031],[-77.266342999834549,38.886693000009252],[-77.266413999979662,38.886563000226097],[-77.266466999683118,38.886452999901074],[-77.266537000003311,38.886351000133992],[-77.266614999821115,38.886263999682207],[-77.266712999730416,38.88617799974179],[-77.267060999884947,38.885946999988057]]},"properties":{"NAME":"Truman Cir SW","BASENAME":"Truman","MTFCC":"S1400"}},{"type":"Feature","geometry":{"type":"LineString","coordinates":[[-77.257137999949094,38.894360000214441],[-77.257035000016941,38.894339999947952],[-77.256963000046923,38.894310000236857],[-77.256742000113988,38.894163000210725]]},"properties":{"NAME":"Charles Cir SW","BASENAME":"Charles","MTFCC":"S1400"}},{"type":"Feature","geometry":{"type":"LineString","coordinates":[[-77.273287000336978,38.922708999975427],[-77.274227999970151,38.922342000320654],[-77.274647000269809,38.922189999772449],[-77.274817999974047,38.922186000029484]]},"properties":{"NAME":"Blythe Dale Ct","BASENAME":"Blythe Dale","MTFCC":"S1400"}},{"type":"Feature","geometry":{"type":"LineString","coordinates":[[-77.263623999793836,38.902835999873034],[-77.264886999642258,38.903810000094253],[-77.265201000359937,38.904036999710115],[-77.266424999850329,38.904969999748033],[-77.267378999902263,38.905705999969541],[-77.267665999957444,38.90591699997254],[-77.268131000287852,38.906270999831179],[-77.268621999659217,38.906655000122633]]},"properties":{"NAME":"Mill St NE","BASENAME":"Mill","MTFCC":"S1400"}},{"type":"Feature","geometry":{"type":"LineString","coordinates":[[-77.27436900043547,38.90982299981345],[-77.274479999865235,38.909920000104506],[-77.274647000269809,38.910042000318391],[-77.275055999625394,38.91029400024528],[-77.275146999862017,38.910342999874771],[-77.275326999787069,38.91042800033582],[-77.275575000382489,38.910522999949414],[-77.275926000011765,38.910652999913573],[-77.276048000210494,38.910713999766308],[-77.276146000119809,38.9107779996815],[-77.276232000333522,38.910852999716177],[-77.276299000280673,38.910933000318231],[-77.276357000006996,38.911029000222698],[-77.276393999816904,38.911128999664733],[-77.276427000327203,38.91130700001451],[-77.276453000266443,38.911409999852012],[-77.27649500009926,38.911505000248276],[-77.27655600019861,38.911596999738279],[-77.276627000343723,38.911674999683534],[-77.276815999591307,38.911859000200515],[-77.27695399968357,38.912027999932256],[-77.277027000376819,38.912090000254047],[-77.277082999554992,38.912126000258255],[-77.277179999639387,38.912176000272538],[-77.277289000317637,38.912214000036229],[-77.277404999770269,38.91223599996367],[-77.277523999595957,38.91224200006981],[-77.277639999946899,38.912231999659632],[-77.277741000229256,38.912210999982044],[-77.277844000161409,38.912175000021016],[-77.278101999904266,38.912041999987082],[-77.278289000400335,38.911928999914892]]},"properties":{"NAME":"Center St","BASENAME":"Center","MTFCC":"S1400"}},{"type":"Feature","geometry":{"type":"LineString","coordinates":[[-77.254915000200938,38.894292000264258],[-77.256587000303284,38.892960999944485],[-77.257727999952976,38.892058000100711],[-77.257810999793662,38.891991999717625],[-77.257988000243984,38.891865999896645],[-77.258226999720264,38.891722999767914],[-77.25855800015637,38.891541999730073],[-77.258712000142168,38.891472000190497],[-77.258958000189466,38.891370999784357],[-77.259502999987504,38.89119100009593],[-77.25990200019568,38.891100999731052],[-77.260066000227198,38.891049999706738],[-77.260232999733461,38.890983999785476],[-77.260396999764993,38.890902999925345],[-77.261204000402159,38.890409999812078],[-77.262343000402041,38.889719000163055],[-77.262401000128378,38.889683999853176],[-77.262593999573895,38.889566999671175],[-77.262884999827023,38.88939099979936],[-77.263262000293878,38.889165000087253],[-77.263575000288341,38.889000999864479],[-77.263783999627407,38.888899000259812],[-77.264077000428685,38.888771999964561],[-77.264416000362388,38.888642999674516],[-77.26481499967224,38.888508999721388],[-77.264976000229041,38.888463999951782],[-77.265043000176192,38.888445999896113],[-77.265552999814119,38.88830199998575],[-77.265839000044394,38.88820299974693],[-77.266091999764384,38.888102000286374],[-77.266335000336952,38.887993000139758],[-77.266449000139758,38.887937999707184],[-77.266674000270655,38.887817999759797],[-77.266935000386567,38.887659000111576],[-77.267189999756383,38.887484000307303],[-77.267576000444066,38.887181999730998],[-77.267657999561521,38.887135999914918],[-77.267795999653785,38.887073000270441]]},"properties":{"NAME":"Tapawingo Rd SW","BASENAME":"Tapawingo","MTFCC":"S1400"}},{"type":"Feature","geometry":{"type":"LineString","coordinates":[[-77.26923000010477,38.875473000345117],[-77.269271999937558,38.875542000195146],[-77.269333999861828,38.875631999990027],[-77.269343999907591,38.87572299973673],[-77.269327000189136,38.875818999689031],[-77.269318999793214,38.875950000310745],[-77.269343000082671,38.876116000009681]]},"properties":{"NAME":"Deer Hollow Way","BASENAME":"Deer Hollow","MTFCC":"S1400"}},{"type":"Feature","geometry":{"type":"LineString","coordinates":[[-77.274041000372407,38.915972000252602],[-77.27422999961999,38.916028000139349],[-77.276225999587425,38.916700999714813],[-77.276378999748289,38.916778000154586],[-77.276488000426568,38.916834000104259],[-77.277032000399672,38.917082999832076],[-77.278041999629835,38.917475999839517],[-77.278948000001193,38.917820999914127],[-77.279072999674653,38.917852999819843],[-77.279199999896264,38.917869999938581],[-77.279327999942794,38.9178720002812],[-77.27945500016439,38.917860000321475],[-77.279606999602052,38.917827000246994],[-77.279682999770046,38.917808999945777],[-77.280066000084673,38.91772200028916],[-77.280179999887494,38.917702999787643],[-77.280303999736063,38.917695999969425],[-77.280424000284981,38.917703999961311],[-77.280544999760465,38.917726000283764],[-77.28065400043873,38.917759999879166],[-77.28074999979988,38.917802000138003],[-77.280938999945775,38.917905999806649],[-77.281010999915793,38.917965000075107],[-77.281068999642116,38.918032999719486],[-77.281108999825094,38.91810799977592],[-77.281130999566415,38.918190000222204],[-77.281132000289617,38.918279999801655],[-77.28111100037323,38.918363000213567],[-77.281073999664997,38.918436000293433],[-77.28101599993866,38.91850699997358],[-77.280793000355914,38.918741999993152],[-77.280517000171372,38.919034999855363],[-77.280456999896927,38.919092000274752],[-77.280326000375666,38.919198999908502],[-77.2801809997124,38.919298000268498],[-77.279876999938779,38.919494999726851],[-77.279681999945126,38.919641000278141],[-77.279567000317385,38.919745000047207],[-77.279296000155739,38.920046999829829]]},"properties":{"NAME":"Prelude Dr","BASENAME":"Prelude","MTFCC":"S1400"}},{"type":"Feature","geometry":{"type":"LineString","coordinates":[[-77.244494000322717,38.92368799982102],[-77.245143999702748,38.923242999913995],[-77.245250999832862,38.923175999767899],[-77.245424999910128,38.92306600024618],[-77.245563999827311,38.922967000251269],[-77.24618800016637,38.922546999859122],[-77.246291999923443,38.922453999780508],[-77.24637899996209,38.922354000221311],[-77.246449000282283,38.922246000343343],[-77.246501000160819,38.922136000078666],[-77.246536000320916,38.922020999778439],[-77.246553000039341,38.921901000117238],[-77.24655200021445,38.921777999904457],[-77.246542999993608,38.921715000241313],[-77.246515000404514,38.921602000195094],[-77.246342000152168,38.921089000338334],[-77.246317000037806,38.921002999938025],[-77.246305000342247,38.920918999690208],[-77.246301999969191,38.920824000013994],[-77.246306999992072,38.920707000120217],[-77.246333999756246,38.920519000340867],[-77.246362000243636,38.920411999902015],[-77.246409000099305,38.920297000302064],[-77.246467999650548,38.92018799995008],[-77.246584000001505,38.920004000059592],[-77.246892999797979,38.919555999668177]]},"properties":{"NAME":"Pine Valley Dr","BASENAME":"Pine Valley","MTFCC":"S1400"}},{"type":"Feature","geometry":{"type":"LineString","coordinates":[[-77.284230000447025,38.886536999681518],[-77.284334000204097,38.886678999850396],[-77.284502000433591,38.886879999968585],[-77.284911999614096,38.88741299966442],[-77.285023999767091,38.887538999692907]]},"properties":{"NAME":"Pipe Stem Ln","BASENAME":"Pipe Stem","MTFCC":"S1400"}},{"type":"Feature","geometry":{"type":"LineString","coordinates":[[-77.25238299975797,38.889563000187465],[-77.253239999725537,38.889348000336462],[-77.256612000417647,38.888504000292258],[-77.257183000154953,38.888351999997397],[-77.257298999607585,38.888308000016949],[-77.257425000004275,38.888244000123912]]},"properties":{"NAME":"Kingsley Rd SW","BASENAME":"Kingsley","MTFCC":"S1400"}},{"type":"Feature","geometry":{"type":"LineString","coordinates":[[-77.276235999633172,38.89005099986705],[-77.275982999913182,38.890110000214356],[-77.27572099997235,38.890163999801985]]},"properties":{"NAME":"Scotch Pine Ct","BASENAME":"Scotch Pine","MTFCC":"S1400"}},{"type":"Feature","geometry":{"type":"LineString","coordinates":[[-77.235916000251066,38.893945999982314],[-77.235970999604334,38.893808000300879],[-77.236069000411945,38.893528000173951],[-77.236116000267614,38.893450999683353],[-77.23617999984171,38.893380999927643],[-77.236206999605884,38.893358999750454],[-77.236333000002588,38.893291000240175],[-77.236509999554599,38.893215000011381],[-77.236569000004152,38.893175000226265],[-77.236615999859794,38.893125000113621],[-77.236835000142918,38.892849999913579],[-77.237619000315547,38.891879999732424],[-77.238600999956603,38.890657000224202],[-77.23881299966871,38.890325999716808],[-77.238965999829588,38.89005099986705]]},"properties":{"NAME":"Rockbridge St","BASENAME":"Rockbridge","MTFCC":"S1400"}},{"type":"Feature","geometry":{"type":"LineString","coordinates":[[-77.246398000228652,38.875886999839004],[-77.245598999987408,38.875909999895597],[-77.245573999873059,38.875914000147958],[-77.245431999582834,38.87591899976367],[-77.245349999567068,38.875912000021835],[-77.245280000145172,38.875897999836624],[-77.245183999885711,38.875864999838775],[-77.244848000325035,38.875694999988454],[-77.244778000004843,38.875662999962934],[-77.244721000103425,38.875641999960237],[-77.244562000094774,38.875601000003655],[-77.244415999606602,38.875579999982584],[-77.244280000062474,38.875574000275144],[-77.244095999939447,38.875581000050332],[-77.243893000448182,38.875607999776172],[-77.243839999846415,38.875615000247315],[-77.243699000279435,38.875652999995722],[-77.243673000340152,38.875659999763123],[-77.243361000170623,38.875761000126758],[-77.243209999659584,38.875818999689031],[-77.243017000214039,38.875909999895597],[-77.242694999998747,38.876105000045811],[-77.242556999906498,38.876171999862777],[-77.242275999699103,38.876294000014362],[-77.242214999599724,38.876329999984662],[-77.242172999766936,38.8763550000116],[-77.242151999850535,38.876373000333253],[-77.242114000215707,38.876403999982934],[-77.242049999743301,38.876486000344663],[-77.241945000161309,38.87666400012197],[-77.24180500041922,38.8769020003298]]},"properties":{"NAME":"Willowmere Dr","BASENAME":"Willowmere","MTFCC":"S1400"}},{"type":"Feature","geometry":{"type":"LineString","coordinates":[[-77.278597000371903,38.901517999924344],[-77.279543999852862,38.902525999952275],[-77.279885000334701,38.902890000271057],[-77.280644000392996,38.903695000156596]]},"properties":{"NAME":"Lincoln St NW","BASENAME":"Lincoln","MTFCC":"S1400"}},{"type":"Feature","geometry":{"type":"LineString","coordinates":[[-77.265090999856781,38.886293000077764],[-77.265208000032629,38.886082999719051],[-77.265245999667471,38.885979000277224],[-77.265263000284222,38.885871000292326],[-77.265264000109127,38.885731999681617],[-77.265247000390687,38.885612000203338],[-77.265203999834682,38.885483999697364],[-77.26514899958309,38.88538000007788],[-77.265014999688788,38.885204000321288]]},"properties":{"NAME":"Potterton Cir SW","BASENAME":"Potterton","MTFCC":"S1400"}},{"type":"Feature","geometry":{"type":"LineString","coordinates":[[-77.259740999638879,38.877812000068509],[-77.259542000345547,38.877663000091367],[-77.259271000183901,38.877436000093667]]},"properties":{"NAME":"Shasta Ct","BASENAME":"Shasta","MTFCC":"S1400"}},{"type":"Feature","geometry":{"type":"LineString","coordinates":[[-77.281369999941006,38.907483000280145],[-77.28148899976668,38.907316000153791],[-77.281559000086887,38.907225999952082],[-77.281848999616784,38.906931999942614],[-77.282888000057554,38.906008000075154],[-77.283273000022035,38.905680999785147]]},"properties":{"NAME":"Laurel Ridge Rd","BASENAME":"Laurel Ridge","MTFCC":"S1400"}},{"type":"Feature","geometry":{"type":"LineString","coordinates":[[-77.285925999940503,38.907162000329507],[-77.286347999714891,38.907099999897383]]},"properties":{"NAME":"Arroyo Ct","BASENAME":"Arroyo","MTFCC":"S1400"}},{"type":"Feature","geometry":{"type":"LineString","coordinates":[[-77.289092999694901,38.886470999762473],[-77.288988999937814,38.886425000185262],[-77.288937000059278,38.886405999697516],[-77.288721999974129,38.886346999769977],[-77.288634999935482,38.886319000012385],[-77.288586000429987,38.886296999745582],[-77.288521000132675,38.886260999929974],[-77.288445999789602,38.886209000008762],[-77.288407000329855,38.886163000261853],[-77.288399999758852,38.886145000322401],[-77.28839599956089,38.886096999995353]]},"properties":{"NAME":null,"BASENAME":null,"MTFCC":"S1400"}},{"type":"Feature","geometry":{"type":"LineString","coordinates":[[-77.268688999606368,38.9201550002593],[-77.268547000214454,38.92021699977149],[-77.26839200040375,38.920278999928485],[-77.26821999997631,38.92033999989475]]},"properties":{"NAME":null,"BASENAME":null,"MTFCC":"S1400"}},{"type":"Feature","geometry":{"type":"LineString","coordinates":[[-77.278424999944463,38.880742000000055],[-77.278265999935812,38.88073800001947],[-77.277817000397235,38.880728000067073],[-77.2777860004351,38.880672000307676],[-77.277861999704768,38.88017299980369]]},"properties":{"NAME":"Masterworks Dr","BASENAME":"Masterworks","MTFCC":"S1400"}},{"type":"Feature","geometry":{"type":"LineString","coordinates":[[-77.272856000341775,38.879960000218496],[-77.274191000160215,38.879844000113508],[-77.274378999582893,38.879878999676841]]},"properties":{"NAME":"Lagersfield Cir","BASENAME":"Lagersfield","MTFCC":"S1400"}},{"type":"Feature","geometry":{"type":"LineString","coordinates":[[-77.282260000418859,38.895727000115613],[-77.282928000240531,38.895344999727108],[-77.283057000111967,38.895277000020911],[-77.283201999876908,38.895200000028183],[-77.283344000167133,38.895116000004492],[-77.283591999864257,38.894980000088403],[-77.283730999781426,38.894922999881608],[-77.283879999744329,38.894875999688942],[-77.284366999816072,38.894770000241074],[-77.284478000144134,38.8947290001352],[-77.284572999680378,38.894680000216319],[-77.284667000290028,38.894614000172254],[-77.284759000351528,38.894523999949818],[-77.284807000032117,38.894457999760775]]},"properties":{"NAME":"Sunrise Rd","BASENAME":"Sunrise","MTFCC":"S1400"}},{"type":"Feature","geometry":{"type":"LineString","coordinates":[[-77.276998999889415,38.877026000022383],[-77.277501000029744,38.876846999703218],[-77.278289000400335,38.876586000180112],[-77.278460000104573,38.876527999845095],[-77.278496000089575,38.876435999674811]]},"properties":{"NAME":null,"BASENAME":null,"MTFCC":"S1630"}},{"type":"Feature","geometry":{"type":"LineString","coordinates":[[-77.283282000242849,38.909013999724984],[-77.283646000290929,38.908593999931398],[-77.283729000131601,38.90847000011636],[-77.283797999728577,38.908335000218003]]},"properties":{"NAME":"Loch Lomond Dr","BASENAME":"Loch Lomond","MTFCC":"S1400"}},{"type":"Feature","geometry":{"type":"LineString","coordinates":[[-77.241073999950046,38.920721999991933],[-77.240452000159095,38.920935000344166]]},"properties":{"NAME":"Raglan Rd","BASENAME":"Raglan","MTFCC":"S1400"}},{"type":"Feature","geometry":{"type":"LineString","coordinates":[[-77.269362000349233,38.902586000110219],[-77.269492000045588,38.902537000019983],[-77.269573000236434,38.902518000346845],[-77.270534999785994,38.902469999898941],[-77.271019000382978,38.902440999816513],[-77.271079999584032,38.902436999659571],[-77.271340999699945,38.902435999969846],[-77.272078000016904,38.902402000024466],[-77.272263999789743,38.902388999856001],[-77.272837999900105,38.902363999901759],[-77.273093999993137,38.902357999659749],[-77.273333000367742,38.902343000101176],[-77.273863000097165,38.902322999985721],[-77.273884000013567,38.90232200029434],[-77.273903000280143,38.90232200029434],[-77.274013999709922,38.902316999740258],[-77.275227000227957,38.9022619999133],[-77.276024999745971,38.902225999800166],[-77.276997000239575,38.90219899970333],[-77.277065999836566,38.902202000180665],[-77.277148999677223,38.902218000160936],[-77.277224999845217,38.902247000334448],[-77.277290000142543,38.90228699990346]]},"properties":{"NAME":"West St NW","BASENAME":"West","MTFCC":"S1400"}},{"type":"Feature","geometry":{"type":"LineString","coordinates":[[-77.275903000445538,38.920014000073486],[-77.276199999648156,38.919869999877051],[-77.276430999626839,38.919748999927762],[-77.27654100013001,38.919680999831016],[-77.276885999911514,38.919397999941275]]},"properties":{"NAME":"Memory Ct","BASENAME":"Memory","MTFCC":"S1400"}},{"type":"Feature","geometry":{"type":"LineString","coordinates":[[-77.257466000012172,38.918845000223314],[-77.254707999613373,38.919073000140067],[-77.254536999909149,38.919101000263261],[-77.254367000029859,38.919142999728408],[-77.254188999754618,38.919202999819788],[-77.254058000233357,38.919260000104288],[-77.253977999867416,38.919299999871939],[-77.253829999729419,38.919387999840573],[-77.253700999857969,38.91948199989298],[-77.253592999902949,38.919578000115365],[-77.25348300029809,38.919699999802916],[-77.253380000365922,38.919842000057308],[-77.253308000395918,38.919972999867724],[-77.253202000090695,38.92022000018617],[-77.252865999631723,38.921018999874121],[-77.252590000345506,38.921673000201814],[-77.252514000177527,38.921803000010385],[-77.252500999758723,38.921824000344245]]},"properties":{"NAME":"Country Club Dr NE","BASENAME":"Country Club","MTFCC":"S1400"}},{"type":"Feature","geometry":{"type":"LineString","coordinates":[[-77.278312999791481,38.910964999834803],[-77.278736000289086,38.911134000297153],[-77.27909199994123,38.91106600033325],[-77.279616999647786,38.910489999958244]]},"properties":{"NAME":"Docket Ln","BASENAME":"Docket","MTFCC":"S1400"}},{"type":"Feature","geometry":{"type":"LineString","coordinates":[[-77.263309999974467,38.900107999700147],[-77.263817999962583,38.899702000041621],[-77.263855999597411,38.899660000257839],[-77.264272000422338,38.899327000293951],[-77.264350000240142,38.899275999884445],[-77.265197999986896,38.898603000083476],[-77.266464000208373,38.897596000052168]]},"properties":{"NAME":"Locust St SW","BASENAME":"Locust","MTFCC":"S1400"}},{"type":"Feature","geometry":{"type":"LineString","coordinates":[[-77.249471000271726,38.878924000314818],[-77.249422999692811,38.878917000169579],[-77.249388000431026,38.878903999898064],[-77.249352000446009,38.878880000089829],[-77.249135999637645,38.878623999766248],[-77.248683999726026,38.878037000197502],[-77.248650000289146,38.877975000211315],[-77.24861500012905,38.877875000232372],[-77.248599000235529,38.877801999704346],[-77.24855599967951,38.877469000061367],[-77.248560999702363,38.877356000214313],[-77.248578000319128,38.877273000113235],[-77.248606999733113,38.877065999809396],[-77.248604000258396,38.876965999950016],[-77.2485840001669,38.876866999999557],[-77.248524999717361,38.876723999749963],[-77.248508999823827,38.876683999770464],[-77.248446000074651,38.87658099991198],[-77.24836599970871,38.876486000344663],[-77.248010000056553,38.876149999950719],[-77.24796999987359,38.87608799971688],[-77.247948999957188,38.876013000027278],[-77.247929999690612,38.875906999706217],[-77.247882999834928,38.875550000041649],[-77.247857999720594,38.875295999754606],[-77.247834000329448,38.875112000301272],[-77.247815000062886,38.874893999845916],[-77.247790999773443,38.874740000346691],[-77.247632999589683,38.873394000083806],[-77.247620999894124,38.87331100025105],[-77.247615000046338,38.873216999910539],[-77.247580999711147,38.872895000227359]]},"properties":{"NAME":"Maple Ln","BASENAME":"Maple","MTFCC":"S1400"}},{"type":"Feature","geometry":{"type":"LineString","coordinates":[[-77.287582000149342,38.877743000324465],[-77.287535000293659,38.878047999862282]]},"properties":{"NAME":"Trosby Ct","BASENAME":"Trosby","MTFCC":"S1400"}},{"type":"Feature","geometry":{"type":"LineString","coordinates":[[-77.286799999626524,38.90241100003216],[-77.28720999970534,38.90252399987623],[-77.287310999987682,38.90253999978394],[-77.287420999592555,38.90254199985953],[-77.287532999745537,38.902528999716701],[-77.287634999852784,38.902503000122977],[-77.28773000028734,38.90246500005432],[-77.287871999679254,38.902395999785675],[-77.28806199965004,38.902291000068843],[-77.288146000213942,38.902230999661619],[-77.288213000161093,38.902161999864667],[-77.288256999643721,38.902099999959539],[-77.288574999661037,38.901527000044076],[-77.288649000179177,38.90143599979065],[-77.288607000346389,38.901413000307301],[-77.288723999623954,38.901293999761322],[-77.288778999875532,38.901247999996201],[-77.288886999830567,38.901174000007515],[-77.28930699995513,38.900952000277861],[-77.289495000276105,38.900858999863608],[-77.289767000262671,38.900741000200071],[-77.290285000296535,38.900535000175267],[-77.29040900014509,38.900468000262372],[-77.290512999902163,38.900394000159892]]},"properties":{"NAME":"Tanglevale Dr","BASENAME":"Tanglevale","MTFCC":"S1400"}},{"type":"Feature","geometry":{"type":"LineString","coordinates":[[-77.277065000011646,38.878194999669589],[-77.277383000028962,38.878057000158933],[-77.277634999924047,38.877958999664664],[-77.277705000244254,38.877926999959236],[-77.27780200032862,38.877863999841473],[-77.277899000413001,38.877786999854784],[-77.277942999895615,38.877743999662428]]},"properties":{"NAME":null,"BASENAME":null,"MTFCC":"S1630"}},{"type":"Feature","geometry":{"type":"LineString","coordinates":[[-77.258940999572715,38.900488000201236],[-77.259738000164134,38.899858999845655]]},"properties":{"NAME":"Cherry St SE","BASENAME":"Cherry","MTFCC":"S1400"}},{"type":"Feature","geometry":{"type":"LineString","coordinates":[[-77.277931000200056,38.91901400009391],[-77.278188000117993,38.918603000117258]]},"properties":{"NAME":"Concerto Ct","BASENAME":"Concerto","MTFCC":"S1400"}},{"type":"Feature","geometry":{"type":"LineString","coordinates":[[-77.263968999575312,38.910972999886454],[-77.263279000012332,38.911661999815081],[-77.263118000353842,38.911815000105086],[-77.26239000025771,38.912538999795828],[-77.261878000071633,38.913044999676892],[-77.261206000051985,38.913720000041081],[-77.260633999591448,38.914300000253427],[-77.260575999865154,38.914354999840704],[-77.260497000222415,38.914414000265616],[-77.260407999635646,38.91445899966822],[-77.260302000228748,38.914493000129873]]},"properties":{"NAME":"Nelson Dr NE","BASENAME":"Nelson","MTFCC":"S1400"}},{"type":"Feature","geometry":{"type":"LineString","coordinates":[[-77.23964799989497,38.884048999883795],[-77.240376999816036,38.883784999684742],[-77.2407049998791,38.883671000137831],[-77.240939000230824,38.883609000172484],[-77.241185000278108,38.883566999962255],[-77.241359000355388,38.88355099997549],[-77.241438999823018,38.883547000153079],[-77.241684999870301,38.883549000064306],[-77.241970000275671,38.883579000124755],[-77.242125000086361,38.883610000127227],[-77.242365000285872,38.883674999953257],[-77.242812999999529,38.883826999766143],[-77.243283000352818,38.883991000045988],[-77.243427000292854,38.884035999851932],[-77.243502999562523,38.88404400014079],[-77.243576000255771,38.884034999903186],[-77.243599999646904,38.884029000210305]]},"properties":{"NAME":"Pepperdine Dr","BASENAME":"Pepperdine","MTFCC":"S1400"}},{"type":"Feature","geometry":{"type":"LineString","coordinates":[[-77.243144000435635,38.907066000088392],[-77.243112999575189,38.907118000118579],[-77.242632000249557,38.907133000066452],[-77.242638000097344,38.907921999985973]]},"properties":{"NAME":"Notre Dame Dr","BASENAME":"Notre Dame","MTFCC":"S1400"}},{"type":"Feature","geometry":{"type":"LineString","coordinates":[[-77.26873899983508,38.875618999816915],[-77.268204999907695,38.875652999995722]]},"properties":{"NAME":"Deer Glen Ct","BASENAME":"Deer Glen","MTFCC":"S1400"}},{"type":"Feature","geometry":{"type":"LineString","coordinates":[[-77.279264000368684,38.906289999898107],[-77.279522000111541,38.905938999754547],[-77.279783000227454,38.905784999739311],[-77.280010999833095,38.905662000254303],[-77.280281000169836,38.905469000132726],[-77.28064199984486,38.905348000096829],[-77.280902000135853,38.905170000183283]]},"properties":{"NAME":"Terra Ridge Dr","BASENAME":"Terra Ridge","MTFCC":"S1400"}},{"type":"Feature","geometry":{"type":"LineString","coordinates":[[-77.277275999898833,38.892113000139972],[-77.279548000050823,38.894321000178984],[-77.27964599996011,38.894502000126678],[-77.27959800027952,38.894624000267605],[-77.279592000431748,38.894774999928345],[-77.280593000339366,38.895818999777688],[-77.280786999609802,38.895827999920606],[-77.281563000284848,38.895386000176586],[-77.281615000163384,38.895261999665706],[-77.278105000277336,38.891431000278317]]},"properties":{"NAME":"Glengyle Dr","BASENAME":"Glengyle","MTFCC":"S1400"}},{"type":"Feature","geometry":{"type":"LineString","coordinates":[[-77.23739500000957,38.905768999863817],[-77.237097000083736,38.905190999846774],[-77.236773000218648,38.90456399992793],[-77.236762000347994,38.904530999962752],[-77.236752000302246,38.904464999986466],[-77.236758000150033,38.904392000216554],[-77.236772000393728,38.904336000236896],[-77.236818000424478,38.904247000115845],[-77.237071000144482,38.903884999801264],[-77.237388000336892,38.903956000056709],[-77.23758699963021,38.904015999705273]]},"properties":{"NAME":"Westglen Ct","BASENAME":"Westglen","MTFCC":"S1400"}},{"type":"Feature","geometry":{"type":"LineString","coordinates":[[-77.249436000111601,38.896104000254233],[-77.249586999724343,38.895981000078457],[-77.24963899960288,38.895918999670357],[-77.249723000166782,38.895801000187539],[-77.249794000311894,38.895724000063836],[-77.250091000412823,38.895486999767364],[-77.250125999674594,38.895455000265606],[-77.250199000367857,38.895370999844353],[-77.250255000444341,38.895279000301088],[-77.250292000254262,38.89515200022656],[-77.250309999797622,38.895017000173596]]},"properties":{"NAME":"Owaissa Ct SE","BASENAME":"Owaissa","MTFCC":"S1400"}},{"type":"Feature","geometry":{"type":"LineString","coordinates":[[-77.281456000154719,38.903780999860054],[-77.281846000142068,38.904107999813611],[-77.281923000134952,38.904149999762652],[-77.282005000150718,38.904176000151352],[-77.282057000029255,38.904184999934166]]},"properties":{"NAME":"Bruton Pl NW","BASENAME":"Bruton","MTFCC":"S1400"}},{"type":"Feature","geometry":{"type":"LineString","coordinates":[[-77.249692000204647,38.893353999963438],[-77.247805999842043,38.894864000036435],[-77.247511000289279,38.895089999793896],[-77.247480000327116,38.895099999822271],[-77.245624000101756,38.89656900008508],[-77.24541700041253,38.896733000312466],[-77.245186000433847,38.896910999704431],[-77.244849000149941,38.89717500006271],[-77.244633000239872,38.897354000205475],[-77.243753999632688,38.898060999901382],[-77.243706999777032,38.898100999731156]]},"properties":{"NAME":"Adahi Rd SE","BASENAME":"Adahi","MTFCC":"S1400"}},{"type":"Feature","geometry":{"type":"LineString","coordinates":[[-77.281996999754796,38.89957099986826],[-77.282308000099434,38.89990600023598],[-77.282376999696396,38.899995000205671],[-77.282458999712162,38.900122000008572],[-77.282581999735811,38.900379999905105],[-77.282666000299699,38.900506999718473],[-77.282801999843826,38.900665000253696],[-77.282982999593813,38.900851999782397],[-77.283708000215199,38.901609000072732],[-77.283772999614214,38.901653000202501],[-77.283854999629995,38.901686999807438],[-77.283902000383961,38.901698999705239]]},"properties":{"NAME":"Roberts Dr NW","BASENAME":"Roberts","MTFCC":"S1400"}},{"type":"Feature","geometry":{"type":"LineString","coordinates":[[-77.238324999772075,38.91449199991095],[-77.23887700014113,38.914313000337621],[-77.23900299963951,38.914285999945008],[-77.239093000051199,38.914277000044812],[-77.239216000074833,38.914280000011672],[-77.239324999854787,38.914297000287412],[-77.239438999657608,38.914328999685303],[-77.239509999802721,38.91435900002508],[-77.239630000351639,38.914420000187626],[-77.239734999933617,38.91445599970892],[-77.239817999774274,38.914472999942504],[-77.239905999637827,38.91447199972329],[-77.239987999653593,38.914453999968991],[-77.240056000323975,38.914423999669374],[-77.240097000331858,38.91439599979762]]},"properties":{"NAME":"Ashgrove Plantation Cir","BASENAME":"Ashgrove Plantation","MTFCC":"S1400"}},{"type":"Feature","geometry":{"type":"LineString","coordinates":[[-77.272709000028669,38.890640999736625],[-77.27190700031268,38.89088999974927]]},"properties":{"NAME":"Carters Glen Ct SW","BASENAME":"Carters Glen","MTFCC":"S1400"}},{"type":"Feature","geometry":{"type":"LineString","coordinates":[[-77.245424999910128,38.92306600024618],[-77.24585400025552,38.92345799987207],[-77.245936000271286,38.92352399966024],[-77.246036999655317,38.923595999930932],[-77.246364999718381,38.923789999772474],[-77.246474000396645,38.92384300021687],[-77.246635999880041,38.923907000173337],[-77.246782000368214,38.923974999714403],[-77.246988000232534,38.924078000035891],[-77.247446999816844,38.924357999889459],[-77.248068999607781,38.924727999823062],[-77.248195000004486,38.924809000232926],[-77.248432999655847,38.924934000226649],[-77.248692000121935,38.925044999717784],[-77.248989000222849,38.925136999825504],[-77.249174000170783,38.925185000320496],[-77.249359000118716,38.925216000331744],[-77.249482000142351,38.925230999949036],[-77.251166999765189,38.925335999976994],[-77.251284999765971,38.925331999712519],[-77.251411000162662,38.925312999851037],[-77.251571999821138,38.925278000313533],[-77.251658999859785,38.925269999777868],[-77.251744000248593,38.925272999978866],[-77.25197400040237,38.925316000050209],[-77.253499000191624,38.925605999834353],[-77.254971000277422,38.925894999772559],[-77.255019999782931,38.925924000056838],[-77.255050999745066,38.925965000318044],[-77.25506199961572,38.926012000196252],[-77.255019999782931,38.92617999971452],[-77.254958999683552,38.926373000126034],[-77.254863000322402,38.926646999721441]]},"properties":{"NAME":"Higdon Dr","BASENAME":"Higdon","MTFCC":"S1400"}},{"type":"Feature","geometry":{"type":"LineString","coordinates":[[-77.27353400020921,38.923093000093722],[-77.273287000336978,38.922708999975427],[-77.273068000053883,38.922367000227844],[-77.272879999732893,38.922092000064822],[-77.272808999587795,38.921976000278732],[-77.272108000154134,38.920912000189283],[-77.271652000044568,38.920534000252324]]},"properties":{"NAME":"Saint Boniface St","BASENAME":"Saint Boniface","MTFCC":"S1400"}},{"type":"Feature","geometry":{"type":"LineString","coordinates":[[-77.271662000090316,38.915233000304021],[-77.271488999837942,38.915273999753722],[-77.271402999624215,38.915304999901565],[-77.271252000011472,38.91540500030861],[-77.271079999584032,38.915524999772302],[-77.270914999727594,38.915641000319127],[-77.270802999574585,38.915706999690045],[-77.270611999778879,38.915845000146064],[-77.270481000257647,38.915932000006933],[-77.270401999716597,38.915993000215323],[-77.270358000233983,38.916029000336636],[-77.270268999647229,38.916135999696287]]},"properties":{"NAME":"Brenner Ct","BASENAME":"Brenner","MTFCC":"S1400"}},{"type":"Feature","geometry":{"type":"LineString","coordinates":[[-77.25901400026595,38.921892999899654],[-77.259124999695729,38.921769000255502],[-77.259194000191002,38.921673000201814],[-77.259232999650763,38.921591999706095],[-77.259398000405511,38.920989999681574],[-77.259446999911006,38.920784999837863],[-77.259482999896008,38.920478999862596],[-77.259522000254066,38.920322999668791],[-77.259636999881806,38.920015999656748]]},"properties":{"NAME":"Lockerbie Ln","BASENAME":"Lockerbie","MTFCC":"S1400"}},{"type":"Feature","geometry":{"type":"LineString","coordinates":[[-77.256279000331716,38.922082000343735],[-77.256294000400331,38.922310000342613],[-77.256280999981527,38.922400000287659],[-77.256248000369553,38.92249600005654],[-77.256194999767814,38.9225910002897],[-77.256132000018624,38.92266900003289],[-77.256003000147189,38.922787000287791],[-77.255923999606168,38.922864999815502],[-77.255860000032044,38.922952000155249],[-77.255829999894829,38.923004999827931],[-77.255776000366453,38.923133999894411],[-77.255723999589605,38.92326000013918],[-77.255685999954778,38.92333699975152],[-77.255414999793132,38.924180000125467],[-77.255352999868848,38.924398000277513],[-77.255346000196141,38.924502000062752],[-77.25536200008969,38.924607999848263],[-77.255397000249786,38.924712000024478],[-77.255446999580187,38.924802999791559],[-77.255506999854646,38.924874000089403],[-77.255584999672422,38.924935999671256],[-77.255669000236338,38.924984000302253],[-77.255761000297866,38.925021000125831],[-77.255905000237902,38.925059000000168],[-77.256018000215803,38.925073999650664],[-77.256142999889263,38.925075999790202],[-77.2562430003467,38.925064999720966],[-77.256347000103773,38.92504400034646],[-77.256418000248871,38.925021000125831],[-77.256511000135305,38.924983000231194],[-77.256795999642335,38.924871999944166],[-77.257332999942761,38.924708999799805],[-77.25754899985283,38.924662999832762],[-77.257965999604366,38.92473799987004],[-77.258199000131185,38.92483700018915],[-77.25833800004834,38.924949999975155],[-77.258513999775445,38.925166999789248],[-77.258538999889808,38.925258999738766],[-77.258550999585367,38.92542899977208],[-77.258579000072771,38.925527999825796],[-77.258671999959191,38.925654000012017],[-77.258798000355881,38.925789999873139],[-77.25892200020445,38.92586400005802],[-77.259045000228085,38.92592600017241],[-77.259171999551384,38.92596899984791],[-77.259344999803744,38.926000000215431],[-77.259483999720928,38.926005999856685],[-77.259652999775312,38.925990999704339],[-77.259789000217779,38.925960000031758],[-77.259918999914106,38.925909999945205],[-77.259980999838376,38.925872999886366]]},"properties":{"NAME":"Drewlaine Dr","BASENAME":"Drewlaine","MTFCC":"S1400"}},{"type":"Feature","geometry":{"type":"LineString","coordinates":[[-77.259140999589249,38.892165999768892],[-77.259323000062452,38.892114999810111],[-77.259732000316362,38.891985999997587]]},"properties":{"NAME":"Marian Cir SW","BASENAME":"Marian","MTFCC":"S1400"}},{"type":"Feature","geometry":{"type":"LineString","coordinates":[[-77.267003000158624,38.877747999811504],[-77.267002000333719,38.877555000053512],[-77.267019999877064,38.877477999732015],[-77.267054000212255,38.877407000278914],[-77.26710299971775,38.877342000313618],[-77.267162999992195,38.877287000027515],[-77.267234999962227,38.877240000054513],[-77.267325000373916,38.877200999711043],[-77.267415999712185,38.877175999981723],[-77.26751199997166,38.877165000181975],[-77.267608000231121,38.877166000227412],[-77.267708999615152,38.877183000298452],[-77.267808000247669,38.877215000338914],[-77.267862999600922,38.877243000187619],[-77.267932999921129,38.877283999896264],[-77.268004999891161,38.877345999785973],[-77.268055000119872,38.877408999663679],[-77.268092999754714,38.877485000019007],[-77.26811100019637,38.8775659997929],[-77.268110000371465,38.87764500009645],[-77.268087999731833,38.877724999650482],[-77.268050000096991,38.877798000257592],[-77.267992000370683,38.877865999912657],[-77.267928999723182,38.877918000345453],[-77.267844000232685,38.877965999904276],[-77.267780999585156,38.877995000190197],[-77.267628000322603,38.878054000060189]]},"properties":{"NAME":null,"BASENAME":null,"MTFCC":"S1630"}},{"type":"Feature","geometry":{"type":"LineString","coordinates":[[-77.252468999971683,38.893246999823276],[-77.252536999743739,38.893055000036611],[-77.252586000147545,38.892858999733612],[-77.252606000239027,38.892738999709202],[-77.252631000353389,38.892501000109824]]},"properties":{"NAME":"Harmony Dr SW","BASENAME":"Harmony","MTFCC":"S1400"}},{"type":"Feature","geometry":{"type":"LineString","coordinates":[[-77.285529000280462,38.906575999922943],[-77.28566700037274,38.906446000181589],[-77.285732999596661,38.906362999813531],[-77.285781000175547,38.906276999742488],[-77.285812999962602,38.906180000065739],[-77.285824999658161,38.906085999870527],[-77.285817999985483,38.905986000314535],[-77.285795000419256,38.905901000126796],[-77.285756999886118,38.90581700017848],[-77.285698000334875,38.905731000145074],[-77.285629999664494,38.9056600002666],[-77.285541999800955,38.905591000306813],[-77.285356999853022,38.905485999722622],[-77.285295999753643,38.905439000229734],[-77.285251000446124,38.905384000025052],[-77.285222999958719,38.905324000134513]]},"properties":{"NAME":"Carmichael Dr","BASENAME":"Carmichael","MTFCC":"S1400"}},{"type":"Feature","geometry":{"type":"LineString","coordinates":[[-77.262824999552592,38.903474999969639],[-77.264176000162877,38.904504999704059],[-77.264293000338739,38.904588000147164],[-77.264640999594974,38.904855999946903],[-77.265109000298423,38.905246999851144],[-77.265586000324404,38.905585000337538],[-77.265828000173741,38.90576499989438],[-77.266367000123992,38.906187000320656],[-77.266921999967778,38.906602999753297],[-77.267193999954344,38.906798999871199],[-77.267410999689318,38.906972999993208],[-77.26754100028397,38.90708299999492],[-77.26758700031472,38.907138999904909],[-77.267687999698751,38.907281000127711],[-77.267774999737384,38.907360999862341],[-77.267988000172721,38.907522999695416],[-77.26910100023332,38.90837400024607],[-77.269540999551083,38.908711999824831],[-77.269589000129969,38.908758000346204],[-77.269624000290051,38.90881699983165],[-77.269637999635435,38.908881000059182]]},"properties":{"NAME":"Park St NE","BASENAME":"Park","MTFCC":"S1400"}},{"type":"Feature","geometry":{"type":"LineString","coordinates":[[-77.265209999682455,38.901569000121718],[-77.266323999567973,38.902424999886492],[-77.266930000363686,38.902890000271057],[-77.267108999565536,38.903016999789479],[-77.267572000246119,38.903362000240946],[-77.267761000391999,38.903507999726571],[-77.268004000066242,38.90370699971502],[-77.268190999663986,38.903863000081842],[-77.268569999780681,38.904161000277767],[-77.269929999713497,38.905204000201259],[-77.270225999989506,38.905423000276272],[-77.270534999785994,38.9056600002666],[-77.270855000351432,38.905907999710216],[-77.271135999660515,38.906118999811952],[-77.271394000301697,38.906312000263576],[-77.271583000447578,38.906444999849271],[-77.271918000183348,38.906698999921481],[-77.272045000404944,38.906768000202462],[-77.272087000237732,38.906789000092274],[-77.272216000109182,38.906864999774847],[-77.272339999957737,38.906958000011514],[-77.272442000064984,38.907062999816674],[-77.272522000430925,38.907172999678927],[-77.272576999784206,38.907286000332221],[-77.272612999769194,38.907406000241409],[-77.272628999662743,38.907525999947744],[-77.272613999594114,38.907925999833871],[-77.272622999814956,38.908026999763301],[-77.27264899975421,38.908137000228869],[-77.272697000333096,38.908251999961472],[-77.272766999754992,38.908365999901498],[-77.272847999945839,38.908461999782602],[-77.274120000015103,38.909602999743051],[-77.27436900043547,38.90982299981345]]},"properties":{"NAME":"Center St N","BASENAME":"Center","MTFCC":"S1400"}},{"type":"Feature","geometry":{"type":"LineString","coordinates":[[-77.271766999672295,38.881796000317728],[-77.272998999558581,38.881500999928775],[-77.273355000109049,38.881417999773987],[-77.273598999608197,38.881272000327996],[-77.273654999684709,38.881141999716249]]},"properties":{"NAME":"Colonade Cir","BASENAME":"Colonade","MTFCC":"S1400"}},{"type":"Feature","geometry":{"type":"LineString","coordinates":[[-77.260775999881673,38.909060000050651],[-77.26007399972481,38.909619999741068],[-77.259831000050568,38.909807999735023],[-77.259239000396846,38.910284999838929],[-77.259154000008024,38.910362000249812],[-77.258791999609798,38.910649999793449],[-77.257594999883594,38.911602999898435],[-77.256936000282749,38.912142000098889]]},"properties":{"NAME":"Ayr Hill Ave NE","BASENAME":"Ayr Hill","MTFCC":"S1400"}},{"type":"Feature","geometry":{"type":"LineString","coordinates":[[-77.268897999843745,38.879037999785524],[-77.268702999850063,38.879307000216464],[-77.268610999788564,38.879405000250323],[-77.268476000069342,38.879517000323418],[-77.26815499967897,38.879714999695956],[-77.268014999936895,38.879821999939566],[-77.26792100022557,38.879913999922195],[-77.267813000270536,38.880044999988336],[-77.267731000254756,38.880167999787894],[-77.267681999850979,38.880269000038354],[-77.267640999843081,38.880451000127174],[-77.267625999774467,38.880632999749878],[-77.267579999743717,38.881135999779126]]},"properties":{"NAME":null,"BASENAME":null,"MTFCC":"S1630"}},{"type":"Feature","geometry":{"type":"LineString","coordinates":[[-77.246045999876159,38.878829999705715],[-77.246265999984189,38.878714999877687]]},"properties":{"NAME":"Cedar Crossing Ln","BASENAME":"Cedar Crossing","MTFCC":"S1400"}},{"type":"Feature","geometry":{"type":"LineString","coordinates":[[-77.287724000439553,38.881650000249877],[-77.287659000142227,38.881343000115187],[-77.287661999616958,38.881282000203818],[-77.287711999845683,38.881157000256231]]},"properties":{"NAME":"Pepperwood Ct","BASENAME":"Pepperwood","MTFCC":"S1400"}},{"type":"Feature","geometry":{"type":"LineString","coordinates":[[-77.276848000276672,38.908533999957719],[-77.276853000299539,38.908498999833178],[-77.276878000413902,38.908438000173987],[-77.27692199989653,38.908383999801735],[-77.277084000278236,38.908266000062092],[-77.277214999799483,38.90816000033012],[-77.277316000081811,38.908060000200472],[-77.277412000341286,38.907947000080213],[-77.277495000181958,38.907824000146888],[-77.277562999954014,38.907693000279117],[-77.277743999703986,38.907312999892589],[-77.277787000259991,38.907242999820248],[-77.277864000252904,38.907146999688713],[-77.277959999614055,38.907056999971793],[-77.278069000292319,38.906980000169973],[-77.278188000117993,38.90691600032563],[-77.278322000012295,38.90686299982103],[-77.278445000035944,38.906830000225504],[-77.27857399990738,38.906808000020554],[-77.27871700002251,38.906798000242901],[-77.278862999612386,38.906802999782379],[-77.279047999560291,38.906830999853348],[-77.279170999583968,38.906864000147472],[-77.279282999736949,38.906905999864129],[-77.279573999990092,38.907060000243817],[-77.28029000039065,38.907448000336444],[-77.280470000315731,38.907549999864642],[-77.2807010002944,38.907682999927125],[-77.280804000226553,38.907759000050639],[-77.280887000067239,38.907837000019207],[-77.280964000060138,38.907929999681556],[-77.281025999984408,38.908029999994334],[-77.281071000190252,38.90813400000242],[-77.281101000327482,38.908248000131941],[-77.28111100037323,38.90836299968467],[-77.281104999627132,38.908427999926957],[-77.281056999946543,38.908851999799403],[-77.281041000053023,38.909008000045006],[-77.281046999900809,38.909118999984109],[-77.281080000411094,38.909255999675914],[-77.281200999886579,38.909464999732172],[-77.281611999790329,38.909871999768093]]},"properties":{"NAME":"Counsellor Dr","BASENAME":"Counsellor","MTFCC":"S1400"}},{"type":"Feature","geometry":{"type":"LineString","coordinates":[[-77.273694999867686,38.926917000179969],[-77.273985000295909,38.926904999653424],[-77.274335999925171,38.926878999903195],[-77.275083000287907,38.926841999650932],[-77.275270999710571,38.926820000058463],[-77.275416000373838,38.926802999987494],[-77.275537999674256,38.926793000231591],[-77.276235999633172,38.926750999703934],[-77.276454999916282,38.926734000315285],[-77.276529000434437,38.926719999664648],[-77.276594999658386,38.92669399984662],[-77.276655999757722,38.926650999911708],[-77.276702999613406,38.926593999974045],[-77.276787000177308,38.926458000256581],[-77.2771739997916,38.925680000211166],[-77.277279000271903,38.925459999676697],[-77.277969999659803,38.924145000029071],[-77.278300000270988,38.923518999900793],[-77.278357000172406,38.923428999977467],[-77.278423000294637,38.923322999828201],[-77.278465000127426,38.923239000230403],[-77.278687999710186,38.922800000215041],[-77.278895000297751,38.922434999847169],[-77.278962000244903,38.922355999738642],[-77.279055000131308,38.922279999869659],[-77.279153000040608,38.922222999914531],[-77.279260000170723,38.922178999954639],[-77.279507000042955,38.92211300031309],[-77.279896000205355,38.922019999665601],[-77.280805000051473,38.921810000122385],[-77.28101599993866,38.921755000022834],[-77.281224000351131,38.921686000333175],[-77.281277999879492,38.921673000201814],[-77.281595999896808,38.921638999685783],[-77.281713999897576,38.921617999996066],[-77.282113999930658,38.921533999777431],[-77.282289999657763,38.921467000114191],[-77.282681000368328,38.921370999651892],[-77.283030000347765,38.921292999879569],[-77.283570000122936,38.921150000307151],[-77.283832999888688,38.921100000325126],[-77.284032999905207,38.921072000291886],[-77.28412300031691,38.92106600023336],[-77.284524000174898,38.921066999660731],[-77.284715999795523,38.92105500024131],[-77.285089000064417,38.921016000192147],[-77.285201000217413,38.921017000319125],[-77.285321999692925,38.921033999679892],[-77.28566599964951,38.921101999877791],[-77.285730999946836,38.921106999807563],[-77.285832000229178,38.921107999933263]]},"properties":{"NAME":"Clarks Crossing Rd","BASENAME":"Clarks Crossing","MTFCC":"S1400"}},{"type":"Feature","geometry":{"type":"LineString","coordinates":[[-77.265040999628056,38.899954000319916],[-77.265988000007312,38.899207000012368]]},"properties":{"NAME":"Hickory Cir SW","BASENAME":"Hickory","MTFCC":"S1400"}},{"type":"Feature","geometry":{"type":"LineString","coordinates":[[-77.271394000301697,38.889832999794073],[-77.271348000270947,38.889798000239587],[-77.271307000263064,38.889750000283193],[-77.271282000148716,38.88969599968167],[-77.271274999577699,38.889633000209898],[-77.271287999996488,38.889575999907187],[-77.271329000004371,38.889493999967989],[-77.271386999730694,38.889422000062687],[-77.271455000401062,38.889363999716906],[-77.271538000241748,38.889315000291973],[-77.271611999861591,38.889284999856876],[-77.271869999604462,38.889216000066526],[-77.272026999963302,38.889180000331748]]},"properties":{"NAME":"Princess Ct SW","BASENAME":"Princess","MTFCC":"S1400"}},{"type":"Feature","geometry":{"type":"LineString","coordinates":[[-77.261878000071633,38.881456999900927],[-77.2618830000945,38.881378000338785],[-77.261899999812954,38.881257999800184],[-77.261921999554247,38.881153000299001],[-77.26198000017888,38.8810210001865],[-77.262030000407606,38.880884999856477],[-77.262221000203326,38.880442000133776],[-77.26227999975454,38.880338000126905],[-77.262375000189095,38.880205999898962],[-77.262477000296357,38.880092000204094],[-77.262569000357857,38.880008999802037],[-77.262694000031317,38.879914999928943],[-77.262826000275794,38.879833000027418],[-77.262983999561229,38.879754000058298],[-77.263141999744988,38.879692000171516],[-77.263217000088048,38.879667999930149],[-77.263375000271807,38.8796260001875],[-77.263546999800937,38.879593999834142],[-77.263731999748856,38.879576000328349],[-77.263942999636058,38.879576000328349],[-77.265197000161976,38.879689000141802],[-77.265295000071262,38.879709000337613],[-77.265388999782601,38.879745999985715],[-77.265469999973448,38.879796999733713],[-77.265531000072826,38.879854000190299],[-77.265579999578321,38.879922999982512],[-77.265863000333852,38.88057399992325]]},"properties":{"NAME":"Brian Dr","BASENAME":"Brian","MTFCC":"S1400"}},{"type":"Feature","geometry":{"type":"LineString","coordinates":[[-77.279770999633584,38.878342999901029],[-77.278778999946809,38.878263000343395],[-77.278595999648701,38.878248999922043],[-77.278537000097458,38.878243999770859],[-77.278177000247354,38.878215000285891],[-77.277871999750516,38.878190000213948],[-77.277778000039177,38.878181999965278],[-77.277562000129109,38.878178999871814],[-77.277199999730854,38.878186000089755],[-77.277065000011646,38.878194999669589],[-77.276851999576323,38.878235000197229],[-77.276818999964362,38.878241999710312],[-77.276688000443102,38.878269999853721],[-77.276541999954915,38.87831499978639],[-77.276459999939163,38.878339999814315],[-77.276285000036964,38.878402000181381],[-77.276107999586657,38.878476000120102],[-77.275905000095364,38.878572999875772],[-77.275782000071729,38.87863800011376],[-77.275247000319425,38.878922000273349],[-77.275093000333641,38.878995999670565],[-77.27486900002765,38.879085999986486],[-77.274545999987467,38.879186999676904],[-77.274375000283243,38.87923699980977],[-77.274211000251725,38.879276999750921],[-77.274064999763524,38.879307000216464],[-77.273894999884206,38.879333999925308],[-77.273810000393723,38.879342000044282]]},"properties":{"NAME":"Country Creek Rd","BASENAME":"Country Creek","MTFCC":"S1400"}},{"type":"Feature","geometry":{"type":"LineString","coordinates":[[-77.259367000443376,38.885274999675644],[-77.258291000192685,38.884591000009898],[-77.258129999635884,38.884488999667241],[-77.257320000422311,38.88397400020515],[-77.257166000436513,38.883879999983243]]},"properties":{"NAME":"Lynn St SW","BASENAME":"Lynn","MTFCC":"S1400"}},{"type":"Feature","geometry":{"type":"LineString","coordinates":[[-77.272483999897773,38.903601999839822],[-77.27272800029526,38.903695999828585],[-77.273569000369307,38.904006000233423],[-77.273690999669725,38.904042000143114],[-77.274124000213064,38.904168999698136],[-77.274191999985135,38.90419199968678],[-77.274581999972483,38.904326999774149],[-77.275206000311556,38.904549000136321],[-77.275565000336741,38.904676999840746],[-77.27580399981305,38.904772000160278],[-77.276145000294889,38.904914000224295],[-77.276409999710452,38.905039000311426],[-77.276962000079493,38.905268999840779],[-77.277901999887746,38.905660999910928],[-77.278313999616373,38.905829000077325],[-77.278451999708636,38.905885000277451],[-77.278721000220472,38.906012999670274],[-77.278770999550872,38.906058000204773],[-77.278819000129772,38.906081000280558]]},"properties":{"NAME":"Lawyers Rd NW","BASENAME":"Lawyers","MTFCC":"S1400"}},{"type":"Feature","geometry":{"type":"LineString","coordinates":[[-77.250205000215644,38.903265000076743],[-77.250166999682492,38.90341000008582],[-77.250146999590996,38.903457999898222],[-77.250061000275579,38.903592999983061],[-77.249973000412027,38.903682999897043],[-77.249701000425475,38.903903000138605],[-77.247940999561266,38.905300000164075]]},"properties":{"NAME":"Alma St SE","BASENAME":"Alma","MTFCC":"S1400"}},{"type":"Feature","geometry":{"type":"LineString","coordinates":[[-77.250399000384391,38.896858999888906],[-77.250750999838573,38.896498000133413]]},"properties":{"NAME":"Prescott Cir SE","BASENAME":"Prescott","MTFCC":"S1400"}},{"type":"Feature","geometry":{"type":"LineString","coordinates":[[-77.289433000351835,38.920026999809892],[-77.28905500006006,38.920094000134],[-77.288400999583757,38.920196999799515],[-77.288249999971001,38.920209000062954],[-77.288198999917398,38.920196999799515],[-77.288054000152442,38.920144000126015],[-77.287935000326755,38.920082999991259],[-77.287861999633492,38.920034000097097],[-77.287768999747087,38.919955000110875],[-77.28770000015011,38.919876000036702],[-77.287644000073612,38.919780999662919],[-77.287612000286572,38.919699999802916],[-77.287596000393037,38.919611000074482],[-77.287601000415904,38.919493000128902],[-77.287625999631942,38.91938699969063],[-77.287668000363055,38.919287000002342],[-77.287731000112259,38.919188000325889],[-77.287810999579889,38.91909700034617],[-77.287885000098029,38.9190389997759],[-77.287978999809368,38.918984000324095],[-77.28809400033542,38.918934000213625],[-77.288159999559326,38.918912999723396],[-77.288277999560108,38.918886999839984],[-77.288439999941829,38.918867000192058],[-77.289292999711421,38.918838999976529],[-77.291257999716734,38.918788999763898],[-77.291369000044824,38.918782000052794],[-77.291482000022725,38.918763999993786],[-77.291634000358698,38.91872299976469],[-77.291731000443065,38.918683999831643],[-77.291871000185168,38.918618999895607],[-77.291954000025825,38.918564000118216],[-77.291974999942227,38.918546000003957],[-77.292037999691416,38.91848300026686],[-77.292091000293183,38.918406000279248],[-77.29215900006524,38.918236000192344],[-77.292263999647218,38.917899000008447],[-77.292371999602267,38.917593000168246],[-77.292430000226886,38.917400000335078],[-77.292440000272634,38.917302000302122],[-77.292430000226886,38.917166999728444],[-77.292409000310499,38.917062999675707],[-77.292338999990307,38.916861999713028],[-77.292270000393316,38.916660999880044],[-77.292240000256101,38.916501999807053],[-77.292239000431181,38.916402999739894],[-77.292252999776593,38.916286999739647],[-77.29239400024187,38.915821999739187],[-77.292652999809661,38.915019000098397],[-77.292909999727598,38.914231000304262],[-77.292990000093553,38.914012000142726],[-77.293078999782011,38.913804999952859]]},"properties":{"NAME":"Carrhill Rd","BASENAME":"Carrhill","MTFCC":"S1400"}},{"type":"Feature","geometry":{"type":"LineString","coordinates":[[-77.259717000247747,38.883273999852484],[-77.259205000061669,38.883776000113599],[-77.259159999855825,38.883844000341441],[-77.259133000091637,38.88391900015737],[-77.259128000068785,38.88395699966091]]},"properties":{"NAME":"Pruitt Ct SW","BASENAME":"Pruitt","MTFCC":"S1400"}},{"type":"Feature","geometry":{"type":"LineString","coordinates":[[-77.249621000059534,38.887038000055384],[-77.249635000303229,38.88577100023759],[-77.249665000440473,38.885530999811628],[-77.249701000425475,38.885378000218189],[-77.249730999664393,38.885282999824938],[-77.249838999619413,38.885004000291083],[-77.250185999949053,38.884114000007465],[-77.250262999941953,38.883961000159509]]},"properties":{"NAME":"James Dr SW","BASENAME":"James","MTFCC":"S1400"}},{"type":"Feature","geometry":{"type":"LineString","coordinates":[[-77.260758000338328,38.883934000111026],[-77.259717000247747,38.883273999852484],[-77.259369000093201,38.883052000110354],[-77.258507000102753,38.882503000339611],[-77.256978999940443,38.881530000170642],[-77.256819000106873,38.881409999888739],[-77.256679000364798,38.881287000141235],[-77.256568000036708,38.881172000093692],[-77.256434999967325,38.881007000308493],[-77.256332999860078,38.880854000063636],[-77.256233000300966,38.880711000144778],[-77.256141000239438,38.880618999795466],[-77.256034999934244,38.88053900000299],[-77.255931000177171,38.880477000101827],[-77.255818000199241,38.880426000142613],[-77.255699000373568,38.880385000148863],[-77.254280999816118,38.880010999812853],[-77.254228000112676,38.880010999812853],[-77.254203999823233,38.880018999855615],[-77.253837000300436,38.879900999833076]]},"properties":{"NAME":"Ware St SW","BASENAME":"Ware","MTFCC":"S1400"}},{"type":"Feature","geometry":{"type":"LineString","coordinates":[[-77.268498999635568,38.890755999839733],[-77.268175999595371,38.890610999861543],[-77.268096000127741,38.8905640003114],[-77.26798499979968,38.890476000266737],[-77.267891000088341,38.890377000260962],[-77.267814000095456,38.890269999831197],[-77.267758000018944,38.890159999652617]]},"properties":{"NAME":"Thelma Cir SW","BASENAME":"Thelma","MTFCC":"S1400"}},{"type":"Feature","geometry":{"type":"LineString","coordinates":[[-77.273981000097947,38.919796999874578],[-77.273975000250147,38.919652999936687],[-77.273985000295909,38.919557999963274],[-77.274012999885002,38.919472999952802],[-77.274058999915752,38.919387999840573],[-77.275229999702674,38.917934999861806],[-77.275583999705006,38.917506000246867],[-77.276168999686021,38.916778000154586],[-77.276225999587425,38.916700999714813],[-77.276310999976246,38.916586999881567],[-77.276382999946279,38.916460999668885],[-77.276438000197842,38.916326999785227],[-77.276473000357953,38.916196999729316],[-77.276490999901299,38.916051999977455],[-77.276488000426568,38.915905999730263],[-77.276464000137111,38.915763999986865],[-77.276422000304322,38.915630000185047],[-77.276357999831887,38.915493000214752],[-77.276307999603191,38.9154269999459],[-77.276249999876867,38.91537599991851],[-77.276175000432119,38.915330000191254],[-77.276137999723872,38.915313999671348]]},"properties":{"NAME":"Labrador Ln","BASENAME":"Labrador","MTFCC":"S1400"}},{"type":"Feature","geometry":{"type":"LineString","coordinates":[[-77.243599999646904,38.884029000210305],[-77.243663000294418,38.884001000238435],[-77.243714000348021,38.883961000159509],[-77.243750000333037,38.883912999755417],[-77.244803000119191,38.882040999958669],[-77.245199999779231,38.881333000247949],[-77.245316000130188,38.881115999984914],[-77.245408000191702,38.880974999877758],[-77.2456209997287,38.880702000184264],[-77.245722999835962,38.880571999928286],[-77.245815999722382,38.880491000084255]]},"properties":{"NAME":"Occidental Dr","BASENAME":"Occidental","MTFCC":"S1400"}},{"type":"Feature","geometry":{"type":"LineString","coordinates":[[-77.238524999788638,38.875903000152817],[-77.238918999973919,38.875896999773346],[-77.239197999633177,38.875880000094014],[-77.23939500017498,38.875851999708239],[-77.239467999969904,38.875838000210564],[-77.239780000139447,38.875764000322306],[-77.239894999767188,38.87572299973673],[-77.240114999875203,38.875620999951295],[-77.240237000073947,38.875550000041649],[-77.24035800044777,38.875466999929337],[-77.240538000372823,38.875326999874076],[-77.240832000100696,38.875112000301272],[-77.241088000193727,38.874927999672252],[-77.241185000278108,38.874879000081926],[-77.241369000401122,38.874742999886017],[-77.241451000416902,38.874670999718077],[-77.241633999816685,38.87452300023164],[-77.241699999938916,38.874457000342396],[-77.242008999735418,38.874229999895221],[-77.242103000345054,38.874172999823067],[-77.242167999744069,38.874124999800486],[-77.242607999960128,38.873803000034727],[-77.24289699966512,38.873547000305045],[-77.242927999627256,38.873496000267878],[-77.24294299969587,38.87344299999851],[-77.242920999954563,38.873226000119686]]},"properties":{"NAME":"Old Lee Hwy","BASENAME":"Lee","MTFCC":"S1400"}},{"type":"Feature","geometry":{"type":"LineString","coordinates":[[-77.282124999801326,38.912433000153939],[-77.282888999882474,38.91279500021691]]},"properties":{"NAME":"Kedge Ct","BASENAME":"Kedge","MTFCC":"S1400"}},{"type":"Feature","geometry":{"type":"LineString","coordinates":[[-77.269399999984074,38.877781999671093],[-77.269246999823196,38.877747999811504],[-77.269040999958875,38.877717000048797],[-77.268895000369014,38.877681000081772],[-77.26873899983508,38.877629000174849],[-77.268601999567736,38.877567999872475],[-77.26847500024445,38.877494999728427],[-77.268292999771234,38.877368000027147],[-77.268149999656117,38.877262999673228],[-77.267994000020508,38.877169999709722],[-77.267835999836748,38.877093999716863],[-77.267620999751614,38.877021999832671]]},"properties":{"NAME":null,"BASENAME":null,"MTFCC":"S1630"}},{"type":"Feature","geometry":{"type":"LineString","coordinates":[[-77.27170599957293,38.881402999988403],[-77.27096300030648,38.881468999720497],[-77.270179999958756,38.88153300012263],[-77.269729999696963,38.881560999668558],[-77.269497000068455,38.881589999885939],[-77.269455000235666,38.881620000074243],[-77.269457999710383,38.881833000277666],[-77.269533999878377,38.882317000020741]]},"properties":{"NAME":"Van Arsdale Dr","BASENAME":"Van Arsdale","MTFCC":"S1400"}},{"type":"Feature","geometry":{"type":"LineString","coordinates":[[-77.267988000172721,38.907522999695416],[-77.267643000391217,38.907784000202241],[-77.267629000147522,38.908033999836142]]},"properties":{"NAME":"Albea Ct NE","BASENAME":"Albea","MTFCC":"S1400"}},{"type":"Feature","geometry":{"type":"LineString","coordinates":[[-77.245408000191702,38.899293999992018],[-77.244701999836877,38.898819000324046],[-77.244428000200472,38.898622999848556],[-77.243706999777032,38.898100999731156],[-77.243337999706085,38.897843999698139],[-77.243217000230572,38.89776000000527],[-77.242962999787352,38.897581999944862],[-77.242859999855185,38.897506999872199],[-77.242813999824435,38.897477999860151],[-77.242608999785034,38.897337999828274],[-77.242355000240124,38.897187999787505],[-77.242104999994865,38.897033999667713],[-77.242089999926264,38.897029000139469],[-77.241745999969666,38.896849000108269],[-77.241473999983114,38.896721000274589],[-77.241171000034399,38.896588999723804],[-77.240587999703223,38.896352000216645],[-77.239812999751422,38.896092999889099]]},"properties":{"NAME":"Ninovan Rd SE","BASENAME":"Ninovan","MTFCC":"S1400"}},{"type":"Feature","geometry":{"type":"LineString","coordinates":[[-77.283488999932089,38.893403999914916],[-77.283683999925771,38.893040999733238],[-77.283688999948637,38.892996999860593],[-77.283674999704942,38.892968999927447],[-77.283646000290929,38.892949999791718],[-77.283608999582682,38.89294400015261],[-77.283555000054321,38.892957999775867],[-77.283451000297262,38.893014000339022],[-77.283174000287829,38.893222000146238]]},"properties":{"NAME":"Pipestem Cir","BASENAME":"Pipestem","MTFCC":"S1400"}},{"type":"Feature","geometry":{"type":"LineString","coordinates":[[-77.249212999630529,38.882266999957245],[-77.24856800027338,38.882119000206487],[-77.248333000096736,38.882050999726275],[-77.248179999935857,38.881998000242611],[-77.247897000078652,38.881883999926366]]},"properties":{"NAME":"Patrick Cir SW","BASENAME":"Patrick","MTFCC":"S1400"}},{"type":"Feature","geometry":{"type":"LineString","coordinates":[[-77.271135999660515,38.906118999811952],[-77.270646999938975,38.906398000292171],[-77.270569000121185,38.906417999958769],[-77.270467999838843,38.906364000147008],[-77.269906000322365,38.905992999889577],[-77.269881000208017,38.905944999693908],[-77.269914999644882,38.90587999997431],[-77.269962000398863,38.905829000077325],[-77.27003299964565,38.905758000296849]]},"properties":{"NAME":"Shepherdson Ln NE","BASENAME":"Shepherdson","MTFCC":"S1400"}},{"type":"Feature","geometry":{"type":"LineString","coordinates":[[-77.255097999600707,38.892874999721556],[-77.255070000011628,38.892588999743211],[-77.255058000316069,38.892527999699048],[-77.25502700035392,38.892471000321088],[-77.254977999950128,38.892423000073457],[-77.254920000223805,38.892387999697625],[-77.254854999926465,38.892365000080531],[-77.254779999583405,38.892353999835407],[-77.253971000194724,38.892385000203987]]},"properties":{"NAME":"Symphony Cir SW","BASENAME":"Symphony","MTFCC":"S1400"}},{"type":"Feature","geometry":{"type":"LineString","coordinates":[[-77.256993000184139,38.900699000331727],[-77.25602300023867,38.900719000205584],[-77.25540499974737,38.900722000046343]]},"properties":{"NAME":"Ninovan Rd SE","BASENAME":"Ninovan","MTFCC":"S1400"}},{"type":"Feature","geometry":{"type":"LineString","coordinates":[[-77.275500000039401,38.901423000144362],[-77.275391000259461,38.901486000343816],[-77.275322999589108,38.901536999865073],[-77.275272000433787,38.9015909998529],[-77.275229999702674,38.901663000005748],[-77.275206000311556,38.901739999981665],[-77.275198999740539,38.901821999764273],[-77.275227000227957,38.9022619999133]]},"properties":{"NAME":"West Ct NW","BASENAME":"West","MTFCC":"S1400"}},{"type":"Feature","geometry":{"type":"LineString","coordinates":[[-77.238836000133233,38.910700000148545],[-77.239036999974701,38.910494999936724],[-77.239154000150563,38.910321000059611],[-77.239170999869003,38.910266000142251],[-77.239170000044084,38.910031000015529],[-77.238660000406142,38.909891000269191],[-77.238554999925839,38.909849000221541],[-77.238306000403824,38.909710999989933],[-77.237738999966155,38.909390000327939],[-77.237615000117586,38.909293000011651],[-77.237493999743776,38.909177000273672]]},"properties":{"NAME":"W Oak Pl","BASENAME":"Oak","MTFCC":"S1400"}},{"type":"Feature","geometry":{"type":"LineString","coordinates":[[-77.272338000307911,38.893400999765007],[-77.272428999646195,38.893464999905866],[-77.272503999989254,38.893544999826105],[-77.272647999929319,38.893660000121635],[-77.27277699980074,38.893753999987773],[-77.272821000181665,38.893779999988276],[-77.273128000328342,38.894008999823747]]},"properties":{"NAME":"Mendon Ln SW","BASENAME":"Mendon","MTFCC":"S1400"}},{"type":"Feature","geometry":{"type":"LineString","coordinates":[[-77.286720000158894,38.910857999669084],[-77.286669999930183,38.910914000096042],[-77.286594999587095,38.911029999791417]]},"properties":{"NAME":null,"BASENAME":null,"MTFCC":"S1400"}},{"type":"Feature","geometry":{"type":"LineString","coordinates":[[-77.238306000403824,38.909710999989933],[-77.238954999958935,38.908994000090715],[-77.23985499958421,38.908012000004327]]},"properties":{"NAME":"Barkham Ln","BASENAME":"Barkham","MTFCC":"S1400"}},{"type":"Feature","geometry":{"type":"LineString","coordinates":[[-77.267126000182287,38.889039000145949],[-77.267140000425982,38.889000999864479],[-77.267286999840749,38.888632000251434]]},"properties":{"NAME":"Gibson Cir SW","BASENAME":"Gibson","MTFCC":"S1400"}},{"type":"Feature","geometry":{"type":"LineString","coordinates":[[-77.250100999560232,38.923645000160704],[-77.249985000107614,38.923282000136794],[-77.249968000389174,38.923170999983924],[-77.249973000412027,38.923085000010552],[-77.250001000001134,38.922982999744427],[-77.250055000427807,38.922878999829194],[-77.251104999840919,38.921262999675456]]},"properties":{"NAME":"Larkmeade Dr","BASENAME":"Larkmeade","MTFCC":"S1400"}},{"type":"Feature","geometry":{"type":"LineString","coordinates":[[-77.277639999946899,38.912231999659632],[-77.277686999802583,38.912388999715347],[-77.277735000381469,38.91249899971217],[-77.277800999605404,38.912600000124712],[-77.277884000344386,38.912694000081871],[-77.277968000009963,38.912763999671739],[-77.278095000231588,38.912844000216808],[-77.278188000117993,38.912911000333082],[-77.278276999806465,38.912998000295772],[-77.278414000073809,38.913186999967742],[-77.278527000051724,38.913342999772752],[-77.278589999800914,38.913395000097573],[-77.278660000121093,38.913429999904892],[-77.278691999908148,38.913440999681029]]},"properties":{"NAME":"Verdict Dr","BASENAME":"Verdict","MTFCC":"S1400"}},{"type":"Feature","geometry":{"type":"LineString","coordinates":[[-77.25838400007909,38.914763000010687],[-77.258357000314916,38.914686999697665],[-77.258364999812528,38.914658999929735],[-77.258394999949758,38.914619000341901],[-77.258654000415845,38.914385999691],[-77.258825999944975,38.914237999765234]]},"properties":{"NAME":null,"BASENAME":null,"MTFCC":"S1400"}},{"type":"Feature","geometry":{"type":"LineString","coordinates":[[-77.264840999611508,38.907235999669403],[-77.264853000205392,38.907194999770709],[-77.264847000357619,38.907166999843355],[-77.26481499967224,38.907136000335264],[-77.264746999900183,38.907096000002937],[-77.264695999846552,38.907075000203896],[-77.264640999594974,38.907060000243817],[-77.264601000310307,38.907055000023391]]},"properties":{"NAME":null,"BASENAME":null,"MTFCC":"S1400"}},{"type":"Feature","geometry":{"type":"LineString","coordinates":[[-77.238744000071733,38.899433999663238],[-77.238802999622962,38.899445000209973],[-77.239145999754655,38.899468000330714],[-77.239340999748322,38.899471000224331],[-77.239816999949383,38.899471000224331],[-77.239903000163096,38.8994630002747],[-77.240000000247491,38.899448999836352],[-77.240125999745871,38.899422000081778]]},"properties":{"NAME":"Idylwood Rd","BASENAME":"Idylwood","MTFCC":"S1400"}},{"type":"Feature","geometry":{"type":"LineString","coordinates":[[-77.259798000438593,38.901142000271953],[-77.259692000133384,38.901214000181049],[-77.259656000148368,38.901233999909792],[-77.259595000049003,38.901252000220133],[-77.259527000276947,38.901257000150167],[-77.259457999781645,38.901247000289743],[-77.259288999727247,38.901221999933398],[-77.259025999961523,38.901186999699341],[-77.258722000187902,38.90114700020974],[-77.258344999721047,38.901107999706944],[-77.257814999991623,38.901082000291929],[-77.257198000223568,38.90108099988403],[-77.257057999583154,38.901077000349567],[-77.256962000222003,38.901073999824703],[-77.256743999763799,38.901078000058433],[-77.256547000120307,38.901088999651414],[-77.256100000231569,38.901114000054577],[-77.255745000404318,38.901166999957354],[-77.255317999708751,38.90124000024678],[-77.254834999834998,38.901314000166636],[-77.254208000021194,38.901425999955379],[-77.253668000246023,38.901510000205334],[-77.253182999824119,38.901571999926567],[-77.252644999698788,38.901602000065466],[-77.252229999597077,38.901625000186627],[-77.251838999784837,38.901627999989117],[-77.251283999941052,38.901614999678927],[-77.250760999884321,38.901581999741275],[-77.250246000223513,38.901519000326097],[-77.24991999981026,38.901473000007634],[-77.249461000225949,38.901392999929882],[-77.24889700016135,38.901285000311155],[-77.248435000203983,38.901185999992016],[-77.24794999978208,38.901020999852506],[-77.24774999976556,38.900970999670939]]},"properties":{"NAME":"Dominion Dr SE","BASENAME":"Dominion","MTFCC":"S1400"}},{"type":"Feature","geometry":{"type":"LineString","coordinates":[[-77.244634999889712,38.917059999826492],[-77.244374999598705,38.917263000287001],[-77.244249999925245,38.917349999807392],[-77.244008000075894,38.917534000289443],[-77.243963999694969,38.917573000155578],[-77.243423000094893,38.917982000167065],[-77.243329000383568,38.918069999673378],[-77.243296999698202,38.918126000001322],[-77.243286999652469,38.918183999919982],[-77.243296999698202,38.918240000157972],[-77.243326000010512,38.918294000021085],[-77.24336500036857,38.918334999799164],[-77.243562000012076,38.918480999941451],[-77.243793999815665,38.918672000009231],[-77.244371000299054,38.919128000221818],[-77.244459000162607,38.919179999802409],[-77.244496999797448,38.919189999932428],[-77.244531000132639,38.919192999691603],[-77.244607000300633,38.919179999802409],[-77.24467400024777,38.919160000237021],[-77.245014999831298,38.919038000319965],[-77.2451489997256,38.918994999938334],[-77.245703999569386,38.918801000265404],[-77.245921000202685,38.91873400011827]]},"properties":{"NAME":"Westbriar Ct NE","BASENAME":"Westbriar","MTFCC":"S1400"}},{"type":"Feature","geometry":{"type":"LineString","coordinates":[[-77.27085199997839,38.885361999940052],[-77.269995000010823,38.885065999738352],[-77.269742000290847,38.884894000349171],[-77.269476000152054,38.884737000327767],[-77.269374000044806,38.884638999955939],[-77.26929299985396,38.884505000141992],[-77.269191999571618,38.883847000195722],[-77.269312999945427,38.883369000135019],[-77.269405999831861,38.883287000023778],[-77.269892000078656,38.882998999974838],[-77.270208000446161,38.882820999982457]]},"properties":{"NAME":"Moorefield Creek Rd SW","BASENAME":"Moorefield Creek","MTFCC":"S1400"}},{"type":"Feature","geometry":{"type":"LineString","coordinates":[[-77.260991999791742,38.925524000271018],[-77.261083999853255,38.925196999740315],[-77.26111599964031,38.924909999898325],[-77.261062000111949,38.924746999841211],[-77.260982999570913,38.924563999969706],[-77.26083399960801,38.924317000097275],[-77.260616000048117,38.924107999748578]]},"properties":{"NAME":null,"BASENAME":null,"MTFCC":"S1750"}},{"type":"Feature","geometry":{"type":"LineString","coordinates":[[-77.279856999847297,38.890706999976643],[-77.280990999824311,38.890079000251284]]},"properties":{"NAME":"Chilcott Manor Way","BASENAME":"Chilcott Manor","MTFCC":"S1400"}},{"type":"Feature","geometry":{"type":"LineString","coordinates":[[-77.276244000029095,38.888548000151296],[-77.276269000143444,38.888669000147537],[-77.276316999824019,38.888746000228515],[-77.276553999650488,38.889000999864479],[-77.276649000085044,38.889092999848472],[-77.276748999644155,38.889161999758286],[-77.276849000101578,38.889212999739726],[-77.276952000033731,38.889246999707005],[-77.277054000140993,38.889267999884311],[-77.277157999898066,38.889274999708995],[-77.277552000083361,38.889248000281626],[-77.277959999614055,38.889218999693988],[-77.278020999713419,38.889211999863839],[-77.278157999980778,38.889184999713301],[-77.278272999608504,38.889146000332396],[-77.278376000438982,38.889091999970894],[-77.278454000256787,38.889038000267611],[-77.278496999914495,38.889000999864479],[-77.279496999997178,38.888168999979193],[-77.279526000309517,38.888135000195184],[-77.279548999875743,38.888096000237766],[-77.279588000233787,38.887987999975081]]},"properties":{"NAME":"Whitecedar Ct","BASENAME":"Whitecedar","MTFCC":"S1400"}},{"type":"Feature","geometry":{"type":"LineString","coordinates":[[-77.286418000035113,38.917407999661357],[-77.286478000309543,38.917002999871613],[-77.287109000321323,38.91657700008367]]},"properties":{"NAME":"Carriage Ct","BASENAME":"Carriage","MTFCC":"S1400"}},{"type":"Feature","geometry":{"type":"LineString","coordinates":[[-77.246542999993608,38.921715000241313],[-77.246799000086654,38.921681999862955],[-77.246944999676515,38.921667000194169],[-77.247095000362663,38.921663999840682],[-77.247251999823177,38.921673000201814],[-77.247416999679615,38.921697000227418],[-77.247586999558919,38.9217390002527],[-77.247745999567599,38.921795999897753],[-77.247999000185899,38.921900000002715],[-77.248153000171683,38.921945000249522],[-77.248323000051002,38.921978999920078],[-77.248488999732359,38.921996999862429],[-77.248636000045437,38.922000000201791],[-77.248794000229182,38.921991999995363],[-77.248963000283609,38.921969000183111],[-77.249178000368744,38.92190800021951],[-77.249334000004353,38.921862999949234],[-77.249427999715692,38.921819999881748],[-77.249570999830823,38.921739999670585],[-77.249701000425475,38.921648000050077],[-77.249814000403376,38.921552999952105],[-77.249905999566565,38.9214560001843],[-77.249987999582331,38.921346000092605],[-77.250150999788957,38.921085999960454],[-77.250264999591778,38.920923000203508]]},"properties":{"NAME":"Westwood Dr","BASENAME":"Westwood","MTFCC":"S1400"}},{"type":"Feature","geometry":{"type":"LineString","coordinates":[[-77.294648999777124,38.90296500025083],[-77.294918000288931,38.902593999707996],[-77.29592699969416,38.901371999842112],[-77.296065999611329,38.901204000314515],[-77.296145999977284,38.901080000175206],[-77.296207000076635,38.900952000277861],[-77.296248999909437,38.900826999986094],[-77.296274999848706,38.90068599985144],[-77.296282000419708,38.900550999832063],[-77.296269000000919,38.90040999984847],[-77.296236000388959,38.900265999724972],[-77.296207999901554,38.900182999822135],[-77.296140000129483,38.900025000311743],[-77.29605399991577,38.899871999778227],[-77.295952999633428,38.899727999961925],[-77.295843999853489,38.899601000153417],[-77.295519000163466,38.899269000346308],[-77.29518600007755,38.898933999769845],[-77.294781999846492,38.898535999745889],[-77.294416999973507,38.898169999978833],[-77.294293999949872,38.898023000251968],[-77.294185999994838,38.897868000091549],[-77.294134999941207,38.897782999972691],[-77.294073999841856,38.897668000061174],[-77.293999000397079,38.897491000228619],[-77.293946999620232,38.897320999685782],[-77.293903000137618,38.897115999990973],[-77.293864999604466,38.896969000179745],[-77.293805000228332,38.896810000041377],[-77.293719000014605,38.896633000167689],[-77.29361100005957,38.896454000305027],[-77.293503999929442,38.89630600004655],[-77.293376999707846,38.896152000111591],[-77.292719999756812,38.895363999921301],[-77.292158000240335,38.894688000005601],[-77.292058999607818,38.894573999776746],[-77.291737000290865,38.894185999944767],[-77.291585999779784,38.893975999847164],[-77.291306000295634,38.893624999656183],[-77.290514999551988,38.892615000170188],[-77.290282999748385,38.892314000264591],[-77.290134999610387,38.892113000139972],[-77.28993999961672,38.891872000326003],[-77.289855000126224,38.891759000311495],[-77.289569999720854,38.89139399972332],[-77.289471999811568,38.891275999714317],[-77.288985999564773,38.890677000129386],[-77.288906000097143,38.890572999721819],[-77.288679000316421,38.890278999978086],[-77.288569999638156,38.890126999985362],[-77.288485999972579,38.889993999899701],[-77.288366000321972,38.889851000197503],[-77.288225999681572,38.889667999845685],[-77.288121999924499,38.889559999875317],[-77.287955000418236,38.889387000305739],[-77.28765199957121,38.889000999864479],[-77.287642000423787,38.888976000091489],[-77.287640999700571,38.888943999753863],[-77.287516000027082,38.888765999972541],[-77.287243000215625,38.888425000174983],[-77.287069999963265,38.88821399993568],[-77.286208999797722,38.88710899967456],[-77.285809999589546,38.886583999798404],[-77.285643999908217,38.88637799996318],[-77.28521100026316,38.885856000048307]]},"properties":{"NAME":"Oak Valley Dr","BASENAME":"Oak Valley","MTFCC":"S1400"}},{"type":"Feature","geometry":{"type":"LineString","coordinates":[[-77.228339999911952,38.890640999736625],[-77.228402999661142,38.890624000088629],[-77.228494999722656,38.890614000129304],[-77.228582999586195,38.890619999965224],[-77.228867000166645,38.890692000054599],[-77.229510999698888,38.890878000122534],[-77.229718000286439,38.890929000270297],[-77.22982899971619,38.890943000290775],[-77.229941999694091,38.890940000036913],[-77.230057000220157,38.890918999654701],[-77.230164000350271,38.890882000231407],[-77.230909999989763,38.890521000160149],[-77.23154799967422,38.890219999771155],[-77.231773999630022,38.890100000182663],[-77.232070999730951,38.889963999751373],[-77.232243999983311,38.889896999653949],[-77.232424999733283,38.889841999996335],[-77.232657000435196,38.889790999767278],[-77.232893000436732,38.889750000283193],[-77.233340000325484,38.889699999857115],[-77.233592000220554,38.889661999929309],[-77.233743999658202,38.889630999770709],[-77.233961000291515,38.889576999777951],[-77.234205999615568,38.88950499995677],[-77.235151000345013,38.88923200017588],[-77.235378000125735,38.889177000003421],[-77.235696999967971,38.889125999996089],[-77.236061000016036,38.889119000156775],[-77.236314999560932,38.889135000287972],[-77.236467999721796,38.889150999716342],[-77.236661999890572,38.889184999713301],[-77.236851000036452,38.88923200017588],[-77.237044000380294,38.889290999805056],[-77.237267999787974,38.889379999792922],[-77.237882999906219,38.88966699997615],[-77.238118000082849,38.88975899979679],[-77.238488999803621,38.889883000126538],[-77.238965999829588,38.89005099986705],[-77.239220000272795,38.890141000163901],[-77.239279999648943,38.890157999927482],[-77.239420000289343,38.890212000177776],[-77.240253999792387,38.890614999985459]]},"properties":{"NAME":"Stonewall Dr","BASENAME":"Stonewall","MTFCC":"S1400"}},{"type":"Feature","geometry":{"type":"LineString","coordinates":[[-77.262343000402041,38.889719000163055],[-77.261627999826388,38.889000999864479],[-77.260030000242182,38.887402999952258],[-77.259904999670397,38.887290999723554],[-77.259784000194898,38.887181999730998],[-77.259287000077435,38.886844999658386],[-77.258841999838509,38.886533999940809],[-77.258379999881143,38.886219999807018]]},"properties":{"NAME":"Frederick St SW","BASENAME":"Frederick","MTFCC":"S1400"}},{"type":"Feature","geometry":{"type":"LineString","coordinates":[[-77.237619000315547,38.891879999732424],[-77.237358000199649,38.891742000231879],[-77.237226999780077,38.891659000154924],[-77.237090000411058,38.891554999786813],[-77.236979000082982,38.891452999654298],[-77.236878999625532,38.891346000146214],[-77.236762000347994,38.891183999760905],[-77.236666000088519,38.891014000202219],[-77.236609000187116,38.890869999904055],[-77.236596999593246,38.890826999938106],[-77.236574000027034,38.890730999985131],[-77.236554999760443,38.890584000242775],[-77.236553999935524,38.890413999947306],[-77.236563999981271,38.890315999715476],[-77.236583000247848,38.890221000332062],[-77.236614000209983,38.890102999772793],[-77.236692000027787,38.889920000070191],[-77.237044000380294,38.889290999805056]]},"properties":{"NAME":"Shenandoah St","BASENAME":"Shenandoah","MTFCC":"S1400"}},{"type":"Feature","geometry":{"type":"LineString","coordinates":[[-77.242224999645472,38.909678999908039],[-77.242270999676222,38.909854000245176],[-77.24227700042232,38.909943999911079],[-77.24226499982845,38.910034000161858],[-77.242229999668353,38.91012800002234],[-77.242177999789817,38.910211999762581],[-77.242108000367935,38.910287999974528],[-77.242026000352169,38.910352000273768]]},"properties":{"NAME":"Annies Way","BASENAME":"Annies","MTFCC":"S1400"}},{"type":"Feature","geometry":{"type":"LineString","coordinates":[[-77.23915999999835,38.916056000066128],[-77.239322000380056,38.916274000016983],[-77.239491000434455,38.916457000301946],[-77.239657000115812,38.91648099999496],[-77.23979199983502,38.916420999698843],[-77.239815000299558,38.916414999945999],[-77.239871000376041,38.916402999739894],[-77.240192999693022,38.91625899990396],[-77.240868000085712,38.916007000186994],[-77.241078000147994,38.915927999911212]]},"properties":{"NAME":"Westown Way","BASENAME":"Westown","MTFCC":"S1400"}},{"type":"Feature","geometry":{"type":"LineString","coordinates":[[-77.272483999897773,38.903601999839822],[-77.27272800029526,38.903695999828585],[-77.273569000369307,38.904006000233423],[-77.273690999669725,38.904042000143114],[-77.274124000213064,38.904168999698136],[-77.274191999985135,38.90419199968678],[-77.274581999972483,38.904326999774149],[-77.275206000311556,38.904549000136321],[-77.275565000336741,38.904676999840746],[-77.27580399981305,38.904772000160278],[-77.276145000294889,38.904914000224295],[-77.276409999710452,38.905039000311426],[-77.276962000079493,38.905268999840779],[-77.277901999887746,38.905660999910928],[-77.278313999616373,38.905829000077325],[-77.278451999708636,38.905885000277451],[-77.278721000220472,38.906012999670274],[-77.278770999550872,38.906058000204773],[-77.278819000129772,38.906081000280558],[-77.279264000368684,38.906289999898107],[-77.279394999889945,38.906351000004953],[-77.279579000012959,38.906435000020473],[-77.279957000304734,38.9066090003356],[-77.280569000049908,38.906980999795728],[-77.280934999747814,38.907181999780818],[-77.281025000159488,38.907235999669403],[-77.28125299976513,38.907390999652165],[-77.281369999941006,38.907483000280145],[-77.281494999614466,38.907608000038159],[-77.281689999608133,38.907802999864224],[-77.281955999746913,38.90808799977566],[-77.282189000273718,38.908376000157318],[-77.282281000335232,38.908468999812548],[-77.282400999985825,38.908565999856769],[-77.282524999834393,38.908646000240317],[-77.282946999608797,38.908865999781689],[-77.283164000242081,38.90895200021135],[-77.283282000242849,38.909013999724984],[-77.283435000403728,38.909094000302616],[-77.283810000322461,38.909289000240776],[-77.283887000315346,38.909353000042763],[-77.284069999715143,38.909443000343899],[-77.28450099971036,38.909619000152432],[-77.284790000313691,38.909738000025968],[-77.285059999752107,38.909854999830443],[-77.285284999883018,38.909965000259398],[-77.285454999762322,38.910066000083724],[-77.285582999808838,38.910159000320853],[-77.285942999658943,38.91047500002071],[-77.286264000049314,38.910736000158693],[-77.286381000225177,38.910857999669084],[-77.286594999587095,38.911029999791417],[-77.286698000417573,38.911086000082676],[-77.286888000388387,38.911165000156302],[-77.287057000442772,38.911252999727793],[-77.287167999872551,38.911324000303367],[-77.287357000018432,38.911459000109069],[-77.287704000348072,38.911726999832418],[-77.287837000417454,38.911818999733626],[-77.287894000318857,38.911857999944516],[-77.28802900003808,38.911935000046924],[-77.288193000069626,38.912010000257055],[-77.288451999637374,38.91210600010281],[-77.288941000257239,38.912282999849381],[-77.289325000396801,38.912428999861007],[-77.290351000418767,38.912816999964271],[-77.290647999621385,38.912926999996763],[-77.291128999845313,38.913079000116952],[-77.291369000044824,38.913155000054999],[-77.291640000206485,38.913253999760215],[-77.291976999592052,38.91338300007974],[-77.293078999782011,38.913804999952859],[-77.293385999928688,38.913917999834162],[-77.293487000211002,38.913956000063159],[-77.293647999869492,38.914012000142726],[-77.294278000056337,38.914237000241691],[-77.294355999874156,38.914263999954017],[-77.294580000180133,38.914342999985244],[-77.294802999762894,38.914413000045577],[-77.295290999659528,38.914555999914363],[-77.295454999691046,38.914612000219485],[-77.295647000209996,38.914677000331025],[-77.296036000372425,38.914832000141608],[-77.296264999802958,38.914931000303469],[-77.296628000026118,38.915059000159751],[-77.296960000287143,38.915176999790006],[-77.297168999626194,38.915243000291355],[-77.297341999878569,38.915309000032352],[-77.297505999910086,38.915377000124927],[-77.297915999988916,38.915566999956063],[-77.298188999800388,38.915706999690045],[-77.299143999677256,38.916182000298974],[-77.299497999679573,38.916366000314746],[-77.299820999719756,38.916520999931194],[-77.300071999789935,38.916633000191915],[-77.300167000224491,38.916679999961659],[-77.300366000416133,38.916778000154586],[-77.300510000356169,38.916868000127032],[-77.300616999587973,38.916955000131637],[-77.30071500039557,38.917055999794357],[-77.300901000168423,38.917298999764057],[-77.301024000192072,38.917444999941125],[-77.301123999751169,38.917537000118621],[-77.30127000023937,38.917641000175635],[-77.301390999714869,38.917710000304076],[-77.301661999876529,38.917851000175624],[-77.30242099993481,38.91823799982572],[-77.302629000347267,38.918352999966949],[-77.30274899999786,38.91843799992116],[-77.302856999952894,38.91853800010697],[-77.302950999664233,38.918644999877166],[-77.303347000397665,38.91909700034617],[-77.303417999644452,38.919173000129931],[-77.303595000094788,38.919352000025413],[-77.303739000034824,38.919480000294669],[-77.303866000256448,38.919570999783211],[-77.304020000242218,38.919666999885237],[-77.304317000343147,38.919835999894829],[-77.304518000184601,38.919926000182322],[-77.30465700010177,38.919974000009397],[-77.305016000126969,38.920080999710954],[-77.305150000021285,38.920102999995365],[-77.305310999679747,38.920110999715902]]},"properties":{"NAME":"State Rte 673","BASENAME":"673","MTFCC":"S1400"}},{"type":"Feature","geometry":{"type":"LineString","coordinates":[[-77.288931000211505,38.90708699989009],[-77.288892999678339,38.907084999942533],[-77.288809999837682,38.907069999984515],[-77.288726999996996,38.907040000059034],[-77.288675999943365,38.907008000171089],[-77.288634000110576,38.906963000238783],[-77.288613000194161,38.906920999856794],[-77.288603000148427,38.90686600010126],[-77.288669000270687,38.905988999932759],[-77.288692999661805,38.905899000145823],[-77.288733999669688,38.905833999685051],[-77.288758999784051,38.905809999887076],[-77.288810999662587,38.905776999802008],[-77.288877999609738,38.905754999969801],[-77.288942999907064,38.905747999672236],[-77.289141000273787,38.90575299998472],[-77.289820999791047,38.905786999723496],[-77.291646999879163,38.905868000084091],[-77.29255200042563,38.905909000050116],[-77.294172999576034,38.905979999679566],[-77.294285999553964,38.90597500008213],[-77.294370000117866,38.905963999848083],[-77.294683999937206,38.905901999767728]]},"properties":{"NAME":"Woodrow St","BASENAME":"Woodrow","MTFCC":"S1400"}},{"type":"Feature","geometry":{"type":"LineString","coordinates":[[-77.244145000343252,38.881098000165402],[-77.244138999597155,38.880903999722847],[-77.244141999970196,38.880875999918004],[-77.244162999886598,38.880795999715566],[-77.24420100041975,38.880720000104141],[-77.244245999727283,38.880660999650452],[-77.244306999826662,38.880605999835339],[-77.244397000238337,38.880551999975381],[-77.244482999553753,38.880518000042485],[-77.244573999790347,38.880497000075842],[-77.244716000080572,38.880485000092115],[-77.244875000089223,38.880488000088221],[-77.245024000052126,38.880503000066966],[-77.245203000152287,38.880535000010966],[-77.245315000305268,38.880568999935726],[-77.2456209997287,38.880702000184264]]},"properties":{"NAME":"Antioch Cir","BASENAME":"Antioch","MTFCC":"S1400"}},{"type":"Feature","geometry":{"type":"LineString","coordinates":[[-77.287105000123361,38.875664000029509],[-77.28717999956811,38.874784999717157],[-77.287110999971134,38.874731000329312],[-77.286443000149461,38.874688999766889],[-77.286377000027215,38.874777999863575],[-77.286291999638408,38.87562500021992],[-77.28621999966839,38.876113999889242]]},"properties":{"NAME":"Sugar Ln","BASENAME":"Sugar","MTFCC":"S1400"}},{"type":"Feature","geometry":{"type":"LineString","coordinates":[[-77.28809400033542,38.918934000213625],[-77.287945000372503,38.918657999864372]]},"properties":{"NAME":"Carrhill Ct","BASENAME":"Carrhill","MTFCC":"S1400"}},{"type":"Feature","geometry":{"type":"LineString","coordinates":[[-77.284703000275044,38.900294000276809],[-77.284565000182781,38.900076000183304],[-77.284473999946172,38.899914999860925],[-77.284346999724576,38.899653000058429],[-77.28431099973956,38.899547999780879],[-77.284242000142598,38.899199999768307],[-77.284202999784526,38.899114000109073],[-77.284109999898106,38.898981000073341],[-77.283751999697827,38.898578999938536],[-77.283633999697045,38.898449000235779],[-77.283221000143485,38.898012000184089],[-77.28256099981941,38.897293000059065],[-77.282411999856492,38.897142000158986]]},"properties":{"NAME":"Carey Ln","BASENAME":"Carey","MTFCC":"S1400"}},{"type":"Feature","geometry":{"type":"LineString","coordinates":[[-77.260867000118267,38.923138000282762],[-77.261031000149814,38.922967000251269],[-77.261078999830374,38.922897000242074],[-77.261113000165579,38.922817999949061],[-77.26112700040926,38.922742999978759],[-77.261119999838257,38.922666999825488],[-77.260976999723127,38.922260999889723]]},"properties":{"NAME":"Killarney Ct","BASENAME":"Killarney","MTFCC":"S1400"}},{"type":"Feature","geometry":{"type":"LineString","coordinates":[[-77.259984000211432,38.884682000171381],[-77.26011999975556,38.884762000194058],[-77.261216000097733,38.885457000227611],[-77.261325999702578,38.885518000050887],[-77.261415000289361,38.885547999979174],[-77.261503999977819,38.885559999807086],[-77.26160199988712,38.885556000097729]]},"properties":{"NAME":"Mountfort Ct SW","BASENAME":"Mountfort","MTFCC":"S1400"}},{"type":"Feature","geometry":{"type":"LineString","coordinates":[[-77.233276999677969,38.883125000139927],[-77.233325000256869,38.882911000348621],[-77.233360000416965,38.882827999743043],[-77.23342200034125,38.88274399977287],[-77.233485000090454,38.882678999794415],[-77.233560000433499,38.882624000142741],[-77.23364499992401,38.882576000233954],[-77.233736999985524,38.882538999961582],[-77.23502900014627,38.882148000196125],[-77.235183999956973,38.882097000037675],[-77.236584999897659,38.881671999857801],[-77.236912000135803,38.881580000053461],[-77.237082999840041,38.881539000026272],[-77.237167000403943,38.88153300012263],[-77.237257999742212,38.881541999977884],[-77.237293999727228,38.881550999832001]]},"properties":{"NAME":"Wesleyan St","BASENAME":"Wesleyan","MTFCC":"S1400"}},{"type":"Feature","geometry":{"type":"LineString","coordinates":[[-77.277861999704768,38.88017299980369],[-77.278063000444533,38.880276000050365],[-77.27824500001941,38.880474000105252],[-77.278424999944463,38.880742000000055]]},"properties":{"NAME":"Masterworks Dr","BASENAME":"Masterworks","MTFCC":"S1400"}},{"type":"Feature","geometry":{"type":"LineString","coordinates":[[-77.283395000220764,38.884271999952531],[-77.282770000056772,38.883271999933513],[-77.28267499962223,38.883121000293478],[-77.282642000010256,38.883081999681359],[-77.282597999629331,38.883042999747069],[-77.282467000108085,38.882979000005776]]},"properties":{"NAME":"Hatmark St","BASENAME":"Hatmark","MTFCC":"S1400"}},{"type":"Feature","geometry":{"type":"LineString","coordinates":[[-77.27789500021504,38.921313999665422],[-77.277891000017078,38.921341000179666],[-77.277869000275757,38.921395999901279],[-77.277829999917714,38.921447999916531],[-77.277761000320737,38.921501000013791],[-77.277675999931915,38.921546999934264],[-77.277578999847563,38.921579999676553],[-77.277475000090476,38.921597999720085],[-77.277378999831001,38.921599999957607],[-77.277284000294756,38.921589000048343],[-77.277143999654371,38.921550000292697],[-77.277023000178858,38.921498999773476],[-77.276911999850753,38.921434999741571],[-77.276813000116576,38.921359000283886],[-77.276732999750621,38.921278000128559],[-77.276664000153659,38.921184999784415],[-77.276614999749853,38.921089999765371],[-77.276579999589757,38.92098300018759],[-77.276565000419453,38.920869999674451],[-77.276571000267239,38.920760000072114],[-77.27662200032087,38.920550000294185]]},"properties":{"NAME":"Trumpet Ct","BASENAME":"Trumpet","MTFCC":"S1400"}},{"type":"Feature","geometry":{"type":"LineString","coordinates":[[-77.277279000271903,38.925459999676697],[-77.277029000026644,38.925381000141037],[-77.276889000284541,38.925321999749272],[-77.276746000169425,38.925245000194714],[-77.276700000138675,38.925217999768407],[-77.276552999825569,38.925114999704242],[-77.276443000220709,38.925020000055348],[-77.276357000006996,38.924931000011362],[-77.276295000082712,38.924844000001755],[-77.276249000051948,38.924747999915596],[-77.276219999739638,38.92464599994377],[-77.276218000089813,38.924592000022628],[-77.276233999983347,38.924530000140152],[-77.276270999793269,38.92446800020349],[-77.276329000417903,38.924414000146861]]},"properties":{"NAME":"Savannah Crossing Ct","BASENAME":"Savannah Crossing","MTFCC":"S1400"}},{"type":"Feature","geometry":{"type":"LineString","coordinates":[[-77.275998999806703,38.876636000045075],[-77.27657600029012,38.876512999726678],[-77.277020999630722,38.876402999926768],[-77.277716999939813,38.87619299970887],[-77.278316000164523,38.876016000212189],[-77.278784999794581,38.875890000029287],[-77.278978000138423,38.8758319998256],[-77.279096999964111,38.87588499971212]]},"properties":{"NAME":null,"BASENAME":null,"MTFCC":"S1630"}},{"type":"Feature","geometry":{"type":"LineString","coordinates":[[-77.270200999875158,38.876022999943835],[-77.270135999577818,38.875424999801815],[-77.269993000360998,38.874185000173355]]},"properties":{"NAME":"Bleeker St","BASENAME":"Bleeker","MTFCC":"S1400"}},{"type":"Feature","geometry":{"type":"LineString","coordinates":[[-77.278410999700768,38.909886000248179],[-77.279055999956228,38.910169000324025]]},"properties":{"NAME":"Client Dr","BASENAME":"Client","MTFCC":"S1400"}},{"type":"Feature","geometry":{"type":"LineString","coordinates":[[-77.279127999926246,38.916395000300291],[-77.278939999605271,38.915993000215323],[-77.278912999841097,38.915891000238418],[-77.278905000343499,38.915785000011127],[-77.278917999863964,38.915682000232081],[-77.278933999757498,38.915621999959384]]},"properties":{"NAME":"Cantata Ct","BASENAME":"Cantata","MTFCC":"S1400"}},{"type":"Feature","geometry":{"type":"LineString","coordinates":[[-77.221548999570388,38.899942999852044],[-77.222284000237551,38.900134000170866],[-77.222967999952743,38.900317000122548],[-77.223783999912456,38.900537000307338],[-77.224388999984924,38.900628000314782],[-77.224594999849259,38.900643999950617],[-77.224788000193101,38.900643999950617],[-77.224973000141034,38.90063199987452],[-77.225187000401277,38.900602000024897],[-77.225375999648861,38.900560000074385],[-77.225558999946955,38.900503999868626],[-77.225736000397276,38.900434999791585],[-77.225823000435909,38.900382000041546],[-77.226005999835692,38.900259000284422],[-77.226201999654279,38.900134999893048],[-77.226369000058853,38.900046999822145],[-77.226458999572245,38.899985999891747],[-77.226846999909753,38.899727999961925],[-77.226959000062735,38.899665000299976],[-77.227144999835588,38.899549000210385],[-77.227348000225177,38.899420999650481],[-77.227457999830023,38.899351999919247],[-77.227819000403358,38.899108000291548],[-77.228156999613844,38.898842999688796],[-77.228633999639825,38.898549999665121],[-77.228867000166645,38.898408000156458],[-77.228924999892953,38.898361999919935],[-77.229012999756506,38.898301999688243],[-77.229264999651591,38.898128999738425],[-77.229468999866086,38.897990000043222],[-77.229699000019849,38.897837000018846],[-77.229863999876301,38.897733000307589],[-77.229875999571874,38.897725999918208],[-77.23000399961839,38.897662000121485],[-77.230119999969347,38.897602999755215],[-77.230262000259572,38.897541000064109],[-77.230572999705885,38.897440999658826],[-77.230716999645921,38.897407999878716],[-77.231197999869849,38.89726399995962],[-77.23121899978625,38.89725799998579],[-77.231252000296521,38.897249000024104],[-77.23131000002283,38.897231999860253],[-77.231699000185259,38.897125999734065],[-77.232012000179722,38.897053000109175],[-77.232895999911477,38.896885999918879],[-77.233520000250536,38.896773000191168],[-77.233854999986292,38.896713999785447],[-77.234218000209452,38.896643999750083],[-77.234532999853727,38.896569999857405],[-77.234696999885244,38.896517999792181],[-77.234992000336362,38.896405000178056],[-77.235137999926209,38.89633799986408],[-77.235436999676949,38.896174000122706],[-77.235768999937974,38.895981000078457],[-77.235869000395411,38.89592099993245],[-77.235946000388296,38.895866000045402],[-77.236095000351213,38.895744999724464],[-77.236230000070421,38.895614999727762],[-77.236367000337779,38.895455000265606],[-77.236426999713927,38.895384999688432],[-77.236461000049104,38.895341999659195],[-77.23652700017135,38.8952590002934],[-77.237076000167335,38.894597999876936],[-77.23729799992519,38.894329999812612],[-77.237807999563131,38.893715000318721],[-77.238291000335209,38.893059999844624],[-77.238499999674275,38.892790999744697],[-77.238981999723109,38.892194999852556],[-77.23905100021841,38.892104000225466],[-77.239540999764856,38.891494000252983],[-77.240253999792387,38.890614999985459],[-77.240567999611741,38.890232000208265],[-77.240739000214262,38.890101000046059],[-77.240859999689789,38.889940000182897],[-77.241207999844335,38.88950499995677],[-77.241606000227591,38.889000999864479],[-77.24172900025124,38.888848000052882],[-77.241829999635257,38.888740000234257],[-77.241983999621056,38.8885399996704],[-77.24218899966047,38.888245999902928],[-77.242474999890732,38.887718000348031],[-77.242561000104459,38.887595000333071],[-77.242628999876516,38.887499000207526],[-77.242949000441968,38.886925999950421],[-77.242978999680886,38.886871999999073],[-77.243124000344167,38.886552999695077],[-77.24319200011621,38.886425000185262],[-77.243316999789684,38.886188000325603],[-77.243397000155639,38.886055999777746],[-77.243522999654004,38.88586400013223],[-77.243578999730516,38.885764000067631],[-77.243657000446632,38.885625999873206],[-77.243715999997846,38.885529999883865],[-77.24382599960272,38.885351000008946],[-77.243879000204487,38.885273999744335],[-77.243902999595605,38.885165000153322],[-77.244028000167404,38.884946999770357],[-77.244095000114555,38.88488300034561],[-77.244143999620022,38.884792999680421],[-77.244265999818765,38.884542000089816],[-77.244434000048258,38.884222999812387],[-77.245049000166489,38.883134999754965],[-77.245111999915693,38.883061999735666],[-77.245294000388881,38.882727000332956],[-77.245337999871481,38.882578000172515],[-77.245502999727947,38.882270999851769],[-77.24552500036755,38.882232000171619],[-77.245686000026055,38.881951999867113],[-77.245794999805995,38.881831000318137],[-77.245947999966873,38.881553999783094],[-77.246055000096987,38.881373999694695],[-77.246420999794879,38.880718000113276],[-77.246515000404514,38.880558999959554],[-77.246621999636332,38.880353000137255],[-77.246695000329581,38.880193999866101],[-77.246732000139502,38.880089000191269],[-77.246777000345347,38.879908999888215],[-77.246784000018039,38.87988499972009],[-77.246810999782213,38.879734999884448],[-77.246823000376111,38.87961600007862],[-77.246825000025922,38.879568000235722],[-77.246830000048789,38.879455000229846],[-77.246826999675747,38.87936999975426],[-77.246783000193133,38.879036999766434],[-77.246783000193133,38.878936999883337],[-77.246746000383197,38.878666000101134],[-77.246722000093754,38.878425000123343],[-77.246688999583483,38.878211000163105],[-77.246565999559834,38.877233999787869],[-77.246559999712048,38.877179000117579],[-77.246534999597699,38.877020999785195],[-77.246398000228652,38.875886999839004],[-77.246341000327234,38.875394999795496],[-77.246310000365114,38.875112000301272],[-77.246144999610351,38.873779999995641],[-77.246141000310715,38.873748999900776],[-77.246111999998377,38.87351500001175],[-77.24604400022632,38.872983999773062]]},"properties":{"NAME":"Cedar Ln","BASENAME":"Cedar","MTFCC":"S1400"}},{"type":"Feature","geometry":{"type":"LineString","coordinates":[[-77.272673999868573,38.924337000305684],[-77.272709999853589,38.924294999721724],[-77.2727600000823,38.924268999713874],[-77.272808999587795,38.924241000232307],[-77.272928000311779,38.924172000164873],[-77.272989000411158,38.924140999697435],[-77.273035000441908,38.924116999799672],[-77.273089999795175,38.92409700022813],[-77.273269999720227,38.924031000274113],[-77.273330999819606,38.924006000254366],[-77.273401999964719,38.923974999714403],[-77.273464999713909,38.923952999931686],[-77.273539000232063,38.923934999786724],[-77.273606000179214,38.923916000249939],[-77.273665999555362,38.923892999663671],[-77.273719999982035,38.923869999768776]]},"properties":{"NAME":"Francis Young Ln","BASENAME":"Francis Young","MTFCC":"S1400"}},{"type":"Feature","geometry":{"type":"LineString","coordinates":[[-77.257380999623351,38.910667999813491],[-77.257493999601266,38.91063499988973],[-77.257557000248767,38.910613999739645],[-77.257599999906475,38.910573999969102],[-77.258050999993173,38.910201000185026]]},"properties":{"NAME":"Council Ct NE","BASENAME":"Council","MTFCC":"S1400"}},{"type":"Feature","geometry":{"type":"LineString","coordinates":[[-77.243144000435635,38.907066000088392],[-77.243137999689552,38.907045000280526],[-77.243135000214792,38.907025000091515],[-77.243135000214792,38.907012999695837],[-77.243136000039712,38.906999000047144],[-77.243157999781019,38.906941000075108],[-77.243171000199808,38.906922999808977],[-77.243181000245556,38.906911000095057],[-77.243196000314171,38.906896999727252],[-77.243207000184825,38.906888999915267],[-77.243232000299187,38.906873000288584],[-77.243255999690319,38.906860999867156],[-77.243269999934014,38.906856000331771],[-77.243295999873297,38.90684900014277],[-77.243325000185607,38.9068430002798],[-77.243348999576739,38.906841999953066],[-77.243367999843315,38.906841000325365],[-77.243397999980544,38.9068430002798],[-77.243421000445068,38.906847000188499],[-77.243444000011294,38.906851999724523],[-77.2434599999048,38.90685800028578],[-77.24347999999631,38.906866999728607],[-77.243500000087778,38.906877000195593],[-77.243521000004179,38.906890999868345],[-77.243535000247888,38.906901999958762]]},"properties":{"NAME":"Notre Dame Dr","BASENAME":"Notre Dame","MTFCC":"S1400"}},{"type":"Feature","geometry":{"type":"LineString","coordinates":[[-77.237903999822606,38.88400400008608],[-77.238294999634846,38.884282000105365],[-77.238376999650626,38.884346000071496],[-77.23851300009305,38.884463999704892],[-77.238653999660045,38.884602999999451],[-77.238739999873772,38.884697999903452],[-77.239108999944719,38.885135999996571]]},"properties":{"NAME":"Wooster Ct","BASENAME":"Wooster","MTFCC":"S1400"}},{"type":"Feature","geometry":{"type":"LineString","coordinates":[[-77.260842999828824,38.915496000130211],[-77.260811999866689,38.915507999790719],[-77.260728000201098,38.915524000266878],[-77.260509999742894,38.915401000183181],[-77.260255000373093,38.915243999800722],[-77.260201999771326,38.915215000043759],[-77.260143000220083,38.915207999980169]]},"properties":{"NAME":"Druid Hill Rd","BASENAME":"Druid Hill","MTFCC":"S1400"}},{"type":"Feature","geometry":{"type":"LineString","coordinates":[[-77.288227000404788,38.901077000349567],[-77.288254000168976,38.901142999979896],[-77.28830000019974,38.901205000021641],[-77.28834500040557,38.901245999884161],[-77.288607000346389,38.901413000307301]]},"properties":{"NAME":"Madrigal Way","BASENAME":"Madrigal","MTFCC":"S1400"}},{"type":"Feature","geometry":{"type":"LineString","coordinates":[[-77.269399999984074,38.877781999671093],[-77.27049100030338,38.877602999857523],[-77.271120999591915,38.877468000020187],[-77.27195499999327,38.877362999813982],[-77.272877000258177,38.877208000025334],[-77.274927999578892,38.876829000200971],[-77.275998999806703,38.876636000045075]]},"properties":{"NAME":null,"BASENAME":null,"MTFCC":"S1630"}},{"type":"Feature","geometry":{"type":"LineString","coordinates":[[-77.252370000237477,38.899356999983084],[-77.251878999967815,38.898981000073341],[-77.251792999754088,38.898938000124133],[-77.251714000111363,38.898911999914567]]},"properties":{"NAME":"Dale Ct SE","BASENAME":"Dale","MTFCC":"S1400"}},{"type":"Feature","geometry":{"type":"LineString","coordinates":[[-77.252439999659359,38.910410999832365],[-77.252411000245374,38.910291999689107],[-77.252337999552111,38.909975999873517],[-77.25227300015311,38.90976899979578],[-77.252229999597077,38.909694000013729],[-77.252149000304541,38.909602999743051],[-77.252020000433134,38.909488000102108],[-77.251377999652391,38.908995999984491],[-77.251222000016782,38.908882999956148],[-77.249701000425475,38.907717000139606],[-77.248760999718911,38.906999999672614],[-77.248052999714247,38.906452000078112],[-77.247821999735578,38.906282000017718],[-77.247712999955624,38.906222999823477],[-77.247599999977723,38.906187000320656],[-77.247507999916223,38.906170000199623],[-77.24738700044071,38.906162000305706],[-77.247025999867375,38.906162000305706],[-77.246881000102405,38.906145999816125],[-77.246759999728596,38.906116000199177],[-77.24667699988791,38.906085999870527],[-77.246486000092204,38.906002000141115]]},"properties":{"NAME":"Mashie Dr SE","BASENAME":"Mashie","MTFCC":"S1400"}},{"type":"Feature","geometry":{"type":"LineString","coordinates":[[-77.275664999895866,38.893406000247843],[-77.275721999797284,38.893472999832049],[-77.276541999954915,38.894481000098452],[-77.277538999664586,38.895718999744155],[-77.277639999946899,38.895865000263157]]},"properties":{"NAME":"James Madison Dr","BASENAME":"James Madison","MTFCC":"S1400"}},{"type":"Feature","geometry":{"type":"LineString","coordinates":[[-77.245153999748482,38.910102999997243],[-77.2450070003337,38.910244000303216],[-77.244938999663333,38.910287999974528],[-77.244858000370783,38.910324000193619],[-77.244695999989062,38.910370999947439],[-77.244603999927563,38.910410999832365],[-77.244542000003293,38.910448999841925],[-77.244475999881047,38.910508000018851],[-77.244393999865281,38.910618000134875],[-77.244232000381899,38.910852999716177],[-77.244182000153174,38.910909999717497],[-77.244112999657901,38.910964999834803],[-77.244040999687869,38.911005999653071],[-77.243946999976529,38.911039999671928],[-77.243848000242352,38.911061999963266],[-77.243725000218689,38.91106699990145],[-77.243623000111441,38.911055000189023],[-77.24352699985198,38.911029000222698],[-77.243439999813333,38.910990999824584],[-77.243367999843315,38.910943999782347],[-77.243307999568856,38.910886999808326],[-77.24325800023847,38.910819999878477],[-77.243223999903265,38.910746000080628],[-77.243211000382786,38.91068899994761],[-77.243209999659584,38.910601999950636],[-77.243217000230572,38.910554999650827],[-77.243281999629588,38.910405000270465],[-77.243294000223472,38.9103290001838],[-77.243290999850416,38.910274000272693]]},"properties":{"NAME":"Westwood Ter","BASENAME":"Westwood","MTFCC":"S1400"}},{"type":"Feature","geometry":{"type":"LineString","coordinates":[[-77.26097199970026,38.904953999688871],[-77.26117500008985,38.90510800010864],[-77.261340999771207,38.905244999851753],[-77.261766999743543,38.90557499968854],[-77.262345000051852,38.906012999670274],[-77.262934000230842,38.906463999869622],[-77.263161000011564,38.90663099990315],[-77.263382999769405,38.90680200015413],[-77.263496999572212,38.906894999774345],[-77.263576999938152,38.906959000336627],[-77.263703000334857,38.907045000280526],[-77.263787000000448,38.907092000108278],[-77.263880999711773,38.907127999851163],[-77.263983999643941,38.907149999956943],[-77.264045999568225,38.907157000116264],[-77.264274000072163,38.907159999685014],[-77.264556999929383,38.907177000268028],[-77.264711999740086,38.907201000302969],[-77.264840999611508,38.907235999669403],[-77.264976000229041,38.907286999953648],[-77.26509800042777,38.907351000162578],[-77.265172999872533,38.907401000045347],[-77.265317999637475,38.907518999824809],[-77.265691999731303,38.907808000031956],[-77.265906999816451,38.907972999777378],[-77.265971000288872,38.908022000310019],[-77.265984999634256,38.908049999900193],[-77.266119000426883,38.908155999796371],[-77.266292999605838,38.908303999821939],[-77.267025999724837,38.908865999781689],[-77.26761999992668,38.909313999853538],[-77.268224999999191,38.909783999882514],[-77.268589999872162,38.910066000083724],[-77.268644000298835,38.910118000013334],[-77.268713999720731,38.91020800004349],[-77.268768999972323,38.910314000212288],[-77.268839000292516,38.910506000167679],[-77.268890000346133,38.910577000092488],[-77.268953000095323,38.910636999737278],[-77.269020999867379,38.910680000290306],[-77.269154999761696,38.910741999692611],[-77.269430999946209,38.910844999651047],[-77.26967199997064,38.91093500015738],[-77.269722000199337,38.910969999779816],[-77.269744999765564,38.9109989998733],[-77.269759000009273,38.911032999895525],[-77.269760999659113,38.91106699990145],[-77.269757000359462,38.911099000056623],[-77.269976999569167,38.911032000326841],[-77.270412999587265,38.911233000025419],[-77.270949999887691,38.911242999877281],[-77.271235000293046,38.911398999761111],[-77.271361999616346,38.911604999718698],[-77.271597999617882,38.91198200013195],[-77.271587999572148,38.912121999948013]]},"properties":{"NAME":"Glyndon St NE","BASENAME":"Glyndon","MTFCC":"S1400"}},{"type":"Feature","geometry":{"type":"LineString","coordinates":[[-77.268960999592935,38.914647000125619],[-77.269168000180471,38.914516999788091],[-77.269235999952542,38.914484000255975],[-77.269300000424963,38.91445899966822],[-77.270534999785994,38.91414399975605],[-77.270631999870375,38.91412199972104],[-77.270719999733927,38.914115000248628],[-77.270807999597466,38.914118999747501],[-77.270985000047787,38.914155000120509],[-77.271101000398744,38.914165000259672],[-77.271211000003603,38.914159000316111],[-77.271315999585582,38.914140000258527],[-77.271417999692829,38.914108000076489],[-77.271518000150266,38.914059999776327],[-77.272375000117833,38.913443999683182]]},"properties":{"NAME":"Rockport Rd","BASENAME":"Rockport","MTFCC":"S1400"}},{"type":"Feature","geometry":{"type":"LineString","coordinates":[[-77.239025000279128,38.894319999675872],[-77.23955599983347,38.893653999843316],[-77.239657000115812,38.893552999743235],[-77.239736999583428,38.893483999903822],[-77.239895999592093,38.893360000267151],[-77.240033999684343,38.89323400007622],[-77.240180000172543,38.893070999980402],[-77.240298000173311,38.892921999840055],[-77.240570000159877,38.892595000111498],[-77.240808999636172,38.892282000032388],[-77.240915999766273,38.892169999805226],[-77.24136500020316,38.891599999695842],[-77.241611000250458,38.891296000144422],[-77.242032000199941,38.890770999748263]]},"properties":{"NAME":"Luckett Ave","BASENAME":"Luckett","MTFCC":"S1400"}},{"type":"Feature","geometry":{"type":"LineString","coordinates":[[-77.288649000179177,38.90143599979065],[-77.288782000248588,38.90150500029312],[-77.288908999571873,38.901560999709346],[-77.288968000021413,38.901595999759067],[-77.289029000120792,38.901651999802638],[-77.289075999976461,38.901718999996476]]},"properties":{"NAME":"Minuet Ct","BASENAME":"Minuet","MTFCC":"S1400"}},{"type":"Feature","geometry":{"type":"LineString","coordinates":[[-77.265109000298423,38.905246999851144],[-77.264951000114678,38.905354999734783],[-77.264904000259008,38.905407999967089],[-77.264869999923832,38.9054719997728],[-77.264819999695121,38.90571599990102],[-77.264802999976681,38.905766000236298],[-77.264755000296105,38.905852000227299],[-77.264693000371821,38.905928000213926],[-77.264434999730639,38.906149999764096],[-77.263930000115579,38.906566000112598],[-77.26379100019841,38.906668999839155],[-77.26358799980882,38.906834999762722],[-77.263496999572212,38.906894999774345],[-77.262764000351524,38.907489000089022],[-77.26243700011338,38.907742000305987],[-77.261443999703374,38.90853299965481],[-77.261286000417925,38.908671000079586],[-77.261159000196315,38.908771000047487],[-77.260797999622994,38.909073999991911]]},"properties":{"NAME":"Ayr Hill Ave NE","BASENAME":"Ayr Hill","MTFCC":"S1400"}},{"type":"Feature","geometry":{"type":"LineString","coordinates":[[-77.245788000133288,38.919991999761478],[-77.245790999608019,38.920029000091702],[-77.245813000247651,38.920099000134812],[-77.245850999882478,38.920160999695938],[-77.245923999677416,38.920231000307687],[-77.245993999997623,38.920287999766387],[-77.246079000386416,38.920337000184055],[-77.246167000249983,38.92037099992622],[-77.246362000243636,38.920411999902015]]},"properties":{"NAME":"Southern Pines Ct","BASENAME":"Southern Pines","MTFCC":"S1400"}},{"type":"Feature","geometry":{"type":"LineString","coordinates":[[-77.269820999933543,38.886333000242189],[-77.270168000263183,38.887172999890957],[-77.27063000022055,38.887280000091131],[-77.271278999775646,38.887158999826703]]},"properties":{"NAME":"Hunter Ct SW","BASENAME":"Hunter","MTFCC":"S1400"}},{"type":"Feature","geometry":{"type":"LineString","coordinates":[[-77.242433000057929,38.916955000131637],[-77.242905000061043,38.916778000154586],[-77.243136999864632,38.916700999714813],[-77.243259999888281,38.916668999988573],[-77.243357999797567,38.916652000281026],[-77.24347999999631,38.916644000170585],[-77.243613000065693,38.916648999715534],[-77.243751999982862,38.91666799980031],[-77.243847000417432,38.916692000120925],[-77.243916000014394,38.91671400005815],[-77.244084000243888,38.916778000154586],[-77.244254999948112,38.916857000183093],[-77.244634999889712,38.917059999826492],[-77.244689000316384,38.917097000287654],[-77.244778000004843,38.917171999935441],[-77.245039000120755,38.917450000128532],[-77.245105000242987,38.917530000284017],[-77.245164999619135,38.917621000176489],[-77.245234000114422,38.917714000299341],[-77.245306999909346,38.917827000246994],[-77.245480999986626,38.918074999816803],[-77.245777000262635,38.91851200008621],[-77.245921000202685,38.91873400011827],[-77.24604500005124,38.918930000287119],[-77.2461260002421,38.919034999855363],[-77.246209999907691,38.919130999983615],[-77.246286000075671,38.919201999667294],[-77.246390999657635,38.919288000153692],[-77.246446999734147,38.919329000056329],[-77.246604000092987,38.919420999887997],[-77.246748000033023,38.919495999875267],[-77.246892999797979,38.919555999668177],[-77.247204999967522,38.91968199997681],[-77.247354999755345,38.919750000072554],[-77.24752899983261,38.91981800010317],[-77.247722000176466,38.91989899982849],[-77.248925999575349,38.920379000315464],[-77.249092999979936,38.9204500001482]]},"properties":{"NAME":"Old Courthouse Rd NE","BASENAME":"Courthouse","MTFCC":"S1400"}},{"type":"Feature","geometry":{"type":"LineString","coordinates":[[-77.257665000203787,38.919991999761478],[-77.258343000071221,38.919936000207215],[-77.258538000064888,38.919926000182322],[-77.258769999868477,38.919926000182322],[-77.258866000127952,38.919926000182322],[-77.259071000167367,38.919937000349414],[-77.259371999567932,38.919967999858088],[-77.259636999881806,38.920015999656748],[-77.260164000136484,38.920120000274039],[-77.26043600012305,38.920164000112933],[-77.260694999690827,38.92018799995008],[-77.260888999859574,38.920192999944206],[-77.261221000120599,38.920182999955543],[-77.261396000022785,38.920175999683082],[-77.261484999711243,38.920159000116755],[-77.261561999704142,38.920130000271577]]},"properties":{"NAME":"Wexford Dr","BASENAME":"Wexford","MTFCC":"S1400"}},{"type":"Feature","geometry":{"type":"LineString","coordinates":[[-77.243167999826767,38.893548999784784],[-77.243397000155639,38.893327999806971],[-77.243562999836968,38.893183000185125],[-77.243700999929246,38.89309099990507],[-77.243987000159507,38.892951000314184],[-77.244412000306951,38.892773000086315],[-77.244474000231222,38.892746999717119],[-77.244622000369233,38.892697999829196],[-77.244731999974078,38.892640999888464],[-77.244776000355017,38.892628999858346],[-77.244832000431529,38.892624000020007],[-77.244875000089223,38.892628999858346]]},"properties":{"NAME":"Williams Ave","BASENAME":"Williams","MTFCC":"S1400"}},{"type":"Feature","geometry":{"type":"LineString","coordinates":[[-77.271766999672295,38.918406000279248],[-77.271745999755893,38.91838199983944],[-77.271696000425493,38.918307000072602],[-77.271666000288278,38.918224999761563],[-77.271657999892355,38.918148000192943],[-77.271637999800859,38.918041999842302],[-77.271594000318245,38.917932000049447],[-77.271460000423943,38.917667999990769]]},"properties":{"NAME":"Grand Ct","BASENAME":"Grand","MTFCC":"S1400"}},{"type":"Feature","geometry":{"type":"LineString","coordinates":[[-77.28633000017156,38.895682000024685],[-77.286180000383723,38.895505000136261],[-77.285537999602994,38.894837999733589],[-77.285421000325442,38.894742000307737],[-77.285308000347541,38.894667999831483],[-77.285182999775742,38.89460199977632],[-77.285017000094385,38.894531999756673],[-77.284807000032117,38.894457999760775],[-77.284844999666944,38.894381000278443],[-77.284865999583346,38.894290999760685],[-77.28486499975844,38.894160999899121],[-77.284844999666944,38.894069000186732],[-77.284805000382278,38.893986999841083],[-77.284751999780539,38.893915000295102],[-77.284685999658294,38.893850000049923],[-77.284603999642513,38.893791999823989],[-77.284502000433591,38.893739999822181],[-77.284166999799524,38.893627999796685],[-77.283663999834275,38.893480999757294],[-77.283488999932089,38.893403999914916],[-77.283435000403728,38.893376999959457],[-77.283174000287829,38.893222000146238],[-77.283059999586698,38.8931480001838],[-77.282915999646661,38.893019000149913],[-77.282648999682948,38.892754999724183],[-77.28253099968218,38.892644999898103],[-77.282416999879374,38.892554999977207],[-77.282329000015821,38.892505999956832],[-77.282278999787096,38.892484000207794],[-77.282178000403093,38.892452000052131],[-77.282046000158601,38.892427000095331],[-77.281913000089219,38.892416999690646],[-77.281779000194916,38.892423000073457],[-77.281653999623117,38.892440999820536],[-77.281390999857408,38.892506999786349],[-77.280887999892144,38.892653999744063],[-77.280629000324382,38.892725999869171],[-77.280503999752582,38.892774999737824],[-77.280362000360682,38.892848000264181],[-77.280251999857526,38.892921999840055],[-77.280045000168272,38.893094999889307]]},"properties":{"NAME":"Rambling Rd","BASENAME":"Rambling","MTFCC":"S1400"}},{"type":"Feature","geometry":{"type":"LineString","coordinates":[[-77.262807000009218,38.919800000306964],[-77.262674999764741,38.919617000255982],[-77.262595000297111,38.919533999913092],[-77.262497000387825,38.919456000218105],[-77.262315999739556,38.919346999972021],[-77.262222000028217,38.919270999675689],[-77.262143000385507,38.919184999867625],[-77.262083999935953,38.919095000038077],[-77.262036000255378,38.918982000012868],[-77.262006999943068,38.918871000122117],[-77.261982999653611,38.918748000248129],[-77.261950999866556,38.918600000333143],[-77.261918000254596,38.918514999874048],[-77.261873000048752,38.918448000155806],[-77.261801000078748,38.918376999717694],[-77.261499999779858,38.918172000013016],[-77.26139699984769,38.918094999687945],[-77.26130599961111,38.918015000169468],[-77.261201999854023,38.917902999993068],[-77.261168000417157,38.917863000136876],[-77.26106600030991,38.917762000224883],[-77.26090800012615,38.917634999826994],[-77.26071700033043,38.917506000246867],[-77.260640000337546,38.917463000334664],[-77.260543000253165,38.917424999886741],[-77.260098000014239,38.917313000177039],[-77.259907000218533,38.917259999747337],[-77.259793000415726,38.91720999981996],[-77.259260000313247,38.916860000040884],[-77.259123999870823,38.916778000154586],[-77.259045000228085,38.916735999988624],[-77.258818000447391,38.916637999737638],[-77.258548000110636,38.916535999988838],[-77.258360999614567,38.916447999978153],[-77.258244000337015,38.916365000122212],[-77.258174999841728,38.916304000233531],[-77.257799999923009,38.915890000039191],[-77.257736000348899,38.91584100004544],[-77.257686000120188,38.915813000033836],[-77.257569999769231,38.915762999785905],[-77.257483999555518,38.915742999956436],[-77.257399999889913,38.915734999743471],[-77.257303999630466,38.915738000347659],[-77.257105000337148,38.915752999871849]]},"properties":{"NAME":"Foxstone Dr","BASENAME":"Foxstone","MTFCC":"S1400"}},{"type":"Feature","geometry":{"type":"LineString","coordinates":[[-77.237954999876223,38.905554000138629],[-77.23739500000957,38.905768999863817],[-77.23699900017445,38.905920999933414],[-77.236316000284162,38.906151999737986],[-77.236141000381977,38.906216999907613],[-77.236023000381181,38.906278999712804],[-77.235876999893023,38.906377000286696],[-77.235768000113069,38.906465000201628],[-77.235686999922208,38.906547999751396],[-77.235595999685628,38.906662999960993],[-77.235527000088652,38.906776999656699],[-77.235389999821294,38.907055000023391]]},"properties":{"NAME":"Robin Way Ct","BASENAME":"Robin Way","MTFCC":"S1400"}},{"type":"Feature","geometry":{"type":"LineString","coordinates":[[-77.25190999992995,38.90643699998634],[-77.251441000299906,38.906789999720701],[-77.251082000274693,38.907069999984515],[-77.250881000433239,38.907238000311757],[-77.250755000036548,38.907349999842999]]},"properties":{"NAME":"Welles St SE","BASENAME":"Welles","MTFCC":"S1400"}},{"type":"Feature","geometry":{"type":"LineString","coordinates":[[-77.248068999607781,38.924727999823062],[-77.248215000095954,38.924545999979763],[-77.248241000035236,38.924477000208917],[-77.248246000058103,38.92440400005421],[-77.248225000141687,38.924222000078636],[-77.248229000339677,38.924090000341828],[-77.248252999730795,38.923957000273909],[-77.248292000088838,38.923836999693854],[-77.248347000340445,38.923718999787511],[-77.248730999581682,38.923074000331496],[-77.24876900011482,38.923019999912732],[-77.248862000001253,38.922905000346439],[-77.249153000254395,38.922569000077814],[-77.24921500017868,38.922490000118493],[-77.24924799979064,38.92243300033207],[-77.249281000300897,38.922344999946525],[-77.24929399982139,38.922260999889723],[-77.249288999798509,38.922165999913602],[-77.249262999859255,38.922075999671783],[-77.249178000368744,38.92190800021951],[-77.249009000314359,38.921575999899211],[-77.248945999666844,38.9214769999219],[-77.248862000001253,38.921388000325614],[-77.248776999612431,38.921321999948276],[-77.24868000042639,38.921264999922435],[-77.24768600019145,38.920860999910374],[-77.247599000152817,38.920841000119914],[-77.247502000068437,38.920833999912325],[-77.247441999793992,38.920837000300914]]},"properties":{"NAME":"Burning Tree Dr","BASENAME":"Burning Tree","MTFCC":"S1400"}},{"type":"Feature","geometry":{"type":"LineString","coordinates":[[-77.239340999748322,38.899471000224331],[-77.239338000273577,38.899853000091028]]},"properties":{"NAME":"Craigo Ct","BASENAME":"Craigo","MTFCC":"S1400"}},{"type":"Feature","geometry":{"type":"LineString","coordinates":[[-77.24218899966047,38.888245999902928],[-77.243577999905597,38.888712000021393],[-77.243787000142973,38.888776000192081],[-77.243819999754933,38.888785999710933],[-77.244076999672885,38.888864000245128],[-77.244480999903914,38.889000999864479],[-77.244896000005625,38.889149999839582],[-77.245407000366797,38.889334000001668],[-77.245588000116754,38.889400000057663],[-77.245882999669533,38.889498000154802],[-77.246026999609569,38.889542000097379],[-77.246265999984189,38.889623999981161],[-77.246599999895025,38.889725000074577],[-77.246823000376111,38.889800999842521],[-77.24693200015605,38.889852999931271],[-77.247001999577918,38.889896999653949],[-77.247081999943859,38.889942999779777],[-77.247226999708815,38.890025999764319],[-77.247316000295598,38.890095000166248],[-77.247506000266398,38.890268000109167],[-77.247531000380746,38.890295999708648],[-77.247599000152817,38.890373000123645],[-77.247830999956406,38.890708999686318],[-77.24800099983571,38.890955999757935],[-77.248052999714247,38.891023000254883],[-77.248155999646414,38.891177000124337],[-77.248516000394844,38.891677999936803],[-77.248942000367208,38.892268000275834],[-77.249514999754325,38.893129999916702],[-77.249606999815839,38.893258999748973],[-77.249692000204647,38.893353999963438],[-77.249937000427011,38.893577000188451],[-77.250308000147811,38.89386400019383],[-77.251716999586094,38.894947999659024],[-77.252665999615189,38.895672999863265],[-77.252776000118345,38.895753000092995],[-77.252930999929035,38.895875999964503],[-77.253224999656908,38.896111000104341],[-77.253604999598508,38.896405999952698],[-77.253654000002328,38.896443999768209],[-77.253802000140325,38.896560000036025],[-77.254885000063709,38.897374000322266],[-77.255931000177171,38.898173999677027],[-77.256802000388433,38.898847000048207],[-77.257398000240102,38.899307000028081],[-77.25773799999871,38.899567000248751],[-77.258940999572715,38.900488000201236],[-77.259481000246197,38.900895999682213],[-77.259533999949639,38.90093699972315],[-77.259600000071885,38.90098800033784],[-77.259798000438593,38.901142000271953],[-77.260919999821724,38.902015000012817],[-77.262063000019552,38.902890000271057],[-77.262824999552592,38.903474999969639]]},"properties":{"NAME":"Park St SE","BASENAME":"Park","MTFCC":"S1400"}},{"type":"Feature","geometry":{"type":"LineString","coordinates":[[-77.269757000359462,38.911099000056623],[-77.269753000161501,38.911134999864402],[-77.269492000045588,38.912405000195712],[-77.269467999756131,38.912507000289928],[-77.269411999679633,38.912686000224241],[-77.269336000409965,38.912867999733663],[-77.269242999625234,38.913041999657828],[-77.269131000370564,38.913212999842557],[-77.269004999973873,38.913372999830379],[-77.268861000033823,38.913527999692988],[-77.268695000352466,38.913679999924028],[-77.268517000077239,38.913818000127726],[-77.26832899975625,38.913941999686827],[-77.26815800005204,38.914037999715326],[-77.267651999713735,38.914288999911484],[-77.267286999840749,38.914370999877903]]},"properties":{"NAME":"John Marshall Dr NE","BASENAME":"John Marshall","MTFCC":"S1400"}},{"type":"Feature","geometry":{"type":"LineString","coordinates":[[-77.271017999659747,38.882023999651203],[-77.270292000111752,38.882172000299136],[-77.269614000244317,38.88228700012673],[-77.269533999878377,38.882317000020741],[-77.269410000029822,38.882365000104549],[-77.269237999602367,38.882363000159941],[-77.269034000286169,38.882306000317492]]},"properties":{"NAME":"Regency Crest Dr","BASENAME":"Regency Crest","MTFCC":"S1400"}},{"type":"Feature","geometry":{"type":"LineString","coordinates":[[-77.247229000256965,38.886091999697214],[-77.247035999913109,38.886292000160715],[-77.246849000315351,38.886471999676949],[-77.246583000176585,38.886693999920595],[-77.246321000235767,38.886889999754366],[-77.24604500005124,38.887071999665189],[-77.245815999722382,38.887202999819571],[-77.245635999797315,38.887299000345124],[-77.245302999711384,38.88746400020235],[-77.245198000129406,38.887515999904139],[-77.244931999990641,38.887672000179734],[-77.244752000065589,38.887795000061374],[-77.244589999683882,38.88791799973005],[-77.244444000094006,38.88805200009876],[-77.244420999629455,38.88807299993011],[-77.244270000016726,38.888226999902272],[-77.244137999772235,38.888385999677602],[-77.243858000288085,38.888737999769923],[-77.243819999754933,38.888785999710933]]},"properties":{"NAME":"Patrick St SE","BASENAME":"Patrick","MTFCC":"S1400"}},{"type":"Feature","geometry":{"type":"LineString","coordinates":[[-77.246291999923443,38.922453999780508],[-77.246439000236549,38.922536000096663],[-77.246547000191569,38.922622000036604],[-77.246686999933644,38.922782999879594],[-77.24680400010952,38.922884999734343],[-77.246948999874476,38.922973000148971],[-77.247334999663863,38.923204999765865],[-77.247409000182017,38.923245000105105]]},"properties":{"NAME":"Thunderbird Ct","BASENAME":"Thunderbird","MTFCC":"S1400"}},{"type":"Feature","geometry":{"type":"LineString","coordinates":[[-77.248352000363326,38.886730000216026],[-77.248220000118835,38.886926999858545],[-77.248054000437477,38.887149999983706],[-77.247963000200883,38.887256000315091],[-77.247827999583365,38.887393000238674],[-77.247635999962725,38.887563000072575],[-77.247346000432813,38.88777500004398],[-77.247224000234098,38.887848000115277],[-77.247067999700178,38.887935999919492],[-77.24675600042896,38.888092999863659],[-77.246450999932108,38.888276999966713],[-77.246286999900576,38.88839199970171],[-77.246111999998377,38.888533999658783],[-77.245987000324931,38.888652999911372],[-77.245821999570182,38.888828000331955],[-77.245677999630118,38.889000999864479],[-77.245470999940892,38.889255000108285],[-77.245407000366797,38.889334000001668]]},"properties":{"NAME":"Casmar St SE","BASENAME":"Casmar","MTFCC":"S1400"}},{"type":"Feature","geometry":{"type":"LineString","coordinates":[[-77.253766000155309,38.893581000145325],[-77.253843999973114,38.893459000310251],[-77.253911999745185,38.893323000017837],[-77.253961999973882,38.89318099984591],[-77.253992999936017,38.893039000089217],[-77.254003999806685,38.892905999862698],[-77.253971000194724,38.892385000203987],[-77.253967999821683,38.892304999676355],[-77.253980000415552,38.892193000184662],[-77.254013999852432,38.892078000310612],[-77.254066999555889,38.891971000345642],[-77.254135000226256,38.891874999841306],[-77.254218999891833,38.891787999862139],[-77.254425999581073,38.891617999651487],[-77.254584999589738,38.891456999730792],[-77.254736000100792,38.891282000193527]]},"properties":{"NAME":"Melody Ln SW","BASENAME":"Melody","MTFCC":"S1400"}},{"type":"Feature","geometry":{"type":"LineString","coordinates":[[-77.272856000341775,38.879960000218496],[-77.272811999960837,38.879688000131864]]},"properties":{"NAME":"Lagersfield Cir","BASENAME":"Lagersfield","MTFCC":"S1400"}},{"type":"Feature","geometry":{"type":"LineString","coordinates":[[-77.275905000095364,38.881310999835769],[-77.279221999637571,38.8814079999173],[-77.280112999940343,38.881437000197124]]},"properties":{"NAME":"Marywood Rd","BASENAME":"Marywood","MTFCC":"S1400"}},{"type":"Feature","geometry":{"type":"LineString","coordinates":[[-77.24319200011621,38.886425000185262],[-77.242778999664353,38.886285999959242],[-77.241443999845885,38.885818000161926],[-77.241134000224477,38.885678000221155],[-77.240878000131445,38.885530999811628],[-77.240749000260024,38.885443999754173],[-77.240507000410688,38.885251999853168],[-77.240386999861769,38.885139999729581],[-77.240225000378373,38.884962000206244],[-77.240088000111029,38.884776999969795],[-77.23964799989497,38.884048999883795],[-77.239124999838253,38.883164000029147],[-77.23881400039194,38.882643000243377],[-77.238706000436892,38.882475999737011],[-77.238617999675029,38.882317999993681],[-77.238595000108816,38.882259000167643],[-77.238570999819387,38.882178000148826],[-77.238563000321776,38.882061000191761],[-77.23857699966716,38.881959999691333],[-77.238629000444007,38.881845000033785],[-77.238761999615093,38.881626999953156],[-77.238979000248378,38.881288000128663],[-77.239056000241277,38.881203999736421],[-77.239124000013334,38.881156000266913],[-77.239226999945501,38.881110000045595],[-77.239315999633959,38.881084000302565],[-77.242197000056379,38.880763999889105],[-77.242259999805569,38.880761999899484],[-77.242363999562642,38.880771999847084],[-77.242463000195173,38.880793999726841],[-77.242705000044495,38.880877999904421],[-77.242817000197491,38.88092700025355],[-77.242869999900947,38.880959999998709],[-77.242932999650137,38.8810210001865],[-77.243062000419869,38.881198999793213]]},"properties":{"NAME":"Bowling Green Dr","BASENAME":"Bowling Green","MTFCC":"S1400"}},{"type":"Feature","geometry":{"type":"LineString","coordinates":[[-77.256782000296951,38.908289000121499],[-77.256254000217353,38.90788799987169],[-77.256229999927911,38.907860000217667],[-77.255576000349933,38.907364000121518],[-77.254481999657571,38.906522999863562],[-77.254337999717535,38.906408000126177],[-77.253101999633273,38.905465999793513],[-77.251873999944934,38.90452800028293]]},"properties":{"NAME":"Berry St SE","BASENAME":"Berry","MTFCC":"S1400"}},{"type":"Feature","geometry":{"type":"LineString","coordinates":[[-77.279683999594937,38.890826000084935],[-77.279831999732949,38.890972000174564],[-77.279936000388332,38.891077999697224]]},"properties":{"NAME":"Pennington Pl","BASENAME":"Pennington","MTFCC":"S1400"}},{"type":"Feature","geometry":{"type":"LineString","coordinates":[[-77.287856999610639,38.876833999752314],[-77.287582999974234,38.876866999999557],[-77.287265999781837,38.876921999911374]]},"properties":{"NAME":"Michael Schar Ct","BASENAME":"Michael Schar","MTFCC":"S1400"}},{"type":"Feature","geometry":{"type":"LineString","coordinates":[[-77.242653000165959,38.908629000009107],[-77.241121999630607,38.908632999817165],[-77.240817999857001,38.909327999744711],[-77.240774000374387,38.909508999886363]]},"properties":{"NAME":"Notre Dame Dr","BASENAME":"Notre Dame","MTFCC":"S1400"}},{"type":"Feature","geometry":{"type":"LineString","coordinates":[[-77.239575999924952,38.920416999880416],[-77.240302000371273,38.920185000232969],[-77.241002999804934,38.919920000026906],[-77.241484000028848,38.919729999968943]]},"properties":{"NAME":"Harvest Oak Dr","BASENAME":"Harvest Oak","MTFCC":"S1400"}},{"type":"Feature","geometry":{"type":"LineString","coordinates":[[-77.254915000200938,38.894292000264258],[-77.254497999551091,38.893978000163976],[-77.254311999778253,38.893857000122189],[-77.254095000043293,38.893732999738376],[-77.253895000026745,38.893635999704458],[-77.253766000155309,38.893581000145325],[-77.253530999978665,38.893495999789536],[-77.253331999787036,38.893438999790042],[-77.253134000318639,38.893392000013662],[-77.252468999971683,38.893246999823276]]},"properties":{"NAME":"Lullaby Ln S","BASENAME":"Lullaby","MTFCC":"S1400"}},{"type":"Feature","geometry":{"type":"LineString","coordinates":[[-77.267335000419649,38.896743999879369],[-77.267547999956676,38.896566000068816],[-77.267687999698751,38.896457000325967]]},"properties":{"NAME":"Surveyors Ct SW","BASENAME":"Surveyors","MTFCC":"S1400"}},{"type":"Feature","geometry":{"type":"LineString","coordinates":[[-77.259090000433943,38.885538000004495],[-77.259939000005588,38.886082999719051],[-77.260005000127833,38.886119000324101],[-77.260092000166466,38.886146000241467],[-77.260197999573364,38.886154000292727]]},"properties":{"NAME":"Avery Ct SW","BASENAME":"Avery","MTFCC":"S1400"}},{"type":"Feature","geometry":{"type":"LineString","coordinates":[[-77.243253000215574,38.921245000245804],[-77.243372000041262,38.921286999839737],[-77.243423999919813,38.921321999948276],[-77.243563999661887,38.921481999825254],[-77.243755000355918,38.921644999695793],[-77.243879000204487,38.921774000138278],[-77.24395199999941,38.921843999857629],[-77.244442000444167,38.922451000159199],[-77.244481999728833,38.922486999799801],[-77.244547999851065,38.922538999714341],[-77.244836999556071,38.922801000316873],[-77.244895000180719,38.922853000001261],[-77.245069000257985,38.923010999722479],[-77.245250999832862,38.923175999767899]]},"properties":{"NAME":"Coral Gables Ln","BASENAME":"Coral Gables","MTFCC":"S1400"}},{"type":"Feature","geometry":{"type":"LineString","coordinates":[[-77.251818999693342,38.888350000221365],[-77.250421000125712,38.888704000258251],[-77.250300999576794,38.888726999662374],[-77.2501750000784,38.888736000004755],[-77.250042000009017,38.888729000127015],[-77.249918000160449,38.888706999907328],[-77.249809000380509,38.888671999798085],[-77.249701000425475,38.888622000011672],[-77.249661000242511,38.88859700010525]]},"properties":{"NAME":"Yeonas Dr SE","BASENAME":"Yeonas","MTFCC":"S1400"}},{"type":"Feature","geometry":{"type":"LineString","coordinates":[[-77.239540999764856,38.891494000252983],[-77.240762999605408,38.892109999935528],[-77.240915999766273,38.892169999805226],[-77.24111300030809,38.892248000119437],[-77.241567999694439,38.89246499994232],[-77.242241000437318,38.892808000272382],[-77.242305999836319,38.892861000081894],[-77.242351999867097,38.892924000186561],[-77.242378999631271,38.89299299987082],[-77.242406000293755,38.893461999758529],[-77.242509000225922,38.893456000162672],[-77.242811000349704,38.89344999986713],[-77.242881999596506,38.893453999831152],[-77.242986000251889,38.893472000016132],[-77.24308400016119,38.893505000226838],[-77.243167999826767,38.893548999784784],[-77.243285999827549,38.893622000214798],[-77.24389000007514,38.894091000144002]]},"properties":{"NAME":"Redwood Dr","BASENAME":"Redwood","MTFCC":"S1400"}},{"type":"Feature","geometry":{"type":"LineString","coordinates":[[-77.283261000326462,38.884581999841579],[-77.283375999954188,38.884749000292658],[-77.28350700037376,38.884921999969166],[-77.283522000442375,38.884968999755955],[-77.283519000069319,38.885009999901627],[-77.283467000190782,38.885312999852459],[-77.283447999924206,38.88538000007788],[-77.28341199993919,38.885414999711315],[-77.283380999977055,38.885438000180287],[-77.282965999875358,38.885701999831021],[-77.282795000171134,38.885811999920421],[-77.282728000223983,38.885845000193747],[-77.282657000078871,38.88587300013814],[-77.282570999865143,38.885898000303946],[-77.282491000397528,38.885912999839782],[-77.282410000206667,38.885921999839496],[-77.282313999947206,38.885921999839496],[-77.28223199993144,38.885914999684417],[-77.282153000288716,38.885900000149],[-77.282065000425163,38.885874000061023],[-77.281994000280065,38.885845000193747],[-77.281861000210682,38.885776999783303],[-77.281809000332132,38.885738999854667],[-77.281711000422845,38.885646999722482]]},"properties":{"NAME":"Hidden Valley Rd","BASENAME":"Hidden Valley","MTFCC":"S1400"}},{"type":"Feature","geometry":{"type":"LineString","coordinates":[[-77.257252999576821,38.895491000315829],[-77.258646999844842,38.894381000278443],[-77.259075000365328,38.894043000292022],[-77.259185999795079,38.893979999781621],[-77.25930200014605,38.893932999664074],[-77.259411999750895,38.893901999971135],[-77.259539999797411,38.893882000274843],[-77.259671000216983,38.893876000015283],[-77.25980400028638,38.893886000214543],[-77.259904999670397,38.893905000099885],[-77.260077999922771,38.893952000235956]]},"properties":{"NAME":"Moore Ave SW","BASENAME":"Moore","MTFCC":"S1400"}},{"type":"Feature","geometry":{"type":"LineString","coordinates":[[-77.258646999844842,38.894381000278443],[-77.258122999963206,38.893836999714104],[-77.258018000381213,38.893757999934678],[-77.257910000426179,38.893694000057799],[-77.257789000052355,38.893639999658021],[-77.257645000112319,38.893593000014647],[-77.25742300035445,38.893544000011197],[-77.257327999919909,38.893513999963865],[-77.257261999797649,38.893487000050214],[-77.257143999796881,38.89342699989475],[-77.257044000237769,38.893360000267151],[-77.256587000303284,38.892960999944485],[-77.25632199998941,38.892729999874021],[-77.256250000019378,38.892649999734985],[-77.256184999722052,38.892551999791436],[-77.256136000216571,38.892444999841388],[-77.256106999904262,38.89233600006628],[-77.256096999858499,38.892224999757815],[-77.256087999637685,38.891985000160737],[-77.256063000421648,38.891891999889083],[-77.256022000413765,38.891808000148067],[-77.255966000337267,38.891731999730752],[-77.255889000344368,38.891658000313463],[-77.255798999932679,38.891597000168943],[-77.255697999650351,38.891549000029819],[-77.255602000289187,38.891517000152113],[-77.255167000096009,38.891414999965086],[-77.255045999722185,38.891382000181665],[-77.25484099968277,38.891323000191704],[-77.254736000100792,38.891282000193527],[-77.254632000343733,38.891231000299165],[-77.254372999877631,38.891065000252382]]},"properties":{"NAME":"Desale St SW","BASENAME":"Desale","MTFCC":"S1400"}},{"type":"Feature","geometry":{"type":"LineString","coordinates":[[-77.25348599977282,38.894297999789551],[-77.253525000130878,38.89411399990135],[-77.25358100020739,38.893943999664593],[-77.253655999652139,38.893777999665886],[-77.253766000155309,38.893581000145325]]},"properties":{"NAME":"Melody Ln SE","BASENAME":"Melody","MTFCC":"S1400"}},{"type":"Feature","geometry":{"type":"LineString","coordinates":[[-77.243209999659584,38.875818999689031],[-77.243177999872515,38.875734999825255],[-77.242935000198273,38.875585999689513],[-77.242747999702203,38.875594000230436],[-77.242705000044495,38.875650999862252],[-77.242961999962461,38.875814000066221],[-77.243017000214039,38.875909999895597]]},"properties":{"NAME":"Balliett Ct","BASENAME":"Balliett","MTFCC":"S1400"}},{"type":"Feature","geometry":{"type":"LineString","coordinates":[[-77.276427000327203,38.91130700001451],[-77.276598000031413,38.911278000046863],[-77.276752999842117,38.911247000237061],[-77.27692000024669,38.911197000267293],[-77.277065999836566,38.911139000230271],[-77.277212000324724,38.911065000066024],[-77.277350000417002,38.910977000261461],[-77.27747400026557,38.910876999906307],[-77.277701000046278,38.910647999946285],[-77.277985999553337,38.910354999707565],[-77.278342000103791,38.909975999873517],[-77.278410999700768,38.909886000248179],[-77.278500000287551,38.909743000057411],[-77.278568000059593,38.909598999989655],[-77.27861999993813,38.909450999868014],[-77.27865400027332,38.909294000303845],[-77.278672999641586,38.909115999799113],[-77.27867099999176,38.908950999914332],[-77.278651999725184,38.908802999839686],[-77.278571000432663,38.908482999870323],[-77.278553999815898,38.908335999824665],[-77.278554999640804,38.908193000006442],[-77.278587000326169,38.907997999853663],[-77.278649000250468,38.907766999764583]]},"properties":{"NAME":"Statute Ln","BASENAME":"Statute","MTFCC":"S1400"}},{"type":"Feature","geometry":{"type":"LineString","coordinates":[[-77.254372999877631,38.904485000197624],[-77.25424300018129,38.904571000342244],[-77.253101999633273,38.905465999793513]]},"properties":{"NAME":"Welles St SE","BASENAME":"Welles","MTFCC":"S1400"}},{"type":"Feature","geometry":{"type":"LineString","coordinates":[[-77.274997000074165,38.891899000154339],[-77.274951000043416,38.891869000111384],[-77.274849999761088,38.891788999701767],[-77.274802000080498,38.891735999791528],[-77.274742999630959,38.891647999800512],[-77.274703000346292,38.891559999700405],[-77.274677000407038,38.891464000038965],[-77.274672000384157,38.891370999784357],[-77.274684000079731,38.89127499986747],[-77.27480600027846,38.89091600009904],[-77.274854999783955,38.89077599971705],[-77.274868000202758,38.890690000344449],[-77.274864999829688,38.89058599995591],[-77.274844999738207,38.890492999950148],[-77.274804999555244,38.890400999681738],[-77.274750000201976,38.89031700027504],[-77.274325000054517,38.889862000130996],[-77.27375199976909,38.889250000032376]]},"properties":{"NAME":"Apple Blossom Ct","BASENAME":"Apple Blossom","MTFCC":"S1400"}},{"type":"Feature","geometry":{"type":"LineString","coordinates":[[-77.26239000025771,38.912538999795828],[-77.262622000061299,38.912752000246215],[-77.263150000140897,38.913259000242974]]},"properties":{"NAME":"Oak Knoll Rd NE","BASENAME":"Oak Knoll","MTFCC":"S1400"}},{"type":"Feature","geometry":{"type":"LineString","coordinates":[[-77.249436000111601,38.896104000254233],[-77.249353000270929,38.896173000344817],[-77.24916699959978,38.896311000324914],[-77.248911000405045,38.896510999982191],[-77.248666000182666,38.896695999722994],[-77.248354999838043,38.896945999948727],[-77.24812600040751,38.89713799970351],[-77.247713999780544,38.897459000231542],[-77.246589999849292,38.898361999919935],[-77.246544999643433,38.898399000340518],[-77.24590600013407,38.89890600007999],[-77.245865000126173,38.898922999843087],[-77.245819000095423,38.898932000291751],[-77.245788999958194,38.898975999983044],[-77.245408000191702,38.899293999992018]]},"properties":{"NAME":"Owaissa Rd SE","BASENAME":"Owaissa","MTFCC":"S1400"}},{"type":"Feature","geometry":{"type":"LineString","coordinates":[[-77.273735999875555,38.892378999817957],[-77.273780000256494,38.892401000298719],[-77.274130000060865,38.89266800012372],[-77.274206000228844,38.89270000018201],[-77.274289999894421,38.892716000205773],[-77.274341999772972,38.892717000032334]]},"properties":{"NAME":"Roland Ct SW","BASENAME":"Roland","MTFCC":"S1400"}},{"type":"Feature","geometry":{"type":"LineString","coordinates":[[-77.262832000123581,38.877465999937755],[-77.262808999659043,38.877108999712647],[-77.262839999621178,38.87690000023148],[-77.262914000139347,38.87672499980161],[-77.26303399978994,38.876559000126527],[-77.263105999759972,38.876462999775129],[-77.263314999997348,38.876271000082056],[-77.263361999853004,38.876194999827135],[-77.263393999640044,38.876164000086284],[-77.26352500005963,38.876033999920402],[-77.263765000259141,38.87578100002937],[-77.26413500015498,38.875402000287622],[-77.264207999949917,38.875319000002463],[-77.264293000338739,38.87524899986353],[-77.264408999791385,38.875168000246177]]},"properties":{"NAME":"Swanee Ln","BASENAME":"Swanee","MTFCC":"S1400"}},{"type":"Feature","geometry":{"type":"LineString","coordinates":[[-77.275031000409356,38.900391000305277],[-77.274992999876218,38.899904999811497],[-77.274971000134926,38.899842000306634],[-77.274930999951948,38.899784000080516],[-77.274879000073383,38.89973800003628]]},"properties":{"NAME":"Orchard Ct NW","BASENAME":"Orchard","MTFCC":"S1400"}},{"type":"Feature","geometry":{"type":"LineString","coordinates":[[-77.26776399986673,38.918754999962587],[-77.267290000213819,38.919093999884005]]},"properties":{"NAME":null,"BASENAME":null,"MTFCC":"S1400"}},{"type":"Feature","geometry":{"type":"LineString","coordinates":[[-77.287090000054732,38.87670700026846],[-77.286791000304007,38.876682999718241],[-77.286320999950718,38.876645999874015]]},"properties":{"NAME":"Valera Ct","BASENAME":"Valera","MTFCC":"S1400"}},{"type":"Feature","geometry":{"type":"LineString","coordinates":[[-77.271836000167582,38.89389300028332],[-77.27168899985449,38.89378499974525],[-77.271416000043018,38.893517000109],[-77.271135999660515,38.893256000292133],[-77.271029000428712,38.893176999866455],[-77.270897000184235,38.893094999889307],[-77.270755999718943,38.893023999960462],[-77.270534999785994,38.892935000343357],[-77.270473999686629,38.892905999862698],[-77.270364000081756,38.892845999915544],[-77.270240000233215,38.892762999730294],[-77.269917000193018,38.892489999885761]]},"properties":{"NAME":"Ceret Ct SW","BASENAME":"Ceret","MTFCC":"S1400"}},{"type":"Feature","geometry":{"type":"LineString","coordinates":[[-77.273425000429242,38.920768999849045],[-77.273210000344093,38.92041099976651],[-77.273226000237628,38.91982900028701]]},"properties":{"NAME":"Grampion Pl","BASENAME":"Grampion","MTFCC":"S1400"}},{"type":"Feature","geometry":{"type":"LineString","coordinates":[[-77.267492999705084,38.899750000263474],[-77.267732999904595,38.9000660001565],[-77.267788999981093,38.900152000060991],[-77.267859000301286,38.900284000280706],[-77.268091000104889,38.900700000045909],[-77.268281999900609,38.901013999787267],[-77.268363000091441,38.901131999696233],[-77.268631999704965,38.901543999878754],[-77.268768999972323,38.901754999667631],[-77.26886600005669,38.901883000214653],[-77.268982000407647,38.902047000054033],[-77.269362000349233,38.902586000110219],[-77.269393000311382,38.902631000020619],[-77.269738000092886,38.903136999923895],[-77.269831999804197,38.903247999955035],[-77.269903999774229,38.903308000201925],[-77.269989000163051,38.903360000188457],[-77.270092000095204,38.903408999710706],[-77.27015700039253,38.903431000269897],[-77.270293999761577,38.90346699977205],[-77.27044500027263,38.90348999998816],[-77.271106000421611,38.903535999698953],[-77.271414000393193,38.903556999845762],[-77.271837999817407,38.903586000171394],[-77.272454999585463,38.903627999730141]]},"properties":{"NAME":"Lawyers Rd NW","BASENAME":"Lawyers","MTFCC":"S1400"}},{"type":"Feature","geometry":{"type":"LineString","coordinates":[[-77.25710600016204,38.915219000179668],[-77.255901999864847,38.915319000008964],[-77.255747999879063,38.915338999957925],[-77.255588999870412,38.915377000124927],[-77.255480999915363,38.915412999859811],[-77.255381000356252,38.915459999738516],[-77.254961000231688,38.91570799989185],[-77.254625999597607,38.915912999725052],[-77.254516999817668,38.9160030000955],[-77.254408000037728,38.916121000252993],[-77.254341999915496,38.91622100020917],[-77.254281999641037,38.916355999786703],[-77.254254000051944,38.916465999925684],[-77.25424400000621,38.916578000273219],[-77.254253000227024,38.916696000173523],[-77.254269999945464,38.916778000154586],[-77.254281999641037,38.91685799966973],[-77.254280999816118,38.916994000316016],[-77.254257000424985,38.917121999946119],[-77.254216000417102,38.917232999776964],[-77.254151000119791,38.917352000164676],[-77.254074000126892,38.917454000138463],[-77.253980000415552,38.917549000132965],[-77.253874000110343,38.917633999652345],[-77.253756999934495,38.917706999783256],[-77.253085999739739,38.91803100008034],[-77.251535999836136,38.918776999959185],[-77.251349000238363,38.918859999789724],[-77.251115999711558,38.918947000147888],[-77.25099500023606,38.918982000012868],[-77.250780999975802,38.919033999700446],[-77.250575000111482,38.919070999831291],[-77.250358000376508,38.919096000192127],[-77.250143000291345,38.919106999788951],[-77.249940999726661,38.919102999872251],[-77.24971999979374,38.919083000285163],[-77.246989999882373,38.918723999923984],[-77.24678599966785,38.918700000290663],[-77.246641999727814,38.91868299967178],[-77.246471999848495,38.91865500008258],[-77.246383000160037,38.91864700019795],[-77.246199000037038,38.918653999922313],[-77.246111999998377,38.918670999849198],[-77.245921000202685,38.91873400011827]]},"properties":{"NAME":"Fairway Dr NE","BASENAME":"Fairway","MTFCC":"S1400"}},{"type":"Feature","geometry":{"type":"LineString","coordinates":[[-77.240159000256142,38.897717000015831],[-77.240761999780489,38.897969000347246],[-77.240822999879867,38.898003000317971],[-77.24088099960619,38.898052999792903],[-77.240920999789168,38.898111000034632]]},"properties":{"NAME":"Minerva Ct","BASENAME":"Minerva","MTFCC":"S1400"}},{"type":"Feature","geometry":{"type":"LineString","coordinates":[[-77.23729799992519,38.894329999812612],[-77.237790000019785,38.894569000075265],[-77.237814000309243,38.894583000077439],[-77.237841000073416,38.894600999976291],[-77.237866000187765,38.894621000169231],[-77.237888999753991,38.894642000156054],[-77.237909999670393,38.894664999734964],[-77.237928999936969,38.894688999804416],[-77.237944999830489,38.894713999664198],[-77.23796200044724,38.894750000090042],[-77.237969000119932,38.894767000148867],[-77.237974999967719,38.894788000092518],[-77.238034000417272,38.894979000293695],[-77.238039000440125,38.895000000174669],[-77.238047999762642,38.895025999719032],[-77.238061000181446,38.895051999953054],[-77.238075000425141,38.89507699968506],[-77.238092999968501,38.895099999822271],[-77.238112000235077,38.89512299995198],[-77.23813399997637,38.895143999790371],[-77.238158000265827,38.895163999830444],[-77.238184000205081,38.89518200028116],[-77.238211999794174,38.895199000236573],[-77.238242999756324,38.895213999905977],[-77.238333000167998,38.895239000280071],[-77.238609000352525,38.895310999882156],[-77.238781999706575,38.89535699999756],[-77.239344000121363,38.895505000136261],[-77.239374000258593,38.895512000045407],[-77.23941400044157,38.895518999953921],[-77.239453999726223,38.89552500007467],[-77.239493999909186,38.89552800013486],[-77.239525999696241,38.895528999921837]]},"properties":{"NAME":"Wedderburn Station Dr","BASENAME":"Wedderburn Station","MTFCC":"S1400"}},{"type":"Feature","geometry":{"type":"LineString","coordinates":[[-77.263489999899534,38.876708000320342],[-77.263581999961033,38.876761000252927],[-77.26369800031199,38.876776000319055],[-77.263819999612394,38.876772000115267],[-77.263955000229927,38.876726999904854],[-77.264115999888418,38.876719000190832],[-77.264357999737754,38.876725999853242],[-77.264525999967248,38.876734000265813],[-77.264587000066612,38.876729000008098],[-77.264621000401803,38.876722999698302],[-77.265062000442754,38.8767389998239]]},"properties":{"NAME":"Sycamore Crest Dr","BASENAME":"Sycamore Crest","MTFCC":"S1400"}},{"type":"Feature","geometry":{"type":"LineString","coordinates":[[-77.278414000073809,38.913186999967742],[-77.278577000280436,38.91310900028617],[-77.27867099999176,38.913051999953865],[-77.278758000030408,38.912980999708871],[-77.278917999863964,38.912804000305044],[-77.279100000337166,38.912634000078967],[-77.279199999896264,38.912563000114815],[-77.279310000399448,38.912501999754184],[-77.279440000095789,38.912447000128886],[-77.27953600035525,38.912416999679898],[-77.279814000189589,38.912355000342686],[-77.279941000411199,38.912313999905706],[-77.280035000122538,38.912268000290815],[-77.280133000031825,38.912201000266499],[-77.28024500018482,38.91209699992622],[-77.280342000269201,38.911988999814774],[-77.280718000012826,38.911567000327977],[-77.280671999982076,38.911026999687181]]},"properties":{"NAME":"Freda Dr","BASENAME":"Freda","MTFCC":"S1400"}},{"type":"Feature","geometry":{"type":"LineString","coordinates":[[-77.264408999791385,38.875168000246177],[-77.264563999602089,38.875073000188713],[-77.264652000363938,38.875022999923473],[-77.264794999580758,38.874964000334494],[-77.26483200028899,38.874954000268936],[-77.264905999908848,38.87495200011579],[-77.264972000031079,38.87496699986437],[-77.265008999841015,38.87498299968594],[-77.265059999894618,38.875019999696647],[-77.265158999628824,38.875112000301272],[-77.265459999927714,38.875419000081344],[-77.265763999701335,38.875740000152973],[-77.2659379997786,38.875895000346048],[-77.266116000053827,38.876029999674792],[-77.266284000283306,38.8761410001119],[-77.266387000215474,38.876196999945293],[-77.266501000018309,38.876243999908787],[-77.266627000414999,38.876280999962304],[-77.266767000157088,38.876304999948935],[-77.266899000401551,38.876313999766992],[-77.26700999983133,38.876311000294024],[-77.267161000342384,38.876295000072062],[-77.267670000155405,38.876206999835958]]},"properties":{"NAME":"Saintsbury Dr","BASENAME":"Saintsbury","MTFCC":"S1400"}},{"type":"Feature","geometry":{"type":"LineString","coordinates":[[-77.243144000435635,38.907066000088392],[-77.243172000024728,38.907081999671568],[-77.24319200011621,38.907090000160849],[-77.243218999880398,38.90709900027332],[-77.243243000169841,38.907103999791595],[-77.243276999606721,38.907107999685586],[-77.243305000094111,38.907109000008575],[-77.243331000033393,38.907107000061636],[-77.243356999972661,38.907103000167588],[-77.243377000064143,38.907097999950182],[-77.243397999980544,38.907090999785041],[-77.243411000399334,38.907086000265842],[-77.243423000094893,38.907079999723869],[-77.243442000361483,38.907069999984515],[-77.243454000057028,38.907062000192028],[-77.24346300027787,38.907056000347126],[-77.243489000217139,38.907032999888173],[-77.243501999737617,38.907017000293955],[-77.243511999783365,38.907004000271471],[-77.243521000004179,38.906987000346064],[-77.243529000400116,38.906967999766643],[-77.243534000422969,38.90694600030357],[-77.243536000072794,38.906928000038704],[-77.243535000247888,38.906901999958762]]},"properties":{"NAME":"Notre Dame Dr","BASENAME":"Notre Dame","MTFCC":"S1400"}},{"type":"Feature","geometry":{"type":"LineString","coordinates":[[-77.26489500003818,38.893949999918412],[-77.264859000053164,38.893943999664593],[-77.264789999557891,38.893923000170552],[-77.264720999960915,38.893886000214543],[-77.264315999904966,38.893525999844464],[-77.26257799968036,38.891782999964533],[-77.261204000402159,38.890409999812078],[-77.260982999570913,38.890187000131768],[-77.260832999783091,38.890008000104459],[-77.260698999888788,38.889824000289842],[-77.260574000215314,38.889620999671585],[-77.260414000381743,38.88931399971829],[-77.260299999680612,38.88913399971176],[-77.260202999596231,38.889000999864479],[-77.260066000227198,38.888840000305059],[-77.259903000020572,38.888672999681582],[-77.259757000430724,38.888542000140312],[-77.259580999805308,38.888407000109446],[-77.25934700035188,38.888246999792408],[-77.259272000008821,38.888200000076573],[-77.259122000220998,38.888080999764369],[-77.258959999839277,38.887932000343959],[-77.258821999747028,38.887791999674548],[-77.258601999638984,38.887571999863191],[-77.258481000163485,38.887473999905886],[-77.258348000094102,38.887386000228588],[-77.258191999560168,38.887302999956297],[-77.258031999726597,38.887235000242228],[-77.257623000370998,38.887104000146849],[-77.256752999984641,38.886825999982264],[-77.256189999744933,38.88664099970498],[-77.256048000353033,38.886576999708559],[-77.255905000237902,38.886493999889566],[-77.255791000435082,38.886413999719501],[-77.255671999711083,38.886308000229462],[-77.255546000212703,38.886160999724943],[-77.255018000133092,38.885412999852612],[-77.25495299983578,38.885328000211075],[-77.254861999599171,38.885239999973237],[-77.254757999842099,38.885161999655431],[-77.254656999559771,38.885103000093231],[-77.254537999734069,38.885050000089159],[-77.25441499971042,38.885010999836659],[-77.254266999572422,38.88497699993971]]},"properties":{"NAME":"Hillcrest Dr SW","BASENAME":"Hillcrest","MTFCC":"S1400"}},{"type":"Feature","geometry":{"type":"LineString","coordinates":[[-77.251390000246261,38.877570999991789],[-77.251268000047531,38.877507000217079],[-77.250879999710023,38.877321000107663],[-77.250785000173764,38.877283999896264],[-77.250672000195863,38.877257000107868],[-77.250575000111482,38.877248999754158],[-77.25023799982759,38.877237999965715],[-77.250155999811838,38.877246000320596],[-77.2500830000169,38.877266999849375],[-77.250015000244829,38.877299999895556]]},"properties":{"NAME":"Delfield Ln","BASENAME":"Delfield","MTFCC":"S1400"}},{"type":"Feature","geometry":{"type":"LineString","coordinates":[[-77.237451000086082,38.908178999891462],[-77.237861999989818,38.908360000166752],[-77.238262999847791,38.908588000215921],[-77.238486000328876,38.908730999937418],[-77.238954999958935,38.908994000090715],[-77.239349999969136,38.909215999839134],[-77.239492000259375,38.909279000113571],[-77.239643999697009,38.909329000036415],[-77.239812999751422,38.909368000217391],[-77.239977999607859,38.909390000327939],[-77.240663000046297,38.909479999883132],[-77.240774000374387,38.909508999886363],[-77.240960999972131,38.9095580000577],[-77.241016000223709,38.909564999979565],[-77.242031000375036,38.909690999853026],[-77.242140999979881,38.909690999853026],[-77.242224999645472,38.909678999908039],[-77.242322999554759,38.909653999724803],[-77.242818000022396,38.909435999710979],[-77.243103000427766,38.909310000083849],[-77.243198999788916,38.909258999854998],[-77.243299000246338,38.909224000087917],[-77.243396000330719,38.909203999813855],[-77.243566000210024,38.909198000149928],[-77.243700999929246,38.90920800028848],[-77.243864999960778,38.90923799999684],[-77.243945000326704,38.909258000261339],[-77.244070000000193,38.909296999782299],[-77.244422000352699,38.909454000038863],[-77.244558999721733,38.909541000044904],[-77.244784999677535,38.909712999863515],[-77.245066999709849,38.910032999880087],[-77.245153999748482,38.910102999997243],[-77.245250999832862,38.910154999899753],[-77.245345000442498,38.910189000326248],[-77.245410999666433,38.910204000324178],[-77.246563999910009,38.910374000079393],[-77.247211999640214,38.910450000117827],[-77.247596999604681,38.91050199976619],[-77.248066999957956,38.910573999969102],[-77.248164000042337,38.910601999950636],[-77.249127000315113,38.910741000119835],[-77.249283999775656,38.910754999729555],[-77.249405999974371,38.910752999885339],[-77.249532000371062,38.910739999848026],[-77.249701000425475,38.910711000347732],[-77.250017999719574,38.910647999946285]]},"properties":{"NAME":"Wolftrap Rd SE","BASENAME":"Wolftrap","MTFCC":"S1400"}},{"type":"Feature","geometry":{"type":"LineString","coordinates":[[-77.25028600040649,38.8979420000299],[-77.249893999871006,38.897639000114872]]},"properties":{"NAME":"Sioux Ct SE","BASENAME":"Sioux","MTFCC":"S1400"}},{"type":"Feature","geometry":{"type":"LineString","coordinates":[[-77.27417799974144,38.890850000053213],[-77.274232000168112,38.890836999867439],[-77.274315999833703,38.890827999791256],[-77.274407000070283,38.890831999902943],[-77.27480600027846,38.89091600009904],[-77.275382999863552,38.891044999757234],[-77.275429999719236,38.891063999703356],[-77.275489999993667,38.891100999731052],[-77.275540000222378,38.891148000324243],[-77.275575000382489,38.891204000216916],[-77.275593999750754,38.891261999759479]]},"properties":{"NAME":"Plum Tree Ct","BASENAME":"Plum Tree","MTFCC":"S1400"}},{"type":"Feature","geometry":{"type":"LineString","coordinates":[[-77.255579999649569,38.909246000243087],[-77.254993999843649,38.908795999842674],[-77.254623000122891,38.908530000144076],[-77.25435199996123,38.908321000130989],[-77.253118000425104,38.907373000199243],[-77.252882000423554,38.907185999670411],[-77.25190999992995,38.90643699998634],[-77.251652000187093,38.906245999845815],[-77.251283000116146,38.90596500018713],[-77.250667000172996,38.905487000068462]]},"properties":{"NAME":"East St SE","BASENAME":"East","MTFCC":"S1400"}},{"type":"Feature","geometry":{"type":"LineString","coordinates":[[-77.275679000139561,38.875700000318986],[-77.276024999745971,38.875829000332232],[-77.276125000203407,38.875876999903319],[-77.276181000279905,38.875924000078449],[-77.276211000417135,38.875954999923984],[-77.276252000425004,38.87601199996562],[-77.276280999839003,38.876065999778874],[-77.276302999580324,38.876137999932268],[-77.276309000326407,38.876215999666421],[-77.276295000082712,38.876298000245058],[-77.276280000014111,38.876339999856611],[-77.276249999876867,38.876400999814408],[-77.276186000302772,38.876484000234633],[-77.276161000188395,38.876510000262058],[-77.275998999806703,38.876636000045075]]},"properties":{"NAME":null,"BASENAME":null,"MTFCC":"S1630"}},{"type":"Feature","geometry":{"type":"LineString","coordinates":[[-77.252253999886534,38.89381600018843],[-77.251870999571892,38.89374600009328]]},"properties":{"NAME":"Circle Dr SE","BASENAME":"Circle","MTFCC":"S1400"}},{"type":"Feature","geometry":{"type":"LineString","coordinates":[[-77.238355999734225,38.901233000203135],[-77.238544000055199,38.901276000160742],[-77.239255000432905,38.901207999841866]]},"properties":{"NAME":"Woodford Forest Pl","BASENAME":"Woodford Forest","MTFCC":"S1400"}},{"type":"Feature","geometry":{"type":"LineString","coordinates":[[-77.239433999634727,38.918178999784232],[-77.239510999627626,38.918153000330875],[-77.240083000088148,38.917909000319042],[-77.240514999908285,38.917723999937017],[-77.240600000297107,38.917687999976671],[-77.240663999871202,38.917681000156968],[-77.240683000137778,38.917671999988407],[-77.24095599994925,38.917559999969598],[-77.241048000010764,38.917505000070399],[-77.241095999691339,38.91748100002475],[-77.241182999729986,38.917446000118439],[-77.241261000446102,38.917415000206937],[-77.241304999928715,38.917376999733243],[-77.241760000213375,38.917197000266427],[-77.242053000116343,38.917097999770924],[-77.242433000057929,38.916955000131637]]},"properties":{"NAME":"Old Courthouse Rd","BASENAME":"Courthouse","MTFCC":"S1400"}},{"type":"Feature","geometry":{"type":"LineString","coordinates":[[-77.284566999832606,38.913800000207551],[-77.284545999916205,38.91383199982954],[-77.28448399999192,38.913902999922144],[-77.284304999891788,38.914046000119548],[-77.284242000142598,38.914090000229862],[-77.284022000034568,38.914228999858999],[-77.283959000285378,38.914260999986482],[-77.283878000094518,38.914288999911484],[-77.283755000070883,38.914474999681914],[-77.283693999971504,38.914532000269325],[-77.28365100031381,38.914560000087413],[-77.283534000137934,38.914624000029463]]},"properties":{"NAME":"Meadow Knoll Ct","BASENAME":"Meadow Knoll","MTFCC":"S1400"}},{"type":"Feature","geometry":{"type":"LineString","coordinates":[[-77.245624000101756,38.89656900008508],[-77.246134999564603,38.896993000169722]]},"properties":{"NAME":"Nicholas Cir SE","BASENAME":"Nicholas","MTFCC":"S1400"}},{"type":"Feature","geometry":{"type":"LineString","coordinates":[[-77.281543000193352,38.922323999766917],[-77.281749999882592,38.922871999822675],[-77.281780000019808,38.923002000229971],[-77.281790000065556,38.923126999913045],[-77.281783000392878,38.923250999979359],[-77.281756999555284,38.923380999692156],[-77.281714999722496,38.92349699997667],[-77.281652999798226,38.923618999914645],[-77.281533999972524,38.923788999684582],[-77.281246000092437,38.924108999831965],[-77.280317000154852,38.924406000212642]]},"properties":{"NAME":"Watervale Way","BASENAME":"Watervale","MTFCC":"S1400"}},{"type":"Feature","geometry":{"type":"LineString","coordinates":[[-77.286208999797722,38.88710899967456],[-77.286464000065862,38.88703199991685],[-77.286599999609976,38.887008999963996],[-77.286681999625742,38.886981999675378],[-77.286955000335524,38.886856000057413],[-77.287152999803922,38.886757999811614]]},"properties":{"NAME":"Oak Valley Ct","BASENAME":"Oak Valley","MTFCC":"S1400"}},{"type":"Feature","geometry":{"type":"LineString","coordinates":[[-77.257982000396197,38.90733800020125],[-77.259498999789542,38.908276000331952],[-77.259892000149932,38.908521999817076],[-77.260383000419608,38.908814999932822],[-77.260775999881673,38.909060000050651],[-77.260797999622994,38.909073999991911],[-77.26147999968839,38.909471999663211],[-77.261972999607877,38.909766999923782],[-77.262393999557361,38.910005999956269],[-77.262634999581778,38.910159000320853],[-77.262760000153563,38.910221999758335],[-77.262873000131478,38.910286999696332],[-77.263047000208743,38.910387999761447],[-77.263243999852236,38.91052499980011],[-77.2635869999839,38.910739999848026],[-77.263968999575312,38.910972999886454],[-77.264428000057947,38.911260999746979],[-77.264632000272442,38.911398999761111],[-77.264734000379718,38.911481000270541],[-77.264826000441204,38.91158000021376],[-77.264900000061061,38.911690000066429],[-77.264970000381254,38.911848000179241],[-77.265050999673804,38.912104000296658],[-77.265294000246357,38.912876000269762],[-77.265412000247139,38.913330999746179],[-77.265440999661138,38.913425000133167],[-77.265521000027093,38.913623000050308],[-77.265640999677672,38.913868000348081],[-77.265741000135108,38.914058000025229],[-77.266384999667352,38.915368999870751],[-77.266435999720983,38.915487999889393],[-77.266501999843214,38.915616000138996],[-77.266556000269873,38.915762999785905],[-77.266593000079808,38.915866000146302],[-77.266649000156306,38.916005999989402],[-77.266709000430751,38.916156000113894],[-77.266809999814768,38.916344000269575],[-77.266967999998528,38.91661699996579],[-77.267038000318735,38.916778000154586],[-77.267060000060042,38.916824000341123],[-77.267481000009511,38.917451999784056],[-77.267573000071025,38.917534000289443],[-77.267618000276855,38.917602000346818],[-77.267845000057591,38.917947999979084],[-77.268228000372233,38.918527999885072],[-77.268955999570053,38.919635000098616],[-77.269107999906026,38.919889999941248],[-77.270039000391762,38.921262000250856],[-77.271614000409741,38.923657999930747],[-77.272164000230617,38.92451799990863],[-77.27261699996717,38.925154999665494],[-77.272831000227427,38.925492999695557],[-77.273236000283376,38.926107999969709],[-77.273359000307011,38.926300999878194],[-77.273395000292027,38.926412000025913],[-77.273664999730443,38.926823000193856],[-77.273679999799057,38.926852000098783],[-77.273694999867686,38.926917000179969],[-77.273689999844805,38.926985000330198],[-77.273665999555362,38.927046000121692],[-77.273222000039667,38.927729000346368],[-77.272851000318894,38.928320000230983],[-77.272226000154916,38.929313999669596],[-77.271819000449142,38.929966999702842],[-77.271617999709378,38.930279999961037],[-77.271571999678628,38.93033199975401],[-77.271504999731476,38.930385000202669],[-77.271523999998053,38.930545999898563],[-77.271556999610013,38.930667000301874],[-77.271928000229096,38.931911999745907],[-77.271996999826058,38.932101000052754],[-77.272094999735344,38.932300000234484],[-77.272206000063434,38.932478999854254],[-77.272313000193549,38.932615999870983],[-77.272934999984486,38.933351999899159],[-77.273071000426924,38.933518000300666],[-77.273434999576693,38.933976000016607],[-77.273493000201313,38.934086000090687],[-77.273852000226512,38.934428999880623],[-77.273954000333759,38.934519999760369],[-77.274246000411821,38.934784999935275],[-77.274377999757974,38.93491500017322],[-77.274530000093947,38.935084000196156],[-77.27461999960731,38.935205999772258],[-77.274647000269809,38.93524900011117],[-77.274720000064733,38.935391999913342],[-77.274865999654608,38.935671999829474],[-77.274909000210627,38.935768999724736],[-77.274973999609642,38.935885000016029],[-77.275058000173544,38.935994999924169],[-77.275155000257925,38.936086999805262],[-77.275252000342306,38.936157999988914],[-77.275356999924284,38.936214999927394],[-77.275484999970814,38.93626399982567],[-77.275616000390372,38.936299000231337],[-77.276193999800384,38.936403999947302],[-77.27638499959609,38.936429999699889],[-77.276521999863434,38.93643699976603],[-77.276737999773502,38.936431000308325],[-77.277326999952479,38.936417000174167],[-77.277403999945363,38.936424000241594],[-77.277545000410669,38.936449999986849],[-77.277649999992661,38.936481999875227],[-77.277747999901948,38.936523000322545],[-77.277880999971345,38.936610999890291],[-77.279234000231469,38.937701999873383],[-77.279702000036608,38.938083000225966],[-77.279933999840196,38.938266000157178],[-77.279949999733716,38.938280999809884],[-77.280090000374116,38.938418999679961],[-77.28049799990481,38.938904999878901],[-77.280671000157184,38.93913799966564],[-77.28114200033535,38.939685999792808],[-77.281380999811631,38.939976000217094],[-77.281386999659446,38.940021000176657],[-77.28175900010342,38.940455999710544],[-77.28186799988336,38.940577999826637],[-77.282035000287948,38.940764999700221],[-77.282113000105753,38.940841999874692],[-77.28226200006867,38.941013000135612],[-77.282379000244546,38.941131999763243],[-77.282546999575715,38.941358000338191],[-77.282663999751577,38.941516000064915],[-77.282708000132516,38.941602999887976],[-77.282746999592234,38.941713999844509],[-77.282866000316261,38.941965999780557],[-77.282946999608797,38.942138999783822],[-77.282990999989721,38.942232999733761],[-77.28308100040141,38.942425999782969],[-77.283161999693945,38.942598000238462],[-77.283288999915555,38.942871000218389],[-77.283305999633995,38.942910000129714],[-77.283374000304377,38.943071000038195],[-77.283396999870604,38.943106999694287],[-77.283449999574032,38.94314600017448],[-77.28347700023653,38.943207000040537],[-77.283517000419494,38.943341999969789],[-77.283545000008587,38.943504999914445],[-77.283545999833507,38.94365499988816],[-77.283526999566945,38.943794000283852],[-77.28342899965763,38.944142000330558],[-77.283288999915555,38.94454100012512],[-77.283210000272831,38.944802000015557],[-77.283107000340678,38.945067000192743],[-77.283030000347765,38.945240000314506],[-77.282925999692395,38.945452999706824],[-77.282776999729478,38.945929999822958],[-77.282734999896689,38.946105999953048],[-77.282713000155383,38.946283000115599],[-77.282708999957407,38.946456999832805],[-77.282719000003169,38.947277000002543],[-77.282740999744462,38.948063000042303],[-77.282748000315479,38.948497999837755],[-77.282774000254747,38.948606000264647],[-77.282811999889574,38.948695999679686],[-77.282855000445593,38.948765000341439],[-77.282927000415626,38.948837999874968],[-77.283026000149817,38.948903999800017],[-77.283128000257079,38.948948999681953],[-77.28324100023498,38.948981999949808],[-77.283367999558266,38.94900399965406],[-77.283538000335881,38.949012000306958],[-77.283582999643428,38.949018000097439],[-77.283622000001486,38.949018999829597],[-77.283786000033004,38.94902699978222],[-77.283960000110284,38.949046000277256],[-77.284078999935971,38.949072000284652],[-77.284169000347674,38.949106000226173],[-77.284266000432027,38.949158000187367],[-77.284339000226979,38.949218000041427],[-77.284401000151249,38.949288999651763],[-77.284448999831824,38.949375999716949],[-77.284678999985601,38.9499840002591],[-77.284694999879136,38.950051999949487],[-77.284698000252163,38.950140999908058],[-77.284678999985601,38.950248000212682],[-77.284612999863356,38.950463000049133],[-77.284575000228529,38.950557000139867],[-77.284488000189896,38.950708999978282],[-77.284371000014019,38.950887000229542],[-77.284309999914655,38.950982999865523],[-77.284248999815276,38.951065999737089],[-77.284175000195447,38.951166000034014],[-77.284042999950969,38.951313000067657],[-77.283909999881573,38.951436000061079],[-77.283782999659977,38.951530000258629],[-77.283693000146584,38.951585000323867],[-77.283550999856374,38.951659000141056],[-77.283404000441593,38.951718999973878],[-77.283247000082767,38.951769999721932],[-77.282944999958957,38.951846000127738],[-77.282143000242968,38.95207099969312],[-77.282022999694064,38.952123000273488],[-77.281846999966959,38.952228000308097],[-77.281568000307701,38.952439000293062],[-77.281406999750914,38.952561000047424],[-77.280867999800662,38.952933000304],[-77.280650000240783,38.953069999923436],[-77.280430000132753,38.953198999797195],[-77.280358999987641,38.953245000117782],[-77.279970999650118,38.953531000195909],[-77.279625999868628,38.953787999762795],[-77.279459000362365,38.953899000200856],[-77.279167000284318,38.954091999925531],[-77.279088999568188,38.954147999758128],[-77.27893799995546,38.954255999959003],[-77.278756000380582,38.954394000170183],[-77.278674000364802,38.954449000108589],[-77.278614000090343,38.954502999650984],[-77.278450999883745,38.954671000137438],[-77.278317999814334,38.954833000229371],[-77.278270000133773,38.95489900016063],[-77.278007000368035,38.955265999705176],[-77.277665000061276,38.955714999821637],[-77.277548999710319,38.955866999775054],[-77.277310000234039,38.956190999709037],[-77.27718999968512,38.956361000340955],[-77.277099000346823,38.95647899972623],[-77.276547999802702,38.957222999766877],[-77.276475000007764,38.957289999881986],[-77.276397000189959,38.957344000053716],[-77.276299000280673,38.957393000018733],[-77.275958999623739,38.957515000326154],[-77.275419999673474,38.957695000167085],[-77.275141000014216,38.957795000191631],[-77.27479000038494,38.957960999948696],[-77.274673000209077,38.958017999821905]]},"properties":{"NAME":"State Rte 702","BASENAME":"702","MTFCC":"S1400"}},{"type":"Feature","geometry":{"type":"LineString","coordinates":[[-77.271130999637649,38.886732000037661],[-77.271278999775646,38.887158999826703],[-77.271488999837942,38.887578999855002]]},"properties":{"NAME":null,"BASENAME":null,"MTFCC":"S1780"}},{"type":"Feature","geometry":{"type":"LineString","coordinates":[[-77.261738000329544,38.88753199969721],[-77.262016999988802,38.887414000264876],[-77.262157999555811,38.887348999664233],[-77.262288000150463,38.887274999876254],[-77.262387999709574,38.887196999694979],[-77.262473999923301,38.88710899967456],[-77.262544000243494,38.887016000011229],[-77.262597999771856,38.886916000169755],[-77.262634999581778,38.886808000210806],[-77.262653000023448,38.886696999654546],[-77.262652000198528,38.886588000149082],[-77.262632000107047,38.886479999691495],[-77.262565000159896,38.886312999813136],[-77.262495999664608,38.886174000067228]]},"properties":{"NAME":"Olympian Cir SW","BASENAME":"Olympian","MTFCC":"S1400"}},{"type":"Feature","geometry":{"type":"LineString","coordinates":[[-77.245183999885711,38.875864999838775],[-77.245074000280852,38.876063999657021],[-77.245046999618353,38.876145999711696],[-77.245044999968542,38.876349999727204]]},"properties":{"NAME":"Willowmere Woods Dr","BASENAME":"Willowmere Woods","MTFCC":"S1400"}},{"type":"Feature","geometry":{"type":"LineString","coordinates":[[-77.244824999860512,38.8787389997416],[-77.245209999824979,38.878086999740916]]},"properties":{"NAME":"Esquire Crossing Ln","BASENAME":"Esquire Crossing","MTFCC":"S1400"}},{"type":"Feature","geometry":{"type":"LineString","coordinates":[[-77.270717000259182,38.912018000190933],[-77.270687000121953,38.912076999762668],[-77.270622999649532,38.912179000328209],[-77.270534999785994,38.912287999701554],[-77.270420000158268,38.91239799985491],[-77.269960999675632,38.912764999914963]]},"properties":{"NAME":"Roosevelt Ct NE","BASENAME":"Roosevelt","MTFCC":"S1400"}},{"type":"Feature","geometry":{"type":"LineString","coordinates":[[-77.259491000291931,38.89717500006271],[-77.261372999558262,38.895675000132293]]},"properties":{"NAME":"Dogwood St SW","BASENAME":"Dogwood","MTFCC":"S1400"}},{"type":"Feature","geometry":{"type":"LineString","coordinates":[[-77.287008999863886,38.890125000259303],[-77.286994999620191,38.89009000014952],[-77.286956000160444,38.889937999752348],[-77.286916999802386,38.889851000197503],[-77.286855999703008,38.889767000140353],[-77.286724000356855,38.889629000030688],[-77.286398999768537,38.889218999693988],[-77.286075999728354,38.88880500026135],[-77.286034999720457,38.888759999980017],[-77.286002000108482,38.888730999892374],[-77.285941000009132,38.888690999679717],[-77.285816000335657,38.888622999895865],[-77.285737999619528,38.888555000046871],[-77.285485999724457,38.888238000087306],[-77.285438999868788,38.88817300024062],[-77.285357999677942,38.888074999713986]]},"properties":{"NAME":"Powdermill Ln","BASENAME":"Powdermill","MTFCC":"S1400"}},{"type":"Feature","geometry":{"type":"LineString","coordinates":[[-77.269502999916241,38.87028899984012],[-77.270226999814426,38.871303999847605],[-77.270525999565166,38.871739000309702],[-77.270913999902675,38.872344000087544],[-77.271081000307262,38.872641999652714],[-77.271555999785093,38.873286999952732],[-77.271673999785875,38.873368999714621],[-77.271864999581581,38.873458000065561],[-77.272083999864691,38.873524000183117],[-77.272277000208547,38.873554999676742],[-77.272713000226631,38.873496000267878],[-77.273083000122483,38.873401000073649],[-77.273555000125583,38.873330000044376],[-77.273817000066416,38.873324000147001],[-77.273962999656277,38.873342999936852],[-77.27414799960421,38.873412999854899],[-77.274275999650726,38.873470999934625],[-77.274452000276128,38.873577999788694],[-77.274642000246928,38.873828000251208],[-77.274894999966932,38.874197999909391],[-77.275130000143562,38.87454199970098],[-77.275267000410935,38.874794999806547],[-77.275306999695559,38.874945999655964],[-77.275238000098597,38.875206000233533],[-77.275182999847033,38.875497999974215],[-77.275161999930617,38.875637999692572],[-77.275150000235058,38.875797999732377],[-77.275075999716904,38.876193999768027],[-77.275036000432237,38.876375999803656],[-77.27498000035574,38.876555999964545],[-77.274927999578892,38.876829000200971],[-77.274909000210627,38.876930000301897],[-77.274874000050531,38.877102000087973],[-77.274849999761088,38.877216999729022],[-77.274800000430687,38.877460999731525],[-77.274776000141244,38.87757700022992],[-77.274766999920402,38.877617999745873],[-77.274725999912519,38.877769999928219],[-77.274679999881769,38.878002999760582],[-77.274499000131811,38.878679999741045],[-77.274484000063183,38.878763000296779],[-77.274482000413371,38.878858000316754],[-77.274513000375507,38.879046999956792],[-77.274545999987467,38.879186999676904],[-77.274592999843136,38.879348000132886],[-77.274636000399141,38.879464999662069],[-77.274691999577342,38.879600999912689],[-77.27474699982892,38.879732999865858],[-77.274848999936168,38.879981000343847],[-77.274886999571009,38.880073000120618],[-77.274905999837586,38.880153999741879],[-77.274924000279242,38.880294000078159],[-77.274924000279242,38.880413000147165],[-77.274908000385722,38.880540000000941],[-77.274872000400705,38.880676000291984],[-77.274797000057646,38.880844000127574],[-77.274710999843904,38.880975999869577],[-77.27455699985812,38.881212000344163],[-77.274498000306892,38.881285000166272],[-77.274473000192543,38.881306999887258],[-77.274414999567909,38.881356999927],[-77.274340999948052,38.881404999959983],[-77.274236000366074,38.881455999915829],[-77.274197999832921,38.881469999705374],[-77.274128000411025,38.881488000130005],[-77.274057000265927,38.881505999850724],[-77.274015000433124,38.881512999740913],[-77.273966000029333,38.881515999693676],[-77.27377000021076,38.881495000021914]]},"properties":{"NAME":"Vaden Dr","BASENAME":"Vaden","MTFCC":"S1400"}},{"type":"Feature","geometry":{"type":"LineString","coordinates":[[-77.253058000150645,38.928920000224082],[-77.253053000127778,38.928815999927309],[-77.253021000340738,38.928759999650623],[-77.252776000118345,38.92835300031706],[-77.252713000369155,38.928235000234984],[-77.252690999729552,38.928108999741184],[-77.252713000369155,38.927981999693635],[-77.252905999814686,38.927419000123187],[-77.253499000191624,38.925605999834353],[-77.253935000209722,38.924209999795025],[-77.253956000126109,38.924128000015905],[-77.254122999632372,38.923598000112129],[-77.254223000089809,38.923296000068191],[-77.254339000440751,38.922909000048868],[-77.254401000365036,38.922720999814025],[-77.254444000022744,38.922618999723497]]},"properties":{"NAME":"Irvin St","BASENAME":"Irvin","MTFCC":"S1400"}},{"type":"Feature","geometry":{"type":"LineString","coordinates":[[-77.279306000201473,38.91220799992773],[-77.279440000095789,38.912447000128886],[-77.279505000393115,38.912550999956373],[-77.279708999709285,38.91284799978736]]},"properties":{"NAME":null,"BASENAME":null,"MTFCC":"S1400"}},{"type":"Feature","geometry":{"type":"LineString","coordinates":[[-77.255323999556538,38.919839000325616],[-77.255646999596721,38.919922999755222],[-77.255803999955546,38.919977999877055],[-77.255951000268652,38.920045999689179],[-77.256087999637685,38.920116999855118]]},"properties":{"NAME":"Kildownet Ct","BASENAME":"Kildownet","MTFCC":"S1400"}},{"type":"Feature","geometry":{"type":"LineString","coordinates":[[-77.294134999941207,38.897782999972691],[-77.293980000130503,38.897856999999611],[-77.293908999985391,38.897896000190649],[-77.29334200044606,38.898242000104943],[-77.292378000348364,38.898811000300967],[-77.292082000072355,38.898849999968057],[-77.291776999575504,38.898753999673424],[-77.290447999604837,38.897768999902191],[-77.289542000131789,38.897086999819294],[-77.289333999719304,38.896927000177797],[-77.289195999627069,38.896801000022862],[-77.288777000225707,38.896356999792545],[-77.288199999742304,38.895737999838282],[-77.287895999968697,38.89542500032632],[-77.287735000310207,38.89525300015017],[-77.287465999798385,38.894977000005063],[-77.287264999956932,38.894757999871494],[-77.287030999605193,38.894516000142012],[-77.286890999863104,38.894354999798779],[-77.286407999989351,38.893840999656341],[-77.286233000087179,38.893665999700261],[-77.285592000029652,38.892984000067827],[-77.284920999834938,38.892283999697732],[-77.284084999783772,38.891392999878121],[-77.283652000138716,38.890944999993799],[-77.281944999876274,38.889142000125709],[-77.281801999761129,38.889000999864479],[-77.281714999722496,38.888910000340729],[-77.281525999576601,38.888681000147443]]},"properties":{"NAME":"Babcock Rd","BASENAME":"Babcock","MTFCC":"S1400"}},{"type":"Feature","geometry":{"type":"LineString","coordinates":[[-77.249471000271726,38.878924000314818],[-77.249502000233846,38.878921000252625],[-77.249701000425475,38.878852000186782],[-77.250354000178561,38.878615000240742],[-77.250432999821257,38.878582000105936],[-77.250554000195081,38.878515999790238],[-77.25058500015723,38.878493999904521]]},"properties":{"NAME":"Hunter Rd SE","BASENAME":"Hunter","MTFCC":"S1400"}},{"type":"Feature","geometry":{"type":"LineString","coordinates":[[-77.252154000327423,38.901077000349567],[-77.252098000250911,38.90106899988178],[-77.25203499960341,38.901044999871196],[-77.251796000127129,38.900870999901343]]},"properties":{"NAME":"Talahi Ct SE","BASENAME":"Talahi","MTFCC":"S1400"}},{"type":"Feature","geometry":{"type":"LineString","coordinates":[[-77.281224000351131,38.921686000333175],[-77.281063999619235,38.921318000156383],[-77.281011999740699,38.921170000010562],[-77.280996999672084,38.921070000039464],[-77.280998000395314,38.920869999674451],[-77.280985999801445,38.920774999932632],[-77.280892000090105,38.920346000014604],[-77.280845000234436,38.920095999715016]]},"properties":{"NAME":"Clarks Glen Pl","BASENAME":"Clarks Glen","MTFCC":"S1400"}},{"type":"Feature","geometry":{"type":"LineString","coordinates":[[-77.256194999767814,38.895118000289202],[-77.256153999759917,38.895112999926901],[-77.256075999942112,38.895089999793896],[-77.256009999819881,38.895055999826852],[-77.25576999962037,38.894847999797399]]},"properties":{"NAME":"Elaine Cir SE","BASENAME":"Elaine","MTFCC":"S1400"}},{"type":"Feature","geometry":{"type":"LineString","coordinates":[[-77.287582999974234,38.876866999999557],[-77.287609999738422,38.876525999736252]]},"properties":{"NAME":"Gettysburg Sq","BASENAME":"Gettysburg","MTFCC":"S1400"}},{"type":"Feature","geometry":{"type":"LineString","coordinates":[[-77.268004000066242,38.90370699971502],[-77.269034000286169,38.902888999888617],[-77.269393000311382,38.902631000020619]]},"properties":{"NAME":"Ayr Hill Ave NW","BASENAME":"Ayr Hill","MTFCC":"S1400"}},{"type":"Feature","geometry":{"type":"LineString","coordinates":[[-77.255579999649569,38.909246000243087],[-77.255783000039159,38.909406000086349],[-77.255978999857746,38.909546999679826],[-77.25647900034825,38.90992099968885],[-77.256624000113206,38.910022999857702],[-77.256716000174706,38.910072999955496],[-77.256812000434195,38.910108000002921],[-77.256905000320586,38.910129000302767],[-77.256999000031925,38.910149999897328],[-77.25709399956817,38.910186999767063],[-77.257183999979844,38.910239999886905],[-77.257259000322932,38.910304000229488],[-77.257316000224336,38.910374999657336],[-77.257357000232233,38.91045500009912],[-77.257378999973525,38.910539000151402],[-77.257380999623351,38.910667999813491],[-77.257363999904896,38.910858999939222],[-77.257353000034271,38.910907000307205],[-77.257338999790562,38.911032999895525],[-77.257343999813429,38.911150999928488],[-77.257367000277966,38.911253999992375],[-77.257418000331583,38.911382999752981],[-77.257471999859945,38.911470999753192],[-77.257594999883594,38.911602999898435],[-77.257724999579921,38.911737999872436],[-77.257752000242448,38.911774000055175],[-77.257795999725047,38.911854000318172],[-77.257813000341798,38.911909999959271],[-77.257826999687182,38.912032000247734],[-77.257857999649332,38.912718999893372],[-77.257881000113855,38.912972999883543],[-77.257897000007375,38.913057999990968],[-77.257938999840178,38.913215999854394],[-77.257979999848061,38.913312999702498],[-77.258054000366229,38.913449000152546],[-77.258208000351999,38.91366699972388],[-77.258401999622464,38.913929000233651],[-77.258553000133517,38.914053000297791],[-77.258825999944975,38.914237999765234],[-77.259246999894458,38.914534000007066],[-77.259313000016718,38.914584999940566],[-77.259367000443376,38.914642999957472],[-77.259412999575815,38.914719999834368],[-77.259439000413408,38.914810999835396],[-77.259445000261181,38.91487100009477],[-77.259432999667283,38.914951999875257],[-77.25941099992599,38.915010999803854],[-77.259363000245415,38.915107999994468]]},"properties":{"NAME":"East St NE","BASENAME":"East","MTFCC":"S1400"}},{"type":"Feature","geometry":{"type":"LineString","coordinates":[[-77.284937999553364,38.881890999779266],[-77.284875999629108,38.881626999953156],[-77.284851000413042,38.881484000191406],[-77.284807000032117,38.881087000273375],[-77.284798999636195,38.880969999918435],[-77.284800000359425,38.880920000305679],[-77.284821000275826,38.880780999798731],[-77.284842000192214,38.880707000162488],[-77.284870999606227,38.880634999743179],[-77.284924000207994,38.880536000008981],[-77.285017999919305,38.880400000149294],[-77.285113000353874,38.880309000097846],[-77.285202000042318,38.880241999985458],[-77.285351999830169,38.880148999724739],[-77.285489999922405,38.880083000165186],[-77.285561999892437,38.88005500003684],[-77.285645999558028,38.880028999907772],[-77.28627999994282,38.879891999769981],[-77.288079000266791,38.879503000149086],[-77.288646999631055,38.879389000025704]]},"properties":{"NAME":"Brightlea Dr","BASENAME":"Brightlea","MTFCC":"S1400"}},{"type":"Feature","geometry":{"type":"LineString","coordinates":[[-77.274120000015103,38.909602999743051],[-77.273878000165794,38.909773999825042],[-77.273785000279361,38.909827000253259],[-77.273746999746209,38.909832000278442]]},"properties":{"NAME":"Mill St NE","BASENAME":"Mill","MTFCC":"S1400"}},{"type":"Feature","geometry":{"type":"LineString","coordinates":[[-77.272821000181665,38.893779999988276],[-77.272884999755775,38.893801000223775],[-77.272924999938738,38.893798000090634],[-77.272953000426142,38.893787000067441],[-77.27323299991032,38.893573000231349]]},"properties":{"NAME":null,"BASENAME":null,"MTFCC":"S1400"}},{"type":"Feature","geometry":{"type":"LineString","coordinates":[[-77.272673999868573,38.924337000305684],[-77.272515999684828,38.924396000118868],[-77.272432999844142,38.924426999775996],[-77.272164000230617,38.92451799990863]]},"properties":{"NAME":null,"BASENAME":null,"MTFCC":"S1400"}},{"type":"Feature","geometry":{"type":"LineString","coordinates":[[-77.24473600017204,38.8947539999809],[-77.244593999881829,38.894638000258929],[-77.24389000007514,38.894091000144002]]},"properties":{"NAME":"Redwood Dr SE","BASENAME":"Redwood","MTFCC":"S1400"}},{"type":"Feature","geometry":{"type":"LineString","coordinates":[[-77.238457000016567,38.896504999944732],[-77.238415000183764,38.896517999792181],[-77.238332000343092,38.896531000336395],[-77.238241000106498,38.896529000091483],[-77.236143999856694,38.896074999669239],[-77.235768999937974,38.895981000078457]]},"properties":{"NAME":"Reflection Ln","BASENAME":"Reflection","MTFCC":"S1400"}},{"type":"Feature","geometry":{"type":"LineString","coordinates":[[-77.244988000067124,38.898361000172834],[-77.245671999782331,38.898889000312863],[-77.245711999965309,38.898911999914567],[-77.245768999866712,38.898930000114461],[-77.245819000095423,38.898932000291751],[-77.245901999936123,38.899037000081968],[-77.245947000141953,38.899096999692617],[-77.246015999738916,38.899156000215797],[-77.24609600010487,38.899209999917012],[-77.246243000417962,38.899272999982593]]},"properties":{"NAME":"Shady Dr SE","BASENAME":"Shady","MTFCC":"S1400"}},{"type":"Feature","geometry":{"type":"LineString","coordinates":[[-77.274378999582893,38.879878999676841],[-77.274547999637278,38.879811999858269],[-77.27474699982892,38.879732999865858]]},"properties":{"NAME":"Lagersfield Cir","BASENAME":"Lagersfield","MTFCC":"S1400"}},{"type":"Feature","geometry":{"type":"LineString","coordinates":[[-77.275206000311556,38.904549000136321],[-77.275499000214509,38.904010999969529],[-77.275572000009433,38.903916999698744],[-77.275649999827252,38.903842000025534],[-77.276197000173411,38.903386999843782]]},"properties":{"NAME":"Colin Ln NW","BASENAME":"Colin","MTFCC":"S1400"}},{"type":"Feature","geometry":{"type":"LineString","coordinates":[[-77.243715999997846,38.885529999883865],[-77.243367000018409,38.885402999858918],[-77.243301999721069,38.885364999730243],[-77.243249999842547,38.885320000066798],[-77.243131999841765,38.885168999884641],[-77.243111999750269,38.885133000196717],[-77.243054999848866,38.885065999738352],[-77.242870999725838,38.884909000097046],[-77.2428310004412,38.884880999772655],[-77.242698000371803,38.884803999697915],[-77.242561000104459,38.88475200010874],[-77.242474000065812,38.884728000177944],[-77.242306999661238,38.884696999964014],[-77.241906999628171,38.884662999916785],[-77.241772999733868,38.884638000015656],[-77.241699000114011,38.884619999689782],[-77.241181000080161,38.884444000148228]]},"properties":{"NAME":"Acorn Cir","BASENAME":"Acorn","MTFCC":"S1400"}},{"type":"Feature","geometry":{"type":"LineString","coordinates":[[-77.247229000256965,38.886091999697214],[-77.247454000387862,38.885810999996657],[-77.2475919995818,38.88562699979957],[-77.24790600029948,38.885136999929834],[-77.248278999670063,38.884488999667241],[-77.248502999976054,38.884052999677998],[-77.248794000229182,38.883417000207366],[-77.249212999630529,38.882266999957245],[-77.249555999762208,38.88133000028752]]},"properties":{"NAME":"Patrick St SW","BASENAME":"Patrick","MTFCC":"S1400"}},{"type":"Feature","geometry":{"type":"LineString","coordinates":[[-77.28791900043322,38.915730000134133],[-77.287326999881202,38.915797000321739],[-77.286767000014564,38.915814999735481],[-77.286217000193631,38.915860999847283],[-77.285782999825372,38.915775000100226],[-77.285534000303343,38.915765999689889]]},"properties":{"NAME":"Bridleridge Ct","BASENAME":"Bridleridge","MTFCC":"S1400"}},{"type":"Feature","geometry":{"type":"LineString","coordinates":[[-77.252468999971683,38.893246999823276],[-77.252277000351071,38.893736999686467],[-77.252253999886534,38.89381600018843],[-77.252222999924399,38.893949000109195],[-77.252172999695674,38.894328000204894],[-77.252139000258808,38.894446999839865],[-77.252084999832135,38.894561000272574],[-77.252022000082945,38.894656000143833],[-77.251944000265141,38.894746000199007],[-77.251716999586094,38.894947999659024]]},"properties":{"NAME":"Harmony Dr SE","BASENAME":"Harmony","MTFCC":"S1400"}},{"type":"Feature","geometry":{"type":"LineString","coordinates":[[-77.279683999594937,38.890826000084935],[-77.279601999579171,38.890788000060283],[-77.279378999996425,38.89095400005521]]},"properties":{"NAME":"Pennington Pl","BASENAME":"Pennington","MTFCC":"S1400"}},{"type":"Feature","geometry":{"type":"LineString","coordinates":[[-77.266915000295086,38.88298900034065],[-77.266831999556089,38.883320000071386],[-77.266808999989877,38.883374999883586],[-77.266768999806899,38.883427999738622],[-77.266711999905496,38.883473999857806],[-77.26664300030852,38.883506999818565]]},"properties":{"NAME":"Delilah Dr SW","BASENAME":"Delilah","MTFCC":"S1400"}},{"type":"Feature","geometry":{"type":"LineString","coordinates":[[-77.269718999826296,38.919162999997468],[-77.269908999797096,38.919261000256007],[-77.270008000429613,38.919297000117282],[-77.270119999684297,38.919321999699612],[-77.270237999685065,38.919332999960346],[-77.270358000233983,38.919329000056329],[-77.270480000432727,38.919307999682999],[-77.270691000319928,38.919248999832242],[-77.270807999597466,38.919228000134119],[-77.27091700027573,38.919223000071995],[-77.271019000382978,38.9192290002863],[-77.271098000025702,38.919248999832242],[-77.271173000368762,38.919284999699606],[-77.271225000247298,38.919330000207083],[-77.271266000255181,38.91938699969063],[-77.271287999996488,38.919447999724795]]},"properties":{"NAME":"Windsor Hunt Ct","BASENAME":"Windsor Hunt","MTFCC":"S1400"}},{"type":"Feature","geometry":{"type":"LineString","coordinates":[[-77.276486999703337,38.912137999789557],[-77.276741000146544,38.911966999810772],[-77.276815999591307,38.911859000200515],[-77.276937999790036,38.911791000232178],[-77.277466999694553,38.911572000230578],[-77.277608999984764,38.91150200016412],[-77.27778999973475,38.911398999761111],[-77.277969999659803,38.911276999782622],[-77.278142000087243,38.911136999697852],[-77.278312999791481,38.910964999834803],[-77.278815999756716,38.910453999823289],[-77.278939999605271,38.91031900020316],[-77.279055999956228,38.910169000324025],[-77.279153999865514,38.910015999980992],[-77.279241999729081,38.909844000197616],[-77.279311000224354,38.909670000122674],[-77.27936300010289,38.909481000172704],[-77.2793920004152,38.90930300013688],[-77.279401999562637,38.909129000133802],[-77.279399999912826,38.909023000292493],[-77.279311000224354,38.908064000040604],[-77.279305000376581,38.907882000096542],[-77.279320000445182,38.90770600017543],[-77.279354999706968,38.907535000004934],[-77.27939300024012,38.907412999676438],[-77.279404999935679,38.907375999758862],[-77.279454000339484,38.907266000211159],[-77.279573999990092,38.907060000243817],[-77.279661000028725,38.906935999846297],[-77.279738000021624,38.9068430002798],[-77.279801999595719,38.906764999918103],[-77.279957000304734,38.9066090003356],[-77.280175999689533,38.906423999857651],[-77.282611999873041,38.904786000248137],[-77.282750999790196,38.904688999932233],[-77.282876000361995,38.90458499977067],[-77.283006999883241,38.904452999857064],[-77.283114999838276,38.904315999983773],[-77.283201999876908,38.904176999816627],[-77.283267999999154,38.904040000109774],[-77.283319000052785,38.903894000320044],[-77.283353000387976,38.903738000021349],[-77.28336699973336,38.903582999752601],[-77.283360999885588,38.903421999692419],[-77.28333199957325,38.903254000121819]]},"properties":{"NAME":"Abbotsford Dr","BASENAME":"Abbotsford","MTFCC":"S1400"}},{"type":"Feature","geometry":{"type":"LineString","coordinates":[[-77.265294000246357,38.912876000269762],[-77.265403999851216,38.91284799978736],[-77.265526000049945,38.912798999790226],[-77.26561999976127,38.912752000246215],[-77.265721000043612,38.912721999926092],[-77.266056999604288,38.912686000224241],[-77.266143999642921,38.912660000156365],[-77.266220999635806,38.912618999895571],[-77.266945000432315,38.912041999987082],[-77.267020999701984,38.912002999877352],[-77.267111999938578,38.911974000194071],[-77.267159999619139,38.911966000255241]]},"properties":{"NAME":"Edwin Ln NE","BASENAME":"Edwin","MTFCC":"S1400"}},{"type":"Feature","geometry":{"type":"LineString","coordinates":[[-77.278424999944463,38.880742000000055],[-77.278757000205488,38.88085500005716],[-77.279572000340266,38.880869999958428],[-77.279866999893045,38.88087999989083]]},"properties":{"NAME":"Masterworks Dr","BASENAME":"Masterworks","MTFCC":"S1400"}},{"type":"Feature","geometry":{"type":"LineString","coordinates":[[-77.272344999980604,38.919676999946624],[-77.272707000378858,38.919766000291197],[-77.27291599971791,38.919801999896258],[-77.273114999909538,38.919823000123429],[-77.273226000237628,38.91982900028701],[-77.273475999584562,38.91982900028701],[-77.273981000097947,38.919796999874578],[-77.27531199971844,38.91971499988751],[-77.275401000305223,38.919716000032828],[-77.275509000260243,38.919732000259138],[-77.275617000215277,38.919766999736872],[-77.275701999705774,38.919811999938673],[-77.275776000223942,38.919868999733907],[-77.275903000445538,38.920014000073486],[-77.276168999686021,38.920324999942267],[-77.276239999831134,38.920388000140676],[-77.276331000067714,38.920447999878256],[-77.276428999977014,38.920494999916805],[-77.276524000411555,38.920528000148373],[-77.27662200032087,38.920550000294185],[-77.276728999552674,38.920562999932386],[-77.276859999972231,38.920562999932386],[-77.276981000346069,38.92054699989346],[-77.277090000126009,38.920519000340867],[-77.277147999852332,38.920498000319725],[-77.278282999654238,38.920030999674559],[-77.278438000363252,38.919976999735432],[-77.27857399990738,38.919947999815868],[-77.278706999976777,38.919935000064996],[-77.278850999916813,38.919935000064996],[-77.278987000359237,38.919951000241923],[-77.279112999857631,38.919979000018664],[-77.279245000102094,38.920024000085974],[-77.279296000155739,38.920046999829829],[-77.279378999996425,38.920090999713992],[-77.27948899960127,38.920165000251913],[-77.279579000012959,38.920246999718948],[-77.279650000158071,38.920329999926793],[-77.279712000082341,38.920430000241907],[-77.279753000090224,38.920529999717154],[-77.279816999664334,38.920826000273351],[-77.27985299964935,38.921006999747675],[-77.279871000091006,38.921095999821858],[-77.279870000266101,38.921187000033534],[-77.279854000372566,38.921264999922435],[-77.279762000311052,38.921540999915962],[-77.279754999740049,38.921625000126312],[-77.279767000333948,38.921703000232569],[-77.279896000205355,38.922019999665601]]},"properties":{"NAME":"Percussion Way","BASENAME":"Percussion","MTFCC":"S1400"}},{"type":"Feature","geometry":{"type":"LineString","coordinates":[[-77.241292000408237,38.918578000281613],[-77.241950000184175,38.919533999913092]]},"properties":{"NAME":"Amberwood Manor Ct","BASENAME":"Amberwood Manor","MTFCC":"S1400"}},{"type":"Feature","geometry":{"type":"LineString","coordinates":[[-77.254642000389467,38.878316999844891],[-77.254623999947796,38.878304000162892],[-77.254566000221473,38.878246999861631],[-77.254527999688321,38.878182999996405],[-77.254500000099242,38.878084999675899],[-77.25449300042655,38.877995000190197],[-77.254504000297203,38.877896000274561],[-77.254536000084244,38.877802999740823],[-77.254583999764819,38.877722000237007],[-77.25471600000931,38.877562000332915]]},"properties":{"NAME":"Albany Ct","BASENAME":"Albany","MTFCC":"S1400"}},{"type":"Feature","geometry":{"type":"LineString","coordinates":[[-77.267620999751614,38.877021999832671],[-77.267462999567854,38.876985000164893],[-77.267238000335269,38.876918999764712],[-77.266768999806899,38.876768999962266],[-77.266367000123992,38.876632999886347],[-77.266192000221821,38.876553999856476],[-77.265988000007312,38.876439999897556],[-77.265824999800699,38.876327999870242],[-77.2657329997392,38.876254999851092],[-77.265521999851984,38.876135999812398]]},"properties":{"NAME":null,"BASENAME":null,"MTFCC":"S1630"}},{"type":"Feature","geometry":{"type":"LineString","coordinates":[[-77.258083999605134,38.923626999937611],[-77.258106000244751,38.923534999968361],[-77.258111000267618,38.92345899996463],[-77.258030999901692,38.922739999670782],[-77.25789500035755,38.921727000248019],[-77.257665000203787,38.919991999761478],[-77.257624000195918,38.919713999742179],[-77.257564999746378,38.919570999783211],[-77.257543999829977,38.919413000089712],[-77.257523999738481,38.919264000012184]]},"properties":{"NAME":"Creek Crossing Rd","BASENAME":"Creek Crossing","MTFCC":"S1400"}},{"type":"Feature","geometry":{"type":"LineString","coordinates":[[-77.275243999946369,38.888987000160476],[-77.274761999897535,38.88924400008073]]},"properties":{"NAME":"Pine Bough Pl","BASENAME":"Pine Bough","MTFCC":"S1400"}},{"type":"Feature","geometry":{"type":"LineString","coordinates":[[-77.268060000142739,38.885508000072029],[-77.267936000294199,38.885320999997525],[-77.267831999638801,38.885197000095459],[-77.267706000140421,38.885072000042875],[-77.267454000245337,38.884877000025128],[-77.2673389997193,38.884767999825037],[-77.267250999855747,38.884661000036914],[-77.267033000295854,38.884313999746006]]},"properties":{"NAME":"Myers Cir SW","BASENAME":"Myers","MTFCC":"S1400"}},{"type":"Feature","geometry":{"type":"LineString","coordinates":[[-77.267492999705084,38.899750000263474],[-77.267142999900713,38.899173999654671],[-77.267067999557639,38.899061999809362],[-77.266860999868413,38.898712000028056],[-77.266568999790366,38.898131999688616],[-77.266516999911815,38.897992000246987],[-77.266480999926813,38.897837999773323],[-77.266465000033293,38.897688000089538],[-77.266464000208373,38.897596000052168],[-77.266465000033293,38.897573999782374],[-77.266679000293536,38.896722999814941],[-77.266773999829766,38.896341999665452],[-77.266865999891294,38.895968999913492],[-77.266948999731952,38.895714000123327],[-77.267029999922798,38.895485999979797],[-77.267111000113658,38.895165000321718],[-77.2673539997879,38.894189000061509],[-77.267547999956676,38.893372999991087],[-77.267843000407765,38.89254799977661],[-77.2679029997839,38.89245100022184],[-77.267978999951879,38.892365000080531],[-77.268060000142739,38.892294999953641],[-77.268166000447948,38.892227000123945],[-77.268857999660767,38.891869999949868],[-77.270534999785994,38.891006999849743],[-77.270775999810411,38.890902999925345],[-77.270862999849058,38.890859999979362],[-77.271079999584032,38.890736999811224],[-77.272211999911221,38.890101999909433],[-77.272387999638312,38.889998999923236],[-77.272517000408058,38.889922999667924],[-77.272580999982168,38.889888000157825],[-77.272685999564146,38.889831000059687],[-77.272843999747877,38.88972900024838],[-77.27305800000812,38.889612000140502],[-77.273330999819606,38.889462999736082],[-77.27344999964528,38.889413999680265],[-77.27375199976909,38.889250000032376],[-77.273921999648408,38.889153000169046]]},"properties":{"NAME":"Courthouse Rd SW","BASENAME":"Courthouse","MTFCC":"S1400"}},{"type":"Feature","geometry":{"type":"LineString","coordinates":[[-77.260570999842258,38.898001000114512],[-77.260333000190883,38.898203999853301],[-77.259802999563149,38.898627000220365],[-77.259523999903905,38.898863000085356],[-77.259458999606565,38.898952999702892],[-77.25903000015947,38.899362000046608]]},"properties":{"NAME":"Battle St SE","BASENAME":"Battle","MTFCC":"S1400"}},{"type":"Feature","geometry":{"type":"LineString","coordinates":[[-77.268955999570053,38.919635000098616],[-77.269265000264866,38.919499999769812],[-77.269379999892578,38.919439999929558],[-77.269503999741147,38.919357000078506],[-77.26962000009209,38.9192629998605],[-77.269718999826296,38.919162999997468],[-77.269794000169369,38.919065000302496],[-77.269892000078656,38.918912999723396],[-77.270077999851509,38.918678999731128],[-77.270154000019474,38.918595999688876],[-77.270265000347578,38.91848300026686],[-77.270534999785994,38.918236000192344],[-77.270887000138487,38.917953000131106],[-77.271024000405859,38.917863000136876],[-77.271169000170815,38.917785000002937],[-77.271328000179452,38.917714999773921],[-77.271460000423943,38.917667999990769],[-77.271959000191231,38.917585000163832],[-77.272658999799972,38.917644000000287],[-77.273256000374843,38.917729000104821]]},"properties":{"NAME":"Delancey Dr","BASENAME":"Delancey","MTFCC":"S1400"}},{"type":"Feature","geometry":{"type":"LineString","coordinates":[[-77.275721999797284,38.893472999832049],[-77.275818000056745,38.893402000281064],[-77.276223000112694,38.89307899995093]]},"properties":{"NAME":null,"BASENAME":null,"MTFCC":"S1400"}},{"type":"Feature","geometry":{"type":"LineString","coordinates":[[-77.246819000178149,38.912337000051473],[-77.246905000391877,38.912450000173102],[-77.246968000141067,38.912532999714855],[-77.247175999655198,38.912813999935572],[-77.247297999853927,38.912974999665209],[-77.247594999954856,38.91336600028405],[-77.24762400026718,38.913422000130168],[-77.247645000183567,38.913500999700723],[-77.247644000358648,38.913545999682199],[-77.247636999787645,38.913585000342046],[-77.247606999650429,38.913648000233565],[-77.247542000251414,38.913733000231524],[-77.247321000318465,38.913978000149569],[-77.247047999608668,38.914237999765234],[-77.246562000260184,38.91469000034617],[-77.245737000079657,38.915452999699042],[-77.245367000183819,38.915803000126822],[-77.245263000426746,38.91592399981527],[-77.245154999573401,38.916081000091303],[-77.245109000440948,38.916172999940251],[-77.245049000166489,38.91631999983133],[-77.245003999960659,38.916519000249437],[-77.244950000432283,38.916668999988573],[-77.244890000157838,38.916778000154586],[-77.244833000256421,38.916858999855314],[-77.244742000019826,38.916963999692221],[-77.244634999889712,38.917059999826492]]},"properties":{"NAME":"Westbriar Dr NE","BASENAME":"Westbriar","MTFCC":"S1400"}}]}