{"type":"FeatureCollection","features":[{"type":"Feature","geometry":{"type":"LineString","coordinates":[[-77.215779000126247,38.921934999808869],[-77.215850000271345,38.921907000105143],[-77.21591499967036,38.921884999681168],[-77.216068999656159,38.921830999755215],[-77.216297000160097,38.921753999906258],[-77.216456999993682,38.921702000115268],[-77.216487000130897,38.921686000333175],[-77.21651100042034,38.921673000201814],[-77.21664000029179,38.921605999970922],[-77.216756999569327,38.921544000274601],[-77.216898000034647,38.921487999848537],[-77.218745999864083,38.920763999895463],[-77.218858999841984,38.920724000254175],[-77.219104000064377,38.920645000337252],[-77.219381000073795,38.920567999900143],[-77.219752999619487,38.920482999701733],[-77.220067000337153,38.92042799997138],[-77.220383999631238,38.920387000004837],[-77.220704000196704,38.920359999826417],[-77.221007999970311,38.920348000287433],[-77.221709000302283,38.920309999986614],[-77.22313000033445,38.920246000280038],[-77.223587000268935,38.920215000193892],[-77.224106999952639,38.920165000251913],[-77.224616999590566,38.920101999855504],[-77.224948999851591,38.920052999974466],[-77.226183000286028,38.91987899976688],[-77.226239000362511,38.919874999893644],[-77.226487999884554,38.919858999699578],[-77.227364000118683,38.919727999678699],[-77.22752800015023,38.919700999948439],[-77.228867000166645,38.919484000190117],[-77.229113000213943,38.919438999780347],[-77.229314000055396,38.919408000040576],[-77.229825000416554,38.919327999905555],[-77.230326999658573,38.919243999771545],[-77.230617999911715,38.919189999932428],[-77.230670999615157,38.919177000042687],[-77.231156999861966,38.919057999919744],[-77.2313569998785,38.918997000249199],[-77.231535999978661,38.918936999983615],[-77.232042000316952,38.918754999962587],[-77.232284999991208,38.91864700019795],[-77.23245800024354,38.918561999795145],[-77.232561000175707,38.91851600003627],[-77.232893000436732,38.918352999966949],[-77.233069000163823,38.918253000219373],[-77.233290999921664,38.918135000112301],[-77.233444999907476,38.918061999722738],[-77.2335179997024,38.918016999809062],[-77.233984999682633,38.917754000239526],[-77.234253000369563,38.917618999826786],[-77.234552999945208,38.91747199983083],[-77.235039000192003,38.917271000327709],[-77.235681999899342,38.917050000095195],[-77.236731000385859,38.91672399983679],[-77.237528000078967,38.916460000176656],[-77.2380870001207,38.91624900005985],[-77.239089999678143,38.915912000225099],[-77.239599000389489,38.915696000265108],[-77.240801000138561,38.915216000252499],[-77.241136999699236,38.915069999683418],[-77.241267000293888,38.915013000227077],[-77.241575000265456,38.914869999881162],[-77.243448000209256,38.914022000302047],[-77.243832000348803,38.913847999984583],[-77.24459899990471,38.913494999701015],[-77.245379999704284,38.913141000219653],[-77.245799999828861,38.912942999656892],[-77.246905000391877,38.912450000173102],[-77.247932000238748,38.911974999749489],[-77.24938500005797,38.911302000093229],[-77.249740999710127,38.911147999829367],[-77.24998599993252,38.911039999671928],[-77.250252999896205,38.910935999727421]]},"properties":{"NAME":"Chain Bridge Rd","BASENAME":"Chain Bridge","MTFCC":"S1200"}},{"type":"Feature","geometry":{"type":"LineString","coordinates":[[-77.274058999915752,38.894600000176247],[-77.273951999785623,38.894464999773128],[-77.273869999769857,38.894357999908387],[-77.27323299991032,38.893573000231349],[-77.272815000333878,38.893047999885297],[-77.272796999892222,38.89302600030409],[-77.272329999911989,38.892444000010997],[-77.271471000294596,38.89137599971091],[-77.27137199966208,38.89123600023558],[-77.2712460001637,38.891029000056257],[-77.271176999668413,38.89091600009904],[-77.271079999584032,38.890736999811224],[-77.270734999802542,38.889924000233016],[-77.270534999785994,38.889449000123136],[-77.270339999792327,38.889000999864479],[-77.270216999768664,38.88871100013845],[-77.269468999581051,38.886977000138728],[-77.269234000302731,38.886432000290043],[-77.268726000314615,38.885247000194774],[-77.26823699969475,38.884106999674245],[-77.268185999641119,38.883966999858131]]},"properties":{"NAME":"State Rte 243","BASENAME":"243","MTFCC":"S1200"}},{"type":"Feature","geometry":{"type":"LineString","coordinates":[[-77.268185999641119,38.883966999858131],[-77.268098999602486,38.88387900003228],[-77.268024000157737,38.883791000097446],[-77.26798300014984,38.883662999806972],[-77.267850999905377,38.883291999820102],[-77.267767000239772,38.883075999908009],[-77.267752999996077,38.883035000044785],[-77.267599000010293,38.882484000201529],[-77.267456999720068,38.881904000203598],[-77.267402000366801,38.881542999961724],[-77.267352000138089,38.881199999781884],[-77.267352000138089,38.880888999828798],[-77.267337999894394,38.880702000184264],[-77.267327000023727,38.880209999909461],[-77.267311999955112,38.879923999989138],[-77.267311000130221,38.879797999742109],[-77.267296000061592,38.879433999949043],[-77.267303999559203,38.879263000228626],[-77.267286000015829,38.879069999689996],[-77.267275999970096,38.87882600031687],[-77.267256999703534,38.878709999759302],[-77.267222000441748,38.878595999762339],[-77.267166000365265,38.878433999672922],[-77.267130000380249,38.878381000288719],[-77.267045999816347,38.878192000275959],[-77.267002000333719,38.87811599997746],[-77.266906999899163,38.877918999680951],[-77.266736000194953,38.87769699999162],[-77.266557999919698,38.877507000217079],[-77.265507999608289,38.876388999838298],[-77.265093000404917,38.875959000173758],[-77.264806000349736,38.875648999728725],[-77.264720999960915,38.875556999819196],[-77.264562999777155,38.875373000342279],[-77.264408999791385,38.875168000246177],[-77.264371000156544,38.875095999809375],[-77.264159000444437,38.874758999758008],[-77.264058999987014,38.874581000104925],[-77.263898000328524,38.874227000334237],[-77.263893000305671,38.874202000258116],[-77.263776000129795,38.873738999664212],[-77.263727999550909,38.873581000076392],[-77.263669999824586,38.873473000129444],[-77.263386000142447,38.872878999935736],[-77.263232000156663,38.872573999894847],[-77.263094999889319,38.872264000071361]]},"properties":{"NAME":"State Rte 243","BASENAME":"243","MTFCC":"S1200"}},{"type":"Feature","geometry":{"type":"LineString","coordinates":[[-77.274058999915752,38.894600000176247],[-77.273951999785623,38.894464999773128],[-77.273869999769857,38.894357999908387],[-77.27323299991032,38.893573000231349],[-77.272815000333878,38.893047999885297],[-77.272796999892222,38.89302600030409],[-77.272329999911989,38.892444000010997],[-77.271471000294596,38.89137599971091],[-77.27137199966208,38.89123600023558],[-77.2712460001637,38.891029000056257],[-77.271176999668413,38.89091600009904],[-77.271079999584032,38.890736999811224],[-77.270734999802542,38.889924000233016],[-77.270534999785994,38.889449000123136],[-77.270339999792327,38.889000999864479],[-77.270216999768664,38.88871100013845],[-77.269468999581051,38.886977000138728],[-77.269234000302731,38.886432000290043],[-77.268726000314615,38.885247000194774],[-77.26823699969475,38.884106999674245],[-77.268185999641119,38.883966999858131]]},"properties":{"NAME":"Nutley St SW","BASENAME":"Nutley","MTFCC":"S1200"}},{"type":"Feature","geometry":{"type":"LineString","coordinates":[[-77.268185999641119,38.883966999858131],[-77.268098999602486,38.88387900003228],[-77.268024000157737,38.883791000097446],[-77.26798300014984,38.883662999806972],[-77.267850999905377,38.883291999820102],[-77.267767000239772,38.883075999908009],[-77.267752999996077,38.883035000044785],[-77.267599000010293,38.882484000201529],[-77.267456999720068,38.881904000203598],[-77.267402000366801,38.881542999961724],[-77.267352000138089,38.881199999781884],[-77.267352000138089,38.880888999828798],[-77.267337999894394,38.880702000184264],[-77.267327000023727,38.880209999909461],[-77.267311999955112,38.879923999989138],[-77.267311000130221,38.879797999742109],[-77.267296000061592,38.879433999949043],[-77.267303999559203,38.879263000228626],[-77.267286000015829,38.879069999689996],[-77.267275999970096,38.87882600031687],[-77.267256999703534,38.878709999759302],[-77.267222000441748,38.878595999762339],[-77.267166000365265,38.878433999672922],[-77.267130000380249,38.878381000288719],[-77.267045999816347,38.878192000275959],[-77.267002000333719,38.87811599997746],[-77.266906999899163,38.877918999680951],[-77.266736000194953,38.87769699999162],[-77.266557999919698,38.877507000217079],[-77.265507999608289,38.876388999838298],[-77.265093000404917,38.875959000173758],[-77.264806000349736,38.875648999728725],[-77.264720999960915,38.875556999819196],[-77.264562999777155,38.875373000342279],[-77.264408999791385,38.875168000246177],[-77.264371000156544,38.875095999809375],[-77.264159000444437,38.874758999758008],[-77.264058999987014,38.874581000104925],[-77.263898000328524,38.874227000334237],[-77.263893000305671,38.874202000258116],[-77.263776000129795,38.873738999664212],[-77.263727999550909,38.873581000076392],[-77.263669999824586,38.873473000129444],[-77.263386000142447,38.872878999935736],[-77.263232000156663,38.872573999894847],[-77.263094999889319,38.872264000071361]]},"properties":{"NAME":"Nutley St SW","BASENAME":"Nutley","MTFCC":"S1200"}},{"type":"Feature","geometry":{"type":"LineString","coordinates":[[-77.268185999641119,38.883966999858131],[-77.268214999953457,38.883818000200314],[-77.26815800005204,38.883673999999417],[-77.267957000210586,38.8830130001596],[-77.267946000339933,38.882977000078505],[-77.267936000294199,38.882942999907456],[-77.267821999593053,38.882547999689407],[-77.267721000209022,38.882108999749164],[-77.267670999980325,38.881788999756111],[-77.267579999743717,38.881135999779126],[-77.267533999712953,38.880811000328549],[-77.267492999705084,38.880418000145681],[-77.267475000161724,38.88008400016956],[-77.26746599994091,38.879435999976046],[-77.267470000138871,38.879130000083869],[-77.267459000268218,38.878689999981646],[-77.267440000001628,38.878581000080374],[-77.267402000366801,38.878414999845454],[-77.267378000077372,38.878353000189058],[-77.267287999665669,38.878162000039026],[-77.267236999612052,38.87809299993549],[-77.267003000158624,38.877747999811504],[-77.266660999851865,38.877365999941937],[-77.266147000015962,38.876828000150788],[-77.265767999899282,38.876408000207491],[-77.265521999851984,38.876135999812398],[-77.265264999934047,38.875895999710046],[-77.264916999779501,38.875503000318552],[-77.264563999602089,38.875073000188713],[-77.264510999898633,38.875010999714732],[-77.264357999737754,38.874787999953959],[-77.264262000376604,38.87456699965751],[-77.264034999697571,38.874013000321099],[-77.263849999749638,38.873540999726657],[-77.263441000394039,38.872648000307059],[-77.263253999897969,38.872225999909752]]},"properties":{"NAME":"State Rte 243","BASENAME":"243","MTFCC":"S1200"}},{"type":"Feature","geometry":{"type":"LineString","coordinates":[[-77.268185999641119,38.883966999858131],[-77.268214999953457,38.883818000200314],[-77.26815800005204,38.883673999999417],[-77.267957000210586,38.8830130001596],[-77.267946000339933,38.882977000078505],[-77.267936000294199,38.882942999907456],[-77.267821999593053,38.882547999689407],[-77.267721000209022,38.882108999749164],[-77.267670999980325,38.881788999756111],[-77.267579999743717,38.881135999779126],[-77.267533999712953,38.880811000328549],[-77.267492999705084,38.880418000145681],[-77.267475000161724,38.88008400016956],[-77.26746599994091,38.879435999976046],[-77.267470000138871,38.879130000083869],[-77.267459000268218,38.878689999981646],[-77.267440000001628,38.878581000080374],[-77.267402000366801,38.878414999845454],[-77.267378000077372,38.878353000189058],[-77.267287999665669,38.878162000039026],[-77.267236999612052,38.87809299993549],[-77.267003000158624,38.877747999811504],[-77.266660999851865,38.877365999941937],[-77.266147000015962,38.876828000150788],[-77.265767999899282,38.876408000207491],[-77.265521999851984,38.876135999812398],[-77.265264999934047,38.875895999710046],[-77.264916999779501,38.875503000318552],[-77.264563999602089,38.875073000188713],[-77.264510999898633,38.875010999714732],[-77.264357999737754,38.874787999953959],[-77.264262000376604,38.87456699965751],[-77.264034999697571,38.874013000321099],[-77.263849999749638,38.873540999726657],[-77.263441000394039,38.872648000307059],[-77.263253999897969,38.872225999909752]]},"properties":{"NAME":"Nutley St SW","BASENAME":"Nutley","MTFCC":"S1200"}},{"type":"Feature","geometry":{"type":"LineString","coordinates":[[-77.371315999771284,39.014265000265546],[-77.371075999571786,39.014143000004836],[-77.371041000309987,39.014124999731187],[-77.371028999716103,39.014118999871599],[-77.370965000142007,39.014085999936754],[-77.368675000446686,39.012944000341456],[-77.368559000095729,39.012879999813521],[-77.368147000367102,39.012687999976301],[-77.365500000296379,39.011341999983728],[-77.364189999693977,39.010649000223857],[-77.363925000278414,39.010496000313637],[-77.361080999665901,39.008925000046432],[-77.360475999593419,39.008583999830655],[-77.360400000323736,39.008541000016308],[-77.359466000363284,39.008020000123537],[-77.358030000262488,39.007218999672446],[-77.357970999812949,39.007186000008367],[-77.354383000109081,39.005189000248443],[-77.354017000411176,39.004988000222163],[-77.35355999957838,39.004727000065095],[-77.353461999669094,39.004672999719787],[-77.352840999703076,39.004331000298784],[-77.350845999560534,39.003219000004506],[-77.350595000388665,39.003085000042084],[-77.350130000058272,39.002853999740147],[-77.349519999962908,39.002546000025838],[-77.349143000394349,39.002354000060421],[-77.348560000063159,39.002068000243789],[-77.347934999899195,39.001753000003646],[-77.346164999887549,39.000879999907191],[-77.345495000416037,39.000527999777425],[-77.345389999935733,39.000472000309301],[-77.345107000078528,39.000335999920509],[-77.344338999799405,38.999954999872415],[-77.34412299988935,38.999842000271734],[-77.343470999961184,38.999452999815496],[-77.342754999560597,38.998952000111331],[-77.342166000279946,38.998546999760059],[-77.341591000344692,38.998143000318478],[-77.340567999797443,38.997424000001182],[-77.340485999781677,38.997365999976601],[-77.339980000341697,38.997007000150944],[-77.339324000215569,38.996542000318065],[-77.338916999611484,38.996270000229011],[-77.337042000017874,38.994942000181844],[-77.336821999909844,38.994794000130391],[-77.336501000417783,38.994572000171061],[-77.336390000089708,38.994494999733142],[-77.335899999644923,38.994149000113502],[-77.335194000188423,38.993647000058942],[-77.3338619998447,38.992716000145421],[-77.333482999728005,38.992444999830305],[-77.333390999666491,38.992386999914061],[-77.333175999581343,38.992236999765701],[-77.332742000111395,38.991912999924281],[-77.3323629999947,38.991614999751988],[-77.331567999951403,38.99097199976346],[-77.330875000015368,38.990412000076596],[-77.330660999755111,38.990238999923349],[-77.330136999873488,38.989818000209496],[-77.329819999681078,38.989597999717709],[-77.329504000211898,38.989392000084592],[-77.329082000437509,38.989127000193378],[-77.327615000374564,38.988284999696219],[-77.326611999918811,38.98770599979931],[-77.326538000298982,38.987665000332555],[-77.3263430003053,38.987555000317471],[-77.32588200017284,38.987293000202442],[-77.325550999736734,38.98710100004611],[-77.325210000153206,38.986897999816307],[-77.324921000448199,38.986718000164366],[-77.324528000087824,38.986437000203964],[-77.324252999728216,38.986229999845122],[-77.324024000297669,38.986042999837103],[-77.323726000371835,38.985769999983958],[-77.32345600003508,38.985504999799844],[-77.323071999895518,38.985078000330482],[-77.322900000366388,38.984869000338165],[-77.322736000334871,38.984643000260235],[-77.322666000014664,38.984547000144744],[-77.322474000394052,38.984269999678176],[-77.322373999936616,38.984134000272547],[-77.322096000102277,38.983722000026638],[-77.321034000095295,38.982201999680399],[-77.320778999827155,38.981842999747549],[-77.320490000122163,38.981451000293852],[-77.320314000395072,38.981227999707336],[-77.320007000248395,38.980892999964382],[-77.31974000028471,38.980613999896278],[-77.319404999650629,38.980273000104653],[-77.319026000432274,38.979954999933092],[-77.318043999892922,38.979165000265098],[-77.31701299984806,38.978530999742986],[-77.316521999578384,38.978243999999471],[-77.316005000267751,38.977986999752893],[-77.315259999554868,38.977620999908439],[-77.314662000053374,38.97731900019982],[-77.314267999868093,38.977170000278406],[-77.313795999864979,38.976963000059364],[-77.313337000280654,38.97680999993365],[-77.312769999842999,38.976644000345352],[-77.311019999922848,38.976139999656972],[-77.308423000080879,38.97540599981793],[-77.307674999893223,38.975181999685823],[-77.305929000171034,38.974677999766136],[-77.305520999742043,38.974551000028384],[-77.305171999762564,38.974431999940983],[-77.304879999684516,38.974306999909672],[-77.304538000276082,38.974162000239431],[-77.304255000418863,38.974030999964221],[-77.303877999952007,38.973840000237608],[-77.303620000209136,38.973695000309604],[-77.301943999908829,38.972745000156038],[-77.300964999742519,38.972186000257054],[-77.299638000319987,38.971425999766744],[-77.29842800017498,38.970743000019617],[-77.297838000171112,38.970399999927281],[-77.296672000407042,38.96974300017046],[-77.296592999866022,38.969697000083585],[-77.295135999848824,38.968864000341135],[-77.294760000105185,38.96864700014973],[-77.294436000240083,38.968467999652439],[-77.294058999773227,38.968272999653287],[-77.293796999832409,38.968146000303619],[-77.293381999730698,38.967962999982348],[-77.29288600033648,38.967767999989825],[-77.291655000275099,38.967331000091676],[-77.29146699995411,38.967259000223812],[-77.288290000153978,38.966129000043608],[-77.28818999969657,38.966090000335548],[-77.288044000106709,38.966038999717831],[-77.287973999786502,38.96601500003073],[-77.287844999915066,38.965968000125152],[-77.287484000240056,38.965837000060368],[-77.286881999642276,38.965624999959466],[-77.286844000007463,38.965612000199513],[-77.286109000238611,38.965348999707693],[-77.28530400014958,38.965062000324906],[-77.284579000426476,38.964804999737545],[-77.284488000189896,38.964770000134429],[-77.284396999953287,38.964731999887192],[-77.284268000081852,38.964670999686604],[-77.283936999645746,38.964505000283253],[-77.283765999941537,38.964413999776255],[-77.283717000436042,38.96438600008026],[-77.283595000237298,38.964316999959088],[-77.283327000448708,38.964141000347752],[-77.283108000165583,38.963987000241872],[-77.282843999676629,38.963791999781726],[-77.282188000448826,38.963317000193662],[-77.281478999720946,38.962798999847841],[-77.280913000006493,38.962381999986675],[-77.280461000094888,38.962040000168159],[-77.279703999686433,38.961494999680454],[-77.279574999814997,38.961410000335135],[-77.279214999964893,38.961176000147859],[-77.278269000308853,38.960488000111894],[-77.277407000318419,38.959852999758667],[-77.276978999797905,38.959563000316997],[-77.27479000038494,38.957960999948696],[-77.273776000058533,38.957242999776582],[-77.27259900042381,38.956482000004037],[-77.271592999595029,38.955831999947975],[-77.269420999900476,38.954433999685087],[-77.268778000193137,38.954021000236359],[-77.267895000286302,38.95344999975601],[-77.26694799990706,38.952845999714704],[-77.26653199998043,38.95257899991325],[-77.265834999846433,38.952132000262587],[-77.264924000350504,38.951560999932326],[-77.264834999763735,38.951507999941164],[-77.264481999586309,38.951301000176109],[-77.264421000385255,38.951268000289303],[-77.263590000356956,38.950725999907746],[-77.262872000306558,38.950258000154555],[-77.262774000397272,38.950194000222794],[-77.262293999998249,38.949818999701428],[-77.261975999980919,38.949558999842743],[-77.261852000132365,38.949453000319899],[-77.26174400017733,38.949349999821059],[-77.26157099992497,38.949192000087628],[-77.261349999992035,38.948969999663667],[-77.260918000171912,38.948535999709158],[-77.260226999885674,38.947839999826854],[-77.259497999964623,38.947100000225888],[-77.257860000197468,38.945452999706824],[-77.257209999919127,38.944782999780251],[-77.256408000203137,38.943995999900615],[-77.256014000017842,38.943600999766495],[-77.255347000021075,38.942922999862503],[-77.255280000073924,38.942849000008131],[-77.253771000178176,38.941337000197606],[-77.25342399984855,38.940991000047539],[-77.253324000289439,38.940855999833943],[-77.253052000302873,38.940590000135998],[-77.252776000118345,38.940310999929544],[-77.252454999727973,38.939984999652324],[-77.252320999833671,38.93982899973102],[-77.252180000266677,38.939680999775092],[-77.251636000293558,38.939108999892845],[-77.251499000026215,38.938970000094329],[-77.251287000314107,38.938779000173021],[-77.250620000317326,38.938087999657618],[-77.250483000049982,38.93792599972528],[-77.250216999911189,38.937649000001464],[-77.250057999902538,38.937482000290899],[-77.249975000061866,38.937424999973302],[-77.249701000425475,38.937144000091621],[-77.248121000384629,38.935512999735714],[-77.24767000029793,38.935033000322647],[-77.24708600014182,38.934431999694247],[-77.24693200015605,38.93427400025432],[-77.246731000314583,38.934066999778814],[-77.246570999582701,38.933902999854162],[-77.246362000243636,38.933688000107075],[-77.246131000264967,38.933410999901163],[-77.24596800005834,38.933273000068368],[-77.245857999555184,38.933161000219329],[-77.245670000132506,38.932988999932135],[-77.245420999712167,38.932741000083794],[-77.245369999658536,38.932683000185747],[-77.24527799959705,38.932579999780017],[-77.245147000075775,38.93244399965964],[-77.245034999922794,38.932340000337078],[-77.244943999686186,38.932245999850558],[-77.24475299989048,38.932068000312746],[-77.244512999690969,38.931830999759683],[-77.244341999986759,38.931674000092457],[-77.244020999596387,38.931332000237354],[-77.243829999800681,38.931125000259541],[-77.243678000363033,38.930968999715013],[-77.243382000087024,38.930667000301874],[-77.242953999566538,38.930217000160759],[-77.242760000296087,38.930002999722426],[-77.242493000332388,38.92970999973079],[-77.242284999919946,38.929501999903692],[-77.24179200000043,38.928990999895575],[-77.241627999968912,38.928844999716318],[-77.241191000125895,38.928393999873194],[-77.24097500021584,38.92814800008437],[-77.240832999925615,38.928013999908615],[-77.240587999703223,38.927742000066907],[-77.239697000298776,38.926854000188186],[-77.239407999695473,38.92654000013799],[-77.238794000300445,38.925934999992883],[-77.238580999865121,38.925712000066902],[-77.238368000328094,38.925505999825788],[-77.238169000136466,38.925288999650924],[-77.238035000242164,38.925153000227056],[-77.237934999784741,38.925065999790867],[-77.237783000347093,38.924910999970407],[-77.237620000140467,38.924736999795506],[-77.237482000048217,38.924605999695537],[-77.237318999841577,38.924426999775996],[-77.236895000417377,38.923990999679134],[-77.236724999639762,38.923806999866578],[-77.236404000147715,38.92346700000563],[-77.235367000255067,38.922394000341441],[-77.234828000304816,38.921858000072781],[-77.234670000121071,38.921693999875238],[-77.234022000390866,38.921045999801784],[-77.233813999978409,38.920809000163828],[-77.233615999611686,38.920597999699147],[-77.232993999820764,38.920025999668951],[-77.232829999789232,38.919887000211538],[-77.232637000343701,38.919736000140382],[-77.23247800033505,38.91962500003131],[-77.232363999633904,38.919535000060961],[-77.232299000234889,38.919484000190117],[-77.23197399964657,38.919270999675689],[-77.231535999978661,38.918936999983615],[-77.231403999734184,38.91882899979705],[-77.231191000197143,38.918648999819681],[-77.230678000186174,38.91823899999185],[-77.230550999964564,38.918136000279887],[-77.230309999940133,38.917950999790762],[-77.230121999619158,38.917788999993974],[-77.229889999815569,38.91758399998853],[-77.229566999775372,38.917348000149005],[-77.229004000434003,38.916975000318473],[-77.227867999908852,38.916269999940596],[-77.227502000210947,38.916060999652501],[-77.227066000192863,38.915792000017852],[-77.226793000381377,38.915616000138996],[-77.22656999990032,38.91547099989895],[-77.226354999815157,38.915320000216241],[-77.226210000050187,38.915216999762251],[-77.22541800037996,38.914712999721957],[-77.224633000382411,38.914236000019152],[-77.224517000031454,38.914161000064368],[-77.22429899957325,38.914003999734632],[-77.224014000066219,38.91382700008613],[-77.22389100004257,38.91375499968818],[-77.22321200035023,38.913366999819864],[-77.222947999861276,38.913221999877685],[-77.222255999750146,38.912842999974636],[-77.222023999946529,38.912715000315558],[-77.221743999564069,38.912561999868686],[-77.221592999951326,38.912470000231551],[-77.221408999828313,38.912357000141768],[-77.220441000430966,38.911823000060934],[-77.220246000437299,38.911712999715398],[-77.219064999706319,38.911154000027423],[-77.21861000031997,38.910850999874718],[-77.218303000173307,38.910675999898615],[-77.218186999822336,38.910611000316841],[-77.218001999874417,38.91050699974376],[-77.217683000032181,38.91032799990618],[-77.217498999909168,38.910209000322787],[-77.217375000060599,38.910129000302767],[-77.217287000197061,38.910096000128434],[-77.217211999854001,38.910067999947287],[-77.216535999636378,38.909692000139621],[-77.21641799963561,38.909626000068286],[-77.215149999764307,38.908917000292895],[-77.21468299978406,38.908681000292383],[-77.214565999608197,38.908618000186252],[-77.21454499969181,38.908606999662652],[-77.21416599957513,38.908399999786837],[-77.214026999657946,38.908335000218003],[-77.213859000326764,38.908251999961472],[-77.213322999851272,38.908028000073337],[-77.213051999689597,38.907932999916682],[-77.212789999748793,38.907849999889159],[-77.212721999976722,38.907837000019207],[-77.212407000332448,38.90776099997921],[-77.211955000420843,38.907668999711525],[-77.210979999554169,38.907426999942537],[-77.210072000431282,38.907222000064742],[-77.208325999810768,38.906806000065139],[-77.208072000265872,38.906742000063922],[-77.208006000143641,38.906721999789546],[-77.207631000224907,38.906581999808473],[-77.20742000033772,38.906488999778219],[-77.207217999773036,38.906383999823191],[-77.207153000374021,38.906345999734583],[-77.206801999846434,38.906114999862247],[-77.206659999556209,38.906006999736654],[-77.206576999715537,38.905946999673588],[-77.20648999967689,38.905872000047722],[-77.206271000292091,38.905692000063098],[-77.20598500006183,38.905407999967089],[-77.205884999604407,38.905310000152753],[-77.205627999686442,38.905062000018226],[-77.205472000050847,38.904908000197786],[-77.205415999974335,38.904835000184313],[-77.204816999749639,38.904214999668028],[-77.204666000136896,38.904063999807072],[-77.204488999686575,38.903901000101349],[-77.204208000377491,38.903627999730141],[-77.203944999713443,38.903369999751291],[-77.203558999924056,38.903042999894076],[-77.203087999745875,38.902698999675827],[-77.202859000315328,38.902561000225347],[-77.199750000287281,38.900592999787911],[-77.199496999668952,38.900468000262372],[-77.199361000124838,38.900386000314256],[-77.199258000192671,38.900310999707564],[-77.199047000305484,38.900165999661617],[-77.197928000397098,38.899471000224331],[-77.197611000204688,38.899267999912858],[-77.197189000430285,38.898940000301195],[-77.197013999629803,38.898834999668416],[-77.196969000322255,38.898804999758717],[-77.196786999849081,38.898687999919943],[-77.195991999805784,38.89818499971981],[-77.19561400041232,38.897914999702337],[-77.194819000369037,38.897440999658826],[-77.194359999886416,38.897163000099511],[-77.194144999801253,38.897005000161649],[-77.193906000324958,38.896831000080027],[-77.1919880001753,38.895598999657913],[-77.190485999952273,38.894618000070722],[-77.190330000316663,38.894527999853352],[-77.189921999887659,38.89426700025593]]},"properties":{"NAME":"Leesburg Pike","BASENAME":"Leesburg","MTFCC":"S1200"}},{"type":"Feature","geometry":{"type":"LineString","coordinates":[[-77.371315999771284,39.014265000265546],[-77.371075999571786,39.014143000004836],[-77.371041000309987,39.014124999731187],[-77.371028999716103,39.014118999871599],[-77.370965000142007,39.014085999936754],[-77.368675000446686,39.012944000341456],[-77.368559000095729,39.012879999813521],[-77.368147000367102,39.012687999976301],[-77.365500000296379,39.011341999983728],[-77.364189999693977,39.010649000223857],[-77.363925000278414,39.010496000313637],[-77.361080999665901,39.008925000046432],[-77.360475999593419,39.008583999830655],[-77.360400000323736,39.008541000016308],[-77.359466000363284,39.008020000123537],[-77.358030000262488,39.007218999672446],[-77.357970999812949,39.007186000008367],[-77.354383000109081,39.005189000248443],[-77.354017000411176,39.004988000222163],[-77.35355999957838,39.004727000065095],[-77.353461999669094,39.004672999719787],[-77.352840999703076,39.004331000298784],[-77.350845999560534,39.003219000004506],[-77.350595000388665,39.003085000042084],[-77.350130000058272,39.002853999740147],[-77.349519999962908,39.002546000025838],[-77.349143000394349,39.002354000060421],[-77.348560000063159,39.002068000243789],[-77.347934999899195,39.001753000003646],[-77.346164999887549,39.000879999907191],[-77.345495000416037,39.000527999777425],[-77.345389999935733,39.000472000309301],[-77.345107000078528,39.000335999920509],[-77.344338999799405,38.999954999872415],[-77.34412299988935,38.999842000271734],[-77.343470999961184,38.999452999815496],[-77.342754999560597,38.998952000111331],[-77.342166000279946,38.998546999760059],[-77.341591000344692,38.998143000318478],[-77.340567999797443,38.997424000001182],[-77.340485999781677,38.997365999976601],[-77.339980000341697,38.997007000150944],[-77.339324000215569,38.996542000318065],[-77.338916999611484,38.996270000229011],[-77.337042000017874,38.994942000181844],[-77.336821999909844,38.994794000130391],[-77.336501000417783,38.994572000171061],[-77.336390000089708,38.994494999733142],[-77.335899999644923,38.994149000113502],[-77.335194000188423,38.993647000058942],[-77.3338619998447,38.992716000145421],[-77.333482999728005,38.992444999830305],[-77.333390999666491,38.992386999914061],[-77.333175999581343,38.992236999765701],[-77.332742000111395,38.991912999924281],[-77.3323629999947,38.991614999751988],[-77.331567999951403,38.99097199976346],[-77.330875000015368,38.990412000076596],[-77.330660999755111,38.990238999923349],[-77.330136999873488,38.989818000209496],[-77.329819999681078,38.989597999717709],[-77.329504000211898,38.989392000084592],[-77.329082000437509,38.989127000193378],[-77.327615000374564,38.988284999696219],[-77.326611999918811,38.98770599979931],[-77.326538000298982,38.987665000332555],[-77.3263430003053,38.987555000317471],[-77.32588200017284,38.987293000202442],[-77.325550999736734,38.98710100004611],[-77.325210000153206,38.986897999816307],[-77.324921000448199,38.986718000164366],[-77.324528000087824,38.986437000203964],[-77.324252999728216,38.986229999845122],[-77.324024000297669,38.986042999837103],[-77.323726000371835,38.985769999983958],[-77.32345600003508,38.985504999799844],[-77.323071999895518,38.985078000330482],[-77.322900000366388,38.984869000338165],[-77.322736000334871,38.984643000260235],[-77.322666000014664,38.984547000144744],[-77.322474000394052,38.984269999678176],[-77.322373999936616,38.984134000272547],[-77.322096000102277,38.983722000026638],[-77.321034000095295,38.982201999680399],[-77.320778999827155,38.981842999747549],[-77.320490000122163,38.981451000293852],[-77.320314000395072,38.981227999707336],[-77.320007000248395,38.980892999964382],[-77.31974000028471,38.980613999896278],[-77.319404999650629,38.980273000104653],[-77.319026000432274,38.979954999933092],[-77.318043999892922,38.979165000265098],[-77.31701299984806,38.978530999742986],[-77.316521999578384,38.978243999999471],[-77.316005000267751,38.977986999752893],[-77.315259999554868,38.977620999908439],[-77.314662000053374,38.97731900019982],[-77.314267999868093,38.977170000278406],[-77.313795999864979,38.976963000059364],[-77.313337000280654,38.97680999993365],[-77.312769999842999,38.976644000345352],[-77.311019999922848,38.976139999656972],[-77.308423000080879,38.97540599981793],[-77.307674999893223,38.975181999685823],[-77.305929000171034,38.974677999766136],[-77.305520999742043,38.974551000028384],[-77.305171999762564,38.974431999940983],[-77.304879999684516,38.974306999909672],[-77.304538000276082,38.974162000239431],[-77.304255000418863,38.974030999964221],[-77.303877999952007,38.973840000237608],[-77.303620000209136,38.973695000309604],[-77.301943999908829,38.972745000156038],[-77.300964999742519,38.972186000257054],[-77.299638000319987,38.971425999766744],[-77.29842800017498,38.970743000019617],[-77.297838000171112,38.970399999927281],[-77.296672000407042,38.96974300017046],[-77.296592999866022,38.969697000083585],[-77.295135999848824,38.968864000341135],[-77.294760000105185,38.96864700014973],[-77.294436000240083,38.968467999652439],[-77.294058999773227,38.968272999653287],[-77.293796999832409,38.968146000303619],[-77.293381999730698,38.967962999982348],[-77.29288600033648,38.967767999989825],[-77.291655000275099,38.967331000091676],[-77.29146699995411,38.967259000223812],[-77.288290000153978,38.966129000043608],[-77.28818999969657,38.966090000335548],[-77.288044000106709,38.966038999717831],[-77.287973999786502,38.96601500003073],[-77.287844999915066,38.965968000125152],[-77.287484000240056,38.965837000060368],[-77.286881999642276,38.965624999959466],[-77.286844000007463,38.965612000199513],[-77.286109000238611,38.965348999707693],[-77.28530400014958,38.965062000324906],[-77.284579000426476,38.964804999737545],[-77.284488000189896,38.964770000134429],[-77.284396999953287,38.964731999887192],[-77.284268000081852,38.964670999686604],[-77.283936999645746,38.964505000283253],[-77.283765999941537,38.964413999776255],[-77.283717000436042,38.96438600008026],[-77.283595000237298,38.964316999959088],[-77.283327000448708,38.964141000347752],[-77.283108000165583,38.963987000241872],[-77.282843999676629,38.963791999781726],[-77.282188000448826,38.963317000193662],[-77.281478999720946,38.962798999847841],[-77.280913000006493,38.962381999986675],[-77.280461000094888,38.962040000168159],[-77.279703999686433,38.961494999680454],[-77.279574999814997,38.961410000335135],[-77.279214999964893,38.961176000147859],[-77.278269000308853,38.960488000111894],[-77.277407000318419,38.959852999758667],[-77.276978999797905,38.959563000316997],[-77.27479000038494,38.957960999948696],[-77.273776000058533,38.957242999776582],[-77.27259900042381,38.956482000004037],[-77.271592999595029,38.955831999947975],[-77.269420999900476,38.954433999685087],[-77.268778000193137,38.954021000236359],[-77.267895000286302,38.95344999975601],[-77.26694799990706,38.952845999714704],[-77.26653199998043,38.95257899991325],[-77.265834999846433,38.952132000262587],[-77.264924000350504,38.951560999932326],[-77.264834999763735,38.951507999941164],[-77.264481999586309,38.951301000176109],[-77.264421000385255,38.951268000289303],[-77.263590000356956,38.950725999907746],[-77.262872000306558,38.950258000154555],[-77.262774000397272,38.950194000222794],[-77.262293999998249,38.949818999701428],[-77.261975999980919,38.949558999842743],[-77.261852000132365,38.949453000319899],[-77.26174400017733,38.949349999821059],[-77.26157099992497,38.949192000087628],[-77.261349999992035,38.948969999663667],[-77.260918000171912,38.948535999709158],[-77.260226999885674,38.947839999826854],[-77.259497999964623,38.947100000225888],[-77.257860000197468,38.945452999706824],[-77.257209999919127,38.944782999780251],[-77.256408000203137,38.943995999900615],[-77.256014000017842,38.943600999766495],[-77.255347000021075,38.942922999862503],[-77.255280000073924,38.942849000008131],[-77.253771000178176,38.941337000197606],[-77.25342399984855,38.940991000047539],[-77.253324000289439,38.940855999833943],[-77.253052000302873,38.940590000135998],[-77.252776000118345,38.940310999929544],[-77.252454999727973,38.939984999652324],[-77.252320999833671,38.93982899973102],[-77.252180000266677,38.939680999775092],[-77.251636000293558,38.939108999892845],[-77.251499000026215,38.938970000094329],[-77.251287000314107,38.938779000173021],[-77.250620000317326,38.938087999657618],[-77.250483000049982,38.93792599972528],[-77.250216999911189,38.937649000001464],[-77.250057999902538,38.937482000290899],[-77.249975000061866,38.937424999973302],[-77.249701000425475,38.937144000091621],[-77.248121000384629,38.935512999735714],[-77.24767000029793,38.935033000322647],[-77.24708600014182,38.934431999694247],[-77.24693200015605,38.93427400025432],[-77.246731000314583,38.934066999778814],[-77.246570999582701,38.933902999854162],[-77.246362000243636,38.933688000107075],[-77.246131000264967,38.933410999901163],[-77.24596800005834,38.933273000068368],[-77.245857999555184,38.933161000219329],[-77.245670000132506,38.932988999932135],[-77.245420999712167,38.932741000083794],[-77.245369999658536,38.932683000185747],[-77.24527799959705,38.932579999780017],[-77.245147000075775,38.93244399965964],[-77.245034999922794,38.932340000337078],[-77.244943999686186,38.932245999850558],[-77.24475299989048,38.932068000312746],[-77.244512999690969,38.931830999759683],[-77.244341999986759,38.931674000092457],[-77.244020999596387,38.931332000237354],[-77.243829999800681,38.931125000259541],[-77.243678000363033,38.930968999715013],[-77.243382000087024,38.930667000301874],[-77.242953999566538,38.930217000160759],[-77.242760000296087,38.930002999722426],[-77.242493000332388,38.92970999973079],[-77.242284999919946,38.929501999903692],[-77.24179200000043,38.928990999895575],[-77.241627999968912,38.928844999716318],[-77.241191000125895,38.928393999873194],[-77.24097500021584,38.92814800008437],[-77.240832999925615,38.928013999908615],[-77.240587999703223,38.927742000066907],[-77.239697000298776,38.926854000188186],[-77.239407999695473,38.92654000013799],[-77.238794000300445,38.925934999992883],[-77.238580999865121,38.925712000066902],[-77.238368000328094,38.925505999825788],[-77.238169000136466,38.925288999650924],[-77.238035000242164,38.925153000227056],[-77.237934999784741,38.925065999790867],[-77.237783000347093,38.924910999970407],[-77.237620000140467,38.924736999795506],[-77.237482000048217,38.924605999695537],[-77.237318999841577,38.924426999775996],[-77.236895000417377,38.923990999679134],[-77.236724999639762,38.923806999866578],[-77.236404000147715,38.92346700000563],[-77.235367000255067,38.922394000341441],[-77.234828000304816,38.921858000072781],[-77.234670000121071,38.921693999875238],[-77.234022000390866,38.921045999801784],[-77.233813999978409,38.920809000163828],[-77.233615999611686,38.920597999699147],[-77.232993999820764,38.920025999668951],[-77.232829999789232,38.919887000211538],[-77.232637000343701,38.919736000140382],[-77.23247800033505,38.91962500003131],[-77.232363999633904,38.919535000060961],[-77.232299000234889,38.919484000190117],[-77.23197399964657,38.919270999675689],[-77.231535999978661,38.918936999983615],[-77.231403999734184,38.91882899979705],[-77.231191000197143,38.918648999819681],[-77.230678000186174,38.91823899999185],[-77.230550999964564,38.918136000279887],[-77.230309999940133,38.917950999790762],[-77.230121999619158,38.917788999993974],[-77.229889999815569,38.91758399998853],[-77.229566999775372,38.917348000149005],[-77.229004000434003,38.916975000318473],[-77.227867999908852,38.916269999940596],[-77.227502000210947,38.916060999652501],[-77.227066000192863,38.915792000017852],[-77.226793000381377,38.915616000138996],[-77.22656999990032,38.91547099989895],[-77.226354999815157,38.915320000216241],[-77.226210000050187,38.915216999762251],[-77.22541800037996,38.914712999721957],[-77.224633000382411,38.914236000019152],[-77.224517000031454,38.914161000064368],[-77.22429899957325,38.914003999734632],[-77.224014000066219,38.91382700008613],[-77.22389100004257,38.91375499968818],[-77.22321200035023,38.913366999819864],[-77.222947999861276,38.913221999877685],[-77.222255999750146,38.912842999974636],[-77.222023999946529,38.912715000315558],[-77.221743999564069,38.912561999868686],[-77.221592999951326,38.912470000231551],[-77.221408999828313,38.912357000141768],[-77.220441000430966,38.911823000060934],[-77.220246000437299,38.911712999715398],[-77.219064999706319,38.911154000027423],[-77.21861000031997,38.910850999874718],[-77.218303000173307,38.910675999898615],[-77.218186999822336,38.910611000316841],[-77.218001999874417,38.91050699974376],[-77.217683000032181,38.91032799990618],[-77.217498999909168,38.910209000322787],[-77.217375000060599,38.910129000302767],[-77.217287000197061,38.910096000128434],[-77.217211999854001,38.910067999947287],[-77.216535999636378,38.909692000139621],[-77.21641799963561,38.909626000068286],[-77.215149999764307,38.908917000292895],[-77.21468299978406,38.908681000292383],[-77.214565999608197,38.908618000186252],[-77.21454499969181,38.908606999662652],[-77.21416599957513,38.908399999786837],[-77.214026999657946,38.908335000218003],[-77.213859000326764,38.908251999961472],[-77.213322999851272,38.908028000073337],[-77.213051999689597,38.907932999916682],[-77.212789999748793,38.907849999889159],[-77.212721999976722,38.907837000019207],[-77.212407000332448,38.90776099997921],[-77.211955000420843,38.907668999711525],[-77.210979999554169,38.907426999942537],[-77.210072000431282,38.907222000064742],[-77.208325999810768,38.906806000065139],[-77.208072000265872,38.906742000063922],[-77.208006000143641,38.906721999789546],[-77.207631000224907,38.906581999808473],[-77.20742000033772,38.906488999778219],[-77.207217999773036,38.906383999823191],[-77.207153000374021,38.906345999734583],[-77.206801999846434,38.906114999862247],[-77.206659999556209,38.906006999736654],[-77.206576999715537,38.905946999673588],[-77.20648999967689,38.905872000047722],[-77.206271000292091,38.905692000063098],[-77.20598500006183,38.905407999967089],[-77.205884999604407,38.905310000152753],[-77.205627999686442,38.905062000018226],[-77.205472000050847,38.904908000197786],[-77.205415999974335,38.904835000184313],[-77.204816999749639,38.904214999668028],[-77.204666000136896,38.904063999807072],[-77.204488999686575,38.903901000101349],[-77.204208000377491,38.903627999730141],[-77.203944999713443,38.903369999751291],[-77.203558999924056,38.903042999894076],[-77.203087999745875,38.902698999675827],[-77.202859000315328,38.902561000225347],[-77.199750000287281,38.900592999787911],[-77.199496999668952,38.900468000262372],[-77.199361000124838,38.900386000314256],[-77.199258000192671,38.900310999707564],[-77.199047000305484,38.900165999661617],[-77.197928000397098,38.899471000224331],[-77.197611000204688,38.899267999912858],[-77.197189000430285,38.898940000301195],[-77.197013999629803,38.898834999668416],[-77.196969000322255,38.898804999758717],[-77.196786999849081,38.898687999919943],[-77.195991999805784,38.89818499971981],[-77.19561400041232,38.897914999702337],[-77.194819000369037,38.897440999658826],[-77.194359999886416,38.897163000099511],[-77.194144999801253,38.897005000161649],[-77.193906000324958,38.896831000080027],[-77.1919880001753,38.895598999657913],[-77.190485999952273,38.894618000070722],[-77.190330000316663,38.894527999853352],[-77.189921999887659,38.89426700025593]]},"properties":{"NAME":"State Rte 7","BASENAME":"7","MTFCC":"S1200"}},{"type":"Feature","geometry":{"type":"LineString","coordinates":[[-77.265209999682455,38.901569000121718],[-77.26412299956111,38.90243899973806],[-77.263991000214943,38.90254399993507],[-77.263894999955482,38.902620999654665],[-77.263855999597411,38.902651999736079],[-77.263764000434222,38.902724000211208],[-77.263623999793836,38.902835999873034],[-77.262824999552592,38.903474999969639],[-77.26097199970026,38.904953999688871],[-77.26095499998182,38.904967000086749],[-77.258866999952858,38.906634000193186],[-77.257982000396197,38.90733800020125],[-77.257869000418296,38.907428000261028],[-77.256782000296951,38.908289000121499],[-77.255579999649569,38.909246000243087],[-77.254844999880731,38.909825999968568]]},"properties":{"NAME":"Maple Ave E","BASENAME":"Maple","MTFCC":"S1200"}},{"type":"Feature","geometry":{"type":"LineString","coordinates":[[-77.254844999880731,38.909825999968568],[-77.2545889997877,38.909968999992174],[-77.254562999848432,38.909987000184906],[-77.25447300033504,38.910029000150914],[-77.254290999861865,38.910097999991152],[-77.254109000286988,38.910149999897328],[-77.253925000163974,38.910199000325193],[-77.253741999865866,38.91023499989047],[-77.252439999659359,38.910410999832365],[-77.251446000322758,38.910554999650827],[-77.251112000411922,38.910610000043206],[-77.250883000083078,38.910646999673162],[-77.250553000370175,38.910718999728999],[-77.25034900015568,38.910775999837938],[-77.250141999568129,38.910844999651047],[-77.250074999620992,38.910868999843828],[-77.249674999587896,38.911037000267136],[-77.249282000125817,38.911218999810963],[-77.247401999611014,38.91207199989563],[-77.246819000178149,38.912337000051473]]},"properties":{"NAME":"Maple Ave E","BASENAME":"Maple","MTFCC":"S1200"}},{"type":"Feature","geometry":{"type":"LineString","coordinates":[[-77.13246700027868,38.938522999870386],[-77.132581000081501,38.93860599965759],[-77.132718000348845,38.938706000063554],[-77.132824999580663,38.938753999761119],[-77.133023999772277,38.938851000331795],[-77.133232000184748,38.938968000346563],[-77.133411000284894,38.939053999929733],[-77.133564000445773,38.939128000251323],[-77.134341999872305,38.939503999899003],[-77.13497299988407,38.939785000210712],[-77.135275000007852,38.939918999808128],[-77.135538999598509,38.94005699998398],[-77.135706000003083,38.940145000057115],[-77.135952999875286,38.940275000251177],[-77.136311999900499,38.940453000151734],[-77.136704000435969,38.940629999755053],[-77.137310000333372,38.940903000325648],[-77.137881000070678,38.941152999964487],[-77.139039000337121,38.941627000157645],[-77.139271000140738,38.941716000213525],[-77.139508999792099,38.941813000225629],[-77.139930999566488,38.941967000310875],[-77.140720999586904,38.942246000289344],[-77.142509999865126,38.942856999958366],[-77.142683999942406,38.942915999737949],[-77.143146999724664,38.94305900014875],[-77.143677000352412,38.943244000139863],[-77.144223999800275,38.943419999951495],[-77.144787999864874,38.943585000033082],[-77.145531999854541,38.943778999701351],[-77.1458800000091,38.943846999754783],[-77.146179999584746,38.94389500016414],[-77.146537999785039,38.943941000234915],[-77.146896999810238,38.943974999842752],[-77.147102999674573,38.943985999774036],[-77.147394999752606,38.944002000115589],[-77.147515000301524,38.94400500022293],[-77.147870000128762,38.944006000025787],[-77.148546000346371,38.943988999882002],[-77.149069000403102,38.943949999865531],[-77.149399999940897,38.943913000134643],[-77.149747000270509,38.943859000209493],[-77.150364000038579,38.943749999730692],[-77.151438999566039,38.943562000235275],[-77.151542000396532,38.943544000175706],[-77.152093000042342,38.943456000129075],[-77.15316199972203,38.943275999756999],[-77.153492000333202,38.943233999907214],[-77.154654999724229,38.943036999996835],[-77.154947999627183,38.942978000317943],[-77.155127999552249,38.942952999989146],[-77.155408999759644,38.942922999862503],[-77.155561999920522,38.942899000031488],[-77.156285999818707,38.942787000014086],[-77.157388999833572,38.942602000227829],[-77.157820999653694,38.942532000031783],[-77.158265000067729,38.94243699995458],[-77.158346000258561,38.942424000132682],[-77.158676999796356,38.942375000298895],[-77.159055000088145,38.942325999732546],[-77.159516000220577,38.942263999979794],[-77.159816999621157,38.942243999935322],[-77.160112999897166,38.942223000057155],[-77.160261999860083,38.942215000035439],[-77.160559999785903,38.942198999989238],[-77.16095800016916,38.94220899966917],[-77.161504999617009,38.942223999885144],[-77.162024000374103,38.942238000270216],[-77.162340999668203,38.942259000143878],[-77.162930999672099,38.942327000257791],[-77.163631000179137,38.942423000307507],[-77.16420699993931,38.942480000100886],[-77.164487000321799,38.942504000073733],[-77.164988999563818,38.942571999952662],[-77.165294000060641,38.942615000017099],[-77.165564000397396,38.942657000233581],[-77.165827000163119,38.942693000099936],[-77.166041000423363,38.942713999838837],[-77.166175000317665,38.942736000090981],[-77.166467000395713,38.942749999676252],[-77.166709000245049,38.942743000233314],[-77.166972000010801,38.942732000109174],[-77.167185000446111,38.942704000230123],[-77.16729400022605,38.942685000131192],[-77.16745200040981,38.94265400006924],[-77.167792000168433,38.942572999775734],[-77.168184999630498,38.942463000289884],[-77.168481999731426,38.942375000298895],[-77.168836999558678,38.942279000184136],[-77.169492999684792,38.942096999959134],[-77.169975999558559,38.941961999755307],[-77.170496000140545,38.941818000093051],[-77.171174999832871,38.941639000289463],[-77.171781999555193,38.941472000194089],[-77.172441999879268,38.941280000184037],[-77.173130999617356,38.941086999810103],[-77.173830000299503,38.940914000034837],[-77.174253999723717,38.940830000306704],[-77.174712000381433,38.940731999799432],[-77.174955000055675,38.940698000033855],[-77.175312000431063,38.940645000305082],[-77.175776999863146,38.940589000284966],[-77.176167999675386,38.940543000135534],[-77.176530999898546,38.940516999794809],[-77.176859999786544,38.940471000297372],[-77.177132999598015,38.940425000071393],[-77.177469999881907,38.940361000345284],[-77.177867000440244,38.940276000106579],[-77.178253000229631,38.940176999675487],[-77.178730000255584,38.940027000029353],[-77.17929099994717,38.939822999861569],[-77.179699000376175,38.939667000282583],[-77.180024999891089,38.939517000256238],[-77.180506999939922,38.939279000271355],[-77.180872999637842,38.939106000277057],[-77.181214000119681,38.938949999819371],[-77.181651999787604,38.938744000292644],[-77.182374999860869,38.938417999798311],[-77.182953000169178,38.93813900012907],[-77.183820000182479,38.937720000018679],[-77.184169999986878,38.937570000066046],[-77.184852000052246,38.93728599966871],[-77.185014000433952,38.937221999904359],[-77.185336999575838,38.937094000202386],[-77.185525999721719,38.937018999953047],[-77.185897000340788,38.936860999988014],[-77.186269999711399,38.936702999670949],[-77.187355000182919,38.936262999913637],[-77.188293000341318,38.935875000142943],[-77.189095000057321,38.935537999892766],[-77.189365000394076,38.935438999834219],[-77.190007000276495,38.935187999687599],[-77.191067999560232,38.934723999811361],[-77.191896999938734,38.934406999846139],[-77.192662999669707,38.93407699990685],[-77.193364999826571,38.933799999822675],[-77.194506000374574,38.933351999899159],[-77.195176999670991,38.933079000305106],[-77.195904999767137,38.932817999887192],[-77.196617999794682,38.932545000333988],[-77.19717500018659,38.932354999845636],[-77.19758500026542,38.932212000208935],[-77.198254999736918,38.931969000301876],[-77.198660999617786,38.931810000291698],[-77.199204999590904,38.931595999768014],[-77.199607999997042,38.931395999726767],[-77.20013899955137,38.931145999930337],[-77.200547999805281,38.930930000224087],[-77.201012000310797,38.930650999746369],[-77.203031999669378,38.92921099996196],[-77.203136000324761,38.929126000334847],[-77.203204000096818,38.929069000289431],[-77.203317000074733,38.928973000330068],[-77.203553999901203,38.928773999898638],[-77.203746000420125,38.928611999654905],[-77.203798000298661,38.928572000245204],[-77.204636999824572,38.927972000103935],[-77.204954000016969,38.927745000163306],[-77.205296000323742,38.927425000343241],[-77.205836999923832,38.926991999930848],[-77.20601400037414,38.926869000158007],[-77.206154000116214,38.926718000270313],[-77.206568000393005,38.926349000284468],[-77.206802999671339,38.926153000342929],[-77.207140999780151,38.925891000238465],[-77.207407999743836,38.925672999782179],[-77.207822999845533,38.925366999922254],[-77.208349000275305,38.925061000140076],[-77.208465999552843,38.92500400032263],[-77.208873000156956,38.924802999791559],[-77.208923000385667,38.924776999969879],[-77.209038999838299,38.924727999823062],[-77.209218999763365,38.924636999959773],[-77.209238000029941,38.924624999746364],[-77.209427000175808,38.924543999825289],[-77.209831000406865,38.924378000086307],[-77.209867000391867,38.924363000288615],[-77.210703000443033,38.924028000020648],[-77.212742000068204,38.923146999758025],[-77.213414000087852,38.922877000326615],[-77.214359999743877,38.922500999888079],[-77.215779000126247,38.921934999808869],[-77.215850000271345,38.921907000105143],[-77.21591499967036,38.921884999681168],[-77.216068999656159,38.921830999755215],[-77.216297000160097,38.921753999906258],[-77.216456999993682,38.921702000115268],[-77.216487000130897,38.921686000333175],[-77.21651100042034,38.921673000201814],[-77.21664000029179,38.921605999970922],[-77.216756999569327,38.921544000274601],[-77.216898000034647,38.921487999848537],[-77.218745999864083,38.920763999895463],[-77.218858999841984,38.920724000254175],[-77.219104000064377,38.920645000337252],[-77.219381000073795,38.920567999900143],[-77.219752999619487,38.920482999701733],[-77.220067000337153,38.92042799997138],[-77.220383999631238,38.920387000004837],[-77.220704000196704,38.920359999826417],[-77.221007999970311,38.920348000287433],[-77.221709000302283,38.920309999986614],[-77.22313000033445,38.920246000280038],[-77.223587000268935,38.920215000193892],[-77.224106999952639,38.920165000251913],[-77.224616999590566,38.920101999855504],[-77.224948999851591,38.920052999974466],[-77.226183000286028,38.91987899976688],[-77.226239000362511,38.919874999893644],[-77.226487999884554,38.919858999699578],[-77.227364000118683,38.919727999678699],[-77.22752800015023,38.919700999948439],[-77.228867000166645,38.919484000190117],[-77.229113000213943,38.919438999780347],[-77.229314000055396,38.919408000040576],[-77.229825000416554,38.919327999905555],[-77.230326999658573,38.919243999771545],[-77.230617999911715,38.919189999932428],[-77.230670999615157,38.919177000042687],[-77.231156999861966,38.919057999919744],[-77.2313569998785,38.918997000249199],[-77.231535999978661,38.918936999983615],[-77.232042000316952,38.918754999962587],[-77.232284999991208,38.91864700019795],[-77.23245800024354,38.918561999795145],[-77.232561000175707,38.91851600003627],[-77.232893000436732,38.918352999966949],[-77.233069000163823,38.918253000219373],[-77.233290999921664,38.918135000112301],[-77.233444999907476,38.918061999722738],[-77.2335179997024,38.918016999809062],[-77.233984999682633,38.917754000239526],[-77.234253000369563,38.917618999826786],[-77.234552999945208,38.91747199983083],[-77.235039000192003,38.917271000327709],[-77.235681999899342,38.917050000095195],[-77.236731000385859,38.91672399983679],[-77.237528000078967,38.916460000176656],[-77.2380870001207,38.91624900005985],[-77.239089999678143,38.915912000225099],[-77.239599000389489,38.915696000265108],[-77.240801000138561,38.915216000252499],[-77.241136999699236,38.915069999683418],[-77.241267000293888,38.915013000227077],[-77.241575000265456,38.914869999881162],[-77.243448000209256,38.914022000302047],[-77.243832000348803,38.913847999984583],[-77.24459899990471,38.913494999701015],[-77.245379999704284,38.913141000219653],[-77.245799999828861,38.912942999656892],[-77.246905000391877,38.912450000173102],[-77.247932000238748,38.911974999749489],[-77.24938500005797,38.911302000093229],[-77.249740999710127,38.911147999829367],[-77.24998599993252,38.911039999671928],[-77.250252999896205,38.910935999727421],[-77.250560000042867,38.910840999967625],[-77.250893999953703,38.910769000035486],[-77.251411000162662,38.910695000184511],[-77.252098000250911,38.910578999941663],[-77.253001000249256,38.91045199997059],[-77.253760000307523,38.910344000152179],[-77.253941999882414,38.910314000212288],[-77.254162999815335,38.910253000015793],[-77.25446099974117,38.910139999891427],[-77.254649000062159,38.910034999744589],[-77.254666999605504,38.910017000262997],[-77.254691999719867,38.909990999916452],[-77.254844999880731,38.909825999968568]]},"properties":{"NAME":"State Rte 123","BASENAME":"123","MTFCC":"S1200"}},{"type":"Feature","geometry":{"type":"LineString","coordinates":[[-77.273915999800607,38.894629999764838],[-77.273976999899986,38.894621000169231],[-77.274058999915752,38.894600000176247],[-77.274246000411821,38.894482999701879],[-77.275024999663273,38.893905000099885],[-77.27504599957966,38.893889000344018],[-77.275664999895866,38.893406000247843]]},"properties":{"NAME":"Maple Ave W","BASENAME":"Maple","MTFCC":"S1200"}},{"type":"Feature","geometry":{"type":"LineString","coordinates":[[-77.265209999682455,38.901569000121718],[-77.267454000245337,38.899779999773877],[-77.267492999705084,38.899750000263474],[-77.269353999953324,38.898264999916265],[-77.270534999785994,38.8973239996701],[-77.271033999553282,38.89692400017671],[-77.272169000253513,38.8960180003413],[-77.272466000354441,38.895788000208853],[-77.273915999800607,38.894629999764838]]},"properties":{"NAME":"Maple Ave W","BASENAME":"Maple","MTFCC":"S1200"}},{"type":"Feature","geometry":{"type":"LineString","coordinates":[[-77.273915999800607,38.894629999764838],[-77.273910999777755,38.894544999965269],[-77.273951999785623,38.894464999773128],[-77.274074999809272,38.894333999727088],[-77.274848000111248,38.893769999774094],[-77.274868000202758,38.893754999799725],[-77.275546000070179,38.893250999798738]]},"properties":{"NAME":"Maple Ave W","BASENAME":"Maple","MTFCC":"S1200"}},{"type":"Feature","geometry":{"type":"LineString","coordinates":[[-77.275546000070179,38.893250999798738],[-77.276203999846118,38.892786999743279],[-77.276347999786154,38.892668999950963],[-77.276478000380806,38.892555999806042],[-77.276983999820786,38.89216199973233],[-77.277795999582523,38.891491999866197],[-77.278461999754398,38.890958000159806],[-77.278648000425548,38.89080899978201],[-77.279406999585504,38.890167999951068],[-77.281112000198149,38.888848000052882],[-77.281646999950439,38.888407999996659],[-77.281940999678298,38.888171999650858],[-77.282679999645083,38.887577999956115],[-77.283256000303595,38.887140000234517],[-77.283836000261729,38.88667400029243],[-77.28424799999037,38.886357000329987],[-77.284540999893323,38.886134999732491],[-77.284865999583346,38.885916000305969],[-77.285125999874339,38.885756999897033],[-77.285315000020233,38.885649000273865],[-77.285772999779624,38.88547199985662],[-77.286489000180211,38.885196000163049],[-77.287172999895432,38.884923999841696],[-77.287449000079931,38.884817000288521],[-77.288762999982012,38.884297999927512],[-77.289423000306073,38.884025999664424],[-77.291886000253783,38.88307300002117],[-77.292065000353915,38.883005999717945],[-77.292354000058907,38.882904999861537],[-77.292646999961875,38.882811000323223],[-77.292824000412182,38.882744999739849],[-77.292882999963425,38.882722999764816],[-77.293114999767013,38.882675999890814],[-77.293397999624233,38.882634999796757],[-77.293642999846625,38.882598000254454],[-77.293944000145501,38.882584999957054],[-77.294318000239301,38.882571999657316],[-77.295113000282598,38.882579000141781],[-77.295493000224198,38.88258000011102],[-77.295735000073535,38.882582000049474],[-77.295931999717027,38.882566999810379],[-77.296291999567131,38.882543999810544],[-77.296688000300577,38.882499999729291],[-77.297095999831257,38.882424999813992],[-77.297483000343874,38.882329999667839],[-77.297838000171112,38.88222299970446],[-77.298196000371405,38.882106999797394],[-77.29880800011658,38.881879000030956],[-77.299449000174093,38.881594999801628],[-77.300045999850667,38.881319999719139],[-77.300209000057293,38.881232000111304],[-77.300839000244139,38.88093700017793],[-77.30155100044675,38.880552999973155],[-77.302492000079909,38.879936000067609],[-77.303595000094788,38.879178000222694],[-77.303912000287184,38.878954000230053],[-77.304191999771348,38.878746999927557],[-77.304472000153851,38.878511999684392],[-77.30474800033835,38.878227999984176],[-77.305088999921907,38.877823999804292],[-77.305699999842176,38.877095999809725],[-77.305915999752244,38.876847999753132],[-77.30617100002037,38.87656000018049],[-77.306330999853941,38.87637100022004],[-77.306402999823959,38.876271000082056],[-77.306705999772674,38.875955999986445],[-77.307188999646428,38.875428000011588],[-77.307474999876689,38.875072000113832],[-77.307654999801755,38.874846000310285],[-77.307705000030467,38.874772000088484],[-77.307827000229196,38.874573000149333],[-77.307932999636094,38.874360999949083],[-77.307992000085648,38.874217000164982],[-77.308081999599011,38.873963000009439],[-77.308114000284377,38.873803000034727],[-77.30829699968416,38.873285999852719],[-77.308432000301693,38.872964999887301],[-77.308489000203096,38.872818999859135],[-77.308652000409708,38.872262999956952],[-77.308750000319009,38.871894000136521],[-77.308789999603675,38.871796000235676],[-77.30886699959656,38.871429999768196],[-77.308940000289809,38.8709260001446],[-77.308951000160462,38.870790000077982],[-77.308957999833169,38.870709999711515],[-77.30897499955158,38.870504000014542],[-77.308989999620209,38.870035999781187],[-77.30898799997037,38.869872000165898],[-77.308966000229077,38.86963400019625],[-77.308934000442022,38.86913499982122],[-77.308917999650191,38.869002999766863],[-77.308910999977485,38.868942999915497],[-77.308905999954618,38.86890500007668],[-77.308893000434139,38.868810000041044],[-77.308876999642294,38.868689999961802],[-77.308830999611544,38.868423000247766],[-77.308779999557913,38.868189999782665],[-77.308732999702258,38.867954000127042],[-77.308674999975935,38.867733000263726],[-77.308584999564246,38.867450000337556],[-77.308495999875802,38.867205000052664],[-77.307740000190563,38.865206999834633],[-77.30752599993032,38.864678000226469],[-77.307464000006036,38.864439999654536],[-77.307417999975286,38.864162999881131],[-77.307388999662962,38.863850999982937],[-77.307362999723708,38.863190999964267]]},"properties":{"NAME":"Chain Bridge Rd","BASENAME":"Chain Bridge","MTFCC":"S1200"}},{"type":"Feature","geometry":{"type":"LineString","coordinates":[[-77.275664999895866,38.893406000247843],[-77.276157999815368,38.893023999960462],[-77.276447000418671,38.892801000096718],[-77.276649999909949,38.892631000213107],[-77.277275999898833,38.892113000139972],[-77.278105000277336,38.891431000278317],[-77.279444000293751,38.890298000129107],[-77.279523999761352,38.890237000215045],[-77.279573999990092,38.890203000022403],[-77.281014000288835,38.889078000284819],[-77.281525999576601,38.888681000147443],[-77.281766999601018,38.888506999949783],[-77.282019000394428,38.888299000319577],[-77.282805000216882,38.887687000040259],[-77.283877000269612,38.886833999956956],[-77.284230000447025,38.886536999681518],[-77.284539000243512,38.886293000077764],[-77.284811000230079,38.886100999674248],[-77.28521100026316,38.885856000048307],[-77.285371000096731,38.885768999689638],[-77.285722999550913,38.88561599990949],[-77.28623200026226,38.885437000251265],[-77.287025999582326,38.885118999730437],[-77.288220999658705,38.884649000057166],[-77.288930000386586,38.884380000270419],[-77.290180999641137,38.88387900003228],[-77.292174999958775,38.883084000304969],[-77.292909999727598,38.882850999650948],[-77.29315300030018,38.882755000107622],[-77.293412999692862,38.882725999666491],[-77.293717000364794,38.882707000287333],[-77.294032999833959,38.882699999815479],[-77.294328000285063,38.882708000254773],[-77.29594000011295,38.882686000268336],[-77.296889000142031,38.882576000233954],[-77.297371000190864,38.882480000319006],[-77.297778999721572,38.882366000076807],[-77.297874000156114,38.882338000148806],[-77.298279000212062,38.882203000216258],[-77.298639000062181,38.882071999932947],[-77.299090999973799,38.881887999842384],[-77.299465999892533,38.881716999733889],[-77.300267999608522,38.881331000274344],[-77.300838000419233,38.881059999832054],[-77.301132999972012,38.880913999650453],[-77.30189600022824,38.880476000102981],[-77.303697000202035,38.879263000228626],[-77.304118999976424,38.878971999893402],[-77.304297000251651,38.878835999837598],[-77.304466000306064,38.878693000053538],[-77.304627999789446,38.878542999799627],[-77.304763000406979,38.878407000321452],[-77.305122000432178,38.877988999987302],[-77.305215000318597,38.877879999710174],[-77.305340999816963,38.877754000034756],[-77.305871000444711,38.87717800007227],[-77.306542999566048,38.876347000255706],[-77.307535999976054,38.875242000055657],[-77.307580000356978,38.875179999729042],[-77.307638000083315,38.875112000301272],[-77.30791900029071,38.874702000110162],[-77.308033999918436,38.87449500001064],[-77.308131999827722,38.874274000201801],[-77.308409999662075,38.873569000323499],[-77.308776000258263,38.872585999815676],[-77.308884000213311,38.872086999881638],[-77.309028999978267,38.871411000166361],[-77.309060999765308,38.871208000091258],[-77.309096999750324,38.870906999708644],[-77.309109000344208,38.870767999898767],[-77.3091160000169,38.87068399966045],[-77.30913399956026,38.870471999750045],[-77.309150000352091,38.870057000041498],[-77.309147999803955,38.869797999661216],[-77.309140000306343,38.869629000138374],[-77.309114000367074,38.869101000021431],[-77.309097999575243,38.868966000120935],[-77.309091999727457,38.868911000347076],[-77.309055999742441,38.86865400031818],[-77.308957999833169,38.868145999906297],[-77.308736000075299,38.86736299982492],[-77.308712999610762,38.867297999766386],[-77.308659000082415,38.86714100003617],[-77.307773999627429,38.864818000273075],[-77.307658000174797,38.864445000077332],[-77.307619999641645,38.864256000076914],[-77.307572999785975,38.863898999948759],[-77.307536999800973,38.863399000347286],[-77.307546000021802,38.863178000313596]]},"properties":{"NAME":"Chain Bridge Rd","BASENAME":"Chain Bridge","MTFCC":"S1200"}},{"type":"Feature","geometry":{"type":"LineString","coordinates":[[-77.273915999800607,38.894629999764838],[-77.273976999899986,38.894621000169231],[-77.274058999915752,38.894600000176247],[-77.274246000411821,38.894482999701879],[-77.275024999663273,38.893905000099885],[-77.27504599957966,38.893889000344018],[-77.275664999895866,38.893406000247843],[-77.276157999815368,38.893023999960462],[-77.276447000418671,38.892801000096718],[-77.276649999909949,38.892631000213107],[-77.277275999898833,38.892113000139972],[-77.278105000277336,38.891431000278317],[-77.279444000293751,38.890298000129107],[-77.279523999761352,38.890237000215045],[-77.279573999990092,38.890203000022403],[-77.281014000288835,38.889078000284819],[-77.281525999576601,38.888681000147443],[-77.281766999601018,38.888506999949783],[-77.282019000394428,38.888299000319577],[-77.282805000216882,38.887687000040259],[-77.283877000269612,38.886833999956956],[-77.284230000447025,38.886536999681518],[-77.284539000243512,38.886293000077764],[-77.284811000230079,38.886100999674248],[-77.28521100026316,38.885856000048307],[-77.285371000096731,38.885768999689638],[-77.285722999550913,38.88561599990949],[-77.28623200026226,38.885437000251265],[-77.287025999582326,38.885118999730437],[-77.288220999658705,38.884649000057166],[-77.288930000386586,38.884380000270419],[-77.290180999641137,38.88387900003228],[-77.292174999958775,38.883084000304969],[-77.292909999727598,38.882850999650948],[-77.29315300030018,38.882755000107622],[-77.293412999692862,38.882725999666491],[-77.293717000364794,38.882707000287333],[-77.294032999833959,38.882699999815479],[-77.294328000285063,38.882708000254773],[-77.29594000011295,38.882686000268336],[-77.296889000142031,38.882576000233954],[-77.297371000190864,38.882480000319006],[-77.297778999721572,38.882366000076807],[-77.297874000156114,38.882338000148806],[-77.298279000212062,38.882203000216258],[-77.298639000062181,38.882071999932947],[-77.299090999973799,38.881887999842384],[-77.299465999892533,38.881716999733889],[-77.300267999608522,38.881331000274344],[-77.300838000419233,38.881059999832054],[-77.301132999972012,38.880913999650453],[-77.30189600022824,38.880476000102981],[-77.303697000202035,38.879263000228626],[-77.304118999976424,38.878971999893402],[-77.304297000251651,38.878835999837598],[-77.304466000306064,38.878693000053538],[-77.304627999789446,38.878542999799627],[-77.304763000406979,38.878407000321452],[-77.305122000432178,38.877988999987302],[-77.305215000318597,38.877879999710174],[-77.305340999816963,38.877754000034756],[-77.305871000444711,38.87717800007227],[-77.306542999566048,38.876347000255706],[-77.307535999976054,38.875242000055657],[-77.307580000356978,38.875179999729042],[-77.307638000083315,38.875112000301272],[-77.30791900029071,38.874702000110162],[-77.308033999918436,38.87449500001064],[-77.308131999827722,38.874274000201801],[-77.308409999662075,38.873569000323499],[-77.308776000258263,38.872585999815676],[-77.308884000213311,38.872086999881638],[-77.309028999978267,38.871411000166361],[-77.309060999765308,38.871208000091258],[-77.309096999750324,38.870906999708644],[-77.309109000344208,38.870767999898767],[-77.3091160000169,38.87068399966045],[-77.30913399956026,38.870471999750045],[-77.309150000352091,38.870057000041498],[-77.309147999803955,38.869797999661216],[-77.309140000306343,38.869629000138374],[-77.309114000367074,38.869101000021431],[-77.309097999575243,38.868966000120935],[-77.309091999727457,38.868911000347076],[-77.309055999742441,38.86865400031818],[-77.308957999833169,38.868145999906297],[-77.308736000075299,38.86736299982492],[-77.308712999610762,38.867297999766386],[-77.308659000082415,38.86714100003617],[-77.307773999627429,38.864818000273075],[-77.307658000174797,38.864445000077332],[-77.307619999641645,38.864256000076914],[-77.307572999785975,38.863898999948759],[-77.307536999800973,38.863399000347286],[-77.307546000021802,38.863178000313596]]},"properties":{"NAME":"State Rte 123","BASENAME":"123","MTFCC":"S1200"}},{"type":"Feature","geometry":{"type":"LineString","coordinates":[[-77.273915999800607,38.894629999764838],[-77.273910999777755,38.894544999965269],[-77.273951999785623,38.894464999773128],[-77.274074999809272,38.894333999727088],[-77.274848000111248,38.893769999774094],[-77.274868000202758,38.893754999799725],[-77.275546000070179,38.893250999798738],[-77.276203999846118,38.892786999743279],[-77.276347999786154,38.892668999950963],[-77.276478000380806,38.892555999806042],[-77.276983999820786,38.89216199973233],[-77.277795999582523,38.891491999866197],[-77.278461999754398,38.890958000159806],[-77.278648000425548,38.89080899978201],[-77.279406999585504,38.890167999951068],[-77.281112000198149,38.888848000052882],[-77.281646999950439,38.888407999996659],[-77.281940999678298,38.888171999650858],[-77.282679999645083,38.887577999956115],[-77.283256000303595,38.887140000234517],[-77.283836000261729,38.88667400029243],[-77.28424799999037,38.886357000329987],[-77.284540999893323,38.886134999732491],[-77.284865999583346,38.885916000305969],[-77.285125999874339,38.885756999897033],[-77.285315000020233,38.885649000273865],[-77.285772999779624,38.88547199985662],[-77.286489000180211,38.885196000163049],[-77.287172999895432,38.884923999841696],[-77.287449000079931,38.884817000288521],[-77.288762999982012,38.884297999927512],[-77.289423000306073,38.884025999664424],[-77.291886000253783,38.88307300002117],[-77.292065000353915,38.883005999717945],[-77.292354000058907,38.882904999861537],[-77.292646999961875,38.882811000323223],[-77.292824000412182,38.882744999739849],[-77.292882999963425,38.882722999764816],[-77.293114999767013,38.882675999890814],[-77.293397999624233,38.882634999796757],[-77.293642999846625,38.882598000254454],[-77.293944000145501,38.882584999957054],[-77.294318000239301,38.882571999657316],[-77.295113000282598,38.882579000141781],[-77.295493000224198,38.88258000011102],[-77.295735000073535,38.882582000049474],[-77.295931999717027,38.882566999810379],[-77.296291999567131,38.882543999810544],[-77.296688000300577,38.882499999729291],[-77.297095999831257,38.882424999813992],[-77.297483000343874,38.882329999667839],[-77.297838000171112,38.88222299970446],[-77.298196000371405,38.882106999797394],[-77.29880800011658,38.881879000030956],[-77.299449000174093,38.881594999801628],[-77.300045999850667,38.881319999719139],[-77.300209000057293,38.881232000111304],[-77.300839000244139,38.88093700017793],[-77.30155100044675,38.880552999973155],[-77.302492000079909,38.879936000067609],[-77.303595000094788,38.879178000222694],[-77.303912000287184,38.878954000230053],[-77.304191999771348,38.878746999927557],[-77.304472000153851,38.878511999684392],[-77.30474800033835,38.878227999984176],[-77.305088999921907,38.877823999804292],[-77.305699999842176,38.877095999809725],[-77.305915999752244,38.876847999753132],[-77.30617100002037,38.87656000018049],[-77.306330999853941,38.87637100022004],[-77.306402999823959,38.876271000082056],[-77.306705999772674,38.875955999986445],[-77.307188999646428,38.875428000011588],[-77.307474999876689,38.875072000113832],[-77.307654999801755,38.874846000310285],[-77.307705000030467,38.874772000088484],[-77.307827000229196,38.874573000149333],[-77.307932999636094,38.874360999949083],[-77.307992000085648,38.874217000164982],[-77.308081999599011,38.873963000009439],[-77.308114000284377,38.873803000034727],[-77.30829699968416,38.873285999852719],[-77.308432000301693,38.872964999887301],[-77.308489000203096,38.872818999859135],[-77.308652000409708,38.872262999956952],[-77.308750000319009,38.871894000136521],[-77.308789999603675,38.871796000235676],[-77.30886699959656,38.871429999768196],[-77.308940000289809,38.8709260001446],[-77.308951000160462,38.870790000077982],[-77.308957999833169,38.870709999711515],[-77.30897499955158,38.870504000014542],[-77.308989999620209,38.870035999781187],[-77.30898799997037,38.869872000165898],[-77.308966000229077,38.86963400019625],[-77.308934000442022,38.86913499982122],[-77.308917999650191,38.869002999766863],[-77.308910999977485,38.868942999915497],[-77.308905999954618,38.86890500007668],[-77.308893000434139,38.868810000041044],[-77.308876999642294,38.868689999961802],[-77.308830999611544,38.868423000247766],[-77.308779999557913,38.868189999782665],[-77.308732999702258,38.867954000127042],[-77.308674999975935,38.867733000263726],[-77.308584999564246,38.867450000337556],[-77.308495999875802,38.867205000052664],[-77.307740000190563,38.865206999834633],[-77.30752599993032,38.864678000226469],[-77.307464000006036,38.864439999654536],[-77.307417999975286,38.864162999881131],[-77.307388999662962,38.863850999982937],[-77.307362999723708,38.863190999964267]]},"properties":{"NAME":"State Rte 123","BASENAME":"123","MTFCC":"S1200"}},{"type":"Feature","geometry":{"type":"LineString","coordinates":[[-77.273915999800607,38.894629999764838],[-77.272466000354441,38.895788000208853],[-77.272169000253513,38.8960180003413],[-77.271033999553282,38.89692400017671],[-77.270534999785994,38.8973239996701],[-77.269353999953324,38.898264999916265],[-77.267492999705084,38.899750000263474],[-77.267454000245337,38.899779999773877],[-77.265209999682455,38.901569000121718],[-77.26412299956111,38.90243899973806],[-77.263991000214943,38.90254399993507],[-77.263894999955482,38.902620999654665],[-77.263855999597411,38.902651999736079],[-77.263764000434222,38.902724000211208],[-77.263623999793836,38.902835999873034],[-77.262824999552592,38.903474999969639],[-77.26097199970026,38.904953999688871],[-77.26095499998182,38.904967000086749],[-77.258866999952858,38.906634000193186],[-77.257982000396197,38.90733800020125],[-77.257869000418296,38.907428000261028],[-77.256782000296951,38.908289000121499],[-77.255579999649569,38.909246000243087],[-77.254844999880731,38.909825999968568]]},"properties":{"NAME":"State Rte 123","BASENAME":"123","MTFCC":"S1200"}},{"type":"Feature","geometry":{"type":"LineString","coordinates":[[-77.254844999880731,38.909825999968568],[-77.2545889997877,38.909968999992174],[-77.254562999848432,38.909987000184906],[-77.25447300033504,38.910029000150914],[-77.254290999861865,38.910097999991152],[-77.254109000286988,38.910149999897328],[-77.253925000163974,38.910199000325193],[-77.253741999865866,38.91023499989047],[-77.252439999659359,38.910410999832365],[-77.251446000322758,38.910554999650827],[-77.251112000411922,38.910610000043206],[-77.250883000083078,38.910646999673162],[-77.250553000370175,38.910718999728999],[-77.25034900015568,38.910775999837938],[-77.250141999568129,38.910844999651047],[-77.250074999620992,38.910868999843828],[-77.249674999587896,38.911037000267136],[-77.249282000125817,38.911218999810963],[-77.247401999611014,38.91207199989563],[-77.246819000178149,38.912337000051473],[-77.246703999652084,38.91238800016577],[-77.245716999988176,38.912835000133754],[-77.24549600005524,38.912937999850861],[-77.245285000168053,38.913027000259653],[-77.244502999645221,38.913392000093303],[-77.244027000342484,38.91361700006091],[-77.243389999584622,38.913923000270138],[-77.243283000352818,38.913969999737688],[-77.241672000349837,38.914686000180438],[-77.241155000140878,38.914921999786145],[-77.240991999934266,38.914989000037608],[-77.240477000273444,38.915202000124779],[-77.239780000139447,38.91547099989895],[-77.239014000408488,38.915763999986865],[-77.237358000199649,38.91631999983133],[-77.236841999815624,38.916533000117397],[-77.236259000382759,38.916730000262405],[-77.235866999847261,38.916865000269567],[-77.23578900002947,38.916891999680999],[-77.235645000089406,38.916948000239678],[-77.235527999913558,38.916989000096429],[-77.235399000042122,38.917029999929547],[-77.234578000059571,38.917321000212119],[-77.234203999965757,38.917479999847927],[-77.23392699995631,38.917617000175973],[-77.233382999983178,38.917888999696494],[-77.233242000416197,38.917983999807589],[-77.233023000133073,38.918115000252442],[-77.232807000223019,38.918232000226546],[-77.232419999710402,38.918422000102012],[-77.232202999975428,38.918513000248481],[-77.231961000126091,38.918622999839585],[-77.23162800004016,38.918761000216477],[-77.231403999734184,38.91882899979705],[-77.231354000403783,38.918846999839523],[-77.231216000311505,38.918885999683035],[-77.230915999837535,38.918966999773311],[-77.230513000329722,38.919069000221398],[-77.230001000143645,38.919166999910836],[-77.229836000287207,38.919188000325889],[-77.229559000277774,38.919232000043827],[-77.229006000083814,38.919307999682999],[-77.228867000166645,38.919332999960346],[-77.228421999927718,38.919397999941275],[-77.227882000152547,38.919493000128902],[-77.227681000311108,38.919524999979501],[-77.227309999692025,38.91958499974794],[-77.22677300028991,38.919656999822436],[-77.226225999943736,38.919716000032828],[-77.225018000346864,38.91988600006863],[-77.224624000161583,38.919937000349414],[-77.223802000354112,38.920025999668951],[-77.223617000406179,38.920057999978162],[-77.22344699962855,38.9200740001273],[-77.223063000387313,38.920080999710954],[-77.222890999959859,38.920094000134],[-77.221695000058574,38.920156999838596],[-77.221238000124075,38.920170000247722],[-77.220326999729835,38.920219000047965],[-77.219400000340386,38.920368000216854],[-77.219237000133759,38.920418000015836],[-77.218856000367254,38.920550000294185],[-77.218359000249791,38.920724000254175],[-77.218140999791572,38.920814000114262],[-77.216816999843786,38.921354999795163],[-77.216718999934486,38.921393999657987],[-77.216641999941601,38.921423999806713],[-77.216579000192411,38.921450000158252],[-77.216350999688459,38.921542000035537],[-77.216165999740525,38.921616999877564],[-77.216082999899854,38.921650000286157],[-77.215919999693241,38.921715999659526],[-77.215856999944052,38.921741999904114],[-77.215424000298995,38.921916999850836],[-77.215317000168866,38.921959999859531],[-77.21500099980139,38.922093000176588],[-77.214481000117701,38.922296000216697],[-77.214079000434793,38.922446000324136],[-77.213465000141468,38.922685999696704],[-77.212877999612346,38.922928999955303],[-77.21243200044681,38.923126999913045],[-77.210577000046342,38.923844000304001],[-77.210265999701747,38.923949999674861],[-77.209746000018043,38.924138000147451],[-77.209416000305168,38.924275000200353],[-77.209175000280752,38.924381000325027],[-77.209068999975543,38.924434000327928],[-77.209016000272072,38.924457000039979],[-77.208847000217673,38.924542999748027],[-77.208776000072575,38.924572999962955],[-77.208273000107326,38.924814999974863],[-77.208114000098661,38.924891999996127],[-77.207950999892049,38.924980000017982],[-77.207361999713086,38.925402000114659],[-77.207252000108213,38.92550499976214],[-77.205933000183293,38.926543000285278],[-77.205761999580744,38.926670000113717],[-77.205595999899387,38.926820000058463],[-77.20527500040734,38.927134000266946],[-77.204051000018652,38.928149000110757],[-77.203886000162214,38.928286000105061],[-77.203559999748975,38.928544999687531],[-77.203360999557361,38.92870400002851],[-77.203113999685144,38.928899999910058],[-77.202983000163897,38.929004000083673],[-77.202931000285361,38.929045999976168],[-77.20147900029103,38.930128000347523],[-77.200997000242168,38.930463999756199],[-77.200874000218533,38.930539999942454],[-77.200743999623882,38.930598000195346],[-77.199483000323568,38.931252000270312],[-77.199090999788098,38.931455999938109],[-77.198771000120956,38.931583000055021],[-77.197678999976745,38.932022000226063],[-77.196410000280537,38.932457999879325],[-77.195498999886283,38.932803999738574],[-77.194000999861203,38.93340500018747],[-77.19260599976829,38.933971000295003],[-77.190978000046869,38.934626999884273],[-77.190491999800045,38.934819999673394],[-77.189299000271816,38.935340000336289],[-77.186294999825762,38.936534999920639],[-77.185380999956763,38.936945000225514],[-77.185210000252539,38.937015000347422],[-77.184954000159507,38.937118999802024],[-77.184662999906379,38.937237999676199],[-77.184453999668989,38.937319999672894],[-77.184113999910366,38.937459999806016],[-77.183949000053929,38.937531000012406],[-77.18376699958074,38.937616000047989],[-77.182825999947568,38.938048000002006],[-77.182548000113229,38.938178999733296],[-77.18227100010381,38.938315000035693],[-77.181578000167761,38.938633999757556],[-77.180807000413893,38.939000999670853],[-77.180680000192297,38.939053000057051],[-77.180254000219946,38.939247000247668],[-77.180230999755409,38.939257000343936],[-77.179557999910855,38.939572999725591],[-77.179158999702679,38.939728000346939],[-77.178757999844692,38.939871000200455],[-77.178587999965373,38.939936000229089],[-77.1784690001397,38.939982999933193],[-77.178326000024555,38.940027999888315],[-77.178177000061638,38.940086000067787],[-77.177457000361414,38.940265000298425],[-77.177274000063306,38.940296000007528],[-77.177055999605116,38.940338000200342],[-77.176809999557804,38.940372000138545],[-77.176166999850494,38.9404449999303],[-77.175909999932529,38.940472000150073],[-77.175669999733032,38.940488999739728],[-77.175458999845816,38.940515999942797],[-77.175253999806415,38.940533000220626],[-77.175223999669186,38.940535999775989],[-77.174949000207903,38.940576999975441],[-77.174836000229988,38.940590000135998],[-77.174686000442165,38.940615999751181],[-77.174288000058908,38.940707000076173],[-77.174083000019479,38.940755999665271],[-77.173592999574723,38.940846999810582],[-77.173140999663104,38.940973999879525],[-77.173082999936781,38.94098699996723],[-77.172188000334373,38.941225999650875],[-77.171947000309942,38.941299999801785],[-77.171743999920366,38.941356999799275],[-77.170923999762721,38.94157100021441],[-77.17068299973829,38.941639000289463],[-77.170179999773055,38.941751999858923],[-77.169932000075931,38.941822999960053],[-77.169306999911953,38.941985000072158],[-77.169244999987669,38.941993999951066],[-77.169214000025534,38.942010999874519],[-77.169141000230596,38.942026000132429],[-77.168792000251145,38.942116000215634],[-77.168648000311094,38.942162999872053],[-77.168440999723529,38.942231000078031],[-77.167984999613978,38.942356999937914],[-77.167496999717329,38.942500000078844],[-77.167442000364076,38.942512000062848],[-77.167315999967371,38.942543000186944],[-77.167196000316778,38.942566000315317],[-77.167060999699231,38.942596999717047],[-77.166982999881427,38.942607999862133],[-77.166596000267148,38.942634000134731],[-77.166506999680365,38.942634999956915],[-77.166381000181985,38.942630999969417],[-77.166204999556584,38.9426190000055],[-77.166044999722999,38.942603999873107],[-77.165853000102402,38.942572999775734],[-77.165043999815396,38.942457999769303],[-77.164502000390399,38.9424000001328],[-77.163941999625436,38.942332999915358],[-77.163084999657869,38.942243000107617],[-77.162919999801431,38.942222000229208],[-77.162437999752584,38.94217099989968],[-77.161974000145406,38.942136000296216],[-77.161493999746369,38.942113999857888],[-77.161031999789017,38.942104999994214],[-77.16045699985375,38.94211200019879],[-77.160288999624257,38.942118999704029],[-77.159860000177162,38.942144000326849],[-77.159409999915368,38.942185000295169],[-77.15897499972219,38.942238000270216],[-77.158660999902835,38.942284999845768],[-77.158219000036951,38.942340000097424],[-77.158081999769607,38.942364999943671],[-77.157897999646579,38.94239900030729],[-77.157487999567778,38.942460000117336],[-77.157191000365145,38.942520000051111],[-77.155573999616081,38.94276700011708],[-77.15490999999237,38.942853999802495],[-77.154680999663498,38.942883000139645],[-77.153304999837161,38.943091999665128],[-77.153088999927093,38.943112000169094],[-77.152298000081771,38.943247000279293],[-77.151930999660635,38.94330300029609],[-77.151580000031359,38.94335099967649],[-77.151441999939109,38.943370000295573],[-77.151072000043243,38.943420999762608],[-77.150059000440066,38.943571999723027],[-77.14973999969952,38.943622999743397],[-77.149214000168044,38.943723999867316],[-77.149118999733503,38.94373700014954],[-77.148779999799771,38.943773000166146],[-77.148424999972534,38.943795999895499],[-77.148075999993083,38.943803999738876],[-77.147705000272325,38.943796999701306],[-77.14759700031729,38.943783000322775],[-77.147400999600393,38.943755999966491],[-77.147244999964784,38.943744000193036],[-77.146695000143865,38.943694999874154],[-77.146476999685675,38.943669999798196],[-77.146121000033531,38.943629999798155],[-77.145531999854541,38.943548000111704],[-77.145367999823023,38.943519000046507],[-77.144999999576982,38.943442999795366],[-77.144638000077052,38.94335299999927],[-77.144294000120453,38.943252999859013],[-77.143747999599213,38.943081000293837],[-77.143447000198634,38.942998999972424],[-77.142986999891093,38.942837000081163],[-77.142750000064638,38.942760999797542],[-77.142586000033106,38.942698999726538],[-77.140816999846393,38.942109999840994],[-77.139359999829182,38.941581999819967],[-77.13784199971262,38.940962000333876],[-77.137486000060463,38.940804000071275],[-77.137377000280523,38.940755999665271],[-77.136080999921802,38.94016400013799],[-77.135870000034615,38.940071000098165],[-77.135798999889502,38.94003899973324],[-77.135525000253125,38.939917000087128],[-77.135155000357258,38.939742999690395],[-77.135044999854102,38.939679000047384],[-77.134936000074163,38.939617000076183],[-77.134597000140417,38.939461999910918],[-77.134406000344725,38.93938100016306],[-77.134120000114464,38.939243999939038],[-77.133927999595514,38.939139000235862],[-77.133785000378694,38.939066999670779],[-77.133608999753278,38.938982999850772],[-77.133454999767508,38.938909000076606],[-77.133031000343294,38.938706999941139],[-77.132841000372494,38.938635000334891],[-77.132730999869324,38.93860599965759],[-77.132600000348063,38.938564999715929],[-77.13246700027868,38.938522999870386]]},"properties":{"NAME":"State Rte 123","BASENAME":"123","MTFCC":"S1200"}},{"type":"Feature","geometry":{"type":"LineString","coordinates":[[-77.371103000234271,39.014479999823642],[-77.370909999890429,39.014379000067208],[-77.37080100011049,39.014322000189345],[-77.370785000216941,39.014312000218283],[-77.370617999812382,39.014222999924961],[-77.370372999589989,39.014093000008849],[-77.369409000390604,39.013605000006272],[-77.368657999829935,39.013224000225101],[-77.368566999593341,39.013180000217076],[-77.367748000158926,39.012818999910834],[-77.364003999921124,39.010853000287277],[-77.363889000293398,39.010760999756648],[-77.363757000048921,39.010693999970229],[-77.363420999589934,39.010504999865873],[-77.361450999561768,39.009415999663737],[-77.360356999767745,39.008810999829684],[-77.360216000200722,39.008732999942936],[-77.359293999935829,39.008227999865674],[-77.357834000443901,39.00739299980436],[-77.3561740000371,39.006443000195993],[-77.355242999551379,39.005909000166994],[-77.354034000129616,39.005239000256545],[-77.353147999849725,39.004746999923938],[-77.349977999722299,39.003001999687982],[-77.345973000266909,39.00101199976617],[-77.345341000430267,39.000693999910077],[-77.345236999774855,39.000640999678708],[-77.343784999780524,38.999906000030677],[-77.343321000173347,38.999615999830908],[-77.342593999902121,38.999114000161292],[-77.341464999947988,38.998324999706092],[-77.34041800000962,38.997594999857135],[-77.339521999683981,38.996942000110273],[-77.338444999608384,38.996196999998922],[-77.338083999933346,38.995948000235195],[-77.337217999744965,38.99536300013574],[-77.336873999788367,38.995099999819658],[-77.33638000004396,38.994727999668015],[-77.336265000416233,38.994648000040534],[-77.335533999947046,38.99413600000404],[-77.334923999851682,38.993724000023143],[-77.333234000205977,38.992528000000995],[-77.33239200030701,38.991872000101559],[-77.330834000007485,38.99065800024033],[-77.330476999632111,38.990375000168122],[-77.330275999790658,38.990197999829071],[-77.329546000044687,38.989663000219807],[-77.329356999898806,38.989546000110956],[-77.328706999620465,38.989159000037958],[-77.328152999601599,38.988840999980198],[-77.327935999866611,38.98871799998966],[-77.326461000306068,38.987871999986332],[-77.32576099979903,38.98746699976337],[-77.32495499988508,38.986998999707637],[-77.324743000172973,38.986861000165725],[-77.324575999768399,38.986747999905411],[-77.324441000049191,38.986643999957494],[-77.324082000023978,38.986379000252157],[-77.323850000220389,38.986181000275408],[-77.323583000256704,38.985941999978351],[-77.323298999676254,38.985665999995696],[-77.323052999628956,38.985419000022297],[-77.322829000221276,38.985152000079594],[-77.322525000447669,38.984745999730237],[-77.322132999912185,38.984223000015838],[-77.320805999591329,38.982291999718626],[-77.320352999854805,38.981670000298955],[-77.319900999943201,38.981122000074741],[-77.319577000078084,38.980764000234743],[-77.319229999748458,38.98043300034039],[-77.318834999738257,38.980084999732256],[-77.318623999851042,38.979891000288134],[-77.318095999771444,38.979483999795391],[-77.317587999783328,38.979123000036004],[-77.317062000251866,38.978789000120557],[-77.31687099955785,38.978688999701426],[-77.316410000323714,38.978435999735218],[-77.315955000039054,38.978195999809572],[-77.315140999729181,38.977777999777693],[-77.314123999928029,38.977314000043513],[-77.313047999677337,38.976937999846918],[-77.310179999673707,38.976107000164355],[-77.307080999691394,38.975225000218231],[-77.305678000100869,38.974818000142427],[-77.304964000248418,38.97456500031312],[-77.304534000078121,38.974392999915786],[-77.303983000432297,38.974130999977653],[-77.303756999578169,38.974017999651792],[-77.302919999702084,38.973537999768645],[-77.302061999909597,38.973054999849843],[-77.300968000115574,38.972432000201479],[-77.298288000432905,38.970916000323832],[-77.297681999637177,38.970547999997805],[-77.296499000154697,38.969886999672333],[-77.296403999720127,38.969832999980767],[-77.293591999792994,38.968246999705975],[-77.29285200000129,38.967901999770177],[-77.292600999931125,38.967799000243012],[-77.292409000310499,38.967723999652293],[-77.292166999562852,38.967639000097407],[-77.291410999877613,38.967357999848709],[-77.28996999975395,38.966842000073392],[-77.287921999907951,38.966116999867069],[-77.287860999808601,38.966094999887424],[-77.287798999884302,38.966075000280917],[-77.286819999718006,38.965726000162448],[-77.286002000108482,38.965432999715944],[-77.285581999983918,38.965281000027169],[-77.285223999783639,38.965158000316016],[-77.28431099973956,38.964831999758857],[-77.284171999822391,38.964767999717566],[-77.283791000055899,38.96457499973404],[-77.283637999895006,38.964492999831606],[-77.283447999924206,38.964380000193877],[-77.283138000302813,38.964170999875883],[-77.28208799999139,38.963410999998743],[-77.281827999700397,38.963220999803326],[-77.280374999881175,38.962142000139721],[-77.279618000371016,38.961612000042429],[-77.279461999837096,38.961500000255114],[-77.279165999561087,38.96131900004368],[-77.278168999851417,38.960590000222247],[-77.276884000261688,38.959624000025983],[-77.276558999673369,38.959402000145907],[-77.275633000108812,38.958730999753953],[-77.274673000209077,38.958017999821905],[-77.272498000141482,38.956551999697453],[-77.271542000439709,38.955937999710528],[-77.270363000256864,38.95518499985112],[-77.269336000409965,38.954520000067625],[-77.268688999606368,38.954108000081796],[-77.266860000043494,38.952929000198957],[-77.266486999774585,38.952692999888754],[-77.264736999854435,38.951588000110299],[-77.264361999935716,38.95135099982712],[-77.263500999770173,38.950804000148374],[-77.262802999811271,38.950360000319336],[-77.262196000088935,38.949920999799382],[-77.261874999698577,38.949671000339478],[-77.26172800028381,38.949538999760357],[-77.261247999884773,38.949103000334702],[-77.260322000320244,38.948180000225641],[-77.259939999830507,38.947797999886362],[-77.259585000003256,38.94743700002023],[-77.25933200028328,38.947179999780992],[-77.259232999650763,38.947081999667319],[-77.259107000152383,38.946957000280975],[-77.258434000307815,38.94628900013705],[-77.25769299979288,38.945553000237254],[-77.257402000438063,38.945277000051512],[-77.257327000094989,38.945201000287597],[-77.255516999900379,38.943375000053138],[-77.255094000301057,38.942948000201824],[-77.253637000283874,38.941463000248874],[-77.253255999619043,38.941077999816073],[-77.253160000257893,38.940956999707424],[-77.25227300015311,38.940052999850984],[-77.252147999581325,38.939937999949564],[-77.251914000127897,38.939699000116718],[-77.250832000029433,38.938592999832075],[-77.249701000425475,38.937427999660201],[-77.249307000240179,38.937042999678098],[-77.249149999881325,38.936881000153413],[-77.248697000144801,38.936427999880543],[-77.24868000042639,38.936389999807808],[-77.248641000068318,38.936336999654024],[-77.248005000033672,38.935684000270342],[-77.247981999569134,38.935628999746989],[-77.247693999689048,38.935360000231888],[-77.247619000244299,38.935288999948064],[-77.247208000340564,38.934868999836766],[-77.247072999723031,38.934751000113238],[-77.246825000025922,38.934494999943283],[-77.246674000413179,38.93434099970159],[-77.246471999848495,38.934133000178363],[-77.246310000365114,38.93396699981875],[-77.245706000117522,38.933349000039904],[-77.245236999589153,38.932868999955993],[-77.244834999906246,38.932466000303108],[-77.244695000164171,38.932315999719187],[-77.244555000422082,38.932166000215638],[-77.242922999604389,38.930498000235808],[-77.242575000348154,38.930120999658662],[-77.242433000057929,38.929962999699512],[-77.24201200010846,38.929529000097133],[-77.24173099990108,38.929269999914553],[-77.241571000067495,38.929096999961935],[-77.241283000187394,38.928807999790656],[-77.241000000330175,38.928504000218624],[-77.240780000222159,38.928279999957788],[-77.240617000015547,38.928104000304913],[-77.240056000323975,38.927519000230504],[-77.239650000443106,38.927123999858907],[-77.239428999611874,38.926895999955953],[-77.239242999839007,38.926674000302683],[-77.238872000118249,38.926302999983129],[-77.238629000444007,38.926067999846929],[-77.238512000268145,38.925948000042176],[-77.238397999567013,38.925842000162255],[-77.238214000342325,38.925647000279348],[-77.237999000257147,38.925403000179813],[-77.237892000127033,38.925307000151214],[-77.237635000209096,38.925034000342613],[-77.237440000215415,38.924835000042876],[-77.236924999656296,38.924334000065102],[-77.236749999754124,38.924154000075482],[-77.236538999866909,38.923911999905449],[-77.236444000330678,38.923802000127068],[-77.236229000245515,38.923590000085852],[-77.235972000327564,38.92333599965724],[-77.235819999991605,38.923172000080527],[-77.235609999929309,38.92295800005428],[-77.235440000050005,38.922771000051533],[-77.235334999569702,38.922663000109424],[-77.235141000299265,38.922481999967282],[-77.235004000031907,38.922337999887361],[-77.234814000061107,38.922157999725904],[-77.23433600021022,38.921711999889851],[-77.233835999719716,38.921135999952348],[-77.233598999893246,38.920880000265207],[-77.233427000364131,38.920701000030888],[-77.233141000133855,38.920421999858405],[-77.232909000330253,38.920224000039966],[-77.23277999956052,38.920125000272961],[-77.232465999741152,38.919899999971207],[-77.23211400028697,38.919607000186133],[-77.231971000171825,38.919485999788314],[-77.231582000009411,38.919175999889767],[-77.2313569998785,38.918997000249199],[-77.231216000311505,38.918885999683035],[-77.230595000345488,38.918427999685171],[-77.23019199993935,38.918129999973154],[-77.229887000340838,38.917876000267349],[-77.229698000194944,38.917730999752486],[-77.229540999836118,38.91761000034932],[-77.229297000336956,38.917435999742587],[-77.229030000373257,38.917254000065434],[-77.228867000166645,38.917155000348401],[-77.22882299978572,38.917123000127972],[-77.228695999564096,38.917029999929547],[-77.228363000376476,38.916817999923452],[-77.228300999553895,38.916778000154586],[-77.228160999811806,38.916690999932989],[-77.227865000434107,38.916508999743009],[-77.227708999900202,38.916417000329645],[-77.227549000066617,38.91632200021759],[-77.226672000007568,38.91576999979474],[-77.226441000028885,38.915624999869344],[-77.226260000278913,38.915500999756034],[-77.226090000399594,38.91538400017189],[-77.225482999778976,38.914997999847465],[-77.225336000364194,38.914894000110877],[-77.225247999602331,38.914826000254486],[-77.22497399996594,38.914655999978891],[-77.224712999850041,38.914519999744812],[-77.223999999822524,38.914068000178112],[-77.223746000277615,38.913907000131999],[-77.223573000025254,38.913797999750145],[-77.223407000343883,38.913693000121796],[-77.222841999556053,38.913348999785306],[-77.222706999836845,38.913270000045571],[-77.222182000130289,38.912980999708871],[-77.221804999663433,38.912789999701467],[-77.221470999752583,38.912607999992034],[-77.221001000297619,38.912351000045355],[-77.220942999672999,38.912315000155331],[-77.220792999885148,38.912223999749941],[-77.220364000438082,38.911985999751074],[-77.219288000187376,38.911508000332304],[-77.218348000379152,38.911013999700103],[-77.218204000439087,38.910938000265496],[-77.218018999592843,38.910839999697224],[-77.217893999919383,38.910772999722965],[-77.217802999682775,38.910723000118317],[-77.217698000100796,38.910664999693957],[-77.21763399962839,38.91062999992112],[-77.217539999917065,38.910578999941663],[-77.217419000441538,38.910514000271064],[-77.217247000014098,38.910422000076345],[-77.217139000059063,38.910364000105048],[-77.216437999727106,38.909957000094131],[-77.216258999626959,38.909878000074059],[-77.21592899991407,38.90955400030176],[-77.215727000247711,38.909445999816057],[-77.215506000314775,38.90931500014544],[-77.215458999560781,38.909289000240776],[-77.215216999711458,38.909153000207816],[-77.214866999907088,38.90896400027929],[-77.214578000202081,38.908795999842674],[-77.2144660000491,38.908730999937418],[-77.213810999747878,38.908365000295262],[-77.21341099971481,38.90820599981118],[-77.213167000215648,38.908107999665127],[-77.212895000229096,38.908017999768489],[-77.212605999625765,38.90793499984035],[-77.212392000263833,38.907882000096542],[-77.212183999851362,38.907838999945589],[-77.211896999796195,38.907771999934866],[-77.211074000163805,38.907584000140815],[-77.210120000111857,38.907345999962644],[-77.209111999633251,38.907092999732427],[-77.208585000276869,38.906969999717496],[-77.208094999832085,38.90684900014277],[-77.207761999746168,38.906747999935419],[-77.207426000185492,38.906625000021769],[-77.207212999750183,38.906526000158102],[-77.206960999855099,38.906387000123658],[-77.206760000013645,38.906257999672135],[-77.20658199973839,38.906124999736107],[-77.206461000262891,38.90603300014439],[-77.206276000314958,38.905876999652413],[-77.205925999612276,38.905544000184385],[-77.205568000310308,38.905202999851433],[-77.205332000308744,38.904961000064731],[-77.20492999972754,38.904557000211994],[-77.204173000217409,38.903748999901275],[-77.203559999748975,38.903230999829262],[-77.203240999906754,38.902983999804349],[-77.202946000353961,38.9027880003392],[-77.202747000162319,38.902662999784255],[-77.201825999722331,38.902097000176937],[-77.201220999649863,38.90171999969634],[-77.200335000268282,38.9011559996774],[-77.199652000377966,38.900702000173332],[-77.198821000349682,38.900192000111097],[-77.197625000448397,38.899450000267244],[-77.197011999979978,38.899047000253624],[-77.196859999644005,38.898924000281347],[-77.196817999811202,38.89888599969553],[-77.19665700015274,38.898755000114122],[-77.195877000178058,38.898292999858867],[-77.194913999905282,38.897676999969761],[-77.194621000002314,38.897483000055928],[-77.193768000232694,38.896961999715053]]},"properties":{"NAME":"Leesburg Pike","BASENAME":"Leesburg","MTFCC":"S1200"}},{"type":"Feature","geometry":{"type":"LineString","coordinates":[[-77.193768000232694,38.896961999715053],[-77.194621000002314,38.897483000055928],[-77.194913999905282,38.897676999969761],[-77.195877000178058,38.898292999858867],[-77.19665700015274,38.898755000114122],[-77.196817999811202,38.89888599969553],[-77.196859999644005,38.898924000281347],[-77.197011999979978,38.899047000253624],[-77.197625000448397,38.899450000267244],[-77.198821000349682,38.900192000111097],[-77.199652000377966,38.900702000173332],[-77.200335000268282,38.9011559996774],[-77.201220999649863,38.90171999969634],[-77.201825999722331,38.902097000176937],[-77.202747000162319,38.902662999784255],[-77.202946000353961,38.9027880003392],[-77.203240999906754,38.902983999804349],[-77.203559999748975,38.903230999829262],[-77.204173000217409,38.903748999901275],[-77.20492999972754,38.904557000211994],[-77.205332000308744,38.904961000064731],[-77.205568000310308,38.905202999851433],[-77.205925999612276,38.905544000184385],[-77.206276000314958,38.905876999652413],[-77.206461000262891,38.90603300014439],[-77.20658199973839,38.906124999736107],[-77.206760000013645,38.906257999672135],[-77.206960999855099,38.906387000123658],[-77.207212999750183,38.906526000158102],[-77.207426000185492,38.906625000021769],[-77.207761999746168,38.906747999935419],[-77.208094999832085,38.90684900014277],[-77.208585000276869,38.906969999717496],[-77.209111999633251,38.907092999732427],[-77.210120000111857,38.907345999962644],[-77.211074000163805,38.907584000140815],[-77.211896999796195,38.907771999934866],[-77.212183999851362,38.907838999945589],[-77.212392000263833,38.907882000096542],[-77.212605999625765,38.90793499984035],[-77.212895000229096,38.908017999768489],[-77.213167000215648,38.908107999665127],[-77.21341099971481,38.90820599981118],[-77.213810999747878,38.908365000295262],[-77.2144660000491,38.908730999937418],[-77.214578000202081,38.908795999842674],[-77.214866999907088,38.90896400027929],[-77.215216999711458,38.909153000207816],[-77.215458999560781,38.909289000240776],[-77.215506000314775,38.90931500014544],[-77.215727000247711,38.909445999816057],[-77.21592899991407,38.90955400030176],[-77.216258999626959,38.909878000074059],[-77.216437999727106,38.909957000094131],[-77.217139000059063,38.910364000105048],[-77.217247000014098,38.910422000076345],[-77.217419000441538,38.910514000271064],[-77.217539999917065,38.910578999941663],[-77.21763399962839,38.91062999992112],[-77.217698000100796,38.910664999693957],[-77.217802999682775,38.910723000118317],[-77.217893999919383,38.910772999722965],[-77.218018999592843,38.910839999697224],[-77.218204000439087,38.910938000265496],[-77.218348000379152,38.911013999700103],[-77.219288000187376,38.911508000332304],[-77.220364000438082,38.911985999751074],[-77.220792999885148,38.912223999749941],[-77.220942999672999,38.912315000155331],[-77.221001000297619,38.912351000045355],[-77.221470999752583,38.912607999992034],[-77.221804999663433,38.912789999701467],[-77.222182000130289,38.912980999708871],[-77.222706999836845,38.913270000045571],[-77.222841999556053,38.913348999785306],[-77.223407000343883,38.913693000121796],[-77.223573000025254,38.913797999750145],[-77.223746000277615,38.913907000131999],[-77.223999999822524,38.914068000178112],[-77.224712999850041,38.914519999744812],[-77.22497399996594,38.914655999978891],[-77.225247999602331,38.914826000254486],[-77.225336000364194,38.914894000110877],[-77.225482999778976,38.914997999847465],[-77.226090000399594,38.91538400017189],[-77.226260000278913,38.915500999756034],[-77.226441000028885,38.915624999869344],[-77.226672000007568,38.91576999979474],[-77.227549000066617,38.91632200021759],[-77.227708999900202,38.916417000329645],[-77.227865000434107,38.916508999743009],[-77.228160999811806,38.916690999932989],[-77.228300999553895,38.916778000154586],[-77.228363000376476,38.916817999923452],[-77.228695999564096,38.917029999929547],[-77.22882299978572,38.917123000127972],[-77.228867000166645,38.917155000348401],[-77.229030000373257,38.917254000065434],[-77.229297000336956,38.917435999742587],[-77.229540999836118,38.91761000034932],[-77.229698000194944,38.917730999752486],[-77.229887000340838,38.917876000267349],[-77.23019199993935,38.918129999973154],[-77.230595000345488,38.918427999685171],[-77.231216000311505,38.918885999683035],[-77.2313569998785,38.918997000249199],[-77.231582000009411,38.919175999889767],[-77.231971000171825,38.919485999788314],[-77.23211400028697,38.919607000186133],[-77.232465999741152,38.919899999971207],[-77.23277999956052,38.920125000272961],[-77.232909000330253,38.920224000039966],[-77.233141000133855,38.920421999858405],[-77.233427000364131,38.920701000030888],[-77.233598999893246,38.920880000265207],[-77.233835999719716,38.921135999952348],[-77.23433600021022,38.921711999889851],[-77.234814000061107,38.922157999725904],[-77.235004000031907,38.922337999887361],[-77.235141000299265,38.922481999967282],[-77.235334999569702,38.922663000109424],[-77.235440000050005,38.922771000051533],[-77.235609999929309,38.92295800005428],[-77.235819999991605,38.923172000080527],[-77.235972000327564,38.92333599965724],[-77.236229000245515,38.923590000085852],[-77.236444000330678,38.923802000127068],[-77.236538999866909,38.923911999905449],[-77.236749999754124,38.924154000075482],[-77.236924999656296,38.924334000065102],[-77.237440000215415,38.924835000042876],[-77.237635000209096,38.925034000342613],[-77.237892000127033,38.925307000151214],[-77.237999000257147,38.925403000179813],[-77.238214000342325,38.925647000279348],[-77.238397999567013,38.925842000162255],[-77.238512000268145,38.925948000042176],[-77.238629000444007,38.926067999846929],[-77.238872000118249,38.926302999983129],[-77.239242999839007,38.926674000302683],[-77.239428999611874,38.926895999955953],[-77.239650000443106,38.927123999858907],[-77.240056000323975,38.927519000230504],[-77.240617000015547,38.928104000304913],[-77.240780000222159,38.928279999957788],[-77.241000000330175,38.928504000218624],[-77.241283000187394,38.928807999790656],[-77.241571000067495,38.929096999961935],[-77.24173099990108,38.929269999914553],[-77.24201200010846,38.929529000097133],[-77.242433000057929,38.929962999699512],[-77.242575000348154,38.930120999658662],[-77.242922999604389,38.930498000235808],[-77.244555000422082,38.932166000215638],[-77.244695000164171,38.932315999719187],[-77.244834999906246,38.932466000303108],[-77.245236999589153,38.932868999955993],[-77.245706000117522,38.933349000039904],[-77.246310000365114,38.93396699981875],[-77.246471999848495,38.934133000178363],[-77.246674000413179,38.93434099970159],[-77.246825000025922,38.934494999943283],[-77.247072999723031,38.934751000113238],[-77.247208000340564,38.934868999836766],[-77.247619000244299,38.935288999948064],[-77.247693999689048,38.935360000231888],[-77.247981999569134,38.935628999746989],[-77.248005000033672,38.935684000270342],[-77.248641000068318,38.936336999654024],[-77.24868000042639,38.936389999807808],[-77.248697000144801,38.936427999880543],[-77.249149999881325,38.936881000153413],[-77.249307000240179,38.937042999678098],[-77.249701000425475,38.937427999660201],[-77.250832000029433,38.938592999832075],[-77.251914000127897,38.939699000116718],[-77.252147999581325,38.939937999949564],[-77.25227300015311,38.940052999850984],[-77.253160000257893,38.940956999707424],[-77.253255999619043,38.941077999816073],[-77.253637000283874,38.941463000248874],[-77.255094000301057,38.942948000201824],[-77.255516999900379,38.943375000053138],[-77.257327000094989,38.945201000287597],[-77.257402000438063,38.945277000051512],[-77.25769299979288,38.945553000237254],[-77.258434000307815,38.94628900013705],[-77.259107000152383,38.946957000280975],[-77.259232999650763,38.947081999667319],[-77.25933200028328,38.947179999780992],[-77.259585000003256,38.94743700002023],[-77.259939999830507,38.947797999886362],[-77.260322000320244,38.948180000225641],[-77.261247999884773,38.949103000334702],[-77.26172800028381,38.949538999760357],[-77.261874999698577,38.949671000339478],[-77.262196000088935,38.949920999799382],[-77.262802999811271,38.950360000319336],[-77.263500999770173,38.950804000148374],[-77.264361999935716,38.95135099982712],[-77.264736999854435,38.951588000110299],[-77.266486999774585,38.952692999888754],[-77.266860000043494,38.952929000198957],[-77.268688999606368,38.954108000081796],[-77.269336000409965,38.954520000067625],[-77.270363000256864,38.95518499985112],[-77.271542000439709,38.955937999710528],[-77.272498000141482,38.956551999697453],[-77.274673000209077,38.958017999821905],[-77.275633000108812,38.958730999753953],[-77.276558999673369,38.959402000145907],[-77.276884000261688,38.959624000025983],[-77.278168999851417,38.960590000222247],[-77.279165999561087,38.96131900004368],[-77.279461999837096,38.961500000255114],[-77.279618000371016,38.961612000042429],[-77.280374999881175,38.962142000139721],[-77.281827999700397,38.963220999803326],[-77.28208799999139,38.963410999998743],[-77.283138000302813,38.964170999875883],[-77.283447999924206,38.964380000193877],[-77.283637999895006,38.964492999831606],[-77.283791000055899,38.96457499973404],[-77.284171999822391,38.964767999717566],[-77.28431099973956,38.964831999758857],[-77.285223999783639,38.965158000316016],[-77.285581999983918,38.965281000027169],[-77.286002000108482,38.965432999715944],[-77.286819999718006,38.965726000162448],[-77.287798999884302,38.966075000280917],[-77.287860999808601,38.966094999887424],[-77.287921999907951,38.966116999867069],[-77.28996999975395,38.966842000073392],[-77.291410999877613,38.967357999848709],[-77.292166999562852,38.967639000097407],[-77.292409000310499,38.967723999652293],[-77.292600999931125,38.967799000243012],[-77.29285200000129,38.967901999770177],[-77.293591999792994,38.968246999705975],[-77.296403999720127,38.969832999980767],[-77.296499000154697,38.969886999672333],[-77.297681999637177,38.970547999997805],[-77.298288000432905,38.970916000323832],[-77.300968000115574,38.972432000201479],[-77.302061999909597,38.973054999849843],[-77.302919999702084,38.973537999768645],[-77.303756999578169,38.974017999651792],[-77.303983000432297,38.974130999977653],[-77.304534000078121,38.974392999915786],[-77.304964000248418,38.97456500031312],[-77.305678000100869,38.974818000142427],[-77.307080999691394,38.975225000218231],[-77.310179999673707,38.976107000164355],[-77.313047999677337,38.976937999846918],[-77.314123999928029,38.977314000043513],[-77.315140999729181,38.977777999777693],[-77.315955000039054,38.978195999809572],[-77.316410000323714,38.978435999735218],[-77.31687099955785,38.978688999701426],[-77.317062000251866,38.978789000120557],[-77.317587999783328,38.979123000036004],[-77.318095999771444,38.979483999795391],[-77.318623999851042,38.979891000288134],[-77.318834999738257,38.980084999732256],[-77.319229999748458,38.98043300034039],[-77.319577000078084,38.980764000234743],[-77.319900999943201,38.981122000074741],[-77.320352999854805,38.981670000298955],[-77.320805999591329,38.982291999718626],[-77.322132999912185,38.984223000015838],[-77.322525000447669,38.984745999730237],[-77.322829000221276,38.985152000079594],[-77.323052999628956,38.985419000022297],[-77.323298999676254,38.985665999995696],[-77.323583000256704,38.985941999978351],[-77.323850000220389,38.986181000275408],[-77.324082000023978,38.986379000252157],[-77.324441000049191,38.986643999957494],[-77.324575999768399,38.986747999905411],[-77.324743000172973,38.986861000165725],[-77.32495499988508,38.986998999707637],[-77.32576099979903,38.98746699976337],[-77.326461000306068,38.987871999986332],[-77.327935999866611,38.98871799998966],[-77.328152999601599,38.988840999980198],[-77.328706999620465,38.989159000037958],[-77.329356999898806,38.989546000110956],[-77.329546000044687,38.989663000219807],[-77.330275999790658,38.990197999829071],[-77.330476999632111,38.990375000168122],[-77.330834000007485,38.99065800024033],[-77.33239200030701,38.991872000101559],[-77.333234000205977,38.992528000000995],[-77.334923999851682,38.993724000023143],[-77.335533999947046,38.99413600000404],[-77.336265000416233,38.994648000040534],[-77.33638000004396,38.994727999668015],[-77.336873999788367,38.995099999819658],[-77.337217999744965,38.99536300013574],[-77.338083999933346,38.995948000235195],[-77.338444999608384,38.996196999998922],[-77.339521999683981,38.996942000110273],[-77.34041800000962,38.997594999857135],[-77.341464999947988,38.998324999706092],[-77.342593999902121,38.999114000161292],[-77.343321000173347,38.999615999830908],[-77.343784999780524,38.999906000030677],[-77.345236999774855,39.000640999678708],[-77.345341000430267,39.000693999910077],[-77.345973000266909,39.00101199976617],[-77.349977999722299,39.003001999687982],[-77.353147999849725,39.004746999923938],[-77.354034000129616,39.005239000256545],[-77.355242999551379,39.005909000166994],[-77.3561740000371,39.006443000195993],[-77.357834000443901,39.00739299980436],[-77.359293999935829,39.008227999865674],[-77.360216000200722,39.008732999942936],[-77.360356999767745,39.008810999829684],[-77.361450999561768,39.009415999663737],[-77.363420999589934,39.010504999865873],[-77.363757000048921,39.010693999970229],[-77.363889000293398,39.010760999756648],[-77.364003999921124,39.010853000287277],[-77.367748000158926,39.012818999910834],[-77.368566999593341,39.013180000217076],[-77.368657999829935,39.013224000225101],[-77.369409000390604,39.013605000006272],[-77.370372999589989,39.014093000008849],[-77.370617999812382,39.014222999924961],[-77.370785000216941,39.014312000218283],[-77.37080100011049,39.014322000189345],[-77.370909999890429,39.014379000067208],[-77.371103000234271,39.014479999823642]]},"properties":{"NAME":"State Rte 7","BASENAME":"7","MTFCC":"S1200"}},{"type":"Feature","geometry":{"type":"LineString","coordinates":[[-77.215856999944052,38.921741999904114],[-77.215919999693241,38.921715999659526],[-77.216082999899854,38.921650000286157],[-77.216165999740525,38.921616999877564],[-77.216350999688459,38.921542000035537],[-77.216579000192411,38.921450000158252],[-77.216641999941601,38.921423999806713],[-77.216718999934486,38.921393999657987],[-77.216816999843786,38.921354999795163],[-77.218140999791572,38.920814000114262],[-77.218359000249791,38.920724000254175],[-77.218856000367254,38.920550000294185],[-77.219237000133759,38.920418000015836],[-77.219400000340386,38.920368000216854],[-77.220326999729835,38.920219000047965],[-77.221238000124075,38.920170000247722],[-77.221695000058574,38.920156999838596],[-77.222890999959859,38.920094000134],[-77.223063000387313,38.920080999710954],[-77.22344699962855,38.9200740001273],[-77.223617000406179,38.920057999978162],[-77.223802000354112,38.920025999668951],[-77.224624000161583,38.919937000349414],[-77.225018000346864,38.91988600006863],[-77.226225999943736,38.919716000032828],[-77.22677300028991,38.919656999822436],[-77.227309999692025,38.91958499974794],[-77.227681000311108,38.919524999979501],[-77.227882000152547,38.919493000128902],[-77.228421999927718,38.919397999941275],[-77.228867000166645,38.919332999960346],[-77.229006000083814,38.919307999682999],[-77.229559000277774,38.919232000043827],[-77.229836000287207,38.919188000325889],[-77.230001000143645,38.919166999910836],[-77.230513000329722,38.919069000221398],[-77.230915999837535,38.918966999773311],[-77.231216000311505,38.918885999683035],[-77.231354000403783,38.918846999839523],[-77.231403999734184,38.91882899979705],[-77.23162800004016,38.918761000216477],[-77.231961000126091,38.918622999839585],[-77.232202999975428,38.918513000248481],[-77.232419999710402,38.918422000102012],[-77.232807000223019,38.918232000226546],[-77.233023000133073,38.918115000252442],[-77.233242000416197,38.917983999807589],[-77.233382999983178,38.917888999696494],[-77.23392699995631,38.917617000175973],[-77.234203999965757,38.917479999847927],[-77.234578000059571,38.917321000212119],[-77.235399000042122,38.917029999929547],[-77.235527999913558,38.916989000096429],[-77.235645000089406,38.916948000239678],[-77.23578900002947,38.916891999680999],[-77.235866999847261,38.916865000269567],[-77.236259000382759,38.916730000262405],[-77.236841999815624,38.916533000117397],[-77.237358000199649,38.91631999983133],[-77.239014000408488,38.915763999986865],[-77.239780000139447,38.91547099989895],[-77.240477000273444,38.915202000124779],[-77.240991999934266,38.914989000037608],[-77.241155000140878,38.914921999786145],[-77.241672000349837,38.914686000180438],[-77.243283000352818,38.913969999737688],[-77.243389999584622,38.913923000270138],[-77.244027000342484,38.91361700006091],[-77.244502999645221,38.913392000093303],[-77.245285000168053,38.913027000259653],[-77.24549600005524,38.912937999850861],[-77.245716999988176,38.912835000133754],[-77.246703999652084,38.91238800016577],[-77.246819000178149,38.912337000051473],[-77.247401999611014,38.91207199989563],[-77.249282000125817,38.911218999810963],[-77.249674999587896,38.911037000267136],[-77.250074999620992,38.910868999843828]]},"properties":{"NAME":"Chain Bridge Rd","BASENAME":"Chain Bridge","MTFCC":"S1200"}},{"type":"Feature","geometry":{"type":"LineString","coordinates":[[-77.246905000391877,38.912450000173102],[-77.247932000238748,38.911974999749489],[-77.24938500005797,38.911302000093229],[-77.249740999710127,38.911147999829367],[-77.24998599993252,38.911039999671928],[-77.250252999896205,38.910935999727421],[-77.250560000042867,38.910840999967625],[-77.250893999953703,38.910769000035486],[-77.251411000162662,38.910695000184511],[-77.252098000250911,38.910578999941663],[-77.253001000249256,38.91045199997059],[-77.253760000307523,38.910344000152179],[-77.253941999882414,38.910314000212288],[-77.254162999815335,38.910253000015793],[-77.25446099974117,38.910139999891427],[-77.254649000062159,38.910034999744589],[-77.254666999605504,38.910017000262997],[-77.254691999719867,38.909990999916452],[-77.254844999880731,38.909825999968568]]},"properties":{"NAME":"Maple Ave E","BASENAME":"Maple","MTFCC":"S1200"}}]}